TS,main (1)
MC,caller=SYSTEM,target=Main#main:1
NO,object=java.lang.String[]:1
VW,context=Main#main:1,args=java.lang.String[]:1
VW,context=Main#main:1,sc=java.util.Scanner (id=47)
VW,context=Main#main:1,a=8
VW,context=Main#main:1,b=7
VW,context=Main#main:1,c=9
VW,context=Main#main:1,d=9
MC,caller=Main#main:1,target=Main#f:1
VW,context=Main#f:1,k=10
VW,context=Main#f:1,a=8
VW,context=Main#f:1,b=7
VW,context=Main#f:1,c=9
VW,context=Main#f:1,d=9
MC,caller=Main#f:1,target=Main#check:1
VW,context=Main#check:1,k=10
VW,context=Main#check:1,a=8
VW,context=Main#check:1,b=7
VW,context=Main#check:1,c=9
VW,context=Main#check:1,d=9
MC,caller=Main#check:1,target=Main#f:1
VW,context=Main#f:1,a=8
VW,context=Main#f:1,b=7
VW,context=Main#f:1,c=9
VW,context=Main#f:1,k=1
MC,caller=Main#f:1,target=Main#check:1
VW,context=Main#check:1,a=8
VW,context=Main#check:1,b=7
VW,context=Main#check:1,c=9
VW,context=Main#check:1,k=1
MC,caller=Main#check:1,target=Main#check:1
VW,context=Main#check:1,a=8
VW,context=Main#check:1,b=7
VW,context=Main#check:1,k=-8
VW,context=Main#check:1,result=null
ME,returner=Main#check:1,value=null
VW,context=Main#check:1,str=null
MC,caller=Main#check:1,target=Main#check:2
VW,context=Main#check:2,a=8
VW,context=Main#check:2,b=7
VW,context=Main#check:2,k=10
VW,context=Main#check:2,result=null
ME,returner=Main#check:2,value=null
MC,caller=Main#check:1,target=Main#check:3
VW,context=Main#check:3,a=8
VW,context=Main#check:3,b=7
VW,context=Main#check:3,k=8
VW,context=Main#check:3,result=null
ME,returner=Main#check:3,value=null
VW,context=Main#check:1,result=null
ME,returner=Main#check:1,value=null
VW,context=Main#f:1,str=null
MC,caller=Main#f:1,target=Main#check:2
VW,context=Main#check:2,a=7
VW,context=Main#check:2,b=9
VW,context=Main#check:2,c=8
VW,context=Main#check:2,k=1
MC,caller=Main#check:2,target=Main#check:4
VW,context=Main#check:4,a=7
VW,context=Main#check:4,b=9
VW,context=Main#check:4,k=-7
VW,context=Main#check:4,result=null
ME,returner=Main#check:4,value=null
VW,context=Main#check:2,str=null
MC,caller=Main#check:2,target=Main#check:5
VW,context=Main#check:5,a=7
VW,context=Main#check:5,b=9
VW,context=Main#check:5,k=9
VW,context=Main#check:5,result=null
ME,returner=Main#check:5,value=null
MC,caller=Main#check:2,target=Main#check:6
VW,context=Main#check:6,a=7
VW,context=Main#check:6,b=9
VW,context=Main#check:6,k=7
VW,context=Main#check:6,result=null
ME,returner=Main#check:6,value=null
VW,context=Main#check:2,result=null
ME,returner=Main#check:2,value=null
MC,caller=Main#f:1,target=Main#check:3
VW,context=Main#check:3,a=9
VW,context=Main#check:3,b=8
VW,context=Main#check:3,c=7
VW,context=Main#check:3,k=1
MC,caller=Main#check:3,target=Main#check:7
VW,context=Main#check:7,a=9
VW,context=Main#check:7,b=8
VW,context=Main#check:7,k=-6
VW,context=Main#check:7,result=null
ME,returner=Main#check:7,value=null
VW,context=Main#check:3,str=null
MC,caller=Main#check:3,target=Main#check:8
VW,context=Main#check:8,a=9
VW,context=Main#check:8,b=8
VW,context=Main#check:8,k=8
VW,context=Main#check:8,result=null
ME,returner=Main#check:8,value=null
MC,caller=Main#check:3,target=Main#check:9
VW,context=Main#check:9,a=9
VW,context=Main#check:9,b=8
VW,context=Main#check:9,k=6
VW,context=Main#check:9,result=null
ME,returner=Main#check:9,value=null
VW,context=Main#check:3,result=null
ME,returner=Main#check:3,value=null
VW,context=Main#f:1,result=null
ME,returner=Main#f:1,value=null
VW,context=Main#check:1,str=null
MC,caller=Main#check:1,target=Main#f:2
VW,context=Main#f:2,a=8
VW,context=Main#f:2,b=7
VW,context=Main#f:2,c=9
VW,context=Main#f:2,k=19
MC,caller=Main#f:2,target=Main#check:4
VW,context=Main#check:4,a=8
VW,context=Main#check:4,b=7
VW,context=Main#check:4,c=9
VW,context=Main#check:4,k=19
MC,caller=Main#check:4,target=Main#check:10
VW,context=Main#check:10,a=8
VW,context=Main#check:10,b=7
VW,context=Main#check:10,k=10
VW,context=Main#check:10,result=null
ME,returner=Main#check:10,value=null
VW,context=Main#check:4,str=null
MC,caller=Main#check:4,target=Main#check:11
VW,context=Main#check:11,a=8
VW,context=Main#check:11,b=7
VW,context=Main#check:11,k=28
VW,context=Main#check:11,result=null
ME,returner=Main#check:11,value=null
MC,caller=Main#check:4,target=Main#check:12
VW,context=Main#check:12,a=8
VW,context=Main#check:12,b=7
VW,context=Main#check:12,k=-10
VW,context=Main#check:12,result=null
ME,returner=Main#check:12,value=null
VW,context=Main#check:4,result=null
ME,returner=Main#check:4,value=null
VW,context=Main#f:2,str=null
MC,caller=Main#f:2,target=Main#check:5
VW,context=Main#check:5,a=7
VW,context=Main#check:5,b=9
VW,context=Main#check:5,c=8
VW,context=Main#check:5,k=19
MC,caller=Main#check:5,target=Main#check:13
VW,context=Main#check:13,a=7
VW,context=Main#check:13,b=9
VW,context=Main#check:13,k=11
VW,context=Main#check:13,result=null
ME,returner=Main#check:13,value=null
VW,context=Main#check:5,str=null
MC,caller=Main#check:5,target=Main#check:14
VW,context=Main#check:14,a=7
VW,context=Main#check:14,b=9
VW,context=Main#check:14,k=27
VW,context=Main#check:14,result=null
ME,returner=Main#check:14,value=null
MC,caller=Main#check:5,target=Main#check:15
VW,context=Main#check:15,a=7
VW,context=Main#check:15,b=9
VW,context=Main#check:15,k=-11
VW,context=Main#check:15,result=null
ME,returner=Main#check:15,value=null
VW,context=Main#check:5,result=null
ME,returner=Main#check:5,value=null
MC,caller=Main#f:2,target=Main#check:6
VW,context=Main#check:6,a=9
VW,context=Main#check:6,b=8
VW,context=Main#check:6,c=7
VW,context=Main#check:6,k=19
MC,caller=Main#check:6,target=Main#check:16
VW,context=Main#check:16,a=9
VW,context=Main#check:16,b=8
VW,context=Main#check:16,k=12
VW,context=Main#check:16,result=null
ME,returner=Main#check:16,value=null
VW,context=Main#check:6,str=null
MC,caller=Main#check:6,target=Main#check:17
VW,context=Main#check:17,a=9
VW,context=Main#check:17,b=8
VW,context=Main#check:17,k=26
VW,context=Main#check:17,result=null
ME,returner=Main#check:17,value=null
MC,caller=Main#check:6,target=Main#check:18
VW,context=Main#check:18,a=9
VW,context=Main#check:18,b=8
VW,context=Main#check:18,k=-12
VW,context=Main#check:18,result=null
ME,returner=Main#check:18,value=null
VW,context=Main#check:6,result=null
ME,returner=Main#check:6,value=null
VW,context=Main#f:2,result=null
ME,returner=Main#f:2,value=null
MC,caller=Main#check:1,target=Main#f:3
VW,context=Main#f:3,a=8
VW,context=Main#f:3,b=7
VW,context=Main#f:3,c=9
VW,context=Main#f:3,k=-1
MC,caller=Main#f:3,target=Main#check:7
VW,context=Main#check:7,a=8
VW,context=Main#check:7,b=7
VW,context=Main#check:7,c=9
VW,context=Main#check:7,k=-1
MC,caller=Main#check:7,target=Main#check:19
VW,context=Main#check:19,a=8
VW,context=Main#check:19,b=7
VW,context=Main#check:19,k=-10
VW,context=Main#check:19,result=null
ME,returner=Main#check:19,value=null
VW,context=Main#check:7,str=null
MC,caller=Main#check:7,target=Main#check:20
VW,context=Main#check:20,a=8
VW,context=Main#check:20,b=7
VW,context=Main#check:20,k=8
VW,context=Main#check:20,result=null
ME,returner=Main#check:20,value=null
MC,caller=Main#check:7,target=Main#check:21
VW,context=Main#check:21,a=8
VW,context=Main#check:21,b=7
VW,context=Main#check:21,k=10
VW,context=Main#check:21,result=null
ME,returner=Main#check:21,value=null
VW,context=Main#check:7,result=null
ME,returner=Main#check:7,value=null
VW,context=Main#f:3,str=null
MC,caller=Main#f:3,target=Main#check:8
VW,context=Main#check:8,a=7
VW,context=Main#check:8,b=9
VW,context=Main#check:8,c=8
VW,context=Main#check:8,k=-1
MC,caller=Main#check:8,target=Main#check:22
VW,context=Main#check:22,a=7
VW,context=Main#check:22,b=9
VW,context=Main#check:22,k=-9
VW,context=Main#check:22,result=null
ME,returner=Main#check:22,value=null
VW,context=Main#check:8,str=null
MC,caller=Main#check:8,target=Main#check:23
VW,context=Main#check:23,a=7
VW,context=Main#check:23,b=9
VW,context=Main#check:23,k=7
VW,context=Main#check:23,result=null
ME,returner=Main#check:23,value=null
MC,caller=Main#check:8,target=Main#check:24
VW,context=Main#check:24,a=7
VW,context=Main#check:24,b=9
VW,context=Main#check:24,k=9
VW,context=Main#check:24,result=null
ME,returner=Main#check:24,value=null
VW,context=Main#check:8,result=null
ME,returner=Main#check:8,value=null
MC,caller=Main#f:3,target=Main#check:9
VW,context=Main#check:9,a=9
VW,context=Main#check:9,b=8
VW,context=Main#check:9,c=7
VW,context=Main#check:9,k=-1
MC,caller=Main#check:9,target=Main#check:25
VW,context=Main#check:25,a=9
VW,context=Main#check:25,b=8
VW,context=Main#check:25,k=-8
VW,context=Main#check:25,result=null
ME,returner=Main#check:25,value=null
VW,context=Main#check:9,str=null
MC,caller=Main#check:9,target=Main#check:26
VW,context=Main#check:26,a=9
VW,context=Main#check:26,b=8
VW,context=Main#check:26,k=6
VW,context=Main#check:26,result=null
ME,returner=Main#check:26,value=null
MC,caller=Main#check:9,target=Main#check:27
VW,context=Main#check:27,a=9
VW,context=Main#check:27,b=8
VW,context=Main#check:27,k=8
VW,context=Main#check:27,result=null
ME,returner=Main#check:27,value=null
VW,context=Main#check:9,result=null
ME,returner=Main#check:9,value=null
VW,context=Main#f:3,result=null
ME,returner=Main#f:3,value=null
VW,context=Main#check:1,result=null
ME,returner=Main#check:1,value=null
VW,context=Main#f:1,str=null
MC,caller=Main#f:1,target=Main#check:2
VW,context=Main#check:2,k=10
VW,context=Main#check:2,a=7
VW,context=Main#check:2,b=9
VW,context=Main#check:2,c=9
VW,context=Main#check:2,d=8
MC,caller=Main#check:2,target=Main#f:4
VW,context=Main#f:4,a=7
VW,context=Main#f:4,b=9
VW,context=Main#f:4,c=9
VW,context=Main#f:4,k=2
MC,caller=Main#f:4,target=Main#check:10
VW,context=Main#check:10,a=7
VW,context=Main#check:10,b=9
VW,context=Main#check:10,c=9
VW,context=Main#check:10,k=2
MC,caller=Main#check:10,target=Main#check:28
VW,context=Main#check:28,a=7
VW,context=Main#check:28,b=9
VW,context=Main#check:28,k=-7
VW,context=Main#check:28,result=null
ME,returner=Main#check:28,value=null
VW,context=Main#check:10,str=null
MC,caller=Main#check:10,target=Main#check:29
VW,context=Main#check:29,a=7
VW,context=Main#check:29,b=9
VW,context=Main#check:29,k=11
VW,context=Main#check:29,result=null
ME,returner=Main#check:29,value=null
MC,caller=Main#check:10,target=Main#check:30
VW,context=Main#check:30,a=7
VW,context=Main#check:30,b=9
VW,context=Main#check:30,k=7
VW,context=Main#check:30,result=null
ME,returner=Main#check:30,value=null
VW,context=Main#check:10,result=null
ME,returner=Main#check:10,value=null
VW,context=Main#f:4,str=null
MC,caller=Main#f:4,target=Main#check:11
VW,context=Main#check:11,a=9
VW,context=Main#check:11,b=9
VW,context=Main#check:11,c=7
VW,context=Main#check:11,k=2
MC,caller=Main#check:11,target=Main#check:31
VW,context=Main#check:31,a=9
VW,context=Main#check:31,b=9
VW,context=Main#check:31,k=-5
VW,context=Main#check:31,result=null
ME,returner=Main#check:31,value=null
VW,context=Main#check:11,str=null
MC,caller=Main#check:11,target=Main#check:32
VW,context=Main#check:32,a=9
VW,context=Main#check:32,b=9
VW,context=Main#check:32,k=9
VW,context=Main#check:32,result=null
ME,returner=Main#check:32,value=null
MC,caller=Main#check:11,target=Main#check:33
VW,context=Main#check:33,a=9
VW,context=Main#check:33,b=9
VW,context=Main#check:33,k=5
VW,context=Main#check:33,result=null
ME,returner=Main#check:33,value=null
VW,context=Main#check:11,result=null
ME,returner=Main#check:11,value=null
MC,caller=Main#f:4,target=Main#check:12
VW,context=Main#check:12,a=9
VW,context=Main#check:12,b=7
VW,context=Main#check:12,c=9
VW,context=Main#check:12,k=2
MC,caller=Main#check:12,target=Main#check:34
VW,context=Main#check:34,a=9
VW,context=Main#check:34,b=7
VW,context=Main#check:34,k=-7
VW,context=Main#check:34,result=null
ME,returner=Main#check:34,value=null
VW,context=Main#check:12,str=null
MC,caller=Main#check:12,target=Main#check:35
VW,context=Main#check:35,a=9
VW,context=Main#check:35,b=7
VW,context=Main#check:35,k=11
VW,context=Main#check:35,result=null
ME,returner=Main#check:35,value=null
MC,caller=Main#check:12,target=Main#check:36
VW,context=Main#check:36,a=9
VW,context=Main#check:36,b=7
VW,context=Main#check:36,k=7
VW,context=Main#check:36,result=null
ME,returner=Main#check:36,value=null
VW,context=Main#check:12,result=null
ME,returner=Main#check:12,value=null
VW,context=Main#f:4,result=null
ME,returner=Main#f:4,value=null
VW,context=Main#check:2,str=null
MC,caller=Main#check:2,target=Main#f:5
VW,context=Main#f:5,a=7
VW,context=Main#f:5,b=9
VW,context=Main#f:5,c=9
VW,context=Main#f:5,k=18
MC,caller=Main#f:5,target=Main#check:13
VW,context=Main#check:13,a=7
VW,context=Main#check:13,b=9
VW,context=Main#check:13,c=9
VW,context=Main#check:13,k=18
MC,caller=Main#check:13,target=Main#check:37
VW,context=Main#check:37,a=7
VW,context=Main#check:37,b=9
VW,context=Main#check:37,k=9
VW,context=Main#check:37,result=null
ME,returner=Main#check:37,value=null
VW,context=Main#check:13,str=null
MC,caller=Main#check:13,target=Main#check:38
VW,context=Main#check:38,a=7
VW,context=Main#check:38,b=9
VW,context=Main#check:38,k=27
VW,context=Main#check:38,result=null
ME,returner=Main#check:38,value=null
MC,caller=Main#check:13,target=Main#check:39
VW,context=Main#check:39,a=7
VW,context=Main#check:39,b=9
VW,context=Main#check:39,k=-9
VW,context=Main#check:39,result=null
ME,returner=Main#check:39,value=null
MC,caller=Main#check:13,target=Main#check:40
VW,context=Main#check:40,a=7
VW,context=Main#check:40,b=9
VW,context=Main#check:40,k=2
VW,context=Main#check:40,result=(9 - 7)
ME,returner=Main#check:40,value=(9 - 7)
VW,context=Main#check:13,str=(9 - 7)
VW,context=Main#check:13,result=((9 - 7) * 9)
ME,returner=Main#check:13,value=((9 - 7) * 9)
VW,context=Main#f:5,str=((9 - 7) * 9)
VW,context=Main#f:5,result=((9 - 7) * 9)
ME,returner=Main#f:5,value=((9 - 7) * 9)
VW,context=Main#check:2,str=((9 - 7) * 9)
VW,context=Main#check:2,result=(((9 - 7) * 9) - 8)
ME,returner=Main#check:2,value=(((9 - 7) * 9) - 8)
VW,context=Main#f:1,str=(((9 - 7) * 9) - 8)
VW,context=Main#f:1,result=(((9 - 7) * 9) - 8)
ME,returner=Main#f:1,value=(((9 - 7) * 9) - 8)
VW,context=Main#main:1,a=4
VW,context=Main#main:1,b=4
VW,context=Main#main:1,c=4
VW,context=Main#main:1,d=4
MC,caller=Main#main:1,target=Main#f:2
VW,context=Main#f:2,k=10
VW,context=Main#f:2,a=4
VW,context=Main#f:2,b=4
VW,context=Main#f:2,c=4
VW,context=Main#f:2,d=4
MC,caller=Main#f:2,target=Main#check:3
VW,context=Main#check:3,k=10
VW,context=Main#check:3,a=4
VW,context=Main#check:3,b=4
VW,context=Main#check:3,c=4
VW,context=Main#check:3,d=4
MC,caller=Main#check:3,target=Main#f:6
VW,context=Main#f:6,a=4
VW,context=Main#f:6,b=4
VW,context=Main#f:6,c=4
VW,context=Main#f:6,k=6
MC,caller=Main#f:6,target=Main#check:14
VW,context=Main#check:14,a=4
VW,context=Main#check:14,b=4
VW,context=Main#check:14,c=4
VW,context=Main#check:14,k=6
MC,caller=Main#check:14,target=Main#check:41
VW,context=Main#check:41,a=4
VW,context=Main#check:41,b=4
VW,context=Main#check:41,k=2
VW,context=Main#check:41,result=null
ME,returner=Main#check:41,value=null
VW,context=Main#check:14,str=null
MC,caller=Main#check:14,target=Main#check:42
VW,context=Main#check:42,a=4
VW,context=Main#check:42,b=4
VW,context=Main#check:42,k=10
VW,context=Main#check:42,result=null
ME,returner=Main#check:42,value=null
MC,caller=Main#check:14,target=Main#check:43
VW,context=Main#check:43,a=4
VW,context=Main#check:43,b=4
VW,context=Main#check:43,k=-2
VW,context=Main#check:43,result=null
ME,returner=Main#check:43,value=null
VW,context=Main#check:14,result=null
ME,returner=Main#check:14,value=null
VW,context=Main#f:6,str=null
MC,caller=Main#f:6,target=Main#check:15
VW,context=Main#check:15,a=4
VW,context=Main#check:15,b=4
VW,context=Main#check:15,c=4
VW,context=Main#check:15,k=6
MC,caller=Main#check:15,target=Main#check:44
VW,context=Main#check:44,a=4
VW,context=Main#check:44,b=4
VW,context=Main#check:44,k=2
VW,context=Main#check:44,result=null
ME,returner=Main#check:44,value=null
VW,context=Main#check:15,str=null
MC,caller=Main#check:15,target=Main#check:45
VW,context=Main#check:45,a=4
VW,context=Main#check:45,b=4
VW,context=Main#check:45,k=10
VW,context=Main#check:45,result=null
ME,returner=Main#check:45,value=null
MC,caller=Main#check:15,target=Main#check:46
VW,context=Main#check:46,a=4
VW,context=Main#check:46,b=4
VW,context=Main#check:46,k=-2
VW,context=Main#check:46,result=null
ME,returner=Main#check:46,value=null
VW,context=Main#check:15,result=null
ME,returner=Main#check:15,value=null
MC,caller=Main#f:6,target=Main#check:16
VW,context=Main#check:16,a=4
VW,context=Main#check:16,b=4
VW,context=Main#check:16,c=4
VW,context=Main#check:16,k=6
MC,caller=Main#check:16,target=Main#check:47
VW,context=Main#check:47,a=4
VW,context=Main#check:47,b=4
VW,context=Main#check:47,k=2
VW,context=Main#check:47,result=null
ME,returner=Main#check:47,value=null
VW,context=Main#check:16,str=null
MC,caller=Main#check:16,target=Main#check:48
VW,context=Main#check:48,a=4
VW,context=Main#check:48,b=4
VW,context=Main#check:48,k=10
VW,context=Main#check:48,result=null
ME,returner=Main#check:48,value=null
MC,caller=Main#check:16,target=Main#check:49
VW,context=Main#check:49,a=4
VW,context=Main#check:49,b=4
VW,context=Main#check:49,k=-2
VW,context=Main#check:49,result=null
ME,returner=Main#check:49,value=null
VW,context=Main#check:16,result=null
ME,returner=Main#check:16,value=null
VW,context=Main#f:6,result=null
ME,returner=Main#f:6,value=null
VW,context=Main#check:3,str=null
MC,caller=Main#check:3,target=Main#f:7
VW,context=Main#f:7,a=4
VW,context=Main#f:7,b=4
VW,context=Main#f:7,c=4
VW,context=Main#f:7,k=14
MC,caller=Main#f:7,target=Main#check:17
VW,context=Main#check:17,a=4
VW,context=Main#check:17,b=4
VW,context=Main#check:17,c=4
VW,context=Main#check:17,k=14
MC,caller=Main#check:17,target=Main#check:50
VW,context=Main#check:50,a=4
VW,context=Main#check:50,b=4
VW,context=Main#check:50,k=10
VW,context=Main#check:50,result=null
ME,returner=Main#check:50,value=null
VW,context=Main#check:17,str=null
MC,caller=Main#check:17,target=Main#check:51
VW,context=Main#check:51,a=4
VW,context=Main#check:51,b=4
VW,context=Main#check:51,k=18
VW,context=Main#check:51,result=null
ME,returner=Main#check:51,value=null
MC,caller=Main#check:17,target=Main#check:52
VW,context=Main#check:52,a=4
VW,context=Main#check:52,b=4
VW,context=Main#check:52,k=-10
VW,context=Main#check:52,result=null
ME,returner=Main#check:52,value=null
VW,context=Main#check:17,result=null
ME,returner=Main#check:17,value=null
VW,context=Main#f:7,str=null
MC,caller=Main#f:7,target=Main#check:18
VW,context=Main#check:18,a=4
VW,context=Main#check:18,b=4
VW,context=Main#check:18,c=4
VW,context=Main#check:18,k=14
MC,caller=Main#check:18,target=Main#check:53
VW,context=Main#check:53,a=4
VW,context=Main#check:53,b=4
VW,context=Main#check:53,k=10
VW,context=Main#check:53,result=null
ME,returner=Main#check:53,value=null
VW,context=Main#check:18,str=null
MC,caller=Main#check:18,target=Main#check:54
VW,context=Main#check:54,a=4
VW,context=Main#check:54,b=4
VW,context=Main#check:54,k=18
VW,context=Main#check:54,result=null
ME,returner=Main#check:54,value=null
MC,caller=Main#check:18,target=Main#check:55
VW,context=Main#check:55,a=4
VW,context=Main#check:55,b=4
VW,context=Main#check:55,k=-10
VW,context=Main#check:55,result=null
ME,returner=Main#check:55,value=null
VW,context=Main#check:18,result=null
ME,returner=Main#check:18,value=null
MC,caller=Main#f:7,target=Main#check:19
VW,context=Main#check:19,a=4
VW,context=Main#check:19,b=4
VW,context=Main#check:19,c=4
VW,context=Main#check:19,k=14
MC,caller=Main#check:19,target=Main#check:56
VW,context=Main#check:56,a=4
VW,context=Main#check:56,b=4
VW,context=Main#check:56,k=10
VW,context=Main#check:56,result=null
ME,returner=Main#check:56,value=null
VW,context=Main#check:19,str=null
MC,caller=Main#check:19,target=Main#check:57
VW,context=Main#check:57,a=4
VW,context=Main#check:57,b=4
VW,context=Main#check:57,k=18
VW,context=Main#check:57,result=null
ME,returner=Main#check:57,value=null
MC,caller=Main#check:19,target=Main#check:58
VW,context=Main#check:58,a=4
VW,context=Main#check:58,b=4
VW,context=Main#check:58,k=-10
VW,context=Main#check:58,result=null
ME,returner=Main#check:58,value=null
VW,context=Main#check:19,result=null
ME,returner=Main#check:19,value=null
VW,context=Main#f:7,result=null
ME,returner=Main#f:7,value=null
MC,caller=Main#check:3,target=Main#f:8
VW,context=Main#f:8,a=4
VW,context=Main#f:8,b=4
VW,context=Main#f:8,c=4
VW,context=Main#f:8,k=-6
MC,caller=Main#f:8,target=Main#check:20
VW,context=Main#check:20,a=4
VW,context=Main#check:20,b=4
VW,context=Main#check:20,c=4
VW,context=Main#check:20,k=-6
MC,caller=Main#check:20,target=Main#check:59
VW,context=Main#check:59,a=4
VW,context=Main#check:59,b=4
VW,context=Main#check:59,k=-10
VW,context=Main#check:59,result=null
ME,returner=Main#check:59,value=null
VW,context=Main#check:20,str=null
MC,caller=Main#check:20,target=Main#check:60
VW,context=Main#check:60,a=4
VW,context=Main#check:60,b=4
VW,context=Main#check:60,k=-2
VW,context=Main#check:60,result=null
ME,returner=Main#check:60,value=null
MC,caller=Main#check:20,target=Main#check:61
VW,context=Main#check:61,a=4
VW,context=Main#check:61,b=4
VW,context=Main#check:61,k=10
VW,context=Main#check:61,result=null
ME,returner=Main#check:61,value=null
VW,context=Main#check:20,result=null
ME,returner=Main#check:20,value=null
VW,context=Main#f:8,str=null
MC,caller=Main#f:8,target=Main#check:21
VW,context=Main#check:21,a=4
VW,context=Main#check:21,b=4
VW,context=Main#check:21,c=4
VW,context=Main#check:21,k=-6
MC,caller=Main#check:21,target=Main#check:62
VW,context=Main#check:62,a=4
VW,context=Main#check:62,b=4
VW,context=Main#check:62,k=-10
VW,context=Main#check:62,result=null
ME,returner=Main#check:62,value=null
VW,context=Main#check:21,str=null
MC,caller=Main#check:21,target=Main#check:63
VW,context=Main#check:63,a=4
VW,context=Main#check:63,b=4
VW,context=Main#check:63,k=-2
VW,context=Main#check:63,result=null
ME,returner=Main#check:63,value=null
MC,caller=Main#check:21,target=Main#check:64
VW,context=Main#check:64,a=4
VW,context=Main#check:64,b=4
VW,context=Main#check:64,k=10
VW,context=Main#check:64,result=null
ME,returner=Main#check:64,value=null
VW,context=Main#check:21,result=null
ME,returner=Main#check:21,value=null
MC,caller=Main#f:8,target=Main#check:22
VW,context=Main#check:22,a=4
VW,context=Main#check:22,b=4
VW,context=Main#check:22,c=4
VW,context=Main#check:22,k=-6
MC,caller=Main#check:22,target=Main#check:65
VW,context=Main#check:65,a=4
VW,context=Main#check:65,b=4
VW,context=Main#check:65,k=-10
VW,context=Main#check:65,result=null
ME,returner=Main#check:65,value=null
VW,context=Main#check:22,str=null
MC,caller=Main#check:22,target=Main#check:66
VW,context=Main#check:66,a=4
VW,context=Main#check:66,b=4
VW,context=Main#check:66,k=-2
VW,context=Main#check:66,result=null
ME,returner=Main#check:66,value=null
MC,caller=Main#check:22,target=Main#check:67
VW,context=Main#check:67,a=4
VW,context=Main#check:67,b=4
VW,context=Main#check:67,k=10
VW,context=Main#check:67,result=null
ME,returner=Main#check:67,value=null
VW,context=Main#check:22,result=null
ME,returner=Main#check:22,value=null
VW,context=Main#f:8,result=null
ME,returner=Main#f:8,value=null
VW,context=Main#check:3,result=null
ME,returner=Main#check:3,value=null
VW,context=Main#f:2,str=null
MC,caller=Main#f:2,target=Main#check:4
VW,context=Main#check:4,k=10
VW,context=Main#check:4,a=4
VW,context=Main#check:4,b=4
VW,context=Main#check:4,c=4
VW,context=Main#check:4,d=4
MC,caller=Main#check:4,target=Main#f:9
VW,context=Main#f:9,a=4
VW,context=Main#f:9,b=4
VW,context=Main#f:9,c=4
VW,context=Main#f:9,k=6
MC,caller=Main#f:9,target=Main#check:23
VW,context=Main#check:23,a=4
VW,context=Main#check:23,b=4
VW,context=Main#check:23,c=4
VW,context=Main#check:23,k=6
MC,caller=Main#check:23,target=Main#check:68
VW,context=Main#check:68,a=4
VW,context=Main#check:68,b=4
VW,context=Main#check:68,k=2
VW,context=Main#check:68,result=null
ME,returner=Main#check:68,value=null
VW,context=Main#check:23,str=null
MC,caller=Main#check:23,target=Main#check:69
VW,context=Main#check:69,a=4
VW,context=Main#check:69,b=4
VW,context=Main#check:69,k=10
VW,context=Main#check:69,result=null
ME,returner=Main#check:69,value=null
MC,caller=Main#check:23,target=Main#check:70
VW,context=Main#check:70,a=4
VW,context=Main#check:70,b=4
VW,context=Main#check:70,k=-2
VW,context=Main#check:70,result=null
ME,returner=Main#check:70,value=null
VW,context=Main#check:23,result=null
ME,returner=Main#check:23,value=null
VW,context=Main#f:9,str=null
MC,caller=Main#f:9,target=Main#check:24
VW,context=Main#check:24,a=4
VW,context=Main#check:24,b=4
VW,context=Main#check:24,c=4
VW,context=Main#check:24,k=6
MC,caller=Main#check:24,target=Main#check:71
VW,context=Main#check:71,a=4
VW,context=Main#check:71,b=4
VW,context=Main#check:71,k=2
VW,context=Main#check:71,result=null
ME,returner=Main#check:71,value=null
VW,context=Main#check:24,str=null
MC,caller=Main#check:24,target=Main#check:72
VW,context=Main#check:72,a=4
VW,context=Main#check:72,b=4
VW,context=Main#check:72,k=10
VW,context=Main#check:72,result=null
ME,returner=Main#check:72,value=null
MC,caller=Main#check:24,target=Main#check:73
VW,context=Main#check:73,a=4
VW,context=Main#check:73,b=4
VW,context=Main#check:73,k=-2
VW,context=Main#check:73,result=null
ME,returner=Main#check:73,value=null
VW,context=Main#check:24,result=null
ME,returner=Main#check:24,value=null
MC,caller=Main#f:9,target=Main#check:25
VW,context=Main#check:25,a=4
VW,context=Main#check:25,b=4
VW,context=Main#check:25,c=4
VW,context=Main#check:25,k=6
MC,caller=Main#check:25,target=Main#check:74
VW,context=Main#check:74,a=4
VW,context=Main#check:74,b=4
VW,context=Main#check:74,k=2
VW,context=Main#check:74,result=null
ME,returner=Main#check:74,value=null
VW,context=Main#check:25,str=null
MC,caller=Main#check:25,target=Main#check:75
VW,context=Main#check:75,a=4
VW,context=Main#check:75,b=4
VW,context=Main#check:75,k=10
VW,context=Main#check:75,result=null
ME,returner=Main#check:75,value=null
MC,caller=Main#check:25,target=Main#check:76
VW,context=Main#check:76,a=4
VW,context=Main#check:76,b=4
VW,context=Main#check:76,k=-2
VW,context=Main#check:76,result=null
ME,returner=Main#check:76,value=null
VW,context=Main#check:25,result=null
ME,returner=Main#check:25,value=null
VW,context=Main#f:9,result=null
ME,returner=Main#f:9,value=null
VW,context=Main#check:4,str=null
MC,caller=Main#check:4,target=Main#f:10
VW,context=Main#f:10,a=4
VW,context=Main#f:10,b=4
VW,context=Main#f:10,c=4
VW,context=Main#f:10,k=14
MC,caller=Main#f:10,target=Main#check:26
VW,context=Main#check:26,a=4
VW,context=Main#check:26,b=4
VW,context=Main#check:26,c=4
VW,context=Main#check:26,k=14
MC,caller=Main#check:26,target=Main#check:77
VW,context=Main#check:77,a=4
VW,context=Main#check:77,b=4
VW,context=Main#check:77,k=10
VW,context=Main#check:77,result=null
ME,returner=Main#check:77,value=null
VW,context=Main#check:26,str=null
MC,caller=Main#check:26,target=Main#check:78
VW,context=Main#check:78,a=4
VW,context=Main#check:78,b=4
VW,context=Main#check:78,k=18
VW,context=Main#check:78,result=null
ME,returner=Main#check:78,value=null
MC,caller=Main#check:26,target=Main#check:79
VW,context=Main#check:79,a=4
VW,context=Main#check:79,b=4
VW,context=Main#check:79,k=-10
VW,context=Main#check:79,result=null
ME,returner=Main#check:79,value=null
VW,context=Main#check:26,result=null
ME,returner=Main#check:26,value=null
VW,context=Main#f:10,str=null
MC,caller=Main#f:10,target=Main#check:27
VW,context=Main#check:27,a=4
VW,context=Main#check:27,b=4
VW,context=Main#check:27,c=4
VW,context=Main#check:27,k=14
MC,caller=Main#check:27,target=Main#check:80
VW,context=Main#check:80,a=4
VW,context=Main#check:80,b=4
VW,context=Main#check:80,k=10
VW,context=Main#check:80,result=null
ME,returner=Main#check:80,value=null
VW,context=Main#check:27,str=null
MC,caller=Main#check:27,target=Main#check:81
VW,context=Main#check:81,a=4
VW,context=Main#check:81,b=4
VW,context=Main#check:81,k=18
VW,context=Main#check:81,result=null
ME,returner=Main#check:81,value=null
MC,caller=Main#check:27,target=Main#check:82
VW,context=Main#check:82,a=4
VW,context=Main#check:82,b=4
VW,context=Main#check:82,k=-10
VW,context=Main#check:82,result=null
ME,returner=Main#check:82,value=null
VW,context=Main#check:27,result=null
ME,returner=Main#check:27,value=null
MC,caller=Main#f:10,target=Main#check:28
VW,context=Main#check:28,a=4
VW,context=Main#check:28,b=4
VW,context=Main#check:28,c=4
VW,context=Main#check:28,k=14
MC,caller=Main#check:28,target=Main#check:83
VW,context=Main#check:83,a=4
VW,context=Main#check:83,b=4
VW,context=Main#check:83,k=10
VW,context=Main#check:83,result=null
ME,returner=Main#check:83,value=null
VW,context=Main#check:28,str=null
MC,caller=Main#check:28,target=Main#check:84
VW,context=Main#check:84,a=4
VW,context=Main#check:84,b=4
VW,context=Main#check:84,k=18
VW,context=Main#check:84,result=null
ME,returner=Main#check:84,value=null
MC,caller=Main#check:28,target=Main#check:85
VW,context=Main#check:85,a=4
VW,context=Main#check:85,b=4
VW,context=Main#check:85,k=-10
VW,context=Main#check:85,result=null
ME,returner=Main#check:85,value=null
VW,context=Main#check:28,result=null
ME,returner=Main#check:28,value=null
VW,context=Main#f:10,result=null
ME,returner=Main#f:10,value=null
MC,caller=Main#check:4,target=Main#f:11
VW,context=Main#f:11,a=4
VW,context=Main#f:11,b=4
VW,context=Main#f:11,c=4
VW,context=Main#f:11,k=-6
MC,caller=Main#f:11,target=Main#check:29
VW,context=Main#check:29,a=4
VW,context=Main#check:29,b=4
VW,context=Main#check:29,c=4
VW,context=Main#check:29,k=-6
MC,caller=Main#check:29,target=Main#check:86
VW,context=Main#check:86,a=4
VW,context=Main#check:86,b=4
VW,context=Main#check:86,k=-10
VW,context=Main#check:86,result=null
ME,returner=Main#check:86,value=null
VW,context=Main#check:29,str=null
MC,caller=Main#check:29,target=Main#check:87
VW,context=Main#check:87,a=4
VW,context=Main#check:87,b=4
VW,context=Main#check:87,k=-2
VW,context=Main#check:87,result=null
ME,returner=Main#check:87,value=null
MC,caller=Main#check:29,target=Main#check:88
VW,context=Main#check:88,a=4
VW,context=Main#check:88,b=4
VW,context=Main#check:88,k=10
VW,context=Main#check:88,result=null
ME,returner=Main#check:88,value=null
VW,context=Main#check:29,result=null
ME,returner=Main#check:29,value=null
VW,context=Main#f:11,str=null
MC,caller=Main#f:11,target=Main#check:30
VW,context=Main#check:30,a=4
VW,context=Main#check:30,b=4
VW,context=Main#check:30,c=4
VW,context=Main#check:30,k=-6
MC,caller=Main#check:30,target=Main#check:89
VW,context=Main#check:89,a=4
VW,context=Main#check:89,b=4
VW,context=Main#check:89,k=-10
VW,context=Main#check:89,result=null
ME,returner=Main#check:89,value=null
VW,context=Main#check:30,str=null
MC,caller=Main#check:30,target=Main#check:90
VW,context=Main#check:90,a=4
VW,context=Main#check:90,b=4
VW,context=Main#check:90,k=-2
VW,context=Main#check:90,result=null
ME,returner=Main#check:90,value=null
MC,caller=Main#check:30,target=Main#check:91
VW,context=Main#check:91,a=4
VW,context=Main#check:91,b=4
VW,context=Main#check:91,k=10
VW,context=Main#check:91,result=null
ME,returner=Main#check:91,value=null
VW,context=Main#check:30,result=null
ME,returner=Main#check:30,value=null
MC,caller=Main#f:11,target=Main#check:31
VW,context=Main#check:31,a=4
VW,context=Main#check:31,b=4
VW,context=Main#check:31,c=4
VW,context=Main#check:31,k=-6
MC,caller=Main#check:31,target=Main#check:92
VW,context=Main#check:92,a=4
VW,context=Main#check:92,b=4
VW,context=Main#check:92,k=-10
VW,context=Main#check:92,result=null
ME,returner=Main#check:92,value=null
VW,context=Main#check:31,str=null
MC,caller=Main#check:31,target=Main#check:93
VW,context=Main#check:93,a=4
VW,context=Main#check:93,b=4
VW,context=Main#check:93,k=-2
VW,context=Main#check:93,result=null
ME,returner=Main#check:93,value=null
MC,caller=Main#check:31,target=Main#check:94
VW,context=Main#check:94,a=4
VW,context=Main#check:94,b=4
VW,context=Main#check:94,k=10
VW,context=Main#check:94,result=null
ME,returner=Main#check:94,value=null
VW,context=Main#check:31,result=null
ME,returner=Main#check:31,value=null
VW,context=Main#f:11,result=null
ME,returner=Main#f:11,value=null
VW,context=Main#check:4,result=null
ME,returner=Main#check:4,value=null
MC,caller=Main#f:2,target=Main#check:5
VW,context=Main#check:5,k=10
VW,context=Main#check:5,a=4
VW,context=Main#check:5,b=4
VW,context=Main#check:5,c=4
VW,context=Main#check:5,d=4
MC,caller=Main#check:5,target=Main#f:12
VW,context=Main#f:12,a=4
VW,context=Main#f:12,b=4
VW,context=Main#f:12,c=4
VW,context=Main#f:12,k=6
MC,caller=Main#f:12,target=Main#check:32
VW,context=Main#check:32,a=4
VW,context=Main#check:32,b=4
VW,context=Main#check:32,c=4
VW,context=Main#check:32,k=6
MC,caller=Main#check:32,target=Main#check:95
VW,context=Main#check:95,a=4
VW,context=Main#check:95,b=4
VW,context=Main#check:95,k=2
VW,context=Main#check:95,result=null
ME,returner=Main#check:95,value=null
VW,context=Main#check:32,str=null
MC,caller=Main#check:32,target=Main#check:96
VW,context=Main#check:96,a=4
VW,context=Main#check:96,b=4
VW,context=Main#check:96,k=10
VW,context=Main#check:96,result=null
ME,returner=Main#check:96,value=null
MC,caller=Main#check:32,target=Main#check:97
VW,context=Main#check:97,a=4
VW,context=Main#check:97,b=4
VW,context=Main#check:97,k=-2
VW,context=Main#check:97,result=null
ME,returner=Main#check:97,value=null
VW,context=Main#check:32,result=null
ME,returner=Main#check:32,value=null
VW,context=Main#f:12,str=null
MC,caller=Main#f:12,target=Main#check:33
VW,context=Main#check:33,a=4
VW,context=Main#check:33,b=4
VW,context=Main#check:33,c=4
VW,context=Main#check:33,k=6
MC,caller=Main#check:33,target=Main#check:98
VW,context=Main#check:98,a=4
VW,context=Main#check:98,b=4
VW,context=Main#check:98,k=2
VW,context=Main#check:98,result=null
ME,returner=Main#check:98,value=null
VW,context=Main#check:33,str=null
MC,caller=Main#check:33,target=Main#check:99
VW,context=Main#check:99,a=4
VW,context=Main#check:99,b=4
VW,context=Main#check:99,k=10
VW,context=Main#check:99,result=null
ME,returner=Main#check:99,value=null
MC,caller=Main#check:33,target=Main#check:100
VW,context=Main#check:100,a=4
VW,context=Main#check:100,b=4
VW,context=Main#check:100,k=-2
VW,context=Main#check:100,result=null
ME,returner=Main#check:100,value=null
VW,context=Main#check:33,result=null
ME,returner=Main#check:33,value=null
MC,caller=Main#f:12,target=Main#check:34
VW,context=Main#check:34,a=4
VW,context=Main#check:34,b=4
VW,context=Main#check:34,c=4
VW,context=Main#check:34,k=6
MC,caller=Main#check:34,target=Main#check:101
VW,context=Main#check:101,a=4
VW,context=Main#check:101,b=4
VW,context=Main#check:101,k=2
VW,context=Main#check:101,result=null
ME,returner=Main#check:101,value=null
VW,context=Main#check:34,str=null
MC,caller=Main#check:34,target=Main#check:102
VW,context=Main#check:102,a=4
VW,context=Main#check:102,b=4
VW,context=Main#check:102,k=10
VW,context=Main#check:102,result=null
ME,returner=Main#check:102,value=null
MC,caller=Main#check:34,target=Main#check:103
VW,context=Main#check:103,a=4
VW,context=Main#check:103,b=4
VW,context=Main#check:103,k=-2
VW,context=Main#check:103,result=null
ME,returner=Main#check:103,value=null
VW,context=Main#check:34,result=null
ME,returner=Main#check:34,value=null
VW,context=Main#f:12,result=null
ME,returner=Main#f:12,value=null
VW,context=Main#check:5,str=null
MC,caller=Main#check:5,target=Main#f:13
VW,context=Main#f:13,a=4
VW,context=Main#f:13,b=4
VW,context=Main#f:13,c=4
VW,context=Main#f:13,k=14
MC,caller=Main#f:13,target=Main#check:35
VW,context=Main#check:35,a=4
VW,context=Main#check:35,b=4
VW,context=Main#check:35,c=4
VW,context=Main#check:35,k=14
MC,caller=Main#check:35,target=Main#check:104
VW,context=Main#check:104,a=4
VW,context=Main#check:104,b=4
VW,context=Main#check:104,k=10
VW,context=Main#check:104,result=null
ME,returner=Main#check:104,value=null
VW,context=Main#check:35,str=null
MC,caller=Main#check:35,target=Main#check:105
VW,context=Main#check:105,a=4
VW,context=Main#check:105,b=4
VW,context=Main#check:105,k=18
VW,context=Main#check:105,result=null
ME,returner=Main#check:105,value=null
MC,caller=Main#check:35,target=Main#check:106
VW,context=Main#check:106,a=4
VW,context=Main#check:106,b=4
VW,context=Main#check:106,k=-10
VW,context=Main#check:106,result=null
ME,returner=Main#check:106,value=null
VW,context=Main#check:35,result=null
ME,returner=Main#check:35,value=null
VW,context=Main#f:13,str=null
MC,caller=Main#f:13,target=Main#check:36
VW,context=Main#check:36,a=4
VW,context=Main#check:36,b=4
VW,context=Main#check:36,c=4
VW,context=Main#check:36,k=14
MC,caller=Main#check:36,target=Main#check:107
VW,context=Main#check:107,a=4
VW,context=Main#check:107,b=4
VW,context=Main#check:107,k=10
VW,context=Main#check:107,result=null
ME,returner=Main#check:107,value=null
VW,context=Main#check:36,str=null
MC,caller=Main#check:36,target=Main#check:108
VW,context=Main#check:108,a=4
VW,context=Main#check:108,b=4
VW,context=Main#check:108,k=18
VW,context=Main#check:108,result=null
ME,returner=Main#check:108,value=null
MC,caller=Main#check:36,target=Main#check:109
VW,context=Main#check:109,a=4
VW,context=Main#check:109,b=4
VW,context=Main#check:109,k=-10
VW,context=Main#check:109,result=null
ME,returner=Main#check:109,value=null
VW,context=Main#check:36,result=null
ME,returner=Main#check:36,value=null
MC,caller=Main#f:13,target=Main#check:37
VW,context=Main#check:37,a=4
VW,context=Main#check:37,b=4
VW,context=Main#check:37,c=4
VW,context=Main#check:37,k=14
MC,caller=Main#check:37,target=Main#check:110
VW,context=Main#check:110,a=4
VW,context=Main#check:110,b=4
VW,context=Main#check:110,k=10
VW,context=Main#check:110,result=null
ME,returner=Main#check:110,value=null
VW,context=Main#check:37,str=null
MC,caller=Main#check:37,target=Main#check:111
VW,context=Main#check:111,a=4
VW,context=Main#check:111,b=4
VW,context=Main#check:111,k=18
VW,context=Main#check:111,result=null
ME,returner=Main#check:111,value=null
MC,caller=Main#check:37,target=Main#check:112
VW,context=Main#check:112,a=4
VW,context=Main#check:112,b=4
VW,context=Main#check:112,k=-10
VW,context=Main#check:112,result=null
ME,returner=Main#check:112,value=null
VW,context=Main#check:37,result=null
ME,returner=Main#check:37,value=null
VW,context=Main#f:13,result=null
ME,returner=Main#f:13,value=null
MC,caller=Main#check:5,target=Main#f:14
VW,context=Main#f:14,a=4
VW,context=Main#f:14,b=4
VW,context=Main#f:14,c=4
VW,context=Main#f:14,k=-6
MC,caller=Main#f:14,target=Main#check:38
VW,context=Main#check:38,a=4
VW,context=Main#check:38,b=4
VW,context=Main#check:38,c=4
VW,context=Main#check:38,k=-6
MC,caller=Main#check:38,target=Main#check:113
VW,context=Main#check:113,a=4
VW,context=Main#check:113,b=4
VW,context=Main#check:113,k=-10
VW,context=Main#check:113,result=null
ME,returner=Main#check:113,value=null
VW,context=Main#check:38,str=null
MC,caller=Main#check:38,target=Main#check:114
VW,context=Main#check:114,a=4
VW,context=Main#check:114,b=4
VW,context=Main#check:114,k=-2
VW,context=Main#check:114,result=null
ME,returner=Main#check:114,value=null
MC,caller=Main#check:38,target=Main#check:115
VW,context=Main#check:115,a=4
VW,context=Main#check:115,b=4
VW,context=Main#check:115,k=10
VW,context=Main#check:115,result=null
ME,returner=Main#check:115,value=null
VW,context=Main#check:38,result=null
ME,returner=Main#check:38,value=null
VW,context=Main#f:14,str=null
MC,caller=Main#f:14,target=Main#check:39
VW,context=Main#check:39,a=4
VW,context=Main#check:39,b=4
VW,context=Main#check:39,c=4
VW,context=Main#check:39,k=-6
MC,caller=Main#check:39,target=Main#check:116
VW,context=Main#check:116,a=4
VW,context=Main#check:116,b=4
VW,context=Main#check:116,k=-10
VW,context=Main#check:116,result=null
ME,returner=Main#check:116,value=null
VW,context=Main#check:39,str=null
MC,caller=Main#check:39,target=Main#check:117
VW,context=Main#check:117,a=4
VW,context=Main#check:117,b=4
VW,context=Main#check:117,k=-2
VW,context=Main#check:117,result=null
ME,returner=Main#check:117,value=null
MC,caller=Main#check:39,target=Main#check:118
VW,context=Main#check:118,a=4
VW,context=Main#check:118,b=4
VW,context=Main#check:118,k=10
VW,context=Main#check:118,result=null
ME,returner=Main#check:118,value=null
VW,context=Main#check:39,result=null
ME,returner=Main#check:39,value=null
MC,caller=Main#f:14,target=Main#check:40
VW,context=Main#check:40,a=4
VW,context=Main#check:40,b=4
VW,context=Main#check:40,c=4
VW,context=Main#check:40,k=-6
MC,caller=Main#check:40,target=Main#check:119
VW,context=Main#check:119,a=4
VW,context=Main#check:119,b=4
VW,context=Main#check:119,k=-10
VW,context=Main#check:119,result=null
ME,returner=Main#check:119,value=null
VW,context=Main#check:40,str=null
MC,caller=Main#check:40,target=Main#check:120
VW,context=Main#check:120,a=4
VW,context=Main#check:120,b=4
VW,context=Main#check:120,k=-2
VW,context=Main#check:120,result=null
ME,returner=Main#check:120,value=null
MC,caller=Main#check:40,target=Main#check:121
VW,context=Main#check:121,a=4
VW,context=Main#check:121,b=4
VW,context=Main#check:121,k=10
VW,context=Main#check:121,result=null
ME,returner=Main#check:121,value=null
VW,context=Main#check:40,result=null
ME,returner=Main#check:40,value=null
VW,context=Main#f:14,result=null
ME,returner=Main#f:14,value=null
VW,context=Main#check:5,result=null
ME,returner=Main#check:5,value=null
MC,caller=Main#f:2,target=Main#check:6
VW,context=Main#check:6,k=10
VW,context=Main#check:6,a=4
VW,context=Main#check:6,b=4
VW,context=Main#check:6,c=4
VW,context=Main#check:6,d=4
MC,caller=Main#check:6,target=Main#f:15
VW,context=Main#f:15,a=4
VW,context=Main#f:15,b=4
VW,context=Main#f:15,c=4
VW,context=Main#f:15,k=6
MC,caller=Main#f:15,target=Main#check:41
VW,context=Main#check:41,a=4
VW,context=Main#check:41,b=4
VW,context=Main#check:41,c=4
VW,context=Main#check:41,k=6
MC,caller=Main#check:41,target=Main#check:122
VW,context=Main#check:122,a=4
VW,context=Main#check:122,b=4
VW,context=Main#check:122,k=2
VW,context=Main#check:122,result=null
ME,returner=Main#check:122,value=null
VW,context=Main#check:41,str=null
MC,caller=Main#check:41,target=Main#check:123
VW,context=Main#check:123,a=4
VW,context=Main#check:123,b=4
VW,context=Main#check:123,k=10
VW,context=Main#check:123,result=null
ME,returner=Main#check:123,value=null
MC,caller=Main#check:41,target=Main#check:124
VW,context=Main#check:124,a=4
VW,context=Main#check:124,b=4
VW,context=Main#check:124,k=-2
VW,context=Main#check:124,result=null
ME,returner=Main#check:124,value=null
VW,context=Main#check:41,result=null
ME,returner=Main#check:41,value=null
VW,context=Main#f:15,str=null
MC,caller=Main#f:15,target=Main#check:42
VW,context=Main#check:42,a=4
VW,context=Main#check:42,b=4
VW,context=Main#check:42,c=4
VW,context=Main#check:42,k=6
MC,caller=Main#check:42,target=Main#check:125
VW,context=Main#check:125,a=4
VW,context=Main#check:125,b=4
VW,context=Main#check:125,k=2
VW,context=Main#check:125,result=null
ME,returner=Main#check:125,value=null
VW,context=Main#check:42,str=null
MC,caller=Main#check:42,target=Main#check:126
VW,context=Main#check:126,a=4
VW,context=Main#check:126,b=4
VW,context=Main#check:126,k=10
VW,context=Main#check:126,result=null
ME,returner=Main#check:126,value=null
MC,caller=Main#check:42,target=Main#check:127
VW,context=Main#check:127,a=4
VW,context=Main#check:127,b=4
VW,context=Main#check:127,k=-2
VW,context=Main#check:127,result=null
ME,returner=Main#check:127,value=null
VW,context=Main#check:42,result=null
ME,returner=Main#check:42,value=null
MC,caller=Main#f:15,target=Main#check:43
VW,context=Main#check:43,a=4
VW,context=Main#check:43,b=4
VW,context=Main#check:43,c=4
VW,context=Main#check:43,k=6
MC,caller=Main#check:43,target=Main#check:128
VW,context=Main#check:128,a=4
VW,context=Main#check:128,b=4
VW,context=Main#check:128,k=2
VW,context=Main#check:128,result=null
ME,returner=Main#check:128,value=null
VW,context=Main#check:43,str=null
MC,caller=Main#check:43,target=Main#check:129
VW,context=Main#check:129,a=4
VW,context=Main#check:129,b=4
VW,context=Main#check:129,k=10
VW,context=Main#check:129,result=null
ME,returner=Main#check:129,value=null
MC,caller=Main#check:43,target=Main#check:130
VW,context=Main#check:130,a=4
VW,context=Main#check:130,b=4
VW,context=Main#check:130,k=-2
VW,context=Main#check:130,result=null
ME,returner=Main#check:130,value=null
VW,context=Main#check:43,result=null
ME,returner=Main#check:43,value=null
VW,context=Main#f:15,result=null
ME,returner=Main#f:15,value=null
VW,context=Main#check:6,str=null
MC,caller=Main#check:6,target=Main#f:16
VW,context=Main#f:16,a=4
VW,context=Main#f:16,b=4
VW,context=Main#f:16,c=4
VW,context=Main#f:16,k=14
MC,caller=Main#f:16,target=Main#check:44
VW,context=Main#check:44,a=4
VW,context=Main#check:44,b=4
VW,context=Main#check:44,c=4
VW,context=Main#check:44,k=14
MC,caller=Main#check:44,target=Main#check:131
VW,context=Main#check:131,a=4
VW,context=Main#check:131,b=4
VW,context=Main#check:131,k=10
VW,context=Main#check:131,result=null
ME,returner=Main#check:131,value=null
VW,context=Main#check:44,str=null
MC,caller=Main#check:44,target=Main#check:132
VW,context=Main#check:132,a=4
VW,context=Main#check:132,b=4
VW,context=Main#check:132,k=18
VW,context=Main#check:132,result=null
ME,returner=Main#check:132,value=null
MC,caller=Main#check:44,target=Main#check:133
VW,context=Main#check:133,a=4
VW,context=Main#check:133,b=4
VW,context=Main#check:133,k=-10
VW,context=Main#check:133,result=null
ME,returner=Main#check:133,value=null
VW,context=Main#check:44,result=null
ME,returner=Main#check:44,value=null
VW,context=Main#f:16,str=null
MC,caller=Main#f:16,target=Main#check:45
VW,context=Main#check:45,a=4
VW,context=Main#check:45,b=4
VW,context=Main#check:45,c=4
VW,context=Main#check:45,k=14
MC,caller=Main#check:45,target=Main#check:134
VW,context=Main#check:134,a=4
VW,context=Main#check:134,b=4
VW,context=Main#check:134,k=10
VW,context=Main#check:134,result=null
ME,returner=Main#check:134,value=null
VW,context=Main#check:45,str=null
MC,caller=Main#check:45,target=Main#check:135
VW,context=Main#check:135,a=4
VW,context=Main#check:135,b=4
VW,context=Main#check:135,k=18
VW,context=Main#check:135,result=null
ME,returner=Main#check:135,value=null
MC,caller=Main#check:45,target=Main#check:136
VW,context=Main#check:136,a=4
VW,context=Main#check:136,b=4
VW,context=Main#check:136,k=-10
VW,context=Main#check:136,result=null
ME,returner=Main#check:136,value=null
VW,context=Main#check:45,result=null
ME,returner=Main#check:45,value=null
MC,caller=Main#f:16,target=Main#check:46
VW,context=Main#check:46,a=4
VW,context=Main#check:46,b=4
VW,context=Main#check:46,c=4
VW,context=Main#check:46,k=14
MC,caller=Main#check:46,target=Main#check:137
VW,context=Main#check:137,a=4
VW,context=Main#check:137,b=4
VW,context=Main#check:137,k=10
VW,context=Main#check:137,result=null
ME,returner=Main#check:137,value=null
VW,context=Main#check:46,str=null
MC,caller=Main#check:46,target=Main#check:138
VW,context=Main#check:138,a=4
VW,context=Main#check:138,b=4
VW,context=Main#check:138,k=18
VW,context=Main#check:138,result=null
ME,returner=Main#check:138,value=null
MC,caller=Main#check:46,target=Main#check:139
VW,context=Main#check:139,a=4
VW,context=Main#check:139,b=4
VW,context=Main#check:139,k=-10
VW,context=Main#check:139,result=null
ME,returner=Main#check:139,value=null
VW,context=Main#check:46,result=null
ME,returner=Main#check:46,value=null
VW,context=Main#f:16,result=null
ME,returner=Main#f:16,value=null
MC,caller=Main#check:6,target=Main#f:17
VW,context=Main#f:17,a=4
VW,context=Main#f:17,b=4
VW,context=Main#f:17,c=4
VW,context=Main#f:17,k=-6
MC,caller=Main#f:17,target=Main#check:47
VW,context=Main#check:47,a=4
VW,context=Main#check:47,b=4
VW,context=Main#check:47,c=4
VW,context=Main#check:47,k=-6
MC,caller=Main#check:47,target=Main#check:140
VW,context=Main#check:140,a=4
VW,context=Main#check:140,b=4
VW,context=Main#check:140,k=-10
VW,context=Main#check:140,result=null
ME,returner=Main#check:140,value=null
VW,context=Main#check:47,str=null
MC,caller=Main#check:47,target=Main#check:141
VW,context=Main#check:141,a=4
VW,context=Main#check:141,b=4
VW,context=Main#check:141,k=-2
VW,context=Main#check:141,result=null
ME,returner=Main#check:141,value=null
MC,caller=Main#check:47,target=Main#check:142
VW,context=Main#check:142,a=4
VW,context=Main#check:142,b=4
VW,context=Main#check:142,k=10
VW,context=Main#check:142,result=null
ME,returner=Main#check:142,value=null
VW,context=Main#check:47,result=null
ME,returner=Main#check:47,value=null
VW,context=Main#f:17,str=null
MC,caller=Main#f:17,target=Main#check:48
VW,context=Main#check:48,a=4
VW,context=Main#check:48,b=4
VW,context=Main#check:48,c=4
VW,context=Main#check:48,k=-6
MC,caller=Main#check:48,target=Main#check:143
VW,context=Main#check:143,a=4
VW,context=Main#check:143,b=4
VW,context=Main#check:143,k=-10
VW,context=Main#check:143,result=null
ME,returner=Main#check:143,value=null
VW,context=Main#check:48,str=null
MC,caller=Main#check:48,target=Main#check:144
VW,context=Main#check:144,a=4
VW,context=Main#check:144,b=4
VW,context=Main#check:144,k=-2
VW,context=Main#check:144,result=null
ME,returner=Main#check:144,value=null
MC,caller=Main#check:48,target=Main#check:145
VW,context=Main#check:145,a=4
VW,context=Main#check:145,b=4
VW,context=Main#check:145,k=10
VW,context=Main#check:145,result=null
ME,returner=Main#check:145,value=null
VW,context=Main#check:48,result=null
ME,returner=Main#check:48,value=null
MC,caller=Main#f:17,target=Main#check:49
VW,context=Main#check:49,a=4
VW,context=Main#check:49,b=4
VW,context=Main#check:49,c=4
VW,context=Main#check:49,k=-6
MC,caller=Main#check:49,target=Main#check:146
VW,context=Main#check:146,a=4
VW,context=Main#check:146,b=4
VW,context=Main#check:146,k=-10
VW,context=Main#check:146,result=null
ME,returner=Main#check:146,value=null
VW,context=Main#check:49,str=null
MC,caller=Main#check:49,target=Main#check:147
VW,context=Main#check:147,a=4
VW,context=Main#check:147,b=4
VW,context=Main#check:147,k=-2
VW,context=Main#check:147,result=null
ME,returner=Main#check:147,value=null
MC,caller=Main#check:49,target=Main#check:148
VW,context=Main#check:148,a=4
VW,context=Main#check:148,b=4
VW,context=Main#check:148,k=10
VW,context=Main#check:148,result=null
ME,returner=Main#check:148,value=null
VW,context=Main#check:49,result=null
ME,returner=Main#check:49,value=null
VW,context=Main#f:17,result=null
ME,returner=Main#f:17,value=null
VW,context=Main#check:6,result=null
ME,returner=Main#check:6,value=null
MC,caller=Main#f:2,target=Main#g:1
VW,context=Main#g:1,k=10
VW,context=Main#g:1,a=4
VW,context=Main#g:1,b=4
VW,context=Main#g:1,c=4
VW,context=Main#g:1,d=4
VW,context=Main#g:1,i=-100
MC,caller=Main#g:1,target=Main#check:149
VW,context=Main#check:149,a=4
VW,context=Main#check:149,b=4
VW,context=Main#check:149,k=-100
VW,context=Main#check:149,result=null
ME,returner=Main#check:149,value=null
VW,context=Main#g:1,str1=null
MC,caller=Main#g:1,target=Main#check:150
VW,context=Main#check:150,a=4
VW,context=Main#check:150,b=4
VW,context=Main#check:150,k=-100
VW,context=Main#check:150,result=null
ME,returner=Main#check:150,value=null
MC,caller=Main#g:1,target=Main#check:151
VW,context=Main#check:151,a=4
VW,context=Main#check:151,b=4
VW,context=Main#check:151,k=-100
VW,context=Main#check:151,result=null
ME,returner=Main#check:151,value=null
VW,context=Main#g:1,i=-99
MC,caller=Main#g:1,target=Main#check:152
VW,context=Main#check:152,a=4
VW,context=Main#check:152,b=4
VW,context=Main#check:152,k=-99
VW,context=Main#check:152,result=null
ME,returner=Main#check:152,value=null
MC,caller=Main#g:1,target=Main#check:153
VW,context=Main#check:153,a=4
VW,context=Main#check:153,b=4
VW,context=Main#check:153,k=-99
VW,context=Main#check:153,result=null
ME,returner=Main#check:153,value=null
MC,caller=Main#g:1,target=Main#check:154
VW,context=Main#check:154,a=4
VW,context=Main#check:154,b=4
VW,context=Main#check:154,k=-99
VW,context=Main#check:154,result=null
ME,returner=Main#check:154,value=null
VW,context=Main#g:1,i=-98
MC,caller=Main#g:1,target=Main#check:155
VW,context=Main#check:155,a=4
VW,context=Main#check:155,b=4
VW,context=Main#check:155,k=-98
VW,context=Main#check:155,result=null
ME,returner=Main#check:155,value=null
MC,caller=Main#g:1,target=Main#check:156
VW,context=Main#check:156,a=4
VW,context=Main#check:156,b=4
VW,context=Main#check:156,k=-98
VW,context=Main#check:156,result=null
ME,returner=Main#check:156,value=null
MC,caller=Main#g:1,target=Main#check:157
VW,context=Main#check:157,a=4
VW,context=Main#check:157,b=4
VW,context=Main#check:157,k=-98
VW,context=Main#check:157,result=null
ME,returner=Main#check:157,value=null
VW,context=Main#g:1,i=-97
MC,caller=Main#g:1,target=Main#check:158
VW,context=Main#check:158,a=4
VW,context=Main#check:158,b=4
VW,context=Main#check:158,k=-97
VW,context=Main#check:158,result=null
ME,returner=Main#check:158,value=null
MC,caller=Main#g:1,target=Main#check:159
VW,context=Main#check:159,a=4
VW,context=Main#check:159,b=4
VW,context=Main#check:159,k=-97
VW,context=Main#check:159,result=null
ME,returner=Main#check:159,value=null
MC,caller=Main#g:1,target=Main#check:160
VW,context=Main#check:160,a=4
VW,context=Main#check:160,b=4
VW,context=Main#check:160,k=-97
VW,context=Main#check:160,result=null
ME,returner=Main#check:160,value=null
VW,context=Main#g:1,i=-96
MC,caller=Main#g:1,target=Main#check:161
VW,context=Main#check:161,a=4
VW,context=Main#check:161,b=4
VW,context=Main#check:161,k=-96
VW,context=Main#check:161,result=null
ME,returner=Main#check:161,value=null
MC,caller=Main#g:1,target=Main#check:162
VW,context=Main#check:162,a=4
VW,context=Main#check:162,b=4
VW,context=Main#check:162,k=-96
VW,context=Main#check:162,result=null
ME,returner=Main#check:162,value=null
MC,caller=Main#g:1,target=Main#check:163
VW,context=Main#check:163,a=4
VW,context=Main#check:163,b=4
VW,context=Main#check:163,k=-96
VW,context=Main#check:163,result=null
ME,returner=Main#check:163,value=null
VW,context=Main#g:1,i=-95
MC,caller=Main#g:1,target=Main#check:164
VW,context=Main#check:164,a=4
VW,context=Main#check:164,b=4
VW,context=Main#check:164,k=-95
VW,context=Main#check:164,result=null
ME,returner=Main#check:164,value=null
MC,caller=Main#g:1,target=Main#check:165
VW,context=Main#check:165,a=4
VW,context=Main#check:165,b=4
VW,context=Main#check:165,k=-95
VW,context=Main#check:165,result=null
ME,returner=Main#check:165,value=null
MC,caller=Main#g:1,target=Main#check:166
VW,context=Main#check:166,a=4
VW,context=Main#check:166,b=4
VW,context=Main#check:166,k=-95
VW,context=Main#check:166,result=null
ME,returner=Main#check:166,value=null
VW,context=Main#g:1,i=-94
MC,caller=Main#g:1,target=Main#check:167
VW,context=Main#check:167,a=4
VW,context=Main#check:167,b=4
VW,context=Main#check:167,k=-94
VW,context=Main#check:167,result=null
ME,returner=Main#check:167,value=null
MC,caller=Main#g:1,target=Main#check:168
VW,context=Main#check:168,a=4
VW,context=Main#check:168,b=4
VW,context=Main#check:168,k=-94
VW,context=Main#check:168,result=null
ME,returner=Main#check:168,value=null
MC,caller=Main#g:1,target=Main#check:169
VW,context=Main#check:169,a=4
VW,context=Main#check:169,b=4
VW,context=Main#check:169,k=-94
VW,context=Main#check:169,result=null
ME,returner=Main#check:169,value=null
VW,context=Main#g:1,i=-93
MC,caller=Main#g:1,target=Main#check:170
VW,context=Main#check:170,a=4
VW,context=Main#check:170,b=4
VW,context=Main#check:170,k=-93
VW,context=Main#check:170,result=null
ME,returner=Main#check:170,value=null
MC,caller=Main#g:1,target=Main#check:171
VW,context=Main#check:171,a=4
VW,context=Main#check:171,b=4
VW,context=Main#check:171,k=-93
VW,context=Main#check:171,result=null
ME,returner=Main#check:171,value=null
MC,caller=Main#g:1,target=Main#check:172
VW,context=Main#check:172,a=4
VW,context=Main#check:172,b=4
VW,context=Main#check:172,k=-93
VW,context=Main#check:172,result=null
ME,returner=Main#check:172,value=null
VW,context=Main#g:1,i=-92
MC,caller=Main#g:1,target=Main#check:173
VW,context=Main#check:173,a=4
VW,context=Main#check:173,b=4
VW,context=Main#check:173,k=-92
VW,context=Main#check:173,result=null
ME,returner=Main#check:173,value=null
MC,caller=Main#g:1,target=Main#check:174
VW,context=Main#check:174,a=4
VW,context=Main#check:174,b=4
VW,context=Main#check:174,k=-92
VW,context=Main#check:174,result=null
ME,returner=Main#check:174,value=null
MC,caller=Main#g:1,target=Main#check:175
VW,context=Main#check:175,a=4
VW,context=Main#check:175,b=4
VW,context=Main#check:175,k=-92
VW,context=Main#check:175,result=null
ME,returner=Main#check:175,value=null
VW,context=Main#g:1,i=-91
MC,caller=Main#g:1,target=Main#check:176
VW,context=Main#check:176,a=4
VW,context=Main#check:176,b=4
VW,context=Main#check:176,k=-91
VW,context=Main#check:176,result=null
ME,returner=Main#check:176,value=null
MC,caller=Main#g:1,target=Main#check:177
VW,context=Main#check:177,a=4
VW,context=Main#check:177,b=4
VW,context=Main#check:177,k=-91
VW,context=Main#check:177,result=null
ME,returner=Main#check:177,value=null
MC,caller=Main#g:1,target=Main#check:178
VW,context=Main#check:178,a=4
VW,context=Main#check:178,b=4
VW,context=Main#check:178,k=-91
VW,context=Main#check:178,result=null
ME,returner=Main#check:178,value=null
VW,context=Main#g:1,i=-90
MC,caller=Main#g:1,target=Main#check:179
VW,context=Main#check:179,a=4
VW,context=Main#check:179,b=4
VW,context=Main#check:179,k=-90
VW,context=Main#check:179,result=null
ME,returner=Main#check:179,value=null
MC,caller=Main#g:1,target=Main#check:180
VW,context=Main#check:180,a=4
VW,context=Main#check:180,b=4
VW,context=Main#check:180,k=-90
VW,context=Main#check:180,result=null
ME,returner=Main#check:180,value=null
MC,caller=Main#g:1,target=Main#check:181
VW,context=Main#check:181,a=4
VW,context=Main#check:181,b=4
VW,context=Main#check:181,k=-90
VW,context=Main#check:181,result=null
ME,returner=Main#check:181,value=null
VW,context=Main#g:1,i=-89
MC,caller=Main#g:1,target=Main#check:182
VW,context=Main#check:182,a=4
VW,context=Main#check:182,b=4
VW,context=Main#check:182,k=-89
VW,context=Main#check:182,result=null
ME,returner=Main#check:182,value=null
MC,caller=Main#g:1,target=Main#check:183
VW,context=Main#check:183,a=4
VW,context=Main#check:183,b=4
VW,context=Main#check:183,k=-89
VW,context=Main#check:183,result=null
ME,returner=Main#check:183,value=null
MC,caller=Main#g:1,target=Main#check:184
VW,context=Main#check:184,a=4
VW,context=Main#check:184,b=4
VW,context=Main#check:184,k=-89
VW,context=Main#check:184,result=null
ME,returner=Main#check:184,value=null
VW,context=Main#g:1,i=-88
MC,caller=Main#g:1,target=Main#check:185
VW,context=Main#check:185,a=4
VW,context=Main#check:185,b=4
VW,context=Main#check:185,k=-88
VW,context=Main#check:185,result=null
ME,returner=Main#check:185,value=null
MC,caller=Main#g:1,target=Main#check:186
VW,context=Main#check:186,a=4
VW,context=Main#check:186,b=4
VW,context=Main#check:186,k=-88
VW,context=Main#check:186,result=null
ME,returner=Main#check:186,value=null
MC,caller=Main#g:1,target=Main#check:187
VW,context=Main#check:187,a=4
VW,context=Main#check:187,b=4
VW,context=Main#check:187,k=-88
VW,context=Main#check:187,result=null
ME,returner=Main#check:187,value=null
VW,context=Main#g:1,i=-87
MC,caller=Main#g:1,target=Main#check:188
VW,context=Main#check:188,a=4
VW,context=Main#check:188,b=4
VW,context=Main#check:188,k=-87
VW,context=Main#check:188,result=null
ME,returner=Main#check:188,value=null
MC,caller=Main#g:1,target=Main#check:189
VW,context=Main#check:189,a=4
VW,context=Main#check:189,b=4
VW,context=Main#check:189,k=-87
VW,context=Main#check:189,result=null
ME,returner=Main#check:189,value=null
MC,caller=Main#g:1,target=Main#check:190
VW,context=Main#check:190,a=4
VW,context=Main#check:190,b=4
VW,context=Main#check:190,k=-87
VW,context=Main#check:190,result=null
ME,returner=Main#check:190,value=null
VW,context=Main#g:1,i=-86
MC,caller=Main#g:1,target=Main#check:191
VW,context=Main#check:191,a=4
VW,context=Main#check:191,b=4
VW,context=Main#check:191,k=-86
VW,context=Main#check:191,result=null
ME,returner=Main#check:191,value=null
MC,caller=Main#g:1,target=Main#check:192
VW,context=Main#check:192,a=4
VW,context=Main#check:192,b=4
VW,context=Main#check:192,k=-86
VW,context=Main#check:192,result=null
ME,returner=Main#check:192,value=null
MC,caller=Main#g:1,target=Main#check:193
VW,context=Main#check:193,a=4
VW,context=Main#check:193,b=4
VW,context=Main#check:193,k=-86
VW,context=Main#check:193,result=null
ME,returner=Main#check:193,value=null
VW,context=Main#g:1,i=-85
MC,caller=Main#g:1,target=Main#check:194
VW,context=Main#check:194,a=4
VW,context=Main#check:194,b=4
VW,context=Main#check:194,k=-85
VW,context=Main#check:194,result=null
ME,returner=Main#check:194,value=null
MC,caller=Main#g:1,target=Main#check:195
VW,context=Main#check:195,a=4
VW,context=Main#check:195,b=4
VW,context=Main#check:195,k=-85
VW,context=Main#check:195,result=null
ME,returner=Main#check:195,value=null
MC,caller=Main#g:1,target=Main#check:196
VW,context=Main#check:196,a=4
VW,context=Main#check:196,b=4
VW,context=Main#check:196,k=-85
VW,context=Main#check:196,result=null
ME,returner=Main#check:196,value=null
VW,context=Main#g:1,i=-84
MC,caller=Main#g:1,target=Main#check:197
VW,context=Main#check:197,a=4
VW,context=Main#check:197,b=4
VW,context=Main#check:197,k=-84
VW,context=Main#check:197,result=null
ME,returner=Main#check:197,value=null
MC,caller=Main#g:1,target=Main#check:198
VW,context=Main#check:198,a=4
VW,context=Main#check:198,b=4
VW,context=Main#check:198,k=-84
VW,context=Main#check:198,result=null
ME,returner=Main#check:198,value=null
MC,caller=Main#g:1,target=Main#check:199
VW,context=Main#check:199,a=4
VW,context=Main#check:199,b=4
VW,context=Main#check:199,k=-84
VW,context=Main#check:199,result=null
ME,returner=Main#check:199,value=null
VW,context=Main#g:1,i=-83
MC,caller=Main#g:1,target=Main#check:200
VW,context=Main#check:200,a=4
VW,context=Main#check:200,b=4
VW,context=Main#check:200,k=-83
VW,context=Main#check:200,result=null
ME,returner=Main#check:200,value=null
MC,caller=Main#g:1,target=Main#check:201
VW,context=Main#check:201,a=4
VW,context=Main#check:201,b=4
VW,context=Main#check:201,k=-83
VW,context=Main#check:201,result=null
ME,returner=Main#check:201,value=null
MC,caller=Main#g:1,target=Main#check:202
VW,context=Main#check:202,a=4
VW,context=Main#check:202,b=4
VW,context=Main#check:202,k=-83
VW,context=Main#check:202,result=null
ME,returner=Main#check:202,value=null
VW,context=Main#g:1,i=-82
MC,caller=Main#g:1,target=Main#check:203
VW,context=Main#check:203,a=4
VW,context=Main#check:203,b=4
VW,context=Main#check:203,k=-82
VW,context=Main#check:203,result=null
ME,returner=Main#check:203,value=null
MC,caller=Main#g:1,target=Main#check:204
VW,context=Main#check:204,a=4
VW,context=Main#check:204,b=4
VW,context=Main#check:204,k=-82
VW,context=Main#check:204,result=null
ME,returner=Main#check:204,value=null
MC,caller=Main#g:1,target=Main#check:205
VW,context=Main#check:205,a=4
VW,context=Main#check:205,b=4
VW,context=Main#check:205,k=-82
VW,context=Main#check:205,result=null
ME,returner=Main#check:205,value=null
VW,context=Main#g:1,i=-81
MC,caller=Main#g:1,target=Main#check:206
VW,context=Main#check:206,a=4
VW,context=Main#check:206,b=4
VW,context=Main#check:206,k=-81
VW,context=Main#check:206,result=null
ME,returner=Main#check:206,value=null
MC,caller=Main#g:1,target=Main#check:207
VW,context=Main#check:207,a=4
VW,context=Main#check:207,b=4
VW,context=Main#check:207,k=-81
VW,context=Main#check:207,result=null
ME,returner=Main#check:207,value=null
MC,caller=Main#g:1,target=Main#check:208
VW,context=Main#check:208,a=4
VW,context=Main#check:208,b=4
VW,context=Main#check:208,k=-81
VW,context=Main#check:208,result=null
ME,returner=Main#check:208,value=null
VW,context=Main#g:1,i=-80
MC,caller=Main#g:1,target=Main#check:209
VW,context=Main#check:209,a=4
VW,context=Main#check:209,b=4
VW,context=Main#check:209,k=-80
VW,context=Main#check:209,result=null
ME,returner=Main#check:209,value=null
MC,caller=Main#g:1,target=Main#check:210
VW,context=Main#check:210,a=4
VW,context=Main#check:210,b=4
VW,context=Main#check:210,k=-80
VW,context=Main#check:210,result=null
ME,returner=Main#check:210,value=null
MC,caller=Main#g:1,target=Main#check:211
VW,context=Main#check:211,a=4
VW,context=Main#check:211,b=4
VW,context=Main#check:211,k=-80
VW,context=Main#check:211,result=null
ME,returner=Main#check:211,value=null
VW,context=Main#g:1,i=-79
MC,caller=Main#g:1,target=Main#check:212
VW,context=Main#check:212,a=4
VW,context=Main#check:212,b=4
VW,context=Main#check:212,k=-79
VW,context=Main#check:212,result=null
ME,returner=Main#check:212,value=null
MC,caller=Main#g:1,target=Main#check:213
VW,context=Main#check:213,a=4
VW,context=Main#check:213,b=4
VW,context=Main#check:213,k=-79
VW,context=Main#check:213,result=null
ME,returner=Main#check:213,value=null
MC,caller=Main#g:1,target=Main#check:214
VW,context=Main#check:214,a=4
VW,context=Main#check:214,b=4
VW,context=Main#check:214,k=-79
VW,context=Main#check:214,result=null
ME,returner=Main#check:214,value=null
VW,context=Main#g:1,i=-78
MC,caller=Main#g:1,target=Main#check:215
VW,context=Main#check:215,a=4
VW,context=Main#check:215,b=4
VW,context=Main#check:215,k=-78
VW,context=Main#check:215,result=null
ME,returner=Main#check:215,value=null
MC,caller=Main#g:1,target=Main#check:216
VW,context=Main#check:216,a=4
VW,context=Main#check:216,b=4
VW,context=Main#check:216,k=-78
VW,context=Main#check:216,result=null
ME,returner=Main#check:216,value=null
MC,caller=Main#g:1,target=Main#check:217
VW,context=Main#check:217,a=4
VW,context=Main#check:217,b=4
VW,context=Main#check:217,k=-78
VW,context=Main#check:217,result=null
ME,returner=Main#check:217,value=null
VW,context=Main#g:1,i=-77
MC,caller=Main#g:1,target=Main#check:218
VW,context=Main#check:218,a=4
VW,context=Main#check:218,b=4
VW,context=Main#check:218,k=-77
VW,context=Main#check:218,result=null
ME,returner=Main#check:218,value=null
MC,caller=Main#g:1,target=Main#check:219
VW,context=Main#check:219,a=4
VW,context=Main#check:219,b=4
VW,context=Main#check:219,k=-77
VW,context=Main#check:219,result=null
ME,returner=Main#check:219,value=null
MC,caller=Main#g:1,target=Main#check:220
VW,context=Main#check:220,a=4
VW,context=Main#check:220,b=4
VW,context=Main#check:220,k=-77
VW,context=Main#check:220,result=null
ME,returner=Main#check:220,value=null
VW,context=Main#g:1,i=-76
MC,caller=Main#g:1,target=Main#check:221
VW,context=Main#check:221,a=4
VW,context=Main#check:221,b=4
VW,context=Main#check:221,k=-76
VW,context=Main#check:221,result=null
ME,returner=Main#check:221,value=null
MC,caller=Main#g:1,target=Main#check:222
VW,context=Main#check:222,a=4
VW,context=Main#check:222,b=4
VW,context=Main#check:222,k=-76
VW,context=Main#check:222,result=null
ME,returner=Main#check:222,value=null
MC,caller=Main#g:1,target=Main#check:223
VW,context=Main#check:223,a=4
VW,context=Main#check:223,b=4
VW,context=Main#check:223,k=-76
VW,context=Main#check:223,result=null
ME,returner=Main#check:223,value=null
VW,context=Main#g:1,i=-75
MC,caller=Main#g:1,target=Main#check:224
VW,context=Main#check:224,a=4
VW,context=Main#check:224,b=4
VW,context=Main#check:224,k=-75
VW,context=Main#check:224,result=null
ME,returner=Main#check:224,value=null
MC,caller=Main#g:1,target=Main#check:225
VW,context=Main#check:225,a=4
VW,context=Main#check:225,b=4
VW,context=Main#check:225,k=-75
VW,context=Main#check:225,result=null
ME,returner=Main#check:225,value=null
MC,caller=Main#g:1,target=Main#check:226
VW,context=Main#check:226,a=4
VW,context=Main#check:226,b=4
VW,context=Main#check:226,k=-75
VW,context=Main#check:226,result=null
ME,returner=Main#check:226,value=null
VW,context=Main#g:1,i=-74
MC,caller=Main#g:1,target=Main#check:227
VW,context=Main#check:227,a=4
VW,context=Main#check:227,b=4
VW,context=Main#check:227,k=-74
VW,context=Main#check:227,result=null
ME,returner=Main#check:227,value=null
MC,caller=Main#g:1,target=Main#check:228
VW,context=Main#check:228,a=4
VW,context=Main#check:228,b=4
VW,context=Main#check:228,k=-74
VW,context=Main#check:228,result=null
ME,returner=Main#check:228,value=null
MC,caller=Main#g:1,target=Main#check:229
VW,context=Main#check:229,a=4
VW,context=Main#check:229,b=4
VW,context=Main#check:229,k=-74
VW,context=Main#check:229,result=null
ME,returner=Main#check:229,value=null
VW,context=Main#g:1,i=-73
MC,caller=Main#g:1,target=Main#check:230
VW,context=Main#check:230,a=4
VW,context=Main#check:230,b=4
VW,context=Main#check:230,k=-73
VW,context=Main#check:230,result=null
ME,returner=Main#check:230,value=null
MC,caller=Main#g:1,target=Main#check:231
VW,context=Main#check:231,a=4
VW,context=Main#check:231,b=4
VW,context=Main#check:231,k=-73
VW,context=Main#check:231,result=null
ME,returner=Main#check:231,value=null
MC,caller=Main#g:1,target=Main#check:232
VW,context=Main#check:232,a=4
VW,context=Main#check:232,b=4
VW,context=Main#check:232,k=-73
VW,context=Main#check:232,result=null
ME,returner=Main#check:232,value=null
VW,context=Main#g:1,i=-72
MC,caller=Main#g:1,target=Main#check:233
VW,context=Main#check:233,a=4
VW,context=Main#check:233,b=4
VW,context=Main#check:233,k=-72
VW,context=Main#check:233,result=null
ME,returner=Main#check:233,value=null
MC,caller=Main#g:1,target=Main#check:234
VW,context=Main#check:234,a=4
VW,context=Main#check:234,b=4
VW,context=Main#check:234,k=-72
VW,context=Main#check:234,result=null
ME,returner=Main#check:234,value=null
MC,caller=Main#g:1,target=Main#check:235
VW,context=Main#check:235,a=4
VW,context=Main#check:235,b=4
VW,context=Main#check:235,k=-72
VW,context=Main#check:235,result=null
ME,returner=Main#check:235,value=null
VW,context=Main#g:1,i=-71
MC,caller=Main#g:1,target=Main#check:236
VW,context=Main#check:236,a=4
VW,context=Main#check:236,b=4
VW,context=Main#check:236,k=-71
VW,context=Main#check:236,result=null
ME,returner=Main#check:236,value=null
MC,caller=Main#g:1,target=Main#check:237
VW,context=Main#check:237,a=4
VW,context=Main#check:237,b=4
VW,context=Main#check:237,k=-71
VW,context=Main#check:237,result=null
ME,returner=Main#check:237,value=null
MC,caller=Main#g:1,target=Main#check:238
VW,context=Main#check:238,a=4
VW,context=Main#check:238,b=4
VW,context=Main#check:238,k=-71
VW,context=Main#check:238,result=null
ME,returner=Main#check:238,value=null
VW,context=Main#g:1,i=-70
MC,caller=Main#g:1,target=Main#check:239
VW,context=Main#check:239,a=4
VW,context=Main#check:239,b=4
VW,context=Main#check:239,k=-70
VW,context=Main#check:239,result=null
ME,returner=Main#check:239,value=null
MC,caller=Main#g:1,target=Main#check:240
VW,context=Main#check:240,a=4
VW,context=Main#check:240,b=4
VW,context=Main#check:240,k=-70
VW,context=Main#check:240,result=null
ME,returner=Main#check:240,value=null
MC,caller=Main#g:1,target=Main#check:241
VW,context=Main#check:241,a=4
VW,context=Main#check:241,b=4
VW,context=Main#check:241,k=-70
VW,context=Main#check:241,result=null
ME,returner=Main#check:241,value=null
VW,context=Main#g:1,i=-69
MC,caller=Main#g:1,target=Main#check:242
VW,context=Main#check:242,a=4
VW,context=Main#check:242,b=4
VW,context=Main#check:242,k=-69
VW,context=Main#check:242,result=null
ME,returner=Main#check:242,value=null
MC,caller=Main#g:1,target=Main#check:243
VW,context=Main#check:243,a=4
VW,context=Main#check:243,b=4
VW,context=Main#check:243,k=-69
VW,context=Main#check:243,result=null
ME,returner=Main#check:243,value=null
MC,caller=Main#g:1,target=Main#check:244
VW,context=Main#check:244,a=4
VW,context=Main#check:244,b=4
VW,context=Main#check:244,k=-69
VW,context=Main#check:244,result=null
ME,returner=Main#check:244,value=null
VW,context=Main#g:1,i=-68
MC,caller=Main#g:1,target=Main#check:245
VW,context=Main#check:245,a=4
VW,context=Main#check:245,b=4
VW,context=Main#check:245,k=-68
VW,context=Main#check:245,result=null
ME,returner=Main#check:245,value=null
MC,caller=Main#g:1,target=Main#check:246
VW,context=Main#check:246,a=4
VW,context=Main#check:246,b=4
VW,context=Main#check:246,k=-68
VW,context=Main#check:246,result=null
ME,returner=Main#check:246,value=null
MC,caller=Main#g:1,target=Main#check:247
VW,context=Main#check:247,a=4
VW,context=Main#check:247,b=4
VW,context=Main#check:247,k=-68
VW,context=Main#check:247,result=null
ME,returner=Main#check:247,value=null
VW,context=Main#g:1,i=-67
MC,caller=Main#g:1,target=Main#check:248
VW,context=Main#check:248,a=4
VW,context=Main#check:248,b=4
VW,context=Main#check:248,k=-67
VW,context=Main#check:248,result=null
ME,returner=Main#check:248,value=null
MC,caller=Main#g:1,target=Main#check:249
VW,context=Main#check:249,a=4
VW,context=Main#check:249,b=4
VW,context=Main#check:249,k=-67
VW,context=Main#check:249,result=null
ME,returner=Main#check:249,value=null
MC,caller=Main#g:1,target=Main#check:250
VW,context=Main#check:250,a=4
VW,context=Main#check:250,b=4
VW,context=Main#check:250,k=-67
VW,context=Main#check:250,result=null
ME,returner=Main#check:250,value=null
VW,context=Main#g:1,i=-66
MC,caller=Main#g:1,target=Main#check:251
VW,context=Main#check:251,a=4
VW,context=Main#check:251,b=4
VW,context=Main#check:251,k=-66
VW,context=Main#check:251,result=null
ME,returner=Main#check:251,value=null
MC,caller=Main#g:1,target=Main#check:252
VW,context=Main#check:252,a=4
VW,context=Main#check:252,b=4
VW,context=Main#check:252,k=-66
VW,context=Main#check:252,result=null
ME,returner=Main#check:252,value=null
MC,caller=Main#g:1,target=Main#check:253
VW,context=Main#check:253,a=4
VW,context=Main#check:253,b=4
VW,context=Main#check:253,k=-66
VW,context=Main#check:253,result=null
ME,returner=Main#check:253,value=null
VW,context=Main#g:1,i=-65
MC,caller=Main#g:1,target=Main#check:254
VW,context=Main#check:254,a=4
VW,context=Main#check:254,b=4
VW,context=Main#check:254,k=-65
VW,context=Main#check:254,result=null
ME,returner=Main#check:254,value=null
MC,caller=Main#g:1,target=Main#check:255
VW,context=Main#check:255,a=4
VW,context=Main#check:255,b=4
VW,context=Main#check:255,k=-65
VW,context=Main#check:255,result=null
ME,returner=Main#check:255,value=null
MC,caller=Main#g:1,target=Main#check:256
VW,context=Main#check:256,a=4
VW,context=Main#check:256,b=4
VW,context=Main#check:256,k=-65
VW,context=Main#check:256,result=null
ME,returner=Main#check:256,value=null
VW,context=Main#g:1,i=-64
MC,caller=Main#g:1,target=Main#check:257
VW,context=Main#check:257,a=4
VW,context=Main#check:257,b=4
VW,context=Main#check:257,k=-64
VW,context=Main#check:257,result=null
ME,returner=Main#check:257,value=null
MC,caller=Main#g:1,target=Main#check:258
VW,context=Main#check:258,a=4
VW,context=Main#check:258,b=4
VW,context=Main#check:258,k=-64
VW,context=Main#check:258,result=null
ME,returner=Main#check:258,value=null
MC,caller=Main#g:1,target=Main#check:259
VW,context=Main#check:259,a=4
VW,context=Main#check:259,b=4
VW,context=Main#check:259,k=-64
VW,context=Main#check:259,result=null
ME,returner=Main#check:259,value=null
VW,context=Main#g:1,i=-63
MC,caller=Main#g:1,target=Main#check:260
VW,context=Main#check:260,a=4
VW,context=Main#check:260,b=4
VW,context=Main#check:260,k=-63
VW,context=Main#check:260,result=null
ME,returner=Main#check:260,value=null
MC,caller=Main#g:1,target=Main#check:261
VW,context=Main#check:261,a=4
VW,context=Main#check:261,b=4
VW,context=Main#check:261,k=-63
VW,context=Main#check:261,result=null
ME,returner=Main#check:261,value=null
MC,caller=Main#g:1,target=Main#check:262
VW,context=Main#check:262,a=4
VW,context=Main#check:262,b=4
VW,context=Main#check:262,k=-63
VW,context=Main#check:262,result=null
ME,returner=Main#check:262,value=null
VW,context=Main#g:1,i=-62
MC,caller=Main#g:1,target=Main#check:263
VW,context=Main#check:263,a=4
VW,context=Main#check:263,b=4
VW,context=Main#check:263,k=-62
VW,context=Main#check:263,result=null
ME,returner=Main#check:263,value=null
MC,caller=Main#g:1,target=Main#check:264
VW,context=Main#check:264,a=4
VW,context=Main#check:264,b=4
VW,context=Main#check:264,k=-62
VW,context=Main#check:264,result=null
ME,returner=Main#check:264,value=null
MC,caller=Main#g:1,target=Main#check:265
VW,context=Main#check:265,a=4
VW,context=Main#check:265,b=4
VW,context=Main#check:265,k=-62
VW,context=Main#check:265,result=null
ME,returner=Main#check:265,value=null
VW,context=Main#g:1,i=-61
MC,caller=Main#g:1,target=Main#check:266
VW,context=Main#check:266,a=4
VW,context=Main#check:266,b=4
VW,context=Main#check:266,k=-61
VW,context=Main#check:266,result=null
ME,returner=Main#check:266,value=null
MC,caller=Main#g:1,target=Main#check:267
VW,context=Main#check:267,a=4
VW,context=Main#check:267,b=4
VW,context=Main#check:267,k=-61
VW,context=Main#check:267,result=null
ME,returner=Main#check:267,value=null
MC,caller=Main#g:1,target=Main#check:268
VW,context=Main#check:268,a=4
VW,context=Main#check:268,b=4
VW,context=Main#check:268,k=-61
VW,context=Main#check:268,result=null
ME,returner=Main#check:268,value=null
VW,context=Main#g:1,i=-60
MC,caller=Main#g:1,target=Main#check:269
VW,context=Main#check:269,a=4
VW,context=Main#check:269,b=4
VW,context=Main#check:269,k=-60
VW,context=Main#check:269,result=null
ME,returner=Main#check:269,value=null
MC,caller=Main#g:1,target=Main#check:270
VW,context=Main#check:270,a=4
VW,context=Main#check:270,b=4
VW,context=Main#check:270,k=-60
VW,context=Main#check:270,result=null
ME,returner=Main#check:270,value=null
MC,caller=Main#g:1,target=Main#check:271
VW,context=Main#check:271,a=4
VW,context=Main#check:271,b=4
VW,context=Main#check:271,k=-60
VW,context=Main#check:271,result=null
ME,returner=Main#check:271,value=null
VW,context=Main#g:1,i=-59
MC,caller=Main#g:1,target=Main#check:272
VW,context=Main#check:272,a=4
VW,context=Main#check:272,b=4
VW,context=Main#check:272,k=-59
VW,context=Main#check:272,result=null
ME,returner=Main#check:272,value=null
MC,caller=Main#g:1,target=Main#check:273
VW,context=Main#check:273,a=4
VW,context=Main#check:273,b=4
VW,context=Main#check:273,k=-59
VW,context=Main#check:273,result=null
ME,returner=Main#check:273,value=null
MC,caller=Main#g:1,target=Main#check:274
VW,context=Main#check:274,a=4
VW,context=Main#check:274,b=4
VW,context=Main#check:274,k=-59
VW,context=Main#check:274,result=null
ME,returner=Main#check:274,value=null
VW,context=Main#g:1,i=-58
MC,caller=Main#g:1,target=Main#check:275
VW,context=Main#check:275,a=4
VW,context=Main#check:275,b=4
VW,context=Main#check:275,k=-58
VW,context=Main#check:275,result=null
ME,returner=Main#check:275,value=null
MC,caller=Main#g:1,target=Main#check:276
VW,context=Main#check:276,a=4
VW,context=Main#check:276,b=4
VW,context=Main#check:276,k=-58
VW,context=Main#check:276,result=null
ME,returner=Main#check:276,value=null
MC,caller=Main#g:1,target=Main#check:277
VW,context=Main#check:277,a=4
VW,context=Main#check:277,b=4
VW,context=Main#check:277,k=-58
VW,context=Main#check:277,result=null
ME,returner=Main#check:277,value=null
VW,context=Main#g:1,i=-57
MC,caller=Main#g:1,target=Main#check:278
VW,context=Main#check:278,a=4
VW,context=Main#check:278,b=4
VW,context=Main#check:278,k=-57
VW,context=Main#check:278,result=null
ME,returner=Main#check:278,value=null
MC,caller=Main#g:1,target=Main#check:279
VW,context=Main#check:279,a=4
VW,context=Main#check:279,b=4
VW,context=Main#check:279,k=-57
VW,context=Main#check:279,result=null
ME,returner=Main#check:279,value=null
MC,caller=Main#g:1,target=Main#check:280
VW,context=Main#check:280,a=4
VW,context=Main#check:280,b=4
VW,context=Main#check:280,k=-57
VW,context=Main#check:280,result=null
ME,returner=Main#check:280,value=null
VW,context=Main#g:1,i=-56
MC,caller=Main#g:1,target=Main#check:281
VW,context=Main#check:281,a=4
VW,context=Main#check:281,b=4
VW,context=Main#check:281,k=-56
VW,context=Main#check:281,result=null
ME,returner=Main#check:281,value=null
MC,caller=Main#g:1,target=Main#check:282
VW,context=Main#check:282,a=4
VW,context=Main#check:282,b=4
VW,context=Main#check:282,k=-56
VW,context=Main#check:282,result=null
ME,returner=Main#check:282,value=null
MC,caller=Main#g:1,target=Main#check:283
VW,context=Main#check:283,a=4
VW,context=Main#check:283,b=4
VW,context=Main#check:283,k=-56
VW,context=Main#check:283,result=null
ME,returner=Main#check:283,value=null
VW,context=Main#g:1,i=-55
MC,caller=Main#g:1,target=Main#check:284
VW,context=Main#check:284,a=4
VW,context=Main#check:284,b=4
VW,context=Main#check:284,k=-55
VW,context=Main#check:284,result=null
ME,returner=Main#check:284,value=null
MC,caller=Main#g:1,target=Main#check:285
VW,context=Main#check:285,a=4
VW,context=Main#check:285,b=4
VW,context=Main#check:285,k=-55
VW,context=Main#check:285,result=null
ME,returner=Main#check:285,value=null
MC,caller=Main#g:1,target=Main#check:286
VW,context=Main#check:286,a=4
VW,context=Main#check:286,b=4
VW,context=Main#check:286,k=-55
VW,context=Main#check:286,result=null
ME,returner=Main#check:286,value=null
VW,context=Main#g:1,i=-54
MC,caller=Main#g:1,target=Main#check:287
VW,context=Main#check:287,a=4
VW,context=Main#check:287,b=4
VW,context=Main#check:287,k=-54
VW,context=Main#check:287,result=null
ME,returner=Main#check:287,value=null
MC,caller=Main#g:1,target=Main#check:288
VW,context=Main#check:288,a=4
VW,context=Main#check:288,b=4
VW,context=Main#check:288,k=-54
VW,context=Main#check:288,result=null
ME,returner=Main#check:288,value=null
MC,caller=Main#g:1,target=Main#check:289
VW,context=Main#check:289,a=4
VW,context=Main#check:289,b=4
VW,context=Main#check:289,k=-54
VW,context=Main#check:289,result=null
ME,returner=Main#check:289,value=null
VW,context=Main#g:1,i=-53
MC,caller=Main#g:1,target=Main#check:290
VW,context=Main#check:290,a=4
VW,context=Main#check:290,b=4
VW,context=Main#check:290,k=-53
VW,context=Main#check:290,result=null
ME,returner=Main#check:290,value=null
MC,caller=Main#g:1,target=Main#check:291
VW,context=Main#check:291,a=4
VW,context=Main#check:291,b=4
VW,context=Main#check:291,k=-53
VW,context=Main#check:291,result=null
ME,returner=Main#check:291,value=null
MC,caller=Main#g:1,target=Main#check:292
VW,context=Main#check:292,a=4
VW,context=Main#check:292,b=4
VW,context=Main#check:292,k=-53
VW,context=Main#check:292,result=null
ME,returner=Main#check:292,value=null
VW,context=Main#g:1,i=-52
MC,caller=Main#g:1,target=Main#check:293
VW,context=Main#check:293,a=4
VW,context=Main#check:293,b=4
VW,context=Main#check:293,k=-52
VW,context=Main#check:293,result=null
ME,returner=Main#check:293,value=null
MC,caller=Main#g:1,target=Main#check:294
VW,context=Main#check:294,a=4
VW,context=Main#check:294,b=4
VW,context=Main#check:294,k=-52
VW,context=Main#check:294,result=null
ME,returner=Main#check:294,value=null
MC,caller=Main#g:1,target=Main#check:295
VW,context=Main#check:295,a=4
VW,context=Main#check:295,b=4
VW,context=Main#check:295,k=-52
VW,context=Main#check:295,result=null
ME,returner=Main#check:295,value=null
VW,context=Main#g:1,i=-51
MC,caller=Main#g:1,target=Main#check:296
VW,context=Main#check:296,a=4
VW,context=Main#check:296,b=4
VW,context=Main#check:296,k=-51
VW,context=Main#check:296,result=null
ME,returner=Main#check:296,value=null
MC,caller=Main#g:1,target=Main#check:297
VW,context=Main#check:297,a=4
VW,context=Main#check:297,b=4
VW,context=Main#check:297,k=-51
VW,context=Main#check:297,result=null
ME,returner=Main#check:297,value=null
MC,caller=Main#g:1,target=Main#check:298
VW,context=Main#check:298,a=4
VW,context=Main#check:298,b=4
VW,context=Main#check:298,k=-51
VW,context=Main#check:298,result=null
ME,returner=Main#check:298,value=null
VW,context=Main#g:1,i=-50
MC,caller=Main#g:1,target=Main#check:299
VW,context=Main#check:299,a=4
VW,context=Main#check:299,b=4
VW,context=Main#check:299,k=-50
VW,context=Main#check:299,result=null
ME,returner=Main#check:299,value=null
MC,caller=Main#g:1,target=Main#check:300
VW,context=Main#check:300,a=4
VW,context=Main#check:300,b=4
VW,context=Main#check:300,k=-50
VW,context=Main#check:300,result=null
ME,returner=Main#check:300,value=null
MC,caller=Main#g:1,target=Main#check:301
VW,context=Main#check:301,a=4
VW,context=Main#check:301,b=4
VW,context=Main#check:301,k=-50
VW,context=Main#check:301,result=null
ME,returner=Main#check:301,value=null
VW,context=Main#g:1,i=-49
MC,caller=Main#g:1,target=Main#check:302
VW,context=Main#check:302,a=4
VW,context=Main#check:302,b=4
VW,context=Main#check:302,k=-49
VW,context=Main#check:302,result=null
ME,returner=Main#check:302,value=null
MC,caller=Main#g:1,target=Main#check:303
VW,context=Main#check:303,a=4
VW,context=Main#check:303,b=4
VW,context=Main#check:303,k=-49
VW,context=Main#check:303,result=null
ME,returner=Main#check:303,value=null
MC,caller=Main#g:1,target=Main#check:304
VW,context=Main#check:304,a=4
VW,context=Main#check:304,b=4
VW,context=Main#check:304,k=-49
VW,context=Main#check:304,result=null
ME,returner=Main#check:304,value=null
VW,context=Main#g:1,i=-48
MC,caller=Main#g:1,target=Main#check:305
VW,context=Main#check:305,a=4
VW,context=Main#check:305,b=4
VW,context=Main#check:305,k=-48
VW,context=Main#check:305,result=null
ME,returner=Main#check:305,value=null
MC,caller=Main#g:1,target=Main#check:306
VW,context=Main#check:306,a=4
VW,context=Main#check:306,b=4
VW,context=Main#check:306,k=-48
VW,context=Main#check:306,result=null
ME,returner=Main#check:306,value=null
MC,caller=Main#g:1,target=Main#check:307
VW,context=Main#check:307,a=4
VW,context=Main#check:307,b=4
VW,context=Main#check:307,k=-48
VW,context=Main#check:307,result=null
ME,returner=Main#check:307,value=null
VW,context=Main#g:1,i=-47
MC,caller=Main#g:1,target=Main#check:308
VW,context=Main#check:308,a=4
VW,context=Main#check:308,b=4
VW,context=Main#check:308,k=-47
VW,context=Main#check:308,result=null
ME,returner=Main#check:308,value=null
MC,caller=Main#g:1,target=Main#check:309
VW,context=Main#check:309,a=4
VW,context=Main#check:309,b=4
VW,context=Main#check:309,k=-47
VW,context=Main#check:309,result=null
ME,returner=Main#check:309,value=null
MC,caller=Main#g:1,target=Main#check:310
VW,context=Main#check:310,a=4
VW,context=Main#check:310,b=4
VW,context=Main#check:310,k=-47
VW,context=Main#check:310,result=null
ME,returner=Main#check:310,value=null
VW,context=Main#g:1,i=-46
MC,caller=Main#g:1,target=Main#check:311
VW,context=Main#check:311,a=4
VW,context=Main#check:311,b=4
VW,context=Main#check:311,k=-46
VW,context=Main#check:311,result=null
ME,returner=Main#check:311,value=null
MC,caller=Main#g:1,target=Main#check:312
VW,context=Main#check:312,a=4
VW,context=Main#check:312,b=4
VW,context=Main#check:312,k=-46
VW,context=Main#check:312,result=null
ME,returner=Main#check:312,value=null
MC,caller=Main#g:1,target=Main#check:313
VW,context=Main#check:313,a=4
VW,context=Main#check:313,b=4
VW,context=Main#check:313,k=-46
VW,context=Main#check:313,result=null
ME,returner=Main#check:313,value=null
VW,context=Main#g:1,i=-45
MC,caller=Main#g:1,target=Main#check:314
VW,context=Main#check:314,a=4
VW,context=Main#check:314,b=4
VW,context=Main#check:314,k=-45
VW,context=Main#check:314,result=null
ME,returner=Main#check:314,value=null
MC,caller=Main#g:1,target=Main#check:315
VW,context=Main#check:315,a=4
VW,context=Main#check:315,b=4
VW,context=Main#check:315,k=-45
VW,context=Main#check:315,result=null
ME,returner=Main#check:315,value=null
MC,caller=Main#g:1,target=Main#check:316
VW,context=Main#check:316,a=4
VW,context=Main#check:316,b=4
VW,context=Main#check:316,k=-45
VW,context=Main#check:316,result=null
ME,returner=Main#check:316,value=null
VW,context=Main#g:1,i=-44
MC,caller=Main#g:1,target=Main#check:317
VW,context=Main#check:317,a=4
VW,context=Main#check:317,b=4
VW,context=Main#check:317,k=-44
VW,context=Main#check:317,result=null
ME,returner=Main#check:317,value=null
MC,caller=Main#g:1,target=Main#check:318
VW,context=Main#check:318,a=4
VW,context=Main#check:318,b=4
VW,context=Main#check:318,k=-44
VW,context=Main#check:318,result=null
ME,returner=Main#check:318,value=null
MC,caller=Main#g:1,target=Main#check:319
VW,context=Main#check:319,a=4
VW,context=Main#check:319,b=4
VW,context=Main#check:319,k=-44
VW,context=Main#check:319,result=null
ME,returner=Main#check:319,value=null
VW,context=Main#g:1,i=-43
MC,caller=Main#g:1,target=Main#check:320
VW,context=Main#check:320,a=4
VW,context=Main#check:320,b=4
VW,context=Main#check:320,k=-43
VW,context=Main#check:320,result=null
ME,returner=Main#check:320,value=null
MC,caller=Main#g:1,target=Main#check:321
VW,context=Main#check:321,a=4
VW,context=Main#check:321,b=4
VW,context=Main#check:321,k=-43
VW,context=Main#check:321,result=null
ME,returner=Main#check:321,value=null
MC,caller=Main#g:1,target=Main#check:322
VW,context=Main#check:322,a=4
VW,context=Main#check:322,b=4
VW,context=Main#check:322,k=-43
VW,context=Main#check:322,result=null
ME,returner=Main#check:322,value=null
VW,context=Main#g:1,i=-42
MC,caller=Main#g:1,target=Main#check:323
VW,context=Main#check:323,a=4
VW,context=Main#check:323,b=4
VW,context=Main#check:323,k=-42
VW,context=Main#check:323,result=null
ME,returner=Main#check:323,value=null
MC,caller=Main#g:1,target=Main#check:324
VW,context=Main#check:324,a=4
VW,context=Main#check:324,b=4
VW,context=Main#check:324,k=-42
VW,context=Main#check:324,result=null
ME,returner=Main#check:324,value=null
MC,caller=Main#g:1,target=Main#check:325
VW,context=Main#check:325,a=4
VW,context=Main#check:325,b=4
VW,context=Main#check:325,k=-42
VW,context=Main#check:325,result=null
ME,returner=Main#check:325,value=null
VW,context=Main#g:1,i=-41
MC,caller=Main#g:1,target=Main#check:326
VW,context=Main#check:326,a=4
VW,context=Main#check:326,b=4
VW,context=Main#check:326,k=-41
VW,context=Main#check:326,result=null
ME,returner=Main#check:326,value=null
MC,caller=Main#g:1,target=Main#check:327
VW,context=Main#check:327,a=4
VW,context=Main#check:327,b=4
VW,context=Main#check:327,k=-41
VW,context=Main#check:327,result=null
ME,returner=Main#check:327,value=null
MC,caller=Main#g:1,target=Main#check:328
VW,context=Main#check:328,a=4
VW,context=Main#check:328,b=4
VW,context=Main#check:328,k=-41
VW,context=Main#check:328,result=null
ME,returner=Main#check:328,value=null
VW,context=Main#g:1,i=-40
MC,caller=Main#g:1,target=Main#check:329
VW,context=Main#check:329,a=4
VW,context=Main#check:329,b=4
VW,context=Main#check:329,k=-40
VW,context=Main#check:329,result=null
ME,returner=Main#check:329,value=null
MC,caller=Main#g:1,target=Main#check:330
VW,context=Main#check:330,a=4
VW,context=Main#check:330,b=4
VW,context=Main#check:330,k=-40
VW,context=Main#check:330,result=null
ME,returner=Main#check:330,value=null
MC,caller=Main#g:1,target=Main#check:331
VW,context=Main#check:331,a=4
VW,context=Main#check:331,b=4
VW,context=Main#check:331,k=-40
VW,context=Main#check:331,result=null
ME,returner=Main#check:331,value=null
VW,context=Main#g:1,i=-39
MC,caller=Main#g:1,target=Main#check:332
VW,context=Main#check:332,a=4
VW,context=Main#check:332,b=4
VW,context=Main#check:332,k=-39
VW,context=Main#check:332,result=null
ME,returner=Main#check:332,value=null
MC,caller=Main#g:1,target=Main#check:333
VW,context=Main#check:333,a=4
VW,context=Main#check:333,b=4
VW,context=Main#check:333,k=-39
VW,context=Main#check:333,result=null
ME,returner=Main#check:333,value=null
MC,caller=Main#g:1,target=Main#check:334
VW,context=Main#check:334,a=4
VW,context=Main#check:334,b=4
VW,context=Main#check:334,k=-39
VW,context=Main#check:334,result=null
ME,returner=Main#check:334,value=null
VW,context=Main#g:1,i=-38
MC,caller=Main#g:1,target=Main#check:335
VW,context=Main#check:335,a=4
VW,context=Main#check:335,b=4
VW,context=Main#check:335,k=-38
VW,context=Main#check:335,result=null
ME,returner=Main#check:335,value=null
MC,caller=Main#g:1,target=Main#check:336
VW,context=Main#check:336,a=4
VW,context=Main#check:336,b=4
VW,context=Main#check:336,k=-38
VW,context=Main#check:336,result=null
ME,returner=Main#check:336,value=null
MC,caller=Main#g:1,target=Main#check:337
VW,context=Main#check:337,a=4
VW,context=Main#check:337,b=4
VW,context=Main#check:337,k=-38
VW,context=Main#check:337,result=null
ME,returner=Main#check:337,value=null
VW,context=Main#g:1,i=-37
MC,caller=Main#g:1,target=Main#check:338
VW,context=Main#check:338,a=4
VW,context=Main#check:338,b=4
VW,context=Main#check:338,k=-37
VW,context=Main#check:338,result=null
ME,returner=Main#check:338,value=null
MC,caller=Main#g:1,target=Main#check:339
VW,context=Main#check:339,a=4
VW,context=Main#check:339,b=4
VW,context=Main#check:339,k=-37
VW,context=Main#check:339,result=null
ME,returner=Main#check:339,value=null
MC,caller=Main#g:1,target=Main#check:340
VW,context=Main#check:340,a=4
VW,context=Main#check:340,b=4
VW,context=Main#check:340,k=-37
VW,context=Main#check:340,result=null
ME,returner=Main#check:340,value=null
VW,context=Main#g:1,i=-36
MC,caller=Main#g:1,target=Main#check:341
VW,context=Main#check:341,a=4
VW,context=Main#check:341,b=4
VW,context=Main#check:341,k=-36
VW,context=Main#check:341,result=null
ME,returner=Main#check:341,value=null
MC,caller=Main#g:1,target=Main#check:342
VW,context=Main#check:342,a=4
VW,context=Main#check:342,b=4
VW,context=Main#check:342,k=-36
VW,context=Main#check:342,result=null
ME,returner=Main#check:342,value=null
MC,caller=Main#g:1,target=Main#check:343
VW,context=Main#check:343,a=4
VW,context=Main#check:343,b=4
VW,context=Main#check:343,k=-36
VW,context=Main#check:343,result=null
ME,returner=Main#check:343,value=null
VW,context=Main#g:1,i=-35
MC,caller=Main#g:1,target=Main#check:344
VW,context=Main#check:344,a=4
VW,context=Main#check:344,b=4
VW,context=Main#check:344,k=-35
VW,context=Main#check:344,result=null
ME,returner=Main#check:344,value=null
MC,caller=Main#g:1,target=Main#check:345
VW,context=Main#check:345,a=4
VW,context=Main#check:345,b=4
VW,context=Main#check:345,k=-35
VW,context=Main#check:345,result=null
ME,returner=Main#check:345,value=null
MC,caller=Main#g:1,target=Main#check:346
VW,context=Main#check:346,a=4
VW,context=Main#check:346,b=4
VW,context=Main#check:346,k=-35
VW,context=Main#check:346,result=null
ME,returner=Main#check:346,value=null
VW,context=Main#g:1,i=-34
MC,caller=Main#g:1,target=Main#check:347
VW,context=Main#check:347,a=4
VW,context=Main#check:347,b=4
VW,context=Main#check:347,k=-34
VW,context=Main#check:347,result=null
ME,returner=Main#check:347,value=null
MC,caller=Main#g:1,target=Main#check:348
VW,context=Main#check:348,a=4
VW,context=Main#check:348,b=4
VW,context=Main#check:348,k=-34
VW,context=Main#check:348,result=null
ME,returner=Main#check:348,value=null
MC,caller=Main#g:1,target=Main#check:349
VW,context=Main#check:349,a=4
VW,context=Main#check:349,b=4
VW,context=Main#check:349,k=-34
VW,context=Main#check:349,result=null
ME,returner=Main#check:349,value=null
VW,context=Main#g:1,i=-33
MC,caller=Main#g:1,target=Main#check:350
VW,context=Main#check:350,a=4
VW,context=Main#check:350,b=4
VW,context=Main#check:350,k=-33
VW,context=Main#check:350,result=null
ME,returner=Main#check:350,value=null
MC,caller=Main#g:1,target=Main#check:351
VW,context=Main#check:351,a=4
VW,context=Main#check:351,b=4
VW,context=Main#check:351,k=-33
VW,context=Main#check:351,result=null
ME,returner=Main#check:351,value=null
MC,caller=Main#g:1,target=Main#check:352
VW,context=Main#check:352,a=4
VW,context=Main#check:352,b=4
VW,context=Main#check:352,k=-33
VW,context=Main#check:352,result=null
ME,returner=Main#check:352,value=null
VW,context=Main#g:1,i=-32
MC,caller=Main#g:1,target=Main#check:353
VW,context=Main#check:353,a=4
VW,context=Main#check:353,b=4
VW,context=Main#check:353,k=-32
VW,context=Main#check:353,result=null
ME,returner=Main#check:353,value=null
MC,caller=Main#g:1,target=Main#check:354
VW,context=Main#check:354,a=4
VW,context=Main#check:354,b=4
VW,context=Main#check:354,k=-32
VW,context=Main#check:354,result=null
ME,returner=Main#check:354,value=null
MC,caller=Main#g:1,target=Main#check:355
VW,context=Main#check:355,a=4
VW,context=Main#check:355,b=4
VW,context=Main#check:355,k=-32
VW,context=Main#check:355,result=null
ME,returner=Main#check:355,value=null
VW,context=Main#g:1,i=-31
MC,caller=Main#g:1,target=Main#check:356
VW,context=Main#check:356,a=4
VW,context=Main#check:356,b=4
VW,context=Main#check:356,k=-31
VW,context=Main#check:356,result=null
ME,returner=Main#check:356,value=null
MC,caller=Main#g:1,target=Main#check:357
VW,context=Main#check:357,a=4
VW,context=Main#check:357,b=4
VW,context=Main#check:357,k=-31
VW,context=Main#check:357,result=null
ME,returner=Main#check:357,value=null
MC,caller=Main#g:1,target=Main#check:358
VW,context=Main#check:358,a=4
VW,context=Main#check:358,b=4
VW,context=Main#check:358,k=-31
VW,context=Main#check:358,result=null
ME,returner=Main#check:358,value=null
VW,context=Main#g:1,i=-30
MC,caller=Main#g:1,target=Main#check:359
VW,context=Main#check:359,a=4
VW,context=Main#check:359,b=4
VW,context=Main#check:359,k=-30
VW,context=Main#check:359,result=null
ME,returner=Main#check:359,value=null
MC,caller=Main#g:1,target=Main#check:360
VW,context=Main#check:360,a=4
VW,context=Main#check:360,b=4
VW,context=Main#check:360,k=-30
VW,context=Main#check:360,result=null
ME,returner=Main#check:360,value=null
MC,caller=Main#g:1,target=Main#check:361
VW,context=Main#check:361,a=4
VW,context=Main#check:361,b=4
VW,context=Main#check:361,k=-30
VW,context=Main#check:361,result=null
ME,returner=Main#check:361,value=null
VW,context=Main#g:1,i=-29
MC,caller=Main#g:1,target=Main#check:362
VW,context=Main#check:362,a=4
VW,context=Main#check:362,b=4
VW,context=Main#check:362,k=-29
VW,context=Main#check:362,result=null
ME,returner=Main#check:362,value=null
MC,caller=Main#g:1,target=Main#check:363
VW,context=Main#check:363,a=4
VW,context=Main#check:363,b=4
VW,context=Main#check:363,k=-29
VW,context=Main#check:363,result=null
ME,returner=Main#check:363,value=null
MC,caller=Main#g:1,target=Main#check:364
VW,context=Main#check:364,a=4
VW,context=Main#check:364,b=4
VW,context=Main#check:364,k=-29
VW,context=Main#check:364,result=null
ME,returner=Main#check:364,value=null
VW,context=Main#g:1,i=-28
MC,caller=Main#g:1,target=Main#check:365
VW,context=Main#check:365,a=4
VW,context=Main#check:365,b=4
VW,context=Main#check:365,k=-28
VW,context=Main#check:365,result=null
ME,returner=Main#check:365,value=null
MC,caller=Main#g:1,target=Main#check:366
VW,context=Main#check:366,a=4
VW,context=Main#check:366,b=4
VW,context=Main#check:366,k=-28
VW,context=Main#check:366,result=null
ME,returner=Main#check:366,value=null
MC,caller=Main#g:1,target=Main#check:367
VW,context=Main#check:367,a=4
VW,context=Main#check:367,b=4
VW,context=Main#check:367,k=-28
VW,context=Main#check:367,result=null
ME,returner=Main#check:367,value=null
VW,context=Main#g:1,i=-27
MC,caller=Main#g:1,target=Main#check:368
VW,context=Main#check:368,a=4
VW,context=Main#check:368,b=4
VW,context=Main#check:368,k=-27
VW,context=Main#check:368,result=null
ME,returner=Main#check:368,value=null
MC,caller=Main#g:1,target=Main#check:369
VW,context=Main#check:369,a=4
VW,context=Main#check:369,b=4
VW,context=Main#check:369,k=-27
VW,context=Main#check:369,result=null
ME,returner=Main#check:369,value=null
MC,caller=Main#g:1,target=Main#check:370
VW,context=Main#check:370,a=4
VW,context=Main#check:370,b=4
VW,context=Main#check:370,k=-27
VW,context=Main#check:370,result=null
ME,returner=Main#check:370,value=null
VW,context=Main#g:1,i=-26
MC,caller=Main#g:1,target=Main#check:371
VW,context=Main#check:371,a=4
VW,context=Main#check:371,b=4
VW,context=Main#check:371,k=-26
VW,context=Main#check:371,result=null
ME,returner=Main#check:371,value=null
MC,caller=Main#g:1,target=Main#check:372
VW,context=Main#check:372,a=4
VW,context=Main#check:372,b=4
VW,context=Main#check:372,k=-26
VW,context=Main#check:372,result=null
ME,returner=Main#check:372,value=null
MC,caller=Main#g:1,target=Main#check:373
VW,context=Main#check:373,a=4
VW,context=Main#check:373,b=4
VW,context=Main#check:373,k=-26
VW,context=Main#check:373,result=null
ME,returner=Main#check:373,value=null
VW,context=Main#g:1,i=-25
MC,caller=Main#g:1,target=Main#check:374
VW,context=Main#check:374,a=4
VW,context=Main#check:374,b=4
VW,context=Main#check:374,k=-25
VW,context=Main#check:374,result=null
ME,returner=Main#check:374,value=null
MC,caller=Main#g:1,target=Main#check:375
VW,context=Main#check:375,a=4
VW,context=Main#check:375,b=4
VW,context=Main#check:375,k=-25
VW,context=Main#check:375,result=null
ME,returner=Main#check:375,value=null
MC,caller=Main#g:1,target=Main#check:376
VW,context=Main#check:376,a=4
VW,context=Main#check:376,b=4
VW,context=Main#check:376,k=-25
VW,context=Main#check:376,result=null
ME,returner=Main#check:376,value=null
VW,context=Main#g:1,i=-24
MC,caller=Main#g:1,target=Main#check:377
VW,context=Main#check:377,a=4
VW,context=Main#check:377,b=4
VW,context=Main#check:377,k=-24
VW,context=Main#check:377,result=null
ME,returner=Main#check:377,value=null
MC,caller=Main#g:1,target=Main#check:378
VW,context=Main#check:378,a=4
VW,context=Main#check:378,b=4
VW,context=Main#check:378,k=-24
VW,context=Main#check:378,result=null
ME,returner=Main#check:378,value=null
MC,caller=Main#g:1,target=Main#check:379
VW,context=Main#check:379,a=4
VW,context=Main#check:379,b=4
VW,context=Main#check:379,k=-24
VW,context=Main#check:379,result=null
ME,returner=Main#check:379,value=null
VW,context=Main#g:1,i=-23
MC,caller=Main#g:1,target=Main#check:380
VW,context=Main#check:380,a=4
VW,context=Main#check:380,b=4
VW,context=Main#check:380,k=-23
VW,context=Main#check:380,result=null
ME,returner=Main#check:380,value=null
MC,caller=Main#g:1,target=Main#check:381
VW,context=Main#check:381,a=4
VW,context=Main#check:381,b=4
VW,context=Main#check:381,k=-23
VW,context=Main#check:381,result=null
ME,returner=Main#check:381,value=null
MC,caller=Main#g:1,target=Main#check:382
VW,context=Main#check:382,a=4
VW,context=Main#check:382,b=4
VW,context=Main#check:382,k=-23
VW,context=Main#check:382,result=null
ME,returner=Main#check:382,value=null
VW,context=Main#g:1,i=-22
MC,caller=Main#g:1,target=Main#check:383
VW,context=Main#check:383,a=4
VW,context=Main#check:383,b=4
VW,context=Main#check:383,k=-22
VW,context=Main#check:383,result=null
ME,returner=Main#check:383,value=null
MC,caller=Main#g:1,target=Main#check:384
VW,context=Main#check:384,a=4
VW,context=Main#check:384,b=4
VW,context=Main#check:384,k=-22
VW,context=Main#check:384,result=null
ME,returner=Main#check:384,value=null
MC,caller=Main#g:1,target=Main#check:385
VW,context=Main#check:385,a=4
VW,context=Main#check:385,b=4
VW,context=Main#check:385,k=-22
VW,context=Main#check:385,result=null
ME,returner=Main#check:385,value=null
VW,context=Main#g:1,i=-21
MC,caller=Main#g:1,target=Main#check:386
VW,context=Main#check:386,a=4
VW,context=Main#check:386,b=4
VW,context=Main#check:386,k=-21
VW,context=Main#check:386,result=null
ME,returner=Main#check:386,value=null
MC,caller=Main#g:1,target=Main#check:387
VW,context=Main#check:387,a=4
VW,context=Main#check:387,b=4
VW,context=Main#check:387,k=-21
VW,context=Main#check:387,result=null
ME,returner=Main#check:387,value=null
MC,caller=Main#g:1,target=Main#check:388
VW,context=Main#check:388,a=4
VW,context=Main#check:388,b=4
VW,context=Main#check:388,k=-21
VW,context=Main#check:388,result=null
ME,returner=Main#check:388,value=null
VW,context=Main#g:1,i=-20
MC,caller=Main#g:1,target=Main#check:389
VW,context=Main#check:389,a=4
VW,context=Main#check:389,b=4
VW,context=Main#check:389,k=-20
VW,context=Main#check:389,result=null
ME,returner=Main#check:389,value=null
MC,caller=Main#g:1,target=Main#check:390
VW,context=Main#check:390,a=4
VW,context=Main#check:390,b=4
VW,context=Main#check:390,k=-20
VW,context=Main#check:390,result=null
ME,returner=Main#check:390,value=null
MC,caller=Main#g:1,target=Main#check:391
VW,context=Main#check:391,a=4
VW,context=Main#check:391,b=4
VW,context=Main#check:391,k=-20
VW,context=Main#check:391,result=null
ME,returner=Main#check:391,value=null
VW,context=Main#g:1,i=-19
MC,caller=Main#g:1,target=Main#check:392
VW,context=Main#check:392,a=4
VW,context=Main#check:392,b=4
VW,context=Main#check:392,k=-19
VW,context=Main#check:392,result=null
ME,returner=Main#check:392,value=null
MC,caller=Main#g:1,target=Main#check:393
VW,context=Main#check:393,a=4
VW,context=Main#check:393,b=4
VW,context=Main#check:393,k=-19
VW,context=Main#check:393,result=null
ME,returner=Main#check:393,value=null
MC,caller=Main#g:1,target=Main#check:394
VW,context=Main#check:394,a=4
VW,context=Main#check:394,b=4
VW,context=Main#check:394,k=-19
VW,context=Main#check:394,result=null
ME,returner=Main#check:394,value=null
VW,context=Main#g:1,i=-18
MC,caller=Main#g:1,target=Main#check:395
VW,context=Main#check:395,a=4
VW,context=Main#check:395,b=4
VW,context=Main#check:395,k=-18
VW,context=Main#check:395,result=null
ME,returner=Main#check:395,value=null
MC,caller=Main#g:1,target=Main#check:396
VW,context=Main#check:396,a=4
VW,context=Main#check:396,b=4
VW,context=Main#check:396,k=-18
VW,context=Main#check:396,result=null
ME,returner=Main#check:396,value=null
MC,caller=Main#g:1,target=Main#check:397
VW,context=Main#check:397,a=4
VW,context=Main#check:397,b=4
VW,context=Main#check:397,k=-18
VW,context=Main#check:397,result=null
ME,returner=Main#check:397,value=null
VW,context=Main#g:1,i=-17
MC,caller=Main#g:1,target=Main#check:398
VW,context=Main#check:398,a=4
VW,context=Main#check:398,b=4
VW,context=Main#check:398,k=-17
VW,context=Main#check:398,result=null
ME,returner=Main#check:398,value=null
MC,caller=Main#g:1,target=Main#check:399
VW,context=Main#check:399,a=4
VW,context=Main#check:399,b=4
VW,context=Main#check:399,k=-17
VW,context=Main#check:399,result=null
ME,returner=Main#check:399,value=null
MC,caller=Main#g:1,target=Main#check:400
VW,context=Main#check:400,a=4
VW,context=Main#check:400,b=4
VW,context=Main#check:400,k=-17
VW,context=Main#check:400,result=null
ME,returner=Main#check:400,value=null
VW,context=Main#g:1,i=-16
MC,caller=Main#g:1,target=Main#check:401
VW,context=Main#check:401,a=4
VW,context=Main#check:401,b=4
VW,context=Main#check:401,k=-16
VW,context=Main#check:401,result=null
ME,returner=Main#check:401,value=null
MC,caller=Main#g:1,target=Main#check:402
VW,context=Main#check:402,a=4
VW,context=Main#check:402,b=4
VW,context=Main#check:402,k=-16
VW,context=Main#check:402,result=null
ME,returner=Main#check:402,value=null
MC,caller=Main#g:1,target=Main#check:403
VW,context=Main#check:403,a=4
VW,context=Main#check:403,b=4
VW,context=Main#check:403,k=-16
VW,context=Main#check:403,result=null
ME,returner=Main#check:403,value=null
VW,context=Main#g:1,i=-15
MC,caller=Main#g:1,target=Main#check:404
VW,context=Main#check:404,a=4
VW,context=Main#check:404,b=4
VW,context=Main#check:404,k=-15
VW,context=Main#check:404,result=null
ME,returner=Main#check:404,value=null
MC,caller=Main#g:1,target=Main#check:405
VW,context=Main#check:405,a=4
VW,context=Main#check:405,b=4
VW,context=Main#check:405,k=-15
VW,context=Main#check:405,result=null
ME,returner=Main#check:405,value=null
MC,caller=Main#g:1,target=Main#check:406
VW,context=Main#check:406,a=4
VW,context=Main#check:406,b=4
VW,context=Main#check:406,k=-15
VW,context=Main#check:406,result=null
ME,returner=Main#check:406,value=null
VW,context=Main#g:1,i=-14
MC,caller=Main#g:1,target=Main#check:407
VW,context=Main#check:407,a=4
VW,context=Main#check:407,b=4
VW,context=Main#check:407,k=-14
VW,context=Main#check:407,result=null
ME,returner=Main#check:407,value=null
MC,caller=Main#g:1,target=Main#check:408
VW,context=Main#check:408,a=4
VW,context=Main#check:408,b=4
VW,context=Main#check:408,k=-14
VW,context=Main#check:408,result=null
ME,returner=Main#check:408,value=null
MC,caller=Main#g:1,target=Main#check:409
VW,context=Main#check:409,a=4
VW,context=Main#check:409,b=4
VW,context=Main#check:409,k=-14
VW,context=Main#check:409,result=null
ME,returner=Main#check:409,value=null
VW,context=Main#g:1,i=-13
MC,caller=Main#g:1,target=Main#check:410
VW,context=Main#check:410,a=4
VW,context=Main#check:410,b=4
VW,context=Main#check:410,k=-13
VW,context=Main#check:410,result=null
ME,returner=Main#check:410,value=null
MC,caller=Main#g:1,target=Main#check:411
VW,context=Main#check:411,a=4
VW,context=Main#check:411,b=4
VW,context=Main#check:411,k=-13
VW,context=Main#check:411,result=null
ME,returner=Main#check:411,value=null
MC,caller=Main#g:1,target=Main#check:412
VW,context=Main#check:412,a=4
VW,context=Main#check:412,b=4
VW,context=Main#check:412,k=-13
VW,context=Main#check:412,result=null
ME,returner=Main#check:412,value=null
VW,context=Main#g:1,i=-12
MC,caller=Main#g:1,target=Main#check:413
VW,context=Main#check:413,a=4
VW,context=Main#check:413,b=4
VW,context=Main#check:413,k=-12
VW,context=Main#check:413,result=null
ME,returner=Main#check:413,value=null
MC,caller=Main#g:1,target=Main#check:414
VW,context=Main#check:414,a=4
VW,context=Main#check:414,b=4
VW,context=Main#check:414,k=-12
VW,context=Main#check:414,result=null
ME,returner=Main#check:414,value=null
MC,caller=Main#g:1,target=Main#check:415
VW,context=Main#check:415,a=4
VW,context=Main#check:415,b=4
VW,context=Main#check:415,k=-12
VW,context=Main#check:415,result=null
ME,returner=Main#check:415,value=null
VW,context=Main#g:1,i=-11
MC,caller=Main#g:1,target=Main#check:416
VW,context=Main#check:416,a=4
VW,context=Main#check:416,b=4
VW,context=Main#check:416,k=-11
VW,context=Main#check:416,result=null
ME,returner=Main#check:416,value=null
MC,caller=Main#g:1,target=Main#check:417
VW,context=Main#check:417,a=4
VW,context=Main#check:417,b=4
VW,context=Main#check:417,k=-11
VW,context=Main#check:417,result=null
ME,returner=Main#check:417,value=null
MC,caller=Main#g:1,target=Main#check:418
VW,context=Main#check:418,a=4
VW,context=Main#check:418,b=4
VW,context=Main#check:418,k=-11
VW,context=Main#check:418,result=null
ME,returner=Main#check:418,value=null
VW,context=Main#g:1,i=-10
MC,caller=Main#g:1,target=Main#check:419
VW,context=Main#check:419,a=4
VW,context=Main#check:419,b=4
VW,context=Main#check:419,k=-10
VW,context=Main#check:419,result=null
ME,returner=Main#check:419,value=null
MC,caller=Main#g:1,target=Main#check:420
VW,context=Main#check:420,a=4
VW,context=Main#check:420,b=4
VW,context=Main#check:420,k=-10
VW,context=Main#check:420,result=null
ME,returner=Main#check:420,value=null
MC,caller=Main#g:1,target=Main#check:421
VW,context=Main#check:421,a=4
VW,context=Main#check:421,b=4
VW,context=Main#check:421,k=-10
VW,context=Main#check:421,result=null
ME,returner=Main#check:421,value=null
MC,caller=Main#g:1,target=Main#check:422
VW,context=Main#check:422,a=4
VW,context=Main#check:422,b=4
VW,context=Main#check:422,k=-10
VW,context=Main#check:422,result=null
ME,returner=Main#check:422,value=null
VW,context=Main#g:1,i=-9
MC,caller=Main#g:1,target=Main#check:423
VW,context=Main#check:423,a=4
VW,context=Main#check:423,b=4
VW,context=Main#check:423,k=-9
VW,context=Main#check:423,result=null
ME,returner=Main#check:423,value=null
MC,caller=Main#g:1,target=Main#check:424
VW,context=Main#check:424,a=4
VW,context=Main#check:424,b=4
VW,context=Main#check:424,k=-9
VW,context=Main#check:424,result=null
ME,returner=Main#check:424,value=null
MC,caller=Main#g:1,target=Main#check:425
VW,context=Main#check:425,a=4
VW,context=Main#check:425,b=4
VW,context=Main#check:425,k=-9
VW,context=Main#check:425,result=null
ME,returner=Main#check:425,value=null
VW,context=Main#g:1,i=-8
MC,caller=Main#g:1,target=Main#check:426
VW,context=Main#check:426,a=4
VW,context=Main#check:426,b=4
VW,context=Main#check:426,k=-8
VW,context=Main#check:426,result=null
ME,returner=Main#check:426,value=null
MC,caller=Main#g:1,target=Main#check:427
VW,context=Main#check:427,a=4
VW,context=Main#check:427,b=4
VW,context=Main#check:427,k=-8
VW,context=Main#check:427,result=null
ME,returner=Main#check:427,value=null
MC,caller=Main#g:1,target=Main#check:428
VW,context=Main#check:428,a=4
VW,context=Main#check:428,b=4
VW,context=Main#check:428,k=-8
VW,context=Main#check:428,result=null
ME,returner=Main#check:428,value=null
VW,context=Main#g:1,i=-7
MC,caller=Main#g:1,target=Main#check:429
VW,context=Main#check:429,a=4
VW,context=Main#check:429,b=4
VW,context=Main#check:429,k=-7
VW,context=Main#check:429,result=null
ME,returner=Main#check:429,value=null
MC,caller=Main#g:1,target=Main#check:430
VW,context=Main#check:430,a=4
VW,context=Main#check:430,b=4
VW,context=Main#check:430,k=-7
VW,context=Main#check:430,result=null
ME,returner=Main#check:430,value=null
MC,caller=Main#g:1,target=Main#check:431
VW,context=Main#check:431,a=4
VW,context=Main#check:431,b=4
VW,context=Main#check:431,k=-7
VW,context=Main#check:431,result=null
ME,returner=Main#check:431,value=null
VW,context=Main#g:1,i=-6
MC,caller=Main#g:1,target=Main#check:432
VW,context=Main#check:432,a=4
VW,context=Main#check:432,b=4
VW,context=Main#check:432,k=-6
VW,context=Main#check:432,result=null
ME,returner=Main#check:432,value=null
MC,caller=Main#g:1,target=Main#check:433
VW,context=Main#check:433,a=4
VW,context=Main#check:433,b=4
VW,context=Main#check:433,k=-6
VW,context=Main#check:433,result=null
ME,returner=Main#check:433,value=null
MC,caller=Main#g:1,target=Main#check:434
VW,context=Main#check:434,a=4
VW,context=Main#check:434,b=4
VW,context=Main#check:434,k=-6
VW,context=Main#check:434,result=null
ME,returner=Main#check:434,value=null
VW,context=Main#g:1,i=-5
MC,caller=Main#g:1,target=Main#check:435
VW,context=Main#check:435,a=4
VW,context=Main#check:435,b=4
VW,context=Main#check:435,k=-5
VW,context=Main#check:435,result=null
ME,returner=Main#check:435,value=null
MC,caller=Main#g:1,target=Main#check:436
VW,context=Main#check:436,a=4
VW,context=Main#check:436,b=4
VW,context=Main#check:436,k=-5
VW,context=Main#check:436,result=null
ME,returner=Main#check:436,value=null
MC,caller=Main#g:1,target=Main#check:437
VW,context=Main#check:437,a=4
VW,context=Main#check:437,b=4
VW,context=Main#check:437,k=-5
VW,context=Main#check:437,result=null
ME,returner=Main#check:437,value=null
MC,caller=Main#g:1,target=Main#check:438
VW,context=Main#check:438,a=4
VW,context=Main#check:438,b=4
VW,context=Main#check:438,k=-5
VW,context=Main#check:438,result=null
ME,returner=Main#check:438,value=null
VW,context=Main#g:1,i=-4
MC,caller=Main#g:1,target=Main#check:439
VW,context=Main#check:439,a=4
VW,context=Main#check:439,b=4
VW,context=Main#check:439,k=-4
VW,context=Main#check:439,result=null
ME,returner=Main#check:439,value=null
MC,caller=Main#g:1,target=Main#check:440
VW,context=Main#check:440,a=4
VW,context=Main#check:440,b=4
VW,context=Main#check:440,k=-4
VW,context=Main#check:440,result=null
ME,returner=Main#check:440,value=null
MC,caller=Main#g:1,target=Main#check:441
VW,context=Main#check:441,a=4
VW,context=Main#check:441,b=4
VW,context=Main#check:441,k=-4
VW,context=Main#check:441,result=null
ME,returner=Main#check:441,value=null
VW,context=Main#g:1,i=-3
MC,caller=Main#g:1,target=Main#check:442
VW,context=Main#check:442,a=4
VW,context=Main#check:442,b=4
VW,context=Main#check:442,k=-3
VW,context=Main#check:442,result=null
ME,returner=Main#check:442,value=null
MC,caller=Main#g:1,target=Main#check:443
VW,context=Main#check:443,a=4
VW,context=Main#check:443,b=4
VW,context=Main#check:443,k=-3
VW,context=Main#check:443,result=null
ME,returner=Main#check:443,value=null
MC,caller=Main#g:1,target=Main#check:444
VW,context=Main#check:444,a=4
VW,context=Main#check:444,b=4
VW,context=Main#check:444,k=-3
VW,context=Main#check:444,result=null
ME,returner=Main#check:444,value=null
VW,context=Main#g:1,i=-2
MC,caller=Main#g:1,target=Main#check:445
VW,context=Main#check:445,a=4
VW,context=Main#check:445,b=4
VW,context=Main#check:445,k=-2
VW,context=Main#check:445,result=null
ME,returner=Main#check:445,value=null
MC,caller=Main#g:1,target=Main#check:446
VW,context=Main#check:446,a=4
VW,context=Main#check:446,b=4
VW,context=Main#check:446,k=-2
VW,context=Main#check:446,result=null
ME,returner=Main#check:446,value=null
MC,caller=Main#g:1,target=Main#check:447
VW,context=Main#check:447,a=4
VW,context=Main#check:447,b=4
VW,context=Main#check:447,k=-2
VW,context=Main#check:447,result=null
ME,returner=Main#check:447,value=null
MC,caller=Main#g:1,target=Main#check:448
VW,context=Main#check:448,a=4
VW,context=Main#check:448,b=4
VW,context=Main#check:448,k=-2
VW,context=Main#check:448,result=null
ME,returner=Main#check:448,value=null
VW,context=Main#g:1,i=-1
MC,caller=Main#g:1,target=Main#check:449
VW,context=Main#check:449,a=4
VW,context=Main#check:449,b=4
VW,context=Main#check:449,k=-1
VW,context=Main#check:449,result=null
ME,returner=Main#check:449,value=null
MC,caller=Main#g:1,target=Main#check:450
VW,context=Main#check:450,a=4
VW,context=Main#check:450,b=4
VW,context=Main#check:450,k=-1
VW,context=Main#check:450,result=null
ME,returner=Main#check:450,value=null
MC,caller=Main#g:1,target=Main#check:451
VW,context=Main#check:451,a=4
VW,context=Main#check:451,b=4
VW,context=Main#check:451,k=-1
VW,context=Main#check:451,result=null
ME,returner=Main#check:451,value=null
MC,caller=Main#g:1,target=Main#check:452
VW,context=Main#check:452,a=4
VW,context=Main#check:452,b=4
VW,context=Main#check:452,k=-1
VW,context=Main#check:452,result=null
ME,returner=Main#check:452,value=null
VW,context=Main#g:1,i=0
MC,caller=Main#g:1,target=Main#check:453
VW,context=Main#check:453,a=4
VW,context=Main#check:453,b=4
VW,context=Main#check:453,k=0
VW,context=Main#check:453,result=(4 - 4)
ME,returner=Main#check:453,value=(4 - 4)
MC,caller=Main#g:1,target=Main#check:454
VW,context=Main#check:454,a=4
VW,context=Main#check:454,b=4
VW,context=Main#check:454,k=10
VW,context=Main#check:454,result=null
ME,returner=Main#check:454,value=null
VW,context=Main#g:1,str1=(4 - 4)
MC,caller=Main#g:1,target=Main#check:455
VW,context=Main#check:455,a=4
VW,context=Main#check:455,b=4
VW,context=Main#check:455,k=0
VW,context=Main#check:455,result=(4 - 4)
ME,returner=Main#check:455,value=(4 - 4)
MC,caller=Main#g:1,target=Main#check:456
VW,context=Main#check:456,a=4
VW,context=Main#check:456,b=4
VW,context=Main#check:456,k=-10
VW,context=Main#check:456,result=null
ME,returner=Main#check:456,value=null
MC,caller=Main#g:1,target=Main#check:457
VW,context=Main#check:457,a=4
VW,context=Main#check:457,b=4
VW,context=Main#check:457,k=0
VW,context=Main#check:457,result=(4 - 4)
ME,returner=Main#check:457,value=(4 - 4)
MC,caller=Main#g:1,target=Main#check:458
VW,context=Main#check:458,a=4
VW,context=Main#check:458,b=4
VW,context=Main#check:458,k=10
VW,context=Main#check:458,result=null
ME,returner=Main#check:458,value=null
VW,context=Main#g:1,i=1
MC,caller=Main#g:1,target=Main#check:459
VW,context=Main#check:459,a=4
VW,context=Main#check:459,b=4
VW,context=Main#check:459,k=1
VW,context=Main#check:459,result=null
ME,returner=Main#check:459,value=null
VW,context=Main#g:1,str1=null
MC,caller=Main#g:1,target=Main#check:460
VW,context=Main#check:460,a=4
VW,context=Main#check:460,b=4
VW,context=Main#check:460,k=1
VW,context=Main#check:460,result=null
ME,returner=Main#check:460,value=null
MC,caller=Main#g:1,target=Main#check:461
VW,context=Main#check:461,a=4
VW,context=Main#check:461,b=4
VW,context=Main#check:461,k=1
VW,context=Main#check:461,result=null
ME,returner=Main#check:461,value=null
MC,caller=Main#g:1,target=Main#check:462
VW,context=Main#check:462,a=4
VW,context=Main#check:462,b=4
VW,context=Main#check:462,k=1
VW,context=Main#check:462,result=null
ME,returner=Main#check:462,value=null
VW,context=Main#g:1,i=2
MC,caller=Main#g:1,target=Main#check:463
VW,context=Main#check:463,a=4
VW,context=Main#check:463,b=4
VW,context=Main#check:463,k=2
VW,context=Main#check:463,result=null
ME,returner=Main#check:463,value=null
MC,caller=Main#g:1,target=Main#check:464
VW,context=Main#check:464,a=4
VW,context=Main#check:464,b=4
VW,context=Main#check:464,k=2
VW,context=Main#check:464,result=null
ME,returner=Main#check:464,value=null
MC,caller=Main#g:1,target=Main#check:465
VW,context=Main#check:465,a=4
VW,context=Main#check:465,b=4
VW,context=Main#check:465,k=2
VW,context=Main#check:465,result=null
ME,returner=Main#check:465,value=null
MC,caller=Main#g:1,target=Main#check:466
VW,context=Main#check:466,a=4
VW,context=Main#check:466,b=4
VW,context=Main#check:466,k=2
VW,context=Main#check:466,result=null
ME,returner=Main#check:466,value=null
VW,context=Main#g:1,i=3
MC,caller=Main#g:1,target=Main#check:467
VW,context=Main#check:467,a=4
VW,context=Main#check:467,b=4
VW,context=Main#check:467,k=3
VW,context=Main#check:467,result=null
ME,returner=Main#check:467,value=null
MC,caller=Main#g:1,target=Main#check:468
VW,context=Main#check:468,a=4
VW,context=Main#check:468,b=4
VW,context=Main#check:468,k=3
VW,context=Main#check:468,result=null
ME,returner=Main#check:468,value=null
MC,caller=Main#g:1,target=Main#check:469
VW,context=Main#check:469,a=4
VW,context=Main#check:469,b=4
VW,context=Main#check:469,k=3
VW,context=Main#check:469,result=null
ME,returner=Main#check:469,value=null
VW,context=Main#g:1,i=4
MC,caller=Main#g:1,target=Main#check:470
VW,context=Main#check:470,a=4
VW,context=Main#check:470,b=4
VW,context=Main#check:470,k=4
VW,context=Main#check:470,result=null
ME,returner=Main#check:470,value=null
MC,caller=Main#g:1,target=Main#check:471
VW,context=Main#check:471,a=4
VW,context=Main#check:471,b=4
VW,context=Main#check:471,k=4
VW,context=Main#check:471,result=null
ME,returner=Main#check:471,value=null
MC,caller=Main#g:1,target=Main#check:472
VW,context=Main#check:472,a=4
VW,context=Main#check:472,b=4
VW,context=Main#check:472,k=4
VW,context=Main#check:472,result=null
ME,returner=Main#check:472,value=null
VW,context=Main#g:1,i=5
MC,caller=Main#g:1,target=Main#check:473
VW,context=Main#check:473,a=4
VW,context=Main#check:473,b=4
VW,context=Main#check:473,k=5
VW,context=Main#check:473,result=null
ME,returner=Main#check:473,value=null
MC,caller=Main#g:1,target=Main#check:474
VW,context=Main#check:474,a=4
VW,context=Main#check:474,b=4
VW,context=Main#check:474,k=5
VW,context=Main#check:474,result=null
ME,returner=Main#check:474,value=null
MC,caller=Main#g:1,target=Main#check:475
VW,context=Main#check:475,a=4
VW,context=Main#check:475,b=4
VW,context=Main#check:475,k=5
VW,context=Main#check:475,result=null
ME,returner=Main#check:475,value=null
MC,caller=Main#g:1,target=Main#check:476
VW,context=Main#check:476,a=4
VW,context=Main#check:476,b=4
VW,context=Main#check:476,k=5
VW,context=Main#check:476,result=null
ME,returner=Main#check:476,value=null
VW,context=Main#g:1,i=6
MC,caller=Main#g:1,target=Main#check:477
VW,context=Main#check:477,a=4
VW,context=Main#check:477,b=4
VW,context=Main#check:477,k=6
VW,context=Main#check:477,result=null
ME,returner=Main#check:477,value=null
MC,caller=Main#g:1,target=Main#check:478
VW,context=Main#check:478,a=4
VW,context=Main#check:478,b=4
VW,context=Main#check:478,k=6
VW,context=Main#check:478,result=null
ME,returner=Main#check:478,value=null
MC,caller=Main#g:1,target=Main#check:479
VW,context=Main#check:479,a=4
VW,context=Main#check:479,b=4
VW,context=Main#check:479,k=6
VW,context=Main#check:479,result=null
ME,returner=Main#check:479,value=null
VW,context=Main#g:1,i=7
MC,caller=Main#g:1,target=Main#check:480
VW,context=Main#check:480,a=4
VW,context=Main#check:480,b=4
VW,context=Main#check:480,k=7
VW,context=Main#check:480,result=null
ME,returner=Main#check:480,value=null
MC,caller=Main#g:1,target=Main#check:481
VW,context=Main#check:481,a=4
VW,context=Main#check:481,b=4
VW,context=Main#check:481,k=7
VW,context=Main#check:481,result=null
ME,returner=Main#check:481,value=null
MC,caller=Main#g:1,target=Main#check:482
VW,context=Main#check:482,a=4
VW,context=Main#check:482,b=4
VW,context=Main#check:482,k=7
VW,context=Main#check:482,result=null
ME,returner=Main#check:482,value=null
VW,context=Main#g:1,i=8
MC,caller=Main#g:1,target=Main#check:483
VW,context=Main#check:483,a=4
VW,context=Main#check:483,b=4
VW,context=Main#check:483,k=8
VW,context=Main#check:483,result=(4 + 4)
ME,returner=Main#check:483,value=(4 + 4)
MC,caller=Main#g:1,target=Main#check:484
VW,context=Main#check:484,a=4
VW,context=Main#check:484,b=4
VW,context=Main#check:484,k=2
VW,context=Main#check:484,result=null
ME,returner=Main#check:484,value=null
VW,context=Main#g:1,str1=(4 + 4)
MC,caller=Main#g:1,target=Main#check:485
VW,context=Main#check:485,a=4
VW,context=Main#check:485,b=4
VW,context=Main#check:485,k=8
VW,context=Main#check:485,result=(4 + 4)
ME,returner=Main#check:485,value=(4 + 4)
MC,caller=Main#g:1,target=Main#check:486
VW,context=Main#check:486,a=4
VW,context=Main#check:486,b=4
VW,context=Main#check:486,k=-2
VW,context=Main#check:486,result=null
ME,returner=Main#check:486,value=null
MC,caller=Main#g:1,target=Main#check:487
VW,context=Main#check:487,a=4
VW,context=Main#check:487,b=4
VW,context=Main#check:487,k=8
VW,context=Main#check:487,result=(4 + 4)
ME,returner=Main#check:487,value=(4 + 4)
MC,caller=Main#g:1,target=Main#check:488
VW,context=Main#check:488,a=4
VW,context=Main#check:488,b=4
VW,context=Main#check:488,k=18
VW,context=Main#check:488,result=null
ME,returner=Main#check:488,value=null
VW,context=Main#g:1,i=9
MC,caller=Main#g:1,target=Main#check:489
VW,context=Main#check:489,a=4
VW,context=Main#check:489,b=4
VW,context=Main#check:489,k=9
VW,context=Main#check:489,result=null
ME,returner=Main#check:489,value=null
VW,context=Main#g:1,str1=null
MC,caller=Main#g:1,target=Main#check:490
VW,context=Main#check:490,a=4
VW,context=Main#check:490,b=4
VW,context=Main#check:490,k=9
VW,context=Main#check:490,result=null
ME,returner=Main#check:490,value=null
MC,caller=Main#g:1,target=Main#check:491
VW,context=Main#check:491,a=4
VW,context=Main#check:491,b=4
VW,context=Main#check:491,k=9
VW,context=Main#check:491,result=null
ME,returner=Main#check:491,value=null
VW,context=Main#g:1,i=10
MC,caller=Main#g:1,target=Main#check:492
VW,context=Main#check:492,a=4
VW,context=Main#check:492,b=4
VW,context=Main#check:492,k=10
VW,context=Main#check:492,result=null
ME,returner=Main#check:492,value=null
MC,caller=Main#g:1,target=Main#check:493
VW,context=Main#check:493,a=4
VW,context=Main#check:493,b=4
VW,context=Main#check:493,k=10
VW,context=Main#check:493,result=null
ME,returner=Main#check:493,value=null
MC,caller=Main#g:1,target=Main#check:494
VW,context=Main#check:494,a=4
VW,context=Main#check:494,b=4
VW,context=Main#check:494,k=10
VW,context=Main#check:494,result=null
ME,returner=Main#check:494,value=null
MC,caller=Main#g:1,target=Main#check:495
VW,context=Main#check:495,a=4
VW,context=Main#check:495,b=4
VW,context=Main#check:495,k=10
VW,context=Main#check:495,result=null
ME,returner=Main#check:495,value=null
VW,context=Main#g:1,i=11
MC,caller=Main#g:1,target=Main#check:496
VW,context=Main#check:496,a=4
VW,context=Main#check:496,b=4
VW,context=Main#check:496,k=11
VW,context=Main#check:496,result=null
ME,returner=Main#check:496,value=null
MC,caller=Main#g:1,target=Main#check:497
VW,context=Main#check:497,a=4
VW,context=Main#check:497,b=4
VW,context=Main#check:497,k=11
VW,context=Main#check:497,result=null
ME,returner=Main#check:497,value=null
MC,caller=Main#g:1,target=Main#check:498
VW,context=Main#check:498,a=4
VW,context=Main#check:498,b=4
VW,context=Main#check:498,k=11
VW,context=Main#check:498,result=null
ME,returner=Main#check:498,value=null
VW,context=Main#g:1,i=12
MC,caller=Main#g:1,target=Main#check:499
VW,context=Main#check:499,a=4
VW,context=Main#check:499,b=4
VW,context=Main#check:499,k=12
VW,context=Main#check:499,result=null
ME,returner=Main#check:499,value=null
MC,caller=Main#g:1,target=Main#check:500
VW,context=Main#check:500,a=4
VW,context=Main#check:500,b=4
VW,context=Main#check:500,k=12
VW,context=Main#check:500,result=null
ME,returner=Main#check:500,value=null
MC,caller=Main#g:1,target=Main#check:501
VW,context=Main#check:501,a=4
VW,context=Main#check:501,b=4
VW,context=Main#check:501,k=12
VW,context=Main#check:501,result=null
ME,returner=Main#check:501,value=null
VW,context=Main#g:1,i=13
MC,caller=Main#g:1,target=Main#check:502
VW,context=Main#check:502,a=4
VW,context=Main#check:502,b=4
VW,context=Main#check:502,k=13
VW,context=Main#check:502,result=null
ME,returner=Main#check:502,value=null
MC,caller=Main#g:1,target=Main#check:503
VW,context=Main#check:503,a=4
VW,context=Main#check:503,b=4
VW,context=Main#check:503,k=13
VW,context=Main#check:503,result=null
ME,returner=Main#check:503,value=null
MC,caller=Main#g:1,target=Main#check:504
VW,context=Main#check:504,a=4
VW,context=Main#check:504,b=4
VW,context=Main#check:504,k=13
VW,context=Main#check:504,result=null
ME,returner=Main#check:504,value=null
VW,context=Main#g:1,i=14
MC,caller=Main#g:1,target=Main#check:505
VW,context=Main#check:505,a=4
VW,context=Main#check:505,b=4
VW,context=Main#check:505,k=14
VW,context=Main#check:505,result=null
ME,returner=Main#check:505,value=null
MC,caller=Main#g:1,target=Main#check:506
VW,context=Main#check:506,a=4
VW,context=Main#check:506,b=4
VW,context=Main#check:506,k=14
VW,context=Main#check:506,result=null
ME,returner=Main#check:506,value=null
MC,caller=Main#g:1,target=Main#check:507
VW,context=Main#check:507,a=4
VW,context=Main#check:507,b=4
VW,context=Main#check:507,k=14
VW,context=Main#check:507,result=null
ME,returner=Main#check:507,value=null
VW,context=Main#g:1,i=15
MC,caller=Main#g:1,target=Main#check:508
VW,context=Main#check:508,a=4
VW,context=Main#check:508,b=4
VW,context=Main#check:508,k=15
VW,context=Main#check:508,result=null
ME,returner=Main#check:508,value=null
MC,caller=Main#g:1,target=Main#check:509
VW,context=Main#check:509,a=4
VW,context=Main#check:509,b=4
VW,context=Main#check:509,k=15
VW,context=Main#check:509,result=null
ME,returner=Main#check:509,value=null
MC,caller=Main#g:1,target=Main#check:510
VW,context=Main#check:510,a=4
VW,context=Main#check:510,b=4
VW,context=Main#check:510,k=15
VW,context=Main#check:510,result=null
ME,returner=Main#check:510,value=null
VW,context=Main#g:1,i=16
MC,caller=Main#g:1,target=Main#check:511
VW,context=Main#check:511,a=4
VW,context=Main#check:511,b=4
VW,context=Main#check:511,k=16
VW,context=Main#check:511,result=(4 * 4)
ME,returner=Main#check:511,value=(4 * 4)
MC,caller=Main#g:1,target=Main#check:512
VW,context=Main#check:512,a=4
VW,context=Main#check:512,b=4
VW,context=Main#check:512,k=-6
VW,context=Main#check:512,result=null
ME,returner=Main#check:512,value=null
VW,context=Main#g:1,str1=(4 * 4)
MC,caller=Main#g:1,target=Main#check:513
VW,context=Main#check:513,a=4
VW,context=Main#check:513,b=4
VW,context=Main#check:513,k=16
VW,context=Main#check:513,result=(4 * 4)
ME,returner=Main#check:513,value=(4 * 4)
MC,caller=Main#g:1,target=Main#check:514
VW,context=Main#check:514,a=4
VW,context=Main#check:514,b=4
VW,context=Main#check:514,k=6
VW,context=Main#check:514,result=null
ME,returner=Main#check:514,value=null
MC,caller=Main#g:1,target=Main#check:515
VW,context=Main#check:515,a=4
VW,context=Main#check:515,b=4
VW,context=Main#check:515,k=16
VW,context=Main#check:515,result=(4 * 4)
ME,returner=Main#check:515,value=(4 * 4)
MC,caller=Main#g:1,target=Main#check:516
VW,context=Main#check:516,a=4
VW,context=Main#check:516,b=4
VW,context=Main#check:516,k=26
VW,context=Main#check:516,result=null
ME,returner=Main#check:516,value=null
VW,context=Main#g:1,i=17
MC,caller=Main#g:1,target=Main#check:517
VW,context=Main#check:517,a=4
VW,context=Main#check:517,b=4
VW,context=Main#check:517,k=17
VW,context=Main#check:517,result=null
ME,returner=Main#check:517,value=null
VW,context=Main#g:1,str1=null
MC,caller=Main#g:1,target=Main#check:518
VW,context=Main#check:518,a=4
VW,context=Main#check:518,b=4
VW,context=Main#check:518,k=17
VW,context=Main#check:518,result=null
ME,returner=Main#check:518,value=null
MC,caller=Main#g:1,target=Main#check:519
VW,context=Main#check:519,a=4
VW,context=Main#check:519,b=4
VW,context=Main#check:519,k=17
VW,context=Main#check:519,result=null
ME,returner=Main#check:519,value=null
VW,context=Main#g:1,i=18
MC,caller=Main#g:1,target=Main#check:520
VW,context=Main#check:520,a=4
VW,context=Main#check:520,b=4
VW,context=Main#check:520,k=18
VW,context=Main#check:520,result=null
ME,returner=Main#check:520,value=null
MC,caller=Main#g:1,target=Main#check:521
VW,context=Main#check:521,a=4
VW,context=Main#check:521,b=4
VW,context=Main#check:521,k=18
VW,context=Main#check:521,result=null
ME,returner=Main#check:521,value=null
MC,caller=Main#g:1,target=Main#check:522
VW,context=Main#check:522,a=4
VW,context=Main#check:522,b=4
VW,context=Main#check:522,k=18
VW,context=Main#check:522,result=null
ME,returner=Main#check:522,value=null
VW,context=Main#g:1,i=19
MC,caller=Main#g:1,target=Main#check:523
VW,context=Main#check:523,a=4
VW,context=Main#check:523,b=4
VW,context=Main#check:523,k=19
VW,context=Main#check:523,result=null
ME,returner=Main#check:523,value=null
MC,caller=Main#g:1,target=Main#check:524
VW,context=Main#check:524,a=4
VW,context=Main#check:524,b=4
VW,context=Main#check:524,k=19
VW,context=Main#check:524,result=null
ME,returner=Main#check:524,value=null
MC,caller=Main#g:1,target=Main#check:525
VW,context=Main#check:525,a=4
VW,context=Main#check:525,b=4
VW,context=Main#check:525,k=19
VW,context=Main#check:525,result=null
ME,returner=Main#check:525,value=null
VW,context=Main#g:1,i=20
MC,caller=Main#g:1,target=Main#check:526
VW,context=Main#check:526,a=4
VW,context=Main#check:526,b=4
VW,context=Main#check:526,k=20
VW,context=Main#check:526,result=null
ME,returner=Main#check:526,value=null
MC,caller=Main#g:1,target=Main#check:527
VW,context=Main#check:527,a=4
VW,context=Main#check:527,b=4
VW,context=Main#check:527,k=20
VW,context=Main#check:527,result=null
ME,returner=Main#check:527,value=null
MC,caller=Main#g:1,target=Main#check:528
VW,context=Main#check:528,a=4
VW,context=Main#check:528,b=4
VW,context=Main#check:528,k=20
VW,context=Main#check:528,result=null
ME,returner=Main#check:528,value=null
VW,context=Main#g:1,i=21
MC,caller=Main#g:1,target=Main#check:529
VW,context=Main#check:529,a=4
VW,context=Main#check:529,b=4
VW,context=Main#check:529,k=21
VW,context=Main#check:529,result=null
ME,returner=Main#check:529,value=null
MC,caller=Main#g:1,target=Main#check:530
VW,context=Main#check:530,a=4
VW,context=Main#check:530,b=4
VW,context=Main#check:530,k=21
VW,context=Main#check:530,result=null
ME,returner=Main#check:530,value=null
MC,caller=Main#g:1,target=Main#check:531
VW,context=Main#check:531,a=4
VW,context=Main#check:531,b=4
VW,context=Main#check:531,k=21
VW,context=Main#check:531,result=null
ME,returner=Main#check:531,value=null
VW,context=Main#g:1,i=22
MC,caller=Main#g:1,target=Main#check:532
VW,context=Main#check:532,a=4
VW,context=Main#check:532,b=4
VW,context=Main#check:532,k=22
VW,context=Main#check:532,result=null
ME,returner=Main#check:532,value=null
MC,caller=Main#g:1,target=Main#check:533
VW,context=Main#check:533,a=4
VW,context=Main#check:533,b=4
VW,context=Main#check:533,k=22
VW,context=Main#check:533,result=null
ME,returner=Main#check:533,value=null
MC,caller=Main#g:1,target=Main#check:534
VW,context=Main#check:534,a=4
VW,context=Main#check:534,b=4
VW,context=Main#check:534,k=22
VW,context=Main#check:534,result=null
ME,returner=Main#check:534,value=null
VW,context=Main#g:1,i=23
MC,caller=Main#g:1,target=Main#check:535
VW,context=Main#check:535,a=4
VW,context=Main#check:535,b=4
VW,context=Main#check:535,k=23
VW,context=Main#check:535,result=null
ME,returner=Main#check:535,value=null
MC,caller=Main#g:1,target=Main#check:536
VW,context=Main#check:536,a=4
VW,context=Main#check:536,b=4
VW,context=Main#check:536,k=23
VW,context=Main#check:536,result=null
ME,returner=Main#check:536,value=null
MC,caller=Main#g:1,target=Main#check:537
VW,context=Main#check:537,a=4
VW,context=Main#check:537,b=4
VW,context=Main#check:537,k=23
VW,context=Main#check:537,result=null
ME,returner=Main#check:537,value=null
VW,context=Main#g:1,i=24
MC,caller=Main#g:1,target=Main#check:538
VW,context=Main#check:538,a=4
VW,context=Main#check:538,b=4
VW,context=Main#check:538,k=24
VW,context=Main#check:538,result=null
ME,returner=Main#check:538,value=null
MC,caller=Main#g:1,target=Main#check:539
VW,context=Main#check:539,a=4
VW,context=Main#check:539,b=4
VW,context=Main#check:539,k=24
VW,context=Main#check:539,result=null
ME,returner=Main#check:539,value=null
MC,caller=Main#g:1,target=Main#check:540
VW,context=Main#check:540,a=4
VW,context=Main#check:540,b=4
VW,context=Main#check:540,k=24
VW,context=Main#check:540,result=null
ME,returner=Main#check:540,value=null
VW,context=Main#g:1,i=25
MC,caller=Main#g:1,target=Main#check:541
VW,context=Main#check:541,a=4
VW,context=Main#check:541,b=4
VW,context=Main#check:541,k=25
VW,context=Main#check:541,result=null
ME,returner=Main#check:541,value=null
MC,caller=Main#g:1,target=Main#check:542
VW,context=Main#check:542,a=4
VW,context=Main#check:542,b=4
VW,context=Main#check:542,k=25
VW,context=Main#check:542,result=null
ME,returner=Main#check:542,value=null
MC,caller=Main#g:1,target=Main#check:543
VW,context=Main#check:543,a=4
VW,context=Main#check:543,b=4
VW,context=Main#check:543,k=25
VW,context=Main#check:543,result=null
ME,returner=Main#check:543,value=null
VW,context=Main#g:1,i=26
MC,caller=Main#g:1,target=Main#check:544
VW,context=Main#check:544,a=4
VW,context=Main#check:544,b=4
VW,context=Main#check:544,k=26
VW,context=Main#check:544,result=null
ME,returner=Main#check:544,value=null
MC,caller=Main#g:1,target=Main#check:545
VW,context=Main#check:545,a=4
VW,context=Main#check:545,b=4
VW,context=Main#check:545,k=26
VW,context=Main#check:545,result=null
ME,returner=Main#check:545,value=null
MC,caller=Main#g:1,target=Main#check:546
VW,context=Main#check:546,a=4
VW,context=Main#check:546,b=4
VW,context=Main#check:546,k=26
VW,context=Main#check:546,result=null
ME,returner=Main#check:546,value=null
VW,context=Main#g:1,i=27
MC,caller=Main#g:1,target=Main#check:547
VW,context=Main#check:547,a=4
VW,context=Main#check:547,b=4
VW,context=Main#check:547,k=27
VW,context=Main#check:547,result=null
ME,returner=Main#check:547,value=null
MC,caller=Main#g:1,target=Main#check:548
VW,context=Main#check:548,a=4
VW,context=Main#check:548,b=4
VW,context=Main#check:548,k=27
VW,context=Main#check:548,result=null
ME,returner=Main#check:548,value=null
MC,caller=Main#g:1,target=Main#check:549
VW,context=Main#check:549,a=4
VW,context=Main#check:549,b=4
VW,context=Main#check:549,k=27
VW,context=Main#check:549,result=null
ME,returner=Main#check:549,value=null
VW,context=Main#g:1,i=28
MC,caller=Main#g:1,target=Main#check:550
VW,context=Main#check:550,a=4
VW,context=Main#check:550,b=4
VW,context=Main#check:550,k=28
VW,context=Main#check:550,result=null
ME,returner=Main#check:550,value=null
MC,caller=Main#g:1,target=Main#check:551
VW,context=Main#check:551,a=4
VW,context=Main#check:551,b=4
VW,context=Main#check:551,k=28
VW,context=Main#check:551,result=null
ME,returner=Main#check:551,value=null
MC,caller=Main#g:1,target=Main#check:552
VW,context=Main#check:552,a=4
VW,context=Main#check:552,b=4
VW,context=Main#check:552,k=28
VW,context=Main#check:552,result=null
ME,returner=Main#check:552,value=null
VW,context=Main#g:1,i=29
MC,caller=Main#g:1,target=Main#check:553
VW,context=Main#check:553,a=4
VW,context=Main#check:553,b=4
VW,context=Main#check:553,k=29
VW,context=Main#check:553,result=null
ME,returner=Main#check:553,value=null
MC,caller=Main#g:1,target=Main#check:554
VW,context=Main#check:554,a=4
VW,context=Main#check:554,b=4
VW,context=Main#check:554,k=29
VW,context=Main#check:554,result=null
ME,returner=Main#check:554,value=null
MC,caller=Main#g:1,target=Main#check:555
VW,context=Main#check:555,a=4
VW,context=Main#check:555,b=4
VW,context=Main#check:555,k=29
VW,context=Main#check:555,result=null
ME,returner=Main#check:555,value=null
VW,context=Main#g:1,i=30
MC,caller=Main#g:1,target=Main#check:556
VW,context=Main#check:556,a=4
VW,context=Main#check:556,b=4
VW,context=Main#check:556,k=30
VW,context=Main#check:556,result=null
ME,returner=Main#check:556,value=null
MC,caller=Main#g:1,target=Main#check:557
VW,context=Main#check:557,a=4
VW,context=Main#check:557,b=4
VW,context=Main#check:557,k=30
VW,context=Main#check:557,result=null
ME,returner=Main#check:557,value=null
MC,caller=Main#g:1,target=Main#check:558
VW,context=Main#check:558,a=4
VW,context=Main#check:558,b=4
VW,context=Main#check:558,k=30
VW,context=Main#check:558,result=null
ME,returner=Main#check:558,value=null
VW,context=Main#g:1,i=31
MC,caller=Main#g:1,target=Main#check:559
VW,context=Main#check:559,a=4
VW,context=Main#check:559,b=4
VW,context=Main#check:559,k=31
VW,context=Main#check:559,result=null
ME,returner=Main#check:559,value=null
MC,caller=Main#g:1,target=Main#check:560
VW,context=Main#check:560,a=4
VW,context=Main#check:560,b=4
VW,context=Main#check:560,k=31
VW,context=Main#check:560,result=null
ME,returner=Main#check:560,value=null
MC,caller=Main#g:1,target=Main#check:561
VW,context=Main#check:561,a=4
VW,context=Main#check:561,b=4
VW,context=Main#check:561,k=31
VW,context=Main#check:561,result=null
ME,returner=Main#check:561,value=null
VW,context=Main#g:1,i=32
MC,caller=Main#g:1,target=Main#check:562
VW,context=Main#check:562,a=4
VW,context=Main#check:562,b=4
VW,context=Main#check:562,k=32
VW,context=Main#check:562,result=null
ME,returner=Main#check:562,value=null
MC,caller=Main#g:1,target=Main#check:563
VW,context=Main#check:563,a=4
VW,context=Main#check:563,b=4
VW,context=Main#check:563,k=32
VW,context=Main#check:563,result=null
ME,returner=Main#check:563,value=null
MC,caller=Main#g:1,target=Main#check:564
VW,context=Main#check:564,a=4
VW,context=Main#check:564,b=4
VW,context=Main#check:564,k=32
VW,context=Main#check:564,result=null
ME,returner=Main#check:564,value=null
VW,context=Main#g:1,i=33
MC,caller=Main#g:1,target=Main#check:565
VW,context=Main#check:565,a=4
VW,context=Main#check:565,b=4
VW,context=Main#check:565,k=33
VW,context=Main#check:565,result=null
ME,returner=Main#check:565,value=null
MC,caller=Main#g:1,target=Main#check:566
VW,context=Main#check:566,a=4
VW,context=Main#check:566,b=4
VW,context=Main#check:566,k=33
VW,context=Main#check:566,result=null
ME,returner=Main#check:566,value=null
MC,caller=Main#g:1,target=Main#check:567
VW,context=Main#check:567,a=4
VW,context=Main#check:567,b=4
VW,context=Main#check:567,k=33
VW,context=Main#check:567,result=null
ME,returner=Main#check:567,value=null
VW,context=Main#g:1,i=34
MC,caller=Main#g:1,target=Main#check:568
VW,context=Main#check:568,a=4
VW,context=Main#check:568,b=4
VW,context=Main#check:568,k=34
VW,context=Main#check:568,result=null
ME,returner=Main#check:568,value=null
MC,caller=Main#g:1,target=Main#check:569
VW,context=Main#check:569,a=4
VW,context=Main#check:569,b=4
VW,context=Main#check:569,k=34
VW,context=Main#check:569,result=null
ME,returner=Main#check:569,value=null
MC,caller=Main#g:1,target=Main#check:570
VW,context=Main#check:570,a=4
VW,context=Main#check:570,b=4
VW,context=Main#check:570,k=34
VW,context=Main#check:570,result=null
ME,returner=Main#check:570,value=null
VW,context=Main#g:1,i=35
MC,caller=Main#g:1,target=Main#check:571
VW,context=Main#check:571,a=4
VW,context=Main#check:571,b=4
VW,context=Main#check:571,k=35
VW,context=Main#check:571,result=null
ME,returner=Main#check:571,value=null
MC,caller=Main#g:1,target=Main#check:572
VW,context=Main#check:572,a=4
VW,context=Main#check:572,b=4
VW,context=Main#check:572,k=35
VW,context=Main#check:572,result=null
ME,returner=Main#check:572,value=null
MC,caller=Main#g:1,target=Main#check:573
VW,context=Main#check:573,a=4
VW,context=Main#check:573,b=4
VW,context=Main#check:573,k=35
VW,context=Main#check:573,result=null
ME,returner=Main#check:573,value=null
VW,context=Main#g:1,i=36
MC,caller=Main#g:1,target=Main#check:574
VW,context=Main#check:574,a=4
VW,context=Main#check:574,b=4
VW,context=Main#check:574,k=36
VW,context=Main#check:574,result=null
ME,returner=Main#check:574,value=null
MC,caller=Main#g:1,target=Main#check:575
VW,context=Main#check:575,a=4
VW,context=Main#check:575,b=4
VW,context=Main#check:575,k=36
VW,context=Main#check:575,result=null
ME,returner=Main#check:575,value=null
MC,caller=Main#g:1,target=Main#check:576
VW,context=Main#check:576,a=4
VW,context=Main#check:576,b=4
VW,context=Main#check:576,k=36
VW,context=Main#check:576,result=null
ME,returner=Main#check:576,value=null
VW,context=Main#g:1,i=37
MC,caller=Main#g:1,target=Main#check:577
VW,context=Main#check:577,a=4
VW,context=Main#check:577,b=4
VW,context=Main#check:577,k=37
VW,context=Main#check:577,result=null
ME,returner=Main#check:577,value=null
MC,caller=Main#g:1,target=Main#check:578
VW,context=Main#check:578,a=4
VW,context=Main#check:578,b=4
VW,context=Main#check:578,k=37
VW,context=Main#check:578,result=null
ME,returner=Main#check:578,value=null
MC,caller=Main#g:1,target=Main#check:579
VW,context=Main#check:579,a=4
VW,context=Main#check:579,b=4
VW,context=Main#check:579,k=37
VW,context=Main#check:579,result=null
ME,returner=Main#check:579,value=null
VW,context=Main#g:1,i=38
MC,caller=Main#g:1,target=Main#check:580
VW,context=Main#check:580,a=4
VW,context=Main#check:580,b=4
VW,context=Main#check:580,k=38
VW,context=Main#check:580,result=null
ME,returner=Main#check:580,value=null
MC,caller=Main#g:1,target=Main#check:581
VW,context=Main#check:581,a=4
VW,context=Main#check:581,b=4
VW,context=Main#check:581,k=38
VW,context=Main#check:581,result=null
ME,returner=Main#check:581,value=null
MC,caller=Main#g:1,target=Main#check:582
VW,context=Main#check:582,a=4
VW,context=Main#check:582,b=4
VW,context=Main#check:582,k=38
VW,context=Main#check:582,result=null
ME,returner=Main#check:582,value=null
VW,context=Main#g:1,i=39
MC,caller=Main#g:1,target=Main#check:583
VW,context=Main#check:583,a=4
VW,context=Main#check:583,b=4
VW,context=Main#check:583,k=39
VW,context=Main#check:583,result=null
ME,returner=Main#check:583,value=null
MC,caller=Main#g:1,target=Main#check:584
VW,context=Main#check:584,a=4
VW,context=Main#check:584,b=4
VW,context=Main#check:584,k=39
VW,context=Main#check:584,result=null
ME,returner=Main#check:584,value=null
MC,caller=Main#g:1,target=Main#check:585
VW,context=Main#check:585,a=4
VW,context=Main#check:585,b=4
VW,context=Main#check:585,k=39
VW,context=Main#check:585,result=null
ME,returner=Main#check:585,value=null
VW,context=Main#g:1,i=40
MC,caller=Main#g:1,target=Main#check:586
VW,context=Main#check:586,a=4
VW,context=Main#check:586,b=4
VW,context=Main#check:586,k=40
VW,context=Main#check:586,result=null
ME,returner=Main#check:586,value=null
MC,caller=Main#g:1,target=Main#check:587
VW,context=Main#check:587,a=4
VW,context=Main#check:587,b=4
VW,context=Main#check:587,k=40
VW,context=Main#check:587,result=null
ME,returner=Main#check:587,value=null
MC,caller=Main#g:1,target=Main#check:588
VW,context=Main#check:588,a=4
VW,context=Main#check:588,b=4
VW,context=Main#check:588,k=40
VW,context=Main#check:588,result=null
ME,returner=Main#check:588,value=null
VW,context=Main#g:1,i=41
MC,caller=Main#g:1,target=Main#check:589
VW,context=Main#check:589,a=4
VW,context=Main#check:589,b=4
VW,context=Main#check:589,k=41
VW,context=Main#check:589,result=null
ME,returner=Main#check:589,value=null
MC,caller=Main#g:1,target=Main#check:590
VW,context=Main#check:590,a=4
VW,context=Main#check:590,b=4
VW,context=Main#check:590,k=41
VW,context=Main#check:590,result=null
ME,returner=Main#check:590,value=null
MC,caller=Main#g:1,target=Main#check:591
VW,context=Main#check:591,a=4
VW,context=Main#check:591,b=4
VW,context=Main#check:591,k=41
VW,context=Main#check:591,result=null
ME,returner=Main#check:591,value=null
VW,context=Main#g:1,i=42
MC,caller=Main#g:1,target=Main#check:592
VW,context=Main#check:592,a=4
VW,context=Main#check:592,b=4
VW,context=Main#check:592,k=42
VW,context=Main#check:592,result=null
ME,returner=Main#check:592,value=null
MC,caller=Main#g:1,target=Main#check:593
VW,context=Main#check:593,a=4
VW,context=Main#check:593,b=4
VW,context=Main#check:593,k=42
VW,context=Main#check:593,result=null
ME,returner=Main#check:593,value=null
MC,caller=Main#g:1,target=Main#check:594
VW,context=Main#check:594,a=4
VW,context=Main#check:594,b=4
VW,context=Main#check:594,k=42
VW,context=Main#check:594,result=null
ME,returner=Main#check:594,value=null
VW,context=Main#g:1,i=43
MC,caller=Main#g:1,target=Main#check:595
VW,context=Main#check:595,a=4
VW,context=Main#check:595,b=4
VW,context=Main#check:595,k=43
VW,context=Main#check:595,result=null
ME,returner=Main#check:595,value=null
MC,caller=Main#g:1,target=Main#check:596
VW,context=Main#check:596,a=4
VW,context=Main#check:596,b=4
VW,context=Main#check:596,k=43
VW,context=Main#check:596,result=null
ME,returner=Main#check:596,value=null
MC,caller=Main#g:1,target=Main#check:597
VW,context=Main#check:597,a=4
VW,context=Main#check:597,b=4
VW,context=Main#check:597,k=43
VW,context=Main#check:597,result=null
ME,returner=Main#check:597,value=null
VW,context=Main#g:1,i=44
MC,caller=Main#g:1,target=Main#check:598
VW,context=Main#check:598,a=4
VW,context=Main#check:598,b=4
VW,context=Main#check:598,k=44
VW,context=Main#check:598,result=null
ME,returner=Main#check:598,value=null
MC,caller=Main#g:1,target=Main#check:599
VW,context=Main#check:599,a=4
VW,context=Main#check:599,b=4
VW,context=Main#check:599,k=44
VW,context=Main#check:599,result=null
ME,returner=Main#check:599,value=null
MC,caller=Main#g:1,target=Main#check:600
VW,context=Main#check:600,a=4
VW,context=Main#check:600,b=4
VW,context=Main#check:600,k=44
VW,context=Main#check:600,result=null
ME,returner=Main#check:600,value=null
VW,context=Main#g:1,i=45
MC,caller=Main#g:1,target=Main#check:601
VW,context=Main#check:601,a=4
VW,context=Main#check:601,b=4
VW,context=Main#check:601,k=45
VW,context=Main#check:601,result=null
ME,returner=Main#check:601,value=null
MC,caller=Main#g:1,target=Main#check:602
VW,context=Main#check:602,a=4
VW,context=Main#check:602,b=4
VW,context=Main#check:602,k=45
VW,context=Main#check:602,result=null
ME,returner=Main#check:602,value=null
MC,caller=Main#g:1,target=Main#check:603
VW,context=Main#check:603,a=4
VW,context=Main#check:603,b=4
VW,context=Main#check:603,k=45
VW,context=Main#check:603,result=null
ME,returner=Main#check:603,value=null
VW,context=Main#g:1,i=46
MC,caller=Main#g:1,target=Main#check:604
VW,context=Main#check:604,a=4
VW,context=Main#check:604,b=4
VW,context=Main#check:604,k=46
VW,context=Main#check:604,result=null
ME,returner=Main#check:604,value=null
MC,caller=Main#g:1,target=Main#check:605
VW,context=Main#check:605,a=4
VW,context=Main#check:605,b=4
VW,context=Main#check:605,k=46
VW,context=Main#check:605,result=null
ME,returner=Main#check:605,value=null
MC,caller=Main#g:1,target=Main#check:606
VW,context=Main#check:606,a=4
VW,context=Main#check:606,b=4
VW,context=Main#check:606,k=46
VW,context=Main#check:606,result=null
ME,returner=Main#check:606,value=null
VW,context=Main#g:1,i=47
MC,caller=Main#g:1,target=Main#check:607
VW,context=Main#check:607,a=4
VW,context=Main#check:607,b=4
VW,context=Main#check:607,k=47
VW,context=Main#check:607,result=null
ME,returner=Main#check:607,value=null
MC,caller=Main#g:1,target=Main#check:608
VW,context=Main#check:608,a=4
VW,context=Main#check:608,b=4
VW,context=Main#check:608,k=47
VW,context=Main#check:608,result=null
ME,returner=Main#check:608,value=null
MC,caller=Main#g:1,target=Main#check:609
VW,context=Main#check:609,a=4
VW,context=Main#check:609,b=4
VW,context=Main#check:609,k=47
VW,context=Main#check:609,result=null
ME,returner=Main#check:609,value=null
VW,context=Main#g:1,i=48
MC,caller=Main#g:1,target=Main#check:610
VW,context=Main#check:610,a=4
VW,context=Main#check:610,b=4
VW,context=Main#check:610,k=48
VW,context=Main#check:610,result=null
ME,returner=Main#check:610,value=null
MC,caller=Main#g:1,target=Main#check:611
VW,context=Main#check:611,a=4
VW,context=Main#check:611,b=4
VW,context=Main#check:611,k=48
VW,context=Main#check:611,result=null
ME,returner=Main#check:611,value=null
MC,caller=Main#g:1,target=Main#check:612
VW,context=Main#check:612,a=4
VW,context=Main#check:612,b=4
VW,context=Main#check:612,k=48
VW,context=Main#check:612,result=null
ME,returner=Main#check:612,value=null
VW,context=Main#g:1,i=49
MC,caller=Main#g:1,target=Main#check:613
VW,context=Main#check:613,a=4
VW,context=Main#check:613,b=4
VW,context=Main#check:613,k=49
VW,context=Main#check:613,result=null
ME,returner=Main#check:613,value=null
MC,caller=Main#g:1,target=Main#check:614
VW,context=Main#check:614,a=4
VW,context=Main#check:614,b=4
VW,context=Main#check:614,k=49
VW,context=Main#check:614,result=null
ME,returner=Main#check:614,value=null
MC,caller=Main#g:1,target=Main#check:615
VW,context=Main#check:615,a=4
VW,context=Main#check:615,b=4
VW,context=Main#check:615,k=49
VW,context=Main#check:615,result=null
ME,returner=Main#check:615,value=null
VW,context=Main#g:1,i=50
MC,caller=Main#g:1,target=Main#check:616
VW,context=Main#check:616,a=4
VW,context=Main#check:616,b=4
VW,context=Main#check:616,k=50
VW,context=Main#check:616,result=null
ME,returner=Main#check:616,value=null
MC,caller=Main#g:1,target=Main#check:617
VW,context=Main#check:617,a=4
VW,context=Main#check:617,b=4
VW,context=Main#check:617,k=50
VW,context=Main#check:617,result=null
ME,returner=Main#check:617,value=null
MC,caller=Main#g:1,target=Main#check:618
VW,context=Main#check:618,a=4
VW,context=Main#check:618,b=4
VW,context=Main#check:618,k=50
VW,context=Main#check:618,result=null
ME,returner=Main#check:618,value=null
VW,context=Main#g:1,i=51
MC,caller=Main#g:1,target=Main#check:619
VW,context=Main#check:619,a=4
VW,context=Main#check:619,b=4
VW,context=Main#check:619,k=51
VW,context=Main#check:619,result=null
ME,returner=Main#check:619,value=null
MC,caller=Main#g:1,target=Main#check:620
VW,context=Main#check:620,a=4
VW,context=Main#check:620,b=4
VW,context=Main#check:620,k=51
VW,context=Main#check:620,result=null
ME,returner=Main#check:620,value=null
MC,caller=Main#g:1,target=Main#check:621
VW,context=Main#check:621,a=4
VW,context=Main#check:621,b=4
VW,context=Main#check:621,k=51
VW,context=Main#check:621,result=null
ME,returner=Main#check:621,value=null
VW,context=Main#g:1,i=52
MC,caller=Main#g:1,target=Main#check:622
VW,context=Main#check:622,a=4
VW,context=Main#check:622,b=4
VW,context=Main#check:622,k=52
VW,context=Main#check:622,result=null
ME,returner=Main#check:622,value=null
MC,caller=Main#g:1,target=Main#check:623
VW,context=Main#check:623,a=4
VW,context=Main#check:623,b=4
VW,context=Main#check:623,k=52
VW,context=Main#check:623,result=null
ME,returner=Main#check:623,value=null
MC,caller=Main#g:1,target=Main#check:624
VW,context=Main#check:624,a=4
VW,context=Main#check:624,b=4
VW,context=Main#check:624,k=52
VW,context=Main#check:624,result=null
ME,returner=Main#check:624,value=null
VW,context=Main#g:1,i=53
MC,caller=Main#g:1,target=Main#check:625
VW,context=Main#check:625,a=4
VW,context=Main#check:625,b=4
VW,context=Main#check:625,k=53
VW,context=Main#check:625,result=null
ME,returner=Main#check:625,value=null
MC,caller=Main#g:1,target=Main#check:626
VW,context=Main#check:626,a=4
VW,context=Main#check:626,b=4
VW,context=Main#check:626,k=53
VW,context=Main#check:626,result=null
ME,returner=Main#check:626,value=null
MC,caller=Main#g:1,target=Main#check:627
VW,context=Main#check:627,a=4
VW,context=Main#check:627,b=4
VW,context=Main#check:627,k=53
VW,context=Main#check:627,result=null
ME,returner=Main#check:627,value=null
VW,context=Main#g:1,i=54
MC,caller=Main#g:1,target=Main#check:628
VW,context=Main#check:628,a=4
VW,context=Main#check:628,b=4
VW,context=Main#check:628,k=54
VW,context=Main#check:628,result=null
ME,returner=Main#check:628,value=null
MC,caller=Main#g:1,target=Main#check:629
VW,context=Main#check:629,a=4
VW,context=Main#check:629,b=4
VW,context=Main#check:629,k=54
VW,context=Main#check:629,result=null
ME,returner=Main#check:629,value=null
MC,caller=Main#g:1,target=Main#check:630
VW,context=Main#check:630,a=4
VW,context=Main#check:630,b=4
VW,context=Main#check:630,k=54
VW,context=Main#check:630,result=null
ME,returner=Main#check:630,value=null
VW,context=Main#g:1,i=55
MC,caller=Main#g:1,target=Main#check:631
VW,context=Main#check:631,a=4
VW,context=Main#check:631,b=4
VW,context=Main#check:631,k=55
VW,context=Main#check:631,result=null
ME,returner=Main#check:631,value=null
MC,caller=Main#g:1,target=Main#check:632
VW,context=Main#check:632,a=4
VW,context=Main#check:632,b=4
VW,context=Main#check:632,k=55
VW,context=Main#check:632,result=null
ME,returner=Main#check:632,value=null
MC,caller=Main#g:1,target=Main#check:633
VW,context=Main#check:633,a=4
VW,context=Main#check:633,b=4
VW,context=Main#check:633,k=55
VW,context=Main#check:633,result=null
ME,returner=Main#check:633,value=null
VW,context=Main#g:1,i=56
MC,caller=Main#g:1,target=Main#check:634
VW,context=Main#check:634,a=4
VW,context=Main#check:634,b=4
VW,context=Main#check:634,k=56
VW,context=Main#check:634,result=null
ME,returner=Main#check:634,value=null
MC,caller=Main#g:1,target=Main#check:635
VW,context=Main#check:635,a=4
VW,context=Main#check:635,b=4
VW,context=Main#check:635,k=56
VW,context=Main#check:635,result=null
ME,returner=Main#check:635,value=null
MC,caller=Main#g:1,target=Main#check:636
VW,context=Main#check:636,a=4
VW,context=Main#check:636,b=4
VW,context=Main#check:636,k=56
VW,context=Main#check:636,result=null
ME,returner=Main#check:636,value=null
VW,context=Main#g:1,i=57
MC,caller=Main#g:1,target=Main#check:637
VW,context=Main#check:637,a=4
VW,context=Main#check:637,b=4
VW,context=Main#check:637,k=57
VW,context=Main#check:637,result=null
ME,returner=Main#check:637,value=null
MC,caller=Main#g:1,target=Main#check:638
VW,context=Main#check:638,a=4
VW,context=Main#check:638,b=4
VW,context=Main#check:638,k=57
VW,context=Main#check:638,result=null
ME,returner=Main#check:638,value=null
MC,caller=Main#g:1,target=Main#check:639
VW,context=Main#check:639,a=4
VW,context=Main#check:639,b=4
VW,context=Main#check:639,k=57
VW,context=Main#check:639,result=null
ME,returner=Main#check:639,value=null
VW,context=Main#g:1,i=58
MC,caller=Main#g:1,target=Main#check:640
VW,context=Main#check:640,a=4
VW,context=Main#check:640,b=4
VW,context=Main#check:640,k=58
VW,context=Main#check:640,result=null
ME,returner=Main#check:640,value=null
MC,caller=Main#g:1,target=Main#check:641
VW,context=Main#check:641,a=4
VW,context=Main#check:641,b=4
VW,context=Main#check:641,k=58
VW,context=Main#check:641,result=null
ME,returner=Main#check:641,value=null
MC,caller=Main#g:1,target=Main#check:642
VW,context=Main#check:642,a=4
VW,context=Main#check:642,b=4
VW,context=Main#check:642,k=58
VW,context=Main#check:642,result=null
ME,returner=Main#check:642,value=null
VW,context=Main#g:1,i=59
MC,caller=Main#g:1,target=Main#check:643
VW,context=Main#check:643,a=4
VW,context=Main#check:643,b=4
VW,context=Main#check:643,k=59
VW,context=Main#check:643,result=null
ME,returner=Main#check:643,value=null
MC,caller=Main#g:1,target=Main#check:644
VW,context=Main#check:644,a=4
VW,context=Main#check:644,b=4
VW,context=Main#check:644,k=59
VW,context=Main#check:644,result=null
ME,returner=Main#check:644,value=null
MC,caller=Main#g:1,target=Main#check:645
VW,context=Main#check:645,a=4
VW,context=Main#check:645,b=4
VW,context=Main#check:645,k=59
VW,context=Main#check:645,result=null
ME,returner=Main#check:645,value=null
VW,context=Main#g:1,i=60
MC,caller=Main#g:1,target=Main#check:646
VW,context=Main#check:646,a=4
VW,context=Main#check:646,b=4
VW,context=Main#check:646,k=60
VW,context=Main#check:646,result=null
ME,returner=Main#check:646,value=null
MC,caller=Main#g:1,target=Main#check:647
VW,context=Main#check:647,a=4
VW,context=Main#check:647,b=4
VW,context=Main#check:647,k=60
VW,context=Main#check:647,result=null
ME,returner=Main#check:647,value=null
MC,caller=Main#g:1,target=Main#check:648
VW,context=Main#check:648,a=4
VW,context=Main#check:648,b=4
VW,context=Main#check:648,k=60
VW,context=Main#check:648,result=null
ME,returner=Main#check:648,value=null
VW,context=Main#g:1,i=61
MC,caller=Main#g:1,target=Main#check:649
VW,context=Main#check:649,a=4
VW,context=Main#check:649,b=4
VW,context=Main#check:649,k=61
VW,context=Main#check:649,result=null
ME,returner=Main#check:649,value=null
MC,caller=Main#g:1,target=Main#check:650
VW,context=Main#check:650,a=4
VW,context=Main#check:650,b=4
VW,context=Main#check:650,k=61
VW,context=Main#check:650,result=null
ME,returner=Main#check:650,value=null
MC,caller=Main#g:1,target=Main#check:651
VW,context=Main#check:651,a=4
VW,context=Main#check:651,b=4
VW,context=Main#check:651,k=61
VW,context=Main#check:651,result=null
ME,returner=Main#check:651,value=null
VW,context=Main#g:1,i=62
MC,caller=Main#g:1,target=Main#check:652
VW,context=Main#check:652,a=4
VW,context=Main#check:652,b=4
VW,context=Main#check:652,k=62
VW,context=Main#check:652,result=null
ME,returner=Main#check:652,value=null
MC,caller=Main#g:1,target=Main#check:653
VW,context=Main#check:653,a=4
VW,context=Main#check:653,b=4
VW,context=Main#check:653,k=62
VW,context=Main#check:653,result=null
ME,returner=Main#check:653,value=null
MC,caller=Main#g:1,target=Main#check:654
VW,context=Main#check:654,a=4
VW,context=Main#check:654,b=4
VW,context=Main#check:654,k=62
VW,context=Main#check:654,result=null
ME,returner=Main#check:654,value=null
VW,context=Main#g:1,i=63
MC,caller=Main#g:1,target=Main#check:655
VW,context=Main#check:655,a=4
VW,context=Main#check:655,b=4
VW,context=Main#check:655,k=63
VW,context=Main#check:655,result=null
ME,returner=Main#check:655,value=null
MC,caller=Main#g:1,target=Main#check:656
VW,context=Main#check:656,a=4
VW,context=Main#check:656,b=4
VW,context=Main#check:656,k=63
VW,context=Main#check:656,result=null
ME,returner=Main#check:656,value=null
MC,caller=Main#g:1,target=Main#check:657
VW,context=Main#check:657,a=4
VW,context=Main#check:657,b=4
VW,context=Main#check:657,k=63
VW,context=Main#check:657,result=null
ME,returner=Main#check:657,value=null
VW,context=Main#g:1,i=64
MC,caller=Main#g:1,target=Main#check:658
VW,context=Main#check:658,a=4
VW,context=Main#check:658,b=4
VW,context=Main#check:658,k=64
VW,context=Main#check:658,result=null
ME,returner=Main#check:658,value=null
MC,caller=Main#g:1,target=Main#check:659
VW,context=Main#check:659,a=4
VW,context=Main#check:659,b=4
VW,context=Main#check:659,k=64
VW,context=Main#check:659,result=null
ME,returner=Main#check:659,value=null
MC,caller=Main#g:1,target=Main#check:660
VW,context=Main#check:660,a=4
VW,context=Main#check:660,b=4
VW,context=Main#check:660,k=64
VW,context=Main#check:660,result=null
ME,returner=Main#check:660,value=null
VW,context=Main#g:1,i=65
MC,caller=Main#g:1,target=Main#check:661
VW,context=Main#check:661,a=4
VW,context=Main#check:661,b=4
VW,context=Main#check:661,k=65
VW,context=Main#check:661,result=null
ME,returner=Main#check:661,value=null
MC,caller=Main#g:1,target=Main#check:662
VW,context=Main#check:662,a=4
VW,context=Main#check:662,b=4
VW,context=Main#check:662,k=65
VW,context=Main#check:662,result=null
ME,returner=Main#check:662,value=null
MC,caller=Main#g:1,target=Main#check:663
VW,context=Main#check:663,a=4
VW,context=Main#check:663,b=4
VW,context=Main#check:663,k=65
VW,context=Main#check:663,result=null
ME,returner=Main#check:663,value=null
VW,context=Main#g:1,i=66
MC,caller=Main#g:1,target=Main#check:664
VW,context=Main#check:664,a=4
VW,context=Main#check:664,b=4
VW,context=Main#check:664,k=66
VW,context=Main#check:664,result=null
ME,returner=Main#check:664,value=null
MC,caller=Main#g:1,target=Main#check:665
VW,context=Main#check:665,a=4
VW,context=Main#check:665,b=4
VW,context=Main#check:665,k=66
VW,context=Main#check:665,result=null
ME,returner=Main#check:665,value=null
MC,caller=Main#g:1,target=Main#check:666
VW,context=Main#check:666,a=4
VW,context=Main#check:666,b=4
VW,context=Main#check:666,k=66
VW,context=Main#check:666,result=null
ME,returner=Main#check:666,value=null
VW,context=Main#g:1,i=67
MC,caller=Main#g:1,target=Main#check:667
VW,context=Main#check:667,a=4
VW,context=Main#check:667,b=4
VW,context=Main#check:667,k=67
VW,context=Main#check:667,result=null
ME,returner=Main#check:667,value=null
MC,caller=Main#g:1,target=Main#check:668
VW,context=Main#check:668,a=4
VW,context=Main#check:668,b=4
VW,context=Main#check:668,k=67
VW,context=Main#check:668,result=null
ME,returner=Main#check:668,value=null
MC,caller=Main#g:1,target=Main#check:669
VW,context=Main#check:669,a=4
VW,context=Main#check:669,b=4
VW,context=Main#check:669,k=67
VW,context=Main#check:669,result=null
ME,returner=Main#check:669,value=null
VW,context=Main#g:1,i=68
MC,caller=Main#g:1,target=Main#check:670
VW,context=Main#check:670,a=4
VW,context=Main#check:670,b=4
VW,context=Main#check:670,k=68
VW,context=Main#check:670,result=null
ME,returner=Main#check:670,value=null
MC,caller=Main#g:1,target=Main#check:671
VW,context=Main#check:671,a=4
VW,context=Main#check:671,b=4
VW,context=Main#check:671,k=68
VW,context=Main#check:671,result=null
ME,returner=Main#check:671,value=null
MC,caller=Main#g:1,target=Main#check:672
VW,context=Main#check:672,a=4
VW,context=Main#check:672,b=4
VW,context=Main#check:672,k=68
VW,context=Main#check:672,result=null
ME,returner=Main#check:672,value=null
VW,context=Main#g:1,i=69
MC,caller=Main#g:1,target=Main#check:673
VW,context=Main#check:673,a=4
VW,context=Main#check:673,b=4
VW,context=Main#check:673,k=69
VW,context=Main#check:673,result=null
ME,returner=Main#check:673,value=null
MC,caller=Main#g:1,target=Main#check:674
VW,context=Main#check:674,a=4
VW,context=Main#check:674,b=4
VW,context=Main#check:674,k=69
VW,context=Main#check:674,result=null
ME,returner=Main#check:674,value=null
MC,caller=Main#g:1,target=Main#check:675
VW,context=Main#check:675,a=4
VW,context=Main#check:675,b=4
VW,context=Main#check:675,k=69
VW,context=Main#check:675,result=null
ME,returner=Main#check:675,value=null
VW,context=Main#g:1,i=70
MC,caller=Main#g:1,target=Main#check:676
VW,context=Main#check:676,a=4
VW,context=Main#check:676,b=4
VW,context=Main#check:676,k=70
VW,context=Main#check:676,result=null
ME,returner=Main#check:676,value=null
MC,caller=Main#g:1,target=Main#check:677
VW,context=Main#check:677,a=4
VW,context=Main#check:677,b=4
VW,context=Main#check:677,k=70
VW,context=Main#check:677,result=null
ME,returner=Main#check:677,value=null
MC,caller=Main#g:1,target=Main#check:678
VW,context=Main#check:678,a=4
VW,context=Main#check:678,b=4
VW,context=Main#check:678,k=70
VW,context=Main#check:678,result=null
ME,returner=Main#check:678,value=null
VW,context=Main#g:1,i=71
MC,caller=Main#g:1,target=Main#check:679
VW,context=Main#check:679,a=4
VW,context=Main#check:679,b=4
VW,context=Main#check:679,k=71
VW,context=Main#check:679,result=null
ME,returner=Main#check:679,value=null
MC,caller=Main#g:1,target=Main#check:680
VW,context=Main#check:680,a=4
VW,context=Main#check:680,b=4
VW,context=Main#check:680,k=71
VW,context=Main#check:680,result=null
ME,returner=Main#check:680,value=null
MC,caller=Main#g:1,target=Main#check:681
VW,context=Main#check:681,a=4
VW,context=Main#check:681,b=4
VW,context=Main#check:681,k=71
VW,context=Main#check:681,result=null
ME,returner=Main#check:681,value=null
VW,context=Main#g:1,i=72
MC,caller=Main#g:1,target=Main#check:682
VW,context=Main#check:682,a=4
VW,context=Main#check:682,b=4
VW,context=Main#check:682,k=72
VW,context=Main#check:682,result=null
ME,returner=Main#check:682,value=null
MC,caller=Main#g:1,target=Main#check:683
VW,context=Main#check:683,a=4
VW,context=Main#check:683,b=4
VW,context=Main#check:683,k=72
VW,context=Main#check:683,result=null
ME,returner=Main#check:683,value=null
MC,caller=Main#g:1,target=Main#check:684
VW,context=Main#check:684,a=4
VW,context=Main#check:684,b=4
VW,context=Main#check:684,k=72
VW,context=Main#check:684,result=null
ME,returner=Main#check:684,value=null
VW,context=Main#g:1,i=73
MC,caller=Main#g:1,target=Main#check:685
VW,context=Main#check:685,a=4
VW,context=Main#check:685,b=4
VW,context=Main#check:685,k=73
VW,context=Main#check:685,result=null
ME,returner=Main#check:685,value=null
MC,caller=Main#g:1,target=Main#check:686
VW,context=Main#check:686,a=4
VW,context=Main#check:686,b=4
VW,context=Main#check:686,k=73
VW,context=Main#check:686,result=null
ME,returner=Main#check:686,value=null
MC,caller=Main#g:1,target=Main#check:687
VW,context=Main#check:687,a=4
VW,context=Main#check:687,b=4
VW,context=Main#check:687,k=73
VW,context=Main#check:687,result=null
ME,returner=Main#check:687,value=null
VW,context=Main#g:1,i=74
MC,caller=Main#g:1,target=Main#check:688
VW,context=Main#check:688,a=4
VW,context=Main#check:688,b=4
VW,context=Main#check:688,k=74
VW,context=Main#check:688,result=null
ME,returner=Main#check:688,value=null
MC,caller=Main#g:1,target=Main#check:689
VW,context=Main#check:689,a=4
VW,context=Main#check:689,b=4
VW,context=Main#check:689,k=74
VW,context=Main#check:689,result=null
ME,returner=Main#check:689,value=null
MC,caller=Main#g:1,target=Main#check:690
VW,context=Main#check:690,a=4
VW,context=Main#check:690,b=4
VW,context=Main#check:690,k=74
VW,context=Main#check:690,result=null
ME,returner=Main#check:690,value=null
VW,context=Main#g:1,i=75
MC,caller=Main#g:1,target=Main#check:691
VW,context=Main#check:691,a=4
VW,context=Main#check:691,b=4
VW,context=Main#check:691,k=75
VW,context=Main#check:691,result=null
ME,returner=Main#check:691,value=null
MC,caller=Main#g:1,target=Main#check:692
VW,context=Main#check:692,a=4
VW,context=Main#check:692,b=4
VW,context=Main#check:692,k=75
VW,context=Main#check:692,result=null
ME,returner=Main#check:692,value=null
MC,caller=Main#g:1,target=Main#check:693
VW,context=Main#check:693,a=4
VW,context=Main#check:693,b=4
VW,context=Main#check:693,k=75
VW,context=Main#check:693,result=null
ME,returner=Main#check:693,value=null
VW,context=Main#g:1,i=76
MC,caller=Main#g:1,target=Main#check:694
VW,context=Main#check:694,a=4
VW,context=Main#check:694,b=4
VW,context=Main#check:694,k=76
VW,context=Main#check:694,result=null
ME,returner=Main#check:694,value=null
MC,caller=Main#g:1,target=Main#check:695
VW,context=Main#check:695,a=4
VW,context=Main#check:695,b=4
VW,context=Main#check:695,k=76
VW,context=Main#check:695,result=null
ME,returner=Main#check:695,value=null
MC,caller=Main#g:1,target=Main#check:696
VW,context=Main#check:696,a=4
VW,context=Main#check:696,b=4
VW,context=Main#check:696,k=76
VW,context=Main#check:696,result=null
ME,returner=Main#check:696,value=null
VW,context=Main#g:1,i=77
MC,caller=Main#g:1,target=Main#check:697
VW,context=Main#check:697,a=4
VW,context=Main#check:697,b=4
VW,context=Main#check:697,k=77
VW,context=Main#check:697,result=null
ME,returner=Main#check:697,value=null
MC,caller=Main#g:1,target=Main#check:698
VW,context=Main#check:698,a=4
VW,context=Main#check:698,b=4
VW,context=Main#check:698,k=77
VW,context=Main#check:698,result=null
ME,returner=Main#check:698,value=null
MC,caller=Main#g:1,target=Main#check:699
VW,context=Main#check:699,a=4
VW,context=Main#check:699,b=4
VW,context=Main#check:699,k=77
VW,context=Main#check:699,result=null
ME,returner=Main#check:699,value=null
VW,context=Main#g:1,i=78
MC,caller=Main#g:1,target=Main#check:700
VW,context=Main#check:700,a=4
VW,context=Main#check:700,b=4
VW,context=Main#check:700,k=78
VW,context=Main#check:700,result=null
ME,returner=Main#check:700,value=null
MC,caller=Main#g:1,target=Main#check:701
VW,context=Main#check:701,a=4
VW,context=Main#check:701,b=4
VW,context=Main#check:701,k=78
VW,context=Main#check:701,result=null
ME,returner=Main#check:701,value=null
MC,caller=Main#g:1,target=Main#check:702
VW,context=Main#check:702,a=4
VW,context=Main#check:702,b=4
VW,context=Main#check:702,k=78
VW,context=Main#check:702,result=null
ME,returner=Main#check:702,value=null
VW,context=Main#g:1,i=79
MC,caller=Main#g:1,target=Main#check:703
VW,context=Main#check:703,a=4
VW,context=Main#check:703,b=4
VW,context=Main#check:703,k=79
VW,context=Main#check:703,result=null
ME,returner=Main#check:703,value=null
MC,caller=Main#g:1,target=Main#check:704
VW,context=Main#check:704,a=4
VW,context=Main#check:704,b=4
VW,context=Main#check:704,k=79
VW,context=Main#check:704,result=null
ME,returner=Main#check:704,value=null
MC,caller=Main#g:1,target=Main#check:705
VW,context=Main#check:705,a=4
VW,context=Main#check:705,b=4
VW,context=Main#check:705,k=79
VW,context=Main#check:705,result=null
ME,returner=Main#check:705,value=null
VW,context=Main#g:1,i=80
MC,caller=Main#g:1,target=Main#check:706
VW,context=Main#check:706,a=4
VW,context=Main#check:706,b=4
VW,context=Main#check:706,k=80
VW,context=Main#check:706,result=null
ME,returner=Main#check:706,value=null
MC,caller=Main#g:1,target=Main#check:707
VW,context=Main#check:707,a=4
VW,context=Main#check:707,b=4
VW,context=Main#check:707,k=80
VW,context=Main#check:707,result=null
ME,returner=Main#check:707,value=null
MC,caller=Main#g:1,target=Main#check:708
VW,context=Main#check:708,a=4
VW,context=Main#check:708,b=4
VW,context=Main#check:708,k=80
VW,context=Main#check:708,result=null
ME,returner=Main#check:708,value=null
VW,context=Main#g:1,i=81
MC,caller=Main#g:1,target=Main#check:709
VW,context=Main#check:709,a=4
VW,context=Main#check:709,b=4
VW,context=Main#check:709,k=81
VW,context=Main#check:709,result=null
ME,returner=Main#check:709,value=null
MC,caller=Main#g:1,target=Main#check:710
VW,context=Main#check:710,a=4
VW,context=Main#check:710,b=4
VW,context=Main#check:710,k=81
VW,context=Main#check:710,result=null
ME,returner=Main#check:710,value=null
MC,caller=Main#g:1,target=Main#check:711
VW,context=Main#check:711,a=4
VW,context=Main#check:711,b=4
VW,context=Main#check:711,k=81
VW,context=Main#check:711,result=null
ME,returner=Main#check:711,value=null
VW,context=Main#g:1,i=82
MC,caller=Main#g:1,target=Main#check:712
VW,context=Main#check:712,a=4
VW,context=Main#check:712,b=4
VW,context=Main#check:712,k=82
VW,context=Main#check:712,result=null
ME,returner=Main#check:712,value=null
MC,caller=Main#g:1,target=Main#check:713
VW,context=Main#check:713,a=4
VW,context=Main#check:713,b=4
VW,context=Main#check:713,k=82
VW,context=Main#check:713,result=null
ME,returner=Main#check:713,value=null
MC,caller=Main#g:1,target=Main#check:714
VW,context=Main#check:714,a=4
VW,context=Main#check:714,b=4
VW,context=Main#check:714,k=82
VW,context=Main#check:714,result=null
ME,returner=Main#check:714,value=null
VW,context=Main#g:1,i=83
MC,caller=Main#g:1,target=Main#check:715
VW,context=Main#check:715,a=4
VW,context=Main#check:715,b=4
VW,context=Main#check:715,k=83
VW,context=Main#check:715,result=null
ME,returner=Main#check:715,value=null
MC,caller=Main#g:1,target=Main#check:716
VW,context=Main#check:716,a=4
VW,context=Main#check:716,b=4
VW,context=Main#check:716,k=83
VW,context=Main#check:716,result=null
ME,returner=Main#check:716,value=null
MC,caller=Main#g:1,target=Main#check:717
VW,context=Main#check:717,a=4
VW,context=Main#check:717,b=4
VW,context=Main#check:717,k=83
VW,context=Main#check:717,result=null
ME,returner=Main#check:717,value=null
VW,context=Main#g:1,i=84
MC,caller=Main#g:1,target=Main#check:718
VW,context=Main#check:718,a=4
VW,context=Main#check:718,b=4
VW,context=Main#check:718,k=84
VW,context=Main#check:718,result=null
ME,returner=Main#check:718,value=null
MC,caller=Main#g:1,target=Main#check:719
VW,context=Main#check:719,a=4
VW,context=Main#check:719,b=4
VW,context=Main#check:719,k=84
VW,context=Main#check:719,result=null
ME,returner=Main#check:719,value=null
MC,caller=Main#g:1,target=Main#check:720
VW,context=Main#check:720,a=4
VW,context=Main#check:720,b=4
VW,context=Main#check:720,k=84
VW,context=Main#check:720,result=null
ME,returner=Main#check:720,value=null
VW,context=Main#g:1,i=85
MC,caller=Main#g:1,target=Main#check:721
VW,context=Main#check:721,a=4
VW,context=Main#check:721,b=4
VW,context=Main#check:721,k=85
VW,context=Main#check:721,result=null
ME,returner=Main#check:721,value=null
MC,caller=Main#g:1,target=Main#check:722
VW,context=Main#check:722,a=4
VW,context=Main#check:722,b=4
VW,context=Main#check:722,k=85
VW,context=Main#check:722,result=null
ME,returner=Main#check:722,value=null
MC,caller=Main#g:1,target=Main#check:723
VW,context=Main#check:723,a=4
VW,context=Main#check:723,b=4
VW,context=Main#check:723,k=85
VW,context=Main#check:723,result=null
ME,returner=Main#check:723,value=null
VW,context=Main#g:1,i=86
MC,caller=Main#g:1,target=Main#check:724
VW,context=Main#check:724,a=4
VW,context=Main#check:724,b=4
VW,context=Main#check:724,k=86
VW,context=Main#check:724,result=null
ME,returner=Main#check:724,value=null
MC,caller=Main#g:1,target=Main#check:725
VW,context=Main#check:725,a=4
VW,context=Main#check:725,b=4
VW,context=Main#check:725,k=86
VW,context=Main#check:725,result=null
ME,returner=Main#check:725,value=null
MC,caller=Main#g:1,target=Main#check:726
VW,context=Main#check:726,a=4
VW,context=Main#check:726,b=4
VW,context=Main#check:726,k=86
VW,context=Main#check:726,result=null
ME,returner=Main#check:726,value=null
VW,context=Main#g:1,i=87
MC,caller=Main#g:1,target=Main#check:727
VW,context=Main#check:727,a=4
VW,context=Main#check:727,b=4
VW,context=Main#check:727,k=87
VW,context=Main#check:727,result=null
ME,returner=Main#check:727,value=null
MC,caller=Main#g:1,target=Main#check:728
VW,context=Main#check:728,a=4
VW,context=Main#check:728,b=4
VW,context=Main#check:728,k=87
VW,context=Main#check:728,result=null
ME,returner=Main#check:728,value=null
MC,caller=Main#g:1,target=Main#check:729
VW,context=Main#check:729,a=4
VW,context=Main#check:729,b=4
VW,context=Main#check:729,k=87
VW,context=Main#check:729,result=null
ME,returner=Main#check:729,value=null
VW,context=Main#g:1,i=88
MC,caller=Main#g:1,target=Main#check:730
VW,context=Main#check:730,a=4
VW,context=Main#check:730,b=4
VW,context=Main#check:730,k=88
VW,context=Main#check:730,result=null
ME,returner=Main#check:730,value=null
MC,caller=Main#g:1,target=Main#check:731
VW,context=Main#check:731,a=4
VW,context=Main#check:731,b=4
VW,context=Main#check:731,k=88
VW,context=Main#check:731,result=null
ME,returner=Main#check:731,value=null
MC,caller=Main#g:1,target=Main#check:732
VW,context=Main#check:732,a=4
VW,context=Main#check:732,b=4
VW,context=Main#check:732,k=88
VW,context=Main#check:732,result=null
ME,returner=Main#check:732,value=null
VW,context=Main#g:1,i=89
MC,caller=Main#g:1,target=Main#check:733
VW,context=Main#check:733,a=4
VW,context=Main#check:733,b=4
VW,context=Main#check:733,k=89
VW,context=Main#check:733,result=null
ME,returner=Main#check:733,value=null
MC,caller=Main#g:1,target=Main#check:734
VW,context=Main#check:734,a=4
VW,context=Main#check:734,b=4
VW,context=Main#check:734,k=89
VW,context=Main#check:734,result=null
ME,returner=Main#check:734,value=null
MC,caller=Main#g:1,target=Main#check:735
VW,context=Main#check:735,a=4
VW,context=Main#check:735,b=4
VW,context=Main#check:735,k=89
VW,context=Main#check:735,result=null
ME,returner=Main#check:735,value=null
VW,context=Main#g:1,i=90
MC,caller=Main#g:1,target=Main#check:736
VW,context=Main#check:736,a=4
VW,context=Main#check:736,b=4
VW,context=Main#check:736,k=90
VW,context=Main#check:736,result=null
ME,returner=Main#check:736,value=null
MC,caller=Main#g:1,target=Main#check:737
VW,context=Main#check:737,a=4
VW,context=Main#check:737,b=4
VW,context=Main#check:737,k=90
VW,context=Main#check:737,result=null
ME,returner=Main#check:737,value=null
MC,caller=Main#g:1,target=Main#check:738
VW,context=Main#check:738,a=4
VW,context=Main#check:738,b=4
VW,context=Main#check:738,k=90
VW,context=Main#check:738,result=null
ME,returner=Main#check:738,value=null
VW,context=Main#g:1,i=91
MC,caller=Main#g:1,target=Main#check:739
VW,context=Main#check:739,a=4
VW,context=Main#check:739,b=4
VW,context=Main#check:739,k=91
VW,context=Main#check:739,result=null
ME,returner=Main#check:739,value=null
MC,caller=Main#g:1,target=Main#check:740
VW,context=Main#check:740,a=4
VW,context=Main#check:740,b=4
VW,context=Main#check:740,k=91
VW,context=Main#check:740,result=null
ME,returner=Main#check:740,value=null
MC,caller=Main#g:1,target=Main#check:741
VW,context=Main#check:741,a=4
VW,context=Main#check:741,b=4
VW,context=Main#check:741,k=91
VW,context=Main#check:741,result=null
ME,returner=Main#check:741,value=null
VW,context=Main#g:1,i=92
MC,caller=Main#g:1,target=Main#check:742
VW,context=Main#check:742,a=4
VW,context=Main#check:742,b=4
VW,context=Main#check:742,k=92
VW,context=Main#check:742,result=null
ME,returner=Main#check:742,value=null
MC,caller=Main#g:1,target=Main#check:743
VW,context=Main#check:743,a=4
VW,context=Main#check:743,b=4
VW,context=Main#check:743,k=92
VW,context=Main#check:743,result=null
ME,returner=Main#check:743,value=null
MC,caller=Main#g:1,target=Main#check:744
VW,context=Main#check:744,a=4
VW,context=Main#check:744,b=4
VW,context=Main#check:744,k=92
VW,context=Main#check:744,result=null
ME,returner=Main#check:744,value=null
VW,context=Main#g:1,i=93
MC,caller=Main#g:1,target=Main#check:745
VW,context=Main#check:745,a=4
VW,context=Main#check:745,b=4
VW,context=Main#check:745,k=93
VW,context=Main#check:745,result=null
ME,returner=Main#check:745,value=null
MC,caller=Main#g:1,target=Main#check:746
VW,context=Main#check:746,a=4
VW,context=Main#check:746,b=4
VW,context=Main#check:746,k=93
VW,context=Main#check:746,result=null
ME,returner=Main#check:746,value=null
MC,caller=Main#g:1,target=Main#check:747
VW,context=Main#check:747,a=4
VW,context=Main#check:747,b=4
VW,context=Main#check:747,k=93
VW,context=Main#check:747,result=null
ME,returner=Main#check:747,value=null
VW,context=Main#g:1,i=94
MC,caller=Main#g:1,target=Main#check:748
VW,context=Main#check:748,a=4
VW,context=Main#check:748,b=4
VW,context=Main#check:748,k=94
VW,context=Main#check:748,result=null
ME,returner=Main#check:748,value=null
MC,caller=Main#g:1,target=Main#check:749
VW,context=Main#check:749,a=4
VW,context=Main#check:749,b=4
VW,context=Main#check:749,k=94
VW,context=Main#check:749,result=null
ME,returner=Main#check:749,value=null
MC,caller=Main#g:1,target=Main#check:750
VW,context=Main#check:750,a=4
VW,context=Main#check:750,b=4
VW,context=Main#check:750,k=94
VW,context=Main#check:750,result=null
ME,returner=Main#check:750,value=null
VW,context=Main#g:1,i=95
MC,caller=Main#g:1,target=Main#check:751
VW,context=Main#check:751,a=4
VW,context=Main#check:751,b=4
VW,context=Main#check:751,k=95
VW,context=Main#check:751,result=null
ME,returner=Main#check:751,value=null
MC,caller=Main#g:1,target=Main#check:752
VW,context=Main#check:752,a=4
VW,context=Main#check:752,b=4
VW,context=Main#check:752,k=95
VW,context=Main#check:752,result=null
ME,returner=Main#check:752,value=null
MC,caller=Main#g:1,target=Main#check:753
VW,context=Main#check:753,a=4
VW,context=Main#check:753,b=4
VW,context=Main#check:753,k=95
VW,context=Main#check:753,result=null
ME,returner=Main#check:753,value=null
VW,context=Main#g:1,i=96
MC,caller=Main#g:1,target=Main#check:754
VW,context=Main#check:754,a=4
VW,context=Main#check:754,b=4
VW,context=Main#check:754,k=96
VW,context=Main#check:754,result=null
ME,returner=Main#check:754,value=null
MC,caller=Main#g:1,target=Main#check:755
VW,context=Main#check:755,a=4
VW,context=Main#check:755,b=4
VW,context=Main#check:755,k=96
VW,context=Main#check:755,result=null
ME,returner=Main#check:755,value=null
MC,caller=Main#g:1,target=Main#check:756
VW,context=Main#check:756,a=4
VW,context=Main#check:756,b=4
VW,context=Main#check:756,k=96
VW,context=Main#check:756,result=null
ME,returner=Main#check:756,value=null
VW,context=Main#g:1,i=97
MC,caller=Main#g:1,target=Main#check:757
VW,context=Main#check:757,a=4
VW,context=Main#check:757,b=4
VW,context=Main#check:757,k=97
VW,context=Main#check:757,result=null
ME,returner=Main#check:757,value=null
MC,caller=Main#g:1,target=Main#check:758
VW,context=Main#check:758,a=4
VW,context=Main#check:758,b=4
VW,context=Main#check:758,k=97
VW,context=Main#check:758,result=null
ME,returner=Main#check:758,value=null
MC,caller=Main#g:1,target=Main#check:759
VW,context=Main#check:759,a=4
VW,context=Main#check:759,b=4
VW,context=Main#check:759,k=97
VW,context=Main#check:759,result=null
ME,returner=Main#check:759,value=null
VW,context=Main#g:1,i=98
MC,caller=Main#g:1,target=Main#check:760
VW,context=Main#check:760,a=4
VW,context=Main#check:760,b=4
VW,context=Main#check:760,k=98
VW,context=Main#check:760,result=null
ME,returner=Main#check:760,value=null
MC,caller=Main#g:1,target=Main#check:761
VW,context=Main#check:761,a=4
VW,context=Main#check:761,b=4
VW,context=Main#check:761,k=98
VW,context=Main#check:761,result=null
ME,returner=Main#check:761,value=null
MC,caller=Main#g:1,target=Main#check:762
VW,context=Main#check:762,a=4
VW,context=Main#check:762,b=4
VW,context=Main#check:762,k=98
VW,context=Main#check:762,result=null
ME,returner=Main#check:762,value=null
VW,context=Main#g:1,i=99
MC,caller=Main#g:1,target=Main#check:763
VW,context=Main#check:763,a=4
VW,context=Main#check:763,b=4
VW,context=Main#check:763,k=99
VW,context=Main#check:763,result=null
ME,returner=Main#check:763,value=null
MC,caller=Main#g:1,target=Main#check:764
VW,context=Main#check:764,a=4
VW,context=Main#check:764,b=4
VW,context=Main#check:764,k=99
VW,context=Main#check:764,result=null
ME,returner=Main#check:764,value=null
MC,caller=Main#g:1,target=Main#check:765
VW,context=Main#check:765,a=4
VW,context=Main#check:765,b=4
VW,context=Main#check:765,k=99
VW,context=Main#check:765,result=null
ME,returner=Main#check:765,value=null
VW,context=Main#g:1,i=100
MC,caller=Main#g:1,target=Main#check:766
VW,context=Main#check:766,a=4
VW,context=Main#check:766,b=4
VW,context=Main#check:766,k=100
VW,context=Main#check:766,result=null
ME,returner=Main#check:766,value=null
MC,caller=Main#g:1,target=Main#check:767
VW,context=Main#check:767,a=4
VW,context=Main#check:767,b=4
VW,context=Main#check:767,k=100
VW,context=Main#check:767,result=null
ME,returner=Main#check:767,value=null
MC,caller=Main#g:1,target=Main#check:768
VW,context=Main#check:768,a=4
VW,context=Main#check:768,b=4
VW,context=Main#check:768,k=100
VW,context=Main#check:768,result=null
ME,returner=Main#check:768,value=null
VW,context=Main#g:1,result=null
ME,returner=Main#g:1,value=null
MC,caller=Main#f:2,target=Main#g:2
VW,context=Main#g:2,k=10
VW,context=Main#g:2,a=4
VW,context=Main#g:2,b=4
VW,context=Main#g:2,c=4
VW,context=Main#g:2,d=4
VW,context=Main#g:2,i=-100
MC,caller=Main#g:2,target=Main#check:769
VW,context=Main#check:769,a=4
VW,context=Main#check:769,b=4
VW,context=Main#check:769,k=-100
VW,context=Main#check:769,result=null
ME,returner=Main#check:769,value=null
VW,context=Main#g:2,str1=null
MC,caller=Main#g:2,target=Main#check:770
VW,context=Main#check:770,a=4
VW,context=Main#check:770,b=4
VW,context=Main#check:770,k=-100
VW,context=Main#check:770,result=null
ME,returner=Main#check:770,value=null
MC,caller=Main#g:2,target=Main#check:771
VW,context=Main#check:771,a=4
VW,context=Main#check:771,b=4
VW,context=Main#check:771,k=-100
VW,context=Main#check:771,result=null
ME,returner=Main#check:771,value=null
VW,context=Main#g:2,i=-99
MC,caller=Main#g:2,target=Main#check:772
VW,context=Main#check:772,a=4
VW,context=Main#check:772,b=4
VW,context=Main#check:772,k=-99
VW,context=Main#check:772,result=null
ME,returner=Main#check:772,value=null
MC,caller=Main#g:2,target=Main#check:773
VW,context=Main#check:773,a=4
VW,context=Main#check:773,b=4
VW,context=Main#check:773,k=-99
VW,context=Main#check:773,result=null
ME,returner=Main#check:773,value=null
MC,caller=Main#g:2,target=Main#check:774
VW,context=Main#check:774,a=4
VW,context=Main#check:774,b=4
VW,context=Main#check:774,k=-99
VW,context=Main#check:774,result=null
ME,returner=Main#check:774,value=null
VW,context=Main#g:2,i=-98
MC,caller=Main#g:2,target=Main#check:775
VW,context=Main#check:775,a=4
VW,context=Main#check:775,b=4
VW,context=Main#check:775,k=-98
VW,context=Main#check:775,result=null
ME,returner=Main#check:775,value=null
MC,caller=Main#g:2,target=Main#check:776
VW,context=Main#check:776,a=4
VW,context=Main#check:776,b=4
VW,context=Main#check:776,k=-98
VW,context=Main#check:776,result=null
ME,returner=Main#check:776,value=null
MC,caller=Main#g:2,target=Main#check:777
VW,context=Main#check:777,a=4
VW,context=Main#check:777,b=4
VW,context=Main#check:777,k=-98
VW,context=Main#check:777,result=null
ME,returner=Main#check:777,value=null
VW,context=Main#g:2,i=-97
MC,caller=Main#g:2,target=Main#check:778
VW,context=Main#check:778,a=4
VW,context=Main#check:778,b=4
VW,context=Main#check:778,k=-97
VW,context=Main#check:778,result=null
ME,returner=Main#check:778,value=null
MC,caller=Main#g:2,target=Main#check:779
VW,context=Main#check:779,a=4
VW,context=Main#check:779,b=4
VW,context=Main#check:779,k=-97
VW,context=Main#check:779,result=null
ME,returner=Main#check:779,value=null
MC,caller=Main#g:2,target=Main#check:780
VW,context=Main#check:780,a=4
VW,context=Main#check:780,b=4
VW,context=Main#check:780,k=-97
VW,context=Main#check:780,result=null
ME,returner=Main#check:780,value=null
VW,context=Main#g:2,i=-96
MC,caller=Main#g:2,target=Main#check:781
VW,context=Main#check:781,a=4
VW,context=Main#check:781,b=4
VW,context=Main#check:781,k=-96
VW,context=Main#check:781,result=null
ME,returner=Main#check:781,value=null
MC,caller=Main#g:2,target=Main#check:782
VW,context=Main#check:782,a=4
VW,context=Main#check:782,b=4
VW,context=Main#check:782,k=-96
VW,context=Main#check:782,result=null
ME,returner=Main#check:782,value=null
MC,caller=Main#g:2,target=Main#check:783
VW,context=Main#check:783,a=4
VW,context=Main#check:783,b=4
VW,context=Main#check:783,k=-96
VW,context=Main#check:783,result=null
ME,returner=Main#check:783,value=null
VW,context=Main#g:2,i=-95
MC,caller=Main#g:2,target=Main#check:784
VW,context=Main#check:784,a=4
VW,context=Main#check:784,b=4
VW,context=Main#check:784,k=-95
VW,context=Main#check:784,result=null
ME,returner=Main#check:784,value=null
MC,caller=Main#g:2,target=Main#check:785
VW,context=Main#check:785,a=4
VW,context=Main#check:785,b=4
VW,context=Main#check:785,k=-95
VW,context=Main#check:785,result=null
ME,returner=Main#check:785,value=null
MC,caller=Main#g:2,target=Main#check:786
VW,context=Main#check:786,a=4
VW,context=Main#check:786,b=4
VW,context=Main#check:786,k=-95
VW,context=Main#check:786,result=null
ME,returner=Main#check:786,value=null
VW,context=Main#g:2,i=-94
MC,caller=Main#g:2,target=Main#check:787
VW,context=Main#check:787,a=4
VW,context=Main#check:787,b=4
VW,context=Main#check:787,k=-94
VW,context=Main#check:787,result=null
ME,returner=Main#check:787,value=null
MC,caller=Main#g:2,target=Main#check:788
VW,context=Main#check:788,a=4
VW,context=Main#check:788,b=4
VW,context=Main#check:788,k=-94
VW,context=Main#check:788,result=null
ME,returner=Main#check:788,value=null
MC,caller=Main#g:2,target=Main#check:789
VW,context=Main#check:789,a=4
VW,context=Main#check:789,b=4
VW,context=Main#check:789,k=-94
VW,context=Main#check:789,result=null
ME,returner=Main#check:789,value=null
VW,context=Main#g:2,i=-93
MC,caller=Main#g:2,target=Main#check:790
VW,context=Main#check:790,a=4
VW,context=Main#check:790,b=4
VW,context=Main#check:790,k=-93
VW,context=Main#check:790,result=null
ME,returner=Main#check:790,value=null
MC,caller=Main#g:2,target=Main#check:791
VW,context=Main#check:791,a=4
VW,context=Main#check:791,b=4
VW,context=Main#check:791,k=-93
VW,context=Main#check:791,result=null
ME,returner=Main#check:791,value=null
MC,caller=Main#g:2,target=Main#check:792
VW,context=Main#check:792,a=4
VW,context=Main#check:792,b=4
VW,context=Main#check:792,k=-93
VW,context=Main#check:792,result=null
ME,returner=Main#check:792,value=null
VW,context=Main#g:2,i=-92
MC,caller=Main#g:2,target=Main#check:793
VW,context=Main#check:793,a=4
VW,context=Main#check:793,b=4
VW,context=Main#check:793,k=-92
VW,context=Main#check:793,result=null
ME,returner=Main#check:793,value=null
MC,caller=Main#g:2,target=Main#check:794
VW,context=Main#check:794,a=4
VW,context=Main#check:794,b=4
VW,context=Main#check:794,k=-92
VW,context=Main#check:794,result=null
ME,returner=Main#check:794,value=null
MC,caller=Main#g:2,target=Main#check:795
VW,context=Main#check:795,a=4
VW,context=Main#check:795,b=4
VW,context=Main#check:795,k=-92
VW,context=Main#check:795,result=null
ME,returner=Main#check:795,value=null
VW,context=Main#g:2,i=-91
MC,caller=Main#g:2,target=Main#check:796
VW,context=Main#check:796,a=4
VW,context=Main#check:796,b=4
VW,context=Main#check:796,k=-91
VW,context=Main#check:796,result=null
ME,returner=Main#check:796,value=null
MC,caller=Main#g:2,target=Main#check:797
VW,context=Main#check:797,a=4
VW,context=Main#check:797,b=4
VW,context=Main#check:797,k=-91
VW,context=Main#check:797,result=null
ME,returner=Main#check:797,value=null
MC,caller=Main#g:2,target=Main#check:798
VW,context=Main#check:798,a=4
VW,context=Main#check:798,b=4
VW,context=Main#check:798,k=-91
VW,context=Main#check:798,result=null
ME,returner=Main#check:798,value=null
VW,context=Main#g:2,i=-90
MC,caller=Main#g:2,target=Main#check:799
VW,context=Main#check:799,a=4
VW,context=Main#check:799,b=4
VW,context=Main#check:799,k=-90
VW,context=Main#check:799,result=null
ME,returner=Main#check:799,value=null
MC,caller=Main#g:2,target=Main#check:800
VW,context=Main#check:800,a=4
VW,context=Main#check:800,b=4
VW,context=Main#check:800,k=-90
VW,context=Main#check:800,result=null
ME,returner=Main#check:800,value=null
MC,caller=Main#g:2,target=Main#check:801
VW,context=Main#check:801,a=4
VW,context=Main#check:801,b=4
VW,context=Main#check:801,k=-90
VW,context=Main#check:801,result=null
ME,returner=Main#check:801,value=null
VW,context=Main#g:2,i=-89
MC,caller=Main#g:2,target=Main#check:802
VW,context=Main#check:802,a=4
VW,context=Main#check:802,b=4
VW,context=Main#check:802,k=-89
VW,context=Main#check:802,result=null
ME,returner=Main#check:802,value=null
MC,caller=Main#g:2,target=Main#check:803
VW,context=Main#check:803,a=4
VW,context=Main#check:803,b=4
VW,context=Main#check:803,k=-89
VW,context=Main#check:803,result=null
ME,returner=Main#check:803,value=null
MC,caller=Main#g:2,target=Main#check:804
VW,context=Main#check:804,a=4
VW,context=Main#check:804,b=4
VW,context=Main#check:804,k=-89
VW,context=Main#check:804,result=null
ME,returner=Main#check:804,value=null
VW,context=Main#g:2,i=-88
MC,caller=Main#g:2,target=Main#check:805
VW,context=Main#check:805,a=4
VW,context=Main#check:805,b=4
VW,context=Main#check:805,k=-88
VW,context=Main#check:805,result=null
ME,returner=Main#check:805,value=null
MC,caller=Main#g:2,target=Main#check:806
VW,context=Main#check:806,a=4
VW,context=Main#check:806,b=4
VW,context=Main#check:806,k=-88
VW,context=Main#check:806,result=null
ME,returner=Main#check:806,value=null
MC,caller=Main#g:2,target=Main#check:807
VW,context=Main#check:807,a=4
VW,context=Main#check:807,b=4
VW,context=Main#check:807,k=-88
VW,context=Main#check:807,result=null
ME,returner=Main#check:807,value=null
VW,context=Main#g:2,i=-87
MC,caller=Main#g:2,target=Main#check:808
VW,context=Main#check:808,a=4
VW,context=Main#check:808,b=4
VW,context=Main#check:808,k=-87
VW,context=Main#check:808,result=null
ME,returner=Main#check:808,value=null
MC,caller=Main#g:2,target=Main#check:809
VW,context=Main#check:809,a=4
VW,context=Main#check:809,b=4
VW,context=Main#check:809,k=-87
VW,context=Main#check:809,result=null
ME,returner=Main#check:809,value=null
MC,caller=Main#g:2,target=Main#check:810
VW,context=Main#check:810,a=4
VW,context=Main#check:810,b=4
VW,context=Main#check:810,k=-87
VW,context=Main#check:810,result=null
ME,returner=Main#check:810,value=null
VW,context=Main#g:2,i=-86
MC,caller=Main#g:2,target=Main#check:811
VW,context=Main#check:811,a=4
VW,context=Main#check:811,b=4
VW,context=Main#check:811,k=-86
VW,context=Main#check:811,result=null
ME,returner=Main#check:811,value=null
MC,caller=Main#g:2,target=Main#check:812
VW,context=Main#check:812,a=4
VW,context=Main#check:812,b=4
VW,context=Main#check:812,k=-86
VW,context=Main#check:812,result=null
ME,returner=Main#check:812,value=null
MC,caller=Main#g:2,target=Main#check:813
VW,context=Main#check:813,a=4
VW,context=Main#check:813,b=4
VW,context=Main#check:813,k=-86
VW,context=Main#check:813,result=null
ME,returner=Main#check:813,value=null
VW,context=Main#g:2,i=-85
MC,caller=Main#g:2,target=Main#check:814
VW,context=Main#check:814,a=4
VW,context=Main#check:814,b=4
VW,context=Main#check:814,k=-85
VW,context=Main#check:814,result=null
ME,returner=Main#check:814,value=null
MC,caller=Main#g:2,target=Main#check:815
VW,context=Main#check:815,a=4
VW,context=Main#check:815,b=4
VW,context=Main#check:815,k=-85
VW,context=Main#check:815,result=null
ME,returner=Main#check:815,value=null
MC,caller=Main#g:2,target=Main#check:816
VW,context=Main#check:816,a=4
VW,context=Main#check:816,b=4
VW,context=Main#check:816,k=-85
VW,context=Main#check:816,result=null
ME,returner=Main#check:816,value=null
VW,context=Main#g:2,i=-84
MC,caller=Main#g:2,target=Main#check:817
VW,context=Main#check:817,a=4
VW,context=Main#check:817,b=4
VW,context=Main#check:817,k=-84
VW,context=Main#check:817,result=null
ME,returner=Main#check:817,value=null
MC,caller=Main#g:2,target=Main#check:818
VW,context=Main#check:818,a=4
VW,context=Main#check:818,b=4
VW,context=Main#check:818,k=-84
VW,context=Main#check:818,result=null
ME,returner=Main#check:818,value=null
MC,caller=Main#g:2,target=Main#check:819
VW,context=Main#check:819,a=4
VW,context=Main#check:819,b=4
VW,context=Main#check:819,k=-84
VW,context=Main#check:819,result=null
ME,returner=Main#check:819,value=null
VW,context=Main#g:2,i=-83
MC,caller=Main#g:2,target=Main#check:820
VW,context=Main#check:820,a=4
VW,context=Main#check:820,b=4
VW,context=Main#check:820,k=-83
VW,context=Main#check:820,result=null
ME,returner=Main#check:820,value=null
MC,caller=Main#g:2,target=Main#check:821
VW,context=Main#check:821,a=4
VW,context=Main#check:821,b=4
VW,context=Main#check:821,k=-83
VW,context=Main#check:821,result=null
ME,returner=Main#check:821,value=null
MC,caller=Main#g:2,target=Main#check:822
VW,context=Main#check:822,a=4
VW,context=Main#check:822,b=4
VW,context=Main#check:822,k=-83
VW,context=Main#check:822,result=null
ME,returner=Main#check:822,value=null
VW,context=Main#g:2,i=-82
MC,caller=Main#g:2,target=Main#check:823
VW,context=Main#check:823,a=4
VW,context=Main#check:823,b=4
VW,context=Main#check:823,k=-82
VW,context=Main#check:823,result=null
ME,returner=Main#check:823,value=null
MC,caller=Main#g:2,target=Main#check:824
VW,context=Main#check:824,a=4
VW,context=Main#check:824,b=4
VW,context=Main#check:824,k=-82
VW,context=Main#check:824,result=null
ME,returner=Main#check:824,value=null
MC,caller=Main#g:2,target=Main#check:825
VW,context=Main#check:825,a=4
VW,context=Main#check:825,b=4
VW,context=Main#check:825,k=-82
VW,context=Main#check:825,result=null
ME,returner=Main#check:825,value=null
VW,context=Main#g:2,i=-81
MC,caller=Main#g:2,target=Main#check:826
VW,context=Main#check:826,a=4
VW,context=Main#check:826,b=4
VW,context=Main#check:826,k=-81
VW,context=Main#check:826,result=null
ME,returner=Main#check:826,value=null
MC,caller=Main#g:2,target=Main#check:827
VW,context=Main#check:827,a=4
VW,context=Main#check:827,b=4
VW,context=Main#check:827,k=-81
VW,context=Main#check:827,result=null
ME,returner=Main#check:827,value=null
MC,caller=Main#g:2,target=Main#check:828
VW,context=Main#check:828,a=4
VW,context=Main#check:828,b=4
VW,context=Main#check:828,k=-81
VW,context=Main#check:828,result=null
ME,returner=Main#check:828,value=null
VW,context=Main#g:2,i=-80
MC,caller=Main#g:2,target=Main#check:829
VW,context=Main#check:829,a=4
VW,context=Main#check:829,b=4
VW,context=Main#check:829,k=-80
VW,context=Main#check:829,result=null
ME,returner=Main#check:829,value=null
MC,caller=Main#g:2,target=Main#check:830
VW,context=Main#check:830,a=4
VW,context=Main#check:830,b=4
VW,context=Main#check:830,k=-80
VW,context=Main#check:830,result=null
ME,returner=Main#check:830,value=null
MC,caller=Main#g:2,target=Main#check:831
VW,context=Main#check:831,a=4
VW,context=Main#check:831,b=4
VW,context=Main#check:831,k=-80
VW,context=Main#check:831,result=null
ME,returner=Main#check:831,value=null
VW,context=Main#g:2,i=-79
MC,caller=Main#g:2,target=Main#check:832
VW,context=Main#check:832,a=4
VW,context=Main#check:832,b=4
VW,context=Main#check:832,k=-79
VW,context=Main#check:832,result=null
ME,returner=Main#check:832,value=null
MC,caller=Main#g:2,target=Main#check:833
VW,context=Main#check:833,a=4
VW,context=Main#check:833,b=4
VW,context=Main#check:833,k=-79
VW,context=Main#check:833,result=null
ME,returner=Main#check:833,value=null
MC,caller=Main#g:2,target=Main#check:834
VW,context=Main#check:834,a=4
VW,context=Main#check:834,b=4
VW,context=Main#check:834,k=-79
VW,context=Main#check:834,result=null
ME,returner=Main#check:834,value=null
VW,context=Main#g:2,i=-78
MC,caller=Main#g:2,target=Main#check:835
VW,context=Main#check:835,a=4
VW,context=Main#check:835,b=4
VW,context=Main#check:835,k=-78
VW,context=Main#check:835,result=null
ME,returner=Main#check:835,value=null
MC,caller=Main#g:2,target=Main#check:836
VW,context=Main#check:836,a=4
VW,context=Main#check:836,b=4
VW,context=Main#check:836,k=-78
VW,context=Main#check:836,result=null
ME,returner=Main#check:836,value=null
MC,caller=Main#g:2,target=Main#check:837
VW,context=Main#check:837,a=4
VW,context=Main#check:837,b=4
VW,context=Main#check:837,k=-78
VW,context=Main#check:837,result=null
ME,returner=Main#check:837,value=null
VW,context=Main#g:2,i=-77
MC,caller=Main#g:2,target=Main#check:838
VW,context=Main#check:838,a=4
VW,context=Main#check:838,b=4
VW,context=Main#check:838,k=-77
VW,context=Main#check:838,result=null
ME,returner=Main#check:838,value=null
MC,caller=Main#g:2,target=Main#check:839
VW,context=Main#check:839,a=4
VW,context=Main#check:839,b=4
VW,context=Main#check:839,k=-77
VW,context=Main#check:839,result=null
ME,returner=Main#check:839,value=null
MC,caller=Main#g:2,target=Main#check:840
VW,context=Main#check:840,a=4
VW,context=Main#check:840,b=4
VW,context=Main#check:840,k=-77
VW,context=Main#check:840,result=null
ME,returner=Main#check:840,value=null
VW,context=Main#g:2,i=-76
MC,caller=Main#g:2,target=Main#check:841
VW,context=Main#check:841,a=4
VW,context=Main#check:841,b=4
VW,context=Main#check:841,k=-76
VW,context=Main#check:841,result=null
ME,returner=Main#check:841,value=null
MC,caller=Main#g:2,target=Main#check:842
VW,context=Main#check:842,a=4
VW,context=Main#check:842,b=4
VW,context=Main#check:842,k=-76
VW,context=Main#check:842,result=null
ME,returner=Main#check:842,value=null
MC,caller=Main#g:2,target=Main#check:843
VW,context=Main#check:843,a=4
VW,context=Main#check:843,b=4
VW,context=Main#check:843,k=-76
VW,context=Main#check:843,result=null
ME,returner=Main#check:843,value=null
VW,context=Main#g:2,i=-75
MC,caller=Main#g:2,target=Main#check:844
VW,context=Main#check:844,a=4
VW,context=Main#check:844,b=4
VW,context=Main#check:844,k=-75
VW,context=Main#check:844,result=null
ME,returner=Main#check:844,value=null
MC,caller=Main#g:2,target=Main#check:845
VW,context=Main#check:845,a=4
VW,context=Main#check:845,b=4
VW,context=Main#check:845,k=-75
VW,context=Main#check:845,result=null
ME,returner=Main#check:845,value=null
MC,caller=Main#g:2,target=Main#check:846
VW,context=Main#check:846,a=4
VW,context=Main#check:846,b=4
VW,context=Main#check:846,k=-75
VW,context=Main#check:846,result=null
ME,returner=Main#check:846,value=null
VW,context=Main#g:2,i=-74
MC,caller=Main#g:2,target=Main#check:847
VW,context=Main#check:847,a=4
VW,context=Main#check:847,b=4
VW,context=Main#check:847,k=-74
VW,context=Main#check:847,result=null
ME,returner=Main#check:847,value=null
MC,caller=Main#g:2,target=Main#check:848
VW,context=Main#check:848,a=4
VW,context=Main#check:848,b=4
VW,context=Main#check:848,k=-74
VW,context=Main#check:848,result=null
ME,returner=Main#check:848,value=null
MC,caller=Main#g:2,target=Main#check:849
VW,context=Main#check:849,a=4
VW,context=Main#check:849,b=4
VW,context=Main#check:849,k=-74
VW,context=Main#check:849,result=null
ME,returner=Main#check:849,value=null
VW,context=Main#g:2,i=-73
MC,caller=Main#g:2,target=Main#check:850
VW,context=Main#check:850,a=4
VW,context=Main#check:850,b=4
VW,context=Main#check:850,k=-73
VW,context=Main#check:850,result=null
ME,returner=Main#check:850,value=null
MC,caller=Main#g:2,target=Main#check:851
VW,context=Main#check:851,a=4
VW,context=Main#check:851,b=4
VW,context=Main#check:851,k=-73
VW,context=Main#check:851,result=null
ME,returner=Main#check:851,value=null
MC,caller=Main#g:2,target=Main#check:852
VW,context=Main#check:852,a=4
VW,context=Main#check:852,b=4
VW,context=Main#check:852,k=-73
VW,context=Main#check:852,result=null
ME,returner=Main#check:852,value=null
VW,context=Main#g:2,i=-72
MC,caller=Main#g:2,target=Main#check:853
VW,context=Main#check:853,a=4
VW,context=Main#check:853,b=4
VW,context=Main#check:853,k=-72
VW,context=Main#check:853,result=null
ME,returner=Main#check:853,value=null
MC,caller=Main#g:2,target=Main#check:854
VW,context=Main#check:854,a=4
VW,context=Main#check:854,b=4
VW,context=Main#check:854,k=-72
VW,context=Main#check:854,result=null
ME,returner=Main#check:854,value=null
MC,caller=Main#g:2,target=Main#check:855
VW,context=Main#check:855,a=4
VW,context=Main#check:855,b=4
VW,context=Main#check:855,k=-72
VW,context=Main#check:855,result=null
ME,returner=Main#check:855,value=null
VW,context=Main#g:2,i=-71
MC,caller=Main#g:2,target=Main#check:856
VW,context=Main#check:856,a=4
VW,context=Main#check:856,b=4
VW,context=Main#check:856,k=-71
VW,context=Main#check:856,result=null
ME,returner=Main#check:856,value=null
MC,caller=Main#g:2,target=Main#check:857
VW,context=Main#check:857,a=4
VW,context=Main#check:857,b=4
VW,context=Main#check:857,k=-71
VW,context=Main#check:857,result=null
ME,returner=Main#check:857,value=null
MC,caller=Main#g:2,target=Main#check:858
VW,context=Main#check:858,a=4
VW,context=Main#check:858,b=4
VW,context=Main#check:858,k=-71
VW,context=Main#check:858,result=null
ME,returner=Main#check:858,value=null
VW,context=Main#g:2,i=-70
MC,caller=Main#g:2,target=Main#check:859
VW,context=Main#check:859,a=4
VW,context=Main#check:859,b=4
VW,context=Main#check:859,k=-70
VW,context=Main#check:859,result=null
ME,returner=Main#check:859,value=null
MC,caller=Main#g:2,target=Main#check:860
VW,context=Main#check:860,a=4
VW,context=Main#check:860,b=4
VW,context=Main#check:860,k=-70
VW,context=Main#check:860,result=null
ME,returner=Main#check:860,value=null
MC,caller=Main#g:2,target=Main#check:861
VW,context=Main#check:861,a=4
VW,context=Main#check:861,b=4
VW,context=Main#check:861,k=-70
VW,context=Main#check:861,result=null
ME,returner=Main#check:861,value=null
VW,context=Main#g:2,i=-69
MC,caller=Main#g:2,target=Main#check:862
VW,context=Main#check:862,a=4
VW,context=Main#check:862,b=4
VW,context=Main#check:862,k=-69
VW,context=Main#check:862,result=null
ME,returner=Main#check:862,value=null
MC,caller=Main#g:2,target=Main#check:863
VW,context=Main#check:863,a=4
VW,context=Main#check:863,b=4
VW,context=Main#check:863,k=-69
VW,context=Main#check:863,result=null
ME,returner=Main#check:863,value=null
MC,caller=Main#g:2,target=Main#check:864
VW,context=Main#check:864,a=4
VW,context=Main#check:864,b=4
VW,context=Main#check:864,k=-69
VW,context=Main#check:864,result=null
ME,returner=Main#check:864,value=null
VW,context=Main#g:2,i=-68
MC,caller=Main#g:2,target=Main#check:865
VW,context=Main#check:865,a=4
VW,context=Main#check:865,b=4
VW,context=Main#check:865,k=-68
VW,context=Main#check:865,result=null
ME,returner=Main#check:865,value=null
MC,caller=Main#g:2,target=Main#check:866
VW,context=Main#check:866,a=4
VW,context=Main#check:866,b=4
VW,context=Main#check:866,k=-68
VW,context=Main#check:866,result=null
ME,returner=Main#check:866,value=null
MC,caller=Main#g:2,target=Main#check:867
VW,context=Main#check:867,a=4
VW,context=Main#check:867,b=4
VW,context=Main#check:867,k=-68
VW,context=Main#check:867,result=null
ME,returner=Main#check:867,value=null
VW,context=Main#g:2,i=-67
MC,caller=Main#g:2,target=Main#check:868
VW,context=Main#check:868,a=4
VW,context=Main#check:868,b=4
VW,context=Main#check:868,k=-67
VW,context=Main#check:868,result=null
ME,returner=Main#check:868,value=null
MC,caller=Main#g:2,target=Main#check:869
VW,context=Main#check:869,a=4
VW,context=Main#check:869,b=4
VW,context=Main#check:869,k=-67
VW,context=Main#check:869,result=null
ME,returner=Main#check:869,value=null
MC,caller=Main#g:2,target=Main#check:870
VW,context=Main#check:870,a=4
VW,context=Main#check:870,b=4
VW,context=Main#check:870,k=-67
VW,context=Main#check:870,result=null
ME,returner=Main#check:870,value=null
VW,context=Main#g:2,i=-66
MC,caller=Main#g:2,target=Main#check:871
VW,context=Main#check:871,a=4
VW,context=Main#check:871,b=4
VW,context=Main#check:871,k=-66
VW,context=Main#check:871,result=null
ME,returner=Main#check:871,value=null
MC,caller=Main#g:2,target=Main#check:872
VW,context=Main#check:872,a=4
VW,context=Main#check:872,b=4
VW,context=Main#check:872,k=-66
VW,context=Main#check:872,result=null
ME,returner=Main#check:872,value=null
MC,caller=Main#g:2,target=Main#check:873
VW,context=Main#check:873,a=4
VW,context=Main#check:873,b=4
VW,context=Main#check:873,k=-66
VW,context=Main#check:873,result=null
ME,returner=Main#check:873,value=null
VW,context=Main#g:2,i=-65
MC,caller=Main#g:2,target=Main#check:874
VW,context=Main#check:874,a=4
VW,context=Main#check:874,b=4
VW,context=Main#check:874,k=-65
VW,context=Main#check:874,result=null
ME,returner=Main#check:874,value=null
MC,caller=Main#g:2,target=Main#check:875
VW,context=Main#check:875,a=4
VW,context=Main#check:875,b=4
VW,context=Main#check:875,k=-65
VW,context=Main#check:875,result=null
ME,returner=Main#check:875,value=null
MC,caller=Main#g:2,target=Main#check:876
VW,context=Main#check:876,a=4
VW,context=Main#check:876,b=4
VW,context=Main#check:876,k=-65
VW,context=Main#check:876,result=null
ME,returner=Main#check:876,value=null
VW,context=Main#g:2,i=-64
MC,caller=Main#g:2,target=Main#check:877
VW,context=Main#check:877,a=4
VW,context=Main#check:877,b=4
VW,context=Main#check:877,k=-64
VW,context=Main#check:877,result=null
ME,returner=Main#check:877,value=null
MC,caller=Main#g:2,target=Main#check:878
VW,context=Main#check:878,a=4
VW,context=Main#check:878,b=4
VW,context=Main#check:878,k=-64
VW,context=Main#check:878,result=null
ME,returner=Main#check:878,value=null
MC,caller=Main#g:2,target=Main#check:879
VW,context=Main#check:879,a=4
VW,context=Main#check:879,b=4
VW,context=Main#check:879,k=-64
VW,context=Main#check:879,result=null
ME,returner=Main#check:879,value=null
VW,context=Main#g:2,i=-63
MC,caller=Main#g:2,target=Main#check:880
VW,context=Main#check:880,a=4
VW,context=Main#check:880,b=4
VW,context=Main#check:880,k=-63
VW,context=Main#check:880,result=null
ME,returner=Main#check:880,value=null
MC,caller=Main#g:2,target=Main#check:881
VW,context=Main#check:881,a=4
VW,context=Main#check:881,b=4
VW,context=Main#check:881,k=-63
VW,context=Main#check:881,result=null
ME,returner=Main#check:881,value=null
MC,caller=Main#g:2,target=Main#check:882
VW,context=Main#check:882,a=4
VW,context=Main#check:882,b=4
VW,context=Main#check:882,k=-63
VW,context=Main#check:882,result=null
ME,returner=Main#check:882,value=null
VW,context=Main#g:2,i=-62
MC,caller=Main#g:2,target=Main#check:883
VW,context=Main#check:883,a=4
VW,context=Main#check:883,b=4
VW,context=Main#check:883,k=-62
VW,context=Main#check:883,result=null
ME,returner=Main#check:883,value=null
MC,caller=Main#g:2,target=Main#check:884
VW,context=Main#check:884,a=4
VW,context=Main#check:884,b=4
VW,context=Main#check:884,k=-62
VW,context=Main#check:884,result=null
ME,returner=Main#check:884,value=null
MC,caller=Main#g:2,target=Main#check:885
VW,context=Main#check:885,a=4
VW,context=Main#check:885,b=4
VW,context=Main#check:885,k=-62
VW,context=Main#check:885,result=null
ME,returner=Main#check:885,value=null
VW,context=Main#g:2,i=-61
MC,caller=Main#g:2,target=Main#check:886
VW,context=Main#check:886,a=4
VW,context=Main#check:886,b=4
VW,context=Main#check:886,k=-61
VW,context=Main#check:886,result=null
ME,returner=Main#check:886,value=null
MC,caller=Main#g:2,target=Main#check:887
VW,context=Main#check:887,a=4
VW,context=Main#check:887,b=4
VW,context=Main#check:887,k=-61
VW,context=Main#check:887,result=null
ME,returner=Main#check:887,value=null
MC,caller=Main#g:2,target=Main#check:888
VW,context=Main#check:888,a=4
VW,context=Main#check:888,b=4
VW,context=Main#check:888,k=-61
VW,context=Main#check:888,result=null
ME,returner=Main#check:888,value=null
VW,context=Main#g:2,i=-60
MC,caller=Main#g:2,target=Main#check:889
VW,context=Main#check:889,a=4
VW,context=Main#check:889,b=4
VW,context=Main#check:889,k=-60
VW,context=Main#check:889,result=null
ME,returner=Main#check:889,value=null
MC,caller=Main#g:2,target=Main#check:890
VW,context=Main#check:890,a=4
VW,context=Main#check:890,b=4
VW,context=Main#check:890,k=-60
VW,context=Main#check:890,result=null
ME,returner=Main#check:890,value=null
MC,caller=Main#g:2,target=Main#check:891
VW,context=Main#check:891,a=4
VW,context=Main#check:891,b=4
VW,context=Main#check:891,k=-60
VW,context=Main#check:891,result=null
ME,returner=Main#check:891,value=null
VW,context=Main#g:2,i=-59
MC,caller=Main#g:2,target=Main#check:892
VW,context=Main#check:892,a=4
VW,context=Main#check:892,b=4
VW,context=Main#check:892,k=-59
VW,context=Main#check:892,result=null
ME,returner=Main#check:892,value=null
MC,caller=Main#g:2,target=Main#check:893
VW,context=Main#check:893,a=4
VW,context=Main#check:893,b=4
VW,context=Main#check:893,k=-59
VW,context=Main#check:893,result=null
ME,returner=Main#check:893,value=null
MC,caller=Main#g:2,target=Main#check:894
VW,context=Main#check:894,a=4
VW,context=Main#check:894,b=4
VW,context=Main#check:894,k=-59
VW,context=Main#check:894,result=null
ME,returner=Main#check:894,value=null
VW,context=Main#g:2,i=-58
MC,caller=Main#g:2,target=Main#check:895
VW,context=Main#check:895,a=4
VW,context=Main#check:895,b=4
VW,context=Main#check:895,k=-58
VW,context=Main#check:895,result=null
ME,returner=Main#check:895,value=null
MC,caller=Main#g:2,target=Main#check:896
VW,context=Main#check:896,a=4
VW,context=Main#check:896,b=4
VW,context=Main#check:896,k=-58
VW,context=Main#check:896,result=null
ME,returner=Main#check:896,value=null
MC,caller=Main#g:2,target=Main#check:897
VW,context=Main#check:897,a=4
VW,context=Main#check:897,b=4
VW,context=Main#check:897,k=-58
VW,context=Main#check:897,result=null
ME,returner=Main#check:897,value=null
VW,context=Main#g:2,i=-57
MC,caller=Main#g:2,target=Main#check:898
VW,context=Main#check:898,a=4
VW,context=Main#check:898,b=4
VW,context=Main#check:898,k=-57
VW,context=Main#check:898,result=null
ME,returner=Main#check:898,value=null
MC,caller=Main#g:2,target=Main#check:899
VW,context=Main#check:899,a=4
VW,context=Main#check:899,b=4
VW,context=Main#check:899,k=-57
VW,context=Main#check:899,result=null
ME,returner=Main#check:899,value=null
MC,caller=Main#g:2,target=Main#check:900
VW,context=Main#check:900,a=4
VW,context=Main#check:900,b=4
VW,context=Main#check:900,k=-57
VW,context=Main#check:900,result=null
ME,returner=Main#check:900,value=null
VW,context=Main#g:2,i=-56
MC,caller=Main#g:2,target=Main#check:901
VW,context=Main#check:901,a=4
VW,context=Main#check:901,b=4
VW,context=Main#check:901,k=-56
VW,context=Main#check:901,result=null
ME,returner=Main#check:901,value=null
MC,caller=Main#g:2,target=Main#check:902
VW,context=Main#check:902,a=4
VW,context=Main#check:902,b=4
VW,context=Main#check:902,k=-56
VW,context=Main#check:902,result=null
ME,returner=Main#check:902,value=null
MC,caller=Main#g:2,target=Main#check:903
VW,context=Main#check:903,a=4
VW,context=Main#check:903,b=4
VW,context=Main#check:903,k=-56
VW,context=Main#check:903,result=null
ME,returner=Main#check:903,value=null
VW,context=Main#g:2,i=-55
MC,caller=Main#g:2,target=Main#check:904
VW,context=Main#check:904,a=4
VW,context=Main#check:904,b=4
VW,context=Main#check:904,k=-55
VW,context=Main#check:904,result=null
ME,returner=Main#check:904,value=null
MC,caller=Main#g:2,target=Main#check:905
VW,context=Main#check:905,a=4
VW,context=Main#check:905,b=4
VW,context=Main#check:905,k=-55
VW,context=Main#check:905,result=null
ME,returner=Main#check:905,value=null
MC,caller=Main#g:2,target=Main#check:906
VW,context=Main#check:906,a=4
VW,context=Main#check:906,b=4
VW,context=Main#check:906,k=-55
VW,context=Main#check:906,result=null
ME,returner=Main#check:906,value=null
VW,context=Main#g:2,i=-54
MC,caller=Main#g:2,target=Main#check:907
VW,context=Main#check:907,a=4
VW,context=Main#check:907,b=4
VW,context=Main#check:907,k=-54
VW,context=Main#check:907,result=null
ME,returner=Main#check:907,value=null
MC,caller=Main#g:2,target=Main#check:908
VW,context=Main#check:908,a=4
VW,context=Main#check:908,b=4
VW,context=Main#check:908,k=-54
VW,context=Main#check:908,result=null
ME,returner=Main#check:908,value=null
MC,caller=Main#g:2,target=Main#check:909
VW,context=Main#check:909,a=4
VW,context=Main#check:909,b=4
VW,context=Main#check:909,k=-54
VW,context=Main#check:909,result=null
ME,returner=Main#check:909,value=null
VW,context=Main#g:2,i=-53
MC,caller=Main#g:2,target=Main#check:910
VW,context=Main#check:910,a=4
VW,context=Main#check:910,b=4
VW,context=Main#check:910,k=-53
VW,context=Main#check:910,result=null
ME,returner=Main#check:910,value=null
MC,caller=Main#g:2,target=Main#check:911
VW,context=Main#check:911,a=4
VW,context=Main#check:911,b=4
VW,context=Main#check:911,k=-53
VW,context=Main#check:911,result=null
ME,returner=Main#check:911,value=null
MC,caller=Main#g:2,target=Main#check:912
VW,context=Main#check:912,a=4
VW,context=Main#check:912,b=4
VW,context=Main#check:912,k=-53
VW,context=Main#check:912,result=null
ME,returner=Main#check:912,value=null
VW,context=Main#g:2,i=-52
MC,caller=Main#g:2,target=Main#check:913
VW,context=Main#check:913,a=4
VW,context=Main#check:913,b=4
VW,context=Main#check:913,k=-52
VW,context=Main#check:913,result=null
ME,returner=Main#check:913,value=null
MC,caller=Main#g:2,target=Main#check:914
VW,context=Main#check:914,a=4
VW,context=Main#check:914,b=4
VW,context=Main#check:914,k=-52
VW,context=Main#check:914,result=null
ME,returner=Main#check:914,value=null
MC,caller=Main#g:2,target=Main#check:915
VW,context=Main#check:915,a=4
VW,context=Main#check:915,b=4
VW,context=Main#check:915,k=-52
VW,context=Main#check:915,result=null
ME,returner=Main#check:915,value=null
VW,context=Main#g:2,i=-51
MC,caller=Main#g:2,target=Main#check:916
VW,context=Main#check:916,a=4
VW,context=Main#check:916,b=4
VW,context=Main#check:916,k=-51
VW,context=Main#check:916,result=null
ME,returner=Main#check:916,value=null
MC,caller=Main#g:2,target=Main#check:917
VW,context=Main#check:917,a=4
VW,context=Main#check:917,b=4
VW,context=Main#check:917,k=-51
VW,context=Main#check:917,result=null
ME,returner=Main#check:917,value=null
MC,caller=Main#g:2,target=Main#check:918
VW,context=Main#check:918,a=4
VW,context=Main#check:918,b=4
VW,context=Main#check:918,k=-51
VW,context=Main#check:918,result=null
ME,returner=Main#check:918,value=null
VW,context=Main#g:2,i=-50
MC,caller=Main#g:2,target=Main#check:919
VW,context=Main#check:919,a=4
VW,context=Main#check:919,b=4
VW,context=Main#check:919,k=-50
VW,context=Main#check:919,result=null
ME,returner=Main#check:919,value=null
MC,caller=Main#g:2,target=Main#check:920
VW,context=Main#check:920,a=4
VW,context=Main#check:920,b=4
VW,context=Main#check:920,k=-50
VW,context=Main#check:920,result=null
ME,returner=Main#check:920,value=null
MC,caller=Main#g:2,target=Main#check:921
VW,context=Main#check:921,a=4
VW,context=Main#check:921,b=4
VW,context=Main#check:921,k=-50
VW,context=Main#check:921,result=null
ME,returner=Main#check:921,value=null
VW,context=Main#g:2,i=-49
MC,caller=Main#g:2,target=Main#check:922
VW,context=Main#check:922,a=4
VW,context=Main#check:922,b=4
VW,context=Main#check:922,k=-49
VW,context=Main#check:922,result=null
ME,returner=Main#check:922,value=null
MC,caller=Main#g:2,target=Main#check:923
VW,context=Main#check:923,a=4
VW,context=Main#check:923,b=4
VW,context=Main#check:923,k=-49
VW,context=Main#check:923,result=null
ME,returner=Main#check:923,value=null
MC,caller=Main#g:2,target=Main#check:924
VW,context=Main#check:924,a=4
VW,context=Main#check:924,b=4
VW,context=Main#check:924,k=-49
VW,context=Main#check:924,result=null
ME,returner=Main#check:924,value=null
VW,context=Main#g:2,i=-48
MC,caller=Main#g:2,target=Main#check:925
VW,context=Main#check:925,a=4
VW,context=Main#check:925,b=4
VW,context=Main#check:925,k=-48
VW,context=Main#check:925,result=null
ME,returner=Main#check:925,value=null
MC,caller=Main#g:2,target=Main#check:926
VW,context=Main#check:926,a=4
VW,context=Main#check:926,b=4
VW,context=Main#check:926,k=-48
VW,context=Main#check:926,result=null
ME,returner=Main#check:926,value=null
MC,caller=Main#g:2,target=Main#check:927
VW,context=Main#check:927,a=4
VW,context=Main#check:927,b=4
VW,context=Main#check:927,k=-48
VW,context=Main#check:927,result=null
ME,returner=Main#check:927,value=null
VW,context=Main#g:2,i=-47
MC,caller=Main#g:2,target=Main#check:928
VW,context=Main#check:928,a=4
VW,context=Main#check:928,b=4
VW,context=Main#check:928,k=-47
VW,context=Main#check:928,result=null
ME,returner=Main#check:928,value=null
MC,caller=Main#g:2,target=Main#check:929
VW,context=Main#check:929,a=4
VW,context=Main#check:929,b=4
VW,context=Main#check:929,k=-47
VW,context=Main#check:929,result=null
ME,returner=Main#check:929,value=null
MC,caller=Main#g:2,target=Main#check:930
VW,context=Main#check:930,a=4
VW,context=Main#check:930,b=4
VW,context=Main#check:930,k=-47
VW,context=Main#check:930,result=null
ME,returner=Main#check:930,value=null
VW,context=Main#g:2,i=-46
MC,caller=Main#g:2,target=Main#check:931
VW,context=Main#check:931,a=4
VW,context=Main#check:931,b=4
VW,context=Main#check:931,k=-46
VW,context=Main#check:931,result=null
ME,returner=Main#check:931,value=null
MC,caller=Main#g:2,target=Main#check:932
VW,context=Main#check:932,a=4
VW,context=Main#check:932,b=4
VW,context=Main#check:932,k=-46
VW,context=Main#check:932,result=null
ME,returner=Main#check:932,value=null
MC,caller=Main#g:2,target=Main#check:933
VW,context=Main#check:933,a=4
VW,context=Main#check:933,b=4
VW,context=Main#check:933,k=-46
VW,context=Main#check:933,result=null
ME,returner=Main#check:933,value=null
VW,context=Main#g:2,i=-45
MC,caller=Main#g:2,target=Main#check:934
VW,context=Main#check:934,a=4
VW,context=Main#check:934,b=4
VW,context=Main#check:934,k=-45
VW,context=Main#check:934,result=null
ME,returner=Main#check:934,value=null
MC,caller=Main#g:2,target=Main#check:935
VW,context=Main#check:935,a=4
VW,context=Main#check:935,b=4
VW,context=Main#check:935,k=-45
VW,context=Main#check:935,result=null
ME,returner=Main#check:935,value=null
MC,caller=Main#g:2,target=Main#check:936
VW,context=Main#check:936,a=4
VW,context=Main#check:936,b=4
VW,context=Main#check:936,k=-45
VW,context=Main#check:936,result=null
ME,returner=Main#check:936,value=null
VW,context=Main#g:2,i=-44
MC,caller=Main#g:2,target=Main#check:937
VW,context=Main#check:937,a=4
VW,context=Main#check:937,b=4
VW,context=Main#check:937,k=-44
VW,context=Main#check:937,result=null
ME,returner=Main#check:937,value=null
MC,caller=Main#g:2,target=Main#check:938
VW,context=Main#check:938,a=4
VW,context=Main#check:938,b=4
VW,context=Main#check:938,k=-44
VW,context=Main#check:938,result=null
ME,returner=Main#check:938,value=null
MC,caller=Main#g:2,target=Main#check:939
VW,context=Main#check:939,a=4
VW,context=Main#check:939,b=4
VW,context=Main#check:939,k=-44
VW,context=Main#check:939,result=null
ME,returner=Main#check:939,value=null
VW,context=Main#g:2,i=-43
MC,caller=Main#g:2,target=Main#check:940
VW,context=Main#check:940,a=4
VW,context=Main#check:940,b=4
VW,context=Main#check:940,k=-43
VW,context=Main#check:940,result=null
ME,returner=Main#check:940,value=null
MC,caller=Main#g:2,target=Main#check:941
VW,context=Main#check:941,a=4
VW,context=Main#check:941,b=4
VW,context=Main#check:941,k=-43
VW,context=Main#check:941,result=null
ME,returner=Main#check:941,value=null
MC,caller=Main#g:2,target=Main#check:942
VW,context=Main#check:942,a=4
VW,context=Main#check:942,b=4
VW,context=Main#check:942,k=-43
VW,context=Main#check:942,result=null
ME,returner=Main#check:942,value=null
VW,context=Main#g:2,i=-42
MC,caller=Main#g:2,target=Main#check:943
VW,context=Main#check:943,a=4
VW,context=Main#check:943,b=4
VW,context=Main#check:943,k=-42
VW,context=Main#check:943,result=null
ME,returner=Main#check:943,value=null
MC,caller=Main#g:2,target=Main#check:944
VW,context=Main#check:944,a=4
VW,context=Main#check:944,b=4
VW,context=Main#check:944,k=-42
VW,context=Main#check:944,result=null
ME,returner=Main#check:944,value=null
MC,caller=Main#g:2,target=Main#check:945
VW,context=Main#check:945,a=4
VW,context=Main#check:945,b=4
VW,context=Main#check:945,k=-42
VW,context=Main#check:945,result=null
ME,returner=Main#check:945,value=null
VW,context=Main#g:2,i=-41
MC,caller=Main#g:2,target=Main#check:946
VW,context=Main#check:946,a=4
VW,context=Main#check:946,b=4
VW,context=Main#check:946,k=-41
VW,context=Main#check:946,result=null
ME,returner=Main#check:946,value=null
MC,caller=Main#g:2,target=Main#check:947
VW,context=Main#check:947,a=4
VW,context=Main#check:947,b=4
VW,context=Main#check:947,k=-41
VW,context=Main#check:947,result=null
ME,returner=Main#check:947,value=null
MC,caller=Main#g:2,target=Main#check:948
VW,context=Main#check:948,a=4
VW,context=Main#check:948,b=4
VW,context=Main#check:948,k=-41
VW,context=Main#check:948,result=null
ME,returner=Main#check:948,value=null
VW,context=Main#g:2,i=-40
MC,caller=Main#g:2,target=Main#check:949
VW,context=Main#check:949,a=4
VW,context=Main#check:949,b=4
VW,context=Main#check:949,k=-40
VW,context=Main#check:949,result=null
ME,returner=Main#check:949,value=null
MC,caller=Main#g:2,target=Main#check:950
VW,context=Main#check:950,a=4
VW,context=Main#check:950,b=4
VW,context=Main#check:950,k=-40
VW,context=Main#check:950,result=null
ME,returner=Main#check:950,value=null
MC,caller=Main#g:2,target=Main#check:951
VW,context=Main#check:951,a=4
VW,context=Main#check:951,b=4
VW,context=Main#check:951,k=-40
VW,context=Main#check:951,result=null
ME,returner=Main#check:951,value=null
VW,context=Main#g:2,i=-39
MC,caller=Main#g:2,target=Main#check:952
VW,context=Main#check:952,a=4
VW,context=Main#check:952,b=4
VW,context=Main#check:952,k=-39
VW,context=Main#check:952,result=null
ME,returner=Main#check:952,value=null
MC,caller=Main#g:2,target=Main#check:953
VW,context=Main#check:953,a=4
VW,context=Main#check:953,b=4
VW,context=Main#check:953,k=-39
VW,context=Main#check:953,result=null
ME,returner=Main#check:953,value=null
MC,caller=Main#g:2,target=Main#check:954
VW,context=Main#check:954,a=4
VW,context=Main#check:954,b=4
VW,context=Main#check:954,k=-39
VW,context=Main#check:954,result=null
ME,returner=Main#check:954,value=null
VW,context=Main#g:2,i=-38
MC,caller=Main#g:2,target=Main#check:955
VW,context=Main#check:955,a=4
VW,context=Main#check:955,b=4
VW,context=Main#check:955,k=-38
VW,context=Main#check:955,result=null
ME,returner=Main#check:955,value=null
MC,caller=Main#g:2,target=Main#check:956
VW,context=Main#check:956,a=4
VW,context=Main#check:956,b=4
VW,context=Main#check:956,k=-38
VW,context=Main#check:956,result=null
ME,returner=Main#check:956,value=null
MC,caller=Main#g:2,target=Main#check:957
VW,context=Main#check:957,a=4
VW,context=Main#check:957,b=4
VW,context=Main#check:957,k=-38
VW,context=Main#check:957,result=null
ME,returner=Main#check:957,value=null
VW,context=Main#g:2,i=-37
MC,caller=Main#g:2,target=Main#check:958
VW,context=Main#check:958,a=4
VW,context=Main#check:958,b=4
VW,context=Main#check:958,k=-37
VW,context=Main#check:958,result=null
ME,returner=Main#check:958,value=null
MC,caller=Main#g:2,target=Main#check:959
VW,context=Main#check:959,a=4
VW,context=Main#check:959,b=4
VW,context=Main#check:959,k=-37
VW,context=Main#check:959,result=null
ME,returner=Main#check:959,value=null
MC,caller=Main#g:2,target=Main#check:960
VW,context=Main#check:960,a=4
VW,context=Main#check:960,b=4
VW,context=Main#check:960,k=-37
VW,context=Main#check:960,result=null
ME,returner=Main#check:960,value=null
VW,context=Main#g:2,i=-36
MC,caller=Main#g:2,target=Main#check:961
VW,context=Main#check:961,a=4
VW,context=Main#check:961,b=4
VW,context=Main#check:961,k=-36
VW,context=Main#check:961,result=null
ME,returner=Main#check:961,value=null
MC,caller=Main#g:2,target=Main#check:962
VW,context=Main#check:962,a=4
VW,context=Main#check:962,b=4
VW,context=Main#check:962,k=-36
VW,context=Main#check:962,result=null
ME,returner=Main#check:962,value=null
MC,caller=Main#g:2,target=Main#check:963
VW,context=Main#check:963,a=4
VW,context=Main#check:963,b=4
VW,context=Main#check:963,k=-36
VW,context=Main#check:963,result=null
ME,returner=Main#check:963,value=null
VW,context=Main#g:2,i=-35
MC,caller=Main#g:2,target=Main#check:964
VW,context=Main#check:964,a=4
VW,context=Main#check:964,b=4
VW,context=Main#check:964,k=-35
VW,context=Main#check:964,result=null
ME,returner=Main#check:964,value=null
MC,caller=Main#g:2,target=Main#check:965
VW,context=Main#check:965,a=4
VW,context=Main#check:965,b=4
VW,context=Main#check:965,k=-35
VW,context=Main#check:965,result=null
ME,returner=Main#check:965,value=null
MC,caller=Main#g:2,target=Main#check:966
VW,context=Main#check:966,a=4
VW,context=Main#check:966,b=4
VW,context=Main#check:966,k=-35
VW,context=Main#check:966,result=null
ME,returner=Main#check:966,value=null
VW,context=Main#g:2,i=-34
MC,caller=Main#g:2,target=Main#check:967
VW,context=Main#check:967,a=4
VW,context=Main#check:967,b=4
VW,context=Main#check:967,k=-34
VW,context=Main#check:967,result=null
ME,returner=Main#check:967,value=null
MC,caller=Main#g:2,target=Main#check:968
VW,context=Main#check:968,a=4
VW,context=Main#check:968,b=4
VW,context=Main#check:968,k=-34
VW,context=Main#check:968,result=null
ME,returner=Main#check:968,value=null
MC,caller=Main#g:2,target=Main#check:969
VW,context=Main#check:969,a=4
VW,context=Main#check:969,b=4
VW,context=Main#check:969,k=-34
VW,context=Main#check:969,result=null
ME,returner=Main#check:969,value=null
VW,context=Main#g:2,i=-33
MC,caller=Main#g:2,target=Main#check:970
VW,context=Main#check:970,a=4
VW,context=Main#check:970,b=4
VW,context=Main#check:970,k=-33
VW,context=Main#check:970,result=null
ME,returner=Main#check:970,value=null
MC,caller=Main#g:2,target=Main#check:971
VW,context=Main#check:971,a=4
VW,context=Main#check:971,b=4
VW,context=Main#check:971,k=-33
VW,context=Main#check:971,result=null
ME,returner=Main#check:971,value=null
MC,caller=Main#g:2,target=Main#check:972
VW,context=Main#check:972,a=4
VW,context=Main#check:972,b=4
VW,context=Main#check:972,k=-33
VW,context=Main#check:972,result=null
ME,returner=Main#check:972,value=null
VW,context=Main#g:2,i=-32
MC,caller=Main#g:2,target=Main#check:973
VW,context=Main#check:973,a=4
VW,context=Main#check:973,b=4
VW,context=Main#check:973,k=-32
VW,context=Main#check:973,result=null
ME,returner=Main#check:973,value=null
MC,caller=Main#g:2,target=Main#check:974
VW,context=Main#check:974,a=4
VW,context=Main#check:974,b=4
VW,context=Main#check:974,k=-32
VW,context=Main#check:974,result=null
ME,returner=Main#check:974,value=null
MC,caller=Main#g:2,target=Main#check:975
VW,context=Main#check:975,a=4
VW,context=Main#check:975,b=4
VW,context=Main#check:975,k=-32
VW,context=Main#check:975,result=null
ME,returner=Main#check:975,value=null
VW,context=Main#g:2,i=-31
MC,caller=Main#g:2,target=Main#check:976
VW,context=Main#check:976,a=4
VW,context=Main#check:976,b=4
VW,context=Main#check:976,k=-31
VW,context=Main#check:976,result=null
ME,returner=Main#check:976,value=null
MC,caller=Main#g:2,target=Main#check:977
VW,context=Main#check:977,a=4
VW,context=Main#check:977,b=4
VW,context=Main#check:977,k=-31
VW,context=Main#check:977,result=null
ME,returner=Main#check:977,value=null
MC,caller=Main#g:2,target=Main#check:978
VW,context=Main#check:978,a=4
VW,context=Main#check:978,b=4
VW,context=Main#check:978,k=-31
VW,context=Main#check:978,result=null
ME,returner=Main#check:978,value=null
VW,context=Main#g:2,i=-30
MC,caller=Main#g:2,target=Main#check:979
VW,context=Main#check:979,a=4
VW,context=Main#check:979,b=4
VW,context=Main#check:979,k=-30
VW,context=Main#check:979,result=null
ME,returner=Main#check:979,value=null
MC,caller=Main#g:2,target=Main#check:980
VW,context=Main#check:980,a=4
VW,context=Main#check:980,b=4
VW,context=Main#check:980,k=-30
VW,context=Main#check:980,result=null
ME,returner=Main#check:980,value=null
MC,caller=Main#g:2,target=Main#check:981
VW,context=Main#check:981,a=4
VW,context=Main#check:981,b=4
VW,context=Main#check:981,k=-30
VW,context=Main#check:981,result=null
ME,returner=Main#check:981,value=null
VW,context=Main#g:2,i=-29
MC,caller=Main#g:2,target=Main#check:982
VW,context=Main#check:982,a=4
VW,context=Main#check:982,b=4
VW,context=Main#check:982,k=-29
VW,context=Main#check:982,result=null
ME,returner=Main#check:982,value=null
MC,caller=Main#g:2,target=Main#check:983
VW,context=Main#check:983,a=4
VW,context=Main#check:983,b=4
VW,context=Main#check:983,k=-29
VW,context=Main#check:983,result=null
ME,returner=Main#check:983,value=null
MC,caller=Main#g:2,target=Main#check:984
VW,context=Main#check:984,a=4
VW,context=Main#check:984,b=4
VW,context=Main#check:984,k=-29
VW,context=Main#check:984,result=null
ME,returner=Main#check:984,value=null
VW,context=Main#g:2,i=-28
MC,caller=Main#g:2,target=Main#check:985
VW,context=Main#check:985,a=4
VW,context=Main#check:985,b=4
VW,context=Main#check:985,k=-28
VW,context=Main#check:985,result=null
ME,returner=Main#check:985,value=null
MC,caller=Main#g:2,target=Main#check:986
VW,context=Main#check:986,a=4
VW,context=Main#check:986,b=4
VW,context=Main#check:986,k=-28
VW,context=Main#check:986,result=null
ME,returner=Main#check:986,value=null
MC,caller=Main#g:2,target=Main#check:987
VW,context=Main#check:987,a=4
VW,context=Main#check:987,b=4
VW,context=Main#check:987,k=-28
VW,context=Main#check:987,result=null
ME,returner=Main#check:987,value=null
VW,context=Main#g:2,i=-27
MC,caller=Main#g:2,target=Main#check:988
VW,context=Main#check:988,a=4
VW,context=Main#check:988,b=4
VW,context=Main#check:988,k=-27
VW,context=Main#check:988,result=null
ME,returner=Main#check:988,value=null
MC,caller=Main#g:2,target=Main#check:989
VW,context=Main#check:989,a=4
VW,context=Main#check:989,b=4
VW,context=Main#check:989,k=-27
VW,context=Main#check:989,result=null
ME,returner=Main#check:989,value=null
MC,caller=Main#g:2,target=Main#check:990
VW,context=Main#check:990,a=4
VW,context=Main#check:990,b=4
VW,context=Main#check:990,k=-27
VW,context=Main#check:990,result=null
ME,returner=Main#check:990,value=null
VW,context=Main#g:2,i=-26
MC,caller=Main#g:2,target=Main#check:991
VW,context=Main#check:991,a=4
VW,context=Main#check:991,b=4
VW,context=Main#check:991,k=-26
VW,context=Main#check:991,result=null
ME,returner=Main#check:991,value=null
MC,caller=Main#g:2,target=Main#check:992
VW,context=Main#check:992,a=4
VW,context=Main#check:992,b=4
VW,context=Main#check:992,k=-26
VW,context=Main#check:992,result=null
ME,returner=Main#check:992,value=null
MC,caller=Main#g:2,target=Main#check:993
VW,context=Main#check:993,a=4
VW,context=Main#check:993,b=4
VW,context=Main#check:993,k=-26
VW,context=Main#check:993,result=null
ME,returner=Main#check:993,value=null
VW,context=Main#g:2,i=-25
MC,caller=Main#g:2,target=Main#check:994
VW,context=Main#check:994,a=4
VW,context=Main#check:994,b=4
VW,context=Main#check:994,k=-25
VW,context=Main#check:994,result=null
ME,returner=Main#check:994,value=null
MC,caller=Main#g:2,target=Main#check:995
VW,context=Main#check:995,a=4
VW,context=Main#check:995,b=4
VW,context=Main#check:995,k=-25
VW,context=Main#check:995,result=null
ME,returner=Main#check:995,value=null
MC,caller=Main#g:2,target=Main#check:996
VW,context=Main#check:996,a=4
VW,context=Main#check:996,b=4
VW,context=Main#check:996,k=-25
VW,context=Main#check:996,result=null
ME,returner=Main#check:996,value=null
VW,context=Main#g:2,i=-24
MC,caller=Main#g:2,target=Main#check:997
VW,context=Main#check:997,a=4
VW,context=Main#check:997,b=4
VW,context=Main#check:997,k=-24
VW,context=Main#check:997,result=null
ME,returner=Main#check:997,value=null
MC,caller=Main#g:2,target=Main#check:998
VW,context=Main#check:998,a=4
VW,context=Main#check:998,b=4
VW,context=Main#check:998,k=-24
VW,context=Main#check:998,result=null
ME,returner=Main#check:998,value=null
MC,caller=Main#g:2,target=Main#check:999
VW,context=Main#check:999,a=4
VW,context=Main#check:999,b=4
VW,context=Main#check:999,k=-24
VW,context=Main#check:999,result=null
ME,returner=Main#check:999,value=null
VW,context=Main#g:2,i=-23
MC,caller=Main#g:2,target=Main#check:1000
VW,context=Main#check:1000,a=4
VW,context=Main#check:1000,b=4
VW,context=Main#check:1000,k=-23
VW,context=Main#check:1000,result=null
ME,returner=Main#check:1000,value=null
MC,caller=Main#g:2,target=Main#check:1001
VW,context=Main#check:1001,a=4
VW,context=Main#check:1001,b=4
VW,context=Main#check:1001,k=-23
VW,context=Main#check:1001,result=null
ME,returner=Main#check:1001,value=null
MC,caller=Main#g:2,target=Main#check:1002
VW,context=Main#check:1002,a=4
VW,context=Main#check:1002,b=4
VW,context=Main#check:1002,k=-23
VW,context=Main#check:1002,result=null
ME,returner=Main#check:1002,value=null
VW,context=Main#g:2,i=-22
MC,caller=Main#g:2,target=Main#check:1003
VW,context=Main#check:1003,a=4
VW,context=Main#check:1003,b=4
VW,context=Main#check:1003,k=-22
VW,context=Main#check:1003,result=null
ME,returner=Main#check:1003,value=null
MC,caller=Main#g:2,target=Main#check:1004
VW,context=Main#check:1004,a=4
VW,context=Main#check:1004,b=4
VW,context=Main#check:1004,k=-22
VW,context=Main#check:1004,result=null
ME,returner=Main#check:1004,value=null
MC,caller=Main#g:2,target=Main#check:1005
VW,context=Main#check:1005,a=4
VW,context=Main#check:1005,b=4
VW,context=Main#check:1005,k=-22
VW,context=Main#check:1005,result=null
ME,returner=Main#check:1005,value=null
VW,context=Main#g:2,i=-21
MC,caller=Main#g:2,target=Main#check:1006
VW,context=Main#check:1006,a=4
VW,context=Main#check:1006,b=4
VW,context=Main#check:1006,k=-21
VW,context=Main#check:1006,result=null
ME,returner=Main#check:1006,value=null
MC,caller=Main#g:2,target=Main#check:1007
VW,context=Main#check:1007,a=4
VW,context=Main#check:1007,b=4
VW,context=Main#check:1007,k=-21
VW,context=Main#check:1007,result=null
ME,returner=Main#check:1007,value=null
MC,caller=Main#g:2,target=Main#check:1008
VW,context=Main#check:1008,a=4
VW,context=Main#check:1008,b=4
VW,context=Main#check:1008,k=-21
VW,context=Main#check:1008,result=null
ME,returner=Main#check:1008,value=null
VW,context=Main#g:2,i=-20
MC,caller=Main#g:2,target=Main#check:1009
VW,context=Main#check:1009,a=4
VW,context=Main#check:1009,b=4
VW,context=Main#check:1009,k=-20
VW,context=Main#check:1009,result=null
ME,returner=Main#check:1009,value=null
MC,caller=Main#g:2,target=Main#check:1010
VW,context=Main#check:1010,a=4
VW,context=Main#check:1010,b=4
VW,context=Main#check:1010,k=-20
VW,context=Main#check:1010,result=null
ME,returner=Main#check:1010,value=null
MC,caller=Main#g:2,target=Main#check:1011
VW,context=Main#check:1011,a=4
VW,context=Main#check:1011,b=4
VW,context=Main#check:1011,k=-20
VW,context=Main#check:1011,result=null
ME,returner=Main#check:1011,value=null
VW,context=Main#g:2,i=-19
MC,caller=Main#g:2,target=Main#check:1012
VW,context=Main#check:1012,a=4
VW,context=Main#check:1012,b=4
VW,context=Main#check:1012,k=-19
VW,context=Main#check:1012,result=null
ME,returner=Main#check:1012,value=null
MC,caller=Main#g:2,target=Main#check:1013
VW,context=Main#check:1013,a=4
VW,context=Main#check:1013,b=4
VW,context=Main#check:1013,k=-19
VW,context=Main#check:1013,result=null
ME,returner=Main#check:1013,value=null
MC,caller=Main#g:2,target=Main#check:1014
VW,context=Main#check:1014,a=4
VW,context=Main#check:1014,b=4
VW,context=Main#check:1014,k=-19
VW,context=Main#check:1014,result=null
ME,returner=Main#check:1014,value=null
VW,context=Main#g:2,i=-18
MC,caller=Main#g:2,target=Main#check:1015
VW,context=Main#check:1015,a=4
VW,context=Main#check:1015,b=4
VW,context=Main#check:1015,k=-18
VW,context=Main#check:1015,result=null
ME,returner=Main#check:1015,value=null
MC,caller=Main#g:2,target=Main#check:1016
VW,context=Main#check:1016,a=4
VW,context=Main#check:1016,b=4
VW,context=Main#check:1016,k=-18
VW,context=Main#check:1016,result=null
ME,returner=Main#check:1016,value=null
MC,caller=Main#g:2,target=Main#check:1017
VW,context=Main#check:1017,a=4
VW,context=Main#check:1017,b=4
VW,context=Main#check:1017,k=-18
VW,context=Main#check:1017,result=null
ME,returner=Main#check:1017,value=null
VW,context=Main#g:2,i=-17
MC,caller=Main#g:2,target=Main#check:1018
VW,context=Main#check:1018,a=4
VW,context=Main#check:1018,b=4
VW,context=Main#check:1018,k=-17
VW,context=Main#check:1018,result=null
ME,returner=Main#check:1018,value=null
MC,caller=Main#g:2,target=Main#check:1019
VW,context=Main#check:1019,a=4
VW,context=Main#check:1019,b=4
VW,context=Main#check:1019,k=-17
VW,context=Main#check:1019,result=null
ME,returner=Main#check:1019,value=null
MC,caller=Main#g:2,target=Main#check:1020
VW,context=Main#check:1020,a=4
VW,context=Main#check:1020,b=4
VW,context=Main#check:1020,k=-17
VW,context=Main#check:1020,result=null
ME,returner=Main#check:1020,value=null
VW,context=Main#g:2,i=-16
MC,caller=Main#g:2,target=Main#check:1021
VW,context=Main#check:1021,a=4
VW,context=Main#check:1021,b=4
VW,context=Main#check:1021,k=-16
VW,context=Main#check:1021,result=null
ME,returner=Main#check:1021,value=null
MC,caller=Main#g:2,target=Main#check:1022
VW,context=Main#check:1022,a=4
VW,context=Main#check:1022,b=4
VW,context=Main#check:1022,k=-16
VW,context=Main#check:1022,result=null
ME,returner=Main#check:1022,value=null
MC,caller=Main#g:2,target=Main#check:1023
VW,context=Main#check:1023,a=4
VW,context=Main#check:1023,b=4
VW,context=Main#check:1023,k=-16
VW,context=Main#check:1023,result=null
ME,returner=Main#check:1023,value=null
VW,context=Main#g:2,i=-15
MC,caller=Main#g:2,target=Main#check:1024
VW,context=Main#check:1024,a=4
VW,context=Main#check:1024,b=4
VW,context=Main#check:1024,k=-15
VW,context=Main#check:1024,result=null
ME,returner=Main#check:1024,value=null
MC,caller=Main#g:2,target=Main#check:1025
VW,context=Main#check:1025,a=4
VW,context=Main#check:1025,b=4
VW,context=Main#check:1025,k=-15
VW,context=Main#check:1025,result=null
ME,returner=Main#check:1025,value=null
MC,caller=Main#g:2,target=Main#check:1026
VW,context=Main#check:1026,a=4
VW,context=Main#check:1026,b=4
VW,context=Main#check:1026,k=-15
VW,context=Main#check:1026,result=null
ME,returner=Main#check:1026,value=null
VW,context=Main#g:2,i=-14
MC,caller=Main#g:2,target=Main#check:1027
VW,context=Main#check:1027,a=4
VW,context=Main#check:1027,b=4
VW,context=Main#check:1027,k=-14
VW,context=Main#check:1027,result=null
ME,returner=Main#check:1027,value=null
MC,caller=Main#g:2,target=Main#check:1028
VW,context=Main#check:1028,a=4
VW,context=Main#check:1028,b=4
VW,context=Main#check:1028,k=-14
VW,context=Main#check:1028,result=null
ME,returner=Main#check:1028,value=null
MC,caller=Main#g:2,target=Main#check:1029
VW,context=Main#check:1029,a=4
VW,context=Main#check:1029,b=4
VW,context=Main#check:1029,k=-14
VW,context=Main#check:1029,result=null
ME,returner=Main#check:1029,value=null
VW,context=Main#g:2,i=-13
MC,caller=Main#g:2,target=Main#check:1030
VW,context=Main#check:1030,a=4
VW,context=Main#check:1030,b=4
VW,context=Main#check:1030,k=-13
VW,context=Main#check:1030,result=null
ME,returner=Main#check:1030,value=null
MC,caller=Main#g:2,target=Main#check:1031
VW,context=Main#check:1031,a=4
VW,context=Main#check:1031,b=4
VW,context=Main#check:1031,k=-13
VW,context=Main#check:1031,result=null
ME,returner=Main#check:1031,value=null
MC,caller=Main#g:2,target=Main#check:1032
VW,context=Main#check:1032,a=4
VW,context=Main#check:1032,b=4
VW,context=Main#check:1032,k=-13
VW,context=Main#check:1032,result=null
ME,returner=Main#check:1032,value=null
VW,context=Main#g:2,i=-12
MC,caller=Main#g:2,target=Main#check:1033
VW,context=Main#check:1033,a=4
VW,context=Main#check:1033,b=4
VW,context=Main#check:1033,k=-12
VW,context=Main#check:1033,result=null
ME,returner=Main#check:1033,value=null
MC,caller=Main#g:2,target=Main#check:1034
VW,context=Main#check:1034,a=4
VW,context=Main#check:1034,b=4
VW,context=Main#check:1034,k=-12
VW,context=Main#check:1034,result=null
ME,returner=Main#check:1034,value=null
MC,caller=Main#g:2,target=Main#check:1035
VW,context=Main#check:1035,a=4
VW,context=Main#check:1035,b=4
VW,context=Main#check:1035,k=-12
VW,context=Main#check:1035,result=null
ME,returner=Main#check:1035,value=null
VW,context=Main#g:2,i=-11
MC,caller=Main#g:2,target=Main#check:1036
VW,context=Main#check:1036,a=4
VW,context=Main#check:1036,b=4
VW,context=Main#check:1036,k=-11
VW,context=Main#check:1036,result=null
ME,returner=Main#check:1036,value=null
MC,caller=Main#g:2,target=Main#check:1037
VW,context=Main#check:1037,a=4
VW,context=Main#check:1037,b=4
VW,context=Main#check:1037,k=-11
VW,context=Main#check:1037,result=null
ME,returner=Main#check:1037,value=null
MC,caller=Main#g:2,target=Main#check:1038
VW,context=Main#check:1038,a=4
VW,context=Main#check:1038,b=4
VW,context=Main#check:1038,k=-11
VW,context=Main#check:1038,result=null
ME,returner=Main#check:1038,value=null
VW,context=Main#g:2,i=-10
MC,caller=Main#g:2,target=Main#check:1039
VW,context=Main#check:1039,a=4
VW,context=Main#check:1039,b=4
VW,context=Main#check:1039,k=-10
VW,context=Main#check:1039,result=null
ME,returner=Main#check:1039,value=null
MC,caller=Main#g:2,target=Main#check:1040
VW,context=Main#check:1040,a=4
VW,context=Main#check:1040,b=4
VW,context=Main#check:1040,k=-10
VW,context=Main#check:1040,result=null
ME,returner=Main#check:1040,value=null
MC,caller=Main#g:2,target=Main#check:1041
VW,context=Main#check:1041,a=4
VW,context=Main#check:1041,b=4
VW,context=Main#check:1041,k=-10
VW,context=Main#check:1041,result=null
ME,returner=Main#check:1041,value=null
MC,caller=Main#g:2,target=Main#check:1042
VW,context=Main#check:1042,a=4
VW,context=Main#check:1042,b=4
VW,context=Main#check:1042,k=-10
VW,context=Main#check:1042,result=null
ME,returner=Main#check:1042,value=null
VW,context=Main#g:2,i=-9
MC,caller=Main#g:2,target=Main#check:1043
VW,context=Main#check:1043,a=4
VW,context=Main#check:1043,b=4
VW,context=Main#check:1043,k=-9
VW,context=Main#check:1043,result=null
ME,returner=Main#check:1043,value=null
MC,caller=Main#g:2,target=Main#check:1044
VW,context=Main#check:1044,a=4
VW,context=Main#check:1044,b=4
VW,context=Main#check:1044,k=-9
VW,context=Main#check:1044,result=null
ME,returner=Main#check:1044,value=null
MC,caller=Main#g:2,target=Main#check:1045
VW,context=Main#check:1045,a=4
VW,context=Main#check:1045,b=4
VW,context=Main#check:1045,k=-9
VW,context=Main#check:1045,result=null
ME,returner=Main#check:1045,value=null
VW,context=Main#g:2,i=-8
MC,caller=Main#g:2,target=Main#check:1046
VW,context=Main#check:1046,a=4
VW,context=Main#check:1046,b=4
VW,context=Main#check:1046,k=-8
VW,context=Main#check:1046,result=null
ME,returner=Main#check:1046,value=null
MC,caller=Main#g:2,target=Main#check:1047
VW,context=Main#check:1047,a=4
VW,context=Main#check:1047,b=4
VW,context=Main#check:1047,k=-8
VW,context=Main#check:1047,result=null
ME,returner=Main#check:1047,value=null
MC,caller=Main#g:2,target=Main#check:1048
VW,context=Main#check:1048,a=4
VW,context=Main#check:1048,b=4
VW,context=Main#check:1048,k=-8
VW,context=Main#check:1048,result=null
ME,returner=Main#check:1048,value=null
VW,context=Main#g:2,i=-7
MC,caller=Main#g:2,target=Main#check:1049
VW,context=Main#check:1049,a=4
VW,context=Main#check:1049,b=4
VW,context=Main#check:1049,k=-7
VW,context=Main#check:1049,result=null
ME,returner=Main#check:1049,value=null
MC,caller=Main#g:2,target=Main#check:1050
VW,context=Main#check:1050,a=4
VW,context=Main#check:1050,b=4
VW,context=Main#check:1050,k=-7
VW,context=Main#check:1050,result=null
ME,returner=Main#check:1050,value=null
MC,caller=Main#g:2,target=Main#check:1051
VW,context=Main#check:1051,a=4
VW,context=Main#check:1051,b=4
VW,context=Main#check:1051,k=-7
VW,context=Main#check:1051,result=null
ME,returner=Main#check:1051,value=null
VW,context=Main#g:2,i=-6
MC,caller=Main#g:2,target=Main#check:1052
VW,context=Main#check:1052,a=4
VW,context=Main#check:1052,b=4
VW,context=Main#check:1052,k=-6
VW,context=Main#check:1052,result=null
ME,returner=Main#check:1052,value=null
MC,caller=Main#g:2,target=Main#check:1053
VW,context=Main#check:1053,a=4
VW,context=Main#check:1053,b=4
VW,context=Main#check:1053,k=-6
VW,context=Main#check:1053,result=null
ME,returner=Main#check:1053,value=null
MC,caller=Main#g:2,target=Main#check:1054
VW,context=Main#check:1054,a=4
VW,context=Main#check:1054,b=4
VW,context=Main#check:1054,k=-6
VW,context=Main#check:1054,result=null
ME,returner=Main#check:1054,value=null
VW,context=Main#g:2,i=-5
MC,caller=Main#g:2,target=Main#check:1055
VW,context=Main#check:1055,a=4
VW,context=Main#check:1055,b=4
VW,context=Main#check:1055,k=-5
VW,context=Main#check:1055,result=null
ME,returner=Main#check:1055,value=null
MC,caller=Main#g:2,target=Main#check:1056
VW,context=Main#check:1056,a=4
VW,context=Main#check:1056,b=4
VW,context=Main#check:1056,k=-5
VW,context=Main#check:1056,result=null
ME,returner=Main#check:1056,value=null
MC,caller=Main#g:2,target=Main#check:1057
VW,context=Main#check:1057,a=4
VW,context=Main#check:1057,b=4
VW,context=Main#check:1057,k=-5
VW,context=Main#check:1057,result=null
ME,returner=Main#check:1057,value=null
MC,caller=Main#g:2,target=Main#check:1058
VW,context=Main#check:1058,a=4
VW,context=Main#check:1058,b=4
VW,context=Main#check:1058,k=-5
VW,context=Main#check:1058,result=null
ME,returner=Main#check:1058,value=null
VW,context=Main#g:2,i=-4
MC,caller=Main#g:2,target=Main#check:1059
VW,context=Main#check:1059,a=4
VW,context=Main#check:1059,b=4
VW,context=Main#check:1059,k=-4
VW,context=Main#check:1059,result=null
ME,returner=Main#check:1059,value=null
MC,caller=Main#g:2,target=Main#check:1060
VW,context=Main#check:1060,a=4
VW,context=Main#check:1060,b=4
VW,context=Main#check:1060,k=-4
VW,context=Main#check:1060,result=null
ME,returner=Main#check:1060,value=null
MC,caller=Main#g:2,target=Main#check:1061
VW,context=Main#check:1061,a=4
VW,context=Main#check:1061,b=4
VW,context=Main#check:1061,k=-4
VW,context=Main#check:1061,result=null
ME,returner=Main#check:1061,value=null
VW,context=Main#g:2,i=-3
MC,caller=Main#g:2,target=Main#check:1062
VW,context=Main#check:1062,a=4
VW,context=Main#check:1062,b=4
VW,context=Main#check:1062,k=-3
VW,context=Main#check:1062,result=null
ME,returner=Main#check:1062,value=null
MC,caller=Main#g:2,target=Main#check:1063
VW,context=Main#check:1063,a=4
VW,context=Main#check:1063,b=4
VW,context=Main#check:1063,k=-3
VW,context=Main#check:1063,result=null
ME,returner=Main#check:1063,value=null
MC,caller=Main#g:2,target=Main#check:1064
VW,context=Main#check:1064,a=4
VW,context=Main#check:1064,b=4
VW,context=Main#check:1064,k=-3
VW,context=Main#check:1064,result=null
ME,returner=Main#check:1064,value=null
VW,context=Main#g:2,i=-2
MC,caller=Main#g:2,target=Main#check:1065
VW,context=Main#check:1065,a=4
VW,context=Main#check:1065,b=4
VW,context=Main#check:1065,k=-2
VW,context=Main#check:1065,result=null
ME,returner=Main#check:1065,value=null
MC,caller=Main#g:2,target=Main#check:1066
VW,context=Main#check:1066,a=4
VW,context=Main#check:1066,b=4
VW,context=Main#check:1066,k=-2
VW,context=Main#check:1066,result=null
ME,returner=Main#check:1066,value=null
MC,caller=Main#g:2,target=Main#check:1067
VW,context=Main#check:1067,a=4
VW,context=Main#check:1067,b=4
VW,context=Main#check:1067,k=-2
VW,context=Main#check:1067,result=null
ME,returner=Main#check:1067,value=null
MC,caller=Main#g:2,target=Main#check:1068
VW,context=Main#check:1068,a=4
VW,context=Main#check:1068,b=4
VW,context=Main#check:1068,k=-2
VW,context=Main#check:1068,result=null
ME,returner=Main#check:1068,value=null
VW,context=Main#g:2,i=-1
MC,caller=Main#g:2,target=Main#check:1069
VW,context=Main#check:1069,a=4
VW,context=Main#check:1069,b=4
VW,context=Main#check:1069,k=-1
VW,context=Main#check:1069,result=null
ME,returner=Main#check:1069,value=null
MC,caller=Main#g:2,target=Main#check:1070
VW,context=Main#check:1070,a=4
VW,context=Main#check:1070,b=4
VW,context=Main#check:1070,k=-1
VW,context=Main#check:1070,result=null
ME,returner=Main#check:1070,value=null
MC,caller=Main#g:2,target=Main#check:1071
VW,context=Main#check:1071,a=4
VW,context=Main#check:1071,b=4
VW,context=Main#check:1071,k=-1
VW,context=Main#check:1071,result=null
ME,returner=Main#check:1071,value=null
MC,caller=Main#g:2,target=Main#check:1072
VW,context=Main#check:1072,a=4
VW,context=Main#check:1072,b=4
VW,context=Main#check:1072,k=-1
VW,context=Main#check:1072,result=null
ME,returner=Main#check:1072,value=null
VW,context=Main#g:2,i=0
MC,caller=Main#g:2,target=Main#check:1073
VW,context=Main#check:1073,a=4
VW,context=Main#check:1073,b=4
VW,context=Main#check:1073,k=0
VW,context=Main#check:1073,result=(4 - 4)
ME,returner=Main#check:1073,value=(4 - 4)
MC,caller=Main#g:2,target=Main#check:1074
VW,context=Main#check:1074,a=4
VW,context=Main#check:1074,b=4
VW,context=Main#check:1074,k=10
VW,context=Main#check:1074,result=null
ME,returner=Main#check:1074,value=null
VW,context=Main#g:2,str1=(4 - 4)
MC,caller=Main#g:2,target=Main#check:1075
VW,context=Main#check:1075,a=4
VW,context=Main#check:1075,b=4
VW,context=Main#check:1075,k=0
VW,context=Main#check:1075,result=(4 - 4)
ME,returner=Main#check:1075,value=(4 - 4)
MC,caller=Main#g:2,target=Main#check:1076
VW,context=Main#check:1076,a=4
VW,context=Main#check:1076,b=4
VW,context=Main#check:1076,k=-10
VW,context=Main#check:1076,result=null
ME,returner=Main#check:1076,value=null
MC,caller=Main#g:2,target=Main#check:1077
VW,context=Main#check:1077,a=4
VW,context=Main#check:1077,b=4
VW,context=Main#check:1077,k=0
VW,context=Main#check:1077,result=(4 - 4)
ME,returner=Main#check:1077,value=(4 - 4)
MC,caller=Main#g:2,target=Main#check:1078
VW,context=Main#check:1078,a=4
VW,context=Main#check:1078,b=4
VW,context=Main#check:1078,k=10
VW,context=Main#check:1078,result=null
ME,returner=Main#check:1078,value=null
VW,context=Main#g:2,i=1
MC,caller=Main#g:2,target=Main#check:1079
VW,context=Main#check:1079,a=4
VW,context=Main#check:1079,b=4
VW,context=Main#check:1079,k=1
VW,context=Main#check:1079,result=null
ME,returner=Main#check:1079,value=null
VW,context=Main#g:2,str1=null
MC,caller=Main#g:2,target=Main#check:1080
VW,context=Main#check:1080,a=4
VW,context=Main#check:1080,b=4
VW,context=Main#check:1080,k=1
VW,context=Main#check:1080,result=null
ME,returner=Main#check:1080,value=null
MC,caller=Main#g:2,target=Main#check:1081
VW,context=Main#check:1081,a=4
VW,context=Main#check:1081,b=4
VW,context=Main#check:1081,k=1
VW,context=Main#check:1081,result=null
ME,returner=Main#check:1081,value=null
MC,caller=Main#g:2,target=Main#check:1082
VW,context=Main#check:1082,a=4
VW,context=Main#check:1082,b=4
VW,context=Main#check:1082,k=1
VW,context=Main#check:1082,result=null
ME,returner=Main#check:1082,value=null
VW,context=Main#g:2,i=2
MC,caller=Main#g:2,target=Main#check:1083
VW,context=Main#check:1083,a=4
VW,context=Main#check:1083,b=4
VW,context=Main#check:1083,k=2
VW,context=Main#check:1083,result=null
ME,returner=Main#check:1083,value=null
MC,caller=Main#g:2,target=Main#check:1084
VW,context=Main#check:1084,a=4
VW,context=Main#check:1084,b=4
VW,context=Main#check:1084,k=2
VW,context=Main#check:1084,result=null
ME,returner=Main#check:1084,value=null
MC,caller=Main#g:2,target=Main#check:1085
VW,context=Main#check:1085,a=4
VW,context=Main#check:1085,b=4
VW,context=Main#check:1085,k=2
VW,context=Main#check:1085,result=null
ME,returner=Main#check:1085,value=null
MC,caller=Main#g:2,target=Main#check:1086
VW,context=Main#check:1086,a=4
VW,context=Main#check:1086,b=4
VW,context=Main#check:1086,k=2
VW,context=Main#check:1086,result=null
ME,returner=Main#check:1086,value=null
VW,context=Main#g:2,i=3
MC,caller=Main#g:2,target=Main#check:1087
VW,context=Main#check:1087,a=4
VW,context=Main#check:1087,b=4
VW,context=Main#check:1087,k=3
VW,context=Main#check:1087,result=null
ME,returner=Main#check:1087,value=null
MC,caller=Main#g:2,target=Main#check:1088
VW,context=Main#check:1088,a=4
VW,context=Main#check:1088,b=4
VW,context=Main#check:1088,k=3
VW,context=Main#check:1088,result=null
ME,returner=Main#check:1088,value=null
MC,caller=Main#g:2,target=Main#check:1089
VW,context=Main#check:1089,a=4
VW,context=Main#check:1089,b=4
VW,context=Main#check:1089,k=3
VW,context=Main#check:1089,result=null
ME,returner=Main#check:1089,value=null
VW,context=Main#g:2,i=4
MC,caller=Main#g:2,target=Main#check:1090
VW,context=Main#check:1090,a=4
VW,context=Main#check:1090,b=4
VW,context=Main#check:1090,k=4
VW,context=Main#check:1090,result=null
ME,returner=Main#check:1090,value=null
MC,caller=Main#g:2,target=Main#check:1091
VW,context=Main#check:1091,a=4
VW,context=Main#check:1091,b=4
VW,context=Main#check:1091,k=4
VW,context=Main#check:1091,result=null
ME,returner=Main#check:1091,value=null
MC,caller=Main#g:2,target=Main#check:1092
VW,context=Main#check:1092,a=4
VW,context=Main#check:1092,b=4
VW,context=Main#check:1092,k=4
VW,context=Main#check:1092,result=null
ME,returner=Main#check:1092,value=null
VW,context=Main#g:2,i=5
MC,caller=Main#g:2,target=Main#check:1093
VW,context=Main#check:1093,a=4
VW,context=Main#check:1093,b=4
VW,context=Main#check:1093,k=5
VW,context=Main#check:1093,result=null
ME,returner=Main#check:1093,value=null
MC,caller=Main#g:2,target=Main#check:1094
VW,context=Main#check:1094,a=4
VW,context=Main#check:1094,b=4
VW,context=Main#check:1094,k=5
VW,context=Main#check:1094,result=null
ME,returner=Main#check:1094,value=null
MC,caller=Main#g:2,target=Main#check:1095
VW,context=Main#check:1095,a=4
VW,context=Main#check:1095,b=4
VW,context=Main#check:1095,k=5
VW,context=Main#check:1095,result=null
ME,returner=Main#check:1095,value=null
MC,caller=Main#g:2,target=Main#check:1096
VW,context=Main#check:1096,a=4
VW,context=Main#check:1096,b=4
VW,context=Main#check:1096,k=5
VW,context=Main#check:1096,result=null
ME,returner=Main#check:1096,value=null
VW,context=Main#g:2,i=6
MC,caller=Main#g:2,target=Main#check:1097
VW,context=Main#check:1097,a=4
VW,context=Main#check:1097,b=4
VW,context=Main#check:1097,k=6
VW,context=Main#check:1097,result=null
ME,returner=Main#check:1097,value=null
MC,caller=Main#g:2,target=Main#check:1098
VW,context=Main#check:1098,a=4
VW,context=Main#check:1098,b=4
VW,context=Main#check:1098,k=6
VW,context=Main#check:1098,result=null
ME,returner=Main#check:1098,value=null
MC,caller=Main#g:2,target=Main#check:1099
VW,context=Main#check:1099,a=4
VW,context=Main#check:1099,b=4
VW,context=Main#check:1099,k=6
VW,context=Main#check:1099,result=null
ME,returner=Main#check:1099,value=null
VW,context=Main#g:2,i=7
MC,caller=Main#g:2,target=Main#check:1100
VW,context=Main#check:1100,a=4
VW,context=Main#check:1100,b=4
VW,context=Main#check:1100,k=7
VW,context=Main#check:1100,result=null
ME,returner=Main#check:1100,value=null
MC,caller=Main#g:2,target=Main#check:1101
VW,context=Main#check:1101,a=4
VW,context=Main#check:1101,b=4
VW,context=Main#check:1101,k=7
VW,context=Main#check:1101,result=null
ME,returner=Main#check:1101,value=null
MC,caller=Main#g:2,target=Main#check:1102
VW,context=Main#check:1102,a=4
VW,context=Main#check:1102,b=4
VW,context=Main#check:1102,k=7
VW,context=Main#check:1102,result=null
ME,returner=Main#check:1102,value=null
VW,context=Main#g:2,i=8
MC,caller=Main#g:2,target=Main#check:1103
VW,context=Main#check:1103,a=4
VW,context=Main#check:1103,b=4
VW,context=Main#check:1103,k=8
VW,context=Main#check:1103,result=(4 + 4)
ME,returner=Main#check:1103,value=(4 + 4)
MC,caller=Main#g:2,target=Main#check:1104
VW,context=Main#check:1104,a=4
VW,context=Main#check:1104,b=4
VW,context=Main#check:1104,k=2
VW,context=Main#check:1104,result=null
ME,returner=Main#check:1104,value=null
VW,context=Main#g:2,str1=(4 + 4)
MC,caller=Main#g:2,target=Main#check:1105
VW,context=Main#check:1105,a=4
VW,context=Main#check:1105,b=4
VW,context=Main#check:1105,k=8
VW,context=Main#check:1105,result=(4 + 4)
ME,returner=Main#check:1105,value=(4 + 4)
MC,caller=Main#g:2,target=Main#check:1106
VW,context=Main#check:1106,a=4
VW,context=Main#check:1106,b=4
VW,context=Main#check:1106,k=-2
VW,context=Main#check:1106,result=null
ME,returner=Main#check:1106,value=null
MC,caller=Main#g:2,target=Main#check:1107
VW,context=Main#check:1107,a=4
VW,context=Main#check:1107,b=4
VW,context=Main#check:1107,k=8
VW,context=Main#check:1107,result=(4 + 4)
ME,returner=Main#check:1107,value=(4 + 4)
MC,caller=Main#g:2,target=Main#check:1108
VW,context=Main#check:1108,a=4
VW,context=Main#check:1108,b=4
VW,context=Main#check:1108,k=18
VW,context=Main#check:1108,result=null
ME,returner=Main#check:1108,value=null
VW,context=Main#g:2,i=9
MC,caller=Main#g:2,target=Main#check:1109
VW,context=Main#check:1109,a=4
VW,context=Main#check:1109,b=4
VW,context=Main#check:1109,k=9
VW,context=Main#check:1109,result=null
ME,returner=Main#check:1109,value=null
VW,context=Main#g:2,str1=null
MC,caller=Main#g:2,target=Main#check:1110
VW,context=Main#check:1110,a=4
VW,context=Main#check:1110,b=4
VW,context=Main#check:1110,k=9
VW,context=Main#check:1110,result=null
ME,returner=Main#check:1110,value=null
MC,caller=Main#g:2,target=Main#check:1111
VW,context=Main#check:1111,a=4
VW,context=Main#check:1111,b=4
VW,context=Main#check:1111,k=9
VW,context=Main#check:1111,result=null
ME,returner=Main#check:1111,value=null
VW,context=Main#g:2,i=10
MC,caller=Main#g:2,target=Main#check:1112
VW,context=Main#check:1112,a=4
VW,context=Main#check:1112,b=4
VW,context=Main#check:1112,k=10
VW,context=Main#check:1112,result=null
ME,returner=Main#check:1112,value=null
MC,caller=Main#g:2,target=Main#check:1113
VW,context=Main#check:1113,a=4
VW,context=Main#check:1113,b=4
VW,context=Main#check:1113,k=10
VW,context=Main#check:1113,result=null
ME,returner=Main#check:1113,value=null
MC,caller=Main#g:2,target=Main#check:1114
VW,context=Main#check:1114,a=4
VW,context=Main#check:1114,b=4
VW,context=Main#check:1114,k=10
VW,context=Main#check:1114,result=null
ME,returner=Main#check:1114,value=null
MC,caller=Main#g:2,target=Main#check:1115
VW,context=Main#check:1115,a=4
VW,context=Main#check:1115,b=4
VW,context=Main#check:1115,k=10
VW,context=Main#check:1115,result=null
ME,returner=Main#check:1115,value=null
VW,context=Main#g:2,i=11
MC,caller=Main#g:2,target=Main#check:1116
VW,context=Main#check:1116,a=4
VW,context=Main#check:1116,b=4
VW,context=Main#check:1116,k=11
VW,context=Main#check:1116,result=null
ME,returner=Main#check:1116,value=null
MC,caller=Main#g:2,target=Main#check:1117
VW,context=Main#check:1117,a=4
VW,context=Main#check:1117,b=4
VW,context=Main#check:1117,k=11
VW,context=Main#check:1117,result=null
ME,returner=Main#check:1117,value=null
MC,caller=Main#g:2,target=Main#check:1118
VW,context=Main#check:1118,a=4
VW,context=Main#check:1118,b=4
VW,context=Main#check:1118,k=11
VW,context=Main#check:1118,result=null
ME,returner=Main#check:1118,value=null
VW,context=Main#g:2,i=12
MC,caller=Main#g:2,target=Main#check:1119
VW,context=Main#check:1119,a=4
VW,context=Main#check:1119,b=4
VW,context=Main#check:1119,k=12
VW,context=Main#check:1119,result=null
ME,returner=Main#check:1119,value=null
MC,caller=Main#g:2,target=Main#check:1120
VW,context=Main#check:1120,a=4
VW,context=Main#check:1120,b=4
VW,context=Main#check:1120,k=12
VW,context=Main#check:1120,result=null
ME,returner=Main#check:1120,value=null
MC,caller=Main#g:2,target=Main#check:1121
VW,context=Main#check:1121,a=4
VW,context=Main#check:1121,b=4
VW,context=Main#check:1121,k=12
VW,context=Main#check:1121,result=null
ME,returner=Main#check:1121,value=null
VW,context=Main#g:2,i=13
MC,caller=Main#g:2,target=Main#check:1122
VW,context=Main#check:1122,a=4
VW,context=Main#check:1122,b=4
VW,context=Main#check:1122,k=13
VW,context=Main#check:1122,result=null
ME,returner=Main#check:1122,value=null
MC,caller=Main#g:2,target=Main#check:1123
VW,context=Main#check:1123,a=4
VW,context=Main#check:1123,b=4
VW,context=Main#check:1123,k=13
VW,context=Main#check:1123,result=null
ME,returner=Main#check:1123,value=null
MC,caller=Main#g:2,target=Main#check:1124
VW,context=Main#check:1124,a=4
VW,context=Main#check:1124,b=4
VW,context=Main#check:1124,k=13
VW,context=Main#check:1124,result=null
ME,returner=Main#check:1124,value=null
VW,context=Main#g:2,i=14
MC,caller=Main#g:2,target=Main#check:1125
VW,context=Main#check:1125,a=4
VW,context=Main#check:1125,b=4
VW,context=Main#check:1125,k=14
VW,context=Main#check:1125,result=null
ME,returner=Main#check:1125,value=null
MC,caller=Main#g:2,target=Main#check:1126
VW,context=Main#check:1126,a=4
VW,context=Main#check:1126,b=4
VW,context=Main#check:1126,k=14
VW,context=Main#check:1126,result=null
ME,returner=Main#check:1126,value=null
MC,caller=Main#g:2,target=Main#check:1127
VW,context=Main#check:1127,a=4
VW,context=Main#check:1127,b=4
VW,context=Main#check:1127,k=14
VW,context=Main#check:1127,result=null
ME,returner=Main#check:1127,value=null
VW,context=Main#g:2,i=15
MC,caller=Main#g:2,target=Main#check:1128
VW,context=Main#check:1128,a=4
VW,context=Main#check:1128,b=4
VW,context=Main#check:1128,k=15
VW,context=Main#check:1128,result=null
ME,returner=Main#check:1128,value=null
MC,caller=Main#g:2,target=Main#check:1129
VW,context=Main#check:1129,a=4
VW,context=Main#check:1129,b=4
VW,context=Main#check:1129,k=15
VW,context=Main#check:1129,result=null
ME,returner=Main#check:1129,value=null
MC,caller=Main#g:2,target=Main#check:1130
VW,context=Main#check:1130,a=4
VW,context=Main#check:1130,b=4
VW,context=Main#check:1130,k=15
VW,context=Main#check:1130,result=null
ME,returner=Main#check:1130,value=null
VW,context=Main#g:2,i=16
MC,caller=Main#g:2,target=Main#check:1131
VW,context=Main#check:1131,a=4
VW,context=Main#check:1131,b=4
VW,context=Main#check:1131,k=16
VW,context=Main#check:1131,result=(4 * 4)
ME,returner=Main#check:1131,value=(4 * 4)
MC,caller=Main#g:2,target=Main#check:1132
VW,context=Main#check:1132,a=4
VW,context=Main#check:1132,b=4
VW,context=Main#check:1132,k=-6
VW,context=Main#check:1132,result=null
ME,returner=Main#check:1132,value=null
VW,context=Main#g:2,str1=(4 * 4)
MC,caller=Main#g:2,target=Main#check:1133
VW,context=Main#check:1133,a=4
VW,context=Main#check:1133,b=4
VW,context=Main#check:1133,k=16
VW,context=Main#check:1133,result=(4 * 4)
ME,returner=Main#check:1133,value=(4 * 4)
MC,caller=Main#g:2,target=Main#check:1134
VW,context=Main#check:1134,a=4
VW,context=Main#check:1134,b=4
VW,context=Main#check:1134,k=6
VW,context=Main#check:1134,result=null
ME,returner=Main#check:1134,value=null
MC,caller=Main#g:2,target=Main#check:1135
VW,context=Main#check:1135,a=4
VW,context=Main#check:1135,b=4
VW,context=Main#check:1135,k=16
VW,context=Main#check:1135,result=(4 * 4)
ME,returner=Main#check:1135,value=(4 * 4)
MC,caller=Main#g:2,target=Main#check:1136
VW,context=Main#check:1136,a=4
VW,context=Main#check:1136,b=4
VW,context=Main#check:1136,k=26
VW,context=Main#check:1136,result=null
ME,returner=Main#check:1136,value=null
VW,context=Main#g:2,i=17
MC,caller=Main#g:2,target=Main#check:1137
VW,context=Main#check:1137,a=4
VW,context=Main#check:1137,b=4
VW,context=Main#check:1137,k=17
VW,context=Main#check:1137,result=null
ME,returner=Main#check:1137,value=null
VW,context=Main#g:2,str1=null
MC,caller=Main#g:2,target=Main#check:1138
VW,context=Main#check:1138,a=4
VW,context=Main#check:1138,b=4
VW,context=Main#check:1138,k=17
VW,context=Main#check:1138,result=null
ME,returner=Main#check:1138,value=null
MC,caller=Main#g:2,target=Main#check:1139
VW,context=Main#check:1139,a=4
VW,context=Main#check:1139,b=4
VW,context=Main#check:1139,k=17
VW,context=Main#check:1139,result=null
ME,returner=Main#check:1139,value=null
VW,context=Main#g:2,i=18
MC,caller=Main#g:2,target=Main#check:1140
VW,context=Main#check:1140,a=4
VW,context=Main#check:1140,b=4
VW,context=Main#check:1140,k=18
VW,context=Main#check:1140,result=null
ME,returner=Main#check:1140,value=null
MC,caller=Main#g:2,target=Main#check:1141
VW,context=Main#check:1141,a=4
VW,context=Main#check:1141,b=4
VW,context=Main#check:1141,k=18
VW,context=Main#check:1141,result=null
ME,returner=Main#check:1141,value=null
MC,caller=Main#g:2,target=Main#check:1142
VW,context=Main#check:1142,a=4
VW,context=Main#check:1142,b=4
VW,context=Main#check:1142,k=18
VW,context=Main#check:1142,result=null
ME,returner=Main#check:1142,value=null
VW,context=Main#g:2,i=19
MC,caller=Main#g:2,target=Main#check:1143
VW,context=Main#check:1143,a=4
VW,context=Main#check:1143,b=4
VW,context=Main#check:1143,k=19
VW,context=Main#check:1143,result=null
ME,returner=Main#check:1143,value=null
MC,caller=Main#g:2,target=Main#check:1144
VW,context=Main#check:1144,a=4
VW,context=Main#check:1144,b=4
VW,context=Main#check:1144,k=19
VW,context=Main#check:1144,result=null
ME,returner=Main#check:1144,value=null
MC,caller=Main#g:2,target=Main#check:1145
VW,context=Main#check:1145,a=4
VW,context=Main#check:1145,b=4
VW,context=Main#check:1145,k=19
VW,context=Main#check:1145,result=null
ME,returner=Main#check:1145,value=null
VW,context=Main#g:2,i=20
MC,caller=Main#g:2,target=Main#check:1146
VW,context=Main#check:1146,a=4
VW,context=Main#check:1146,b=4
VW,context=Main#check:1146,k=20
VW,context=Main#check:1146,result=null
ME,returner=Main#check:1146,value=null
MC,caller=Main#g:2,target=Main#check:1147
VW,context=Main#check:1147,a=4
VW,context=Main#check:1147,b=4
VW,context=Main#check:1147,k=20
VW,context=Main#check:1147,result=null
ME,returner=Main#check:1147,value=null
MC,caller=Main#g:2,target=Main#check:1148
VW,context=Main#check:1148,a=4
VW,context=Main#check:1148,b=4
VW,context=Main#check:1148,k=20
VW,context=Main#check:1148,result=null
ME,returner=Main#check:1148,value=null
VW,context=Main#g:2,i=21
MC,caller=Main#g:2,target=Main#check:1149
VW,context=Main#check:1149,a=4
VW,context=Main#check:1149,b=4
VW,context=Main#check:1149,k=21
VW,context=Main#check:1149,result=null
ME,returner=Main#check:1149,value=null
MC,caller=Main#g:2,target=Main#check:1150
VW,context=Main#check:1150,a=4
VW,context=Main#check:1150,b=4
VW,context=Main#check:1150,k=21
VW,context=Main#check:1150,result=null
ME,returner=Main#check:1150,value=null
MC,caller=Main#g:2,target=Main#check:1151
VW,context=Main#check:1151,a=4
VW,context=Main#check:1151,b=4
VW,context=Main#check:1151,k=21
VW,context=Main#check:1151,result=null
ME,returner=Main#check:1151,value=null
VW,context=Main#g:2,i=22
MC,caller=Main#g:2,target=Main#check:1152
VW,context=Main#check:1152,a=4
VW,context=Main#check:1152,b=4
VW,context=Main#check:1152,k=22
VW,context=Main#check:1152,result=null
ME,returner=Main#check:1152,value=null
MC,caller=Main#g:2,target=Main#check:1153
VW,context=Main#check:1153,a=4
VW,context=Main#check:1153,b=4
VW,context=Main#check:1153,k=22
VW,context=Main#check:1153,result=null
ME,returner=Main#check:1153,value=null
MC,caller=Main#g:2,target=Main#check:1154
VW,context=Main#check:1154,a=4
VW,context=Main#check:1154,b=4
VW,context=Main#check:1154,k=22
VW,context=Main#check:1154,result=null
ME,returner=Main#check:1154,value=null
VW,context=Main#g:2,i=23
MC,caller=Main#g:2,target=Main#check:1155
VW,context=Main#check:1155,a=4
VW,context=Main#check:1155,b=4
VW,context=Main#check:1155,k=23
VW,context=Main#check:1155,result=null
ME,returner=Main#check:1155,value=null
MC,caller=Main#g:2,target=Main#check:1156
VW,context=Main#check:1156,a=4
VW,context=Main#check:1156,b=4
VW,context=Main#check:1156,k=23
VW,context=Main#check:1156,result=null
ME,returner=Main#check:1156,value=null
MC,caller=Main#g:2,target=Main#check:1157
VW,context=Main#check:1157,a=4
VW,context=Main#check:1157,b=4
VW,context=Main#check:1157,k=23
VW,context=Main#check:1157,result=null
ME,returner=Main#check:1157,value=null
VW,context=Main#g:2,i=24
MC,caller=Main#g:2,target=Main#check:1158
VW,context=Main#check:1158,a=4
VW,context=Main#check:1158,b=4
VW,context=Main#check:1158,k=24
VW,context=Main#check:1158,result=null
ME,returner=Main#check:1158,value=null
MC,caller=Main#g:2,target=Main#check:1159
VW,context=Main#check:1159,a=4
VW,context=Main#check:1159,b=4
VW,context=Main#check:1159,k=24
VW,context=Main#check:1159,result=null
ME,returner=Main#check:1159,value=null
MC,caller=Main#g:2,target=Main#check:1160
VW,context=Main#check:1160,a=4
VW,context=Main#check:1160,b=4
VW,context=Main#check:1160,k=24
VW,context=Main#check:1160,result=null
ME,returner=Main#check:1160,value=null
VW,context=Main#g:2,i=25
MC,caller=Main#g:2,target=Main#check:1161
VW,context=Main#check:1161,a=4
VW,context=Main#check:1161,b=4
VW,context=Main#check:1161,k=25
VW,context=Main#check:1161,result=null
ME,returner=Main#check:1161,value=null
MC,caller=Main#g:2,target=Main#check:1162
VW,context=Main#check:1162,a=4
VW,context=Main#check:1162,b=4
VW,context=Main#check:1162,k=25
VW,context=Main#check:1162,result=null
ME,returner=Main#check:1162,value=null
MC,caller=Main#g:2,target=Main#check:1163
VW,context=Main#check:1163,a=4
VW,context=Main#check:1163,b=4
VW,context=Main#check:1163,k=25
VW,context=Main#check:1163,result=null
ME,returner=Main#check:1163,value=null
VW,context=Main#g:2,i=26
MC,caller=Main#g:2,target=Main#check:1164
VW,context=Main#check:1164,a=4
VW,context=Main#check:1164,b=4
VW,context=Main#check:1164,k=26
VW,context=Main#check:1164,result=null
ME,returner=Main#check:1164,value=null
MC,caller=Main#g:2,target=Main#check:1165
VW,context=Main#check:1165,a=4
VW,context=Main#check:1165,b=4
VW,context=Main#check:1165,k=26
VW,context=Main#check:1165,result=null
ME,returner=Main#check:1165,value=null
MC,caller=Main#g:2,target=Main#check:1166
VW,context=Main#check:1166,a=4
VW,context=Main#check:1166,b=4
VW,context=Main#check:1166,k=26
VW,context=Main#check:1166,result=null
ME,returner=Main#check:1166,value=null
VW,context=Main#g:2,i=27
MC,caller=Main#g:2,target=Main#check:1167
VW,context=Main#check:1167,a=4
VW,context=Main#check:1167,b=4
VW,context=Main#check:1167,k=27
VW,context=Main#check:1167,result=null
ME,returner=Main#check:1167,value=null
MC,caller=Main#g:2,target=Main#check:1168
VW,context=Main#check:1168,a=4
VW,context=Main#check:1168,b=4
VW,context=Main#check:1168,k=27
VW,context=Main#check:1168,result=null
ME,returner=Main#check:1168,value=null
MC,caller=Main#g:2,target=Main#check:1169
VW,context=Main#check:1169,a=4
VW,context=Main#check:1169,b=4
VW,context=Main#check:1169,k=27
VW,context=Main#check:1169,result=null
ME,returner=Main#check:1169,value=null
VW,context=Main#g:2,i=28
MC,caller=Main#g:2,target=Main#check:1170
VW,context=Main#check:1170,a=4
VW,context=Main#check:1170,b=4
VW,context=Main#check:1170,k=28
VW,context=Main#check:1170,result=null
ME,returner=Main#check:1170,value=null
MC,caller=Main#g:2,target=Main#check:1171
VW,context=Main#check:1171,a=4
VW,context=Main#check:1171,b=4
VW,context=Main#check:1171,k=28
VW,context=Main#check:1171,result=null
ME,returner=Main#check:1171,value=null
MC,caller=Main#g:2,target=Main#check:1172
VW,context=Main#check:1172,a=4
VW,context=Main#check:1172,b=4
VW,context=Main#check:1172,k=28
VW,context=Main#check:1172,result=null
ME,returner=Main#check:1172,value=null
VW,context=Main#g:2,i=29
MC,caller=Main#g:2,target=Main#check:1173
VW,context=Main#check:1173,a=4
VW,context=Main#check:1173,b=4
VW,context=Main#check:1173,k=29
VW,context=Main#check:1173,result=null
ME,returner=Main#check:1173,value=null
MC,caller=Main#g:2,target=Main#check:1174
VW,context=Main#check:1174,a=4
VW,context=Main#check:1174,b=4
VW,context=Main#check:1174,k=29
VW,context=Main#check:1174,result=null
ME,returner=Main#check:1174,value=null
MC,caller=Main#g:2,target=Main#check:1175
VW,context=Main#check:1175,a=4
VW,context=Main#check:1175,b=4
VW,context=Main#check:1175,k=29
VW,context=Main#check:1175,result=null
ME,returner=Main#check:1175,value=null
VW,context=Main#g:2,i=30
MC,caller=Main#g:2,target=Main#check:1176
VW,context=Main#check:1176,a=4
VW,context=Main#check:1176,b=4
VW,context=Main#check:1176,k=30
VW,context=Main#check:1176,result=null
ME,returner=Main#check:1176,value=null
MC,caller=Main#g:2,target=Main#check:1177
VW,context=Main#check:1177,a=4
VW,context=Main#check:1177,b=4
VW,context=Main#check:1177,k=30
VW,context=Main#check:1177,result=null
ME,returner=Main#check:1177,value=null
MC,caller=Main#g:2,target=Main#check:1178
VW,context=Main#check:1178,a=4
VW,context=Main#check:1178,b=4
VW,context=Main#check:1178,k=30
VW,context=Main#check:1178,result=null
ME,returner=Main#check:1178,value=null
VW,context=Main#g:2,i=31
MC,caller=Main#g:2,target=Main#check:1179
VW,context=Main#check:1179,a=4
VW,context=Main#check:1179,b=4
VW,context=Main#check:1179,k=31
VW,context=Main#check:1179,result=null
ME,returner=Main#check:1179,value=null
MC,caller=Main#g:2,target=Main#check:1180
VW,context=Main#check:1180,a=4
VW,context=Main#check:1180,b=4
VW,context=Main#check:1180,k=31
VW,context=Main#check:1180,result=null
ME,returner=Main#check:1180,value=null
MC,caller=Main#g:2,target=Main#check:1181
VW,context=Main#check:1181,a=4
VW,context=Main#check:1181,b=4
VW,context=Main#check:1181,k=31
VW,context=Main#check:1181,result=null
ME,returner=Main#check:1181,value=null
VW,context=Main#g:2,i=32
MC,caller=Main#g:2,target=Main#check:1182
VW,context=Main#check:1182,a=4
VW,context=Main#check:1182,b=4
VW,context=Main#check:1182,k=32
VW,context=Main#check:1182,result=null
ME,returner=Main#check:1182,value=null
MC,caller=Main#g:2,target=Main#check:1183
VW,context=Main#check:1183,a=4
VW,context=Main#check:1183,b=4
VW,context=Main#check:1183,k=32
VW,context=Main#check:1183,result=null
ME,returner=Main#check:1183,value=null
MC,caller=Main#g:2,target=Main#check:1184
VW,context=Main#check:1184,a=4
VW,context=Main#check:1184,b=4
VW,context=Main#check:1184,k=32
VW,context=Main#check:1184,result=null
ME,returner=Main#check:1184,value=null
VW,context=Main#g:2,i=33
MC,caller=Main#g:2,target=Main#check:1185
VW,context=Main#check:1185,a=4
VW,context=Main#check:1185,b=4
VW,context=Main#check:1185,k=33
VW,context=Main#check:1185,result=null
ME,returner=Main#check:1185,value=null
MC,caller=Main#g:2,target=Main#check:1186
VW,context=Main#check:1186,a=4
VW,context=Main#check:1186,b=4
VW,context=Main#check:1186,k=33
VW,context=Main#check:1186,result=null
ME,returner=Main#check:1186,value=null
MC,caller=Main#g:2,target=Main#check:1187
VW,context=Main#check:1187,a=4
VW,context=Main#check:1187,b=4
VW,context=Main#check:1187,k=33
VW,context=Main#check:1187,result=null
ME,returner=Main#check:1187,value=null
VW,context=Main#g:2,i=34
MC,caller=Main#g:2,target=Main#check:1188
VW,context=Main#check:1188,a=4
VW,context=Main#check:1188,b=4
VW,context=Main#check:1188,k=34
VW,context=Main#check:1188,result=null
ME,returner=Main#check:1188,value=null
MC,caller=Main#g:2,target=Main#check:1189
VW,context=Main#check:1189,a=4
VW,context=Main#check:1189,b=4
VW,context=Main#check:1189,k=34
VW,context=Main#check:1189,result=null
ME,returner=Main#check:1189,value=null
MC,caller=Main#g:2,target=Main#check:1190
VW,context=Main#check:1190,a=4
VW,context=Main#check:1190,b=4
VW,context=Main#check:1190,k=34
VW,context=Main#check:1190,result=null
ME,returner=Main#check:1190,value=null
VW,context=Main#g:2,i=35
MC,caller=Main#g:2,target=Main#check:1191
VW,context=Main#check:1191,a=4
VW,context=Main#check:1191,b=4
VW,context=Main#check:1191,k=35
VW,context=Main#check:1191,result=null
ME,returner=Main#check:1191,value=null
MC,caller=Main#g:2,target=Main#check:1192
VW,context=Main#check:1192,a=4
VW,context=Main#check:1192,b=4
VW,context=Main#check:1192,k=35
VW,context=Main#check:1192,result=null
ME,returner=Main#check:1192,value=null
MC,caller=Main#g:2,target=Main#check:1193
VW,context=Main#check:1193,a=4
VW,context=Main#check:1193,b=4
VW,context=Main#check:1193,k=35
VW,context=Main#check:1193,result=null
ME,returner=Main#check:1193,value=null
VW,context=Main#g:2,i=36
MC,caller=Main#g:2,target=Main#check:1194
VW,context=Main#check:1194,a=4
VW,context=Main#check:1194,b=4
VW,context=Main#check:1194,k=36
VW,context=Main#check:1194,result=null
ME,returner=Main#check:1194,value=null
MC,caller=Main#g:2,target=Main#check:1195
VW,context=Main#check:1195,a=4
VW,context=Main#check:1195,b=4
VW,context=Main#check:1195,k=36
VW,context=Main#check:1195,result=null
ME,returner=Main#check:1195,value=null
MC,caller=Main#g:2,target=Main#check:1196
VW,context=Main#check:1196,a=4
VW,context=Main#check:1196,b=4
VW,context=Main#check:1196,k=36
VW,context=Main#check:1196,result=null
ME,returner=Main#check:1196,value=null
VW,context=Main#g:2,i=37
MC,caller=Main#g:2,target=Main#check:1197
VW,context=Main#check:1197,a=4
VW,context=Main#check:1197,b=4
VW,context=Main#check:1197,k=37
VW,context=Main#check:1197,result=null
ME,returner=Main#check:1197,value=null
MC,caller=Main#g:2,target=Main#check:1198
VW,context=Main#check:1198,a=4
VW,context=Main#check:1198,b=4
VW,context=Main#check:1198,k=37
VW,context=Main#check:1198,result=null
ME,returner=Main#check:1198,value=null
MC,caller=Main#g:2,target=Main#check:1199
VW,context=Main#check:1199,a=4
VW,context=Main#check:1199,b=4
VW,context=Main#check:1199,k=37
VW,context=Main#check:1199,result=null
ME,returner=Main#check:1199,value=null
VW,context=Main#g:2,i=38
MC,caller=Main#g:2,target=Main#check:1200
VW,context=Main#check:1200,a=4
VW,context=Main#check:1200,b=4
VW,context=Main#check:1200,k=38
VW,context=Main#check:1200,result=null
ME,returner=Main#check:1200,value=null
MC,caller=Main#g:2,target=Main#check:1201
VW,context=Main#check:1201,a=4
VW,context=Main#check:1201,b=4
VW,context=Main#check:1201,k=38
VW,context=Main#check:1201,result=null
ME,returner=Main#check:1201,value=null
MC,caller=Main#g:2,target=Main#check:1202
VW,context=Main#check:1202,a=4
VW,context=Main#check:1202,b=4
VW,context=Main#check:1202,k=38
VW,context=Main#check:1202,result=null
ME,returner=Main#check:1202,value=null
VW,context=Main#g:2,i=39
MC,caller=Main#g:2,target=Main#check:1203
VW,context=Main#check:1203,a=4
VW,context=Main#check:1203,b=4
VW,context=Main#check:1203,k=39
VW,context=Main#check:1203,result=null
ME,returner=Main#check:1203,value=null
MC,caller=Main#g:2,target=Main#check:1204
VW,context=Main#check:1204,a=4
VW,context=Main#check:1204,b=4
VW,context=Main#check:1204,k=39
VW,context=Main#check:1204,result=null
ME,returner=Main#check:1204,value=null
MC,caller=Main#g:2,target=Main#check:1205
VW,context=Main#check:1205,a=4
VW,context=Main#check:1205,b=4
VW,context=Main#check:1205,k=39
VW,context=Main#check:1205,result=null
ME,returner=Main#check:1205,value=null
VW,context=Main#g:2,i=40
MC,caller=Main#g:2,target=Main#check:1206
VW,context=Main#check:1206,a=4
VW,context=Main#check:1206,b=4
VW,context=Main#check:1206,k=40
VW,context=Main#check:1206,result=null
ME,returner=Main#check:1206,value=null
MC,caller=Main#g:2,target=Main#check:1207
VW,context=Main#check:1207,a=4
VW,context=Main#check:1207,b=4
VW,context=Main#check:1207,k=40
VW,context=Main#check:1207,result=null
ME,returner=Main#check:1207,value=null
MC,caller=Main#g:2,target=Main#check:1208
VW,context=Main#check:1208,a=4
VW,context=Main#check:1208,b=4
VW,context=Main#check:1208,k=40
VW,context=Main#check:1208,result=null
ME,returner=Main#check:1208,value=null
VW,context=Main#g:2,i=41
MC,caller=Main#g:2,target=Main#check:1209
VW,context=Main#check:1209,a=4
VW,context=Main#check:1209,b=4
VW,context=Main#check:1209,k=41
VW,context=Main#check:1209,result=null
ME,returner=Main#check:1209,value=null
MC,caller=Main#g:2,target=Main#check:1210
VW,context=Main#check:1210,a=4
VW,context=Main#check:1210,b=4
VW,context=Main#check:1210,k=41
VW,context=Main#check:1210,result=null
ME,returner=Main#check:1210,value=null
MC,caller=Main#g:2,target=Main#check:1211
VW,context=Main#check:1211,a=4
VW,context=Main#check:1211,b=4
VW,context=Main#check:1211,k=41
VW,context=Main#check:1211,result=null
ME,returner=Main#check:1211,value=null
VW,context=Main#g:2,i=42
MC,caller=Main#g:2,target=Main#check:1212
VW,context=Main#check:1212,a=4
VW,context=Main#check:1212,b=4
VW,context=Main#check:1212,k=42
VW,context=Main#check:1212,result=null
ME,returner=Main#check:1212,value=null
MC,caller=Main#g:2,target=Main#check:1213
VW,context=Main#check:1213,a=4
VW,context=Main#check:1213,b=4
VW,context=Main#check:1213,k=42
VW,context=Main#check:1213,result=null
ME,returner=Main#check:1213,value=null
MC,caller=Main#g:2,target=Main#check:1214
VW,context=Main#check:1214,a=4
VW,context=Main#check:1214,b=4
VW,context=Main#check:1214,k=42
VW,context=Main#check:1214,result=null
ME,returner=Main#check:1214,value=null
VW,context=Main#g:2,i=43
MC,caller=Main#g:2,target=Main#check:1215
VW,context=Main#check:1215,a=4
VW,context=Main#check:1215,b=4
VW,context=Main#check:1215,k=43
VW,context=Main#check:1215,result=null
ME,returner=Main#check:1215,value=null
MC,caller=Main#g:2,target=Main#check:1216
VW,context=Main#check:1216,a=4
VW,context=Main#check:1216,b=4
VW,context=Main#check:1216,k=43
VW,context=Main#check:1216,result=null
ME,returner=Main#check:1216,value=null
MC,caller=Main#g:2,target=Main#check:1217
VW,context=Main#check:1217,a=4
VW,context=Main#check:1217,b=4
VW,context=Main#check:1217,k=43
VW,context=Main#check:1217,result=null
ME,returner=Main#check:1217,value=null
VW,context=Main#g:2,i=44
MC,caller=Main#g:2,target=Main#check:1218
VW,context=Main#check:1218,a=4
VW,context=Main#check:1218,b=4
VW,context=Main#check:1218,k=44
VW,context=Main#check:1218,result=null
ME,returner=Main#check:1218,value=null
MC,caller=Main#g:2,target=Main#check:1219
VW,context=Main#check:1219,a=4
VW,context=Main#check:1219,b=4
VW,context=Main#check:1219,k=44
VW,context=Main#check:1219,result=null
ME,returner=Main#check:1219,value=null
MC,caller=Main#g:2,target=Main#check:1220
VW,context=Main#check:1220,a=4
VW,context=Main#check:1220,b=4
VW,context=Main#check:1220,k=44
VW,context=Main#check:1220,result=null
ME,returner=Main#check:1220,value=null
VW,context=Main#g:2,i=45
MC,caller=Main#g:2,target=Main#check:1221
VW,context=Main#check:1221,a=4
VW,context=Main#check:1221,b=4
VW,context=Main#check:1221,k=45
VW,context=Main#check:1221,result=null
ME,returner=Main#check:1221,value=null
MC,caller=Main#g:2,target=Main#check:1222
VW,context=Main#check:1222,a=4
VW,context=Main#check:1222,b=4
VW,context=Main#check:1222,k=45
VW,context=Main#check:1222,result=null
ME,returner=Main#check:1222,value=null
MC,caller=Main#g:2,target=Main#check:1223
VW,context=Main#check:1223,a=4
VW,context=Main#check:1223,b=4
VW,context=Main#check:1223,k=45
VW,context=Main#check:1223,result=null
ME,returner=Main#check:1223,value=null
VW,context=Main#g:2,i=46
MC,caller=Main#g:2,target=Main#check:1224
VW,context=Main#check:1224,a=4
VW,context=Main#check:1224,b=4
VW,context=Main#check:1224,k=46
VW,context=Main#check:1224,result=null
ME,returner=Main#check:1224,value=null
MC,caller=Main#g:2,target=Main#check:1225
VW,context=Main#check:1225,a=4
VW,context=Main#check:1225,b=4
VW,context=Main#check:1225,k=46
VW,context=Main#check:1225,result=null
ME,returner=Main#check:1225,value=null
MC,caller=Main#g:2,target=Main#check:1226
VW,context=Main#check:1226,a=4
VW,context=Main#check:1226,b=4
VW,context=Main#check:1226,k=46
VW,context=Main#check:1226,result=null
ME,returner=Main#check:1226,value=null
VW,context=Main#g:2,i=47
MC,caller=Main#g:2,target=Main#check:1227
VW,context=Main#check:1227,a=4
VW,context=Main#check:1227,b=4
VW,context=Main#check:1227,k=47
VW,context=Main#check:1227,result=null
ME,returner=Main#check:1227,value=null
MC,caller=Main#g:2,target=Main#check:1228
VW,context=Main#check:1228,a=4
VW,context=Main#check:1228,b=4
VW,context=Main#check:1228,k=47
VW,context=Main#check:1228,result=null
ME,returner=Main#check:1228,value=null
MC,caller=Main#g:2,target=Main#check:1229
VW,context=Main#check:1229,a=4
VW,context=Main#check:1229,b=4
VW,context=Main#check:1229,k=47
VW,context=Main#check:1229,result=null
ME,returner=Main#check:1229,value=null
VW,context=Main#g:2,i=48
MC,caller=Main#g:2,target=Main#check:1230
VW,context=Main#check:1230,a=4
VW,context=Main#check:1230,b=4
VW,context=Main#check:1230,k=48
VW,context=Main#check:1230,result=null
ME,returner=Main#check:1230,value=null
MC,caller=Main#g:2,target=Main#check:1231
VW,context=Main#check:1231,a=4
VW,context=Main#check:1231,b=4
VW,context=Main#check:1231,k=48
VW,context=Main#check:1231,result=null
ME,returner=Main#check:1231,value=null
MC,caller=Main#g:2,target=Main#check:1232
VW,context=Main#check:1232,a=4
VW,context=Main#check:1232,b=4
VW,context=Main#check:1232,k=48
VW,context=Main#check:1232,result=null
ME,returner=Main#check:1232,value=null
VW,context=Main#g:2,i=49
MC,caller=Main#g:2,target=Main#check:1233
VW,context=Main#check:1233,a=4
VW,context=Main#check:1233,b=4
VW,context=Main#check:1233,k=49
VW,context=Main#check:1233,result=null
ME,returner=Main#check:1233,value=null
MC,caller=Main#g:2,target=Main#check:1234
VW,context=Main#check:1234,a=4
VW,context=Main#check:1234,b=4
VW,context=Main#check:1234,k=49
VW,context=Main#check:1234,result=null
ME,returner=Main#check:1234,value=null
MC,caller=Main#g:2,target=Main#check:1235
VW,context=Main#check:1235,a=4
VW,context=Main#check:1235,b=4
VW,context=Main#check:1235,k=49
VW,context=Main#check:1235,result=null
ME,returner=Main#check:1235,value=null
VW,context=Main#g:2,i=50
MC,caller=Main#g:2,target=Main#check:1236
VW,context=Main#check:1236,a=4
VW,context=Main#check:1236,b=4
VW,context=Main#check:1236,k=50
VW,context=Main#check:1236,result=null
ME,returner=Main#check:1236,value=null
MC,caller=Main#g:2,target=Main#check:1237
VW,context=Main#check:1237,a=4
VW,context=Main#check:1237,b=4
VW,context=Main#check:1237,k=50
VW,context=Main#check:1237,result=null
ME,returner=Main#check:1237,value=null
MC,caller=Main#g:2,target=Main#check:1238
VW,context=Main#check:1238,a=4
VW,context=Main#check:1238,b=4
VW,context=Main#check:1238,k=50
VW,context=Main#check:1238,result=null
ME,returner=Main#check:1238,value=null
VW,context=Main#g:2,i=51
MC,caller=Main#g:2,target=Main#check:1239
VW,context=Main#check:1239,a=4
VW,context=Main#check:1239,b=4
VW,context=Main#check:1239,k=51
VW,context=Main#check:1239,result=null
ME,returner=Main#check:1239,value=null
MC,caller=Main#g:2,target=Main#check:1240
VW,context=Main#check:1240,a=4
VW,context=Main#check:1240,b=4
VW,context=Main#check:1240,k=51
VW,context=Main#check:1240,result=null
ME,returner=Main#check:1240,value=null
MC,caller=Main#g:2,target=Main#check:1241
VW,context=Main#check:1241,a=4
VW,context=Main#check:1241,b=4
VW,context=Main#check:1241,k=51
VW,context=Main#check:1241,result=null
ME,returner=Main#check:1241,value=null
VW,context=Main#g:2,i=52
MC,caller=Main#g:2,target=Main#check:1242
VW,context=Main#check:1242,a=4
VW,context=Main#check:1242,b=4
VW,context=Main#check:1242,k=52
VW,context=Main#check:1242,result=null
ME,returner=Main#check:1242,value=null
MC,caller=Main#g:2,target=Main#check:1243
VW,context=Main#check:1243,a=4
VW,context=Main#check:1243,b=4
VW,context=Main#check:1243,k=52
VW,context=Main#check:1243,result=null
ME,returner=Main#check:1243,value=null
MC,caller=Main#g:2,target=Main#check:1244
VW,context=Main#check:1244,a=4
VW,context=Main#check:1244,b=4
VW,context=Main#check:1244,k=52
VW,context=Main#check:1244,result=null
ME,returner=Main#check:1244,value=null
VW,context=Main#g:2,i=53
MC,caller=Main#g:2,target=Main#check:1245
VW,context=Main#check:1245,a=4
VW,context=Main#check:1245,b=4
VW,context=Main#check:1245,k=53
VW,context=Main#check:1245,result=null
ME,returner=Main#check:1245,value=null
MC,caller=Main#g:2,target=Main#check:1246
VW,context=Main#check:1246,a=4
VW,context=Main#check:1246,b=4
VW,context=Main#check:1246,k=53
VW,context=Main#check:1246,result=null
ME,returner=Main#check:1246,value=null
MC,caller=Main#g:2,target=Main#check:1247
VW,context=Main#check:1247,a=4
VW,context=Main#check:1247,b=4
VW,context=Main#check:1247,k=53
VW,context=Main#check:1247,result=null
ME,returner=Main#check:1247,value=null
VW,context=Main#g:2,i=54
MC,caller=Main#g:2,target=Main#check:1248
VW,context=Main#check:1248,a=4
VW,context=Main#check:1248,b=4
VW,context=Main#check:1248,k=54
VW,context=Main#check:1248,result=null
ME,returner=Main#check:1248,value=null
MC,caller=Main#g:2,target=Main#check:1249
VW,context=Main#check:1249,a=4
VW,context=Main#check:1249,b=4
VW,context=Main#check:1249,k=54
VW,context=Main#check:1249,result=null
ME,returner=Main#check:1249,value=null
MC,caller=Main#g:2,target=Main#check:1250
VW,context=Main#check:1250,a=4
VW,context=Main#check:1250,b=4
VW,context=Main#check:1250,k=54
VW,context=Main#check:1250,result=null
ME,returner=Main#check:1250,value=null
VW,context=Main#g:2,i=55
MC,caller=Main#g:2,target=Main#check:1251
VW,context=Main#check:1251,a=4
VW,context=Main#check:1251,b=4
VW,context=Main#check:1251,k=55
VW,context=Main#check:1251,result=null
ME,returner=Main#check:1251,value=null
MC,caller=Main#g:2,target=Main#check:1252
VW,context=Main#check:1252,a=4
VW,context=Main#check:1252,b=4
VW,context=Main#check:1252,k=55
VW,context=Main#check:1252,result=null
ME,returner=Main#check:1252,value=null
MC,caller=Main#g:2,target=Main#check:1253
VW,context=Main#check:1253,a=4
VW,context=Main#check:1253,b=4
VW,context=Main#check:1253,k=55
VW,context=Main#check:1253,result=null
ME,returner=Main#check:1253,value=null
VW,context=Main#g:2,i=56
MC,caller=Main#g:2,target=Main#check:1254
VW,context=Main#check:1254,a=4
VW,context=Main#check:1254,b=4
VW,context=Main#check:1254,k=56
VW,context=Main#check:1254,result=null
ME,returner=Main#check:1254,value=null
MC,caller=Main#g:2,target=Main#check:1255
VW,context=Main#check:1255,a=4
VW,context=Main#check:1255,b=4
VW,context=Main#check:1255,k=56
VW,context=Main#check:1255,result=null
ME,returner=Main#check:1255,value=null
MC,caller=Main#g:2,target=Main#check:1256
VW,context=Main#check:1256,a=4
VW,context=Main#check:1256,b=4
VW,context=Main#check:1256,k=56
VW,context=Main#check:1256,result=null
ME,returner=Main#check:1256,value=null
VW,context=Main#g:2,i=57
MC,caller=Main#g:2,target=Main#check:1257
VW,context=Main#check:1257,a=4
VW,context=Main#check:1257,b=4
VW,context=Main#check:1257,k=57
VW,context=Main#check:1257,result=null
ME,returner=Main#check:1257,value=null
MC,caller=Main#g:2,target=Main#check:1258
VW,context=Main#check:1258,a=4
VW,context=Main#check:1258,b=4
VW,context=Main#check:1258,k=57
VW,context=Main#check:1258,result=null
ME,returner=Main#check:1258,value=null
MC,caller=Main#g:2,target=Main#check:1259
VW,context=Main#check:1259,a=4
VW,context=Main#check:1259,b=4
VW,context=Main#check:1259,k=57
VW,context=Main#check:1259,result=null
ME,returner=Main#check:1259,value=null
VW,context=Main#g:2,i=58
MC,caller=Main#g:2,target=Main#check:1260
VW,context=Main#check:1260,a=4
VW,context=Main#check:1260,b=4
VW,context=Main#check:1260,k=58
VW,context=Main#check:1260,result=null
ME,returner=Main#check:1260,value=null
MC,caller=Main#g:2,target=Main#check:1261
VW,context=Main#check:1261,a=4
VW,context=Main#check:1261,b=4
VW,context=Main#check:1261,k=58
VW,context=Main#check:1261,result=null
ME,returner=Main#check:1261,value=null
MC,caller=Main#g:2,target=Main#check:1262
VW,context=Main#check:1262,a=4
VW,context=Main#check:1262,b=4
VW,context=Main#check:1262,k=58
VW,context=Main#check:1262,result=null
ME,returner=Main#check:1262,value=null
VW,context=Main#g:2,i=59
MC,caller=Main#g:2,target=Main#check:1263
VW,context=Main#check:1263,a=4
VW,context=Main#check:1263,b=4
VW,context=Main#check:1263,k=59
VW,context=Main#check:1263,result=null
ME,returner=Main#check:1263,value=null
MC,caller=Main#g:2,target=Main#check:1264
VW,context=Main#check:1264,a=4
VW,context=Main#check:1264,b=4
VW,context=Main#check:1264,k=59
VW,context=Main#check:1264,result=null
ME,returner=Main#check:1264,value=null
MC,caller=Main#g:2,target=Main#check:1265
VW,context=Main#check:1265,a=4
VW,context=Main#check:1265,b=4
VW,context=Main#check:1265,k=59
VW,context=Main#check:1265,result=null
ME,returner=Main#check:1265,value=null
VW,context=Main#g:2,i=60
MC,caller=Main#g:2,target=Main#check:1266
VW,context=Main#check:1266,a=4
VW,context=Main#check:1266,b=4
VW,context=Main#check:1266,k=60
VW,context=Main#check:1266,result=null
ME,returner=Main#check:1266,value=null
MC,caller=Main#g:2,target=Main#check:1267
VW,context=Main#check:1267,a=4
VW,context=Main#check:1267,b=4
VW,context=Main#check:1267,k=60
VW,context=Main#check:1267,result=null
ME,returner=Main#check:1267,value=null
MC,caller=Main#g:2,target=Main#check:1268
VW,context=Main#check:1268,a=4
VW,context=Main#check:1268,b=4
VW,context=Main#check:1268,k=60
VW,context=Main#check:1268,result=null
ME,returner=Main#check:1268,value=null
VW,context=Main#g:2,i=61
MC,caller=Main#g:2,target=Main#check:1269
VW,context=Main#check:1269,a=4
VW,context=Main#check:1269,b=4
VW,context=Main#check:1269,k=61
VW,context=Main#check:1269,result=null
ME,returner=Main#check:1269,value=null
MC,caller=Main#g:2,target=Main#check:1270
VW,context=Main#check:1270,a=4
VW,context=Main#check:1270,b=4
VW,context=Main#check:1270,k=61
VW,context=Main#check:1270,result=null
ME,returner=Main#check:1270,value=null
MC,caller=Main#g:2,target=Main#check:1271
VW,context=Main#check:1271,a=4
VW,context=Main#check:1271,b=4
VW,context=Main#check:1271,k=61
VW,context=Main#check:1271,result=null
ME,returner=Main#check:1271,value=null
VW,context=Main#g:2,i=62
MC,caller=Main#g:2,target=Main#check:1272
VW,context=Main#check:1272,a=4
VW,context=Main#check:1272,b=4
VW,context=Main#check:1272,k=62
VW,context=Main#check:1272,result=null
ME,returner=Main#check:1272,value=null
MC,caller=Main#g:2,target=Main#check:1273
VW,context=Main#check:1273,a=4
VW,context=Main#check:1273,b=4
VW,context=Main#check:1273,k=62
VW,context=Main#check:1273,result=null
ME,returner=Main#check:1273,value=null
MC,caller=Main#g:2,target=Main#check:1274
VW,context=Main#check:1274,a=4
VW,context=Main#check:1274,b=4
VW,context=Main#check:1274,k=62
VW,context=Main#check:1274,result=null
ME,returner=Main#check:1274,value=null
VW,context=Main#g:2,i=63
MC,caller=Main#g:2,target=Main#check:1275
VW,context=Main#check:1275,a=4
VW,context=Main#check:1275,b=4
VW,context=Main#check:1275,k=63
VW,context=Main#check:1275,result=null
ME,returner=Main#check:1275,value=null
MC,caller=Main#g:2,target=Main#check:1276
VW,context=Main#check:1276,a=4
VW,context=Main#check:1276,b=4
VW,context=Main#check:1276,k=63
VW,context=Main#check:1276,result=null
ME,returner=Main#check:1276,value=null
MC,caller=Main#g:2,target=Main#check:1277
VW,context=Main#check:1277,a=4
VW,context=Main#check:1277,b=4
VW,context=Main#check:1277,k=63
VW,context=Main#check:1277,result=null
ME,returner=Main#check:1277,value=null
VW,context=Main#g:2,i=64
MC,caller=Main#g:2,target=Main#check:1278
VW,context=Main#check:1278,a=4
VW,context=Main#check:1278,b=4
VW,context=Main#check:1278,k=64
VW,context=Main#check:1278,result=null
ME,returner=Main#check:1278,value=null
MC,caller=Main#g:2,target=Main#check:1279
VW,context=Main#check:1279,a=4
VW,context=Main#check:1279,b=4
VW,context=Main#check:1279,k=64
VW,context=Main#check:1279,result=null
ME,returner=Main#check:1279,value=null
MC,caller=Main#g:2,target=Main#check:1280
VW,context=Main#check:1280,a=4
VW,context=Main#check:1280,b=4
VW,context=Main#check:1280,k=64
VW,context=Main#check:1280,result=null
ME,returner=Main#check:1280,value=null
VW,context=Main#g:2,i=65
MC,caller=Main#g:2,target=Main#check:1281
VW,context=Main#check:1281,a=4
VW,context=Main#check:1281,b=4
VW,context=Main#check:1281,k=65
VW,context=Main#check:1281,result=null
ME,returner=Main#check:1281,value=null
MC,caller=Main#g:2,target=Main#check:1282
VW,context=Main#check:1282,a=4
VW,context=Main#check:1282,b=4
VW,context=Main#check:1282,k=65
VW,context=Main#check:1282,result=null
ME,returner=Main#check:1282,value=null
MC,caller=Main#g:2,target=Main#check:1283
VW,context=Main#check:1283,a=4
VW,context=Main#check:1283,b=4
VW,context=Main#check:1283,k=65
VW,context=Main#check:1283,result=null
ME,returner=Main#check:1283,value=null
VW,context=Main#g:2,i=66
MC,caller=Main#g:2,target=Main#check:1284
VW,context=Main#check:1284,a=4
VW,context=Main#check:1284,b=4
VW,context=Main#check:1284,k=66
VW,context=Main#check:1284,result=null
ME,returner=Main#check:1284,value=null
MC,caller=Main#g:2,target=Main#check:1285
VW,context=Main#check:1285,a=4
VW,context=Main#check:1285,b=4
VW,context=Main#check:1285,k=66
VW,context=Main#check:1285,result=null
ME,returner=Main#check:1285,value=null
MC,caller=Main#g:2,target=Main#check:1286
VW,context=Main#check:1286,a=4
VW,context=Main#check:1286,b=4
VW,context=Main#check:1286,k=66
VW,context=Main#check:1286,result=null
ME,returner=Main#check:1286,value=null
VW,context=Main#g:2,i=67
MC,caller=Main#g:2,target=Main#check:1287
VW,context=Main#check:1287,a=4
VW,context=Main#check:1287,b=4
VW,context=Main#check:1287,k=67
VW,context=Main#check:1287,result=null
ME,returner=Main#check:1287,value=null
MC,caller=Main#g:2,target=Main#check:1288
VW,context=Main#check:1288,a=4
VW,context=Main#check:1288,b=4
VW,context=Main#check:1288,k=67
VW,context=Main#check:1288,result=null
ME,returner=Main#check:1288,value=null
MC,caller=Main#g:2,target=Main#check:1289
VW,context=Main#check:1289,a=4
VW,context=Main#check:1289,b=4
VW,context=Main#check:1289,k=67
VW,context=Main#check:1289,result=null
ME,returner=Main#check:1289,value=null
VW,context=Main#g:2,i=68
MC,caller=Main#g:2,target=Main#check:1290
VW,context=Main#check:1290,a=4
VW,context=Main#check:1290,b=4
VW,context=Main#check:1290,k=68
VW,context=Main#check:1290,result=null
ME,returner=Main#check:1290,value=null
MC,caller=Main#g:2,target=Main#check:1291
VW,context=Main#check:1291,a=4
VW,context=Main#check:1291,b=4
VW,context=Main#check:1291,k=68
VW,context=Main#check:1291,result=null
ME,returner=Main#check:1291,value=null
MC,caller=Main#g:2,target=Main#check:1292
VW,context=Main#check:1292,a=4
VW,context=Main#check:1292,b=4
VW,context=Main#check:1292,k=68
VW,context=Main#check:1292,result=null
ME,returner=Main#check:1292,value=null
VW,context=Main#g:2,i=69
MC,caller=Main#g:2,target=Main#check:1293
VW,context=Main#check:1293,a=4
VW,context=Main#check:1293,b=4
VW,context=Main#check:1293,k=69
VW,context=Main#check:1293,result=null
ME,returner=Main#check:1293,value=null
MC,caller=Main#g:2,target=Main#check:1294
VW,context=Main#check:1294,a=4
VW,context=Main#check:1294,b=4
VW,context=Main#check:1294,k=69
VW,context=Main#check:1294,result=null
ME,returner=Main#check:1294,value=null
MC,caller=Main#g:2,target=Main#check:1295
VW,context=Main#check:1295,a=4
VW,context=Main#check:1295,b=4
VW,context=Main#check:1295,k=69
VW,context=Main#check:1295,result=null
ME,returner=Main#check:1295,value=null
VW,context=Main#g:2,i=70
MC,caller=Main#g:2,target=Main#check:1296
VW,context=Main#check:1296,a=4
VW,context=Main#check:1296,b=4
VW,context=Main#check:1296,k=70
VW,context=Main#check:1296,result=null
ME,returner=Main#check:1296,value=null
MC,caller=Main#g:2,target=Main#check:1297
VW,context=Main#check:1297,a=4
VW,context=Main#check:1297,b=4
VW,context=Main#check:1297,k=70
VW,context=Main#check:1297,result=null
ME,returner=Main#check:1297,value=null
MC,caller=Main#g:2,target=Main#check:1298
VW,context=Main#check:1298,a=4
VW,context=Main#check:1298,b=4
VW,context=Main#check:1298,k=70
VW,context=Main#check:1298,result=null
ME,returner=Main#check:1298,value=null
VW,context=Main#g:2,i=71
MC,caller=Main#g:2,target=Main#check:1299
VW,context=Main#check:1299,a=4
VW,context=Main#check:1299,b=4
VW,context=Main#check:1299,k=71
VW,context=Main#check:1299,result=null
ME,returner=Main#check:1299,value=null
MC,caller=Main#g:2,target=Main#check:1300
VW,context=Main#check:1300,a=4
VW,context=Main#check:1300,b=4
VW,context=Main#check:1300,k=71
VW,context=Main#check:1300,result=null
ME,returner=Main#check:1300,value=null
MC,caller=Main#g:2,target=Main#check:1301
VW,context=Main#check:1301,a=4
VW,context=Main#check:1301,b=4
VW,context=Main#check:1301,k=71
VW,context=Main#check:1301,result=null
ME,returner=Main#check:1301,value=null
VW,context=Main#g:2,i=72
MC,caller=Main#g:2,target=Main#check:1302
VW,context=Main#check:1302,a=4
VW,context=Main#check:1302,b=4
VW,context=Main#check:1302,k=72
VW,context=Main#check:1302,result=null
ME,returner=Main#check:1302,value=null
MC,caller=Main#g:2,target=Main#check:1303
VW,context=Main#check:1303,a=4
VW,context=Main#check:1303,b=4
VW,context=Main#check:1303,k=72
VW,context=Main#check:1303,result=null
ME,returner=Main#check:1303,value=null
MC,caller=Main#g:2,target=Main#check:1304
VW,context=Main#check:1304,a=4
VW,context=Main#check:1304,b=4
VW,context=Main#check:1304,k=72
VW,context=Main#check:1304,result=null
ME,returner=Main#check:1304,value=null
VW,context=Main#g:2,i=73
MC,caller=Main#g:2,target=Main#check:1305
VW,context=Main#check:1305,a=4
VW,context=Main#check:1305,b=4
VW,context=Main#check:1305,k=73
VW,context=Main#check:1305,result=null
ME,returner=Main#check:1305,value=null
MC,caller=Main#g:2,target=Main#check:1306
VW,context=Main#check:1306,a=4
VW,context=Main#check:1306,b=4
VW,context=Main#check:1306,k=73
VW,context=Main#check:1306,result=null
ME,returner=Main#check:1306,value=null
MC,caller=Main#g:2,target=Main#check:1307
VW,context=Main#check:1307,a=4
VW,context=Main#check:1307,b=4
VW,context=Main#check:1307,k=73
VW,context=Main#check:1307,result=null
ME,returner=Main#check:1307,value=null
VW,context=Main#g:2,i=74
MC,caller=Main#g:2,target=Main#check:1308
VW,context=Main#check:1308,a=4
VW,context=Main#check:1308,b=4
VW,context=Main#check:1308,k=74
VW,context=Main#check:1308,result=null
ME,returner=Main#check:1308,value=null
MC,caller=Main#g:2,target=Main#check:1309
VW,context=Main#check:1309,a=4
VW,context=Main#check:1309,b=4
VW,context=Main#check:1309,k=74
VW,context=Main#check:1309,result=null
ME,returner=Main#check:1309,value=null
MC,caller=Main#g:2,target=Main#check:1310
VW,context=Main#check:1310,a=4
VW,context=Main#check:1310,b=4
VW,context=Main#check:1310,k=74
VW,context=Main#check:1310,result=null
ME,returner=Main#check:1310,value=null
VW,context=Main#g:2,i=75
MC,caller=Main#g:2,target=Main#check:1311
VW,context=Main#check:1311,a=4
VW,context=Main#check:1311,b=4
VW,context=Main#check:1311,k=75
VW,context=Main#check:1311,result=null
ME,returner=Main#check:1311,value=null
MC,caller=Main#g:2,target=Main#check:1312
VW,context=Main#check:1312,a=4
VW,context=Main#check:1312,b=4
VW,context=Main#check:1312,k=75
VW,context=Main#check:1312,result=null
ME,returner=Main#check:1312,value=null
MC,caller=Main#g:2,target=Main#check:1313
VW,context=Main#check:1313,a=4
VW,context=Main#check:1313,b=4
VW,context=Main#check:1313,k=75
VW,context=Main#check:1313,result=null
ME,returner=Main#check:1313,value=null
VW,context=Main#g:2,i=76
MC,caller=Main#g:2,target=Main#check:1314
VW,context=Main#check:1314,a=4
VW,context=Main#check:1314,b=4
VW,context=Main#check:1314,k=76
VW,context=Main#check:1314,result=null
ME,returner=Main#check:1314,value=null
MC,caller=Main#g:2,target=Main#check:1315
VW,context=Main#check:1315,a=4
VW,context=Main#check:1315,b=4
VW,context=Main#check:1315,k=76
VW,context=Main#check:1315,result=null
ME,returner=Main#check:1315,value=null
MC,caller=Main#g:2,target=Main#check:1316
VW,context=Main#check:1316,a=4
VW,context=Main#check:1316,b=4
VW,context=Main#check:1316,k=76
VW,context=Main#check:1316,result=null
ME,returner=Main#check:1316,value=null
VW,context=Main#g:2,i=77
MC,caller=Main#g:2,target=Main#check:1317
VW,context=Main#check:1317,a=4
VW,context=Main#check:1317,b=4
VW,context=Main#check:1317,k=77
VW,context=Main#check:1317,result=null
ME,returner=Main#check:1317,value=null
MC,caller=Main#g:2,target=Main#check:1318
VW,context=Main#check:1318,a=4
VW,context=Main#check:1318,b=4
VW,context=Main#check:1318,k=77
VW,context=Main#check:1318,result=null
ME,returner=Main#check:1318,value=null
MC,caller=Main#g:2,target=Main#check:1319
VW,context=Main#check:1319,a=4
VW,context=Main#check:1319,b=4
VW,context=Main#check:1319,k=77
VW,context=Main#check:1319,result=null
ME,returner=Main#check:1319,value=null
VW,context=Main#g:2,i=78
MC,caller=Main#g:2,target=Main#check:1320
VW,context=Main#check:1320,a=4
VW,context=Main#check:1320,b=4
VW,context=Main#check:1320,k=78
VW,context=Main#check:1320,result=null
ME,returner=Main#check:1320,value=null
MC,caller=Main#g:2,target=Main#check:1321
VW,context=Main#check:1321,a=4
VW,context=Main#check:1321,b=4
VW,context=Main#check:1321,k=78
VW,context=Main#check:1321,result=null
ME,returner=Main#check:1321,value=null
MC,caller=Main#g:2,target=Main#check:1322
VW,context=Main#check:1322,a=4
VW,context=Main#check:1322,b=4
VW,context=Main#check:1322,k=78
VW,context=Main#check:1322,result=null
ME,returner=Main#check:1322,value=null
VW,context=Main#g:2,i=79
MC,caller=Main#g:2,target=Main#check:1323
VW,context=Main#check:1323,a=4
VW,context=Main#check:1323,b=4
VW,context=Main#check:1323,k=79
VW,context=Main#check:1323,result=null
ME,returner=Main#check:1323,value=null
MC,caller=Main#g:2,target=Main#check:1324
VW,context=Main#check:1324,a=4
VW,context=Main#check:1324,b=4
VW,context=Main#check:1324,k=79
VW,context=Main#check:1324,result=null
ME,returner=Main#check:1324,value=null
MC,caller=Main#g:2,target=Main#check:1325
VW,context=Main#check:1325,a=4
VW,context=Main#check:1325,b=4
VW,context=Main#check:1325,k=79
VW,context=Main#check:1325,result=null
ME,returner=Main#check:1325,value=null
VW,context=Main#g:2,i=80
MC,caller=Main#g:2,target=Main#check:1326
VW,context=Main#check:1326,a=4
VW,context=Main#check:1326,b=4
VW,context=Main#check:1326,k=80
VW,context=Main#check:1326,result=null
ME,returner=Main#check:1326,value=null
MC,caller=Main#g:2,target=Main#check:1327
VW,context=Main#check:1327,a=4
VW,context=Main#check:1327,b=4
VW,context=Main#check:1327,k=80
VW,context=Main#check:1327,result=null
ME,returner=Main#check:1327,value=null
MC,caller=Main#g:2,target=Main#check:1328
VW,context=Main#check:1328,a=4
VW,context=Main#check:1328,b=4
VW,context=Main#check:1328,k=80
VW,context=Main#check:1328,result=null
ME,returner=Main#check:1328,value=null
VW,context=Main#g:2,i=81
MC,caller=Main#g:2,target=Main#check:1329
VW,context=Main#check:1329,a=4
VW,context=Main#check:1329,b=4
VW,context=Main#check:1329,k=81
VW,context=Main#check:1329,result=null
ME,returner=Main#check:1329,value=null
MC,caller=Main#g:2,target=Main#check:1330
VW,context=Main#check:1330,a=4
VW,context=Main#check:1330,b=4
VW,context=Main#check:1330,k=81
VW,context=Main#check:1330,result=null
ME,returner=Main#check:1330,value=null
MC,caller=Main#g:2,target=Main#check:1331
VW,context=Main#check:1331,a=4
VW,context=Main#check:1331,b=4
VW,context=Main#check:1331,k=81
VW,context=Main#check:1331,result=null
ME,returner=Main#check:1331,value=null
VW,context=Main#g:2,i=82
MC,caller=Main#g:2,target=Main#check:1332
VW,context=Main#check:1332,a=4
VW,context=Main#check:1332,b=4
VW,context=Main#check:1332,k=82
VW,context=Main#check:1332,result=null
ME,returner=Main#check:1332,value=null
MC,caller=Main#g:2,target=Main#check:1333
VW,context=Main#check:1333,a=4
VW,context=Main#check:1333,b=4
VW,context=Main#check:1333,k=82
VW,context=Main#check:1333,result=null
ME,returner=Main#check:1333,value=null
MC,caller=Main#g:2,target=Main#check:1334
VW,context=Main#check:1334,a=4
VW,context=Main#check:1334,b=4
VW,context=Main#check:1334,k=82
VW,context=Main#check:1334,result=null
ME,returner=Main#check:1334,value=null
VW,context=Main#g:2,i=83
MC,caller=Main#g:2,target=Main#check:1335
VW,context=Main#check:1335,a=4
VW,context=Main#check:1335,b=4
VW,context=Main#check:1335,k=83
VW,context=Main#check:1335,result=null
ME,returner=Main#check:1335,value=null
MC,caller=Main#g:2,target=Main#check:1336
VW,context=Main#check:1336,a=4
VW,context=Main#check:1336,b=4
VW,context=Main#check:1336,k=83
VW,context=Main#check:1336,result=null
ME,returner=Main#check:1336,value=null
MC,caller=Main#g:2,target=Main#check:1337
VW,context=Main#check:1337,a=4
VW,context=Main#check:1337,b=4
VW,context=Main#check:1337,k=83
VW,context=Main#check:1337,result=null
ME,returner=Main#check:1337,value=null
VW,context=Main#g:2,i=84
MC,caller=Main#g:2,target=Main#check:1338
VW,context=Main#check:1338,a=4
VW,context=Main#check:1338,b=4
VW,context=Main#check:1338,k=84
VW,context=Main#check:1338,result=null
ME,returner=Main#check:1338,value=null
MC,caller=Main#g:2,target=Main#check:1339
VW,context=Main#check:1339,a=4
VW,context=Main#check:1339,b=4
VW,context=Main#check:1339,k=84
VW,context=Main#check:1339,result=null
ME,returner=Main#check:1339,value=null
MC,caller=Main#g:2,target=Main#check:1340
VW,context=Main#check:1340,a=4
VW,context=Main#check:1340,b=4
VW,context=Main#check:1340,k=84
VW,context=Main#check:1340,result=null
ME,returner=Main#check:1340,value=null
VW,context=Main#g:2,i=85
MC,caller=Main#g:2,target=Main#check:1341
VW,context=Main#check:1341,a=4
VW,context=Main#check:1341,b=4
VW,context=Main#check:1341,k=85
VW,context=Main#check:1341,result=null
ME,returner=Main#check:1341,value=null
MC,caller=Main#g:2,target=Main#check:1342
VW,context=Main#check:1342,a=4
VW,context=Main#check:1342,b=4
VW,context=Main#check:1342,k=85
VW,context=Main#check:1342,result=null
ME,returner=Main#check:1342,value=null
MC,caller=Main#g:2,target=Main#check:1343
VW,context=Main#check:1343,a=4
VW,context=Main#check:1343,b=4
VW,context=Main#check:1343,k=85
VW,context=Main#check:1343,result=null
ME,returner=Main#check:1343,value=null
VW,context=Main#g:2,i=86
MC,caller=Main#g:2,target=Main#check:1344
VW,context=Main#check:1344,a=4
VW,context=Main#check:1344,b=4
VW,context=Main#check:1344,k=86
VW,context=Main#check:1344,result=null
ME,returner=Main#check:1344,value=null
MC,caller=Main#g:2,target=Main#check:1345
VW,context=Main#check:1345,a=4
VW,context=Main#check:1345,b=4
VW,context=Main#check:1345,k=86
VW,context=Main#check:1345,result=null
ME,returner=Main#check:1345,value=null
MC,caller=Main#g:2,target=Main#check:1346
VW,context=Main#check:1346,a=4
VW,context=Main#check:1346,b=4
VW,context=Main#check:1346,k=86
VW,context=Main#check:1346,result=null
ME,returner=Main#check:1346,value=null
VW,context=Main#g:2,i=87
MC,caller=Main#g:2,target=Main#check:1347
VW,context=Main#check:1347,a=4
VW,context=Main#check:1347,b=4
VW,context=Main#check:1347,k=87
VW,context=Main#check:1347,result=null
ME,returner=Main#check:1347,value=null
MC,caller=Main#g:2,target=Main#check:1348
VW,context=Main#check:1348,a=4
VW,context=Main#check:1348,b=4
VW,context=Main#check:1348,k=87
VW,context=Main#check:1348,result=null
ME,returner=Main#check:1348,value=null
MC,caller=Main#g:2,target=Main#check:1349
VW,context=Main#check:1349,a=4
VW,context=Main#check:1349,b=4
VW,context=Main#check:1349,k=87
VW,context=Main#check:1349,result=null
ME,returner=Main#check:1349,value=null
VW,context=Main#g:2,i=88
MC,caller=Main#g:2,target=Main#check:1350
VW,context=Main#check:1350,a=4
VW,context=Main#check:1350,b=4
VW,context=Main#check:1350,k=88
VW,context=Main#check:1350,result=null
ME,returner=Main#check:1350,value=null
MC,caller=Main#g:2,target=Main#check:1351
VW,context=Main#check:1351,a=4
VW,context=Main#check:1351,b=4
VW,context=Main#check:1351,k=88
VW,context=Main#check:1351,result=null
ME,returner=Main#check:1351,value=null
MC,caller=Main#g:2,target=Main#check:1352
VW,context=Main#check:1352,a=4
VW,context=Main#check:1352,b=4
VW,context=Main#check:1352,k=88
VW,context=Main#check:1352,result=null
ME,returner=Main#check:1352,value=null
VW,context=Main#g:2,i=89
MC,caller=Main#g:2,target=Main#check:1353
VW,context=Main#check:1353,a=4
VW,context=Main#check:1353,b=4
VW,context=Main#check:1353,k=89
VW,context=Main#check:1353,result=null
ME,returner=Main#check:1353,value=null
MC,caller=Main#g:2,target=Main#check:1354
VW,context=Main#check:1354,a=4
VW,context=Main#check:1354,b=4
VW,context=Main#check:1354,k=89
VW,context=Main#check:1354,result=null
ME,returner=Main#check:1354,value=null
MC,caller=Main#g:2,target=Main#check:1355
VW,context=Main#check:1355,a=4
VW,context=Main#check:1355,b=4
VW,context=Main#check:1355,k=89
VW,context=Main#check:1355,result=null
ME,returner=Main#check:1355,value=null
VW,context=Main#g:2,i=90
MC,caller=Main#g:2,target=Main#check:1356
VW,context=Main#check:1356,a=4
VW,context=Main#check:1356,b=4
VW,context=Main#check:1356,k=90
VW,context=Main#check:1356,result=null
ME,returner=Main#check:1356,value=null
MC,caller=Main#g:2,target=Main#check:1357
VW,context=Main#check:1357,a=4
VW,context=Main#check:1357,b=4
VW,context=Main#check:1357,k=90
VW,context=Main#check:1357,result=null
ME,returner=Main#check:1357,value=null
MC,caller=Main#g:2,target=Main#check:1358
VW,context=Main#check:1358,a=4
VW,context=Main#check:1358,b=4
VW,context=Main#check:1358,k=90
VW,context=Main#check:1358,result=null
ME,returner=Main#check:1358,value=null
VW,context=Main#g:2,i=91
MC,caller=Main#g:2,target=Main#check:1359
VW,context=Main#check:1359,a=4
VW,context=Main#check:1359,b=4
VW,context=Main#check:1359,k=91
VW,context=Main#check:1359,result=null
ME,returner=Main#check:1359,value=null
MC,caller=Main#g:2,target=Main#check:1360
VW,context=Main#check:1360,a=4
VW,context=Main#check:1360,b=4
VW,context=Main#check:1360,k=91
VW,context=Main#check:1360,result=null
ME,returner=Main#check:1360,value=null
MC,caller=Main#g:2,target=Main#check:1361
VW,context=Main#check:1361,a=4
VW,context=Main#check:1361,b=4
VW,context=Main#check:1361,k=91
VW,context=Main#check:1361,result=null
ME,returner=Main#check:1361,value=null
VW,context=Main#g:2,i=92
MC,caller=Main#g:2,target=Main#check:1362
VW,context=Main#check:1362,a=4
VW,context=Main#check:1362,b=4
VW,context=Main#check:1362,k=92
VW,context=Main#check:1362,result=null
ME,returner=Main#check:1362,value=null
MC,caller=Main#g:2,target=Main#check:1363
VW,context=Main#check:1363,a=4
VW,context=Main#check:1363,b=4
VW,context=Main#check:1363,k=92
VW,context=Main#check:1363,result=null
ME,returner=Main#check:1363,value=null
MC,caller=Main#g:2,target=Main#check:1364
VW,context=Main#check:1364,a=4
VW,context=Main#check:1364,b=4
VW,context=Main#check:1364,k=92
VW,context=Main#check:1364,result=null
ME,returner=Main#check:1364,value=null
VW,context=Main#g:2,i=93
MC,caller=Main#g:2,target=Main#check:1365
VW,context=Main#check:1365,a=4
VW,context=Main#check:1365,b=4
VW,context=Main#check:1365,k=93
VW,context=Main#check:1365,result=null
ME,returner=Main#check:1365,value=null
MC,caller=Main#g:2,target=Main#check:1366
VW,context=Main#check:1366,a=4
VW,context=Main#check:1366,b=4
VW,context=Main#check:1366,k=93
VW,context=Main#check:1366,result=null
ME,returner=Main#check:1366,value=null
MC,caller=Main#g:2,target=Main#check:1367
VW,context=Main#check:1367,a=4
VW,context=Main#check:1367,b=4
VW,context=Main#check:1367,k=93
VW,context=Main#check:1367,result=null
ME,returner=Main#check:1367,value=null
VW,context=Main#g:2,i=94
MC,caller=Main#g:2,target=Main#check:1368
VW,context=Main#check:1368,a=4
VW,context=Main#check:1368,b=4
VW,context=Main#check:1368,k=94
VW,context=Main#check:1368,result=null
ME,returner=Main#check:1368,value=null
MC,caller=Main#g:2,target=Main#check:1369
VW,context=Main#check:1369,a=4
VW,context=Main#check:1369,b=4
VW,context=Main#check:1369,k=94
VW,context=Main#check:1369,result=null
ME,returner=Main#check:1369,value=null
MC,caller=Main#g:2,target=Main#check:1370
VW,context=Main#check:1370,a=4
VW,context=Main#check:1370,b=4
VW,context=Main#check:1370,k=94
VW,context=Main#check:1370,result=null
ME,returner=Main#check:1370,value=null
VW,context=Main#g:2,i=95
MC,caller=Main#g:2,target=Main#check:1371
VW,context=Main#check:1371,a=4
VW,context=Main#check:1371,b=4
VW,context=Main#check:1371,k=95
VW,context=Main#check:1371,result=null
ME,returner=Main#check:1371,value=null
MC,caller=Main#g:2,target=Main#check:1372
VW,context=Main#check:1372,a=4
VW,context=Main#check:1372,b=4
VW,context=Main#check:1372,k=95
VW,context=Main#check:1372,result=null
ME,returner=Main#check:1372,value=null
MC,caller=Main#g:2,target=Main#check:1373
VW,context=Main#check:1373,a=4
VW,context=Main#check:1373,b=4
VW,context=Main#check:1373,k=95
VW,context=Main#check:1373,result=null
ME,returner=Main#check:1373,value=null
VW,context=Main#g:2,i=96
MC,caller=Main#g:2,target=Main#check:1374
VW,context=Main#check:1374,a=4
VW,context=Main#check:1374,b=4
VW,context=Main#check:1374,k=96
VW,context=Main#check:1374,result=null
ME,returner=Main#check:1374,value=null
MC,caller=Main#g:2,target=Main#check:1375
VW,context=Main#check:1375,a=4
VW,context=Main#check:1375,b=4
VW,context=Main#check:1375,k=96
VW,context=Main#check:1375,result=null
ME,returner=Main#check:1375,value=null
MC,caller=Main#g:2,target=Main#check:1376
VW,context=Main#check:1376,a=4
VW,context=Main#check:1376,b=4
VW,context=Main#check:1376,k=96
VW,context=Main#check:1376,result=null
ME,returner=Main#check:1376,value=null
VW,context=Main#g:2,i=97
MC,caller=Main#g:2,target=Main#check:1377
VW,context=Main#check:1377,a=4
VW,context=Main#check:1377,b=4
VW,context=Main#check:1377,k=97
VW,context=Main#check:1377,result=null
ME,returner=Main#check:1377,value=null
MC,caller=Main#g:2,target=Main#check:1378
VW,context=Main#check:1378,a=4
VW,context=Main#check:1378,b=4
VW,context=Main#check:1378,k=97
VW,context=Main#check:1378,result=null
ME,returner=Main#check:1378,value=null
MC,caller=Main#g:2,target=Main#check:1379
VW,context=Main#check:1379,a=4
VW,context=Main#check:1379,b=4
VW,context=Main#check:1379,k=97
VW,context=Main#check:1379,result=null
ME,returner=Main#check:1379,value=null
VW,context=Main#g:2,i=98
MC,caller=Main#g:2,target=Main#check:1380
VW,context=Main#check:1380,a=4
VW,context=Main#check:1380,b=4
VW,context=Main#check:1380,k=98
VW,context=Main#check:1380,result=null
ME,returner=Main#check:1380,value=null
MC,caller=Main#g:2,target=Main#check:1381
VW,context=Main#check:1381,a=4
VW,context=Main#check:1381,b=4
VW,context=Main#check:1381,k=98
VW,context=Main#check:1381,result=null
ME,returner=Main#check:1381,value=null
MC,caller=Main#g:2,target=Main#check:1382
VW,context=Main#check:1382,a=4
VW,context=Main#check:1382,b=4
VW,context=Main#check:1382,k=98
VW,context=Main#check:1382,result=null
ME,returner=Main#check:1382,value=null
VW,context=Main#g:2,i=99
MC,caller=Main#g:2,target=Main#check:1383
VW,context=Main#check:1383,a=4
VW,context=Main#check:1383,b=4
VW,context=Main#check:1383,k=99
VW,context=Main#check:1383,result=null
ME,returner=Main#check:1383,value=null
MC,caller=Main#g:2,target=Main#check:1384
VW,context=Main#check:1384,a=4
VW,context=Main#check:1384,b=4
VW,context=Main#check:1384,k=99
VW,context=Main#check:1384,result=null
ME,returner=Main#check:1384,value=null
MC,caller=Main#g:2,target=Main#check:1385
VW,context=Main#check:1385,a=4
VW,context=Main#check:1385,b=4
VW,context=Main#check:1385,k=99
VW,context=Main#check:1385,result=null
ME,returner=Main#check:1385,value=null
VW,context=Main#g:2,i=100
MC,caller=Main#g:2,target=Main#check:1386
VW,context=Main#check:1386,a=4
VW,context=Main#check:1386,b=4
VW,context=Main#check:1386,k=100
VW,context=Main#check:1386,result=null
ME,returner=Main#check:1386,value=null
MC,caller=Main#g:2,target=Main#check:1387
VW,context=Main#check:1387,a=4
VW,context=Main#check:1387,b=4
VW,context=Main#check:1387,k=100
VW,context=Main#check:1387,result=null
ME,returner=Main#check:1387,value=null
MC,caller=Main#g:2,target=Main#check:1388
VW,context=Main#check:1388,a=4
VW,context=Main#check:1388,b=4
VW,context=Main#check:1388,k=100
VW,context=Main#check:1388,result=null
ME,returner=Main#check:1388,value=null
VW,context=Main#g:2,result=null
ME,returner=Main#g:2,value=null
MC,caller=Main#f:2,target=Main#g:3
VW,context=Main#g:3,k=10
VW,context=Main#g:3,a=4
VW,context=Main#g:3,b=4
VW,context=Main#g:3,c=4
VW,context=Main#g:3,d=4
VW,context=Main#g:3,i=-100
MC,caller=Main#g:3,target=Main#check:1389
VW,context=Main#check:1389,a=4
VW,context=Main#check:1389,b=4
VW,context=Main#check:1389,k=-100
VW,context=Main#check:1389,result=null
ME,returner=Main#check:1389,value=null
VW,context=Main#g:3,str1=null
MC,caller=Main#g:3,target=Main#check:1390
VW,context=Main#check:1390,a=4
VW,context=Main#check:1390,b=4
VW,context=Main#check:1390,k=-100
VW,context=Main#check:1390,result=null
ME,returner=Main#check:1390,value=null
MC,caller=Main#g:3,target=Main#check:1391
VW,context=Main#check:1391,a=4
VW,context=Main#check:1391,b=4
VW,context=Main#check:1391,k=-100
VW,context=Main#check:1391,result=null
ME,returner=Main#check:1391,value=null
VW,context=Main#g:3,i=-99
MC,caller=Main#g:3,target=Main#check:1392
VW,context=Main#check:1392,a=4
VW,context=Main#check:1392,b=4
VW,context=Main#check:1392,k=-99
VW,context=Main#check:1392,result=null
ME,returner=Main#check:1392,value=null
MC,caller=Main#g:3,target=Main#check:1393
VW,context=Main#check:1393,a=4
VW,context=Main#check:1393,b=4
VW,context=Main#check:1393,k=-99
VW,context=Main#check:1393,result=null
ME,returner=Main#check:1393,value=null
MC,caller=Main#g:3,target=Main#check:1394
VW,context=Main#check:1394,a=4
VW,context=Main#check:1394,b=4
VW,context=Main#check:1394,k=-99
VW,context=Main#check:1394,result=null
ME,returner=Main#check:1394,value=null
VW,context=Main#g:3,i=-98
MC,caller=Main#g:3,target=Main#check:1395
VW,context=Main#check:1395,a=4
VW,context=Main#check:1395,b=4
VW,context=Main#check:1395,k=-98
VW,context=Main#check:1395,result=null
ME,returner=Main#check:1395,value=null
MC,caller=Main#g:3,target=Main#check:1396
VW,context=Main#check:1396,a=4
VW,context=Main#check:1396,b=4
VW,context=Main#check:1396,k=-98
VW,context=Main#check:1396,result=null
ME,returner=Main#check:1396,value=null
MC,caller=Main#g:3,target=Main#check:1397
VW,context=Main#check:1397,a=4
VW,context=Main#check:1397,b=4
VW,context=Main#check:1397,k=-98
VW,context=Main#check:1397,result=null
ME,returner=Main#check:1397,value=null
VW,context=Main#g:3,i=-97
MC,caller=Main#g:3,target=Main#check:1398
VW,context=Main#check:1398,a=4
VW,context=Main#check:1398,b=4
VW,context=Main#check:1398,k=-97
VW,context=Main#check:1398,result=null
ME,returner=Main#check:1398,value=null
MC,caller=Main#g:3,target=Main#check:1399
VW,context=Main#check:1399,a=4
VW,context=Main#check:1399,b=4
VW,context=Main#check:1399,k=-97
VW,context=Main#check:1399,result=null
ME,returner=Main#check:1399,value=null
MC,caller=Main#g:3,target=Main#check:1400
VW,context=Main#check:1400,a=4
VW,context=Main#check:1400,b=4
VW,context=Main#check:1400,k=-97
VW,context=Main#check:1400,result=null
ME,returner=Main#check:1400,value=null
VW,context=Main#g:3,i=-96
MC,caller=Main#g:3,target=Main#check:1401
VW,context=Main#check:1401,a=4
VW,context=Main#check:1401,b=4
VW,context=Main#check:1401,k=-96
VW,context=Main#check:1401,result=null
ME,returner=Main#check:1401,value=null
MC,caller=Main#g:3,target=Main#check:1402
VW,context=Main#check:1402,a=4
VW,context=Main#check:1402,b=4
VW,context=Main#check:1402,k=-96
VW,context=Main#check:1402,result=null
ME,returner=Main#check:1402,value=null
MC,caller=Main#g:3,target=Main#check:1403
VW,context=Main#check:1403,a=4
VW,context=Main#check:1403,b=4
VW,context=Main#check:1403,k=-96
VW,context=Main#check:1403,result=null
ME,returner=Main#check:1403,value=null
VW,context=Main#g:3,i=-95
MC,caller=Main#g:3,target=Main#check:1404
VW,context=Main#check:1404,a=4
VW,context=Main#check:1404,b=4
VW,context=Main#check:1404,k=-95
VW,context=Main#check:1404,result=null
ME,returner=Main#check:1404,value=null
MC,caller=Main#g:3,target=Main#check:1405
VW,context=Main#check:1405,a=4
VW,context=Main#check:1405,b=4
VW,context=Main#check:1405,k=-95
VW,context=Main#check:1405,result=null
ME,returner=Main#check:1405,value=null
MC,caller=Main#g:3,target=Main#check:1406
VW,context=Main#check:1406,a=4
VW,context=Main#check:1406,b=4
VW,context=Main#check:1406,k=-95
VW,context=Main#check:1406,result=null
ME,returner=Main#check:1406,value=null
VW,context=Main#g:3,i=-94
MC,caller=Main#g:3,target=Main#check:1407
VW,context=Main#check:1407,a=4
VW,context=Main#check:1407,b=4
VW,context=Main#check:1407,k=-94
VW,context=Main#check:1407,result=null
ME,returner=Main#check:1407,value=null
MC,caller=Main#g:3,target=Main#check:1408
VW,context=Main#check:1408,a=4
VW,context=Main#check:1408,b=4
VW,context=Main#check:1408,k=-94
VW,context=Main#check:1408,result=null
ME,returner=Main#check:1408,value=null
MC,caller=Main#g:3,target=Main#check:1409
VW,context=Main#check:1409,a=4
VW,context=Main#check:1409,b=4
VW,context=Main#check:1409,k=-94
VW,context=Main#check:1409,result=null
ME,returner=Main#check:1409,value=null
VW,context=Main#g:3,i=-93
MC,caller=Main#g:3,target=Main#check:1410
VW,context=Main#check:1410,a=4
VW,context=Main#check:1410,b=4
VW,context=Main#check:1410,k=-93
VW,context=Main#check:1410,result=null
ME,returner=Main#check:1410,value=null
MC,caller=Main#g:3,target=Main#check:1411
VW,context=Main#check:1411,a=4
VW,context=Main#check:1411,b=4
VW,context=Main#check:1411,k=-93
VW,context=Main#check:1411,result=null
ME,returner=Main#check:1411,value=null
MC,caller=Main#g:3,target=Main#check:1412
VW,context=Main#check:1412,a=4
VW,context=Main#check:1412,b=4
VW,context=Main#check:1412,k=-93
VW,context=Main#check:1412,result=null
ME,returner=Main#check:1412,value=null
VW,context=Main#g:3,i=-92
MC,caller=Main#g:3,target=Main#check:1413
VW,context=Main#check:1413,a=4
VW,context=Main#check:1413,b=4
VW,context=Main#check:1413,k=-92
VW,context=Main#check:1413,result=null
ME,returner=Main#check:1413,value=null
MC,caller=Main#g:3,target=Main#check:1414
VW,context=Main#check:1414,a=4
VW,context=Main#check:1414,b=4
VW,context=Main#check:1414,k=-92
VW,context=Main#check:1414,result=null
ME,returner=Main#check:1414,value=null
MC,caller=Main#g:3,target=Main#check:1415
VW,context=Main#check:1415,a=4
VW,context=Main#check:1415,b=4
VW,context=Main#check:1415,k=-92
VW,context=Main#check:1415,result=null
ME,returner=Main#check:1415,value=null
VW,context=Main#g:3,i=-91
MC,caller=Main#g:3,target=Main#check:1416
VW,context=Main#check:1416,a=4
VW,context=Main#check:1416,b=4
VW,context=Main#check:1416,k=-91
VW,context=Main#check:1416,result=null
ME,returner=Main#check:1416,value=null
MC,caller=Main#g:3,target=Main#check:1417
VW,context=Main#check:1417,a=4
VW,context=Main#check:1417,b=4
VW,context=Main#check:1417,k=-91
VW,context=Main#check:1417,result=null
ME,returner=Main#check:1417,value=null
MC,caller=Main#g:3,target=Main#check:1418
VW,context=Main#check:1418,a=4
VW,context=Main#check:1418,b=4
VW,context=Main#check:1418,k=-91
VW,context=Main#check:1418,result=null
ME,returner=Main#check:1418,value=null
VW,context=Main#g:3,i=-90
MC,caller=Main#g:3,target=Main#check:1419
VW,context=Main#check:1419,a=4
VW,context=Main#check:1419,b=4
VW,context=Main#check:1419,k=-90
VW,context=Main#check:1419,result=null
ME,returner=Main#check:1419,value=null
MC,caller=Main#g:3,target=Main#check:1420
VW,context=Main#check:1420,a=4
VW,context=Main#check:1420,b=4
VW,context=Main#check:1420,k=-90
VW,context=Main#check:1420,result=null
ME,returner=Main#check:1420,value=null
MC,caller=Main#g:3,target=Main#check:1421
VW,context=Main#check:1421,a=4
VW,context=Main#check:1421,b=4
VW,context=Main#check:1421,k=-90
VW,context=Main#check:1421,result=null
ME,returner=Main#check:1421,value=null
VW,context=Main#g:3,i=-89
MC,caller=Main#g:3,target=Main#check:1422
VW,context=Main#check:1422,a=4
VW,context=Main#check:1422,b=4
VW,context=Main#check:1422,k=-89
VW,context=Main#check:1422,result=null
ME,returner=Main#check:1422,value=null
MC,caller=Main#g:3,target=Main#check:1423
VW,context=Main#check:1423,a=4
VW,context=Main#check:1423,b=4
VW,context=Main#check:1423,k=-89
VW,context=Main#check:1423,result=null
ME,returner=Main#check:1423,value=null
MC,caller=Main#g:3,target=Main#check:1424
VW,context=Main#check:1424,a=4
VW,context=Main#check:1424,b=4
VW,context=Main#check:1424,k=-89
VW,context=Main#check:1424,result=null
ME,returner=Main#check:1424,value=null
VW,context=Main#g:3,i=-88
MC,caller=Main#g:3,target=Main#check:1425
VW,context=Main#check:1425,a=4
VW,context=Main#check:1425,b=4
VW,context=Main#check:1425,k=-88
VW,context=Main#check:1425,result=null
ME,returner=Main#check:1425,value=null
MC,caller=Main#g:3,target=Main#check:1426
VW,context=Main#check:1426,a=4
VW,context=Main#check:1426,b=4
VW,context=Main#check:1426,k=-88
VW,context=Main#check:1426,result=null
ME,returner=Main#check:1426,value=null
MC,caller=Main#g:3,target=Main#check:1427
VW,context=Main#check:1427,a=4
VW,context=Main#check:1427,b=4
VW,context=Main#check:1427,k=-88
VW,context=Main#check:1427,result=null
ME,returner=Main#check:1427,value=null
VW,context=Main#g:3,i=-87
MC,caller=Main#g:3,target=Main#check:1428
VW,context=Main#check:1428,a=4
VW,context=Main#check:1428,b=4
VW,context=Main#check:1428,k=-87
VW,context=Main#check:1428,result=null
ME,returner=Main#check:1428,value=null
MC,caller=Main#g:3,target=Main#check:1429
VW,context=Main#check:1429,a=4
VW,context=Main#check:1429,b=4
VW,context=Main#check:1429,k=-87
VW,context=Main#check:1429,result=null
ME,returner=Main#check:1429,value=null
MC,caller=Main#g:3,target=Main#check:1430
VW,context=Main#check:1430,a=4
VW,context=Main#check:1430,b=4
VW,context=Main#check:1430,k=-87
VW,context=Main#check:1430,result=null
ME,returner=Main#check:1430,value=null
VW,context=Main#g:3,i=-86
MC,caller=Main#g:3,target=Main#check:1431
VW,context=Main#check:1431,a=4
VW,context=Main#check:1431,b=4
VW,context=Main#check:1431,k=-86
VW,context=Main#check:1431,result=null
ME,returner=Main#check:1431,value=null
MC,caller=Main#g:3,target=Main#check:1432
VW,context=Main#check:1432,a=4
VW,context=Main#check:1432,b=4
VW,context=Main#check:1432,k=-86
VW,context=Main#check:1432,result=null
ME,returner=Main#check:1432,value=null
MC,caller=Main#g:3,target=Main#check:1433
VW,context=Main#check:1433,a=4
VW,context=Main#check:1433,b=4
VW,context=Main#check:1433,k=-86
VW,context=Main#check:1433,result=null
ME,returner=Main#check:1433,value=null
VW,context=Main#g:3,i=-85
MC,caller=Main#g:3,target=Main#check:1434
VW,context=Main#check:1434,a=4
VW,context=Main#check:1434,b=4
VW,context=Main#check:1434,k=-85
VW,context=Main#check:1434,result=null
ME,returner=Main#check:1434,value=null
MC,caller=Main#g:3,target=Main#check:1435
VW,context=Main#check:1435,a=4
VW,context=Main#check:1435,b=4
VW,context=Main#check:1435,k=-85
VW,context=Main#check:1435,result=null
ME,returner=Main#check:1435,value=null
MC,caller=Main#g:3,target=Main#check:1436
VW,context=Main#check:1436,a=4
VW,context=Main#check:1436,b=4
VW,context=Main#check:1436,k=-85
VW,context=Main#check:1436,result=null
ME,returner=Main#check:1436,value=null
VW,context=Main#g:3,i=-84
MC,caller=Main#g:3,target=Main#check:1437
VW,context=Main#check:1437,a=4
VW,context=Main#check:1437,b=4
VW,context=Main#check:1437,k=-84
VW,context=Main#check:1437,result=null
ME,returner=Main#check:1437,value=null
MC,caller=Main#g:3,target=Main#check:1438
VW,context=Main#check:1438,a=4
VW,context=Main#check:1438,b=4
VW,context=Main#check:1438,k=-84
VW,context=Main#check:1438,result=null
ME,returner=Main#check:1438,value=null
MC,caller=Main#g:3,target=Main#check:1439
VW,context=Main#check:1439,a=4
VW,context=Main#check:1439,b=4
VW,context=Main#check:1439,k=-84
VW,context=Main#check:1439,result=null
ME,returner=Main#check:1439,value=null
VW,context=Main#g:3,i=-83
MC,caller=Main#g:3,target=Main#check:1440
VW,context=Main#check:1440,a=4
VW,context=Main#check:1440,b=4
VW,context=Main#check:1440,k=-83
VW,context=Main#check:1440,result=null
ME,returner=Main#check:1440,value=null
MC,caller=Main#g:3,target=Main#check:1441
VW,context=Main#check:1441,a=4
VW,context=Main#check:1441,b=4
VW,context=Main#check:1441,k=-83
VW,context=Main#check:1441,result=null
ME,returner=Main#check:1441,value=null
MC,caller=Main#g:3,target=Main#check:1442
VW,context=Main#check:1442,a=4
VW,context=Main#check:1442,b=4
VW,context=Main#check:1442,k=-83
VW,context=Main#check:1442,result=null
ME,returner=Main#check:1442,value=null
VW,context=Main#g:3,i=-82
MC,caller=Main#g:3,target=Main#check:1443
VW,context=Main#check:1443,a=4
VW,context=Main#check:1443,b=4
VW,context=Main#check:1443,k=-82
VW,context=Main#check:1443,result=null
ME,returner=Main#check:1443,value=null
MC,caller=Main#g:3,target=Main#check:1444
VW,context=Main#check:1444,a=4
VW,context=Main#check:1444,b=4
VW,context=Main#check:1444,k=-82
VW,context=Main#check:1444,result=null
ME,returner=Main#check:1444,value=null
MC,caller=Main#g:3,target=Main#check:1445
VW,context=Main#check:1445,a=4
VW,context=Main#check:1445,b=4
VW,context=Main#check:1445,k=-82
VW,context=Main#check:1445,result=null
ME,returner=Main#check:1445,value=null
VW,context=Main#g:3,i=-81
MC,caller=Main#g:3,target=Main#check:1446
VW,context=Main#check:1446,a=4
VW,context=Main#check:1446,b=4
VW,context=Main#check:1446,k=-81
VW,context=Main#check:1446,result=null
ME,returner=Main#check:1446,value=null
MC,caller=Main#g:3,target=Main#check:1447
VW,context=Main#check:1447,a=4
VW,context=Main#check:1447,b=4
VW,context=Main#check:1447,k=-81
VW,context=Main#check:1447,result=null
ME,returner=Main#check:1447,value=null
MC,caller=Main#g:3,target=Main#check:1448
VW,context=Main#check:1448,a=4
VW,context=Main#check:1448,b=4
VW,context=Main#check:1448,k=-81
VW,context=Main#check:1448,result=null
ME,returner=Main#check:1448,value=null
VW,context=Main#g:3,i=-80
MC,caller=Main#g:3,target=Main#check:1449
VW,context=Main#check:1449,a=4
VW,context=Main#check:1449,b=4
VW,context=Main#check:1449,k=-80
VW,context=Main#check:1449,result=null
ME,returner=Main#check:1449,value=null
MC,caller=Main#g:3,target=Main#check:1450
VW,context=Main#check:1450,a=4
VW,context=Main#check:1450,b=4
VW,context=Main#check:1450,k=-80
VW,context=Main#check:1450,result=null
ME,returner=Main#check:1450,value=null
MC,caller=Main#g:3,target=Main#check:1451
VW,context=Main#check:1451,a=4
VW,context=Main#check:1451,b=4
VW,context=Main#check:1451,k=-80
VW,context=Main#check:1451,result=null
ME,returner=Main#check:1451,value=null
VW,context=Main#g:3,i=-79
MC,caller=Main#g:3,target=Main#check:1452
VW,context=Main#check:1452,a=4
VW,context=Main#check:1452,b=4
VW,context=Main#check:1452,k=-79
VW,context=Main#check:1452,result=null
ME,returner=Main#check:1452,value=null
MC,caller=Main#g:3,target=Main#check:1453
VW,context=Main#check:1453,a=4
VW,context=Main#check:1453,b=4
VW,context=Main#check:1453,k=-79
VW,context=Main#check:1453,result=null
ME,returner=Main#check:1453,value=null
MC,caller=Main#g:3,target=Main#check:1454
VW,context=Main#check:1454,a=4
VW,context=Main#check:1454,b=4
VW,context=Main#check:1454,k=-79
VW,context=Main#check:1454,result=null
ME,returner=Main#check:1454,value=null
VW,context=Main#g:3,i=-78
MC,caller=Main#g:3,target=Main#check:1455
VW,context=Main#check:1455,a=4
VW,context=Main#check:1455,b=4
VW,context=Main#check:1455,k=-78
VW,context=Main#check:1455,result=null
ME,returner=Main#check:1455,value=null
MC,caller=Main#g:3,target=Main#check:1456
VW,context=Main#check:1456,a=4
VW,context=Main#check:1456,b=4
VW,context=Main#check:1456,k=-78
VW,context=Main#check:1456,result=null
ME,returner=Main#check:1456,value=null
MC,caller=Main#g:3,target=Main#check:1457
VW,context=Main#check:1457,a=4
VW,context=Main#check:1457,b=4
VW,context=Main#check:1457,k=-78
VW,context=Main#check:1457,result=null
ME,returner=Main#check:1457,value=null
VW,context=Main#g:3,i=-77
MC,caller=Main#g:3,target=Main#check:1458
VW,context=Main#check:1458,a=4
VW,context=Main#check:1458,b=4
VW,context=Main#check:1458,k=-77
VW,context=Main#check:1458,result=null
ME,returner=Main#check:1458,value=null
MC,caller=Main#g:3,target=Main#check:1459
VW,context=Main#check:1459,a=4
VW,context=Main#check:1459,b=4
VW,context=Main#check:1459,k=-77
VW,context=Main#check:1459,result=null
ME,returner=Main#check:1459,value=null
MC,caller=Main#g:3,target=Main#check:1460
VW,context=Main#check:1460,a=4
VW,context=Main#check:1460,b=4
VW,context=Main#check:1460,k=-77
VW,context=Main#check:1460,result=null
ME,returner=Main#check:1460,value=null
VW,context=Main#g:3,i=-76
MC,caller=Main#g:3,target=Main#check:1461
VW,context=Main#check:1461,a=4
VW,context=Main#check:1461,b=4
VW,context=Main#check:1461,k=-76
VW,context=Main#check:1461,result=null
ME,returner=Main#check:1461,value=null
MC,caller=Main#g:3,target=Main#check:1462
VW,context=Main#check:1462,a=4
VW,context=Main#check:1462,b=4
VW,context=Main#check:1462,k=-76
VW,context=Main#check:1462,result=null
ME,returner=Main#check:1462,value=null
MC,caller=Main#g:3,target=Main#check:1463
VW,context=Main#check:1463,a=4
VW,context=Main#check:1463,b=4
VW,context=Main#check:1463,k=-76
VW,context=Main#check:1463,result=null
ME,returner=Main#check:1463,value=null
VW,context=Main#g:3,i=-75
MC,caller=Main#g:3,target=Main#check:1464
VW,context=Main#check:1464,a=4
VW,context=Main#check:1464,b=4
VW,context=Main#check:1464,k=-75
VW,context=Main#check:1464,result=null
ME,returner=Main#check:1464,value=null
MC,caller=Main#g:3,target=Main#check:1465
VW,context=Main#check:1465,a=4
VW,context=Main#check:1465,b=4
VW,context=Main#check:1465,k=-75
VW,context=Main#check:1465,result=null
ME,returner=Main#check:1465,value=null
MC,caller=Main#g:3,target=Main#check:1466
VW,context=Main#check:1466,a=4
VW,context=Main#check:1466,b=4
VW,context=Main#check:1466,k=-75
VW,context=Main#check:1466,result=null
ME,returner=Main#check:1466,value=null
VW,context=Main#g:3,i=-74
MC,caller=Main#g:3,target=Main#check:1467
VW,context=Main#check:1467,a=4
VW,context=Main#check:1467,b=4
VW,context=Main#check:1467,k=-74
VW,context=Main#check:1467,result=null
ME,returner=Main#check:1467,value=null
MC,caller=Main#g:3,target=Main#check:1468
VW,context=Main#check:1468,a=4
VW,context=Main#check:1468,b=4
VW,context=Main#check:1468,k=-74
VW,context=Main#check:1468,result=null
ME,returner=Main#check:1468,value=null
MC,caller=Main#g:3,target=Main#check:1469
VW,context=Main#check:1469,a=4
VW,context=Main#check:1469,b=4
VW,context=Main#check:1469,k=-74
VW,context=Main#check:1469,result=null
ME,returner=Main#check:1469,value=null
VW,context=Main#g:3,i=-73
MC,caller=Main#g:3,target=Main#check:1470
VW,context=Main#check:1470,a=4
VW,context=Main#check:1470,b=4
VW,context=Main#check:1470,k=-73
VW,context=Main#check:1470,result=null
ME,returner=Main#check:1470,value=null
MC,caller=Main#g:3,target=Main#check:1471
VW,context=Main#check:1471,a=4
VW,context=Main#check:1471,b=4
VW,context=Main#check:1471,k=-73
VW,context=Main#check:1471,result=null
ME,returner=Main#check:1471,value=null
MC,caller=Main#g:3,target=Main#check:1472
VW,context=Main#check:1472,a=4
VW,context=Main#check:1472,b=4
VW,context=Main#check:1472,k=-73
VW,context=Main#check:1472,result=null
ME,returner=Main#check:1472,value=null
VW,context=Main#g:3,i=-72
MC,caller=Main#g:3,target=Main#check:1473
VW,context=Main#check:1473,a=4
VW,context=Main#check:1473,b=4
VW,context=Main#check:1473,k=-72
VW,context=Main#check:1473,result=null
ME,returner=Main#check:1473,value=null
MC,caller=Main#g:3,target=Main#check:1474
VW,context=Main#check:1474,a=4
VW,context=Main#check:1474,b=4
VW,context=Main#check:1474,k=-72
VW,context=Main#check:1474,result=null
ME,returner=Main#check:1474,value=null
MC,caller=Main#g:3,target=Main#check:1475
VW,context=Main#check:1475,a=4
VW,context=Main#check:1475,b=4
VW,context=Main#check:1475,k=-72
VW,context=Main#check:1475,result=null
ME,returner=Main#check:1475,value=null
VW,context=Main#g:3,i=-71
MC,caller=Main#g:3,target=Main#check:1476
VW,context=Main#check:1476,a=4
VW,context=Main#check:1476,b=4
VW,context=Main#check:1476,k=-71
VW,context=Main#check:1476,result=null
ME,returner=Main#check:1476,value=null
MC,caller=Main#g:3,target=Main#check:1477
VW,context=Main#check:1477,a=4
VW,context=Main#check:1477,b=4
VW,context=Main#check:1477,k=-71
VW,context=Main#check:1477,result=null
ME,returner=Main#check:1477,value=null
MC,caller=Main#g:3,target=Main#check:1478
VW,context=Main#check:1478,a=4
VW,context=Main#check:1478,b=4
VW,context=Main#check:1478,k=-71
VW,context=Main#check:1478,result=null
ME,returner=Main#check:1478,value=null
VW,context=Main#g:3,i=-70
MC,caller=Main#g:3,target=Main#check:1479
VW,context=Main#check:1479,a=4
VW,context=Main#check:1479,b=4
VW,context=Main#check:1479,k=-70
VW,context=Main#check:1479,result=null
ME,returner=Main#check:1479,value=null
MC,caller=Main#g:3,target=Main#check:1480
VW,context=Main#check:1480,a=4
VW,context=Main#check:1480,b=4
VW,context=Main#check:1480,k=-70
VW,context=Main#check:1480,result=null
ME,returner=Main#check:1480,value=null
MC,caller=Main#g:3,target=Main#check:1481
VW,context=Main#check:1481,a=4
VW,context=Main#check:1481,b=4
VW,context=Main#check:1481,k=-70
VW,context=Main#check:1481,result=null
ME,returner=Main#check:1481,value=null
VW,context=Main#g:3,i=-69
MC,caller=Main#g:3,target=Main#check:1482
VW,context=Main#check:1482,a=4
VW,context=Main#check:1482,b=4
VW,context=Main#check:1482,k=-69
VW,context=Main#check:1482,result=null
ME,returner=Main#check:1482,value=null
MC,caller=Main#g:3,target=Main#check:1483
VW,context=Main#check:1483,a=4
VW,context=Main#check:1483,b=4
VW,context=Main#check:1483,k=-69
VW,context=Main#check:1483,result=null
ME,returner=Main#check:1483,value=null
MC,caller=Main#g:3,target=Main#check:1484
VW,context=Main#check:1484,a=4
VW,context=Main#check:1484,b=4
VW,context=Main#check:1484,k=-69
VW,context=Main#check:1484,result=null
ME,returner=Main#check:1484,value=null
VW,context=Main#g:3,i=-68
MC,caller=Main#g:3,target=Main#check:1485
VW,context=Main#check:1485,a=4
VW,context=Main#check:1485,b=4
VW,context=Main#check:1485,k=-68
VW,context=Main#check:1485,result=null
ME,returner=Main#check:1485,value=null
MC,caller=Main#g:3,target=Main#check:1486
VW,context=Main#check:1486,a=4
VW,context=Main#check:1486,b=4
VW,context=Main#check:1486,k=-68
VW,context=Main#check:1486,result=null
ME,returner=Main#check:1486,value=null
MC,caller=Main#g:3,target=Main#check:1487
VW,context=Main#check:1487,a=4
VW,context=Main#check:1487,b=4
VW,context=Main#check:1487,k=-68
VW,context=Main#check:1487,result=null
ME,returner=Main#check:1487,value=null
VW,context=Main#g:3,i=-67
MC,caller=Main#g:3,target=Main#check:1488
VW,context=Main#check:1488,a=4
VW,context=Main#check:1488,b=4
VW,context=Main#check:1488,k=-67
VW,context=Main#check:1488,result=null
ME,returner=Main#check:1488,value=null
MC,caller=Main#g:3,target=Main#check:1489
VW,context=Main#check:1489,a=4
VW,context=Main#check:1489,b=4
VW,context=Main#check:1489,k=-67
VW,context=Main#check:1489,result=null
ME,returner=Main#check:1489,value=null
MC,caller=Main#g:3,target=Main#check:1490
VW,context=Main#check:1490,a=4
VW,context=Main#check:1490,b=4
VW,context=Main#check:1490,k=-67
VW,context=Main#check:1490,result=null
ME,returner=Main#check:1490,value=null
VW,context=Main#g:3,i=-66
MC,caller=Main#g:3,target=Main#check:1491
VW,context=Main#check:1491,a=4
VW,context=Main#check:1491,b=4
VW,context=Main#check:1491,k=-66
VW,context=Main#check:1491,result=null
ME,returner=Main#check:1491,value=null
MC,caller=Main#g:3,target=Main#check:1492
VW,context=Main#check:1492,a=4
VW,context=Main#check:1492,b=4
VW,context=Main#check:1492,k=-66
VW,context=Main#check:1492,result=null
ME,returner=Main#check:1492,value=null
MC,caller=Main#g:3,target=Main#check:1493
VW,context=Main#check:1493,a=4
VW,context=Main#check:1493,b=4
VW,context=Main#check:1493,k=-66
VW,context=Main#check:1493,result=null
ME,returner=Main#check:1493,value=null
VW,context=Main#g:3,i=-65
MC,caller=Main#g:3,target=Main#check:1494
VW,context=Main#check:1494,a=4
VW,context=Main#check:1494,b=4
VW,context=Main#check:1494,k=-65
VW,context=Main#check:1494,result=null
ME,returner=Main#check:1494,value=null
MC,caller=Main#g:3,target=Main#check:1495
VW,context=Main#check:1495,a=4
VW,context=Main#check:1495,b=4
VW,context=Main#check:1495,k=-65
VW,context=Main#check:1495,result=null
ME,returner=Main#check:1495,value=null
MC,caller=Main#g:3,target=Main#check:1496
VW,context=Main#check:1496,a=4
VW,context=Main#check:1496,b=4
VW,context=Main#check:1496,k=-65
VW,context=Main#check:1496,result=null
ME,returner=Main#check:1496,value=null
VW,context=Main#g:3,i=-64
MC,caller=Main#g:3,target=Main#check:1497
VW,context=Main#check:1497,a=4
VW,context=Main#check:1497,b=4
VW,context=Main#check:1497,k=-64
VW,context=Main#check:1497,result=null
ME,returner=Main#check:1497,value=null
MC,caller=Main#g:3,target=Main#check:1498
VW,context=Main#check:1498,a=4
VW,context=Main#check:1498,b=4
VW,context=Main#check:1498,k=-64
VW,context=Main#check:1498,result=null
ME,returner=Main#check:1498,value=null
MC,caller=Main#g:3,target=Main#check:1499
VW,context=Main#check:1499,a=4
VW,context=Main#check:1499,b=4
VW,context=Main#check:1499,k=-64
VW,context=Main#check:1499,result=null
ME,returner=Main#check:1499,value=null
VW,context=Main#g:3,i=-63
MC,caller=Main#g:3,target=Main#check:1500
VW,context=Main#check:1500,a=4
VW,context=Main#check:1500,b=4
VW,context=Main#check:1500,k=-63
VW,context=Main#check:1500,result=null
ME,returner=Main#check:1500,value=null
MC,caller=Main#g:3,target=Main#check:1501
VW,context=Main#check:1501,a=4
VW,context=Main#check:1501,b=4
VW,context=Main#check:1501,k=-63
VW,context=Main#check:1501,result=null
ME,returner=Main#check:1501,value=null
MC,caller=Main#g:3,target=Main#check:1502
VW,context=Main#check:1502,a=4
VW,context=Main#check:1502,b=4
VW,context=Main#check:1502,k=-63
VW,context=Main#check:1502,result=null
ME,returner=Main#check:1502,value=null
VW,context=Main#g:3,i=-62
MC,caller=Main#g:3,target=Main#check:1503
VW,context=Main#check:1503,a=4
VW,context=Main#check:1503,b=4
VW,context=Main#check:1503,k=-62
VW,context=Main#check:1503,result=null
ME,returner=Main#check:1503,value=null
MC,caller=Main#g:3,target=Main#check:1504
VW,context=Main#check:1504,a=4
VW,context=Main#check:1504,b=4
VW,context=Main#check:1504,k=-62
VW,context=Main#check:1504,result=null
ME,returner=Main#check:1504,value=null
MC,caller=Main#g:3,target=Main#check:1505
VW,context=Main#check:1505,a=4
VW,context=Main#check:1505,b=4
VW,context=Main#check:1505,k=-62
VW,context=Main#check:1505,result=null
ME,returner=Main#check:1505,value=null
VW,context=Main#g:3,i=-61
MC,caller=Main#g:3,target=Main#check:1506
VW,context=Main#check:1506,a=4
VW,context=Main#check:1506,b=4
VW,context=Main#check:1506,k=-61
VW,context=Main#check:1506,result=null
ME,returner=Main#check:1506,value=null
MC,caller=Main#g:3,target=Main#check:1507
VW,context=Main#check:1507,a=4
VW,context=Main#check:1507,b=4
VW,context=Main#check:1507,k=-61
VW,context=Main#check:1507,result=null
ME,returner=Main#check:1507,value=null
MC,caller=Main#g:3,target=Main#check:1508
VW,context=Main#check:1508,a=4
VW,context=Main#check:1508,b=4
VW,context=Main#check:1508,k=-61
VW,context=Main#check:1508,result=null
ME,returner=Main#check:1508,value=null
VW,context=Main#g:3,i=-60
MC,caller=Main#g:3,target=Main#check:1509
VW,context=Main#check:1509,a=4
VW,context=Main#check:1509,b=4
VW,context=Main#check:1509,k=-60
VW,context=Main#check:1509,result=null
ME,returner=Main#check:1509,value=null
MC,caller=Main#g:3,target=Main#check:1510
VW,context=Main#check:1510,a=4
VW,context=Main#check:1510,b=4
VW,context=Main#check:1510,k=-60
VW,context=Main#check:1510,result=null
ME,returner=Main#check:1510,value=null
MC,caller=Main#g:3,target=Main#check:1511
VW,context=Main#check:1511,a=4
VW,context=Main#check:1511,b=4
VW,context=Main#check:1511,k=-60
VW,context=Main#check:1511,result=null
ME,returner=Main#check:1511,value=null
VW,context=Main#g:3,i=-59
MC,caller=Main#g:3,target=Main#check:1512
VW,context=Main#check:1512,a=4
VW,context=Main#check:1512,b=4
VW,context=Main#check:1512,k=-59
VW,context=Main#check:1512,result=null
ME,returner=Main#check:1512,value=null
MC,caller=Main#g:3,target=Main#check:1513
VW,context=Main#check:1513,a=4
VW,context=Main#check:1513,b=4
VW,context=Main#check:1513,k=-59
VW,context=Main#check:1513,result=null
ME,returner=Main#check:1513,value=null
MC,caller=Main#g:3,target=Main#check:1514
VW,context=Main#check:1514,a=4
VW,context=Main#check:1514,b=4
VW,context=Main#check:1514,k=-59
VW,context=Main#check:1514,result=null
ME,returner=Main#check:1514,value=null
VW,context=Main#g:3,i=-58
MC,caller=Main#g:3,target=Main#check:1515
VW,context=Main#check:1515,a=4
VW,context=Main#check:1515,b=4
VW,context=Main#check:1515,k=-58
VW,context=Main#check:1515,result=null
ME,returner=Main#check:1515,value=null
MC,caller=Main#g:3,target=Main#check:1516
VW,context=Main#check:1516,a=4
VW,context=Main#check:1516,b=4
VW,context=Main#check:1516,k=-58
VW,context=Main#check:1516,result=null
ME,returner=Main#check:1516,value=null
MC,caller=Main#g:3,target=Main#check:1517
VW,context=Main#check:1517,a=4
VW,context=Main#check:1517,b=4
VW,context=Main#check:1517,k=-58
VW,context=Main#check:1517,result=null
ME,returner=Main#check:1517,value=null
VW,context=Main#g:3,i=-57
MC,caller=Main#g:3,target=Main#check:1518
VW,context=Main#check:1518,a=4
VW,context=Main#check:1518,b=4
VW,context=Main#check:1518,k=-57
VW,context=Main#check:1518,result=null
ME,returner=Main#check:1518,value=null
MC,caller=Main#g:3,target=Main#check:1519
VW,context=Main#check:1519,a=4
VW,context=Main#check:1519,b=4
VW,context=Main#check:1519,k=-57
VW,context=Main#check:1519,result=null
ME,returner=Main#check:1519,value=null
MC,caller=Main#g:3,target=Main#check:1520
VW,context=Main#check:1520,a=4
VW,context=Main#check:1520,b=4
VW,context=Main#check:1520,k=-57
VW,context=Main#check:1520,result=null
ME,returner=Main#check:1520,value=null
VW,context=Main#g:3,i=-56
MC,caller=Main#g:3,target=Main#check:1521
VW,context=Main#check:1521,a=4
VW,context=Main#check:1521,b=4
VW,context=Main#check:1521,k=-56
VW,context=Main#check:1521,result=null
ME,returner=Main#check:1521,value=null
MC,caller=Main#g:3,target=Main#check:1522
VW,context=Main#check:1522,a=4
VW,context=Main#check:1522,b=4
VW,context=Main#check:1522,k=-56
VW,context=Main#check:1522,result=null
ME,returner=Main#check:1522,value=null
MC,caller=Main#g:3,target=Main#check:1523
VW,context=Main#check:1523,a=4
VW,context=Main#check:1523,b=4
VW,context=Main#check:1523,k=-56
VW,context=Main#check:1523,result=null
ME,returner=Main#check:1523,value=null
VW,context=Main#g:3,i=-55
MC,caller=Main#g:3,target=Main#check:1524
VW,context=Main#check:1524,a=4
VW,context=Main#check:1524,b=4
VW,context=Main#check:1524,k=-55
VW,context=Main#check:1524,result=null
ME,returner=Main#check:1524,value=null
MC,caller=Main#g:3,target=Main#check:1525
VW,context=Main#check:1525,a=4
VW,context=Main#check:1525,b=4
VW,context=Main#check:1525,k=-55
VW,context=Main#check:1525,result=null
ME,returner=Main#check:1525,value=null
MC,caller=Main#g:3,target=Main#check:1526
VW,context=Main#check:1526,a=4
VW,context=Main#check:1526,b=4
VW,context=Main#check:1526,k=-55
VW,context=Main#check:1526,result=null
ME,returner=Main#check:1526,value=null
VW,context=Main#g:3,i=-54
MC,caller=Main#g:3,target=Main#check:1527
VW,context=Main#check:1527,a=4
VW,context=Main#check:1527,b=4
VW,context=Main#check:1527,k=-54
VW,context=Main#check:1527,result=null
ME,returner=Main#check:1527,value=null
MC,caller=Main#g:3,target=Main#check:1528
VW,context=Main#check:1528,a=4
VW,context=Main#check:1528,b=4
VW,context=Main#check:1528,k=-54
VW,context=Main#check:1528,result=null
ME,returner=Main#check:1528,value=null
MC,caller=Main#g:3,target=Main#check:1529
VW,context=Main#check:1529,a=4
VW,context=Main#check:1529,b=4
VW,context=Main#check:1529,k=-54
VW,context=Main#check:1529,result=null
ME,returner=Main#check:1529,value=null
VW,context=Main#g:3,i=-53
MC,caller=Main#g:3,target=Main#check:1530
VW,context=Main#check:1530,a=4
VW,context=Main#check:1530,b=4
VW,context=Main#check:1530,k=-53
VW,context=Main#check:1530,result=null
ME,returner=Main#check:1530,value=null
MC,caller=Main#g:3,target=Main#check:1531
VW,context=Main#check:1531,a=4
VW,context=Main#check:1531,b=4
VW,context=Main#check:1531,k=-53
VW,context=Main#check:1531,result=null
ME,returner=Main#check:1531,value=null
MC,caller=Main#g:3,target=Main#check:1532
VW,context=Main#check:1532,a=4
VW,context=Main#check:1532,b=4
VW,context=Main#check:1532,k=-53
VW,context=Main#check:1532,result=null
ME,returner=Main#check:1532,value=null
VW,context=Main#g:3,i=-52
MC,caller=Main#g:3,target=Main#check:1533
VW,context=Main#check:1533,a=4
VW,context=Main#check:1533,b=4
VW,context=Main#check:1533,k=-52
VW,context=Main#check:1533,result=null
ME,returner=Main#check:1533,value=null
MC,caller=Main#g:3,target=Main#check:1534
VW,context=Main#check:1534,a=4
VW,context=Main#check:1534,b=4
VW,context=Main#check:1534,k=-52
VW,context=Main#check:1534,result=null
ME,returner=Main#check:1534,value=null
MC,caller=Main#g:3,target=Main#check:1535
VW,context=Main#check:1535,a=4
VW,context=Main#check:1535,b=4
VW,context=Main#check:1535,k=-52
VW,context=Main#check:1535,result=null
ME,returner=Main#check:1535,value=null
VW,context=Main#g:3,i=-51
MC,caller=Main#g:3,target=Main#check:1536
VW,context=Main#check:1536,a=4
VW,context=Main#check:1536,b=4
VW,context=Main#check:1536,k=-51
VW,context=Main#check:1536,result=null
ME,returner=Main#check:1536,value=null
MC,caller=Main#g:3,target=Main#check:1537
VW,context=Main#check:1537,a=4
VW,context=Main#check:1537,b=4
VW,context=Main#check:1537,k=-51
VW,context=Main#check:1537,result=null
ME,returner=Main#check:1537,value=null
MC,caller=Main#g:3,target=Main#check:1538
VW,context=Main#check:1538,a=4
VW,context=Main#check:1538,b=4
VW,context=Main#check:1538,k=-51
VW,context=Main#check:1538,result=null
ME,returner=Main#check:1538,value=null
VW,context=Main#g:3,i=-50
MC,caller=Main#g:3,target=Main#check:1539
VW,context=Main#check:1539,a=4
VW,context=Main#check:1539,b=4
VW,context=Main#check:1539,k=-50
VW,context=Main#check:1539,result=null
ME,returner=Main#check:1539,value=null
MC,caller=Main#g:3,target=Main#check:1540
VW,context=Main#check:1540,a=4
VW,context=Main#check:1540,b=4
VW,context=Main#check:1540,k=-50
VW,context=Main#check:1540,result=null
ME,returner=Main#check:1540,value=null
MC,caller=Main#g:3,target=Main#check:1541
VW,context=Main#check:1541,a=4
VW,context=Main#check:1541,b=4
VW,context=Main#check:1541,k=-50
VW,context=Main#check:1541,result=null
ME,returner=Main#check:1541,value=null
VW,context=Main#g:3,i=-49
MC,caller=Main#g:3,target=Main#check:1542
VW,context=Main#check:1542,a=4
VW,context=Main#check:1542,b=4
VW,context=Main#check:1542,k=-49
VW,context=Main#check:1542,result=null
ME,returner=Main#check:1542,value=null
MC,caller=Main#g:3,target=Main#check:1543
VW,context=Main#check:1543,a=4
VW,context=Main#check:1543,b=4
VW,context=Main#check:1543,k=-49
VW,context=Main#check:1543,result=null
ME,returner=Main#check:1543,value=null
MC,caller=Main#g:3,target=Main#check:1544
VW,context=Main#check:1544,a=4
VW,context=Main#check:1544,b=4
VW,context=Main#check:1544,k=-49
VW,context=Main#check:1544,result=null
ME,returner=Main#check:1544,value=null
VW,context=Main#g:3,i=-48
MC,caller=Main#g:3,target=Main#check:1545
VW,context=Main#check:1545,a=4
VW,context=Main#check:1545,b=4
VW,context=Main#check:1545,k=-48
VW,context=Main#check:1545,result=null
ME,returner=Main#check:1545,value=null
MC,caller=Main#g:3,target=Main#check:1546
VW,context=Main#check:1546,a=4
VW,context=Main#check:1546,b=4
VW,context=Main#check:1546,k=-48
VW,context=Main#check:1546,result=null
ME,returner=Main#check:1546,value=null
MC,caller=Main#g:3,target=Main#check:1547
VW,context=Main#check:1547,a=4
VW,context=Main#check:1547,b=4
VW,context=Main#check:1547,k=-48
VW,context=Main#check:1547,result=null
ME,returner=Main#check:1547,value=null
VW,context=Main#g:3,i=-47
MC,caller=Main#g:3,target=Main#check:1548
VW,context=Main#check:1548,a=4
VW,context=Main#check:1548,b=4
VW,context=Main#check:1548,k=-47
VW,context=Main#check:1548,result=null
ME,returner=Main#check:1548,value=null
MC,caller=Main#g:3,target=Main#check:1549
VW,context=Main#check:1549,a=4
VW,context=Main#check:1549,b=4
VW,context=Main#check:1549,k=-47
VW,context=Main#check:1549,result=null
ME,returner=Main#check:1549,value=null
MC,caller=Main#g:3,target=Main#check:1550
VW,context=Main#check:1550,a=4
VW,context=Main#check:1550,b=4
VW,context=Main#check:1550,k=-47
VW,context=Main#check:1550,result=null
ME,returner=Main#check:1550,value=null
VW,context=Main#g:3,i=-46
MC,caller=Main#g:3,target=Main#check:1551
VW,context=Main#check:1551,a=4
VW,context=Main#check:1551,b=4
VW,context=Main#check:1551,k=-46
VW,context=Main#check:1551,result=null
ME,returner=Main#check:1551,value=null
MC,caller=Main#g:3,target=Main#check:1552
VW,context=Main#check:1552,a=4
VW,context=Main#check:1552,b=4
VW,context=Main#check:1552,k=-46
VW,context=Main#check:1552,result=null
ME,returner=Main#check:1552,value=null
MC,caller=Main#g:3,target=Main#check:1553
VW,context=Main#check:1553,a=4
VW,context=Main#check:1553,b=4
VW,context=Main#check:1553,k=-46
VW,context=Main#check:1553,result=null
ME,returner=Main#check:1553,value=null
VW,context=Main#g:3,i=-45
MC,caller=Main#g:3,target=Main#check:1554
VW,context=Main#check:1554,a=4
VW,context=Main#check:1554,b=4
VW,context=Main#check:1554,k=-45
VW,context=Main#check:1554,result=null
ME,returner=Main#check:1554,value=null
MC,caller=Main#g:3,target=Main#check:1555
VW,context=Main#check:1555,a=4
VW,context=Main#check:1555,b=4
VW,context=Main#check:1555,k=-45
VW,context=Main#check:1555,result=null
ME,returner=Main#check:1555,value=null
MC,caller=Main#g:3,target=Main#check:1556
VW,context=Main#check:1556,a=4
VW,context=Main#check:1556,b=4
VW,context=Main#check:1556,k=-45
VW,context=Main#check:1556,result=null
ME,returner=Main#check:1556,value=null
VW,context=Main#g:3,i=-44
MC,caller=Main#g:3,target=Main#check:1557
VW,context=Main#check:1557,a=4
VW,context=Main#check:1557,b=4
VW,context=Main#check:1557,k=-44
VW,context=Main#check:1557,result=null
ME,returner=Main#check:1557,value=null
MC,caller=Main#g:3,target=Main#check:1558
VW,context=Main#check:1558,a=4
VW,context=Main#check:1558,b=4
VW,context=Main#check:1558,k=-44
VW,context=Main#check:1558,result=null
ME,returner=Main#check:1558,value=null
MC,caller=Main#g:3,target=Main#check:1559
VW,context=Main#check:1559,a=4
VW,context=Main#check:1559,b=4
VW,context=Main#check:1559,k=-44
VW,context=Main#check:1559,result=null
ME,returner=Main#check:1559,value=null
VW,context=Main#g:3,i=-43
MC,caller=Main#g:3,target=Main#check:1560
VW,context=Main#check:1560,a=4
VW,context=Main#check:1560,b=4
VW,context=Main#check:1560,k=-43
VW,context=Main#check:1560,result=null
ME,returner=Main#check:1560,value=null
MC,caller=Main#g:3,target=Main#check:1561
VW,context=Main#check:1561,a=4
VW,context=Main#check:1561,b=4
VW,context=Main#check:1561,k=-43
VW,context=Main#check:1561,result=null
ME,returner=Main#check:1561,value=null
MC,caller=Main#g:3,target=Main#check:1562
VW,context=Main#check:1562,a=4
VW,context=Main#check:1562,b=4
VW,context=Main#check:1562,k=-43
VW,context=Main#check:1562,result=null
ME,returner=Main#check:1562,value=null
VW,context=Main#g:3,i=-42
MC,caller=Main#g:3,target=Main#check:1563
VW,context=Main#check:1563,a=4
VW,context=Main#check:1563,b=4
VW,context=Main#check:1563,k=-42
VW,context=Main#check:1563,result=null
ME,returner=Main#check:1563,value=null
MC,caller=Main#g:3,target=Main#check:1564
VW,context=Main#check:1564,a=4
VW,context=Main#check:1564,b=4
VW,context=Main#check:1564,k=-42
VW,context=Main#check:1564,result=null
ME,returner=Main#check:1564,value=null
MC,caller=Main#g:3,target=Main#check:1565
VW,context=Main#check:1565,a=4
VW,context=Main#check:1565,b=4
VW,context=Main#check:1565,k=-42
VW,context=Main#check:1565,result=null
ME,returner=Main#check:1565,value=null
VW,context=Main#g:3,i=-41
MC,caller=Main#g:3,target=Main#check:1566
VW,context=Main#check:1566,a=4
VW,context=Main#check:1566,b=4
VW,context=Main#check:1566,k=-41
VW,context=Main#check:1566,result=null
ME,returner=Main#check:1566,value=null
MC,caller=Main#g:3,target=Main#check:1567
VW,context=Main#check:1567,a=4
VW,context=Main#check:1567,b=4
VW,context=Main#check:1567,k=-41
VW,context=Main#check:1567,result=null
ME,returner=Main#check:1567,value=null
MC,caller=Main#g:3,target=Main#check:1568
VW,context=Main#check:1568,a=4
VW,context=Main#check:1568,b=4
VW,context=Main#check:1568,k=-41
VW,context=Main#check:1568,result=null
ME,returner=Main#check:1568,value=null
VW,context=Main#g:3,i=-40
MC,caller=Main#g:3,target=Main#check:1569
VW,context=Main#check:1569,a=4
VW,context=Main#check:1569,b=4
VW,context=Main#check:1569,k=-40
VW,context=Main#check:1569,result=null
ME,returner=Main#check:1569,value=null
MC,caller=Main#g:3,target=Main#check:1570
VW,context=Main#check:1570,a=4
VW,context=Main#check:1570,b=4
VW,context=Main#check:1570,k=-40
VW,context=Main#check:1570,result=null
ME,returner=Main#check:1570,value=null
MC,caller=Main#g:3,target=Main#check:1571
VW,context=Main#check:1571,a=4
VW,context=Main#check:1571,b=4
VW,context=Main#check:1571,k=-40
VW,context=Main#check:1571,result=null
ME,returner=Main#check:1571,value=null
VW,context=Main#g:3,i=-39
MC,caller=Main#g:3,target=Main#check:1572
VW,context=Main#check:1572,a=4
VW,context=Main#check:1572,b=4
VW,context=Main#check:1572,k=-39
VW,context=Main#check:1572,result=null
ME,returner=Main#check:1572,value=null
MC,caller=Main#g:3,target=Main#check:1573
VW,context=Main#check:1573,a=4
VW,context=Main#check:1573,b=4
VW,context=Main#check:1573,k=-39
VW,context=Main#check:1573,result=null
ME,returner=Main#check:1573,value=null
MC,caller=Main#g:3,target=Main#check:1574
VW,context=Main#check:1574,a=4
VW,context=Main#check:1574,b=4
VW,context=Main#check:1574,k=-39
VW,context=Main#check:1574,result=null
ME,returner=Main#check:1574,value=null
VW,context=Main#g:3,i=-38
MC,caller=Main#g:3,target=Main#check:1575
VW,context=Main#check:1575,a=4
VW,context=Main#check:1575,b=4
VW,context=Main#check:1575,k=-38
VW,context=Main#check:1575,result=null
ME,returner=Main#check:1575,value=null
MC,caller=Main#g:3,target=Main#check:1576
VW,context=Main#check:1576,a=4
VW,context=Main#check:1576,b=4
VW,context=Main#check:1576,k=-38
VW,context=Main#check:1576,result=null
ME,returner=Main#check:1576,value=null
MC,caller=Main#g:3,target=Main#check:1577
VW,context=Main#check:1577,a=4
VW,context=Main#check:1577,b=4
VW,context=Main#check:1577,k=-38
VW,context=Main#check:1577,result=null
ME,returner=Main#check:1577,value=null
VW,context=Main#g:3,i=-37
MC,caller=Main#g:3,target=Main#check:1578
VW,context=Main#check:1578,a=4
VW,context=Main#check:1578,b=4
VW,context=Main#check:1578,k=-37
VW,context=Main#check:1578,result=null
ME,returner=Main#check:1578,value=null
MC,caller=Main#g:3,target=Main#check:1579
VW,context=Main#check:1579,a=4
VW,context=Main#check:1579,b=4
VW,context=Main#check:1579,k=-37
VW,context=Main#check:1579,result=null
ME,returner=Main#check:1579,value=null
MC,caller=Main#g:3,target=Main#check:1580
VW,context=Main#check:1580,a=4
VW,context=Main#check:1580,b=4
VW,context=Main#check:1580,k=-37
VW,context=Main#check:1580,result=null
ME,returner=Main#check:1580,value=null
VW,context=Main#g:3,i=-36
MC,caller=Main#g:3,target=Main#check:1581
VW,context=Main#check:1581,a=4
VW,context=Main#check:1581,b=4
VW,context=Main#check:1581,k=-36
VW,context=Main#check:1581,result=null
ME,returner=Main#check:1581,value=null
MC,caller=Main#g:3,target=Main#check:1582
VW,context=Main#check:1582,a=4
VW,context=Main#check:1582,b=4
VW,context=Main#check:1582,k=-36
VW,context=Main#check:1582,result=null
ME,returner=Main#check:1582,value=null
MC,caller=Main#g:3,target=Main#check:1583
VW,context=Main#check:1583,a=4
VW,context=Main#check:1583,b=4
VW,context=Main#check:1583,k=-36
VW,context=Main#check:1583,result=null
ME,returner=Main#check:1583,value=null
VW,context=Main#g:3,i=-35
MC,caller=Main#g:3,target=Main#check:1584
VW,context=Main#check:1584,a=4
VW,context=Main#check:1584,b=4
VW,context=Main#check:1584,k=-35
VW,context=Main#check:1584,result=null
ME,returner=Main#check:1584,value=null
MC,caller=Main#g:3,target=Main#check:1585
VW,context=Main#check:1585,a=4
VW,context=Main#check:1585,b=4
VW,context=Main#check:1585,k=-35
VW,context=Main#check:1585,result=null
ME,returner=Main#check:1585,value=null
MC,caller=Main#g:3,target=Main#check:1586
VW,context=Main#check:1586,a=4
VW,context=Main#check:1586,b=4
VW,context=Main#check:1586,k=-35
VW,context=Main#check:1586,result=null
ME,returner=Main#check:1586,value=null
VW,context=Main#g:3,i=-34
MC,caller=Main#g:3,target=Main#check:1587
VW,context=Main#check:1587,a=4
VW,context=Main#check:1587,b=4
VW,context=Main#check:1587,k=-34
VW,context=Main#check:1587,result=null
ME,returner=Main#check:1587,value=null
MC,caller=Main#g:3,target=Main#check:1588
VW,context=Main#check:1588,a=4
VW,context=Main#check:1588,b=4
VW,context=Main#check:1588,k=-34
VW,context=Main#check:1588,result=null
ME,returner=Main#check:1588,value=null
MC,caller=Main#g:3,target=Main#check:1589
VW,context=Main#check:1589,a=4
VW,context=Main#check:1589,b=4
VW,context=Main#check:1589,k=-34
VW,context=Main#check:1589,result=null
ME,returner=Main#check:1589,value=null
VW,context=Main#g:3,i=-33
MC,caller=Main#g:3,target=Main#check:1590
VW,context=Main#check:1590,a=4
VW,context=Main#check:1590,b=4
VW,context=Main#check:1590,k=-33
VW,context=Main#check:1590,result=null
ME,returner=Main#check:1590,value=null
MC,caller=Main#g:3,target=Main#check:1591
VW,context=Main#check:1591,a=4
VW,context=Main#check:1591,b=4
VW,context=Main#check:1591,k=-33
VW,context=Main#check:1591,result=null
ME,returner=Main#check:1591,value=null
MC,caller=Main#g:3,target=Main#check:1592
VW,context=Main#check:1592,a=4
VW,context=Main#check:1592,b=4
VW,context=Main#check:1592,k=-33
VW,context=Main#check:1592,result=null
ME,returner=Main#check:1592,value=null
VW,context=Main#g:3,i=-32
MC,caller=Main#g:3,target=Main#check:1593
VW,context=Main#check:1593,a=4
VW,context=Main#check:1593,b=4
VW,context=Main#check:1593,k=-32
VW,context=Main#check:1593,result=null
ME,returner=Main#check:1593,value=null
MC,caller=Main#g:3,target=Main#check:1594
VW,context=Main#check:1594,a=4
VW,context=Main#check:1594,b=4
VW,context=Main#check:1594,k=-32
VW,context=Main#check:1594,result=null
ME,returner=Main#check:1594,value=null
MC,caller=Main#g:3,target=Main#check:1595
VW,context=Main#check:1595,a=4
VW,context=Main#check:1595,b=4
VW,context=Main#check:1595,k=-32
VW,context=Main#check:1595,result=null
ME,returner=Main#check:1595,value=null
VW,context=Main#g:3,i=-31
MC,caller=Main#g:3,target=Main#check:1596
VW,context=Main#check:1596,a=4
VW,context=Main#check:1596,b=4
VW,context=Main#check:1596,k=-31
VW,context=Main#check:1596,result=null
ME,returner=Main#check:1596,value=null
MC,caller=Main#g:3,target=Main#check:1597
VW,context=Main#check:1597,a=4
VW,context=Main#check:1597,b=4
VW,context=Main#check:1597,k=-31
VW,context=Main#check:1597,result=null
ME,returner=Main#check:1597,value=null
MC,caller=Main#g:3,target=Main#check:1598
VW,context=Main#check:1598,a=4
VW,context=Main#check:1598,b=4
VW,context=Main#check:1598,k=-31
VW,context=Main#check:1598,result=null
ME,returner=Main#check:1598,value=null
VW,context=Main#g:3,i=-30
MC,caller=Main#g:3,target=Main#check:1599
VW,context=Main#check:1599,a=4
VW,context=Main#check:1599,b=4
VW,context=Main#check:1599,k=-30
VW,context=Main#check:1599,result=null
ME,returner=Main#check:1599,value=null
MC,caller=Main#g:3,target=Main#check:1600
VW,context=Main#check:1600,a=4
VW,context=Main#check:1600,b=4
VW,context=Main#check:1600,k=-30
VW,context=Main#check:1600,result=null
ME,returner=Main#check:1600,value=null
MC,caller=Main#g:3,target=Main#check:1601
VW,context=Main#check:1601,a=4
VW,context=Main#check:1601,b=4
VW,context=Main#check:1601,k=-30
VW,context=Main#check:1601,result=null
ME,returner=Main#check:1601,value=null
VW,context=Main#g:3,i=-29
MC,caller=Main#g:3,target=Main#check:1602
VW,context=Main#check:1602,a=4
VW,context=Main#check:1602,b=4
VW,context=Main#check:1602,k=-29
VW,context=Main#check:1602,result=null
ME,returner=Main#check:1602,value=null
MC,caller=Main#g:3,target=Main#check:1603
VW,context=Main#check:1603,a=4
VW,context=Main#check:1603,b=4
VW,context=Main#check:1603,k=-29
VW,context=Main#check:1603,result=null
ME,returner=Main#check:1603,value=null
MC,caller=Main#g:3,target=Main#check:1604
VW,context=Main#check:1604,a=4
VW,context=Main#check:1604,b=4
VW,context=Main#check:1604,k=-29
VW,context=Main#check:1604,result=null
ME,returner=Main#check:1604,value=null
VW,context=Main#g:3,i=-28
MC,caller=Main#g:3,target=Main#check:1605
VW,context=Main#check:1605,a=4
VW,context=Main#check:1605,b=4
VW,context=Main#check:1605,k=-28
VW,context=Main#check:1605,result=null
ME,returner=Main#check:1605,value=null
MC,caller=Main#g:3,target=Main#check:1606
VW,context=Main#check:1606,a=4
VW,context=Main#check:1606,b=4
VW,context=Main#check:1606,k=-28
VW,context=Main#check:1606,result=null
ME,returner=Main#check:1606,value=null
MC,caller=Main#g:3,target=Main#check:1607
VW,context=Main#check:1607,a=4
VW,context=Main#check:1607,b=4
VW,context=Main#check:1607,k=-28
VW,context=Main#check:1607,result=null
ME,returner=Main#check:1607,value=null
VW,context=Main#g:3,i=-27
MC,caller=Main#g:3,target=Main#check:1608
VW,context=Main#check:1608,a=4
VW,context=Main#check:1608,b=4
VW,context=Main#check:1608,k=-27
VW,context=Main#check:1608,result=null
ME,returner=Main#check:1608,value=null
MC,caller=Main#g:3,target=Main#check:1609
VW,context=Main#check:1609,a=4
VW,context=Main#check:1609,b=4
VW,context=Main#check:1609,k=-27
VW,context=Main#check:1609,result=null
ME,returner=Main#check:1609,value=null
MC,caller=Main#g:3,target=Main#check:1610
VW,context=Main#check:1610,a=4
VW,context=Main#check:1610,b=4
VW,context=Main#check:1610,k=-27
VW,context=Main#check:1610,result=null
ME,returner=Main#check:1610,value=null
VW,context=Main#g:3,i=-26
MC,caller=Main#g:3,target=Main#check:1611
VW,context=Main#check:1611,a=4
VW,context=Main#check:1611,b=4
VW,context=Main#check:1611,k=-26
VW,context=Main#check:1611,result=null
ME,returner=Main#check:1611,value=null
MC,caller=Main#g:3,target=Main#check:1612
VW,context=Main#check:1612,a=4
VW,context=Main#check:1612,b=4
VW,context=Main#check:1612,k=-26
VW,context=Main#check:1612,result=null
ME,returner=Main#check:1612,value=null
MC,caller=Main#g:3,target=Main#check:1613
VW,context=Main#check:1613,a=4
VW,context=Main#check:1613,b=4
VW,context=Main#check:1613,k=-26
VW,context=Main#check:1613,result=null
ME,returner=Main#check:1613,value=null
VW,context=Main#g:3,i=-25
MC,caller=Main#g:3,target=Main#check:1614
VW,context=Main#check:1614,a=4
VW,context=Main#check:1614,b=4
VW,context=Main#check:1614,k=-25
VW,context=Main#check:1614,result=null
ME,returner=Main#check:1614,value=null
MC,caller=Main#g:3,target=Main#check:1615
VW,context=Main#check:1615,a=4
VW,context=Main#check:1615,b=4
VW,context=Main#check:1615,k=-25
VW,context=Main#check:1615,result=null
ME,returner=Main#check:1615,value=null
MC,caller=Main#g:3,target=Main#check:1616
VW,context=Main#check:1616,a=4
VW,context=Main#check:1616,b=4
VW,context=Main#check:1616,k=-25
VW,context=Main#check:1616,result=null
ME,returner=Main#check:1616,value=null
VW,context=Main#g:3,i=-24
MC,caller=Main#g:3,target=Main#check:1617
VW,context=Main#check:1617,a=4
VW,context=Main#check:1617,b=4
VW,context=Main#check:1617,k=-24
VW,context=Main#check:1617,result=null
ME,returner=Main#check:1617,value=null
MC,caller=Main#g:3,target=Main#check:1618
VW,context=Main#check:1618,a=4
VW,context=Main#check:1618,b=4
VW,context=Main#check:1618,k=-24
VW,context=Main#check:1618,result=null
ME,returner=Main#check:1618,value=null
MC,caller=Main#g:3,target=Main#check:1619
VW,context=Main#check:1619,a=4
VW,context=Main#check:1619,b=4
VW,context=Main#check:1619,k=-24
VW,context=Main#check:1619,result=null
ME,returner=Main#check:1619,value=null
VW,context=Main#g:3,i=-23
MC,caller=Main#g:3,target=Main#check:1620
VW,context=Main#check:1620,a=4
VW,context=Main#check:1620,b=4
VW,context=Main#check:1620,k=-23
VW,context=Main#check:1620,result=null
ME,returner=Main#check:1620,value=null
MC,caller=Main#g:3,target=Main#check:1621
VW,context=Main#check:1621,a=4
VW,context=Main#check:1621,b=4
VW,context=Main#check:1621,k=-23
VW,context=Main#check:1621,result=null
ME,returner=Main#check:1621,value=null
MC,caller=Main#g:3,target=Main#check:1622
VW,context=Main#check:1622,a=4
VW,context=Main#check:1622,b=4
VW,context=Main#check:1622,k=-23
VW,context=Main#check:1622,result=null
ME,returner=Main#check:1622,value=null
VW,context=Main#g:3,i=-22
MC,caller=Main#g:3,target=Main#check:1623
VW,context=Main#check:1623,a=4
VW,context=Main#check:1623,b=4
VW,context=Main#check:1623,k=-22
VW,context=Main#check:1623,result=null
ME,returner=Main#check:1623,value=null
MC,caller=Main#g:3,target=Main#check:1624
VW,context=Main#check:1624,a=4
VW,context=Main#check:1624,b=4
VW,context=Main#check:1624,k=-22
VW,context=Main#check:1624,result=null
ME,returner=Main#check:1624,value=null
MC,caller=Main#g:3,target=Main#check:1625
VW,context=Main#check:1625,a=4
VW,context=Main#check:1625,b=4
VW,context=Main#check:1625,k=-22
VW,context=Main#check:1625,result=null
ME,returner=Main#check:1625,value=null
VW,context=Main#g:3,i=-21
MC,caller=Main#g:3,target=Main#check:1626
VW,context=Main#check:1626,a=4
VW,context=Main#check:1626,b=4
VW,context=Main#check:1626,k=-21
VW,context=Main#check:1626,result=null
ME,returner=Main#check:1626,value=null
MC,caller=Main#g:3,target=Main#check:1627
VW,context=Main#check:1627,a=4
VW,context=Main#check:1627,b=4
VW,context=Main#check:1627,k=-21
VW,context=Main#check:1627,result=null
ME,returner=Main#check:1627,value=null
MC,caller=Main#g:3,target=Main#check:1628
VW,context=Main#check:1628,a=4
VW,context=Main#check:1628,b=4
VW,context=Main#check:1628,k=-21
VW,context=Main#check:1628,result=null
ME,returner=Main#check:1628,value=null
VW,context=Main#g:3,i=-20
MC,caller=Main#g:3,target=Main#check:1629
VW,context=Main#check:1629,a=4
VW,context=Main#check:1629,b=4
VW,context=Main#check:1629,k=-20
VW,context=Main#check:1629,result=null
ME,returner=Main#check:1629,value=null
MC,caller=Main#g:3,target=Main#check:1630
VW,context=Main#check:1630,a=4
VW,context=Main#check:1630,b=4
VW,context=Main#check:1630,k=-20
VW,context=Main#check:1630,result=null
ME,returner=Main#check:1630,value=null
MC,caller=Main#g:3,target=Main#check:1631
VW,context=Main#check:1631,a=4
VW,context=Main#check:1631,b=4
VW,context=Main#check:1631,k=-20
VW,context=Main#check:1631,result=null
ME,returner=Main#check:1631,value=null
VW,context=Main#g:3,i=-19
MC,caller=Main#g:3,target=Main#check:1632
VW,context=Main#check:1632,a=4
VW,context=Main#check:1632,b=4
VW,context=Main#check:1632,k=-19
VW,context=Main#check:1632,result=null
ME,returner=Main#check:1632,value=null
MC,caller=Main#g:3,target=Main#check:1633
VW,context=Main#check:1633,a=4
VW,context=Main#check:1633,b=4
VW,context=Main#check:1633,k=-19
VW,context=Main#check:1633,result=null
ME,returner=Main#check:1633,value=null
MC,caller=Main#g:3,target=Main#check:1634
VW,context=Main#check:1634,a=4
VW,context=Main#check:1634,b=4
VW,context=Main#check:1634,k=-19
VW,context=Main#check:1634,result=null
ME,returner=Main#check:1634,value=null
VW,context=Main#g:3,i=-18
MC,caller=Main#g:3,target=Main#check:1635
VW,context=Main#check:1635,a=4
VW,context=Main#check:1635,b=4
VW,context=Main#check:1635,k=-18
VW,context=Main#check:1635,result=null
ME,returner=Main#check:1635,value=null
MC,caller=Main#g:3,target=Main#check:1636
VW,context=Main#check:1636,a=4
VW,context=Main#check:1636,b=4
VW,context=Main#check:1636,k=-18
VW,context=Main#check:1636,result=null
ME,returner=Main#check:1636,value=null
MC,caller=Main#g:3,target=Main#check:1637
VW,context=Main#check:1637,a=4
VW,context=Main#check:1637,b=4
VW,context=Main#check:1637,k=-18
VW,context=Main#check:1637,result=null
ME,returner=Main#check:1637,value=null
VW,context=Main#g:3,i=-17
MC,caller=Main#g:3,target=Main#check:1638
VW,context=Main#check:1638,a=4
VW,context=Main#check:1638,b=4
VW,context=Main#check:1638,k=-17
VW,context=Main#check:1638,result=null
ME,returner=Main#check:1638,value=null
MC,caller=Main#g:3,target=Main#check:1639
VW,context=Main#check:1639,a=4
VW,context=Main#check:1639,b=4
VW,context=Main#check:1639,k=-17
VW,context=Main#check:1639,result=null
ME,returner=Main#check:1639,value=null
MC,caller=Main#g:3,target=Main#check:1640
VW,context=Main#check:1640,a=4
VW,context=Main#check:1640,b=4
VW,context=Main#check:1640,k=-17
VW,context=Main#check:1640,result=null
ME,returner=Main#check:1640,value=null
VW,context=Main#g:3,i=-16
MC,caller=Main#g:3,target=Main#check:1641
VW,context=Main#check:1641,a=4
VW,context=Main#check:1641,b=4
VW,context=Main#check:1641,k=-16
VW,context=Main#check:1641,result=null
ME,returner=Main#check:1641,value=null
MC,caller=Main#g:3,target=Main#check:1642
VW,context=Main#check:1642,a=4
VW,context=Main#check:1642,b=4
VW,context=Main#check:1642,k=-16
VW,context=Main#check:1642,result=null
ME,returner=Main#check:1642,value=null
MC,caller=Main#g:3,target=Main#check:1643
VW,context=Main#check:1643,a=4
VW,context=Main#check:1643,b=4
VW,context=Main#check:1643,k=-16
VW,context=Main#check:1643,result=null
ME,returner=Main#check:1643,value=null
VW,context=Main#g:3,i=-15
MC,caller=Main#g:3,target=Main#check:1644
VW,context=Main#check:1644,a=4
VW,context=Main#check:1644,b=4
VW,context=Main#check:1644,k=-15
VW,context=Main#check:1644,result=null
ME,returner=Main#check:1644,value=null
MC,caller=Main#g:3,target=Main#check:1645
VW,context=Main#check:1645,a=4
VW,context=Main#check:1645,b=4
VW,context=Main#check:1645,k=-15
VW,context=Main#check:1645,result=null
ME,returner=Main#check:1645,value=null
MC,caller=Main#g:3,target=Main#check:1646
VW,context=Main#check:1646,a=4
VW,context=Main#check:1646,b=4
VW,context=Main#check:1646,k=-15
VW,context=Main#check:1646,result=null
ME,returner=Main#check:1646,value=null
VW,context=Main#g:3,i=-14
MC,caller=Main#g:3,target=Main#check:1647
VW,context=Main#check:1647,a=4
VW,context=Main#check:1647,b=4
VW,context=Main#check:1647,k=-14
VW,context=Main#check:1647,result=null
ME,returner=Main#check:1647,value=null
MC,caller=Main#g:3,target=Main#check:1648
VW,context=Main#check:1648,a=4
VW,context=Main#check:1648,b=4
VW,context=Main#check:1648,k=-14
VW,context=Main#check:1648,result=null
ME,returner=Main#check:1648,value=null
MC,caller=Main#g:3,target=Main#check:1649
VW,context=Main#check:1649,a=4
VW,context=Main#check:1649,b=4
VW,context=Main#check:1649,k=-14
VW,context=Main#check:1649,result=null
ME,returner=Main#check:1649,value=null
VW,context=Main#g:3,i=-13
MC,caller=Main#g:3,target=Main#check:1650
VW,context=Main#check:1650,a=4
VW,context=Main#check:1650,b=4
VW,context=Main#check:1650,k=-13
VW,context=Main#check:1650,result=null
ME,returner=Main#check:1650,value=null
MC,caller=Main#g:3,target=Main#check:1651
VW,context=Main#check:1651,a=4
VW,context=Main#check:1651,b=4
VW,context=Main#check:1651,k=-13
VW,context=Main#check:1651,result=null
ME,returner=Main#check:1651,value=null
MC,caller=Main#g:3,target=Main#check:1652
VW,context=Main#check:1652,a=4
VW,context=Main#check:1652,b=4
VW,context=Main#check:1652,k=-13
VW,context=Main#check:1652,result=null
ME,returner=Main#check:1652,value=null
VW,context=Main#g:3,i=-12
MC,caller=Main#g:3,target=Main#check:1653
VW,context=Main#check:1653,a=4
VW,context=Main#check:1653,b=4
VW,context=Main#check:1653,k=-12
VW,context=Main#check:1653,result=null
ME,returner=Main#check:1653,value=null
MC,caller=Main#g:3,target=Main#check:1654
VW,context=Main#check:1654,a=4
VW,context=Main#check:1654,b=4
VW,context=Main#check:1654,k=-12
VW,context=Main#check:1654,result=null
ME,returner=Main#check:1654,value=null
MC,caller=Main#g:3,target=Main#check:1655
VW,context=Main#check:1655,a=4
VW,context=Main#check:1655,b=4
VW,context=Main#check:1655,k=-12
VW,context=Main#check:1655,result=null
ME,returner=Main#check:1655,value=null
VW,context=Main#g:3,i=-11
MC,caller=Main#g:3,target=Main#check:1656
VW,context=Main#check:1656,a=4
VW,context=Main#check:1656,b=4
VW,context=Main#check:1656,k=-11
VW,context=Main#check:1656,result=null
ME,returner=Main#check:1656,value=null
MC,caller=Main#g:3,target=Main#check:1657
VW,context=Main#check:1657,a=4
VW,context=Main#check:1657,b=4
VW,context=Main#check:1657,k=-11
VW,context=Main#check:1657,result=null
ME,returner=Main#check:1657,value=null
MC,caller=Main#g:3,target=Main#check:1658
VW,context=Main#check:1658,a=4
VW,context=Main#check:1658,b=4
VW,context=Main#check:1658,k=-11
VW,context=Main#check:1658,result=null
ME,returner=Main#check:1658,value=null
VW,context=Main#g:3,i=-10
MC,caller=Main#g:3,target=Main#check:1659
VW,context=Main#check:1659,a=4
VW,context=Main#check:1659,b=4
VW,context=Main#check:1659,k=-10
VW,context=Main#check:1659,result=null
ME,returner=Main#check:1659,value=null
MC,caller=Main#g:3,target=Main#check:1660
VW,context=Main#check:1660,a=4
VW,context=Main#check:1660,b=4
VW,context=Main#check:1660,k=-10
VW,context=Main#check:1660,result=null
ME,returner=Main#check:1660,value=null
MC,caller=Main#g:3,target=Main#check:1661
VW,context=Main#check:1661,a=4
VW,context=Main#check:1661,b=4
VW,context=Main#check:1661,k=-10
VW,context=Main#check:1661,result=null
ME,returner=Main#check:1661,value=null
MC,caller=Main#g:3,target=Main#check:1662
VW,context=Main#check:1662,a=4
VW,context=Main#check:1662,b=4
VW,context=Main#check:1662,k=-10
VW,context=Main#check:1662,result=null
ME,returner=Main#check:1662,value=null
VW,context=Main#g:3,i=-9
MC,caller=Main#g:3,target=Main#check:1663
VW,context=Main#check:1663,a=4
VW,context=Main#check:1663,b=4
VW,context=Main#check:1663,k=-9
VW,context=Main#check:1663,result=null
ME,returner=Main#check:1663,value=null
MC,caller=Main#g:3,target=Main#check:1664
VW,context=Main#check:1664,a=4
VW,context=Main#check:1664,b=4
VW,context=Main#check:1664,k=-9
VW,context=Main#check:1664,result=null
ME,returner=Main#check:1664,value=null
MC,caller=Main#g:3,target=Main#check:1665
VW,context=Main#check:1665,a=4
VW,context=Main#check:1665,b=4
VW,context=Main#check:1665,k=-9
VW,context=Main#check:1665,result=null
ME,returner=Main#check:1665,value=null
VW,context=Main#g:3,i=-8
MC,caller=Main#g:3,target=Main#check:1666
VW,context=Main#check:1666,a=4
VW,context=Main#check:1666,b=4
VW,context=Main#check:1666,k=-8
VW,context=Main#check:1666,result=null
ME,returner=Main#check:1666,value=null
MC,caller=Main#g:3,target=Main#check:1667
VW,context=Main#check:1667,a=4
VW,context=Main#check:1667,b=4
VW,context=Main#check:1667,k=-8
VW,context=Main#check:1667,result=null
ME,returner=Main#check:1667,value=null
MC,caller=Main#g:3,target=Main#check:1668
VW,context=Main#check:1668,a=4
VW,context=Main#check:1668,b=4
VW,context=Main#check:1668,k=-8
VW,context=Main#check:1668,result=null
ME,returner=Main#check:1668,value=null
VW,context=Main#g:3,i=-7
MC,caller=Main#g:3,target=Main#check:1669
VW,context=Main#check:1669,a=4
VW,context=Main#check:1669,b=4
VW,context=Main#check:1669,k=-7
VW,context=Main#check:1669,result=null
ME,returner=Main#check:1669,value=null
MC,caller=Main#g:3,target=Main#check:1670
VW,context=Main#check:1670,a=4
VW,context=Main#check:1670,b=4
VW,context=Main#check:1670,k=-7
VW,context=Main#check:1670,result=null
ME,returner=Main#check:1670,value=null
MC,caller=Main#g:3,target=Main#check:1671
VW,context=Main#check:1671,a=4
VW,context=Main#check:1671,b=4
VW,context=Main#check:1671,k=-7
VW,context=Main#check:1671,result=null
ME,returner=Main#check:1671,value=null
VW,context=Main#g:3,i=-6
MC,caller=Main#g:3,target=Main#check:1672
VW,context=Main#check:1672,a=4
VW,context=Main#check:1672,b=4
VW,context=Main#check:1672,k=-6
VW,context=Main#check:1672,result=null
ME,returner=Main#check:1672,value=null
MC,caller=Main#g:3,target=Main#check:1673
VW,context=Main#check:1673,a=4
VW,context=Main#check:1673,b=4
VW,context=Main#check:1673,k=-6
VW,context=Main#check:1673,result=null
ME,returner=Main#check:1673,value=null
MC,caller=Main#g:3,target=Main#check:1674
VW,context=Main#check:1674,a=4
VW,context=Main#check:1674,b=4
VW,context=Main#check:1674,k=-6
VW,context=Main#check:1674,result=null
ME,returner=Main#check:1674,value=null
VW,context=Main#g:3,i=-5
MC,caller=Main#g:3,target=Main#check:1675
VW,context=Main#check:1675,a=4
VW,context=Main#check:1675,b=4
VW,context=Main#check:1675,k=-5
VW,context=Main#check:1675,result=null
ME,returner=Main#check:1675,value=null
MC,caller=Main#g:3,target=Main#check:1676
VW,context=Main#check:1676,a=4
VW,context=Main#check:1676,b=4
VW,context=Main#check:1676,k=-5
VW,context=Main#check:1676,result=null
ME,returner=Main#check:1676,value=null
MC,caller=Main#g:3,target=Main#check:1677
VW,context=Main#check:1677,a=4
VW,context=Main#check:1677,b=4
VW,context=Main#check:1677,k=-5
VW,context=Main#check:1677,result=null
ME,returner=Main#check:1677,value=null
MC,caller=Main#g:3,target=Main#check:1678
VW,context=Main#check:1678,a=4
VW,context=Main#check:1678,b=4
VW,context=Main#check:1678,k=-5
VW,context=Main#check:1678,result=null
ME,returner=Main#check:1678,value=null
VW,context=Main#g:3,i=-4
MC,caller=Main#g:3,target=Main#check:1679
VW,context=Main#check:1679,a=4
VW,context=Main#check:1679,b=4
VW,context=Main#check:1679,k=-4
VW,context=Main#check:1679,result=null
ME,returner=Main#check:1679,value=null
MC,caller=Main#g:3,target=Main#check:1680
VW,context=Main#check:1680,a=4
VW,context=Main#check:1680,b=4
VW,context=Main#check:1680,k=-4
VW,context=Main#check:1680,result=null
ME,returner=Main#check:1680,value=null
MC,caller=Main#g:3,target=Main#check:1681
VW,context=Main#check:1681,a=4
VW,context=Main#check:1681,b=4
VW,context=Main#check:1681,k=-4
VW,context=Main#check:1681,result=null
ME,returner=Main#check:1681,value=null
VW,context=Main#g:3,i=-3
MC,caller=Main#g:3,target=Main#check:1682
VW,context=Main#check:1682,a=4
VW,context=Main#check:1682,b=4
VW,context=Main#check:1682,k=-3
VW,context=Main#check:1682,result=null
ME,returner=Main#check:1682,value=null
MC,caller=Main#g:3,target=Main#check:1683
VW,context=Main#check:1683,a=4
VW,context=Main#check:1683,b=4
VW,context=Main#check:1683,k=-3
VW,context=Main#check:1683,result=null
ME,returner=Main#check:1683,value=null
MC,caller=Main#g:3,target=Main#check:1684
VW,context=Main#check:1684,a=4
VW,context=Main#check:1684,b=4
VW,context=Main#check:1684,k=-3
VW,context=Main#check:1684,result=null
ME,returner=Main#check:1684,value=null
VW,context=Main#g:3,i=-2
MC,caller=Main#g:3,target=Main#check:1685
VW,context=Main#check:1685,a=4
VW,context=Main#check:1685,b=4
VW,context=Main#check:1685,k=-2
VW,context=Main#check:1685,result=null
ME,returner=Main#check:1685,value=null
MC,caller=Main#g:3,target=Main#check:1686
VW,context=Main#check:1686,a=4
VW,context=Main#check:1686,b=4
VW,context=Main#check:1686,k=-2
VW,context=Main#check:1686,result=null
ME,returner=Main#check:1686,value=null
MC,caller=Main#g:3,target=Main#check:1687
VW,context=Main#check:1687,a=4
VW,context=Main#check:1687,b=4
VW,context=Main#check:1687,k=-2
VW,context=Main#check:1687,result=null
ME,returner=Main#check:1687,value=null
MC,caller=Main#g:3,target=Main#check:1688
VW,context=Main#check:1688,a=4
VW,context=Main#check:1688,b=4
VW,context=Main#check:1688,k=-2
VW,context=Main#check:1688,result=null
ME,returner=Main#check:1688,value=null
VW,context=Main#g:3,i=-1
MC,caller=Main#g:3,target=Main#check:1689
VW,context=Main#check:1689,a=4
VW,context=Main#check:1689,b=4
VW,context=Main#check:1689,k=-1
VW,context=Main#check:1689,result=null
ME,returner=Main#check:1689,value=null
MC,caller=Main#g:3,target=Main#check:1690
VW,context=Main#check:1690,a=4
VW,context=Main#check:1690,b=4
VW,context=Main#check:1690,k=-1
VW,context=Main#check:1690,result=null
ME,returner=Main#check:1690,value=null
MC,caller=Main#g:3,target=Main#check:1691
VW,context=Main#check:1691,a=4
VW,context=Main#check:1691,b=4
VW,context=Main#check:1691,k=-1
VW,context=Main#check:1691,result=null
ME,returner=Main#check:1691,value=null
MC,caller=Main#g:3,target=Main#check:1692
VW,context=Main#check:1692,a=4
VW,context=Main#check:1692,b=4
VW,context=Main#check:1692,k=-1
VW,context=Main#check:1692,result=null
ME,returner=Main#check:1692,value=null
VW,context=Main#g:3,i=0
MC,caller=Main#g:3,target=Main#check:1693
VW,context=Main#check:1693,a=4
VW,context=Main#check:1693,b=4
VW,context=Main#check:1693,k=0
VW,context=Main#check:1693,result=(4 - 4)
ME,returner=Main#check:1693,value=(4 - 4)
MC,caller=Main#g:3,target=Main#check:1694
VW,context=Main#check:1694,a=4
VW,context=Main#check:1694,b=4
VW,context=Main#check:1694,k=10
VW,context=Main#check:1694,result=null
ME,returner=Main#check:1694,value=null
VW,context=Main#g:3,str1=(4 - 4)
MC,caller=Main#g:3,target=Main#check:1695
VW,context=Main#check:1695,a=4
VW,context=Main#check:1695,b=4
VW,context=Main#check:1695,k=0
VW,context=Main#check:1695,result=(4 - 4)
ME,returner=Main#check:1695,value=(4 - 4)
MC,caller=Main#g:3,target=Main#check:1696
VW,context=Main#check:1696,a=4
VW,context=Main#check:1696,b=4
VW,context=Main#check:1696,k=-10
VW,context=Main#check:1696,result=null
ME,returner=Main#check:1696,value=null
MC,caller=Main#g:3,target=Main#check:1697
VW,context=Main#check:1697,a=4
VW,context=Main#check:1697,b=4
VW,context=Main#check:1697,k=0
VW,context=Main#check:1697,result=(4 - 4)
ME,returner=Main#check:1697,value=(4 - 4)
MC,caller=Main#g:3,target=Main#check:1698
VW,context=Main#check:1698,a=4
VW,context=Main#check:1698,b=4
VW,context=Main#check:1698,k=10
VW,context=Main#check:1698,result=null
ME,returner=Main#check:1698,value=null
VW,context=Main#g:3,i=1
MC,caller=Main#g:3,target=Main#check:1699
VW,context=Main#check:1699,a=4
VW,context=Main#check:1699,b=4
VW,context=Main#check:1699,k=1
VW,context=Main#check:1699,result=null
ME,returner=Main#check:1699,value=null
VW,context=Main#g:3,str1=null
MC,caller=Main#g:3,target=Main#check:1700
VW,context=Main#check:1700,a=4
VW,context=Main#check:1700,b=4
VW,context=Main#check:1700,k=1
VW,context=Main#check:1700,result=null
ME,returner=Main#check:1700,value=null
MC,caller=Main#g:3,target=Main#check:1701
VW,context=Main#check:1701,a=4
VW,context=Main#check:1701,b=4
VW,context=Main#check:1701,k=1
VW,context=Main#check:1701,result=null
ME,returner=Main#check:1701,value=null
MC,caller=Main#g:3,target=Main#check:1702
VW,context=Main#check:1702,a=4
VW,context=Main#check:1702,b=4
VW,context=Main#check:1702,k=1
VW,context=Main#check:1702,result=null
ME,returner=Main#check:1702,value=null
VW,context=Main#g:3,i=2
MC,caller=Main#g:3,target=Main#check:1703
VW,context=Main#check:1703,a=4
VW,context=Main#check:1703,b=4
VW,context=Main#check:1703,k=2
VW,context=Main#check:1703,result=null
ME,returner=Main#check:1703,value=null
MC,caller=Main#g:3,target=Main#check:1704
VW,context=Main#check:1704,a=4
VW,context=Main#check:1704,b=4
VW,context=Main#check:1704,k=2
VW,context=Main#check:1704,result=null
ME,returner=Main#check:1704,value=null
MC,caller=Main#g:3,target=Main#check:1705
VW,context=Main#check:1705,a=4
VW,context=Main#check:1705,b=4
VW,context=Main#check:1705,k=2
VW,context=Main#check:1705,result=null
ME,returner=Main#check:1705,value=null
MC,caller=Main#g:3,target=Main#check:1706
VW,context=Main#check:1706,a=4
VW,context=Main#check:1706,b=4
VW,context=Main#check:1706,k=2
VW,context=Main#check:1706,result=null
ME,returner=Main#check:1706,value=null
VW,context=Main#g:3,i=3
MC,caller=Main#g:3,target=Main#check:1707
VW,context=Main#check:1707,a=4
VW,context=Main#check:1707,b=4
VW,context=Main#check:1707,k=3
VW,context=Main#check:1707,result=null
ME,returner=Main#check:1707,value=null
MC,caller=Main#g:3,target=Main#check:1708
VW,context=Main#check:1708,a=4
VW,context=Main#check:1708,b=4
VW,context=Main#check:1708,k=3
VW,context=Main#check:1708,result=null
ME,returner=Main#check:1708,value=null
MC,caller=Main#g:3,target=Main#check:1709
VW,context=Main#check:1709,a=4
VW,context=Main#check:1709,b=4
VW,context=Main#check:1709,k=3
VW,context=Main#check:1709,result=null
ME,returner=Main#check:1709,value=null
VW,context=Main#g:3,i=4
MC,caller=Main#g:3,target=Main#check:1710
VW,context=Main#check:1710,a=4
VW,context=Main#check:1710,b=4
VW,context=Main#check:1710,k=4
VW,context=Main#check:1710,result=null
ME,returner=Main#check:1710,value=null
MC,caller=Main#g:3,target=Main#check:1711
VW,context=Main#check:1711,a=4
VW,context=Main#check:1711,b=4
VW,context=Main#check:1711,k=4
VW,context=Main#check:1711,result=null
ME,returner=Main#check:1711,value=null
MC,caller=Main#g:3,target=Main#check:1712
VW,context=Main#check:1712,a=4
VW,context=Main#check:1712,b=4
VW,context=Main#check:1712,k=4
VW,context=Main#check:1712,result=null
ME,returner=Main#check:1712,value=null
VW,context=Main#g:3,i=5
MC,caller=Main#g:3,target=Main#check:1713
VW,context=Main#check:1713,a=4
VW,context=Main#check:1713,b=4
VW,context=Main#check:1713,k=5
VW,context=Main#check:1713,result=null
ME,returner=Main#check:1713,value=null
MC,caller=Main#g:3,target=Main#check:1714
VW,context=Main#check:1714,a=4
VW,context=Main#check:1714,b=4
VW,context=Main#check:1714,k=5
VW,context=Main#check:1714,result=null
ME,returner=Main#check:1714,value=null
MC,caller=Main#g:3,target=Main#check:1715
VW,context=Main#check:1715,a=4
VW,context=Main#check:1715,b=4
VW,context=Main#check:1715,k=5
VW,context=Main#check:1715,result=null
ME,returner=Main#check:1715,value=null
MC,caller=Main#g:3,target=Main#check:1716
VW,context=Main#check:1716,a=4
VW,context=Main#check:1716,b=4
VW,context=Main#check:1716,k=5
VW,context=Main#check:1716,result=null
ME,returner=Main#check:1716,value=null
VW,context=Main#g:3,i=6
MC,caller=Main#g:3,target=Main#check:1717
VW,context=Main#check:1717,a=4
VW,context=Main#check:1717,b=4
VW,context=Main#check:1717,k=6
VW,context=Main#check:1717,result=null
ME,returner=Main#check:1717,value=null
MC,caller=Main#g:3,target=Main#check:1718
VW,context=Main#check:1718,a=4
VW,context=Main#check:1718,b=4
VW,context=Main#check:1718,k=6
VW,context=Main#check:1718,result=null
ME,returner=Main#check:1718,value=null
MC,caller=Main#g:3,target=Main#check:1719
VW,context=Main#check:1719,a=4
VW,context=Main#check:1719,b=4
VW,context=Main#check:1719,k=6
VW,context=Main#check:1719,result=null
ME,returner=Main#check:1719,value=null
VW,context=Main#g:3,i=7
MC,caller=Main#g:3,target=Main#check:1720
VW,context=Main#check:1720,a=4
VW,context=Main#check:1720,b=4
VW,context=Main#check:1720,k=7
VW,context=Main#check:1720,result=null
ME,returner=Main#check:1720,value=null
MC,caller=Main#g:3,target=Main#check:1721
VW,context=Main#check:1721,a=4
VW,context=Main#check:1721,b=4
VW,context=Main#check:1721,k=7
VW,context=Main#check:1721,result=null
ME,returner=Main#check:1721,value=null
MC,caller=Main#g:3,target=Main#check:1722
VW,context=Main#check:1722,a=4
VW,context=Main#check:1722,b=4
VW,context=Main#check:1722,k=7
VW,context=Main#check:1722,result=null
ME,returner=Main#check:1722,value=null
VW,context=Main#g:3,i=8
MC,caller=Main#g:3,target=Main#check:1723
VW,context=Main#check:1723,a=4
VW,context=Main#check:1723,b=4
VW,context=Main#check:1723,k=8
VW,context=Main#check:1723,result=(4 + 4)
ME,returner=Main#check:1723,value=(4 + 4)
MC,caller=Main#g:3,target=Main#check:1724
VW,context=Main#check:1724,a=4
VW,context=Main#check:1724,b=4
VW,context=Main#check:1724,k=2
VW,context=Main#check:1724,result=null
ME,returner=Main#check:1724,value=null
VW,context=Main#g:3,str1=(4 + 4)
MC,caller=Main#g:3,target=Main#check:1725
VW,context=Main#check:1725,a=4
VW,context=Main#check:1725,b=4
VW,context=Main#check:1725,k=8
VW,context=Main#check:1725,result=(4 + 4)
ME,returner=Main#check:1725,value=(4 + 4)
MC,caller=Main#g:3,target=Main#check:1726
VW,context=Main#check:1726,a=4
VW,context=Main#check:1726,b=4
VW,context=Main#check:1726,k=-2
VW,context=Main#check:1726,result=null
ME,returner=Main#check:1726,value=null
MC,caller=Main#g:3,target=Main#check:1727
VW,context=Main#check:1727,a=4
VW,context=Main#check:1727,b=4
VW,context=Main#check:1727,k=8
VW,context=Main#check:1727,result=(4 + 4)
ME,returner=Main#check:1727,value=(4 + 4)
MC,caller=Main#g:3,target=Main#check:1728
VW,context=Main#check:1728,a=4
VW,context=Main#check:1728,b=4
VW,context=Main#check:1728,k=18
VW,context=Main#check:1728,result=null
ME,returner=Main#check:1728,value=null
VW,context=Main#g:3,i=9
MC,caller=Main#g:3,target=Main#check:1729
VW,context=Main#check:1729,a=4
VW,context=Main#check:1729,b=4
VW,context=Main#check:1729,k=9
VW,context=Main#check:1729,result=null
ME,returner=Main#check:1729,value=null
VW,context=Main#g:3,str1=null
MC,caller=Main#g:3,target=Main#check:1730
VW,context=Main#check:1730,a=4
VW,context=Main#check:1730,b=4
VW,context=Main#check:1730,k=9
VW,context=Main#check:1730,result=null
ME,returner=Main#check:1730,value=null
MC,caller=Main#g:3,target=Main#check:1731
VW,context=Main#check:1731,a=4
VW,context=Main#check:1731,b=4
VW,context=Main#check:1731,k=9
VW,context=Main#check:1731,result=null
ME,returner=Main#check:1731,value=null
VW,context=Main#g:3,i=10
MC,caller=Main#g:3,target=Main#check:1732
VW,context=Main#check:1732,a=4
VW,context=Main#check:1732,b=4
VW,context=Main#check:1732,k=10
VW,context=Main#check:1732,result=null
ME,returner=Main#check:1732,value=null
MC,caller=Main#g:3,target=Main#check:1733
VW,context=Main#check:1733,a=4
VW,context=Main#check:1733,b=4
VW,context=Main#check:1733,k=10
VW,context=Main#check:1733,result=null
ME,returner=Main#check:1733,value=null
MC,caller=Main#g:3,target=Main#check:1734
VW,context=Main#check:1734,a=4
VW,context=Main#check:1734,b=4
VW,context=Main#check:1734,k=10
VW,context=Main#check:1734,result=null
ME,returner=Main#check:1734,value=null
MC,caller=Main#g:3,target=Main#check:1735
VW,context=Main#check:1735,a=4
VW,context=Main#check:1735,b=4
VW,context=Main#check:1735,k=10
VW,context=Main#check:1735,result=null
ME,returner=Main#check:1735,value=null
VW,context=Main#g:3,i=11
MC,caller=Main#g:3,target=Main#check:1736
VW,context=Main#check:1736,a=4
VW,context=Main#check:1736,b=4
VW,context=Main#check:1736,k=11
VW,context=Main#check:1736,result=null
ME,returner=Main#check:1736,value=null
MC,caller=Main#g:3,target=Main#check:1737
VW,context=Main#check:1737,a=4
VW,context=Main#check:1737,b=4
VW,context=Main#check:1737,k=11
VW,context=Main#check:1737,result=null
ME,returner=Main#check:1737,value=null
MC,caller=Main#g:3,target=Main#check:1738
VW,context=Main#check:1738,a=4
VW,context=Main#check:1738,b=4
VW,context=Main#check:1738,k=11
VW,context=Main#check:1738,result=null
ME,returner=Main#check:1738,value=null
VW,context=Main#g:3,i=12
MC,caller=Main#g:3,target=Main#check:1739
VW,context=Main#check:1739,a=4
VW,context=Main#check:1739,b=4
VW,context=Main#check:1739,k=12
VW,context=Main#check:1739,result=null
ME,returner=Main#check:1739,value=null
MC,caller=Main#g:3,target=Main#check:1740
VW,context=Main#check:1740,a=4
VW,context=Main#check:1740,b=4
VW,context=Main#check:1740,k=12
VW,context=Main#check:1740,result=null
ME,returner=Main#check:1740,value=null
MC,caller=Main#g:3,target=Main#check:1741
VW,context=Main#check:1741,a=4
VW,context=Main#check:1741,b=4
VW,context=Main#check:1741,k=12
VW,context=Main#check:1741,result=null
ME,returner=Main#check:1741,value=null
VW,context=Main#g:3,i=13
MC,caller=Main#g:3,target=Main#check:1742
VW,context=Main#check:1742,a=4
VW,context=Main#check:1742,b=4
VW,context=Main#check:1742,k=13
VW,context=Main#check:1742,result=null
ME,returner=Main#check:1742,value=null
MC,caller=Main#g:3,target=Main#check:1743
VW,context=Main#check:1743,a=4
VW,context=Main#check:1743,b=4
VW,context=Main#check:1743,k=13
VW,context=Main#check:1743,result=null
ME,returner=Main#check:1743,value=null
MC,caller=Main#g:3,target=Main#check:1744
VW,context=Main#check:1744,a=4
VW,context=Main#check:1744,b=4
VW,context=Main#check:1744,k=13
VW,context=Main#check:1744,result=null
ME,returner=Main#check:1744,value=null
VW,context=Main#g:3,i=14
MC,caller=Main#g:3,target=Main#check:1745
VW,context=Main#check:1745,a=4
VW,context=Main#check:1745,b=4
VW,context=Main#check:1745,k=14
VW,context=Main#check:1745,result=null
ME,returner=Main#check:1745,value=null
MC,caller=Main#g:3,target=Main#check:1746
VW,context=Main#check:1746,a=4
VW,context=Main#check:1746,b=4
VW,context=Main#check:1746,k=14
VW,context=Main#check:1746,result=null
ME,returner=Main#check:1746,value=null
MC,caller=Main#g:3,target=Main#check:1747
VW,context=Main#check:1747,a=4
VW,context=Main#check:1747,b=4
VW,context=Main#check:1747,k=14
VW,context=Main#check:1747,result=null
ME,returner=Main#check:1747,value=null
VW,context=Main#g:3,i=15
MC,caller=Main#g:3,target=Main#check:1748
VW,context=Main#check:1748,a=4
VW,context=Main#check:1748,b=4
VW,context=Main#check:1748,k=15
VW,context=Main#check:1748,result=null
ME,returner=Main#check:1748,value=null
MC,caller=Main#g:3,target=Main#check:1749
VW,context=Main#check:1749,a=4
VW,context=Main#check:1749,b=4
VW,context=Main#check:1749,k=15
VW,context=Main#check:1749,result=null
ME,returner=Main#check:1749,value=null
MC,caller=Main#g:3,target=Main#check:1750
VW,context=Main#check:1750,a=4
VW,context=Main#check:1750,b=4
VW,context=Main#check:1750,k=15
VW,context=Main#check:1750,result=null
ME,returner=Main#check:1750,value=null
VW,context=Main#g:3,i=16
MC,caller=Main#g:3,target=Main#check:1751
VW,context=Main#check:1751,a=4
VW,context=Main#check:1751,b=4
VW,context=Main#check:1751,k=16
VW,context=Main#check:1751,result=(4 * 4)
ME,returner=Main#check:1751,value=(4 * 4)
MC,caller=Main#g:3,target=Main#check:1752
VW,context=Main#check:1752,a=4
VW,context=Main#check:1752,b=4
VW,context=Main#check:1752,k=-6
VW,context=Main#check:1752,result=null
ME,returner=Main#check:1752,value=null
VW,context=Main#g:3,str1=(4 * 4)
MC,caller=Main#g:3,target=Main#check:1753
VW,context=Main#check:1753,a=4
VW,context=Main#check:1753,b=4
VW,context=Main#check:1753,k=16
VW,context=Main#check:1753,result=(4 * 4)
ME,returner=Main#check:1753,value=(4 * 4)
MC,caller=Main#g:3,target=Main#check:1754
VW,context=Main#check:1754,a=4
VW,context=Main#check:1754,b=4
VW,context=Main#check:1754,k=6
VW,context=Main#check:1754,result=null
ME,returner=Main#check:1754,value=null
MC,caller=Main#g:3,target=Main#check:1755
VW,context=Main#check:1755,a=4
VW,context=Main#check:1755,b=4
VW,context=Main#check:1755,k=16
VW,context=Main#check:1755,result=(4 * 4)
ME,returner=Main#check:1755,value=(4 * 4)
MC,caller=Main#g:3,target=Main#check:1756
VW,context=Main#check:1756,a=4
VW,context=Main#check:1756,b=4
VW,context=Main#check:1756,k=26
VW,context=Main#check:1756,result=null
ME,returner=Main#check:1756,value=null
VW,context=Main#g:3,i=17
MC,caller=Main#g:3,target=Main#check:1757
VW,context=Main#check:1757,a=4
VW,context=Main#check:1757,b=4
VW,context=Main#check:1757,k=17
VW,context=Main#check:1757,result=null
ME,returner=Main#check:1757,value=null
VW,context=Main#g:3,str1=null
MC,caller=Main#g:3,target=Main#check:1758
VW,context=Main#check:1758,a=4
VW,context=Main#check:1758,b=4
VW,context=Main#check:1758,k=17
VW,context=Main#check:1758,result=null
ME,returner=Main#check:1758,value=null
MC,caller=Main#g:3,target=Main#check:1759
VW,context=Main#check:1759,a=4
VW,context=Main#check:1759,b=4
VW,context=Main#check:1759,k=17
VW,context=Main#check:1759,result=null
ME,returner=Main#check:1759,value=null
VW,context=Main#g:3,i=18
MC,caller=Main#g:3,target=Main#check:1760
VW,context=Main#check:1760,a=4
VW,context=Main#check:1760,b=4
VW,context=Main#check:1760,k=18
VW,context=Main#check:1760,result=null
ME,returner=Main#check:1760,value=null
MC,caller=Main#g:3,target=Main#check:1761
VW,context=Main#check:1761,a=4
VW,context=Main#check:1761,b=4
VW,context=Main#check:1761,k=18
VW,context=Main#check:1761,result=null
ME,returner=Main#check:1761,value=null
MC,caller=Main#g:3,target=Main#check:1762
VW,context=Main#check:1762,a=4
VW,context=Main#check:1762,b=4
VW,context=Main#check:1762,k=18
VW,context=Main#check:1762,result=null
ME,returner=Main#check:1762,value=null
VW,context=Main#g:3,i=19
MC,caller=Main#g:3,target=Main#check:1763
VW,context=Main#check:1763,a=4
VW,context=Main#check:1763,b=4
VW,context=Main#check:1763,k=19
VW,context=Main#check:1763,result=null
ME,returner=Main#check:1763,value=null
MC,caller=Main#g:3,target=Main#check:1764
VW,context=Main#check:1764,a=4
VW,context=Main#check:1764,b=4
VW,context=Main#check:1764,k=19
VW,context=Main#check:1764,result=null
ME,returner=Main#check:1764,value=null
MC,caller=Main#g:3,target=Main#check:1765
VW,context=Main#check:1765,a=4
VW,context=Main#check:1765,b=4
VW,context=Main#check:1765,k=19
VW,context=Main#check:1765,result=null
ME,returner=Main#check:1765,value=null
VW,context=Main#g:3,i=20
MC,caller=Main#g:3,target=Main#check:1766
VW,context=Main#check:1766,a=4
VW,context=Main#check:1766,b=4
VW,context=Main#check:1766,k=20
VW,context=Main#check:1766,result=null
ME,returner=Main#check:1766,value=null
MC,caller=Main#g:3,target=Main#check:1767
VW,context=Main#check:1767,a=4
VW,context=Main#check:1767,b=4
VW,context=Main#check:1767,k=20
VW,context=Main#check:1767,result=null
ME,returner=Main#check:1767,value=null
MC,caller=Main#g:3,target=Main#check:1768
VW,context=Main#check:1768,a=4
VW,context=Main#check:1768,b=4
VW,context=Main#check:1768,k=20
VW,context=Main#check:1768,result=null
ME,returner=Main#check:1768,value=null
VW,context=Main#g:3,i=21
MC,caller=Main#g:3,target=Main#check:1769
VW,context=Main#check:1769,a=4
VW,context=Main#check:1769,b=4
VW,context=Main#check:1769,k=21
VW,context=Main#check:1769,result=null
ME,returner=Main#check:1769,value=null
MC,caller=Main#g:3,target=Main#check:1770
VW,context=Main#check:1770,a=4
VW,context=Main#check:1770,b=4
VW,context=Main#check:1770,k=21
VW,context=Main#check:1770,result=null
ME,returner=Main#check:1770,value=null
MC,caller=Main#g:3,target=Main#check:1771
VW,context=Main#check:1771,a=4
VW,context=Main#check:1771,b=4
VW,context=Main#check:1771,k=21
VW,context=Main#check:1771,result=null
ME,returner=Main#check:1771,value=null
VW,context=Main#g:3,i=22
MC,caller=Main#g:3,target=Main#check:1772
VW,context=Main#check:1772,a=4
VW,context=Main#check:1772,b=4
VW,context=Main#check:1772,k=22
VW,context=Main#check:1772,result=null
ME,returner=Main#check:1772,value=null
MC,caller=Main#g:3,target=Main#check:1773
VW,context=Main#check:1773,a=4
VW,context=Main#check:1773,b=4
VW,context=Main#check:1773,k=22
VW,context=Main#check:1773,result=null
ME,returner=Main#check:1773,value=null
MC,caller=Main#g:3,target=Main#check:1774
VW,context=Main#check:1774,a=4
VW,context=Main#check:1774,b=4
VW,context=Main#check:1774,k=22
VW,context=Main#check:1774,result=null
ME,returner=Main#check:1774,value=null
VW,context=Main#g:3,i=23
MC,caller=Main#g:3,target=Main#check:1775
VW,context=Main#check:1775,a=4
VW,context=Main#check:1775,b=4
VW,context=Main#check:1775,k=23
VW,context=Main#check:1775,result=null
ME,returner=Main#check:1775,value=null
MC,caller=Main#g:3,target=Main#check:1776
VW,context=Main#check:1776,a=4
VW,context=Main#check:1776,b=4
VW,context=Main#check:1776,k=23
VW,context=Main#check:1776,result=null
ME,returner=Main#check:1776,value=null
MC,caller=Main#g:3,target=Main#check:1777
VW,context=Main#check:1777,a=4
VW,context=Main#check:1777,b=4
VW,context=Main#check:1777,k=23
VW,context=Main#check:1777,result=null
ME,returner=Main#check:1777,value=null
VW,context=Main#g:3,i=24
MC,caller=Main#g:3,target=Main#check:1778
VW,context=Main#check:1778,a=4
VW,context=Main#check:1778,b=4
VW,context=Main#check:1778,k=24
VW,context=Main#check:1778,result=null
ME,returner=Main#check:1778,value=null
MC,caller=Main#g:3,target=Main#check:1779
VW,context=Main#check:1779,a=4
VW,context=Main#check:1779,b=4
VW,context=Main#check:1779,k=24
VW,context=Main#check:1779,result=null
ME,returner=Main#check:1779,value=null
MC,caller=Main#g:3,target=Main#check:1780
VW,context=Main#check:1780,a=4
VW,context=Main#check:1780,b=4
VW,context=Main#check:1780,k=24
VW,context=Main#check:1780,result=null
ME,returner=Main#check:1780,value=null
VW,context=Main#g:3,i=25
MC,caller=Main#g:3,target=Main#check:1781
VW,context=Main#check:1781,a=4
VW,context=Main#check:1781,b=4
VW,context=Main#check:1781,k=25
VW,context=Main#check:1781,result=null
ME,returner=Main#check:1781,value=null
MC,caller=Main#g:3,target=Main#check:1782
VW,context=Main#check:1782,a=4
VW,context=Main#check:1782,b=4
VW,context=Main#check:1782,k=25
VW,context=Main#check:1782,result=null
ME,returner=Main#check:1782,value=null
MC,caller=Main#g:3,target=Main#check:1783
VW,context=Main#check:1783,a=4
VW,context=Main#check:1783,b=4
VW,context=Main#check:1783,k=25
VW,context=Main#check:1783,result=null
ME,returner=Main#check:1783,value=null
VW,context=Main#g:3,i=26
MC,caller=Main#g:3,target=Main#check:1784
VW,context=Main#check:1784,a=4
VW,context=Main#check:1784,b=4
VW,context=Main#check:1784,k=26
VW,context=Main#check:1784,result=null
ME,returner=Main#check:1784,value=null
MC,caller=Main#g:3,target=Main#check:1785
VW,context=Main#check:1785,a=4
VW,context=Main#check:1785,b=4
VW,context=Main#check:1785,k=26
VW,context=Main#check:1785,result=null
ME,returner=Main#check:1785,value=null
MC,caller=Main#g:3,target=Main#check:1786
VW,context=Main#check:1786,a=4
VW,context=Main#check:1786,b=4
VW,context=Main#check:1786,k=26
VW,context=Main#check:1786,result=null
ME,returner=Main#check:1786,value=null
VW,context=Main#g:3,i=27
MC,caller=Main#g:3,target=Main#check:1787
VW,context=Main#check:1787,a=4
VW,context=Main#check:1787,b=4
VW,context=Main#check:1787,k=27
VW,context=Main#check:1787,result=null
ME,returner=Main#check:1787,value=null
MC,caller=Main#g:3,target=Main#check:1788
VW,context=Main#check:1788,a=4
VW,context=Main#check:1788,b=4
VW,context=Main#check:1788,k=27
VW,context=Main#check:1788,result=null
ME,returner=Main#check:1788,value=null
MC,caller=Main#g:3,target=Main#check:1789
VW,context=Main#check:1789,a=4
VW,context=Main#check:1789,b=4
VW,context=Main#check:1789,k=27
VW,context=Main#check:1789,result=null
ME,returner=Main#check:1789,value=null
VW,context=Main#g:3,i=28
MC,caller=Main#g:3,target=Main#check:1790
VW,context=Main#check:1790,a=4
VW,context=Main#check:1790,b=4
VW,context=Main#check:1790,k=28
VW,context=Main#check:1790,result=null
ME,returner=Main#check:1790,value=null
MC,caller=Main#g:3,target=Main#check:1791
VW,context=Main#check:1791,a=4
VW,context=Main#check:1791,b=4
VW,context=Main#check:1791,k=28
VW,context=Main#check:1791,result=null
ME,returner=Main#check:1791,value=null
MC,caller=Main#g:3,target=Main#check:1792
VW,context=Main#check:1792,a=4
VW,context=Main#check:1792,b=4
VW,context=Main#check:1792,k=28
VW,context=Main#check:1792,result=null
ME,returner=Main#check:1792,value=null
VW,context=Main#g:3,i=29
MC,caller=Main#g:3,target=Main#check:1793
VW,context=Main#check:1793,a=4
VW,context=Main#check:1793,b=4
VW,context=Main#check:1793,k=29
VW,context=Main#check:1793,result=null
ME,returner=Main#check:1793,value=null
MC,caller=Main#g:3,target=Main#check:1794
VW,context=Main#check:1794,a=4
VW,context=Main#check:1794,b=4
VW,context=Main#check:1794,k=29
VW,context=Main#check:1794,result=null
ME,returner=Main#check:1794,value=null
MC,caller=Main#g:3,target=Main#check:1795
VW,context=Main#check:1795,a=4
VW,context=Main#check:1795,b=4
VW,context=Main#check:1795,k=29
VW,context=Main#check:1795,result=null
ME,returner=Main#check:1795,value=null
VW,context=Main#g:3,i=30
MC,caller=Main#g:3,target=Main#check:1796
VW,context=Main#check:1796,a=4
VW,context=Main#check:1796,b=4
VW,context=Main#check:1796,k=30
VW,context=Main#check:1796,result=null
ME,returner=Main#check:1796,value=null
MC,caller=Main#g:3,target=Main#check:1797
VW,context=Main#check:1797,a=4
VW,context=Main#check:1797,b=4
VW,context=Main#check:1797,k=30
VW,context=Main#check:1797,result=null
ME,returner=Main#check:1797,value=null
MC,caller=Main#g:3,target=Main#check:1798
VW,context=Main#check:1798,a=4
VW,context=Main#check:1798,b=4
VW,context=Main#check:1798,k=30
VW,context=Main#check:1798,result=null
ME,returner=Main#check:1798,value=null
VW,context=Main#g:3,i=31
MC,caller=Main#g:3,target=Main#check:1799
VW,context=Main#check:1799,a=4
VW,context=Main#check:1799,b=4
VW,context=Main#check:1799,k=31
VW,context=Main#check:1799,result=null
ME,returner=Main#check:1799,value=null
MC,caller=Main#g:3,target=Main#check:1800
VW,context=Main#check:1800,a=4
VW,context=Main#check:1800,b=4
VW,context=Main#check:1800,k=31
VW,context=Main#check:1800,result=null
ME,returner=Main#check:1800,value=null
MC,caller=Main#g:3,target=Main#check:1801
VW,context=Main#check:1801,a=4
VW,context=Main#check:1801,b=4
VW,context=Main#check:1801,k=31
VW,context=Main#check:1801,result=null
ME,returner=Main#check:1801,value=null
VW,context=Main#g:3,i=32
MC,caller=Main#g:3,target=Main#check:1802
VW,context=Main#check:1802,a=4
VW,context=Main#check:1802,b=4
VW,context=Main#check:1802,k=32
VW,context=Main#check:1802,result=null
ME,returner=Main#check:1802,value=null
MC,caller=Main#g:3,target=Main#check:1803
VW,context=Main#check:1803,a=4
VW,context=Main#check:1803,b=4
VW,context=Main#check:1803,k=32
VW,context=Main#check:1803,result=null
ME,returner=Main#check:1803,value=null
MC,caller=Main#g:3,target=Main#check:1804
VW,context=Main#check:1804,a=4
VW,context=Main#check:1804,b=4
VW,context=Main#check:1804,k=32
VW,context=Main#check:1804,result=null
ME,returner=Main#check:1804,value=null
VW,context=Main#g:3,i=33
MC,caller=Main#g:3,target=Main#check:1805
VW,context=Main#check:1805,a=4
VW,context=Main#check:1805,b=4
VW,context=Main#check:1805,k=33
VW,context=Main#check:1805,result=null
ME,returner=Main#check:1805,value=null
MC,caller=Main#g:3,target=Main#check:1806
VW,context=Main#check:1806,a=4
VW,context=Main#check:1806,b=4
VW,context=Main#check:1806,k=33
VW,context=Main#check:1806,result=null
ME,returner=Main#check:1806,value=null
MC,caller=Main#g:3,target=Main#check:1807
VW,context=Main#check:1807,a=4
VW,context=Main#check:1807,b=4
VW,context=Main#check:1807,k=33
VW,context=Main#check:1807,result=null
ME,returner=Main#check:1807,value=null
VW,context=Main#g:3,i=34
MC,caller=Main#g:3,target=Main#check:1808
VW,context=Main#check:1808,a=4
VW,context=Main#check:1808,b=4
VW,context=Main#check:1808,k=34
VW,context=Main#check:1808,result=null
ME,returner=Main#check:1808,value=null
MC,caller=Main#g:3,target=Main#check:1809
VW,context=Main#check:1809,a=4
VW,context=Main#check:1809,b=4
VW,context=Main#check:1809,k=34
VW,context=Main#check:1809,result=null
ME,returner=Main#check:1809,value=null
MC,caller=Main#g:3,target=Main#check:1810
VW,context=Main#check:1810,a=4
VW,context=Main#check:1810,b=4
VW,context=Main#check:1810,k=34
VW,context=Main#check:1810,result=null
ME,returner=Main#check:1810,value=null
VW,context=Main#g:3,i=35
MC,caller=Main#g:3,target=Main#check:1811
VW,context=Main#check:1811,a=4
VW,context=Main#check:1811,b=4
VW,context=Main#check:1811,k=35
VW,context=Main#check:1811,result=null
ME,returner=Main#check:1811,value=null
MC,caller=Main#g:3,target=Main#check:1812
VW,context=Main#check:1812,a=4
VW,context=Main#check:1812,b=4
VW,context=Main#check:1812,k=35
VW,context=Main#check:1812,result=null
ME,returner=Main#check:1812,value=null
MC,caller=Main#g:3,target=Main#check:1813
VW,context=Main#check:1813,a=4
VW,context=Main#check:1813,b=4
VW,context=Main#check:1813,k=35
VW,context=Main#check:1813,result=null
ME,returner=Main#check:1813,value=null
VW,context=Main#g:3,i=36
MC,caller=Main#g:3,target=Main#check:1814
VW,context=Main#check:1814,a=4
VW,context=Main#check:1814,b=4
VW,context=Main#check:1814,k=36
VW,context=Main#check:1814,result=null
ME,returner=Main#check:1814,value=null
MC,caller=Main#g:3,target=Main#check:1815
VW,context=Main#check:1815,a=4
VW,context=Main#check:1815,b=4
VW,context=Main#check:1815,k=36
VW,context=Main#check:1815,result=null
ME,returner=Main#check:1815,value=null
MC,caller=Main#g:3,target=Main#check:1816
VW,context=Main#check:1816,a=4
VW,context=Main#check:1816,b=4
VW,context=Main#check:1816,k=36
VW,context=Main#check:1816,result=null
ME,returner=Main#check:1816,value=null
VW,context=Main#g:3,i=37
MC,caller=Main#g:3,target=Main#check:1817
VW,context=Main#check:1817,a=4
VW,context=Main#check:1817,b=4
VW,context=Main#check:1817,k=37
VW,context=Main#check:1817,result=null
ME,returner=Main#check:1817,value=null
MC,caller=Main#g:3,target=Main#check:1818
VW,context=Main#check:1818,a=4
VW,context=Main#check:1818,b=4
VW,context=Main#check:1818,k=37
VW,context=Main#check:1818,result=null
ME,returner=Main#check:1818,value=null
MC,caller=Main#g:3,target=Main#check:1819
VW,context=Main#check:1819,a=4
VW,context=Main#check:1819,b=4
VW,context=Main#check:1819,k=37
VW,context=Main#check:1819,result=null
ME,returner=Main#check:1819,value=null
VW,context=Main#g:3,i=38
MC,caller=Main#g:3,target=Main#check:1820
VW,context=Main#check:1820,a=4
VW,context=Main#check:1820,b=4
VW,context=Main#check:1820,k=38
VW,context=Main#check:1820,result=null
ME,returner=Main#check:1820,value=null
MC,caller=Main#g:3,target=Main#check:1821
VW,context=Main#check:1821,a=4
VW,context=Main#check:1821,b=4
VW,context=Main#check:1821,k=38
VW,context=Main#check:1821,result=null
ME,returner=Main#check:1821,value=null
MC,caller=Main#g:3,target=Main#check:1822
VW,context=Main#check:1822,a=4
VW,context=Main#check:1822,b=4
VW,context=Main#check:1822,k=38
VW,context=Main#check:1822,result=null
ME,returner=Main#check:1822,value=null
VW,context=Main#g:3,i=39
MC,caller=Main#g:3,target=Main#check:1823
VW,context=Main#check:1823,a=4
VW,context=Main#check:1823,b=4
VW,context=Main#check:1823,k=39
VW,context=Main#check:1823,result=null
ME,returner=Main#check:1823,value=null
MC,caller=Main#g:3,target=Main#check:1824
VW,context=Main#check:1824,a=4
VW,context=Main#check:1824,b=4
VW,context=Main#check:1824,k=39
VW,context=Main#check:1824,result=null
ME,returner=Main#check:1824,value=null
MC,caller=Main#g:3,target=Main#check:1825
VW,context=Main#check:1825,a=4
VW,context=Main#check:1825,b=4
VW,context=Main#check:1825,k=39
VW,context=Main#check:1825,result=null
ME,returner=Main#check:1825,value=null
VW,context=Main#g:3,i=40
MC,caller=Main#g:3,target=Main#check:1826
VW,context=Main#check:1826,a=4
VW,context=Main#check:1826,b=4
VW,context=Main#check:1826,k=40
VW,context=Main#check:1826,result=null
ME,returner=Main#check:1826,value=null
MC,caller=Main#g:3,target=Main#check:1827
VW,context=Main#check:1827,a=4
VW,context=Main#check:1827,b=4
VW,context=Main#check:1827,k=40
VW,context=Main#check:1827,result=null
ME,returner=Main#check:1827,value=null
MC,caller=Main#g:3,target=Main#check:1828
VW,context=Main#check:1828,a=4
VW,context=Main#check:1828,b=4
VW,context=Main#check:1828,k=40
VW,context=Main#check:1828,result=null
ME,returner=Main#check:1828,value=null
VW,context=Main#g:3,i=41
MC,caller=Main#g:3,target=Main#check:1829
VW,context=Main#check:1829,a=4
VW,context=Main#check:1829,b=4
VW,context=Main#check:1829,k=41
VW,context=Main#check:1829,result=null
ME,returner=Main#check:1829,value=null
MC,caller=Main#g:3,target=Main#check:1830
VW,context=Main#check:1830,a=4
VW,context=Main#check:1830,b=4
VW,context=Main#check:1830,k=41
VW,context=Main#check:1830,result=null
ME,returner=Main#check:1830,value=null
MC,caller=Main#g:3,target=Main#check:1831
VW,context=Main#check:1831,a=4
VW,context=Main#check:1831,b=4
VW,context=Main#check:1831,k=41
VW,context=Main#check:1831,result=null
ME,returner=Main#check:1831,value=null
VW,context=Main#g:3,i=42
MC,caller=Main#g:3,target=Main#check:1832
VW,context=Main#check:1832,a=4
VW,context=Main#check:1832,b=4
VW,context=Main#check:1832,k=42
VW,context=Main#check:1832,result=null
ME,returner=Main#check:1832,value=null
MC,caller=Main#g:3,target=Main#check:1833
VW,context=Main#check:1833,a=4
VW,context=Main#check:1833,b=4
VW,context=Main#check:1833,k=42
VW,context=Main#check:1833,result=null
ME,returner=Main#check:1833,value=null
MC,caller=Main#g:3,target=Main#check:1834
VW,context=Main#check:1834,a=4
VW,context=Main#check:1834,b=4
VW,context=Main#check:1834,k=42
VW,context=Main#check:1834,result=null
ME,returner=Main#check:1834,value=null
VW,context=Main#g:3,i=43
MC,caller=Main#g:3,target=Main#check:1835
VW,context=Main#check:1835,a=4
VW,context=Main#check:1835,b=4
VW,context=Main#check:1835,k=43
VW,context=Main#check:1835,result=null
ME,returner=Main#check:1835,value=null
MC,caller=Main#g:3,target=Main#check:1836
VW,context=Main#check:1836,a=4
VW,context=Main#check:1836,b=4
VW,context=Main#check:1836,k=43
VW,context=Main#check:1836,result=null
ME,returner=Main#check:1836,value=null
MC,caller=Main#g:3,target=Main#check:1837
VW,context=Main#check:1837,a=4
VW,context=Main#check:1837,b=4
VW,context=Main#check:1837,k=43
VW,context=Main#check:1837,result=null
ME,returner=Main#check:1837,value=null
VW,context=Main#g:3,i=44
MC,caller=Main#g:3,target=Main#check:1838
VW,context=Main#check:1838,a=4
VW,context=Main#check:1838,b=4
VW,context=Main#check:1838,k=44
VW,context=Main#check:1838,result=null
ME,returner=Main#check:1838,value=null
MC,caller=Main#g:3,target=Main#check:1839
VW,context=Main#check:1839,a=4
VW,context=Main#check:1839,b=4
VW,context=Main#check:1839,k=44
VW,context=Main#check:1839,result=null
ME,returner=Main#check:1839,value=null
MC,caller=Main#g:3,target=Main#check:1840
VW,context=Main#check:1840,a=4
VW,context=Main#check:1840,b=4
VW,context=Main#check:1840,k=44
VW,context=Main#check:1840,result=null
ME,returner=Main#check:1840,value=null
VW,context=Main#g:3,i=45
MC,caller=Main#g:3,target=Main#check:1841
VW,context=Main#check:1841,a=4
VW,context=Main#check:1841,b=4
VW,context=Main#check:1841,k=45
VW,context=Main#check:1841,result=null
ME,returner=Main#check:1841,value=null
MC,caller=Main#g:3,target=Main#check:1842
VW,context=Main#check:1842,a=4
VW,context=Main#check:1842,b=4
VW,context=Main#check:1842,k=45
VW,context=Main#check:1842,result=null
ME,returner=Main#check:1842,value=null
MC,caller=Main#g:3,target=Main#check:1843
VW,context=Main#check:1843,a=4
VW,context=Main#check:1843,b=4
VW,context=Main#check:1843,k=45
VW,context=Main#check:1843,result=null
ME,returner=Main#check:1843,value=null
VW,context=Main#g:3,i=46
MC,caller=Main#g:3,target=Main#check:1844
VW,context=Main#check:1844,a=4
VW,context=Main#check:1844,b=4
VW,context=Main#check:1844,k=46
VW,context=Main#check:1844,result=null
ME,returner=Main#check:1844,value=null
MC,caller=Main#g:3,target=Main#check:1845
VW,context=Main#check:1845,a=4
VW,context=Main#check:1845,b=4
VW,context=Main#check:1845,k=46
VW,context=Main#check:1845,result=null
ME,returner=Main#check:1845,value=null
MC,caller=Main#g:3,target=Main#check:1846
VW,context=Main#check:1846,a=4
VW,context=Main#check:1846,b=4
VW,context=Main#check:1846,k=46
VW,context=Main#check:1846,result=null
ME,returner=Main#check:1846,value=null
VW,context=Main#g:3,i=47
MC,caller=Main#g:3,target=Main#check:1847
VW,context=Main#check:1847,a=4
VW,context=Main#check:1847,b=4
VW,context=Main#check:1847,k=47
VW,context=Main#check:1847,result=null
ME,returner=Main#check:1847,value=null
MC,caller=Main#g:3,target=Main#check:1848
VW,context=Main#check:1848,a=4
VW,context=Main#check:1848,b=4
VW,context=Main#check:1848,k=47
VW,context=Main#check:1848,result=null
ME,returner=Main#check:1848,value=null
MC,caller=Main#g:3,target=Main#check:1849
VW,context=Main#check:1849,a=4
VW,context=Main#check:1849,b=4
VW,context=Main#check:1849,k=47
VW,context=Main#check:1849,result=null
ME,returner=Main#check:1849,value=null
VW,context=Main#g:3,i=48
MC,caller=Main#g:3,target=Main#check:1850
VW,context=Main#check:1850,a=4
VW,context=Main#check:1850,b=4
VW,context=Main#check:1850,k=48
VW,context=Main#check:1850,result=null
ME,returner=Main#check:1850,value=null
MC,caller=Main#g:3,target=Main#check:1851
VW,context=Main#check:1851,a=4
VW,context=Main#check:1851,b=4
VW,context=Main#check:1851,k=48
VW,context=Main#check:1851,result=null
ME,returner=Main#check:1851,value=null
MC,caller=Main#g:3,target=Main#check:1852
VW,context=Main#check:1852,a=4
VW,context=Main#check:1852,b=4
VW,context=Main#check:1852,k=48
VW,context=Main#check:1852,result=null
ME,returner=Main#check:1852,value=null
VW,context=Main#g:3,i=49
MC,caller=Main#g:3,target=Main#check:1853
VW,context=Main#check:1853,a=4
VW,context=Main#check:1853,b=4
VW,context=Main#check:1853,k=49
VW,context=Main#check:1853,result=null
ME,returner=Main#check:1853,value=null
MC,caller=Main#g:3,target=Main#check:1854
VW,context=Main#check:1854,a=4
VW,context=Main#check:1854,b=4
VW,context=Main#check:1854,k=49
VW,context=Main#check:1854,result=null
ME,returner=Main#check:1854,value=null
MC,caller=Main#g:3,target=Main#check:1855
VW,context=Main#check:1855,a=4
VW,context=Main#check:1855,b=4
VW,context=Main#check:1855,k=49
VW,context=Main#check:1855,result=null
ME,returner=Main#check:1855,value=null
VW,context=Main#g:3,i=50
MC,caller=Main#g:3,target=Main#check:1856
VW,context=Main#check:1856,a=4
VW,context=Main#check:1856,b=4
VW,context=Main#check:1856,k=50
VW,context=Main#check:1856,result=null
ME,returner=Main#check:1856,value=null
MC,caller=Main#g:3,target=Main#check:1857
VW,context=Main#check:1857,a=4
VW,context=Main#check:1857,b=4
VW,context=Main#check:1857,k=50
VW,context=Main#check:1857,result=null
ME,returner=Main#check:1857,value=null
MC,caller=Main#g:3,target=Main#check:1858
VW,context=Main#check:1858,a=4
VW,context=Main#check:1858,b=4
VW,context=Main#check:1858,k=50
VW,context=Main#check:1858,result=null
ME,returner=Main#check:1858,value=null
VW,context=Main#g:3,i=51
MC,caller=Main#g:3,target=Main#check:1859
VW,context=Main#check:1859,a=4
VW,context=Main#check:1859,b=4
VW,context=Main#check:1859,k=51
VW,context=Main#check:1859,result=null
ME,returner=Main#check:1859,value=null
MC,caller=Main#g:3,target=Main#check:1860
VW,context=Main#check:1860,a=4
VW,context=Main#check:1860,b=4
VW,context=Main#check:1860,k=51
VW,context=Main#check:1860,result=null
ME,returner=Main#check:1860,value=null
MC,caller=Main#g:3,target=Main#check:1861
VW,context=Main#check:1861,a=4
VW,context=Main#check:1861,b=4
VW,context=Main#check:1861,k=51
VW,context=Main#check:1861,result=null
ME,returner=Main#check:1861,value=null
VW,context=Main#g:3,i=52
MC,caller=Main#g:3,target=Main#check:1862
VW,context=Main#check:1862,a=4
VW,context=Main#check:1862,b=4
VW,context=Main#check:1862,k=52
VW,context=Main#check:1862,result=null
ME,returner=Main#check:1862,value=null
MC,caller=Main#g:3,target=Main#check:1863
VW,context=Main#check:1863,a=4
VW,context=Main#check:1863,b=4
VW,context=Main#check:1863,k=52
VW,context=Main#check:1863,result=null
ME,returner=Main#check:1863,value=null
MC,caller=Main#g:3,target=Main#check:1864
VW,context=Main#check:1864,a=4
VW,context=Main#check:1864,b=4
VW,context=Main#check:1864,k=52
VW,context=Main#check:1864,result=null
ME,returner=Main#check:1864,value=null
VW,context=Main#g:3,i=53
MC,caller=Main#g:3,target=Main#check:1865
VW,context=Main#check:1865,a=4
VW,context=Main#check:1865,b=4
VW,context=Main#check:1865,k=53
VW,context=Main#check:1865,result=null
ME,returner=Main#check:1865,value=null
MC,caller=Main#g:3,target=Main#check:1866
VW,context=Main#check:1866,a=4
VW,context=Main#check:1866,b=4
VW,context=Main#check:1866,k=53
VW,context=Main#check:1866,result=null
ME,returner=Main#check:1866,value=null
MC,caller=Main#g:3,target=Main#check:1867
VW,context=Main#check:1867,a=4
VW,context=Main#check:1867,b=4
VW,context=Main#check:1867,k=53
VW,context=Main#check:1867,result=null
ME,returner=Main#check:1867,value=null
VW,context=Main#g:3,i=54
MC,caller=Main#g:3,target=Main#check:1868
VW,context=Main#check:1868,a=4
VW,context=Main#check:1868,b=4
VW,context=Main#check:1868,k=54
VW,context=Main#check:1868,result=null
ME,returner=Main#check:1868,value=null
MC,caller=Main#g:3,target=Main#check:1869
VW,context=Main#check:1869,a=4
VW,context=Main#check:1869,b=4
VW,context=Main#check:1869,k=54
VW,context=Main#check:1869,result=null
ME,returner=Main#check:1869,value=null
MC,caller=Main#g:3,target=Main#check:1870
VW,context=Main#check:1870,a=4
VW,context=Main#check:1870,b=4
VW,context=Main#check:1870,k=54
VW,context=Main#check:1870,result=null
ME,returner=Main#check:1870,value=null
VW,context=Main#g:3,i=55
MC,caller=Main#g:3,target=Main#check:1871
VW,context=Main#check:1871,a=4
VW,context=Main#check:1871,b=4
VW,context=Main#check:1871,k=55
VW,context=Main#check:1871,result=null
ME,returner=Main#check:1871,value=null
MC,caller=Main#g:3,target=Main#check:1872
VW,context=Main#check:1872,a=4
VW,context=Main#check:1872,b=4
VW,context=Main#check:1872,k=55
VW,context=Main#check:1872,result=null
ME,returner=Main#check:1872,value=null
MC,caller=Main#g:3,target=Main#check:1873
VW,context=Main#check:1873,a=4
VW,context=Main#check:1873,b=4
VW,context=Main#check:1873,k=55
VW,context=Main#check:1873,result=null
ME,returner=Main#check:1873,value=null
VW,context=Main#g:3,i=56
MC,caller=Main#g:3,target=Main#check:1874
VW,context=Main#check:1874,a=4
VW,context=Main#check:1874,b=4
VW,context=Main#check:1874,k=56
VW,context=Main#check:1874,result=null
ME,returner=Main#check:1874,value=null
MC,caller=Main#g:3,target=Main#check:1875
VW,context=Main#check:1875,a=4
VW,context=Main#check:1875,b=4
VW,context=Main#check:1875,k=56
VW,context=Main#check:1875,result=null
ME,returner=Main#check:1875,value=null
MC,caller=Main#g:3,target=Main#check:1876
VW,context=Main#check:1876,a=4
VW,context=Main#check:1876,b=4
VW,context=Main#check:1876,k=56
VW,context=Main#check:1876,result=null
ME,returner=Main#check:1876,value=null
VW,context=Main#g:3,i=57
MC,caller=Main#g:3,target=Main#check:1877
VW,context=Main#check:1877,a=4
VW,context=Main#check:1877,b=4
VW,context=Main#check:1877,k=57
VW,context=Main#check:1877,result=null
ME,returner=Main#check:1877,value=null
MC,caller=Main#g:3,target=Main#check:1878
VW,context=Main#check:1878,a=4
VW,context=Main#check:1878,b=4
VW,context=Main#check:1878,k=57
VW,context=Main#check:1878,result=null
ME,returner=Main#check:1878,value=null
MC,caller=Main#g:3,target=Main#check:1879
VW,context=Main#check:1879,a=4
VW,context=Main#check:1879,b=4
VW,context=Main#check:1879,k=57
VW,context=Main#check:1879,result=null
ME,returner=Main#check:1879,value=null
VW,context=Main#g:3,i=58
MC,caller=Main#g:3,target=Main#check:1880
VW,context=Main#check:1880,a=4
VW,context=Main#check:1880,b=4
VW,context=Main#check:1880,k=58
VW,context=Main#check:1880,result=null
ME,returner=Main#check:1880,value=null
MC,caller=Main#g:3,target=Main#check:1881
VW,context=Main#check:1881,a=4
VW,context=Main#check:1881,b=4
VW,context=Main#check:1881,k=58
VW,context=Main#check:1881,result=null
ME,returner=Main#check:1881,value=null
MC,caller=Main#g:3,target=Main#check:1882
VW,context=Main#check:1882,a=4
VW,context=Main#check:1882,b=4
VW,context=Main#check:1882,k=58
VW,context=Main#check:1882,result=null
ME,returner=Main#check:1882,value=null
VW,context=Main#g:3,i=59
MC,caller=Main#g:3,target=Main#check:1883
VW,context=Main#check:1883,a=4
VW,context=Main#check:1883,b=4
VW,context=Main#check:1883,k=59
VW,context=Main#check:1883,result=null
ME,returner=Main#check:1883,value=null
MC,caller=Main#g:3,target=Main#check:1884
VW,context=Main#check:1884,a=4
VW,context=Main#check:1884,b=4
VW,context=Main#check:1884,k=59
VW,context=Main#check:1884,result=null
ME,returner=Main#check:1884,value=null
MC,caller=Main#g:3,target=Main#check:1885
VW,context=Main#check:1885,a=4
VW,context=Main#check:1885,b=4
VW,context=Main#check:1885,k=59
VW,context=Main#check:1885,result=null
ME,returner=Main#check:1885,value=null
VW,context=Main#g:3,i=60
MC,caller=Main#g:3,target=Main#check:1886
VW,context=Main#check:1886,a=4
VW,context=Main#check:1886,b=4
VW,context=Main#check:1886,k=60
VW,context=Main#check:1886,result=null
ME,returner=Main#check:1886,value=null
MC,caller=Main#g:3,target=Main#check:1887
VW,context=Main#check:1887,a=4
VW,context=Main#check:1887,b=4
VW,context=Main#check:1887,k=60
VW,context=Main#check:1887,result=null
ME,returner=Main#check:1887,value=null
MC,caller=Main#g:3,target=Main#check:1888
VW,context=Main#check:1888,a=4
VW,context=Main#check:1888,b=4
VW,context=Main#check:1888,k=60
VW,context=Main#check:1888,result=null
ME,returner=Main#check:1888,value=null
VW,context=Main#g:3,i=61
MC,caller=Main#g:3,target=Main#check:1889
VW,context=Main#check:1889,a=4
VW,context=Main#check:1889,b=4
VW,context=Main#check:1889,k=61
VW,context=Main#check:1889,result=null
ME,returner=Main#check:1889,value=null
MC,caller=Main#g:3,target=Main#check:1890
VW,context=Main#check:1890,a=4
VW,context=Main#check:1890,b=4
VW,context=Main#check:1890,k=61
VW,context=Main#check:1890,result=null
ME,returner=Main#check:1890,value=null
MC,caller=Main#g:3,target=Main#check:1891
VW,context=Main#check:1891,a=4
VW,context=Main#check:1891,b=4
VW,context=Main#check:1891,k=61
VW,context=Main#check:1891,result=null
ME,returner=Main#check:1891,value=null
VW,context=Main#g:3,i=62
MC,caller=Main#g:3,target=Main#check:1892
VW,context=Main#check:1892,a=4
VW,context=Main#check:1892,b=4
VW,context=Main#check:1892,k=62
VW,context=Main#check:1892,result=null
ME,returner=Main#check:1892,value=null
MC,caller=Main#g:3,target=Main#check:1893
VW,context=Main#check:1893,a=4
VW,context=Main#check:1893,b=4
VW,context=Main#check:1893,k=62
VW,context=Main#check:1893,result=null
ME,returner=Main#check:1893,value=null
MC,caller=Main#g:3,target=Main#check:1894
VW,context=Main#check:1894,a=4
VW,context=Main#check:1894,b=4
VW,context=Main#check:1894,k=62
VW,context=Main#check:1894,result=null
ME,returner=Main#check:1894,value=null
VW,context=Main#g:3,i=63
MC,caller=Main#g:3,target=Main#check:1895
VW,context=Main#check:1895,a=4
VW,context=Main#check:1895,b=4
VW,context=Main#check:1895,k=63
VW,context=Main#check:1895,result=null
ME,returner=Main#check:1895,value=null
MC,caller=Main#g:3,target=Main#check:1896
VW,context=Main#check:1896,a=4
VW,context=Main#check:1896,b=4
VW,context=Main#check:1896,k=63
VW,context=Main#check:1896,result=null
ME,returner=Main#check:1896,value=null
MC,caller=Main#g:3,target=Main#check:1897
VW,context=Main#check:1897,a=4
VW,context=Main#check:1897,b=4
VW,context=Main#check:1897,k=63
VW,context=Main#check:1897,result=null
ME,returner=Main#check:1897,value=null
VW,context=Main#g:3,i=64
MC,caller=Main#g:3,target=Main#check:1898
VW,context=Main#check:1898,a=4
VW,context=Main#check:1898,b=4
VW,context=Main#check:1898,k=64
VW,context=Main#check:1898,result=null
ME,returner=Main#check:1898,value=null
MC,caller=Main#g:3,target=Main#check:1899
VW,context=Main#check:1899,a=4
VW,context=Main#check:1899,b=4
VW,context=Main#check:1899,k=64
VW,context=Main#check:1899,result=null
ME,returner=Main#check:1899,value=null
MC,caller=Main#g:3,target=Main#check:1900
VW,context=Main#check:1900,a=4
VW,context=Main#check:1900,b=4
VW,context=Main#check:1900,k=64
VW,context=Main#check:1900,result=null
ME,returner=Main#check:1900,value=null
VW,context=Main#g:3,i=65
MC,caller=Main#g:3,target=Main#check:1901
VW,context=Main#check:1901,a=4
VW,context=Main#check:1901,b=4
VW,context=Main#check:1901,k=65
VW,context=Main#check:1901,result=null
ME,returner=Main#check:1901,value=null
MC,caller=Main#g:3,target=Main#check:1902
VW,context=Main#check:1902,a=4
VW,context=Main#check:1902,b=4
VW,context=Main#check:1902,k=65
VW,context=Main#check:1902,result=null
ME,returner=Main#check:1902,value=null
MC,caller=Main#g:3,target=Main#check:1903
VW,context=Main#check:1903,a=4
VW,context=Main#check:1903,b=4
VW,context=Main#check:1903,k=65
VW,context=Main#check:1903,result=null
ME,returner=Main#check:1903,value=null
VW,context=Main#g:3,i=66
MC,caller=Main#g:3,target=Main#check:1904
VW,context=Main#check:1904,a=4
VW,context=Main#check:1904,b=4
VW,context=Main#check:1904,k=66
VW,context=Main#check:1904,result=null
ME,returner=Main#check:1904,value=null
MC,caller=Main#g:3,target=Main#check:1905
VW,context=Main#check:1905,a=4
VW,context=Main#check:1905,b=4
VW,context=Main#check:1905,k=66
VW,context=Main#check:1905,result=null
ME,returner=Main#check:1905,value=null
MC,caller=Main#g:3,target=Main#check:1906
VW,context=Main#check:1906,a=4
VW,context=Main#check:1906,b=4
VW,context=Main#check:1906,k=66
VW,context=Main#check:1906,result=null
ME,returner=Main#check:1906,value=null
VW,context=Main#g:3,i=67
MC,caller=Main#g:3,target=Main#check:1907
VW,context=Main#check:1907,a=4
VW,context=Main#check:1907,b=4
VW,context=Main#check:1907,k=67
VW,context=Main#check:1907,result=null
ME,returner=Main#check:1907,value=null
MC,caller=Main#g:3,target=Main#check:1908
VW,context=Main#check:1908,a=4
VW,context=Main#check:1908,b=4
VW,context=Main#check:1908,k=67
VW,context=Main#check:1908,result=null
ME,returner=Main#check:1908,value=null
MC,caller=Main#g:3,target=Main#check:1909
VW,context=Main#check:1909,a=4
VW,context=Main#check:1909,b=4
VW,context=Main#check:1909,k=67
VW,context=Main#check:1909,result=null
ME,returner=Main#check:1909,value=null
VW,context=Main#g:3,i=68
MC,caller=Main#g:3,target=Main#check:1910
VW,context=Main#check:1910,a=4
VW,context=Main#check:1910,b=4
VW,context=Main#check:1910,k=68
VW,context=Main#check:1910,result=null
ME,returner=Main#check:1910,value=null
MC,caller=Main#g:3,target=Main#check:1911
VW,context=Main#check:1911,a=4
VW,context=Main#check:1911,b=4
VW,context=Main#check:1911,k=68
VW,context=Main#check:1911,result=null
ME,returner=Main#check:1911,value=null
MC,caller=Main#g:3,target=Main#check:1912
VW,context=Main#check:1912,a=4
VW,context=Main#check:1912,b=4
VW,context=Main#check:1912,k=68
VW,context=Main#check:1912,result=null
ME,returner=Main#check:1912,value=null
VW,context=Main#g:3,i=69
MC,caller=Main#g:3,target=Main#check:1913
VW,context=Main#check:1913,a=4
VW,context=Main#check:1913,b=4
VW,context=Main#check:1913,k=69
VW,context=Main#check:1913,result=null
ME,returner=Main#check:1913,value=null
MC,caller=Main#g:3,target=Main#check:1914
VW,context=Main#check:1914,a=4
VW,context=Main#check:1914,b=4
VW,context=Main#check:1914,k=69
VW,context=Main#check:1914,result=null
ME,returner=Main#check:1914,value=null
MC,caller=Main#g:3,target=Main#check:1915
VW,context=Main#check:1915,a=4
VW,context=Main#check:1915,b=4
VW,context=Main#check:1915,k=69
VW,context=Main#check:1915,result=null
ME,returner=Main#check:1915,value=null
VW,context=Main#g:3,i=70
MC,caller=Main#g:3,target=Main#check:1916
VW,context=Main#check:1916,a=4
VW,context=Main#check:1916,b=4
VW,context=Main#check:1916,k=70
VW,context=Main#check:1916,result=null
ME,returner=Main#check:1916,value=null
MC,caller=Main#g:3,target=Main#check:1917
VW,context=Main#check:1917,a=4
VW,context=Main#check:1917,b=4
VW,context=Main#check:1917,k=70
VW,context=Main#check:1917,result=null
ME,returner=Main#check:1917,value=null
MC,caller=Main#g:3,target=Main#check:1918
VW,context=Main#check:1918,a=4
VW,context=Main#check:1918,b=4
VW,context=Main#check:1918,k=70
VW,context=Main#check:1918,result=null
ME,returner=Main#check:1918,value=null
VW,context=Main#g:3,i=71
MC,caller=Main#g:3,target=Main#check:1919
VW,context=Main#check:1919,a=4
VW,context=Main#check:1919,b=4
VW,context=Main#check:1919,k=71
VW,context=Main#check:1919,result=null
ME,returner=Main#check:1919,value=null
MC,caller=Main#g:3,target=Main#check:1920
VW,context=Main#check:1920,a=4
VW,context=Main#check:1920,b=4
VW,context=Main#check:1920,k=71
VW,context=Main#check:1920,result=null
ME,returner=Main#check:1920,value=null
MC,caller=Main#g:3,target=Main#check:1921
VW,context=Main#check:1921,a=4
VW,context=Main#check:1921,b=4
VW,context=Main#check:1921,k=71
VW,context=Main#check:1921,result=null
ME,returner=Main#check:1921,value=null
VW,context=Main#g:3,i=72
MC,caller=Main#g:3,target=Main#check:1922
VW,context=Main#check:1922,a=4
VW,context=Main#check:1922,b=4
VW,context=Main#check:1922,k=72
VW,context=Main#check:1922,result=null
ME,returner=Main#check:1922,value=null
MC,caller=Main#g:3,target=Main#check:1923
VW,context=Main#check:1923,a=4
VW,context=Main#check:1923,b=4
VW,context=Main#check:1923,k=72
VW,context=Main#check:1923,result=null
ME,returner=Main#check:1923,value=null
MC,caller=Main#g:3,target=Main#check:1924
VW,context=Main#check:1924,a=4
VW,context=Main#check:1924,b=4
VW,context=Main#check:1924,k=72
VW,context=Main#check:1924,result=null
ME,returner=Main#check:1924,value=null
VW,context=Main#g:3,i=73
MC,caller=Main#g:3,target=Main#check:1925
VW,context=Main#check:1925,a=4
VW,context=Main#check:1925,b=4
VW,context=Main#check:1925,k=73
VW,context=Main#check:1925,result=null
ME,returner=Main#check:1925,value=null
MC,caller=Main#g:3,target=Main#check:1926
VW,context=Main#check:1926,a=4
VW,context=Main#check:1926,b=4
VW,context=Main#check:1926,k=73
VW,context=Main#check:1926,result=null
ME,returner=Main#check:1926,value=null
MC,caller=Main#g:3,target=Main#check:1927
VW,context=Main#check:1927,a=4
VW,context=Main#check:1927,b=4
VW,context=Main#check:1927,k=73
VW,context=Main#check:1927,result=null
ME,returner=Main#check:1927,value=null
VW,context=Main#g:3,i=74
MC,caller=Main#g:3,target=Main#check:1928
VW,context=Main#check:1928,a=4
VW,context=Main#check:1928,b=4
VW,context=Main#check:1928,k=74
VW,context=Main#check:1928,result=null
ME,returner=Main#check:1928,value=null
MC,caller=Main#g:3,target=Main#check:1929
VW,context=Main#check:1929,a=4
VW,context=Main#check:1929,b=4
VW,context=Main#check:1929,k=74
VW,context=Main#check:1929,result=null
ME,returner=Main#check:1929,value=null
MC,caller=Main#g:3,target=Main#check:1930
VW,context=Main#check:1930,a=4
VW,context=Main#check:1930,b=4
VW,context=Main#check:1930,k=74
VW,context=Main#check:1930,result=null
ME,returner=Main#check:1930,value=null
VW,context=Main#g:3,i=75
MC,caller=Main#g:3,target=Main#check:1931
VW,context=Main#check:1931,a=4
VW,context=Main#check:1931,b=4
VW,context=Main#check:1931,k=75
VW,context=Main#check:1931,result=null
ME,returner=Main#check:1931,value=null
MC,caller=Main#g:3,target=Main#check:1932
VW,context=Main#check:1932,a=4
VW,context=Main#check:1932,b=4
VW,context=Main#check:1932,k=75
VW,context=Main#check:1932,result=null
ME,returner=Main#check:1932,value=null
MC,caller=Main#g:3,target=Main#check:1933
VW,context=Main#check:1933,a=4
VW,context=Main#check:1933,b=4
VW,context=Main#check:1933,k=75
VW,context=Main#check:1933,result=null
ME,returner=Main#check:1933,value=null
VW,context=Main#g:3,i=76
MC,caller=Main#g:3,target=Main#check:1934
VW,context=Main#check:1934,a=4
VW,context=Main#check:1934,b=4
VW,context=Main#check:1934,k=76
VW,context=Main#check:1934,result=null
ME,returner=Main#check:1934,value=null
MC,caller=Main#g:3,target=Main#check:1935
VW,context=Main#check:1935,a=4
VW,context=Main#check:1935,b=4
VW,context=Main#check:1935,k=76
VW,context=Main#check:1935,result=null
ME,returner=Main#check:1935,value=null
MC,caller=Main#g:3,target=Main#check:1936
VW,context=Main#check:1936,a=4
VW,context=Main#check:1936,b=4
VW,context=Main#check:1936,k=76
VW,context=Main#check:1936,result=null
ME,returner=Main#check:1936,value=null
VW,context=Main#g:3,i=77
MC,caller=Main#g:3,target=Main#check:1937
VW,context=Main#check:1937,a=4
VW,context=Main#check:1937,b=4
VW,context=Main#check:1937,k=77
VW,context=Main#check:1937,result=null
ME,returner=Main#check:1937,value=null
MC,caller=Main#g:3,target=Main#check:1938
VW,context=Main#check:1938,a=4
VW,context=Main#check:1938,b=4
VW,context=Main#check:1938,k=77
VW,context=Main#check:1938,result=null
ME,returner=Main#check:1938,value=null
MC,caller=Main#g:3,target=Main#check:1939
VW,context=Main#check:1939,a=4
VW,context=Main#check:1939,b=4
VW,context=Main#check:1939,k=77
VW,context=Main#check:1939,result=null
ME,returner=Main#check:1939,value=null
VW,context=Main#g:3,i=78
MC,caller=Main#g:3,target=Main#check:1940
VW,context=Main#check:1940,a=4
VW,context=Main#check:1940,b=4
VW,context=Main#check:1940,k=78
VW,context=Main#check:1940,result=null
ME,returner=Main#check:1940,value=null
MC,caller=Main#g:3,target=Main#check:1941
VW,context=Main#check:1941,a=4
VW,context=Main#check:1941,b=4
VW,context=Main#check:1941,k=78
VW,context=Main#check:1941,result=null
ME,returner=Main#check:1941,value=null
MC,caller=Main#g:3,target=Main#check:1942
VW,context=Main#check:1942,a=4
VW,context=Main#check:1942,b=4
VW,context=Main#check:1942,k=78
VW,context=Main#check:1942,result=null
ME,returner=Main#check:1942,value=null
VW,context=Main#g:3,i=79
MC,caller=Main#g:3,target=Main#check:1943
VW,context=Main#check:1943,a=4
VW,context=Main#check:1943,b=4
VW,context=Main#check:1943,k=79
VW,context=Main#check:1943,result=null
ME,returner=Main#check:1943,value=null
MC,caller=Main#g:3,target=Main#check:1944
VW,context=Main#check:1944,a=4
VW,context=Main#check:1944,b=4
VW,context=Main#check:1944,k=79
VW,context=Main#check:1944,result=null
ME,returner=Main#check:1944,value=null
MC,caller=Main#g:3,target=Main#check:1945
VW,context=Main#check:1945,a=4
VW,context=Main#check:1945,b=4
VW,context=Main#check:1945,k=79
VW,context=Main#check:1945,result=null
ME,returner=Main#check:1945,value=null
VW,context=Main#g:3,i=80
MC,caller=Main#g:3,target=Main#check:1946
VW,context=Main#check:1946,a=4
VW,context=Main#check:1946,b=4
VW,context=Main#check:1946,k=80
VW,context=Main#check:1946,result=null
ME,returner=Main#check:1946,value=null
MC,caller=Main#g:3,target=Main#check:1947
VW,context=Main#check:1947,a=4
VW,context=Main#check:1947,b=4
VW,context=Main#check:1947,k=80
VW,context=Main#check:1947,result=null
ME,returner=Main#check:1947,value=null
MC,caller=Main#g:3,target=Main#check:1948
VW,context=Main#check:1948,a=4
VW,context=Main#check:1948,b=4
VW,context=Main#check:1948,k=80
VW,context=Main#check:1948,result=null
ME,returner=Main#check:1948,value=null
VW,context=Main#g:3,i=81
MC,caller=Main#g:3,target=Main#check:1949
VW,context=Main#check:1949,a=4
VW,context=Main#check:1949,b=4
VW,context=Main#check:1949,k=81
VW,context=Main#check:1949,result=null
ME,returner=Main#check:1949,value=null
MC,caller=Main#g:3,target=Main#check:1950
VW,context=Main#check:1950,a=4
VW,context=Main#check:1950,b=4
VW,context=Main#check:1950,k=81
VW,context=Main#check:1950,result=null
ME,returner=Main#check:1950,value=null
MC,caller=Main#g:3,target=Main#check:1951
VW,context=Main#check:1951,a=4
VW,context=Main#check:1951,b=4
VW,context=Main#check:1951,k=81
VW,context=Main#check:1951,result=null
ME,returner=Main#check:1951,value=null
VW,context=Main#g:3,i=82
MC,caller=Main#g:3,target=Main#check:1952
VW,context=Main#check:1952,a=4
VW,context=Main#check:1952,b=4
VW,context=Main#check:1952,k=82
VW,context=Main#check:1952,result=null
ME,returner=Main#check:1952,value=null
MC,caller=Main#g:3,target=Main#check:1953
VW,context=Main#check:1953,a=4
VW,context=Main#check:1953,b=4
VW,context=Main#check:1953,k=82
VW,context=Main#check:1953,result=null
ME,returner=Main#check:1953,value=null
MC,caller=Main#g:3,target=Main#check:1954
VW,context=Main#check:1954,a=4
VW,context=Main#check:1954,b=4
VW,context=Main#check:1954,k=82
VW,context=Main#check:1954,result=null
ME,returner=Main#check:1954,value=null
VW,context=Main#g:3,i=83
MC,caller=Main#g:3,target=Main#check:1955
VW,context=Main#check:1955,a=4
VW,context=Main#check:1955,b=4
VW,context=Main#check:1955,k=83
VW,context=Main#check:1955,result=null
ME,returner=Main#check:1955,value=null
MC,caller=Main#g:3,target=Main#check:1956
VW,context=Main#check:1956,a=4
VW,context=Main#check:1956,b=4
VW,context=Main#check:1956,k=83
VW,context=Main#check:1956,result=null
ME,returner=Main#check:1956,value=null
MC,caller=Main#g:3,target=Main#check:1957
VW,context=Main#check:1957,a=4
VW,context=Main#check:1957,b=4
VW,context=Main#check:1957,k=83
VW,context=Main#check:1957,result=null
ME,returner=Main#check:1957,value=null
VW,context=Main#g:3,i=84
MC,caller=Main#g:3,target=Main#check:1958
VW,context=Main#check:1958,a=4
VW,context=Main#check:1958,b=4
VW,context=Main#check:1958,k=84
VW,context=Main#check:1958,result=null
ME,returner=Main#check:1958,value=null
MC,caller=Main#g:3,target=Main#check:1959
VW,context=Main#check:1959,a=4
VW,context=Main#check:1959,b=4
VW,context=Main#check:1959,k=84
VW,context=Main#check:1959,result=null
ME,returner=Main#check:1959,value=null
MC,caller=Main#g:3,target=Main#check:1960
VW,context=Main#check:1960,a=4
VW,context=Main#check:1960,b=4
VW,context=Main#check:1960,k=84
VW,context=Main#check:1960,result=null
ME,returner=Main#check:1960,value=null
VW,context=Main#g:3,i=85
MC,caller=Main#g:3,target=Main#check:1961
VW,context=Main#check:1961,a=4
VW,context=Main#check:1961,b=4
VW,context=Main#check:1961,k=85
VW,context=Main#check:1961,result=null
ME,returner=Main#check:1961,value=null
MC,caller=Main#g:3,target=Main#check:1962
VW,context=Main#check:1962,a=4
VW,context=Main#check:1962,b=4
VW,context=Main#check:1962,k=85
VW,context=Main#check:1962,result=null
ME,returner=Main#check:1962,value=null
MC,caller=Main#g:3,target=Main#check:1963
VW,context=Main#check:1963,a=4
VW,context=Main#check:1963,b=4
VW,context=Main#check:1963,k=85
VW,context=Main#check:1963,result=null
ME,returner=Main#check:1963,value=null
VW,context=Main#g:3,i=86
MC,caller=Main#g:3,target=Main#check:1964
VW,context=Main#check:1964,a=4
VW,context=Main#check:1964,b=4
VW,context=Main#check:1964,k=86
VW,context=Main#check:1964,result=null
ME,returner=Main#check:1964,value=null
MC,caller=Main#g:3,target=Main#check:1965
VW,context=Main#check:1965,a=4
VW,context=Main#check:1965,b=4
VW,context=Main#check:1965,k=86
VW,context=Main#check:1965,result=null
ME,returner=Main#check:1965,value=null
MC,caller=Main#g:3,target=Main#check:1966
VW,context=Main#check:1966,a=4
VW,context=Main#check:1966,b=4
VW,context=Main#check:1966,k=86
VW,context=Main#check:1966,result=null
ME,returner=Main#check:1966,value=null
VW,context=Main#g:3,i=87
MC,caller=Main#g:3,target=Main#check:1967
VW,context=Main#check:1967,a=4
VW,context=Main#check:1967,b=4
VW,context=Main#check:1967,k=87
VW,context=Main#check:1967,result=null
ME,returner=Main#check:1967,value=null
MC,caller=Main#g:3,target=Main#check:1968
VW,context=Main#check:1968,a=4
VW,context=Main#check:1968,b=4
VW,context=Main#check:1968,k=87
VW,context=Main#check:1968,result=null
ME,returner=Main#check:1968,value=null
MC,caller=Main#g:3,target=Main#check:1969
VW,context=Main#check:1969,a=4
VW,context=Main#check:1969,b=4
VW,context=Main#check:1969,k=87
VW,context=Main#check:1969,result=null
ME,returner=Main#check:1969,value=null
VW,context=Main#g:3,i=88
MC,caller=Main#g:3,target=Main#check:1970
VW,context=Main#check:1970,a=4
VW,context=Main#check:1970,b=4
VW,context=Main#check:1970,k=88
VW,context=Main#check:1970,result=null
ME,returner=Main#check:1970,value=null
MC,caller=Main#g:3,target=Main#check:1971
VW,context=Main#check:1971,a=4
VW,context=Main#check:1971,b=4
VW,context=Main#check:1971,k=88
VW,context=Main#check:1971,result=null
ME,returner=Main#check:1971,value=null
MC,caller=Main#g:3,target=Main#check:1972
VW,context=Main#check:1972,a=4
VW,context=Main#check:1972,b=4
VW,context=Main#check:1972,k=88
VW,context=Main#check:1972,result=null
ME,returner=Main#check:1972,value=null
VW,context=Main#g:3,i=89
MC,caller=Main#g:3,target=Main#check:1973
VW,context=Main#check:1973,a=4
VW,context=Main#check:1973,b=4
VW,context=Main#check:1973,k=89
VW,context=Main#check:1973,result=null
ME,returner=Main#check:1973,value=null
MC,caller=Main#g:3,target=Main#check:1974
VW,context=Main#check:1974,a=4
VW,context=Main#check:1974,b=4
VW,context=Main#check:1974,k=89
VW,context=Main#check:1974,result=null
ME,returner=Main#check:1974,value=null
MC,caller=Main#g:3,target=Main#check:1975
VW,context=Main#check:1975,a=4
VW,context=Main#check:1975,b=4
VW,context=Main#check:1975,k=89
VW,context=Main#check:1975,result=null
ME,returner=Main#check:1975,value=null
VW,context=Main#g:3,i=90
MC,caller=Main#g:3,target=Main#check:1976
VW,context=Main#check:1976,a=4
VW,context=Main#check:1976,b=4
VW,context=Main#check:1976,k=90
VW,context=Main#check:1976,result=null
ME,returner=Main#check:1976,value=null
MC,caller=Main#g:3,target=Main#check:1977
VW,context=Main#check:1977,a=4
VW,context=Main#check:1977,b=4
VW,context=Main#check:1977,k=90
VW,context=Main#check:1977,result=null
ME,returner=Main#check:1977,value=null
MC,caller=Main#g:3,target=Main#check:1978
VW,context=Main#check:1978,a=4
VW,context=Main#check:1978,b=4
VW,context=Main#check:1978,k=90
VW,context=Main#check:1978,result=null
ME,returner=Main#check:1978,value=null
VW,context=Main#g:3,i=91
MC,caller=Main#g:3,target=Main#check:1979
VW,context=Main#check:1979,a=4
VW,context=Main#check:1979,b=4
VW,context=Main#check:1979,k=91
VW,context=Main#check:1979,result=null
ME,returner=Main#check:1979,value=null
MC,caller=Main#g:3,target=Main#check:1980
VW,context=Main#check:1980,a=4
VW,context=Main#check:1980,b=4
VW,context=Main#check:1980,k=91
VW,context=Main#check:1980,result=null
ME,returner=Main#check:1980,value=null
MC,caller=Main#g:3,target=Main#check:1981
VW,context=Main#check:1981,a=4
VW,context=Main#check:1981,b=4
VW,context=Main#check:1981,k=91
VW,context=Main#check:1981,result=null
ME,returner=Main#check:1981,value=null
VW,context=Main#g:3,i=92
MC,caller=Main#g:3,target=Main#check:1982
VW,context=Main#check:1982,a=4
VW,context=Main#check:1982,b=4
VW,context=Main#check:1982,k=92
VW,context=Main#check:1982,result=null
ME,returner=Main#check:1982,value=null
MC,caller=Main#g:3,target=Main#check:1983
VW,context=Main#check:1983,a=4
VW,context=Main#check:1983,b=4
VW,context=Main#check:1983,k=92
VW,context=Main#check:1983,result=null
ME,returner=Main#check:1983,value=null
MC,caller=Main#g:3,target=Main#check:1984
VW,context=Main#check:1984,a=4
VW,context=Main#check:1984,b=4
VW,context=Main#check:1984,k=92
VW,context=Main#check:1984,result=null
ME,returner=Main#check:1984,value=null
VW,context=Main#g:3,i=93
MC,caller=Main#g:3,target=Main#check:1985
VW,context=Main#check:1985,a=4
VW,context=Main#check:1985,b=4
VW,context=Main#check:1985,k=93
VW,context=Main#check:1985,result=null
ME,returner=Main#check:1985,value=null
MC,caller=Main#g:3,target=Main#check:1986
VW,context=Main#check:1986,a=4
VW,context=Main#check:1986,b=4
VW,context=Main#check:1986,k=93
VW,context=Main#check:1986,result=null
ME,returner=Main#check:1986,value=null
MC,caller=Main#g:3,target=Main#check:1987
VW,context=Main#check:1987,a=4
VW,context=Main#check:1987,b=4
VW,context=Main#check:1987,k=93
VW,context=Main#check:1987,result=null
ME,returner=Main#check:1987,value=null
VW,context=Main#g:3,i=94
MC,caller=Main#g:3,target=Main#check:1988
VW,context=Main#check:1988,a=4
VW,context=Main#check:1988,b=4
VW,context=Main#check:1988,k=94
VW,context=Main#check:1988,result=null
ME,returner=Main#check:1988,value=null
MC,caller=Main#g:3,target=Main#check:1989
VW,context=Main#check:1989,a=4
VW,context=Main#check:1989,b=4
VW,context=Main#check:1989,k=94
VW,context=Main#check:1989,result=null
ME,returner=Main#check:1989,value=null
MC,caller=Main#g:3,target=Main#check:1990
VW,context=Main#check:1990,a=4
VW,context=Main#check:1990,b=4
VW,context=Main#check:1990,k=94
VW,context=Main#check:1990,result=null
ME,returner=Main#check:1990,value=null
VW,context=Main#g:3,i=95
MC,caller=Main#g:3,target=Main#check:1991
VW,context=Main#check:1991,a=4
VW,context=Main#check:1991,b=4
VW,context=Main#check:1991,k=95
VW,context=Main#check:1991,result=null
ME,returner=Main#check:1991,value=null
MC,caller=Main#g:3,target=Main#check:1992
VW,context=Main#check:1992,a=4
VW,context=Main#check:1992,b=4
VW,context=Main#check:1992,k=95
VW,context=Main#check:1992,result=null
ME,returner=Main#check:1992,value=null
MC,caller=Main#g:3,target=Main#check:1993
VW,context=Main#check:1993,a=4
VW,context=Main#check:1993,b=4
VW,context=Main#check:1993,k=95
VW,context=Main#check:1993,result=null
ME,returner=Main#check:1993,value=null
VW,context=Main#g:3,i=96
MC,caller=Main#g:3,target=Main#check:1994
VW,context=Main#check:1994,a=4
VW,context=Main#check:1994,b=4
VW,context=Main#check:1994,k=96
VW,context=Main#check:1994,result=null
ME,returner=Main#check:1994,value=null
MC,caller=Main#g:3,target=Main#check:1995
VW,context=Main#check:1995,a=4
VW,context=Main#check:1995,b=4
VW,context=Main#check:1995,k=96
VW,context=Main#check:1995,result=null
ME,returner=Main#check:1995,value=null
MC,caller=Main#g:3,target=Main#check:1996
VW,context=Main#check:1996,a=4
VW,context=Main#check:1996,b=4
VW,context=Main#check:1996,k=96
VW,context=Main#check:1996,result=null
ME,returner=Main#check:1996,value=null
VW,context=Main#g:3,i=97
MC,caller=Main#g:3,target=Main#check:1997
VW,context=Main#check:1997,a=4
VW,context=Main#check:1997,b=4
VW,context=Main#check:1997,k=97
VW,context=Main#check:1997,result=null
ME,returner=Main#check:1997,value=null
MC,caller=Main#g:3,target=Main#check:1998
VW,context=Main#check:1998,a=4
VW,context=Main#check:1998,b=4
VW,context=Main#check:1998,k=97
VW,context=Main#check:1998,result=null
ME,returner=Main#check:1998,value=null
MC,caller=Main#g:3,target=Main#check:1999
VW,context=Main#check:1999,a=4
VW,context=Main#check:1999,b=4
VW,context=Main#check:1999,k=97
VW,context=Main#check:1999,result=null
ME,returner=Main#check:1999,value=null
VW,context=Main#g:3,i=98
MC,caller=Main#g:3,target=Main#check:2000
VW,context=Main#check:2000,a=4
VW,context=Main#check:2000,b=4
VW,context=Main#check:2000,k=98
VW,context=Main#check:2000,result=null
ME,returner=Main#check:2000,value=null
MC,caller=Main#g:3,target=Main#check:2001
VW,context=Main#check:2001,a=4
VW,context=Main#check:2001,b=4
VW,context=Main#check:2001,k=98
VW,context=Main#check:2001,result=null
ME,returner=Main#check:2001,value=null
MC,caller=Main#g:3,target=Main#check:2002
VW,context=Main#check:2002,a=4
VW,context=Main#check:2002,b=4
VW,context=Main#check:2002,k=98
VW,context=Main#check:2002,result=null
ME,returner=Main#check:2002,value=null
VW,context=Main#g:3,i=99
MC,caller=Main#g:3,target=Main#check:2003
VW,context=Main#check:2003,a=4
VW,context=Main#check:2003,b=4
VW,context=Main#check:2003,k=99
VW,context=Main#check:2003,result=null
ME,returner=Main#check:2003,value=null
MC,caller=Main#g:3,target=Main#check:2004
VW,context=Main#check:2004,a=4
VW,context=Main#check:2004,b=4
VW,context=Main#check:2004,k=99
VW,context=Main#check:2004,result=null
ME,returner=Main#check:2004,value=null
MC,caller=Main#g:3,target=Main#check:2005
VW,context=Main#check:2005,a=4
VW,context=Main#check:2005,b=4
VW,context=Main#check:2005,k=99
VW,context=Main#check:2005,result=null
ME,returner=Main#check:2005,value=null
VW,context=Main#g:3,i=100
MC,caller=Main#g:3,target=Main#check:2006
VW,context=Main#check:2006,a=4
VW,context=Main#check:2006,b=4
VW,context=Main#check:2006,k=100
VW,context=Main#check:2006,result=null
ME,returner=Main#check:2006,value=null
MC,caller=Main#g:3,target=Main#check:2007
VW,context=Main#check:2007,a=4
VW,context=Main#check:2007,b=4
VW,context=Main#check:2007,k=100
VW,context=Main#check:2007,result=null
ME,returner=Main#check:2007,value=null
MC,caller=Main#g:3,target=Main#check:2008
VW,context=Main#check:2008,a=4
VW,context=Main#check:2008,b=4
VW,context=Main#check:2008,k=100
VW,context=Main#check:2008,result=null
ME,returner=Main#check:2008,value=null
VW,context=Main#g:3,result=null
ME,returner=Main#g:3,value=null
VW,context=Main#f:2,result=0
ME,returner=Main#f:2,value=0
VW,context=Main#main:1,a=5
VW,context=Main#main:1,b=5
VW,context=Main#main:1,c=7
VW,context=Main#main:1,d=5
MC,caller=Main#main:1,target=Main#f:3
VW,context=Main#f:3,k=10
VW,context=Main#f:3,a=5
VW,context=Main#f:3,b=5
VW,context=Main#f:3,c=7
VW,context=Main#f:3,d=5
MC,caller=Main#f:3,target=Main#check:7
VW,context=Main#check:7,k=10
VW,context=Main#check:7,a=5
VW,context=Main#check:7,b=5
VW,context=Main#check:7,c=7
VW,context=Main#check:7,d=5
MC,caller=Main#check:7,target=Main#f:18
VW,context=Main#f:18,a=5
VW,context=Main#f:18,b=5
VW,context=Main#f:18,c=7
VW,context=Main#f:18,k=5
MC,caller=Main#f:18,target=Main#check:50
VW,context=Main#check:50,a=5
VW,context=Main#check:50,b=5
VW,context=Main#check:50,c=7
VW,context=Main#check:50,k=5
MC,caller=Main#check:50,target=Main#check:2009
VW,context=Main#check:2009,a=5
VW,context=Main#check:2009,b=5
VW,context=Main#check:2009,k=-2
VW,context=Main#check:2009,result=null
ME,returner=Main#check:2009,value=null
VW,context=Main#check:50,str=null
MC,caller=Main#check:50,target=Main#check:2010
VW,context=Main#check:2010,a=5
VW,context=Main#check:2010,b=5
VW,context=Main#check:2010,k=12
VW,context=Main#check:2010,result=null
ME,returner=Main#check:2010,value=null
MC,caller=Main#check:50,target=Main#check:2011
VW,context=Main#check:2011,a=5
VW,context=Main#check:2011,b=5
VW,context=Main#check:2011,k=2
VW,context=Main#check:2011,result=null
ME,returner=Main#check:2011,value=null
VW,context=Main#check:50,result=null
ME,returner=Main#check:50,value=null
VW,context=Main#f:18,str=null
MC,caller=Main#f:18,target=Main#check:51
VW,context=Main#check:51,a=5
VW,context=Main#check:51,b=7
VW,context=Main#check:51,c=5
VW,context=Main#check:51,k=5
MC,caller=Main#check:51,target=Main#check:2012
VW,context=Main#check:2012,a=5
VW,context=Main#check:2012,b=7
VW,context=Main#check:2012,k=0
VW,context=Main#check:2012,result=null
ME,returner=Main#check:2012,value=null
VW,context=Main#check:51,str=null
MC,caller=Main#check:51,target=Main#check:2013
VW,context=Main#check:2013,a=5
VW,context=Main#check:2013,b=7
VW,context=Main#check:2013,k=10
VW,context=Main#check:2013,result=null
ME,returner=Main#check:2013,value=null
MC,caller=Main#check:51,target=Main#check:2014
VW,context=Main#check:2014,a=5
VW,context=Main#check:2014,b=7
VW,context=Main#check:2014,k=0
VW,context=Main#check:2014,result=null
ME,returner=Main#check:2014,value=null
MC,caller=Main#check:51,target=Main#check:2015
VW,context=Main#check:2015,a=5
VW,context=Main#check:2015,b=7
VW,context=Main#check:2015,k=1
VW,context=Main#check:2015,result=null
ME,returner=Main#check:2015,value=null
VW,context=Main#check:51,result=null
ME,returner=Main#check:51,value=null
MC,caller=Main#f:18,target=Main#check:52
VW,context=Main#check:52,a=7
VW,context=Main#check:52,b=5
VW,context=Main#check:52,c=5
VW,context=Main#check:52,k=5
MC,caller=Main#check:52,target=Main#check:2016
VW,context=Main#check:2016,a=7
VW,context=Main#check:2016,b=5
VW,context=Main#check:2016,k=0
VW,context=Main#check:2016,result=null
ME,returner=Main#check:2016,value=null
VW,context=Main#check:52,str=null
MC,caller=Main#check:52,target=Main#check:2017
VW,context=Main#check:2017,a=7
VW,context=Main#check:2017,b=5
VW,context=Main#check:2017,k=10
VW,context=Main#check:2017,result=null
ME,returner=Main#check:2017,value=null
MC,caller=Main#check:52,target=Main#check:2018
VW,context=Main#check:2018,a=7
VW,context=Main#check:2018,b=5
VW,context=Main#check:2018,k=0
VW,context=Main#check:2018,result=null
ME,returner=Main#check:2018,value=null
MC,caller=Main#check:52,target=Main#check:2019
VW,context=Main#check:2019,a=7
VW,context=Main#check:2019,b=5
VW,context=Main#check:2019,k=1
VW,context=Main#check:2019,result=null
ME,returner=Main#check:2019,value=null
VW,context=Main#check:52,result=null
ME,returner=Main#check:52,value=null
VW,context=Main#f:18,result=null
ME,returner=Main#f:18,value=null
VW,context=Main#check:7,str=null
MC,caller=Main#check:7,target=Main#f:19
VW,context=Main#f:19,a=5
VW,context=Main#f:19,b=5
VW,context=Main#f:19,c=7
VW,context=Main#f:19,k=15
MC,caller=Main#f:19,target=Main#check:53
VW,context=Main#check:53,a=5
VW,context=Main#check:53,b=5
VW,context=Main#check:53,c=7
VW,context=Main#check:53,k=15
MC,caller=Main#check:53,target=Main#check:2020
VW,context=Main#check:2020,a=5
VW,context=Main#check:2020,b=5
VW,context=Main#check:2020,k=8
VW,context=Main#check:2020,result=null
ME,returner=Main#check:2020,value=null
VW,context=Main#check:53,str=null
MC,caller=Main#check:53,target=Main#check:2021
VW,context=Main#check:2021,a=5
VW,context=Main#check:2021,b=5
VW,context=Main#check:2021,k=22
VW,context=Main#check:2021,result=null
ME,returner=Main#check:2021,value=null
MC,caller=Main#check:53,target=Main#check:2022
VW,context=Main#check:2022,a=5
VW,context=Main#check:2022,b=5
VW,context=Main#check:2022,k=-8
VW,context=Main#check:2022,result=null
ME,returner=Main#check:2022,value=null
VW,context=Main#check:53,result=null
ME,returner=Main#check:53,value=null
VW,context=Main#f:19,str=null
MC,caller=Main#f:19,target=Main#check:54
VW,context=Main#check:54,a=5
VW,context=Main#check:54,b=7
VW,context=Main#check:54,c=5
VW,context=Main#check:54,k=15
MC,caller=Main#check:54,target=Main#check:2023
VW,context=Main#check:2023,a=5
VW,context=Main#check:2023,b=7
VW,context=Main#check:2023,k=10
VW,context=Main#check:2023,result=null
ME,returner=Main#check:2023,value=null
VW,context=Main#check:54,str=null
MC,caller=Main#check:54,target=Main#check:2024
VW,context=Main#check:2024,a=5
VW,context=Main#check:2024,b=7
VW,context=Main#check:2024,k=20
VW,context=Main#check:2024,result=null
ME,returner=Main#check:2024,value=null
MC,caller=Main#check:54,target=Main#check:2025
VW,context=Main#check:2025,a=5
VW,context=Main#check:2025,b=7
VW,context=Main#check:2025,k=-10
VW,context=Main#check:2025,result=null
ME,returner=Main#check:2025,value=null
MC,caller=Main#check:54,target=Main#check:2026
VW,context=Main#check:2026,a=5
VW,context=Main#check:2026,b=7
VW,context=Main#check:2026,k=3
VW,context=Main#check:2026,result=null
ME,returner=Main#check:2026,value=null
VW,context=Main#check:54,result=null
ME,returner=Main#check:54,value=null
MC,caller=Main#f:19,target=Main#check:55
VW,context=Main#check:55,a=7
VW,context=Main#check:55,b=5
VW,context=Main#check:55,c=5
VW,context=Main#check:55,k=15
MC,caller=Main#check:55,target=Main#check:2027
VW,context=Main#check:2027,a=7
VW,context=Main#check:2027,b=5
VW,context=Main#check:2027,k=10
VW,context=Main#check:2027,result=null
ME,returner=Main#check:2027,value=null
VW,context=Main#check:55,str=null
MC,caller=Main#check:55,target=Main#check:2028
VW,context=Main#check:2028,a=7
VW,context=Main#check:2028,b=5
VW,context=Main#check:2028,k=20
VW,context=Main#check:2028,result=null
ME,returner=Main#check:2028,value=null
MC,caller=Main#check:55,target=Main#check:2029
VW,context=Main#check:2029,a=7
VW,context=Main#check:2029,b=5
VW,context=Main#check:2029,k=-10
VW,context=Main#check:2029,result=null
ME,returner=Main#check:2029,value=null
MC,caller=Main#check:55,target=Main#check:2030
VW,context=Main#check:2030,a=7
VW,context=Main#check:2030,b=5
VW,context=Main#check:2030,k=3
VW,context=Main#check:2030,result=null
ME,returner=Main#check:2030,value=null
VW,context=Main#check:55,result=null
ME,returner=Main#check:55,value=null
VW,context=Main#f:19,result=null
ME,returner=Main#f:19,value=null
MC,caller=Main#check:7,target=Main#f:20
VW,context=Main#f:20,a=5
VW,context=Main#f:20,b=5
VW,context=Main#f:20,c=7
VW,context=Main#f:20,k=-5
MC,caller=Main#f:20,target=Main#check:56
VW,context=Main#check:56,a=5
VW,context=Main#check:56,b=5
VW,context=Main#check:56,c=7
VW,context=Main#check:56,k=-5
MC,caller=Main#check:56,target=Main#check:2031
VW,context=Main#check:2031,a=5
VW,context=Main#check:2031,b=5
VW,context=Main#check:2031,k=-12
VW,context=Main#check:2031,result=null
ME,returner=Main#check:2031,value=null
VW,context=Main#check:56,str=null
MC,caller=Main#check:56,target=Main#check:2032
VW,context=Main#check:2032,a=5
VW,context=Main#check:2032,b=5
VW,context=Main#check:2032,k=2
VW,context=Main#check:2032,result=null
ME,returner=Main#check:2032,value=null
MC,caller=Main#check:56,target=Main#check:2033
VW,context=Main#check:2033,a=5
VW,context=Main#check:2033,b=5
VW,context=Main#check:2033,k=12
VW,context=Main#check:2033,result=null
ME,returner=Main#check:2033,value=null
VW,context=Main#check:56,result=null
ME,returner=Main#check:56,value=null
VW,context=Main#f:20,str=null
MC,caller=Main#f:20,target=Main#check:57
VW,context=Main#check:57,a=5
VW,context=Main#check:57,b=7
VW,context=Main#check:57,c=5
VW,context=Main#check:57,k=-5
MC,caller=Main#check:57,target=Main#check:2034
VW,context=Main#check:2034,a=5
VW,context=Main#check:2034,b=7
VW,context=Main#check:2034,k=-10
VW,context=Main#check:2034,result=null
ME,returner=Main#check:2034,value=null
VW,context=Main#check:57,str=null
MC,caller=Main#check:57,target=Main#check:2035
VW,context=Main#check:2035,a=5
VW,context=Main#check:2035,b=7
VW,context=Main#check:2035,k=0
VW,context=Main#check:2035,result=null
ME,returner=Main#check:2035,value=null
MC,caller=Main#check:57,target=Main#check:2036
VW,context=Main#check:2036,a=5
VW,context=Main#check:2036,b=7
VW,context=Main#check:2036,k=10
VW,context=Main#check:2036,result=null
ME,returner=Main#check:2036,value=null
MC,caller=Main#check:57,target=Main#check:2037
VW,context=Main#check:2037,a=5
VW,context=Main#check:2037,b=7
VW,context=Main#check:2037,k=-1
VW,context=Main#check:2037,result=null
ME,returner=Main#check:2037,value=null
VW,context=Main#check:57,result=null
ME,returner=Main#check:57,value=null
MC,caller=Main#f:20,target=Main#check:58
VW,context=Main#check:58,a=7
VW,context=Main#check:58,b=5
VW,context=Main#check:58,c=5
VW,context=Main#check:58,k=-5
MC,caller=Main#check:58,target=Main#check:2038
VW,context=Main#check:2038,a=7
VW,context=Main#check:2038,b=5
VW,context=Main#check:2038,k=-10
VW,context=Main#check:2038,result=null
ME,returner=Main#check:2038,value=null
VW,context=Main#check:58,str=null
MC,caller=Main#check:58,target=Main#check:2039
VW,context=Main#check:2039,a=7
VW,context=Main#check:2039,b=5
VW,context=Main#check:2039,k=0
VW,context=Main#check:2039,result=null
ME,returner=Main#check:2039,value=null
MC,caller=Main#check:58,target=Main#check:2040
VW,context=Main#check:2040,a=7
VW,context=Main#check:2040,b=5
VW,context=Main#check:2040,k=10
VW,context=Main#check:2040,result=null
ME,returner=Main#check:2040,value=null
MC,caller=Main#check:58,target=Main#check:2041
VW,context=Main#check:2041,a=7
VW,context=Main#check:2041,b=5
VW,context=Main#check:2041,k=-1
VW,context=Main#check:2041,result=null
ME,returner=Main#check:2041,value=null
VW,context=Main#check:58,result=null
ME,returner=Main#check:58,value=null
VW,context=Main#f:20,result=null
ME,returner=Main#f:20,value=null
MC,caller=Main#check:7,target=Main#f:21
VW,context=Main#f:21,a=5
VW,context=Main#f:21,b=5
VW,context=Main#f:21,c=7
VW,context=Main#f:21,k=2
MC,caller=Main#f:21,target=Main#check:59
VW,context=Main#check:59,a=5
VW,context=Main#check:59,b=5
VW,context=Main#check:59,c=7
VW,context=Main#check:59,k=2
MC,caller=Main#check:59,target=Main#check:2042
VW,context=Main#check:2042,a=5
VW,context=Main#check:2042,b=5
VW,context=Main#check:2042,k=-5
VW,context=Main#check:2042,result=null
ME,returner=Main#check:2042,value=null
VW,context=Main#check:59,str=null
MC,caller=Main#check:59,target=Main#check:2043
VW,context=Main#check:2043,a=5
VW,context=Main#check:2043,b=5
VW,context=Main#check:2043,k=9
VW,context=Main#check:2043,result=null
ME,returner=Main#check:2043,value=null
MC,caller=Main#check:59,target=Main#check:2044
VW,context=Main#check:2044,a=5
VW,context=Main#check:2044,b=5
VW,context=Main#check:2044,k=5
VW,context=Main#check:2044,result=null
ME,returner=Main#check:2044,value=null
VW,context=Main#check:59,result=null
ME,returner=Main#check:59,value=null
VW,context=Main#f:21,str=null
MC,caller=Main#f:21,target=Main#check:60
VW,context=Main#check:60,a=5
VW,context=Main#check:60,b=7
VW,context=Main#check:60,c=5
VW,context=Main#check:60,k=2
MC,caller=Main#check:60,target=Main#check:2045
VW,context=Main#check:2045,a=5
VW,context=Main#check:2045,b=7
VW,context=Main#check:2045,k=-3
VW,context=Main#check:2045,result=null
ME,returner=Main#check:2045,value=null
VW,context=Main#check:60,str=null
MC,caller=Main#check:60,target=Main#check:2046
VW,context=Main#check:2046,a=5
VW,context=Main#check:2046,b=7
VW,context=Main#check:2046,k=7
VW,context=Main#check:2046,result=null
ME,returner=Main#check:2046,value=null
MC,caller=Main#check:60,target=Main#check:2047
VW,context=Main#check:2047,a=5
VW,context=Main#check:2047,b=7
VW,context=Main#check:2047,k=3
VW,context=Main#check:2047,result=null
ME,returner=Main#check:2047,value=null
VW,context=Main#check:60,result=null
ME,returner=Main#check:60,value=null
MC,caller=Main#f:21,target=Main#check:61
VW,context=Main#check:61,a=7
VW,context=Main#check:61,b=5
VW,context=Main#check:61,c=5
VW,context=Main#check:61,k=2
MC,caller=Main#check:61,target=Main#check:2048
VW,context=Main#check:2048,a=7
VW,context=Main#check:2048,b=5
VW,context=Main#check:2048,k=-3
VW,context=Main#check:2048,result=null
ME,returner=Main#check:2048,value=null
VW,context=Main#check:61,str=null
MC,caller=Main#check:61,target=Main#check:2049
VW,context=Main#check:2049,a=7
VW,context=Main#check:2049,b=5
VW,context=Main#check:2049,k=7
VW,context=Main#check:2049,result=null
ME,returner=Main#check:2049,value=null
MC,caller=Main#check:61,target=Main#check:2050
VW,context=Main#check:2050,a=7
VW,context=Main#check:2050,b=5
VW,context=Main#check:2050,k=3
VW,context=Main#check:2050,result=null
ME,returner=Main#check:2050,value=null
VW,context=Main#check:61,result=null
ME,returner=Main#check:61,value=null
VW,context=Main#f:21,result=null
ME,returner=Main#f:21,value=null
VW,context=Main#check:7,result=null
ME,returner=Main#check:7,value=null
VW,context=Main#f:3,str=null
MC,caller=Main#f:3,target=Main#check:8
VW,context=Main#check:8,k=10
VW,context=Main#check:8,a=5
VW,context=Main#check:8,b=7
VW,context=Main#check:8,c=5
VW,context=Main#check:8,d=5
MC,caller=Main#check:8,target=Main#f:22
VW,context=Main#f:22,a=5
VW,context=Main#f:22,b=7
VW,context=Main#f:22,c=5
VW,context=Main#f:22,k=5
MC,caller=Main#f:22,target=Main#check:62
VW,context=Main#check:62,a=5
VW,context=Main#check:62,b=7
VW,context=Main#check:62,c=5
VW,context=Main#check:62,k=5
MC,caller=Main#check:62,target=Main#check:2051
VW,context=Main#check:2051,a=5
VW,context=Main#check:2051,b=7
VW,context=Main#check:2051,k=0
VW,context=Main#check:2051,result=null
ME,returner=Main#check:2051,value=null
VW,context=Main#check:62,str=null
MC,caller=Main#check:62,target=Main#check:2052
VW,context=Main#check:2052,a=5
VW,context=Main#check:2052,b=7
VW,context=Main#check:2052,k=10
VW,context=Main#check:2052,result=null
ME,returner=Main#check:2052,value=null
MC,caller=Main#check:62,target=Main#check:2053
VW,context=Main#check:2053,a=5
VW,context=Main#check:2053,b=7
VW,context=Main#check:2053,k=0
VW,context=Main#check:2053,result=null
ME,returner=Main#check:2053,value=null
MC,caller=Main#check:62,target=Main#check:2054
VW,context=Main#check:2054,a=5
VW,context=Main#check:2054,b=7
VW,context=Main#check:2054,k=1
VW,context=Main#check:2054,result=null
ME,returner=Main#check:2054,value=null
VW,context=Main#check:62,result=null
ME,returner=Main#check:62,value=null
VW,context=Main#f:22,str=null
MC,caller=Main#f:22,target=Main#check:63
VW,context=Main#check:63,a=7
VW,context=Main#check:63,b=5
VW,context=Main#check:63,c=5
VW,context=Main#check:63,k=5
MC,caller=Main#check:63,target=Main#check:2055
VW,context=Main#check:2055,a=7
VW,context=Main#check:2055,b=5
VW,context=Main#check:2055,k=0
VW,context=Main#check:2055,result=null
ME,returner=Main#check:2055,value=null
VW,context=Main#check:63,str=null
MC,caller=Main#check:63,target=Main#check:2056
VW,context=Main#check:2056,a=7
VW,context=Main#check:2056,b=5
VW,context=Main#check:2056,k=10
VW,context=Main#check:2056,result=null
ME,returner=Main#check:2056,value=null
MC,caller=Main#check:63,target=Main#check:2057
VW,context=Main#check:2057,a=7
VW,context=Main#check:2057,b=5
VW,context=Main#check:2057,k=0
VW,context=Main#check:2057,result=null
ME,returner=Main#check:2057,value=null
MC,caller=Main#check:63,target=Main#check:2058
VW,context=Main#check:2058,a=7
VW,context=Main#check:2058,b=5
VW,context=Main#check:2058,k=1
VW,context=Main#check:2058,result=null
ME,returner=Main#check:2058,value=null
VW,context=Main#check:63,result=null
ME,returner=Main#check:63,value=null
MC,caller=Main#f:22,target=Main#check:64
VW,context=Main#check:64,a=5
VW,context=Main#check:64,b=5
VW,context=Main#check:64,c=7
VW,context=Main#check:64,k=5
MC,caller=Main#check:64,target=Main#check:2059
VW,context=Main#check:2059,a=5
VW,context=Main#check:2059,b=5
VW,context=Main#check:2059,k=-2
VW,context=Main#check:2059,result=null
ME,returner=Main#check:2059,value=null
VW,context=Main#check:64,str=null
MC,caller=Main#check:64,target=Main#check:2060
VW,context=Main#check:2060,a=5
VW,context=Main#check:2060,b=5
VW,context=Main#check:2060,k=12
VW,context=Main#check:2060,result=null
ME,returner=Main#check:2060,value=null
MC,caller=Main#check:64,target=Main#check:2061
VW,context=Main#check:2061,a=5
VW,context=Main#check:2061,b=5
VW,context=Main#check:2061,k=2
VW,context=Main#check:2061,result=null
ME,returner=Main#check:2061,value=null
VW,context=Main#check:64,result=null
ME,returner=Main#check:64,value=null
VW,context=Main#f:22,result=null
ME,returner=Main#f:22,value=null
VW,context=Main#check:8,str=null
MC,caller=Main#check:8,target=Main#f:23
VW,context=Main#f:23,a=5
VW,context=Main#f:23,b=7
VW,context=Main#f:23,c=5
VW,context=Main#f:23,k=15
MC,caller=Main#f:23,target=Main#check:65
VW,context=Main#check:65,a=5
VW,context=Main#check:65,b=7
VW,context=Main#check:65,c=5
VW,context=Main#check:65,k=15
MC,caller=Main#check:65,target=Main#check:2062
VW,context=Main#check:2062,a=5
VW,context=Main#check:2062,b=7
VW,context=Main#check:2062,k=10
VW,context=Main#check:2062,result=null
ME,returner=Main#check:2062,value=null
VW,context=Main#check:65,str=null
MC,caller=Main#check:65,target=Main#check:2063
VW,context=Main#check:2063,a=5
VW,context=Main#check:2063,b=7
VW,context=Main#check:2063,k=20
VW,context=Main#check:2063,result=null
ME,returner=Main#check:2063,value=null
MC,caller=Main#check:65,target=Main#check:2064
VW,context=Main#check:2064,a=5
VW,context=Main#check:2064,b=7
VW,context=Main#check:2064,k=-10
VW,context=Main#check:2064,result=null
ME,returner=Main#check:2064,value=null
MC,caller=Main#check:65,target=Main#check:2065
VW,context=Main#check:2065,a=5
VW,context=Main#check:2065,b=7
VW,context=Main#check:2065,k=3
VW,context=Main#check:2065,result=null
ME,returner=Main#check:2065,value=null
VW,context=Main#check:65,result=null
ME,returner=Main#check:65,value=null
VW,context=Main#f:23,str=null
MC,caller=Main#f:23,target=Main#check:66
VW,context=Main#check:66,a=7
VW,context=Main#check:66,b=5
VW,context=Main#check:66,c=5
VW,context=Main#check:66,k=15
MC,caller=Main#check:66,target=Main#check:2066
VW,context=Main#check:2066,a=7
VW,context=Main#check:2066,b=5
VW,context=Main#check:2066,k=10
VW,context=Main#check:2066,result=null
ME,returner=Main#check:2066,value=null
VW,context=Main#check:66,str=null
MC,caller=Main#check:66,target=Main#check:2067
VW,context=Main#check:2067,a=7
VW,context=Main#check:2067,b=5
VW,context=Main#check:2067,k=20
VW,context=Main#check:2067,result=null
ME,returner=Main#check:2067,value=null
MC,caller=Main#check:66,target=Main#check:2068
VW,context=Main#check:2068,a=7
VW,context=Main#check:2068,b=5
VW,context=Main#check:2068,k=-10
VW,context=Main#check:2068,result=null
ME,returner=Main#check:2068,value=null
MC,caller=Main#check:66,target=Main#check:2069
VW,context=Main#check:2069,a=7
VW,context=Main#check:2069,b=5
VW,context=Main#check:2069,k=3
VW,context=Main#check:2069,result=null
ME,returner=Main#check:2069,value=null
VW,context=Main#check:66,result=null
ME,returner=Main#check:66,value=null
MC,caller=Main#f:23,target=Main#check:67
VW,context=Main#check:67,a=5
VW,context=Main#check:67,b=5
VW,context=Main#check:67,c=7
VW,context=Main#check:67,k=15
MC,caller=Main#check:67,target=Main#check:2070
VW,context=Main#check:2070,a=5
VW,context=Main#check:2070,b=5
VW,context=Main#check:2070,k=8
VW,context=Main#check:2070,result=null
ME,returner=Main#check:2070,value=null
VW,context=Main#check:67,str=null
MC,caller=Main#check:67,target=Main#check:2071
VW,context=Main#check:2071,a=5
VW,context=Main#check:2071,b=5
VW,context=Main#check:2071,k=22
VW,context=Main#check:2071,result=null
ME,returner=Main#check:2071,value=null
MC,caller=Main#check:67,target=Main#check:2072
VW,context=Main#check:2072,a=5
VW,context=Main#check:2072,b=5
VW,context=Main#check:2072,k=-8
VW,context=Main#check:2072,result=null
ME,returner=Main#check:2072,value=null
VW,context=Main#check:67,result=null
ME,returner=Main#check:67,value=null
VW,context=Main#f:23,result=null
ME,returner=Main#f:23,value=null
MC,caller=Main#check:8,target=Main#f:24
VW,context=Main#f:24,a=5
VW,context=Main#f:24,b=7
VW,context=Main#f:24,c=5
VW,context=Main#f:24,k=-5
MC,caller=Main#f:24,target=Main#check:68
VW,context=Main#check:68,a=5
VW,context=Main#check:68,b=7
VW,context=Main#check:68,c=5
VW,context=Main#check:68,k=-5
MC,caller=Main#check:68,target=Main#check:2073
VW,context=Main#check:2073,a=5
VW,context=Main#check:2073,b=7
VW,context=Main#check:2073,k=-10
VW,context=Main#check:2073,result=null
ME,returner=Main#check:2073,value=null
VW,context=Main#check:68,str=null
MC,caller=Main#check:68,target=Main#check:2074
VW,context=Main#check:2074,a=5
VW,context=Main#check:2074,b=7
VW,context=Main#check:2074,k=0
VW,context=Main#check:2074,result=null
ME,returner=Main#check:2074,value=null
MC,caller=Main#check:68,target=Main#check:2075
VW,context=Main#check:2075,a=5
VW,context=Main#check:2075,b=7
VW,context=Main#check:2075,k=10
VW,context=Main#check:2075,result=null
ME,returner=Main#check:2075,value=null
MC,caller=Main#check:68,target=Main#check:2076
VW,context=Main#check:2076,a=5
VW,context=Main#check:2076,b=7
VW,context=Main#check:2076,k=-1
VW,context=Main#check:2076,result=null
ME,returner=Main#check:2076,value=null
VW,context=Main#check:68,result=null
ME,returner=Main#check:68,value=null
VW,context=Main#f:24,str=null
MC,caller=Main#f:24,target=Main#check:69
VW,context=Main#check:69,a=7
VW,context=Main#check:69,b=5
VW,context=Main#check:69,c=5
VW,context=Main#check:69,k=-5
MC,caller=Main#check:69,target=Main#check:2077
VW,context=Main#check:2077,a=7
VW,context=Main#check:2077,b=5
VW,context=Main#check:2077,k=-10
VW,context=Main#check:2077,result=null
ME,returner=Main#check:2077,value=null
VW,context=Main#check:69,str=null
MC,caller=Main#check:69,target=Main#check:2078
VW,context=Main#check:2078,a=7
VW,context=Main#check:2078,b=5
VW,context=Main#check:2078,k=0
VW,context=Main#check:2078,result=null
ME,returner=Main#check:2078,value=null
MC,caller=Main#check:69,target=Main#check:2079
VW,context=Main#check:2079,a=7
VW,context=Main#check:2079,b=5
VW,context=Main#check:2079,k=10
VW,context=Main#check:2079,result=null
ME,returner=Main#check:2079,value=null
MC,caller=Main#check:69,target=Main#check:2080
VW,context=Main#check:2080,a=7
VW,context=Main#check:2080,b=5
VW,context=Main#check:2080,k=-1
VW,context=Main#check:2080,result=null
ME,returner=Main#check:2080,value=null
VW,context=Main#check:69,result=null
ME,returner=Main#check:69,value=null
MC,caller=Main#f:24,target=Main#check:70
VW,context=Main#check:70,a=5
VW,context=Main#check:70,b=5
VW,context=Main#check:70,c=7
VW,context=Main#check:70,k=-5
MC,caller=Main#check:70,target=Main#check:2081
VW,context=Main#check:2081,a=5
VW,context=Main#check:2081,b=5
VW,context=Main#check:2081,k=-12
VW,context=Main#check:2081,result=null
ME,returner=Main#check:2081,value=null
VW,context=Main#check:70,str=null
MC,caller=Main#check:70,target=Main#check:2082
VW,context=Main#check:2082,a=5
VW,context=Main#check:2082,b=5
VW,context=Main#check:2082,k=2
VW,context=Main#check:2082,result=null
ME,returner=Main#check:2082,value=null
MC,caller=Main#check:70,target=Main#check:2083
VW,context=Main#check:2083,a=5
VW,context=Main#check:2083,b=5
VW,context=Main#check:2083,k=12
VW,context=Main#check:2083,result=null
ME,returner=Main#check:2083,value=null
VW,context=Main#check:70,result=null
ME,returner=Main#check:70,value=null
VW,context=Main#f:24,result=null
ME,returner=Main#f:24,value=null
MC,caller=Main#check:8,target=Main#f:25
VW,context=Main#f:25,a=5
VW,context=Main#f:25,b=7
VW,context=Main#f:25,c=5
VW,context=Main#f:25,k=2
MC,caller=Main#f:25,target=Main#check:71
VW,context=Main#check:71,a=5
VW,context=Main#check:71,b=7
VW,context=Main#check:71,c=5
VW,context=Main#check:71,k=2
MC,caller=Main#check:71,target=Main#check:2084
VW,context=Main#check:2084,a=5
VW,context=Main#check:2084,b=7
VW,context=Main#check:2084,k=-3
VW,context=Main#check:2084,result=null
ME,returner=Main#check:2084,value=null
VW,context=Main#check:71,str=null
MC,caller=Main#check:71,target=Main#check:2085
VW,context=Main#check:2085,a=5
VW,context=Main#check:2085,b=7
VW,context=Main#check:2085,k=7
VW,context=Main#check:2085,result=null
ME,returner=Main#check:2085,value=null
MC,caller=Main#check:71,target=Main#check:2086
VW,context=Main#check:2086,a=5
VW,context=Main#check:2086,b=7
VW,context=Main#check:2086,k=3
VW,context=Main#check:2086,result=null
ME,returner=Main#check:2086,value=null
VW,context=Main#check:71,result=null
ME,returner=Main#check:71,value=null
VW,context=Main#f:25,str=null
MC,caller=Main#f:25,target=Main#check:72
VW,context=Main#check:72,a=7
VW,context=Main#check:72,b=5
VW,context=Main#check:72,c=5
VW,context=Main#check:72,k=2
MC,caller=Main#check:72,target=Main#check:2087
VW,context=Main#check:2087,a=7
VW,context=Main#check:2087,b=5
VW,context=Main#check:2087,k=-3
VW,context=Main#check:2087,result=null
ME,returner=Main#check:2087,value=null
VW,context=Main#check:72,str=null
MC,caller=Main#check:72,target=Main#check:2088
VW,context=Main#check:2088,a=7
VW,context=Main#check:2088,b=5
VW,context=Main#check:2088,k=7
VW,context=Main#check:2088,result=null
ME,returner=Main#check:2088,value=null
MC,caller=Main#check:72,target=Main#check:2089
VW,context=Main#check:2089,a=7
VW,context=Main#check:2089,b=5
VW,context=Main#check:2089,k=3
VW,context=Main#check:2089,result=null
ME,returner=Main#check:2089,value=null
VW,context=Main#check:72,result=null
ME,returner=Main#check:72,value=null
MC,caller=Main#f:25,target=Main#check:73
VW,context=Main#check:73,a=5
VW,context=Main#check:73,b=5
VW,context=Main#check:73,c=7
VW,context=Main#check:73,k=2
MC,caller=Main#check:73,target=Main#check:2090
VW,context=Main#check:2090,a=5
VW,context=Main#check:2090,b=5
VW,context=Main#check:2090,k=-5
VW,context=Main#check:2090,result=null
ME,returner=Main#check:2090,value=null
VW,context=Main#check:73,str=null
MC,caller=Main#check:73,target=Main#check:2091
VW,context=Main#check:2091,a=5
VW,context=Main#check:2091,b=5
VW,context=Main#check:2091,k=9
VW,context=Main#check:2091,result=null
ME,returner=Main#check:2091,value=null
MC,caller=Main#check:73,target=Main#check:2092
VW,context=Main#check:2092,a=5
VW,context=Main#check:2092,b=5
VW,context=Main#check:2092,k=5
VW,context=Main#check:2092,result=null
ME,returner=Main#check:2092,value=null
VW,context=Main#check:73,result=null
ME,returner=Main#check:73,value=null
VW,context=Main#f:25,result=null
ME,returner=Main#f:25,value=null
VW,context=Main#check:8,result=null
ME,returner=Main#check:8,value=null
MC,caller=Main#f:3,target=Main#check:9
VW,context=Main#check:9,k=10
VW,context=Main#check:9,a=7
VW,context=Main#check:9,b=5
VW,context=Main#check:9,c=5
VW,context=Main#check:9,d=5
MC,caller=Main#check:9,target=Main#f:26
VW,context=Main#f:26,a=7
VW,context=Main#f:26,b=5
VW,context=Main#f:26,c=5
VW,context=Main#f:26,k=5
MC,caller=Main#f:26,target=Main#check:74
VW,context=Main#check:74,a=7
VW,context=Main#check:74,b=5
VW,context=Main#check:74,c=5
VW,context=Main#check:74,k=5
MC,caller=Main#check:74,target=Main#check:2093
VW,context=Main#check:2093,a=7
VW,context=Main#check:2093,b=5
VW,context=Main#check:2093,k=0
VW,context=Main#check:2093,result=null
ME,returner=Main#check:2093,value=null
VW,context=Main#check:74,str=null
MC,caller=Main#check:74,target=Main#check:2094
VW,context=Main#check:2094,a=7
VW,context=Main#check:2094,b=5
VW,context=Main#check:2094,k=10
VW,context=Main#check:2094,result=null
ME,returner=Main#check:2094,value=null
MC,caller=Main#check:74,target=Main#check:2095
VW,context=Main#check:2095,a=7
VW,context=Main#check:2095,b=5
VW,context=Main#check:2095,k=0
VW,context=Main#check:2095,result=null
ME,returner=Main#check:2095,value=null
MC,caller=Main#check:74,target=Main#check:2096
VW,context=Main#check:2096,a=7
VW,context=Main#check:2096,b=5
VW,context=Main#check:2096,k=1
VW,context=Main#check:2096,result=null
ME,returner=Main#check:2096,value=null
VW,context=Main#check:74,result=null
ME,returner=Main#check:74,value=null
VW,context=Main#f:26,str=null
MC,caller=Main#f:26,target=Main#check:75
VW,context=Main#check:75,a=5
VW,context=Main#check:75,b=5
VW,context=Main#check:75,c=7
VW,context=Main#check:75,k=5
MC,caller=Main#check:75,target=Main#check:2097
VW,context=Main#check:2097,a=5
VW,context=Main#check:2097,b=5
VW,context=Main#check:2097,k=-2
VW,context=Main#check:2097,result=null
ME,returner=Main#check:2097,value=null
VW,context=Main#check:75,str=null
MC,caller=Main#check:75,target=Main#check:2098
VW,context=Main#check:2098,a=5
VW,context=Main#check:2098,b=5
VW,context=Main#check:2098,k=12
VW,context=Main#check:2098,result=null
ME,returner=Main#check:2098,value=null
MC,caller=Main#check:75,target=Main#check:2099
VW,context=Main#check:2099,a=5
VW,context=Main#check:2099,b=5
VW,context=Main#check:2099,k=2
VW,context=Main#check:2099,result=null
ME,returner=Main#check:2099,value=null
VW,context=Main#check:75,result=null
ME,returner=Main#check:75,value=null
MC,caller=Main#f:26,target=Main#check:76
VW,context=Main#check:76,a=5
VW,context=Main#check:76,b=7
VW,context=Main#check:76,c=5
VW,context=Main#check:76,k=5
MC,caller=Main#check:76,target=Main#check:2100
VW,context=Main#check:2100,a=5
VW,context=Main#check:2100,b=7
VW,context=Main#check:2100,k=0
VW,context=Main#check:2100,result=null
ME,returner=Main#check:2100,value=null
VW,context=Main#check:76,str=null
MC,caller=Main#check:76,target=Main#check:2101
VW,context=Main#check:2101,a=5
VW,context=Main#check:2101,b=7
VW,context=Main#check:2101,k=10
VW,context=Main#check:2101,result=null
ME,returner=Main#check:2101,value=null
MC,caller=Main#check:76,target=Main#check:2102
VW,context=Main#check:2102,a=5
VW,context=Main#check:2102,b=7
VW,context=Main#check:2102,k=0
VW,context=Main#check:2102,result=null
ME,returner=Main#check:2102,value=null
MC,caller=Main#check:76,target=Main#check:2103
VW,context=Main#check:2103,a=5
VW,context=Main#check:2103,b=7
VW,context=Main#check:2103,k=1
VW,context=Main#check:2103,result=null
ME,returner=Main#check:2103,value=null
VW,context=Main#check:76,result=null
ME,returner=Main#check:76,value=null
VW,context=Main#f:26,result=null
ME,returner=Main#f:26,value=null
VW,context=Main#check:9,str=null
MC,caller=Main#check:9,target=Main#f:27
VW,context=Main#f:27,a=7
VW,context=Main#f:27,b=5
VW,context=Main#f:27,c=5
VW,context=Main#f:27,k=15
MC,caller=Main#f:27,target=Main#check:77
VW,context=Main#check:77,a=7
VW,context=Main#check:77,b=5
VW,context=Main#check:77,c=5
VW,context=Main#check:77,k=15
MC,caller=Main#check:77,target=Main#check:2104
VW,context=Main#check:2104,a=7
VW,context=Main#check:2104,b=5
VW,context=Main#check:2104,k=10
VW,context=Main#check:2104,result=null
ME,returner=Main#check:2104,value=null
VW,context=Main#check:77,str=null
MC,caller=Main#check:77,target=Main#check:2105
VW,context=Main#check:2105,a=7
VW,context=Main#check:2105,b=5
VW,context=Main#check:2105,k=20
VW,context=Main#check:2105,result=null
ME,returner=Main#check:2105,value=null
MC,caller=Main#check:77,target=Main#check:2106
VW,context=Main#check:2106,a=7
VW,context=Main#check:2106,b=5
VW,context=Main#check:2106,k=-10
VW,context=Main#check:2106,result=null
ME,returner=Main#check:2106,value=null
MC,caller=Main#check:77,target=Main#check:2107
VW,context=Main#check:2107,a=7
VW,context=Main#check:2107,b=5
VW,context=Main#check:2107,k=3
VW,context=Main#check:2107,result=null
ME,returner=Main#check:2107,value=null
VW,context=Main#check:77,result=null
ME,returner=Main#check:77,value=null
VW,context=Main#f:27,str=null
MC,caller=Main#f:27,target=Main#check:78
VW,context=Main#check:78,a=5
VW,context=Main#check:78,b=5
VW,context=Main#check:78,c=7
VW,context=Main#check:78,k=15
MC,caller=Main#check:78,target=Main#check:2108
VW,context=Main#check:2108,a=5
VW,context=Main#check:2108,b=5
VW,context=Main#check:2108,k=8
VW,context=Main#check:2108,result=null
ME,returner=Main#check:2108,value=null
VW,context=Main#check:78,str=null
MC,caller=Main#check:78,target=Main#check:2109
VW,context=Main#check:2109,a=5
VW,context=Main#check:2109,b=5
VW,context=Main#check:2109,k=22
VW,context=Main#check:2109,result=null
ME,returner=Main#check:2109,value=null
MC,caller=Main#check:78,target=Main#check:2110
VW,context=Main#check:2110,a=5
VW,context=Main#check:2110,b=5
VW,context=Main#check:2110,k=-8
VW,context=Main#check:2110,result=null
ME,returner=Main#check:2110,value=null
VW,context=Main#check:78,result=null
ME,returner=Main#check:78,value=null
MC,caller=Main#f:27,target=Main#check:79
VW,context=Main#check:79,a=5
VW,context=Main#check:79,b=7
VW,context=Main#check:79,c=5
VW,context=Main#check:79,k=15
MC,caller=Main#check:79,target=Main#check:2111
VW,context=Main#check:2111,a=5
VW,context=Main#check:2111,b=7
VW,context=Main#check:2111,k=10
VW,context=Main#check:2111,result=null
ME,returner=Main#check:2111,value=null
VW,context=Main#check:79,str=null
MC,caller=Main#check:79,target=Main#check:2112
VW,context=Main#check:2112,a=5
VW,context=Main#check:2112,b=7
VW,context=Main#check:2112,k=20
VW,context=Main#check:2112,result=null
ME,returner=Main#check:2112,value=null
MC,caller=Main#check:79,target=Main#check:2113
VW,context=Main#check:2113,a=5
VW,context=Main#check:2113,b=7
VW,context=Main#check:2113,k=-10
VW,context=Main#check:2113,result=null
ME,returner=Main#check:2113,value=null
MC,caller=Main#check:79,target=Main#check:2114
VW,context=Main#check:2114,a=5
VW,context=Main#check:2114,b=7
VW,context=Main#check:2114,k=3
VW,context=Main#check:2114,result=null
ME,returner=Main#check:2114,value=null
VW,context=Main#check:79,result=null
ME,returner=Main#check:79,value=null
VW,context=Main#f:27,result=null
ME,returner=Main#f:27,value=null
MC,caller=Main#check:9,target=Main#f:28
VW,context=Main#f:28,a=7
VW,context=Main#f:28,b=5
VW,context=Main#f:28,c=5
VW,context=Main#f:28,k=-5
MC,caller=Main#f:28,target=Main#check:80
VW,context=Main#check:80,a=7
VW,context=Main#check:80,b=5
VW,context=Main#check:80,c=5
VW,context=Main#check:80,k=-5
MC,caller=Main#check:80,target=Main#check:2115
VW,context=Main#check:2115,a=7
VW,context=Main#check:2115,b=5
VW,context=Main#check:2115,k=-10
VW,context=Main#check:2115,result=null
ME,returner=Main#check:2115,value=null
VW,context=Main#check:80,str=null
MC,caller=Main#check:80,target=Main#check:2116
VW,context=Main#check:2116,a=7
VW,context=Main#check:2116,b=5
VW,context=Main#check:2116,k=0
VW,context=Main#check:2116,result=null
ME,returner=Main#check:2116,value=null
MC,caller=Main#check:80,target=Main#check:2117
VW,context=Main#check:2117,a=7
VW,context=Main#check:2117,b=5
VW,context=Main#check:2117,k=10
VW,context=Main#check:2117,result=null
ME,returner=Main#check:2117,value=null
MC,caller=Main#check:80,target=Main#check:2118
VW,context=Main#check:2118,a=7
VW,context=Main#check:2118,b=5
VW,context=Main#check:2118,k=-1
VW,context=Main#check:2118,result=null
ME,returner=Main#check:2118,value=null
VW,context=Main#check:80,result=null
ME,returner=Main#check:80,value=null
VW,context=Main#f:28,str=null
MC,caller=Main#f:28,target=Main#check:81
VW,context=Main#check:81,a=5
VW,context=Main#check:81,b=5
VW,context=Main#check:81,c=7
VW,context=Main#check:81,k=-5
MC,caller=Main#check:81,target=Main#check:2119
VW,context=Main#check:2119,a=5
VW,context=Main#check:2119,b=5
VW,context=Main#check:2119,k=-12
VW,context=Main#check:2119,result=null
ME,returner=Main#check:2119,value=null
VW,context=Main#check:81,str=null
MC,caller=Main#check:81,target=Main#check:2120
VW,context=Main#check:2120,a=5
VW,context=Main#check:2120,b=5
VW,context=Main#check:2120,k=2
VW,context=Main#check:2120,result=null
ME,returner=Main#check:2120,value=null
MC,caller=Main#check:81,target=Main#check:2121
VW,context=Main#check:2121,a=5
VW,context=Main#check:2121,b=5
VW,context=Main#check:2121,k=12
VW,context=Main#check:2121,result=null
ME,returner=Main#check:2121,value=null
VW,context=Main#check:81,result=null
ME,returner=Main#check:81,value=null
MC,caller=Main#f:28,target=Main#check:82
VW,context=Main#check:82,a=5
VW,context=Main#check:82,b=7
VW,context=Main#check:82,c=5
VW,context=Main#check:82,k=-5
MC,caller=Main#check:82,target=Main#check:2122
VW,context=Main#check:2122,a=5
VW,context=Main#check:2122,b=7
VW,context=Main#check:2122,k=-10
VW,context=Main#check:2122,result=null
ME,returner=Main#check:2122,value=null
VW,context=Main#check:82,str=null
MC,caller=Main#check:82,target=Main#check:2123
VW,context=Main#check:2123,a=5
VW,context=Main#check:2123,b=7
VW,context=Main#check:2123,k=0
VW,context=Main#check:2123,result=null
ME,returner=Main#check:2123,value=null
MC,caller=Main#check:82,target=Main#check:2124
VW,context=Main#check:2124,a=5
VW,context=Main#check:2124,b=7
VW,context=Main#check:2124,k=10
VW,context=Main#check:2124,result=null
ME,returner=Main#check:2124,value=null
MC,caller=Main#check:82,target=Main#check:2125
VW,context=Main#check:2125,a=5
VW,context=Main#check:2125,b=7
VW,context=Main#check:2125,k=-1
VW,context=Main#check:2125,result=null
ME,returner=Main#check:2125,value=null
VW,context=Main#check:82,result=null
ME,returner=Main#check:82,value=null
VW,context=Main#f:28,result=null
ME,returner=Main#f:28,value=null
MC,caller=Main#check:9,target=Main#f:29
VW,context=Main#f:29,a=7
VW,context=Main#f:29,b=5
VW,context=Main#f:29,c=5
VW,context=Main#f:29,k=2
MC,caller=Main#f:29,target=Main#check:83
VW,context=Main#check:83,a=7
VW,context=Main#check:83,b=5
VW,context=Main#check:83,c=5
VW,context=Main#check:83,k=2
MC,caller=Main#check:83,target=Main#check:2126
VW,context=Main#check:2126,a=7
VW,context=Main#check:2126,b=5
VW,context=Main#check:2126,k=-3
VW,context=Main#check:2126,result=null
ME,returner=Main#check:2126,value=null
VW,context=Main#check:83,str=null
MC,caller=Main#check:83,target=Main#check:2127
VW,context=Main#check:2127,a=7
VW,context=Main#check:2127,b=5
VW,context=Main#check:2127,k=7
VW,context=Main#check:2127,result=null
ME,returner=Main#check:2127,value=null
MC,caller=Main#check:83,target=Main#check:2128
VW,context=Main#check:2128,a=7
VW,context=Main#check:2128,b=5
VW,context=Main#check:2128,k=3
VW,context=Main#check:2128,result=null
ME,returner=Main#check:2128,value=null
VW,context=Main#check:83,result=null
ME,returner=Main#check:83,value=null
VW,context=Main#f:29,str=null
MC,caller=Main#f:29,target=Main#check:84
VW,context=Main#check:84,a=5
VW,context=Main#check:84,b=5
VW,context=Main#check:84,c=7
VW,context=Main#check:84,k=2
MC,caller=Main#check:84,target=Main#check:2129
VW,context=Main#check:2129,a=5
VW,context=Main#check:2129,b=5
VW,context=Main#check:2129,k=-5
VW,context=Main#check:2129,result=null
ME,returner=Main#check:2129,value=null
VW,context=Main#check:84,str=null
MC,caller=Main#check:84,target=Main#check:2130
VW,context=Main#check:2130,a=5
VW,context=Main#check:2130,b=5
VW,context=Main#check:2130,k=9
VW,context=Main#check:2130,result=null
ME,returner=Main#check:2130,value=null
MC,caller=Main#check:84,target=Main#check:2131
VW,context=Main#check:2131,a=5
VW,context=Main#check:2131,b=5
VW,context=Main#check:2131,k=5
VW,context=Main#check:2131,result=null
ME,returner=Main#check:2131,value=null
VW,context=Main#check:84,result=null
ME,returner=Main#check:84,value=null
MC,caller=Main#f:29,target=Main#check:85
VW,context=Main#check:85,a=5
VW,context=Main#check:85,b=7
VW,context=Main#check:85,c=5
VW,context=Main#check:85,k=2
MC,caller=Main#check:85,target=Main#check:2132
VW,context=Main#check:2132,a=5
VW,context=Main#check:2132,b=7
VW,context=Main#check:2132,k=-3
VW,context=Main#check:2132,result=null
ME,returner=Main#check:2132,value=null
VW,context=Main#check:85,str=null
MC,caller=Main#check:85,target=Main#check:2133
VW,context=Main#check:2133,a=5
VW,context=Main#check:2133,b=7
VW,context=Main#check:2133,k=7
VW,context=Main#check:2133,result=null
ME,returner=Main#check:2133,value=null
MC,caller=Main#check:85,target=Main#check:2134
VW,context=Main#check:2134,a=5
VW,context=Main#check:2134,b=7
VW,context=Main#check:2134,k=3
VW,context=Main#check:2134,result=null
ME,returner=Main#check:2134,value=null
VW,context=Main#check:85,result=null
ME,returner=Main#check:85,value=null
VW,context=Main#f:29,result=null
ME,returner=Main#f:29,value=null
VW,context=Main#check:9,result=null
ME,returner=Main#check:9,value=null
MC,caller=Main#f:3,target=Main#check:10
VW,context=Main#check:10,k=10
VW,context=Main#check:10,a=5
VW,context=Main#check:10,b=5
VW,context=Main#check:10,c=5
VW,context=Main#check:10,d=7
MC,caller=Main#check:10,target=Main#f:30
VW,context=Main#f:30,a=5
VW,context=Main#f:30,b=5
VW,context=Main#f:30,c=5
VW,context=Main#f:30,k=3
MC,caller=Main#f:30,target=Main#check:86
VW,context=Main#check:86,a=5
VW,context=Main#check:86,b=5
VW,context=Main#check:86,c=5
VW,context=Main#check:86,k=3
MC,caller=Main#check:86,target=Main#check:2135
VW,context=Main#check:2135,a=5
VW,context=Main#check:2135,b=5
VW,context=Main#check:2135,k=-2
VW,context=Main#check:2135,result=null
ME,returner=Main#check:2135,value=null
VW,context=Main#check:86,str=null
MC,caller=Main#check:86,target=Main#check:2136
VW,context=Main#check:2136,a=5
VW,context=Main#check:2136,b=5
VW,context=Main#check:2136,k=8
VW,context=Main#check:2136,result=null
ME,returner=Main#check:2136,value=null
MC,caller=Main#check:86,target=Main#check:2137
VW,context=Main#check:2137,a=5
VW,context=Main#check:2137,b=5
VW,context=Main#check:2137,k=2
VW,context=Main#check:2137,result=null
ME,returner=Main#check:2137,value=null
VW,context=Main#check:86,result=null
ME,returner=Main#check:86,value=null
VW,context=Main#f:30,str=null
MC,caller=Main#f:30,target=Main#check:87
VW,context=Main#check:87,a=5
VW,context=Main#check:87,b=5
VW,context=Main#check:87,c=5
VW,context=Main#check:87,k=3
MC,caller=Main#check:87,target=Main#check:2138
VW,context=Main#check:2138,a=5
VW,context=Main#check:2138,b=5
VW,context=Main#check:2138,k=-2
VW,context=Main#check:2138,result=null
ME,returner=Main#check:2138,value=null
VW,context=Main#check:87,str=null
MC,caller=Main#check:87,target=Main#check:2139
VW,context=Main#check:2139,a=5
VW,context=Main#check:2139,b=5
VW,context=Main#check:2139,k=8
VW,context=Main#check:2139,result=null
ME,returner=Main#check:2139,value=null
MC,caller=Main#check:87,target=Main#check:2140
VW,context=Main#check:2140,a=5
VW,context=Main#check:2140,b=5
VW,context=Main#check:2140,k=2
VW,context=Main#check:2140,result=null
ME,returner=Main#check:2140,value=null
VW,context=Main#check:87,result=null
ME,returner=Main#check:87,value=null
MC,caller=Main#f:30,target=Main#check:88
VW,context=Main#check:88,a=5
VW,context=Main#check:88,b=5
VW,context=Main#check:88,c=5
VW,context=Main#check:88,k=3
MC,caller=Main#check:88,target=Main#check:2141
VW,context=Main#check:2141,a=5
VW,context=Main#check:2141,b=5
VW,context=Main#check:2141,k=-2
VW,context=Main#check:2141,result=null
ME,returner=Main#check:2141,value=null
VW,context=Main#check:88,str=null
MC,caller=Main#check:88,target=Main#check:2142
VW,context=Main#check:2142,a=5
VW,context=Main#check:2142,b=5
VW,context=Main#check:2142,k=8
VW,context=Main#check:2142,result=null
ME,returner=Main#check:2142,value=null
MC,caller=Main#check:88,target=Main#check:2143
VW,context=Main#check:2143,a=5
VW,context=Main#check:2143,b=5
VW,context=Main#check:2143,k=2
VW,context=Main#check:2143,result=null
ME,returner=Main#check:2143,value=null
VW,context=Main#check:88,result=null
ME,returner=Main#check:88,value=null
VW,context=Main#f:30,result=null
ME,returner=Main#f:30,value=null
VW,context=Main#check:10,str=null
MC,caller=Main#check:10,target=Main#f:31
VW,context=Main#f:31,a=5
VW,context=Main#f:31,b=5
VW,context=Main#f:31,c=5
VW,context=Main#f:31,k=17
MC,caller=Main#f:31,target=Main#check:89
VW,context=Main#check:89,a=5
VW,context=Main#check:89,b=5
VW,context=Main#check:89,c=5
VW,context=Main#check:89,k=17
MC,caller=Main#check:89,target=Main#check:2144
VW,context=Main#check:2144,a=5
VW,context=Main#check:2144,b=5
VW,context=Main#check:2144,k=12
VW,context=Main#check:2144,result=null
ME,returner=Main#check:2144,value=null
VW,context=Main#check:89,str=null
MC,caller=Main#check:89,target=Main#check:2145
VW,context=Main#check:2145,a=5
VW,context=Main#check:2145,b=5
VW,context=Main#check:2145,k=22
VW,context=Main#check:2145,result=null
ME,returner=Main#check:2145,value=null
MC,caller=Main#check:89,target=Main#check:2146
VW,context=Main#check:2146,a=5
VW,context=Main#check:2146,b=5
VW,context=Main#check:2146,k=-12
VW,context=Main#check:2146,result=null
ME,returner=Main#check:2146,value=null
VW,context=Main#check:89,result=null
ME,returner=Main#check:89,value=null
VW,context=Main#f:31,str=null
MC,caller=Main#f:31,target=Main#check:90
VW,context=Main#check:90,a=5
VW,context=Main#check:90,b=5
VW,context=Main#check:90,c=5
VW,context=Main#check:90,k=17
MC,caller=Main#check:90,target=Main#check:2147
VW,context=Main#check:2147,a=5
VW,context=Main#check:2147,b=5
VW,context=Main#check:2147,k=12
VW,context=Main#check:2147,result=null
ME,returner=Main#check:2147,value=null
VW,context=Main#check:90,str=null
MC,caller=Main#check:90,target=Main#check:2148
VW,context=Main#check:2148,a=5
VW,context=Main#check:2148,b=5
VW,context=Main#check:2148,k=22
VW,context=Main#check:2148,result=null
ME,returner=Main#check:2148,value=null
MC,caller=Main#check:90,target=Main#check:2149
VW,context=Main#check:2149,a=5
VW,context=Main#check:2149,b=5
VW,context=Main#check:2149,k=-12
VW,context=Main#check:2149,result=null
ME,returner=Main#check:2149,value=null
VW,context=Main#check:90,result=null
ME,returner=Main#check:90,value=null
MC,caller=Main#f:31,target=Main#check:91
VW,context=Main#check:91,a=5
VW,context=Main#check:91,b=5
VW,context=Main#check:91,c=5
VW,context=Main#check:91,k=17
MC,caller=Main#check:91,target=Main#check:2150
VW,context=Main#check:2150,a=5
VW,context=Main#check:2150,b=5
VW,context=Main#check:2150,k=12
VW,context=Main#check:2150,result=null
ME,returner=Main#check:2150,value=null
VW,context=Main#check:91,str=null
MC,caller=Main#check:91,target=Main#check:2151
VW,context=Main#check:2151,a=5
VW,context=Main#check:2151,b=5
VW,context=Main#check:2151,k=22
VW,context=Main#check:2151,result=null
ME,returner=Main#check:2151,value=null
MC,caller=Main#check:91,target=Main#check:2152
VW,context=Main#check:2152,a=5
VW,context=Main#check:2152,b=5
VW,context=Main#check:2152,k=-12
VW,context=Main#check:2152,result=null
ME,returner=Main#check:2152,value=null
VW,context=Main#check:91,result=null
ME,returner=Main#check:91,value=null
VW,context=Main#f:31,result=null
ME,returner=Main#f:31,value=null
MC,caller=Main#check:10,target=Main#f:32
VW,context=Main#f:32,a=5
VW,context=Main#f:32,b=5
VW,context=Main#f:32,c=5
VW,context=Main#f:32,k=-3
MC,caller=Main#f:32,target=Main#check:92
VW,context=Main#check:92,a=5
VW,context=Main#check:92,b=5
VW,context=Main#check:92,c=5
VW,context=Main#check:92,k=-3
MC,caller=Main#check:92,target=Main#check:2153
VW,context=Main#check:2153,a=5
VW,context=Main#check:2153,b=5
VW,context=Main#check:2153,k=-8
VW,context=Main#check:2153,result=null
ME,returner=Main#check:2153,value=null
VW,context=Main#check:92,str=null
MC,caller=Main#check:92,target=Main#check:2154
VW,context=Main#check:2154,a=5
VW,context=Main#check:2154,b=5
VW,context=Main#check:2154,k=2
VW,context=Main#check:2154,result=null
ME,returner=Main#check:2154,value=null
MC,caller=Main#check:92,target=Main#check:2155
VW,context=Main#check:2155,a=5
VW,context=Main#check:2155,b=5
VW,context=Main#check:2155,k=8
VW,context=Main#check:2155,result=null
ME,returner=Main#check:2155,value=null
VW,context=Main#check:92,result=null
ME,returner=Main#check:92,value=null
VW,context=Main#f:32,str=null
MC,caller=Main#f:32,target=Main#check:93
VW,context=Main#check:93,a=5
VW,context=Main#check:93,b=5
VW,context=Main#check:93,c=5
VW,context=Main#check:93,k=-3
MC,caller=Main#check:93,target=Main#check:2156
VW,context=Main#check:2156,a=5
VW,context=Main#check:2156,b=5
VW,context=Main#check:2156,k=-8
VW,context=Main#check:2156,result=null
ME,returner=Main#check:2156,value=null
VW,context=Main#check:93,str=null
MC,caller=Main#check:93,target=Main#check:2157
VW,context=Main#check:2157,a=5
VW,context=Main#check:2157,b=5
VW,context=Main#check:2157,k=2
VW,context=Main#check:2157,result=null
ME,returner=Main#check:2157,value=null
MC,caller=Main#check:93,target=Main#check:2158
VW,context=Main#check:2158,a=5
VW,context=Main#check:2158,b=5
VW,context=Main#check:2158,k=8
VW,context=Main#check:2158,result=null
ME,returner=Main#check:2158,value=null
VW,context=Main#check:93,result=null
ME,returner=Main#check:93,value=null
MC,caller=Main#f:32,target=Main#check:94
VW,context=Main#check:94,a=5
VW,context=Main#check:94,b=5
VW,context=Main#check:94,c=5
VW,context=Main#check:94,k=-3
MC,caller=Main#check:94,target=Main#check:2159
VW,context=Main#check:2159,a=5
VW,context=Main#check:2159,b=5
VW,context=Main#check:2159,k=-8
VW,context=Main#check:2159,result=null
ME,returner=Main#check:2159,value=null
VW,context=Main#check:94,str=null
MC,caller=Main#check:94,target=Main#check:2160
VW,context=Main#check:2160,a=5
VW,context=Main#check:2160,b=5
VW,context=Main#check:2160,k=2
VW,context=Main#check:2160,result=null
ME,returner=Main#check:2160,value=null
MC,caller=Main#check:94,target=Main#check:2161
VW,context=Main#check:2161,a=5
VW,context=Main#check:2161,b=5
VW,context=Main#check:2161,k=8
VW,context=Main#check:2161,result=null
ME,returner=Main#check:2161,value=null
VW,context=Main#check:94,result=null
ME,returner=Main#check:94,value=null
VW,context=Main#f:32,result=null
ME,returner=Main#f:32,value=null
VW,context=Main#check:10,result=null
ME,returner=Main#check:10,value=null
MC,caller=Main#f:3,target=Main#g:4
VW,context=Main#g:4,k=10
VW,context=Main#g:4,a=5
VW,context=Main#g:4,b=5
VW,context=Main#g:4,c=7
VW,context=Main#g:4,d=5
VW,context=Main#g:4,i=-100
MC,caller=Main#g:4,target=Main#check:2162
VW,context=Main#check:2162,a=5
VW,context=Main#check:2162,b=5
VW,context=Main#check:2162,k=-100
VW,context=Main#check:2162,result=null
ME,returner=Main#check:2162,value=null
VW,context=Main#g:4,str1=null
MC,caller=Main#g:4,target=Main#check:2163
VW,context=Main#check:2163,a=5
VW,context=Main#check:2163,b=5
VW,context=Main#check:2163,k=-100
VW,context=Main#check:2163,result=null
ME,returner=Main#check:2163,value=null
MC,caller=Main#g:4,target=Main#check:2164
VW,context=Main#check:2164,a=5
VW,context=Main#check:2164,b=5
VW,context=Main#check:2164,k=-100
VW,context=Main#check:2164,result=null
ME,returner=Main#check:2164,value=null
VW,context=Main#g:4,i=-99
MC,caller=Main#g:4,target=Main#check:2165
VW,context=Main#check:2165,a=5
VW,context=Main#check:2165,b=5
VW,context=Main#check:2165,k=-99
VW,context=Main#check:2165,result=null
ME,returner=Main#check:2165,value=null
MC,caller=Main#g:4,target=Main#check:2166
VW,context=Main#check:2166,a=5
VW,context=Main#check:2166,b=5
VW,context=Main#check:2166,k=-99
VW,context=Main#check:2166,result=null
ME,returner=Main#check:2166,value=null
MC,caller=Main#g:4,target=Main#check:2167
VW,context=Main#check:2167,a=5
VW,context=Main#check:2167,b=5
VW,context=Main#check:2167,k=-99
VW,context=Main#check:2167,result=null
ME,returner=Main#check:2167,value=null
VW,context=Main#g:4,i=-98
MC,caller=Main#g:4,target=Main#check:2168
VW,context=Main#check:2168,a=5
VW,context=Main#check:2168,b=5
VW,context=Main#check:2168,k=-98
VW,context=Main#check:2168,result=null
ME,returner=Main#check:2168,value=null
MC,caller=Main#g:4,target=Main#check:2169
VW,context=Main#check:2169,a=5
VW,context=Main#check:2169,b=5
VW,context=Main#check:2169,k=-98
VW,context=Main#check:2169,result=null
ME,returner=Main#check:2169,value=null
MC,caller=Main#g:4,target=Main#check:2170
VW,context=Main#check:2170,a=5
VW,context=Main#check:2170,b=5
VW,context=Main#check:2170,k=-98
VW,context=Main#check:2170,result=null
ME,returner=Main#check:2170,value=null
VW,context=Main#g:4,i=-97
MC,caller=Main#g:4,target=Main#check:2171
VW,context=Main#check:2171,a=5
VW,context=Main#check:2171,b=5
VW,context=Main#check:2171,k=-97
VW,context=Main#check:2171,result=null
ME,returner=Main#check:2171,value=null
MC,caller=Main#g:4,target=Main#check:2172
VW,context=Main#check:2172,a=5
VW,context=Main#check:2172,b=5
VW,context=Main#check:2172,k=-97
VW,context=Main#check:2172,result=null
ME,returner=Main#check:2172,value=null
MC,caller=Main#g:4,target=Main#check:2173
VW,context=Main#check:2173,a=5
VW,context=Main#check:2173,b=5
VW,context=Main#check:2173,k=-97
VW,context=Main#check:2173,result=null
ME,returner=Main#check:2173,value=null
VW,context=Main#g:4,i=-96
MC,caller=Main#g:4,target=Main#check:2174
VW,context=Main#check:2174,a=5
VW,context=Main#check:2174,b=5
VW,context=Main#check:2174,k=-96
VW,context=Main#check:2174,result=null
ME,returner=Main#check:2174,value=null
MC,caller=Main#g:4,target=Main#check:2175
VW,context=Main#check:2175,a=5
VW,context=Main#check:2175,b=5
VW,context=Main#check:2175,k=-96
VW,context=Main#check:2175,result=null
ME,returner=Main#check:2175,value=null
MC,caller=Main#g:4,target=Main#check:2176
VW,context=Main#check:2176,a=5
VW,context=Main#check:2176,b=5
VW,context=Main#check:2176,k=-96
VW,context=Main#check:2176,result=null
ME,returner=Main#check:2176,value=null
VW,context=Main#g:4,i=-95
MC,caller=Main#g:4,target=Main#check:2177
VW,context=Main#check:2177,a=5
VW,context=Main#check:2177,b=5
VW,context=Main#check:2177,k=-95
VW,context=Main#check:2177,result=null
ME,returner=Main#check:2177,value=null
MC,caller=Main#g:4,target=Main#check:2178
VW,context=Main#check:2178,a=5
VW,context=Main#check:2178,b=5
VW,context=Main#check:2178,k=-95
VW,context=Main#check:2178,result=null
ME,returner=Main#check:2178,value=null
MC,caller=Main#g:4,target=Main#check:2179
VW,context=Main#check:2179,a=5
VW,context=Main#check:2179,b=5
VW,context=Main#check:2179,k=-95
VW,context=Main#check:2179,result=null
ME,returner=Main#check:2179,value=null
VW,context=Main#g:4,i=-94
MC,caller=Main#g:4,target=Main#check:2180
VW,context=Main#check:2180,a=5
VW,context=Main#check:2180,b=5
VW,context=Main#check:2180,k=-94
VW,context=Main#check:2180,result=null
ME,returner=Main#check:2180,value=null
MC,caller=Main#g:4,target=Main#check:2181
VW,context=Main#check:2181,a=5
VW,context=Main#check:2181,b=5
VW,context=Main#check:2181,k=-94
VW,context=Main#check:2181,result=null
ME,returner=Main#check:2181,value=null
MC,caller=Main#g:4,target=Main#check:2182
VW,context=Main#check:2182,a=5
VW,context=Main#check:2182,b=5
VW,context=Main#check:2182,k=-94
VW,context=Main#check:2182,result=null
ME,returner=Main#check:2182,value=null
VW,context=Main#g:4,i=-93
MC,caller=Main#g:4,target=Main#check:2183
VW,context=Main#check:2183,a=5
VW,context=Main#check:2183,b=5
VW,context=Main#check:2183,k=-93
VW,context=Main#check:2183,result=null
ME,returner=Main#check:2183,value=null
MC,caller=Main#g:4,target=Main#check:2184
VW,context=Main#check:2184,a=5
VW,context=Main#check:2184,b=5
VW,context=Main#check:2184,k=-93
VW,context=Main#check:2184,result=null
ME,returner=Main#check:2184,value=null
MC,caller=Main#g:4,target=Main#check:2185
VW,context=Main#check:2185,a=5
VW,context=Main#check:2185,b=5
VW,context=Main#check:2185,k=-93
VW,context=Main#check:2185,result=null
ME,returner=Main#check:2185,value=null
VW,context=Main#g:4,i=-92
MC,caller=Main#g:4,target=Main#check:2186
VW,context=Main#check:2186,a=5
VW,context=Main#check:2186,b=5
VW,context=Main#check:2186,k=-92
VW,context=Main#check:2186,result=null
ME,returner=Main#check:2186,value=null
MC,caller=Main#g:4,target=Main#check:2187
VW,context=Main#check:2187,a=5
VW,context=Main#check:2187,b=5
VW,context=Main#check:2187,k=-92
VW,context=Main#check:2187,result=null
ME,returner=Main#check:2187,value=null
MC,caller=Main#g:4,target=Main#check:2188
VW,context=Main#check:2188,a=5
VW,context=Main#check:2188,b=5
VW,context=Main#check:2188,k=-92
VW,context=Main#check:2188,result=null
ME,returner=Main#check:2188,value=null
VW,context=Main#g:4,i=-91
MC,caller=Main#g:4,target=Main#check:2189
VW,context=Main#check:2189,a=5
VW,context=Main#check:2189,b=5
VW,context=Main#check:2189,k=-91
VW,context=Main#check:2189,result=null
ME,returner=Main#check:2189,value=null
MC,caller=Main#g:4,target=Main#check:2190
VW,context=Main#check:2190,a=5
VW,context=Main#check:2190,b=5
VW,context=Main#check:2190,k=-91
VW,context=Main#check:2190,result=null
ME,returner=Main#check:2190,value=null
MC,caller=Main#g:4,target=Main#check:2191
VW,context=Main#check:2191,a=5
VW,context=Main#check:2191,b=5
VW,context=Main#check:2191,k=-91
VW,context=Main#check:2191,result=null
ME,returner=Main#check:2191,value=null
VW,context=Main#g:4,i=-90
MC,caller=Main#g:4,target=Main#check:2192
VW,context=Main#check:2192,a=5
VW,context=Main#check:2192,b=5
VW,context=Main#check:2192,k=-90
VW,context=Main#check:2192,result=null
ME,returner=Main#check:2192,value=null
MC,caller=Main#g:4,target=Main#check:2193
VW,context=Main#check:2193,a=5
VW,context=Main#check:2193,b=5
VW,context=Main#check:2193,k=-90
VW,context=Main#check:2193,result=null
ME,returner=Main#check:2193,value=null
MC,caller=Main#g:4,target=Main#check:2194
VW,context=Main#check:2194,a=5
VW,context=Main#check:2194,b=5
VW,context=Main#check:2194,k=-90
VW,context=Main#check:2194,result=null
ME,returner=Main#check:2194,value=null
VW,context=Main#g:4,i=-89
MC,caller=Main#g:4,target=Main#check:2195
VW,context=Main#check:2195,a=5
VW,context=Main#check:2195,b=5
VW,context=Main#check:2195,k=-89
VW,context=Main#check:2195,result=null
ME,returner=Main#check:2195,value=null
MC,caller=Main#g:4,target=Main#check:2196
VW,context=Main#check:2196,a=5
VW,context=Main#check:2196,b=5
VW,context=Main#check:2196,k=-89
VW,context=Main#check:2196,result=null
ME,returner=Main#check:2196,value=null
MC,caller=Main#g:4,target=Main#check:2197
VW,context=Main#check:2197,a=5
VW,context=Main#check:2197,b=5
VW,context=Main#check:2197,k=-89
VW,context=Main#check:2197,result=null
ME,returner=Main#check:2197,value=null
VW,context=Main#g:4,i=-88
MC,caller=Main#g:4,target=Main#check:2198
VW,context=Main#check:2198,a=5
VW,context=Main#check:2198,b=5
VW,context=Main#check:2198,k=-88
VW,context=Main#check:2198,result=null
ME,returner=Main#check:2198,value=null
MC,caller=Main#g:4,target=Main#check:2199
VW,context=Main#check:2199,a=5
VW,context=Main#check:2199,b=5
VW,context=Main#check:2199,k=-88
VW,context=Main#check:2199,result=null
ME,returner=Main#check:2199,value=null
MC,caller=Main#g:4,target=Main#check:2200
VW,context=Main#check:2200,a=5
VW,context=Main#check:2200,b=5
VW,context=Main#check:2200,k=-88
VW,context=Main#check:2200,result=null
ME,returner=Main#check:2200,value=null
VW,context=Main#g:4,i=-87
MC,caller=Main#g:4,target=Main#check:2201
VW,context=Main#check:2201,a=5
VW,context=Main#check:2201,b=5
VW,context=Main#check:2201,k=-87
VW,context=Main#check:2201,result=null
ME,returner=Main#check:2201,value=null
MC,caller=Main#g:4,target=Main#check:2202
VW,context=Main#check:2202,a=5
VW,context=Main#check:2202,b=5
VW,context=Main#check:2202,k=-87
VW,context=Main#check:2202,result=null
ME,returner=Main#check:2202,value=null
MC,caller=Main#g:4,target=Main#check:2203
VW,context=Main#check:2203,a=5
VW,context=Main#check:2203,b=5
VW,context=Main#check:2203,k=-87
VW,context=Main#check:2203,result=null
ME,returner=Main#check:2203,value=null
VW,context=Main#g:4,i=-86
MC,caller=Main#g:4,target=Main#check:2204
VW,context=Main#check:2204,a=5
VW,context=Main#check:2204,b=5
VW,context=Main#check:2204,k=-86
VW,context=Main#check:2204,result=null
ME,returner=Main#check:2204,value=null
MC,caller=Main#g:4,target=Main#check:2205
VW,context=Main#check:2205,a=5
VW,context=Main#check:2205,b=5
VW,context=Main#check:2205,k=-86
VW,context=Main#check:2205,result=null
ME,returner=Main#check:2205,value=null
MC,caller=Main#g:4,target=Main#check:2206
VW,context=Main#check:2206,a=5
VW,context=Main#check:2206,b=5
VW,context=Main#check:2206,k=-86
VW,context=Main#check:2206,result=null
ME,returner=Main#check:2206,value=null
VW,context=Main#g:4,i=-85
MC,caller=Main#g:4,target=Main#check:2207
VW,context=Main#check:2207,a=5
VW,context=Main#check:2207,b=5
VW,context=Main#check:2207,k=-85
VW,context=Main#check:2207,result=null
ME,returner=Main#check:2207,value=null
MC,caller=Main#g:4,target=Main#check:2208
VW,context=Main#check:2208,a=5
VW,context=Main#check:2208,b=5
VW,context=Main#check:2208,k=-85
VW,context=Main#check:2208,result=null
ME,returner=Main#check:2208,value=null
MC,caller=Main#g:4,target=Main#check:2209
VW,context=Main#check:2209,a=5
VW,context=Main#check:2209,b=5
VW,context=Main#check:2209,k=-85
VW,context=Main#check:2209,result=null
ME,returner=Main#check:2209,value=null
VW,context=Main#g:4,i=-84
MC,caller=Main#g:4,target=Main#check:2210
VW,context=Main#check:2210,a=5
VW,context=Main#check:2210,b=5
VW,context=Main#check:2210,k=-84
VW,context=Main#check:2210,result=null
ME,returner=Main#check:2210,value=null
MC,caller=Main#g:4,target=Main#check:2211
VW,context=Main#check:2211,a=5
VW,context=Main#check:2211,b=5
VW,context=Main#check:2211,k=-84
VW,context=Main#check:2211,result=null
ME,returner=Main#check:2211,value=null
MC,caller=Main#g:4,target=Main#check:2212
VW,context=Main#check:2212,a=5
VW,context=Main#check:2212,b=5
VW,context=Main#check:2212,k=-84
VW,context=Main#check:2212,result=null
ME,returner=Main#check:2212,value=null
VW,context=Main#g:4,i=-83
MC,caller=Main#g:4,target=Main#check:2213
VW,context=Main#check:2213,a=5
VW,context=Main#check:2213,b=5
VW,context=Main#check:2213,k=-83
VW,context=Main#check:2213,result=null
ME,returner=Main#check:2213,value=null
MC,caller=Main#g:4,target=Main#check:2214
VW,context=Main#check:2214,a=5
VW,context=Main#check:2214,b=5
VW,context=Main#check:2214,k=-83
VW,context=Main#check:2214,result=null
ME,returner=Main#check:2214,value=null
MC,caller=Main#g:4,target=Main#check:2215
VW,context=Main#check:2215,a=5
VW,context=Main#check:2215,b=5
VW,context=Main#check:2215,k=-83
VW,context=Main#check:2215,result=null
ME,returner=Main#check:2215,value=null
VW,context=Main#g:4,i=-82
MC,caller=Main#g:4,target=Main#check:2216
VW,context=Main#check:2216,a=5
VW,context=Main#check:2216,b=5
VW,context=Main#check:2216,k=-82
VW,context=Main#check:2216,result=null
ME,returner=Main#check:2216,value=null
MC,caller=Main#g:4,target=Main#check:2217
VW,context=Main#check:2217,a=5
VW,context=Main#check:2217,b=5
VW,context=Main#check:2217,k=-82
VW,context=Main#check:2217,result=null
ME,returner=Main#check:2217,value=null
MC,caller=Main#g:4,target=Main#check:2218
VW,context=Main#check:2218,a=5
VW,context=Main#check:2218,b=5
VW,context=Main#check:2218,k=-82
VW,context=Main#check:2218,result=null
ME,returner=Main#check:2218,value=null
VW,context=Main#g:4,i=-81
MC,caller=Main#g:4,target=Main#check:2219
VW,context=Main#check:2219,a=5
VW,context=Main#check:2219,b=5
VW,context=Main#check:2219,k=-81
VW,context=Main#check:2219,result=null
ME,returner=Main#check:2219,value=null
MC,caller=Main#g:4,target=Main#check:2220
VW,context=Main#check:2220,a=5
VW,context=Main#check:2220,b=5
VW,context=Main#check:2220,k=-81
VW,context=Main#check:2220,result=null
ME,returner=Main#check:2220,value=null
MC,caller=Main#g:4,target=Main#check:2221
VW,context=Main#check:2221,a=5
VW,context=Main#check:2221,b=5
VW,context=Main#check:2221,k=-81
VW,context=Main#check:2221,result=null
ME,returner=Main#check:2221,value=null
VW,context=Main#g:4,i=-80
MC,caller=Main#g:4,target=Main#check:2222
VW,context=Main#check:2222,a=5
VW,context=Main#check:2222,b=5
VW,context=Main#check:2222,k=-80
VW,context=Main#check:2222,result=null
ME,returner=Main#check:2222,value=null
MC,caller=Main#g:4,target=Main#check:2223
VW,context=Main#check:2223,a=5
VW,context=Main#check:2223,b=5
VW,context=Main#check:2223,k=-80
VW,context=Main#check:2223,result=null
ME,returner=Main#check:2223,value=null
MC,caller=Main#g:4,target=Main#check:2224
VW,context=Main#check:2224,a=5
VW,context=Main#check:2224,b=5
VW,context=Main#check:2224,k=-80
VW,context=Main#check:2224,result=null
ME,returner=Main#check:2224,value=null
VW,context=Main#g:4,i=-79
MC,caller=Main#g:4,target=Main#check:2225
VW,context=Main#check:2225,a=5
VW,context=Main#check:2225,b=5
VW,context=Main#check:2225,k=-79
VW,context=Main#check:2225,result=null
ME,returner=Main#check:2225,value=null
MC,caller=Main#g:4,target=Main#check:2226
VW,context=Main#check:2226,a=5
VW,context=Main#check:2226,b=5
VW,context=Main#check:2226,k=-79
VW,context=Main#check:2226,result=null
ME,returner=Main#check:2226,value=null
MC,caller=Main#g:4,target=Main#check:2227
VW,context=Main#check:2227,a=5
VW,context=Main#check:2227,b=5
VW,context=Main#check:2227,k=-79
VW,context=Main#check:2227,result=null
ME,returner=Main#check:2227,value=null
VW,context=Main#g:4,i=-78
MC,caller=Main#g:4,target=Main#check:2228
VW,context=Main#check:2228,a=5
VW,context=Main#check:2228,b=5
VW,context=Main#check:2228,k=-78
VW,context=Main#check:2228,result=null
ME,returner=Main#check:2228,value=null
MC,caller=Main#g:4,target=Main#check:2229
VW,context=Main#check:2229,a=5
VW,context=Main#check:2229,b=5
VW,context=Main#check:2229,k=-78
VW,context=Main#check:2229,result=null
ME,returner=Main#check:2229,value=null
MC,caller=Main#g:4,target=Main#check:2230
VW,context=Main#check:2230,a=5
VW,context=Main#check:2230,b=5
VW,context=Main#check:2230,k=-78
VW,context=Main#check:2230,result=null
ME,returner=Main#check:2230,value=null
VW,context=Main#g:4,i=-77
MC,caller=Main#g:4,target=Main#check:2231
VW,context=Main#check:2231,a=5
VW,context=Main#check:2231,b=5
VW,context=Main#check:2231,k=-77
VW,context=Main#check:2231,result=null
ME,returner=Main#check:2231,value=null
MC,caller=Main#g:4,target=Main#check:2232
VW,context=Main#check:2232,a=5
VW,context=Main#check:2232,b=5
VW,context=Main#check:2232,k=-77
VW,context=Main#check:2232,result=null
ME,returner=Main#check:2232,value=null
MC,caller=Main#g:4,target=Main#check:2233
VW,context=Main#check:2233,a=5
VW,context=Main#check:2233,b=5
VW,context=Main#check:2233,k=-77
VW,context=Main#check:2233,result=null
ME,returner=Main#check:2233,value=null
VW,context=Main#g:4,i=-76
MC,caller=Main#g:4,target=Main#check:2234
VW,context=Main#check:2234,a=5
VW,context=Main#check:2234,b=5
VW,context=Main#check:2234,k=-76
VW,context=Main#check:2234,result=null
ME,returner=Main#check:2234,value=null
MC,caller=Main#g:4,target=Main#check:2235
VW,context=Main#check:2235,a=5
VW,context=Main#check:2235,b=5
VW,context=Main#check:2235,k=-76
VW,context=Main#check:2235,result=null
ME,returner=Main#check:2235,value=null
MC,caller=Main#g:4,target=Main#check:2236
VW,context=Main#check:2236,a=5
VW,context=Main#check:2236,b=5
VW,context=Main#check:2236,k=-76
VW,context=Main#check:2236,result=null
ME,returner=Main#check:2236,value=null
VW,context=Main#g:4,i=-75
MC,caller=Main#g:4,target=Main#check:2237
VW,context=Main#check:2237,a=5
VW,context=Main#check:2237,b=5
VW,context=Main#check:2237,k=-75
VW,context=Main#check:2237,result=null
ME,returner=Main#check:2237,value=null
MC,caller=Main#g:4,target=Main#check:2238
VW,context=Main#check:2238,a=5
VW,context=Main#check:2238,b=5
VW,context=Main#check:2238,k=-75
VW,context=Main#check:2238,result=null
ME,returner=Main#check:2238,value=null
MC,caller=Main#g:4,target=Main#check:2239
VW,context=Main#check:2239,a=5
VW,context=Main#check:2239,b=5
VW,context=Main#check:2239,k=-75
VW,context=Main#check:2239,result=null
ME,returner=Main#check:2239,value=null
VW,context=Main#g:4,i=-74
MC,caller=Main#g:4,target=Main#check:2240
VW,context=Main#check:2240,a=5
VW,context=Main#check:2240,b=5
VW,context=Main#check:2240,k=-74
VW,context=Main#check:2240,result=null
ME,returner=Main#check:2240,value=null
MC,caller=Main#g:4,target=Main#check:2241
VW,context=Main#check:2241,a=5
VW,context=Main#check:2241,b=5
VW,context=Main#check:2241,k=-74
VW,context=Main#check:2241,result=null
ME,returner=Main#check:2241,value=null
MC,caller=Main#g:4,target=Main#check:2242
VW,context=Main#check:2242,a=5
VW,context=Main#check:2242,b=5
VW,context=Main#check:2242,k=-74
VW,context=Main#check:2242,result=null
ME,returner=Main#check:2242,value=null
VW,context=Main#g:4,i=-73
MC,caller=Main#g:4,target=Main#check:2243
VW,context=Main#check:2243,a=5
VW,context=Main#check:2243,b=5
VW,context=Main#check:2243,k=-73
VW,context=Main#check:2243,result=null
ME,returner=Main#check:2243,value=null
MC,caller=Main#g:4,target=Main#check:2244
VW,context=Main#check:2244,a=5
VW,context=Main#check:2244,b=5
VW,context=Main#check:2244,k=-73
VW,context=Main#check:2244,result=null
ME,returner=Main#check:2244,value=null
MC,caller=Main#g:4,target=Main#check:2245
VW,context=Main#check:2245,a=5
VW,context=Main#check:2245,b=5
VW,context=Main#check:2245,k=-73
VW,context=Main#check:2245,result=null
ME,returner=Main#check:2245,value=null
VW,context=Main#g:4,i=-72
MC,caller=Main#g:4,target=Main#check:2246
VW,context=Main#check:2246,a=5
VW,context=Main#check:2246,b=5
VW,context=Main#check:2246,k=-72
VW,context=Main#check:2246,result=null
ME,returner=Main#check:2246,value=null
MC,caller=Main#g:4,target=Main#check:2247
VW,context=Main#check:2247,a=5
VW,context=Main#check:2247,b=5
VW,context=Main#check:2247,k=-72
VW,context=Main#check:2247,result=null
ME,returner=Main#check:2247,value=null
MC,caller=Main#g:4,target=Main#check:2248
VW,context=Main#check:2248,a=5
VW,context=Main#check:2248,b=5
VW,context=Main#check:2248,k=-72
VW,context=Main#check:2248,result=null
ME,returner=Main#check:2248,value=null
VW,context=Main#g:4,i=-71
MC,caller=Main#g:4,target=Main#check:2249
VW,context=Main#check:2249,a=5
VW,context=Main#check:2249,b=5
VW,context=Main#check:2249,k=-71
VW,context=Main#check:2249,result=null
ME,returner=Main#check:2249,value=null
MC,caller=Main#g:4,target=Main#check:2250
VW,context=Main#check:2250,a=5
VW,context=Main#check:2250,b=5
VW,context=Main#check:2250,k=-71
VW,context=Main#check:2250,result=null
ME,returner=Main#check:2250,value=null
MC,caller=Main#g:4,target=Main#check:2251
VW,context=Main#check:2251,a=5
VW,context=Main#check:2251,b=5
VW,context=Main#check:2251,k=-71
VW,context=Main#check:2251,result=null
ME,returner=Main#check:2251,value=null
VW,context=Main#g:4,i=-70
MC,caller=Main#g:4,target=Main#check:2252
VW,context=Main#check:2252,a=5
VW,context=Main#check:2252,b=5
VW,context=Main#check:2252,k=-70
VW,context=Main#check:2252,result=null
ME,returner=Main#check:2252,value=null
MC,caller=Main#g:4,target=Main#check:2253
VW,context=Main#check:2253,a=5
VW,context=Main#check:2253,b=5
VW,context=Main#check:2253,k=-70
VW,context=Main#check:2253,result=null
ME,returner=Main#check:2253,value=null
MC,caller=Main#g:4,target=Main#check:2254
VW,context=Main#check:2254,a=5
VW,context=Main#check:2254,b=5
VW,context=Main#check:2254,k=-70
VW,context=Main#check:2254,result=null
ME,returner=Main#check:2254,value=null
VW,context=Main#g:4,i=-69
MC,caller=Main#g:4,target=Main#check:2255
VW,context=Main#check:2255,a=5
VW,context=Main#check:2255,b=5
VW,context=Main#check:2255,k=-69
VW,context=Main#check:2255,result=null
ME,returner=Main#check:2255,value=null
MC,caller=Main#g:4,target=Main#check:2256
VW,context=Main#check:2256,a=5
VW,context=Main#check:2256,b=5
VW,context=Main#check:2256,k=-69
VW,context=Main#check:2256,result=null
ME,returner=Main#check:2256,value=null
MC,caller=Main#g:4,target=Main#check:2257
VW,context=Main#check:2257,a=5
VW,context=Main#check:2257,b=5
VW,context=Main#check:2257,k=-69
VW,context=Main#check:2257,result=null
ME,returner=Main#check:2257,value=null
VW,context=Main#g:4,i=-68
MC,caller=Main#g:4,target=Main#check:2258
VW,context=Main#check:2258,a=5
VW,context=Main#check:2258,b=5
VW,context=Main#check:2258,k=-68
VW,context=Main#check:2258,result=null
ME,returner=Main#check:2258,value=null
MC,caller=Main#g:4,target=Main#check:2259
VW,context=Main#check:2259,a=5
VW,context=Main#check:2259,b=5
VW,context=Main#check:2259,k=-68
VW,context=Main#check:2259,result=null
ME,returner=Main#check:2259,value=null
MC,caller=Main#g:4,target=Main#check:2260
VW,context=Main#check:2260,a=5
VW,context=Main#check:2260,b=5
VW,context=Main#check:2260,k=-68
VW,context=Main#check:2260,result=null
ME,returner=Main#check:2260,value=null
VW,context=Main#g:4,i=-67
MC,caller=Main#g:4,target=Main#check:2261
VW,context=Main#check:2261,a=5
VW,context=Main#check:2261,b=5
VW,context=Main#check:2261,k=-67
VW,context=Main#check:2261,result=null
ME,returner=Main#check:2261,value=null
MC,caller=Main#g:4,target=Main#check:2262
VW,context=Main#check:2262,a=5
VW,context=Main#check:2262,b=5
VW,context=Main#check:2262,k=-67
VW,context=Main#check:2262,result=null
ME,returner=Main#check:2262,value=null
MC,caller=Main#g:4,target=Main#check:2263
VW,context=Main#check:2263,a=5
VW,context=Main#check:2263,b=5
VW,context=Main#check:2263,k=-67
VW,context=Main#check:2263,result=null
ME,returner=Main#check:2263,value=null
VW,context=Main#g:4,i=-66
MC,caller=Main#g:4,target=Main#check:2264
VW,context=Main#check:2264,a=5
VW,context=Main#check:2264,b=5
VW,context=Main#check:2264,k=-66
VW,context=Main#check:2264,result=null
ME,returner=Main#check:2264,value=null
MC,caller=Main#g:4,target=Main#check:2265
VW,context=Main#check:2265,a=5
VW,context=Main#check:2265,b=5
VW,context=Main#check:2265,k=-66
VW,context=Main#check:2265,result=null
ME,returner=Main#check:2265,value=null
MC,caller=Main#g:4,target=Main#check:2266
VW,context=Main#check:2266,a=5
VW,context=Main#check:2266,b=5
VW,context=Main#check:2266,k=-66
VW,context=Main#check:2266,result=null
ME,returner=Main#check:2266,value=null
VW,context=Main#g:4,i=-65
MC,caller=Main#g:4,target=Main#check:2267
VW,context=Main#check:2267,a=5
VW,context=Main#check:2267,b=5
VW,context=Main#check:2267,k=-65
VW,context=Main#check:2267,result=null
ME,returner=Main#check:2267,value=null
MC,caller=Main#g:4,target=Main#check:2268
VW,context=Main#check:2268,a=5
VW,context=Main#check:2268,b=5
VW,context=Main#check:2268,k=-65
VW,context=Main#check:2268,result=null
ME,returner=Main#check:2268,value=null
MC,caller=Main#g:4,target=Main#check:2269
VW,context=Main#check:2269,a=5
VW,context=Main#check:2269,b=5
VW,context=Main#check:2269,k=-65
VW,context=Main#check:2269,result=null
ME,returner=Main#check:2269,value=null
VW,context=Main#g:4,i=-64
MC,caller=Main#g:4,target=Main#check:2270
VW,context=Main#check:2270,a=5
VW,context=Main#check:2270,b=5
VW,context=Main#check:2270,k=-64
VW,context=Main#check:2270,result=null
ME,returner=Main#check:2270,value=null
MC,caller=Main#g:4,target=Main#check:2271
VW,context=Main#check:2271,a=5
VW,context=Main#check:2271,b=5
VW,context=Main#check:2271,k=-64
VW,context=Main#check:2271,result=null
ME,returner=Main#check:2271,value=null
MC,caller=Main#g:4,target=Main#check:2272
VW,context=Main#check:2272,a=5
VW,context=Main#check:2272,b=5
VW,context=Main#check:2272,k=-64
VW,context=Main#check:2272,result=null
ME,returner=Main#check:2272,value=null
VW,context=Main#g:4,i=-63
MC,caller=Main#g:4,target=Main#check:2273
VW,context=Main#check:2273,a=5
VW,context=Main#check:2273,b=5
VW,context=Main#check:2273,k=-63
VW,context=Main#check:2273,result=null
ME,returner=Main#check:2273,value=null
MC,caller=Main#g:4,target=Main#check:2274
VW,context=Main#check:2274,a=5
VW,context=Main#check:2274,b=5
VW,context=Main#check:2274,k=-63
VW,context=Main#check:2274,result=null
ME,returner=Main#check:2274,value=null
MC,caller=Main#g:4,target=Main#check:2275
VW,context=Main#check:2275,a=5
VW,context=Main#check:2275,b=5
VW,context=Main#check:2275,k=-63
VW,context=Main#check:2275,result=null
ME,returner=Main#check:2275,value=null
VW,context=Main#g:4,i=-62
MC,caller=Main#g:4,target=Main#check:2276
VW,context=Main#check:2276,a=5
VW,context=Main#check:2276,b=5
VW,context=Main#check:2276,k=-62
VW,context=Main#check:2276,result=null
ME,returner=Main#check:2276,value=null
MC,caller=Main#g:4,target=Main#check:2277
VW,context=Main#check:2277,a=5
VW,context=Main#check:2277,b=5
VW,context=Main#check:2277,k=-62
VW,context=Main#check:2277,result=null
ME,returner=Main#check:2277,value=null
MC,caller=Main#g:4,target=Main#check:2278
VW,context=Main#check:2278,a=5
VW,context=Main#check:2278,b=5
VW,context=Main#check:2278,k=-62
VW,context=Main#check:2278,result=null
ME,returner=Main#check:2278,value=null
VW,context=Main#g:4,i=-61
MC,caller=Main#g:4,target=Main#check:2279
VW,context=Main#check:2279,a=5
VW,context=Main#check:2279,b=5
VW,context=Main#check:2279,k=-61
VW,context=Main#check:2279,result=null
ME,returner=Main#check:2279,value=null
MC,caller=Main#g:4,target=Main#check:2280
VW,context=Main#check:2280,a=5
VW,context=Main#check:2280,b=5
VW,context=Main#check:2280,k=-61
VW,context=Main#check:2280,result=null
ME,returner=Main#check:2280,value=null
MC,caller=Main#g:4,target=Main#check:2281
VW,context=Main#check:2281,a=5
VW,context=Main#check:2281,b=5
VW,context=Main#check:2281,k=-61
VW,context=Main#check:2281,result=null
ME,returner=Main#check:2281,value=null
VW,context=Main#g:4,i=-60
MC,caller=Main#g:4,target=Main#check:2282
VW,context=Main#check:2282,a=5
VW,context=Main#check:2282,b=5
VW,context=Main#check:2282,k=-60
VW,context=Main#check:2282,result=null
ME,returner=Main#check:2282,value=null
MC,caller=Main#g:4,target=Main#check:2283
VW,context=Main#check:2283,a=5
VW,context=Main#check:2283,b=5
VW,context=Main#check:2283,k=-60
VW,context=Main#check:2283,result=null
ME,returner=Main#check:2283,value=null
MC,caller=Main#g:4,target=Main#check:2284
VW,context=Main#check:2284,a=5
VW,context=Main#check:2284,b=5
VW,context=Main#check:2284,k=-60
VW,context=Main#check:2284,result=null
ME,returner=Main#check:2284,value=null
VW,context=Main#g:4,i=-59
MC,caller=Main#g:4,target=Main#check:2285
VW,context=Main#check:2285,a=5
VW,context=Main#check:2285,b=5
VW,context=Main#check:2285,k=-59
VW,context=Main#check:2285,result=null
ME,returner=Main#check:2285,value=null
MC,caller=Main#g:4,target=Main#check:2286
VW,context=Main#check:2286,a=5
VW,context=Main#check:2286,b=5
VW,context=Main#check:2286,k=-59
VW,context=Main#check:2286,result=null
ME,returner=Main#check:2286,value=null
MC,caller=Main#g:4,target=Main#check:2287
VW,context=Main#check:2287,a=5
VW,context=Main#check:2287,b=5
VW,context=Main#check:2287,k=-59
VW,context=Main#check:2287,result=null
ME,returner=Main#check:2287,value=null
VW,context=Main#g:4,i=-58
MC,caller=Main#g:4,target=Main#check:2288
VW,context=Main#check:2288,a=5
VW,context=Main#check:2288,b=5
VW,context=Main#check:2288,k=-58
VW,context=Main#check:2288,result=null
ME,returner=Main#check:2288,value=null
MC,caller=Main#g:4,target=Main#check:2289
VW,context=Main#check:2289,a=5
VW,context=Main#check:2289,b=5
VW,context=Main#check:2289,k=-58
VW,context=Main#check:2289,result=null
ME,returner=Main#check:2289,value=null
MC,caller=Main#g:4,target=Main#check:2290
VW,context=Main#check:2290,a=5
VW,context=Main#check:2290,b=5
VW,context=Main#check:2290,k=-58
VW,context=Main#check:2290,result=null
ME,returner=Main#check:2290,value=null
VW,context=Main#g:4,i=-57
MC,caller=Main#g:4,target=Main#check:2291
VW,context=Main#check:2291,a=5
VW,context=Main#check:2291,b=5
VW,context=Main#check:2291,k=-57
VW,context=Main#check:2291,result=null
ME,returner=Main#check:2291,value=null
MC,caller=Main#g:4,target=Main#check:2292
VW,context=Main#check:2292,a=5
VW,context=Main#check:2292,b=5
VW,context=Main#check:2292,k=-57
VW,context=Main#check:2292,result=null
ME,returner=Main#check:2292,value=null
MC,caller=Main#g:4,target=Main#check:2293
VW,context=Main#check:2293,a=5
VW,context=Main#check:2293,b=5
VW,context=Main#check:2293,k=-57
VW,context=Main#check:2293,result=null
ME,returner=Main#check:2293,value=null
VW,context=Main#g:4,i=-56
MC,caller=Main#g:4,target=Main#check:2294
VW,context=Main#check:2294,a=5
VW,context=Main#check:2294,b=5
VW,context=Main#check:2294,k=-56
VW,context=Main#check:2294,result=null
ME,returner=Main#check:2294,value=null
MC,caller=Main#g:4,target=Main#check:2295
VW,context=Main#check:2295,a=5
VW,context=Main#check:2295,b=5
VW,context=Main#check:2295,k=-56
VW,context=Main#check:2295,result=null
ME,returner=Main#check:2295,value=null
MC,caller=Main#g:4,target=Main#check:2296
VW,context=Main#check:2296,a=5
VW,context=Main#check:2296,b=5
VW,context=Main#check:2296,k=-56
VW,context=Main#check:2296,result=null
ME,returner=Main#check:2296,value=null
VW,context=Main#g:4,i=-55
MC,caller=Main#g:4,target=Main#check:2297
VW,context=Main#check:2297,a=5
VW,context=Main#check:2297,b=5
VW,context=Main#check:2297,k=-55
VW,context=Main#check:2297,result=null
ME,returner=Main#check:2297,value=null
MC,caller=Main#g:4,target=Main#check:2298
VW,context=Main#check:2298,a=5
VW,context=Main#check:2298,b=5
VW,context=Main#check:2298,k=-55
VW,context=Main#check:2298,result=null
ME,returner=Main#check:2298,value=null
MC,caller=Main#g:4,target=Main#check:2299
VW,context=Main#check:2299,a=5
VW,context=Main#check:2299,b=5
VW,context=Main#check:2299,k=-55
VW,context=Main#check:2299,result=null
ME,returner=Main#check:2299,value=null
VW,context=Main#g:4,i=-54
MC,caller=Main#g:4,target=Main#check:2300
VW,context=Main#check:2300,a=5
VW,context=Main#check:2300,b=5
VW,context=Main#check:2300,k=-54
VW,context=Main#check:2300,result=null
ME,returner=Main#check:2300,value=null
MC,caller=Main#g:4,target=Main#check:2301
VW,context=Main#check:2301,a=5
VW,context=Main#check:2301,b=5
VW,context=Main#check:2301,k=-54
VW,context=Main#check:2301,result=null
ME,returner=Main#check:2301,value=null
MC,caller=Main#g:4,target=Main#check:2302
VW,context=Main#check:2302,a=5
VW,context=Main#check:2302,b=5
VW,context=Main#check:2302,k=-54
VW,context=Main#check:2302,result=null
ME,returner=Main#check:2302,value=null
VW,context=Main#g:4,i=-53
MC,caller=Main#g:4,target=Main#check:2303
VW,context=Main#check:2303,a=5
VW,context=Main#check:2303,b=5
VW,context=Main#check:2303,k=-53
VW,context=Main#check:2303,result=null
ME,returner=Main#check:2303,value=null
MC,caller=Main#g:4,target=Main#check:2304
VW,context=Main#check:2304,a=5
VW,context=Main#check:2304,b=5
VW,context=Main#check:2304,k=-53
VW,context=Main#check:2304,result=null
ME,returner=Main#check:2304,value=null
MC,caller=Main#g:4,target=Main#check:2305
VW,context=Main#check:2305,a=5
VW,context=Main#check:2305,b=5
VW,context=Main#check:2305,k=-53
VW,context=Main#check:2305,result=null
ME,returner=Main#check:2305,value=null
VW,context=Main#g:4,i=-52
MC,caller=Main#g:4,target=Main#check:2306
VW,context=Main#check:2306,a=5
VW,context=Main#check:2306,b=5
VW,context=Main#check:2306,k=-52
VW,context=Main#check:2306,result=null
ME,returner=Main#check:2306,value=null
MC,caller=Main#g:4,target=Main#check:2307
VW,context=Main#check:2307,a=5
VW,context=Main#check:2307,b=5
VW,context=Main#check:2307,k=-52
VW,context=Main#check:2307,result=null
ME,returner=Main#check:2307,value=null
MC,caller=Main#g:4,target=Main#check:2308
VW,context=Main#check:2308,a=5
VW,context=Main#check:2308,b=5
VW,context=Main#check:2308,k=-52
VW,context=Main#check:2308,result=null
ME,returner=Main#check:2308,value=null
VW,context=Main#g:4,i=-51
MC,caller=Main#g:4,target=Main#check:2309
VW,context=Main#check:2309,a=5
VW,context=Main#check:2309,b=5
VW,context=Main#check:2309,k=-51
VW,context=Main#check:2309,result=null
ME,returner=Main#check:2309,value=null
MC,caller=Main#g:4,target=Main#check:2310
VW,context=Main#check:2310,a=5
VW,context=Main#check:2310,b=5
VW,context=Main#check:2310,k=-51
VW,context=Main#check:2310,result=null
ME,returner=Main#check:2310,value=null
MC,caller=Main#g:4,target=Main#check:2311
VW,context=Main#check:2311,a=5
VW,context=Main#check:2311,b=5
VW,context=Main#check:2311,k=-51
VW,context=Main#check:2311,result=null
ME,returner=Main#check:2311,value=null
VW,context=Main#g:4,i=-50
MC,caller=Main#g:4,target=Main#check:2312
VW,context=Main#check:2312,a=5
VW,context=Main#check:2312,b=5
VW,context=Main#check:2312,k=-50
VW,context=Main#check:2312,result=null
ME,returner=Main#check:2312,value=null
MC,caller=Main#g:4,target=Main#check:2313
VW,context=Main#check:2313,a=5
VW,context=Main#check:2313,b=5
VW,context=Main#check:2313,k=-50
VW,context=Main#check:2313,result=null
ME,returner=Main#check:2313,value=null
MC,caller=Main#g:4,target=Main#check:2314
VW,context=Main#check:2314,a=5
VW,context=Main#check:2314,b=5
VW,context=Main#check:2314,k=-50
VW,context=Main#check:2314,result=null
ME,returner=Main#check:2314,value=null
VW,context=Main#g:4,i=-49
MC,caller=Main#g:4,target=Main#check:2315
VW,context=Main#check:2315,a=5
VW,context=Main#check:2315,b=5
VW,context=Main#check:2315,k=-49
VW,context=Main#check:2315,result=null
ME,returner=Main#check:2315,value=null
MC,caller=Main#g:4,target=Main#check:2316
VW,context=Main#check:2316,a=5
VW,context=Main#check:2316,b=5
VW,context=Main#check:2316,k=-49
VW,context=Main#check:2316,result=null
ME,returner=Main#check:2316,value=null
MC,caller=Main#g:4,target=Main#check:2317
VW,context=Main#check:2317,a=5
VW,context=Main#check:2317,b=5
VW,context=Main#check:2317,k=-49
VW,context=Main#check:2317,result=null
ME,returner=Main#check:2317,value=null
VW,context=Main#g:4,i=-48
MC,caller=Main#g:4,target=Main#check:2318
VW,context=Main#check:2318,a=5
VW,context=Main#check:2318,b=5
VW,context=Main#check:2318,k=-48
VW,context=Main#check:2318,result=null
ME,returner=Main#check:2318,value=null
MC,caller=Main#g:4,target=Main#check:2319
VW,context=Main#check:2319,a=5
VW,context=Main#check:2319,b=5
VW,context=Main#check:2319,k=-48
VW,context=Main#check:2319,result=null
ME,returner=Main#check:2319,value=null
MC,caller=Main#g:4,target=Main#check:2320
VW,context=Main#check:2320,a=5
VW,context=Main#check:2320,b=5
VW,context=Main#check:2320,k=-48
VW,context=Main#check:2320,result=null
ME,returner=Main#check:2320,value=null
VW,context=Main#g:4,i=-47
MC,caller=Main#g:4,target=Main#check:2321
VW,context=Main#check:2321,a=5
VW,context=Main#check:2321,b=5
VW,context=Main#check:2321,k=-47
VW,context=Main#check:2321,result=null
ME,returner=Main#check:2321,value=null
MC,caller=Main#g:4,target=Main#check:2322
VW,context=Main#check:2322,a=5
VW,context=Main#check:2322,b=5
VW,context=Main#check:2322,k=-47
VW,context=Main#check:2322,result=null
ME,returner=Main#check:2322,value=null
MC,caller=Main#g:4,target=Main#check:2323
VW,context=Main#check:2323,a=5
VW,context=Main#check:2323,b=5
VW,context=Main#check:2323,k=-47
VW,context=Main#check:2323,result=null
ME,returner=Main#check:2323,value=null
VW,context=Main#g:4,i=-46
MC,caller=Main#g:4,target=Main#check:2324
VW,context=Main#check:2324,a=5
VW,context=Main#check:2324,b=5
VW,context=Main#check:2324,k=-46
VW,context=Main#check:2324,result=null
ME,returner=Main#check:2324,value=null
MC,caller=Main#g:4,target=Main#check:2325
VW,context=Main#check:2325,a=5
VW,context=Main#check:2325,b=5
VW,context=Main#check:2325,k=-46
VW,context=Main#check:2325,result=null
ME,returner=Main#check:2325,value=null
MC,caller=Main#g:4,target=Main#check:2326
VW,context=Main#check:2326,a=5
VW,context=Main#check:2326,b=5
VW,context=Main#check:2326,k=-46
VW,context=Main#check:2326,result=null
ME,returner=Main#check:2326,value=null
VW,context=Main#g:4,i=-45
MC,caller=Main#g:4,target=Main#check:2327
VW,context=Main#check:2327,a=5
VW,context=Main#check:2327,b=5
VW,context=Main#check:2327,k=-45
VW,context=Main#check:2327,result=null
ME,returner=Main#check:2327,value=null
MC,caller=Main#g:4,target=Main#check:2328
VW,context=Main#check:2328,a=5
VW,context=Main#check:2328,b=5
VW,context=Main#check:2328,k=-45
VW,context=Main#check:2328,result=null
ME,returner=Main#check:2328,value=null
MC,caller=Main#g:4,target=Main#check:2329
VW,context=Main#check:2329,a=5
VW,context=Main#check:2329,b=5
VW,context=Main#check:2329,k=-45
VW,context=Main#check:2329,result=null
ME,returner=Main#check:2329,value=null
VW,context=Main#g:4,i=-44
MC,caller=Main#g:4,target=Main#check:2330
VW,context=Main#check:2330,a=5
VW,context=Main#check:2330,b=5
VW,context=Main#check:2330,k=-44
VW,context=Main#check:2330,result=null
ME,returner=Main#check:2330,value=null
MC,caller=Main#g:4,target=Main#check:2331
VW,context=Main#check:2331,a=5
VW,context=Main#check:2331,b=5
VW,context=Main#check:2331,k=-44
VW,context=Main#check:2331,result=null
ME,returner=Main#check:2331,value=null
MC,caller=Main#g:4,target=Main#check:2332
VW,context=Main#check:2332,a=5
VW,context=Main#check:2332,b=5
VW,context=Main#check:2332,k=-44
VW,context=Main#check:2332,result=null
ME,returner=Main#check:2332,value=null
VW,context=Main#g:4,i=-43
MC,caller=Main#g:4,target=Main#check:2333
VW,context=Main#check:2333,a=5
VW,context=Main#check:2333,b=5
VW,context=Main#check:2333,k=-43
VW,context=Main#check:2333,result=null
ME,returner=Main#check:2333,value=null
MC,caller=Main#g:4,target=Main#check:2334
VW,context=Main#check:2334,a=5
VW,context=Main#check:2334,b=5
VW,context=Main#check:2334,k=-43
VW,context=Main#check:2334,result=null
ME,returner=Main#check:2334,value=null
MC,caller=Main#g:4,target=Main#check:2335
VW,context=Main#check:2335,a=5
VW,context=Main#check:2335,b=5
VW,context=Main#check:2335,k=-43
VW,context=Main#check:2335,result=null
ME,returner=Main#check:2335,value=null
VW,context=Main#g:4,i=-42
MC,caller=Main#g:4,target=Main#check:2336
VW,context=Main#check:2336,a=5
VW,context=Main#check:2336,b=5
VW,context=Main#check:2336,k=-42
VW,context=Main#check:2336,result=null
ME,returner=Main#check:2336,value=null
MC,caller=Main#g:4,target=Main#check:2337
VW,context=Main#check:2337,a=5
VW,context=Main#check:2337,b=5
VW,context=Main#check:2337,k=-42
VW,context=Main#check:2337,result=null
ME,returner=Main#check:2337,value=null
MC,caller=Main#g:4,target=Main#check:2338
VW,context=Main#check:2338,a=5
VW,context=Main#check:2338,b=5
VW,context=Main#check:2338,k=-42
VW,context=Main#check:2338,result=null
ME,returner=Main#check:2338,value=null
VW,context=Main#g:4,i=-41
MC,caller=Main#g:4,target=Main#check:2339
VW,context=Main#check:2339,a=5
VW,context=Main#check:2339,b=5
VW,context=Main#check:2339,k=-41
VW,context=Main#check:2339,result=null
ME,returner=Main#check:2339,value=null
MC,caller=Main#g:4,target=Main#check:2340
VW,context=Main#check:2340,a=5
VW,context=Main#check:2340,b=5
VW,context=Main#check:2340,k=-41
VW,context=Main#check:2340,result=null
ME,returner=Main#check:2340,value=null
MC,caller=Main#g:4,target=Main#check:2341
VW,context=Main#check:2341,a=5
VW,context=Main#check:2341,b=5
VW,context=Main#check:2341,k=-41
VW,context=Main#check:2341,result=null
ME,returner=Main#check:2341,value=null
VW,context=Main#g:4,i=-40
MC,caller=Main#g:4,target=Main#check:2342
VW,context=Main#check:2342,a=5
VW,context=Main#check:2342,b=5
VW,context=Main#check:2342,k=-40
VW,context=Main#check:2342,result=null
ME,returner=Main#check:2342,value=null
MC,caller=Main#g:4,target=Main#check:2343
VW,context=Main#check:2343,a=5
VW,context=Main#check:2343,b=5
VW,context=Main#check:2343,k=-40
VW,context=Main#check:2343,result=null
ME,returner=Main#check:2343,value=null
MC,caller=Main#g:4,target=Main#check:2344
VW,context=Main#check:2344,a=5
VW,context=Main#check:2344,b=5
VW,context=Main#check:2344,k=-40
VW,context=Main#check:2344,result=null
ME,returner=Main#check:2344,value=null
VW,context=Main#g:4,i=-39
MC,caller=Main#g:4,target=Main#check:2345
VW,context=Main#check:2345,a=5
VW,context=Main#check:2345,b=5
VW,context=Main#check:2345,k=-39
VW,context=Main#check:2345,result=null
ME,returner=Main#check:2345,value=null
MC,caller=Main#g:4,target=Main#check:2346
VW,context=Main#check:2346,a=5
VW,context=Main#check:2346,b=5
VW,context=Main#check:2346,k=-39
VW,context=Main#check:2346,result=null
ME,returner=Main#check:2346,value=null
MC,caller=Main#g:4,target=Main#check:2347
VW,context=Main#check:2347,a=5
VW,context=Main#check:2347,b=5
VW,context=Main#check:2347,k=-39
VW,context=Main#check:2347,result=null
ME,returner=Main#check:2347,value=null
VW,context=Main#g:4,i=-38
MC,caller=Main#g:4,target=Main#check:2348
VW,context=Main#check:2348,a=5
VW,context=Main#check:2348,b=5
VW,context=Main#check:2348,k=-38
VW,context=Main#check:2348,result=null
ME,returner=Main#check:2348,value=null
MC,caller=Main#g:4,target=Main#check:2349
VW,context=Main#check:2349,a=5
VW,context=Main#check:2349,b=5
VW,context=Main#check:2349,k=-38
VW,context=Main#check:2349,result=null
ME,returner=Main#check:2349,value=null
MC,caller=Main#g:4,target=Main#check:2350
VW,context=Main#check:2350,a=5
VW,context=Main#check:2350,b=5
VW,context=Main#check:2350,k=-38
VW,context=Main#check:2350,result=null
ME,returner=Main#check:2350,value=null
VW,context=Main#g:4,i=-37
MC,caller=Main#g:4,target=Main#check:2351
VW,context=Main#check:2351,a=5
VW,context=Main#check:2351,b=5
VW,context=Main#check:2351,k=-37
VW,context=Main#check:2351,result=null
ME,returner=Main#check:2351,value=null
MC,caller=Main#g:4,target=Main#check:2352
VW,context=Main#check:2352,a=5
VW,context=Main#check:2352,b=5
VW,context=Main#check:2352,k=-37
VW,context=Main#check:2352,result=null
ME,returner=Main#check:2352,value=null
MC,caller=Main#g:4,target=Main#check:2353
VW,context=Main#check:2353,a=5
VW,context=Main#check:2353,b=5
VW,context=Main#check:2353,k=-37
VW,context=Main#check:2353,result=null
ME,returner=Main#check:2353,value=null
VW,context=Main#g:4,i=-36
MC,caller=Main#g:4,target=Main#check:2354
VW,context=Main#check:2354,a=5
VW,context=Main#check:2354,b=5
VW,context=Main#check:2354,k=-36
VW,context=Main#check:2354,result=null
ME,returner=Main#check:2354,value=null
MC,caller=Main#g:4,target=Main#check:2355
VW,context=Main#check:2355,a=5
VW,context=Main#check:2355,b=5
VW,context=Main#check:2355,k=-36
VW,context=Main#check:2355,result=null
ME,returner=Main#check:2355,value=null
MC,caller=Main#g:4,target=Main#check:2356
VW,context=Main#check:2356,a=5
VW,context=Main#check:2356,b=5
VW,context=Main#check:2356,k=-36
VW,context=Main#check:2356,result=null
ME,returner=Main#check:2356,value=null
VW,context=Main#g:4,i=-35
MC,caller=Main#g:4,target=Main#check:2357
VW,context=Main#check:2357,a=5
VW,context=Main#check:2357,b=5
VW,context=Main#check:2357,k=-35
VW,context=Main#check:2357,result=null
ME,returner=Main#check:2357,value=null
MC,caller=Main#g:4,target=Main#check:2358
VW,context=Main#check:2358,a=5
VW,context=Main#check:2358,b=5
VW,context=Main#check:2358,k=-35
VW,context=Main#check:2358,result=null
ME,returner=Main#check:2358,value=null
MC,caller=Main#g:4,target=Main#check:2359
VW,context=Main#check:2359,a=5
VW,context=Main#check:2359,b=5
VW,context=Main#check:2359,k=-35
VW,context=Main#check:2359,result=null
ME,returner=Main#check:2359,value=null
VW,context=Main#g:4,i=-34
MC,caller=Main#g:4,target=Main#check:2360
VW,context=Main#check:2360,a=5
VW,context=Main#check:2360,b=5
VW,context=Main#check:2360,k=-34
VW,context=Main#check:2360,result=null
ME,returner=Main#check:2360,value=null
MC,caller=Main#g:4,target=Main#check:2361
VW,context=Main#check:2361,a=5
VW,context=Main#check:2361,b=5
VW,context=Main#check:2361,k=-34
VW,context=Main#check:2361,result=null
ME,returner=Main#check:2361,value=null
MC,caller=Main#g:4,target=Main#check:2362
VW,context=Main#check:2362,a=5
VW,context=Main#check:2362,b=5
VW,context=Main#check:2362,k=-34
VW,context=Main#check:2362,result=null
ME,returner=Main#check:2362,value=null
VW,context=Main#g:4,i=-33
MC,caller=Main#g:4,target=Main#check:2363
VW,context=Main#check:2363,a=5
VW,context=Main#check:2363,b=5
VW,context=Main#check:2363,k=-33
VW,context=Main#check:2363,result=null
ME,returner=Main#check:2363,value=null
MC,caller=Main#g:4,target=Main#check:2364
VW,context=Main#check:2364,a=5
VW,context=Main#check:2364,b=5
VW,context=Main#check:2364,k=-33
VW,context=Main#check:2364,result=null
ME,returner=Main#check:2364,value=null
MC,caller=Main#g:4,target=Main#check:2365
VW,context=Main#check:2365,a=5
VW,context=Main#check:2365,b=5
VW,context=Main#check:2365,k=-33
VW,context=Main#check:2365,result=null
ME,returner=Main#check:2365,value=null
VW,context=Main#g:4,i=-32
MC,caller=Main#g:4,target=Main#check:2366
VW,context=Main#check:2366,a=5
VW,context=Main#check:2366,b=5
VW,context=Main#check:2366,k=-32
VW,context=Main#check:2366,result=null
ME,returner=Main#check:2366,value=null
MC,caller=Main#g:4,target=Main#check:2367
VW,context=Main#check:2367,a=5
VW,context=Main#check:2367,b=5
VW,context=Main#check:2367,k=-32
VW,context=Main#check:2367,result=null
ME,returner=Main#check:2367,value=null
MC,caller=Main#g:4,target=Main#check:2368
VW,context=Main#check:2368,a=5
VW,context=Main#check:2368,b=5
VW,context=Main#check:2368,k=-32
VW,context=Main#check:2368,result=null
ME,returner=Main#check:2368,value=null
VW,context=Main#g:4,i=-31
MC,caller=Main#g:4,target=Main#check:2369
VW,context=Main#check:2369,a=5
VW,context=Main#check:2369,b=5
VW,context=Main#check:2369,k=-31
VW,context=Main#check:2369,result=null
ME,returner=Main#check:2369,value=null
MC,caller=Main#g:4,target=Main#check:2370
VW,context=Main#check:2370,a=5
VW,context=Main#check:2370,b=5
VW,context=Main#check:2370,k=-31
VW,context=Main#check:2370,result=null
ME,returner=Main#check:2370,value=null
MC,caller=Main#g:4,target=Main#check:2371
VW,context=Main#check:2371,a=5
VW,context=Main#check:2371,b=5
VW,context=Main#check:2371,k=-31
VW,context=Main#check:2371,result=null
ME,returner=Main#check:2371,value=null
VW,context=Main#g:4,i=-30
MC,caller=Main#g:4,target=Main#check:2372
VW,context=Main#check:2372,a=5
VW,context=Main#check:2372,b=5
VW,context=Main#check:2372,k=-30
VW,context=Main#check:2372,result=null
ME,returner=Main#check:2372,value=null
MC,caller=Main#g:4,target=Main#check:2373
VW,context=Main#check:2373,a=5
VW,context=Main#check:2373,b=5
VW,context=Main#check:2373,k=-30
VW,context=Main#check:2373,result=null
ME,returner=Main#check:2373,value=null
MC,caller=Main#g:4,target=Main#check:2374
VW,context=Main#check:2374,a=5
VW,context=Main#check:2374,b=5
VW,context=Main#check:2374,k=-30
VW,context=Main#check:2374,result=null
ME,returner=Main#check:2374,value=null
VW,context=Main#g:4,i=-29
MC,caller=Main#g:4,target=Main#check:2375
VW,context=Main#check:2375,a=5
VW,context=Main#check:2375,b=5
VW,context=Main#check:2375,k=-29
VW,context=Main#check:2375,result=null
ME,returner=Main#check:2375,value=null
MC,caller=Main#g:4,target=Main#check:2376
VW,context=Main#check:2376,a=5
VW,context=Main#check:2376,b=5
VW,context=Main#check:2376,k=-29
VW,context=Main#check:2376,result=null
ME,returner=Main#check:2376,value=null
MC,caller=Main#g:4,target=Main#check:2377
VW,context=Main#check:2377,a=5
VW,context=Main#check:2377,b=5
VW,context=Main#check:2377,k=-29
VW,context=Main#check:2377,result=null
ME,returner=Main#check:2377,value=null
VW,context=Main#g:4,i=-28
MC,caller=Main#g:4,target=Main#check:2378
VW,context=Main#check:2378,a=5
VW,context=Main#check:2378,b=5
VW,context=Main#check:2378,k=-28
VW,context=Main#check:2378,result=null
ME,returner=Main#check:2378,value=null
MC,caller=Main#g:4,target=Main#check:2379
VW,context=Main#check:2379,a=5
VW,context=Main#check:2379,b=5
VW,context=Main#check:2379,k=-28
VW,context=Main#check:2379,result=null
ME,returner=Main#check:2379,value=null
MC,caller=Main#g:4,target=Main#check:2380
VW,context=Main#check:2380,a=5
VW,context=Main#check:2380,b=5
VW,context=Main#check:2380,k=-28
VW,context=Main#check:2380,result=null
ME,returner=Main#check:2380,value=null
VW,context=Main#g:4,i=-27
MC,caller=Main#g:4,target=Main#check:2381
VW,context=Main#check:2381,a=5
VW,context=Main#check:2381,b=5
VW,context=Main#check:2381,k=-27
VW,context=Main#check:2381,result=null
ME,returner=Main#check:2381,value=null
MC,caller=Main#g:4,target=Main#check:2382
VW,context=Main#check:2382,a=5
VW,context=Main#check:2382,b=5
VW,context=Main#check:2382,k=-27
VW,context=Main#check:2382,result=null
ME,returner=Main#check:2382,value=null
MC,caller=Main#g:4,target=Main#check:2383
VW,context=Main#check:2383,a=5
VW,context=Main#check:2383,b=5
VW,context=Main#check:2383,k=-27
VW,context=Main#check:2383,result=null
ME,returner=Main#check:2383,value=null
VW,context=Main#g:4,i=-26
MC,caller=Main#g:4,target=Main#check:2384
VW,context=Main#check:2384,a=5
VW,context=Main#check:2384,b=5
VW,context=Main#check:2384,k=-26
VW,context=Main#check:2384,result=null
ME,returner=Main#check:2384,value=null
MC,caller=Main#g:4,target=Main#check:2385
VW,context=Main#check:2385,a=5
VW,context=Main#check:2385,b=5
VW,context=Main#check:2385,k=-26
VW,context=Main#check:2385,result=null
ME,returner=Main#check:2385,value=null
MC,caller=Main#g:4,target=Main#check:2386
VW,context=Main#check:2386,a=5
VW,context=Main#check:2386,b=5
VW,context=Main#check:2386,k=-26
VW,context=Main#check:2386,result=null
ME,returner=Main#check:2386,value=null
VW,context=Main#g:4,i=-25
MC,caller=Main#g:4,target=Main#check:2387
VW,context=Main#check:2387,a=5
VW,context=Main#check:2387,b=5
VW,context=Main#check:2387,k=-25
VW,context=Main#check:2387,result=null
ME,returner=Main#check:2387,value=null
MC,caller=Main#g:4,target=Main#check:2388
VW,context=Main#check:2388,a=5
VW,context=Main#check:2388,b=5
VW,context=Main#check:2388,k=-25
VW,context=Main#check:2388,result=null
ME,returner=Main#check:2388,value=null
MC,caller=Main#g:4,target=Main#check:2389
VW,context=Main#check:2389,a=5
VW,context=Main#check:2389,b=5
VW,context=Main#check:2389,k=-25
VW,context=Main#check:2389,result=null
ME,returner=Main#check:2389,value=null
VW,context=Main#g:4,i=-24
MC,caller=Main#g:4,target=Main#check:2390
VW,context=Main#check:2390,a=5
VW,context=Main#check:2390,b=5
VW,context=Main#check:2390,k=-24
VW,context=Main#check:2390,result=null
ME,returner=Main#check:2390,value=null
MC,caller=Main#g:4,target=Main#check:2391
VW,context=Main#check:2391,a=5
VW,context=Main#check:2391,b=5
VW,context=Main#check:2391,k=-24
VW,context=Main#check:2391,result=null
ME,returner=Main#check:2391,value=null
MC,caller=Main#g:4,target=Main#check:2392
VW,context=Main#check:2392,a=5
VW,context=Main#check:2392,b=5
VW,context=Main#check:2392,k=-24
VW,context=Main#check:2392,result=null
ME,returner=Main#check:2392,value=null
VW,context=Main#g:4,i=-23
MC,caller=Main#g:4,target=Main#check:2393
VW,context=Main#check:2393,a=5
VW,context=Main#check:2393,b=5
VW,context=Main#check:2393,k=-23
VW,context=Main#check:2393,result=null
ME,returner=Main#check:2393,value=null
MC,caller=Main#g:4,target=Main#check:2394
VW,context=Main#check:2394,a=5
VW,context=Main#check:2394,b=5
VW,context=Main#check:2394,k=-23
VW,context=Main#check:2394,result=null
ME,returner=Main#check:2394,value=null
MC,caller=Main#g:4,target=Main#check:2395
VW,context=Main#check:2395,a=5
VW,context=Main#check:2395,b=5
VW,context=Main#check:2395,k=-23
VW,context=Main#check:2395,result=null
ME,returner=Main#check:2395,value=null
VW,context=Main#g:4,i=-22
MC,caller=Main#g:4,target=Main#check:2396
VW,context=Main#check:2396,a=5
VW,context=Main#check:2396,b=5
VW,context=Main#check:2396,k=-22
VW,context=Main#check:2396,result=null
ME,returner=Main#check:2396,value=null
MC,caller=Main#g:4,target=Main#check:2397
VW,context=Main#check:2397,a=5
VW,context=Main#check:2397,b=5
VW,context=Main#check:2397,k=-22
VW,context=Main#check:2397,result=null
ME,returner=Main#check:2397,value=null
MC,caller=Main#g:4,target=Main#check:2398
VW,context=Main#check:2398,a=5
VW,context=Main#check:2398,b=5
VW,context=Main#check:2398,k=-22
VW,context=Main#check:2398,result=null
ME,returner=Main#check:2398,value=null
VW,context=Main#g:4,i=-21
MC,caller=Main#g:4,target=Main#check:2399
VW,context=Main#check:2399,a=5
VW,context=Main#check:2399,b=5
VW,context=Main#check:2399,k=-21
VW,context=Main#check:2399,result=null
ME,returner=Main#check:2399,value=null
MC,caller=Main#g:4,target=Main#check:2400
VW,context=Main#check:2400,a=5
VW,context=Main#check:2400,b=5
VW,context=Main#check:2400,k=-21
VW,context=Main#check:2400,result=null
ME,returner=Main#check:2400,value=null
MC,caller=Main#g:4,target=Main#check:2401
VW,context=Main#check:2401,a=5
VW,context=Main#check:2401,b=5
VW,context=Main#check:2401,k=-21
VW,context=Main#check:2401,result=null
ME,returner=Main#check:2401,value=null
VW,context=Main#g:4,i=-20
MC,caller=Main#g:4,target=Main#check:2402
VW,context=Main#check:2402,a=5
VW,context=Main#check:2402,b=5
VW,context=Main#check:2402,k=-20
VW,context=Main#check:2402,result=null
ME,returner=Main#check:2402,value=null
MC,caller=Main#g:4,target=Main#check:2403
VW,context=Main#check:2403,a=5
VW,context=Main#check:2403,b=5
VW,context=Main#check:2403,k=-20
VW,context=Main#check:2403,result=null
ME,returner=Main#check:2403,value=null
MC,caller=Main#g:4,target=Main#check:2404
VW,context=Main#check:2404,a=5
VW,context=Main#check:2404,b=5
VW,context=Main#check:2404,k=-20
VW,context=Main#check:2404,result=null
ME,returner=Main#check:2404,value=null
VW,context=Main#g:4,i=-19
MC,caller=Main#g:4,target=Main#check:2405
VW,context=Main#check:2405,a=5
VW,context=Main#check:2405,b=5
VW,context=Main#check:2405,k=-19
VW,context=Main#check:2405,result=null
ME,returner=Main#check:2405,value=null
MC,caller=Main#g:4,target=Main#check:2406
VW,context=Main#check:2406,a=5
VW,context=Main#check:2406,b=5
VW,context=Main#check:2406,k=-19
VW,context=Main#check:2406,result=null
ME,returner=Main#check:2406,value=null
MC,caller=Main#g:4,target=Main#check:2407
VW,context=Main#check:2407,a=5
VW,context=Main#check:2407,b=5
VW,context=Main#check:2407,k=-19
VW,context=Main#check:2407,result=null
ME,returner=Main#check:2407,value=null
VW,context=Main#g:4,i=-18
MC,caller=Main#g:4,target=Main#check:2408
VW,context=Main#check:2408,a=5
VW,context=Main#check:2408,b=5
VW,context=Main#check:2408,k=-18
VW,context=Main#check:2408,result=null
ME,returner=Main#check:2408,value=null
MC,caller=Main#g:4,target=Main#check:2409
VW,context=Main#check:2409,a=5
VW,context=Main#check:2409,b=5
VW,context=Main#check:2409,k=-18
VW,context=Main#check:2409,result=null
ME,returner=Main#check:2409,value=null
MC,caller=Main#g:4,target=Main#check:2410
VW,context=Main#check:2410,a=5
VW,context=Main#check:2410,b=5
VW,context=Main#check:2410,k=-18
VW,context=Main#check:2410,result=null
ME,returner=Main#check:2410,value=null
VW,context=Main#g:4,i=-17
MC,caller=Main#g:4,target=Main#check:2411
VW,context=Main#check:2411,a=5
VW,context=Main#check:2411,b=5
VW,context=Main#check:2411,k=-17
VW,context=Main#check:2411,result=null
ME,returner=Main#check:2411,value=null
MC,caller=Main#g:4,target=Main#check:2412
VW,context=Main#check:2412,a=5
VW,context=Main#check:2412,b=5
VW,context=Main#check:2412,k=-17
VW,context=Main#check:2412,result=null
ME,returner=Main#check:2412,value=null
MC,caller=Main#g:4,target=Main#check:2413
VW,context=Main#check:2413,a=5
VW,context=Main#check:2413,b=5
VW,context=Main#check:2413,k=-17
VW,context=Main#check:2413,result=null
ME,returner=Main#check:2413,value=null
VW,context=Main#g:4,i=-16
MC,caller=Main#g:4,target=Main#check:2414
VW,context=Main#check:2414,a=5
VW,context=Main#check:2414,b=5
VW,context=Main#check:2414,k=-16
VW,context=Main#check:2414,result=null
ME,returner=Main#check:2414,value=null
MC,caller=Main#g:4,target=Main#check:2415
VW,context=Main#check:2415,a=5
VW,context=Main#check:2415,b=5
VW,context=Main#check:2415,k=-16
VW,context=Main#check:2415,result=null
ME,returner=Main#check:2415,value=null
MC,caller=Main#g:4,target=Main#check:2416
VW,context=Main#check:2416,a=5
VW,context=Main#check:2416,b=5
VW,context=Main#check:2416,k=-16
VW,context=Main#check:2416,result=null
ME,returner=Main#check:2416,value=null
VW,context=Main#g:4,i=-15
MC,caller=Main#g:4,target=Main#check:2417
VW,context=Main#check:2417,a=5
VW,context=Main#check:2417,b=5
VW,context=Main#check:2417,k=-15
VW,context=Main#check:2417,result=null
ME,returner=Main#check:2417,value=null
MC,caller=Main#g:4,target=Main#check:2418
VW,context=Main#check:2418,a=5
VW,context=Main#check:2418,b=5
VW,context=Main#check:2418,k=-15
VW,context=Main#check:2418,result=null
ME,returner=Main#check:2418,value=null
MC,caller=Main#g:4,target=Main#check:2419
VW,context=Main#check:2419,a=5
VW,context=Main#check:2419,b=5
VW,context=Main#check:2419,k=-15
VW,context=Main#check:2419,result=null
ME,returner=Main#check:2419,value=null
VW,context=Main#g:4,i=-14
MC,caller=Main#g:4,target=Main#check:2420
VW,context=Main#check:2420,a=5
VW,context=Main#check:2420,b=5
VW,context=Main#check:2420,k=-14
VW,context=Main#check:2420,result=null
ME,returner=Main#check:2420,value=null
MC,caller=Main#g:4,target=Main#check:2421
VW,context=Main#check:2421,a=5
VW,context=Main#check:2421,b=5
VW,context=Main#check:2421,k=-14
VW,context=Main#check:2421,result=null
ME,returner=Main#check:2421,value=null
MC,caller=Main#g:4,target=Main#check:2422
VW,context=Main#check:2422,a=5
VW,context=Main#check:2422,b=5
VW,context=Main#check:2422,k=-14
VW,context=Main#check:2422,result=null
ME,returner=Main#check:2422,value=null
VW,context=Main#g:4,i=-13
MC,caller=Main#g:4,target=Main#check:2423
VW,context=Main#check:2423,a=5
VW,context=Main#check:2423,b=5
VW,context=Main#check:2423,k=-13
VW,context=Main#check:2423,result=null
ME,returner=Main#check:2423,value=null
MC,caller=Main#g:4,target=Main#check:2424
VW,context=Main#check:2424,a=5
VW,context=Main#check:2424,b=5
VW,context=Main#check:2424,k=-13
VW,context=Main#check:2424,result=null
ME,returner=Main#check:2424,value=null
MC,caller=Main#g:4,target=Main#check:2425
VW,context=Main#check:2425,a=5
VW,context=Main#check:2425,b=5
VW,context=Main#check:2425,k=-13
VW,context=Main#check:2425,result=null
ME,returner=Main#check:2425,value=null
VW,context=Main#g:4,i=-12
MC,caller=Main#g:4,target=Main#check:2426
VW,context=Main#check:2426,a=5
VW,context=Main#check:2426,b=5
VW,context=Main#check:2426,k=-12
VW,context=Main#check:2426,result=null
ME,returner=Main#check:2426,value=null
MC,caller=Main#g:4,target=Main#check:2427
VW,context=Main#check:2427,a=5
VW,context=Main#check:2427,b=5
VW,context=Main#check:2427,k=-12
VW,context=Main#check:2427,result=null
ME,returner=Main#check:2427,value=null
MC,caller=Main#g:4,target=Main#check:2428
VW,context=Main#check:2428,a=5
VW,context=Main#check:2428,b=5
VW,context=Main#check:2428,k=-12
VW,context=Main#check:2428,result=null
ME,returner=Main#check:2428,value=null
VW,context=Main#g:4,i=-11
MC,caller=Main#g:4,target=Main#check:2429
VW,context=Main#check:2429,a=5
VW,context=Main#check:2429,b=5
VW,context=Main#check:2429,k=-11
VW,context=Main#check:2429,result=null
ME,returner=Main#check:2429,value=null
MC,caller=Main#g:4,target=Main#check:2430
VW,context=Main#check:2430,a=5
VW,context=Main#check:2430,b=5
VW,context=Main#check:2430,k=-11
VW,context=Main#check:2430,result=null
ME,returner=Main#check:2430,value=null
MC,caller=Main#g:4,target=Main#check:2431
VW,context=Main#check:2431,a=5
VW,context=Main#check:2431,b=5
VW,context=Main#check:2431,k=-11
VW,context=Main#check:2431,result=null
ME,returner=Main#check:2431,value=null
VW,context=Main#g:4,i=-10
MC,caller=Main#g:4,target=Main#check:2432
VW,context=Main#check:2432,a=5
VW,context=Main#check:2432,b=5
VW,context=Main#check:2432,k=-10
VW,context=Main#check:2432,result=null
ME,returner=Main#check:2432,value=null
MC,caller=Main#g:4,target=Main#check:2433
VW,context=Main#check:2433,a=5
VW,context=Main#check:2433,b=5
VW,context=Main#check:2433,k=-10
VW,context=Main#check:2433,result=null
ME,returner=Main#check:2433,value=null
MC,caller=Main#g:4,target=Main#check:2434
VW,context=Main#check:2434,a=5
VW,context=Main#check:2434,b=5
VW,context=Main#check:2434,k=-10
VW,context=Main#check:2434,result=null
ME,returner=Main#check:2434,value=null
MC,caller=Main#g:4,target=Main#check:2435
VW,context=Main#check:2435,a=5
VW,context=Main#check:2435,b=5
VW,context=Main#check:2435,k=-10
VW,context=Main#check:2435,result=null
ME,returner=Main#check:2435,value=null
VW,context=Main#g:4,i=-9
MC,caller=Main#g:4,target=Main#check:2436
VW,context=Main#check:2436,a=5
VW,context=Main#check:2436,b=5
VW,context=Main#check:2436,k=-9
VW,context=Main#check:2436,result=null
ME,returner=Main#check:2436,value=null
MC,caller=Main#g:4,target=Main#check:2437
VW,context=Main#check:2437,a=5
VW,context=Main#check:2437,b=5
VW,context=Main#check:2437,k=-9
VW,context=Main#check:2437,result=null
ME,returner=Main#check:2437,value=null
MC,caller=Main#g:4,target=Main#check:2438
VW,context=Main#check:2438,a=5
VW,context=Main#check:2438,b=5
VW,context=Main#check:2438,k=-9
VW,context=Main#check:2438,result=null
ME,returner=Main#check:2438,value=null
VW,context=Main#g:4,i=-8
MC,caller=Main#g:4,target=Main#check:2439
VW,context=Main#check:2439,a=5
VW,context=Main#check:2439,b=5
VW,context=Main#check:2439,k=-8
VW,context=Main#check:2439,result=null
ME,returner=Main#check:2439,value=null
MC,caller=Main#g:4,target=Main#check:2440
VW,context=Main#check:2440,a=5
VW,context=Main#check:2440,b=5
VW,context=Main#check:2440,k=-8
VW,context=Main#check:2440,result=null
ME,returner=Main#check:2440,value=null
MC,caller=Main#g:4,target=Main#check:2441
VW,context=Main#check:2441,a=5
VW,context=Main#check:2441,b=5
VW,context=Main#check:2441,k=-8
VW,context=Main#check:2441,result=null
ME,returner=Main#check:2441,value=null
VW,context=Main#g:4,i=-7
MC,caller=Main#g:4,target=Main#check:2442
VW,context=Main#check:2442,a=5
VW,context=Main#check:2442,b=5
VW,context=Main#check:2442,k=-7
VW,context=Main#check:2442,result=null
ME,returner=Main#check:2442,value=null
MC,caller=Main#g:4,target=Main#check:2443
VW,context=Main#check:2443,a=5
VW,context=Main#check:2443,b=5
VW,context=Main#check:2443,k=-7
VW,context=Main#check:2443,result=null
ME,returner=Main#check:2443,value=null
MC,caller=Main#g:4,target=Main#check:2444
VW,context=Main#check:2444,a=5
VW,context=Main#check:2444,b=5
VW,context=Main#check:2444,k=-7
VW,context=Main#check:2444,result=null
ME,returner=Main#check:2444,value=null
VW,context=Main#g:4,i=-6
MC,caller=Main#g:4,target=Main#check:2445
VW,context=Main#check:2445,a=5
VW,context=Main#check:2445,b=5
VW,context=Main#check:2445,k=-6
VW,context=Main#check:2445,result=null
ME,returner=Main#check:2445,value=null
MC,caller=Main#g:4,target=Main#check:2446
VW,context=Main#check:2446,a=5
VW,context=Main#check:2446,b=5
VW,context=Main#check:2446,k=-6
VW,context=Main#check:2446,result=null
ME,returner=Main#check:2446,value=null
MC,caller=Main#g:4,target=Main#check:2447
VW,context=Main#check:2447,a=5
VW,context=Main#check:2447,b=5
VW,context=Main#check:2447,k=-6
VW,context=Main#check:2447,result=null
ME,returner=Main#check:2447,value=null
VW,context=Main#g:4,i=-5
MC,caller=Main#g:4,target=Main#check:2448
VW,context=Main#check:2448,a=5
VW,context=Main#check:2448,b=5
VW,context=Main#check:2448,k=-5
VW,context=Main#check:2448,result=null
ME,returner=Main#check:2448,value=null
MC,caller=Main#g:4,target=Main#check:2449
VW,context=Main#check:2449,a=5
VW,context=Main#check:2449,b=5
VW,context=Main#check:2449,k=-5
VW,context=Main#check:2449,result=null
ME,returner=Main#check:2449,value=null
MC,caller=Main#g:4,target=Main#check:2450
VW,context=Main#check:2450,a=5
VW,context=Main#check:2450,b=5
VW,context=Main#check:2450,k=-5
VW,context=Main#check:2450,result=null
ME,returner=Main#check:2450,value=null
MC,caller=Main#g:4,target=Main#check:2451
VW,context=Main#check:2451,a=5
VW,context=Main#check:2451,b=5
VW,context=Main#check:2451,k=-5
VW,context=Main#check:2451,result=null
ME,returner=Main#check:2451,value=null
VW,context=Main#g:4,i=-4
MC,caller=Main#g:4,target=Main#check:2452
VW,context=Main#check:2452,a=5
VW,context=Main#check:2452,b=5
VW,context=Main#check:2452,k=-4
VW,context=Main#check:2452,result=null
ME,returner=Main#check:2452,value=null
MC,caller=Main#g:4,target=Main#check:2453
VW,context=Main#check:2453,a=5
VW,context=Main#check:2453,b=5
VW,context=Main#check:2453,k=-4
VW,context=Main#check:2453,result=null
ME,returner=Main#check:2453,value=null
MC,caller=Main#g:4,target=Main#check:2454
VW,context=Main#check:2454,a=5
VW,context=Main#check:2454,b=5
VW,context=Main#check:2454,k=-4
VW,context=Main#check:2454,result=null
ME,returner=Main#check:2454,value=null
VW,context=Main#g:4,i=-3
MC,caller=Main#g:4,target=Main#check:2455
VW,context=Main#check:2455,a=5
VW,context=Main#check:2455,b=5
VW,context=Main#check:2455,k=-3
VW,context=Main#check:2455,result=null
ME,returner=Main#check:2455,value=null
MC,caller=Main#g:4,target=Main#check:2456
VW,context=Main#check:2456,a=5
VW,context=Main#check:2456,b=5
VW,context=Main#check:2456,k=-3
VW,context=Main#check:2456,result=null
ME,returner=Main#check:2456,value=null
MC,caller=Main#g:4,target=Main#check:2457
VW,context=Main#check:2457,a=5
VW,context=Main#check:2457,b=5
VW,context=Main#check:2457,k=-3
VW,context=Main#check:2457,result=null
ME,returner=Main#check:2457,value=null
VW,context=Main#g:4,i=-2
MC,caller=Main#g:4,target=Main#check:2458
VW,context=Main#check:2458,a=5
VW,context=Main#check:2458,b=5
VW,context=Main#check:2458,k=-2
VW,context=Main#check:2458,result=null
ME,returner=Main#check:2458,value=null
MC,caller=Main#g:4,target=Main#check:2459
VW,context=Main#check:2459,a=5
VW,context=Main#check:2459,b=5
VW,context=Main#check:2459,k=-2
VW,context=Main#check:2459,result=null
ME,returner=Main#check:2459,value=null
MC,caller=Main#g:4,target=Main#check:2460
VW,context=Main#check:2460,a=5
VW,context=Main#check:2460,b=5
VW,context=Main#check:2460,k=-2
VW,context=Main#check:2460,result=null
ME,returner=Main#check:2460,value=null
MC,caller=Main#g:4,target=Main#check:2461
VW,context=Main#check:2461,a=5
VW,context=Main#check:2461,b=5
VW,context=Main#check:2461,k=-2
VW,context=Main#check:2461,result=null
ME,returner=Main#check:2461,value=null
VW,context=Main#g:4,i=-1
MC,caller=Main#g:4,target=Main#check:2462
VW,context=Main#check:2462,a=5
VW,context=Main#check:2462,b=5
VW,context=Main#check:2462,k=-1
VW,context=Main#check:2462,result=null
ME,returner=Main#check:2462,value=null
MC,caller=Main#g:4,target=Main#check:2463
VW,context=Main#check:2463,a=5
VW,context=Main#check:2463,b=5
VW,context=Main#check:2463,k=-1
VW,context=Main#check:2463,result=null
ME,returner=Main#check:2463,value=null
MC,caller=Main#g:4,target=Main#check:2464
VW,context=Main#check:2464,a=5
VW,context=Main#check:2464,b=5
VW,context=Main#check:2464,k=-1
VW,context=Main#check:2464,result=null
ME,returner=Main#check:2464,value=null
MC,caller=Main#g:4,target=Main#check:2465
VW,context=Main#check:2465,a=5
VW,context=Main#check:2465,b=5
VW,context=Main#check:2465,k=-1
VW,context=Main#check:2465,result=null
ME,returner=Main#check:2465,value=null
VW,context=Main#g:4,i=0
MC,caller=Main#g:4,target=Main#check:2466
VW,context=Main#check:2466,a=5
VW,context=Main#check:2466,b=5
VW,context=Main#check:2466,k=0
VW,context=Main#check:2466,result=(5 - 5)
ME,returner=Main#check:2466,value=(5 - 5)
MC,caller=Main#g:4,target=Main#check:2467
VW,context=Main#check:2467,a=7
VW,context=Main#check:2467,b=5
VW,context=Main#check:2467,k=10
VW,context=Main#check:2467,result=null
ME,returner=Main#check:2467,value=null
VW,context=Main#g:4,str1=(5 - 5)
MC,caller=Main#g:4,target=Main#check:2468
VW,context=Main#check:2468,a=5
VW,context=Main#check:2468,b=5
VW,context=Main#check:2468,k=0
VW,context=Main#check:2468,result=(5 - 5)
ME,returner=Main#check:2468,value=(5 - 5)
MC,caller=Main#g:4,target=Main#check:2469
VW,context=Main#check:2469,a=7
VW,context=Main#check:2469,b=5
VW,context=Main#check:2469,k=-10
VW,context=Main#check:2469,result=null
ME,returner=Main#check:2469,value=null
MC,caller=Main#g:4,target=Main#check:2470
VW,context=Main#check:2470,a=5
VW,context=Main#check:2470,b=5
VW,context=Main#check:2470,k=0
VW,context=Main#check:2470,result=(5 - 5)
ME,returner=Main#check:2470,value=(5 - 5)
MC,caller=Main#g:4,target=Main#check:2471
VW,context=Main#check:2471,a=7
VW,context=Main#check:2471,b=5
VW,context=Main#check:2471,k=10
VW,context=Main#check:2471,result=null
ME,returner=Main#check:2471,value=null
VW,context=Main#g:4,i=1
MC,caller=Main#g:4,target=Main#check:2472
VW,context=Main#check:2472,a=5
VW,context=Main#check:2472,b=5
VW,context=Main#check:2472,k=1
VW,context=Main#check:2472,result=null
ME,returner=Main#check:2472,value=null
VW,context=Main#g:4,str1=null
MC,caller=Main#g:4,target=Main#check:2473
VW,context=Main#check:2473,a=5
VW,context=Main#check:2473,b=5
VW,context=Main#check:2473,k=1
VW,context=Main#check:2473,result=null
ME,returner=Main#check:2473,value=null
MC,caller=Main#g:4,target=Main#check:2474
VW,context=Main#check:2474,a=5
VW,context=Main#check:2474,b=5
VW,context=Main#check:2474,k=1
VW,context=Main#check:2474,result=null
ME,returner=Main#check:2474,value=null
MC,caller=Main#g:4,target=Main#check:2475
VW,context=Main#check:2475,a=5
VW,context=Main#check:2475,b=5
VW,context=Main#check:2475,k=1
VW,context=Main#check:2475,result=null
ME,returner=Main#check:2475,value=null
VW,context=Main#g:4,i=2
MC,caller=Main#g:4,target=Main#check:2476
VW,context=Main#check:2476,a=5
VW,context=Main#check:2476,b=5
VW,context=Main#check:2476,k=2
VW,context=Main#check:2476,result=null
ME,returner=Main#check:2476,value=null
MC,caller=Main#g:4,target=Main#check:2477
VW,context=Main#check:2477,a=5
VW,context=Main#check:2477,b=5
VW,context=Main#check:2477,k=2
VW,context=Main#check:2477,result=null
ME,returner=Main#check:2477,value=null
MC,caller=Main#g:4,target=Main#check:2478
VW,context=Main#check:2478,a=5
VW,context=Main#check:2478,b=5
VW,context=Main#check:2478,k=2
VW,context=Main#check:2478,result=null
ME,returner=Main#check:2478,value=null
MC,caller=Main#g:4,target=Main#check:2479
VW,context=Main#check:2479,a=5
VW,context=Main#check:2479,b=5
VW,context=Main#check:2479,k=2
VW,context=Main#check:2479,result=null
ME,returner=Main#check:2479,value=null
VW,context=Main#g:4,i=3
MC,caller=Main#g:4,target=Main#check:2480
VW,context=Main#check:2480,a=5
VW,context=Main#check:2480,b=5
VW,context=Main#check:2480,k=3
VW,context=Main#check:2480,result=null
ME,returner=Main#check:2480,value=null
MC,caller=Main#g:4,target=Main#check:2481
VW,context=Main#check:2481,a=5
VW,context=Main#check:2481,b=5
VW,context=Main#check:2481,k=3
VW,context=Main#check:2481,result=null
ME,returner=Main#check:2481,value=null
MC,caller=Main#g:4,target=Main#check:2482
VW,context=Main#check:2482,a=5
VW,context=Main#check:2482,b=5
VW,context=Main#check:2482,k=3
VW,context=Main#check:2482,result=null
ME,returner=Main#check:2482,value=null
VW,context=Main#g:4,i=4
MC,caller=Main#g:4,target=Main#check:2483
VW,context=Main#check:2483,a=5
VW,context=Main#check:2483,b=5
VW,context=Main#check:2483,k=4
VW,context=Main#check:2483,result=null
ME,returner=Main#check:2483,value=null
MC,caller=Main#g:4,target=Main#check:2484
VW,context=Main#check:2484,a=5
VW,context=Main#check:2484,b=5
VW,context=Main#check:2484,k=4
VW,context=Main#check:2484,result=null
ME,returner=Main#check:2484,value=null
MC,caller=Main#g:4,target=Main#check:2485
VW,context=Main#check:2485,a=5
VW,context=Main#check:2485,b=5
VW,context=Main#check:2485,k=4
VW,context=Main#check:2485,result=null
ME,returner=Main#check:2485,value=null
VW,context=Main#g:4,i=5
MC,caller=Main#g:4,target=Main#check:2486
VW,context=Main#check:2486,a=5
VW,context=Main#check:2486,b=5
VW,context=Main#check:2486,k=5
VW,context=Main#check:2486,result=null
ME,returner=Main#check:2486,value=null
MC,caller=Main#g:4,target=Main#check:2487
VW,context=Main#check:2487,a=5
VW,context=Main#check:2487,b=5
VW,context=Main#check:2487,k=5
VW,context=Main#check:2487,result=null
ME,returner=Main#check:2487,value=null
MC,caller=Main#g:4,target=Main#check:2488
VW,context=Main#check:2488,a=5
VW,context=Main#check:2488,b=5
VW,context=Main#check:2488,k=5
VW,context=Main#check:2488,result=null
ME,returner=Main#check:2488,value=null
MC,caller=Main#g:4,target=Main#check:2489
VW,context=Main#check:2489,a=5
VW,context=Main#check:2489,b=5
VW,context=Main#check:2489,k=5
VW,context=Main#check:2489,result=null
ME,returner=Main#check:2489,value=null
VW,context=Main#g:4,i=6
MC,caller=Main#g:4,target=Main#check:2490
VW,context=Main#check:2490,a=5
VW,context=Main#check:2490,b=5
VW,context=Main#check:2490,k=6
VW,context=Main#check:2490,result=null
ME,returner=Main#check:2490,value=null
MC,caller=Main#g:4,target=Main#check:2491
VW,context=Main#check:2491,a=5
VW,context=Main#check:2491,b=5
VW,context=Main#check:2491,k=6
VW,context=Main#check:2491,result=null
ME,returner=Main#check:2491,value=null
MC,caller=Main#g:4,target=Main#check:2492
VW,context=Main#check:2492,a=5
VW,context=Main#check:2492,b=5
VW,context=Main#check:2492,k=6
VW,context=Main#check:2492,result=null
ME,returner=Main#check:2492,value=null
VW,context=Main#g:4,i=7
MC,caller=Main#g:4,target=Main#check:2493
VW,context=Main#check:2493,a=5
VW,context=Main#check:2493,b=5
VW,context=Main#check:2493,k=7
VW,context=Main#check:2493,result=null
ME,returner=Main#check:2493,value=null
MC,caller=Main#g:4,target=Main#check:2494
VW,context=Main#check:2494,a=5
VW,context=Main#check:2494,b=5
VW,context=Main#check:2494,k=7
VW,context=Main#check:2494,result=null
ME,returner=Main#check:2494,value=null
MC,caller=Main#g:4,target=Main#check:2495
VW,context=Main#check:2495,a=5
VW,context=Main#check:2495,b=5
VW,context=Main#check:2495,k=7
VW,context=Main#check:2495,result=null
ME,returner=Main#check:2495,value=null
VW,context=Main#g:4,i=8
MC,caller=Main#g:4,target=Main#check:2496
VW,context=Main#check:2496,a=5
VW,context=Main#check:2496,b=5
VW,context=Main#check:2496,k=8
VW,context=Main#check:2496,result=null
ME,returner=Main#check:2496,value=null
MC,caller=Main#g:4,target=Main#check:2497
VW,context=Main#check:2497,a=5
VW,context=Main#check:2497,b=5
VW,context=Main#check:2497,k=8
VW,context=Main#check:2497,result=null
ME,returner=Main#check:2497,value=null
MC,caller=Main#g:4,target=Main#check:2498
VW,context=Main#check:2498,a=5
VW,context=Main#check:2498,b=5
VW,context=Main#check:2498,k=8
VW,context=Main#check:2498,result=null
ME,returner=Main#check:2498,value=null
VW,context=Main#g:4,i=9
MC,caller=Main#g:4,target=Main#check:2499
VW,context=Main#check:2499,a=5
VW,context=Main#check:2499,b=5
VW,context=Main#check:2499,k=9
VW,context=Main#check:2499,result=null
ME,returner=Main#check:2499,value=null
MC,caller=Main#g:4,target=Main#check:2500
VW,context=Main#check:2500,a=5
VW,context=Main#check:2500,b=5
VW,context=Main#check:2500,k=9
VW,context=Main#check:2500,result=null
ME,returner=Main#check:2500,value=null
MC,caller=Main#g:4,target=Main#check:2501
VW,context=Main#check:2501,a=5
VW,context=Main#check:2501,b=5
VW,context=Main#check:2501,k=9
VW,context=Main#check:2501,result=null
ME,returner=Main#check:2501,value=null
VW,context=Main#g:4,i=10
MC,caller=Main#g:4,target=Main#check:2502
VW,context=Main#check:2502,a=5
VW,context=Main#check:2502,b=5
VW,context=Main#check:2502,k=10
VW,context=Main#check:2502,result=(5 + 5)
ME,returner=Main#check:2502,value=(5 + 5)
MC,caller=Main#g:4,target=Main#check:2503
VW,context=Main#check:2503,a=7
VW,context=Main#check:2503,b=5
VW,context=Main#check:2503,k=0
VW,context=Main#check:2503,result=null
ME,returner=Main#check:2503,value=null
VW,context=Main#g:4,str1=(5 + 5)
MC,caller=Main#g:4,target=Main#check:2504
VW,context=Main#check:2504,a=5
VW,context=Main#check:2504,b=5
VW,context=Main#check:2504,k=10
VW,context=Main#check:2504,result=(5 + 5)
ME,returner=Main#check:2504,value=(5 + 5)
MC,caller=Main#g:4,target=Main#check:2505
VW,context=Main#check:2505,a=7
VW,context=Main#check:2505,b=5
VW,context=Main#check:2505,k=0
VW,context=Main#check:2505,result=null
ME,returner=Main#check:2505,value=null
MC,caller=Main#g:4,target=Main#check:2506
VW,context=Main#check:2506,a=5
VW,context=Main#check:2506,b=5
VW,context=Main#check:2506,k=10
VW,context=Main#check:2506,result=(5 + 5)
ME,returner=Main#check:2506,value=(5 + 5)
MC,caller=Main#g:4,target=Main#check:2507
VW,context=Main#check:2507,a=7
VW,context=Main#check:2507,b=5
VW,context=Main#check:2507,k=20
VW,context=Main#check:2507,result=null
ME,returner=Main#check:2507,value=null
MC,caller=Main#g:4,target=Main#check:2508
VW,context=Main#check:2508,a=5
VW,context=Main#check:2508,b=5
VW,context=Main#check:2508,k=10
VW,context=Main#check:2508,result=(5 + 5)
ME,returner=Main#check:2508,value=(5 + 5)
MC,caller=Main#g:4,target=Main#check:2509
VW,context=Main#check:2509,a=7
VW,context=Main#check:2509,b=5
VW,context=Main#check:2509,k=1
VW,context=Main#check:2509,result=null
ME,returner=Main#check:2509,value=null
VW,context=Main#g:4,i=11
MC,caller=Main#g:4,target=Main#check:2510
VW,context=Main#check:2510,a=5
VW,context=Main#check:2510,b=5
VW,context=Main#check:2510,k=11
VW,context=Main#check:2510,result=null
ME,returner=Main#check:2510,value=null
VW,context=Main#g:4,str1=null
MC,caller=Main#g:4,target=Main#check:2511
VW,context=Main#check:2511,a=5
VW,context=Main#check:2511,b=5
VW,context=Main#check:2511,k=11
VW,context=Main#check:2511,result=null
ME,returner=Main#check:2511,value=null
MC,caller=Main#g:4,target=Main#check:2512
VW,context=Main#check:2512,a=5
VW,context=Main#check:2512,b=5
VW,context=Main#check:2512,k=11
VW,context=Main#check:2512,result=null
ME,returner=Main#check:2512,value=null
VW,context=Main#g:4,i=12
MC,caller=Main#g:4,target=Main#check:2513
VW,context=Main#check:2513,a=5
VW,context=Main#check:2513,b=5
VW,context=Main#check:2513,k=12
VW,context=Main#check:2513,result=null
ME,returner=Main#check:2513,value=null
MC,caller=Main#g:4,target=Main#check:2514
VW,context=Main#check:2514,a=5
VW,context=Main#check:2514,b=5
VW,context=Main#check:2514,k=12
VW,context=Main#check:2514,result=null
ME,returner=Main#check:2514,value=null
MC,caller=Main#g:4,target=Main#check:2515
VW,context=Main#check:2515,a=5
VW,context=Main#check:2515,b=5
VW,context=Main#check:2515,k=12
VW,context=Main#check:2515,result=null
ME,returner=Main#check:2515,value=null
VW,context=Main#g:4,i=13
MC,caller=Main#g:4,target=Main#check:2516
VW,context=Main#check:2516,a=5
VW,context=Main#check:2516,b=5
VW,context=Main#check:2516,k=13
VW,context=Main#check:2516,result=null
ME,returner=Main#check:2516,value=null
MC,caller=Main#g:4,target=Main#check:2517
VW,context=Main#check:2517,a=5
VW,context=Main#check:2517,b=5
VW,context=Main#check:2517,k=13
VW,context=Main#check:2517,result=null
ME,returner=Main#check:2517,value=null
MC,caller=Main#g:4,target=Main#check:2518
VW,context=Main#check:2518,a=5
VW,context=Main#check:2518,b=5
VW,context=Main#check:2518,k=13
VW,context=Main#check:2518,result=null
ME,returner=Main#check:2518,value=null
VW,context=Main#g:4,i=14
MC,caller=Main#g:4,target=Main#check:2519
VW,context=Main#check:2519,a=5
VW,context=Main#check:2519,b=5
VW,context=Main#check:2519,k=14
VW,context=Main#check:2519,result=null
ME,returner=Main#check:2519,value=null
MC,caller=Main#g:4,target=Main#check:2520
VW,context=Main#check:2520,a=5
VW,context=Main#check:2520,b=5
VW,context=Main#check:2520,k=14
VW,context=Main#check:2520,result=null
ME,returner=Main#check:2520,value=null
MC,caller=Main#g:4,target=Main#check:2521
VW,context=Main#check:2521,a=5
VW,context=Main#check:2521,b=5
VW,context=Main#check:2521,k=14
VW,context=Main#check:2521,result=null
ME,returner=Main#check:2521,value=null
VW,context=Main#g:4,i=15
MC,caller=Main#g:4,target=Main#check:2522
VW,context=Main#check:2522,a=5
VW,context=Main#check:2522,b=5
VW,context=Main#check:2522,k=15
VW,context=Main#check:2522,result=null
ME,returner=Main#check:2522,value=null
MC,caller=Main#g:4,target=Main#check:2523
VW,context=Main#check:2523,a=5
VW,context=Main#check:2523,b=5
VW,context=Main#check:2523,k=15
VW,context=Main#check:2523,result=null
ME,returner=Main#check:2523,value=null
MC,caller=Main#g:4,target=Main#check:2524
VW,context=Main#check:2524,a=5
VW,context=Main#check:2524,b=5
VW,context=Main#check:2524,k=15
VW,context=Main#check:2524,result=null
ME,returner=Main#check:2524,value=null
VW,context=Main#g:4,i=16
MC,caller=Main#g:4,target=Main#check:2525
VW,context=Main#check:2525,a=5
VW,context=Main#check:2525,b=5
VW,context=Main#check:2525,k=16
VW,context=Main#check:2525,result=null
ME,returner=Main#check:2525,value=null
MC,caller=Main#g:4,target=Main#check:2526
VW,context=Main#check:2526,a=5
VW,context=Main#check:2526,b=5
VW,context=Main#check:2526,k=16
VW,context=Main#check:2526,result=null
ME,returner=Main#check:2526,value=null
MC,caller=Main#g:4,target=Main#check:2527
VW,context=Main#check:2527,a=5
VW,context=Main#check:2527,b=5
VW,context=Main#check:2527,k=16
VW,context=Main#check:2527,result=null
ME,returner=Main#check:2527,value=null
VW,context=Main#g:4,i=17
MC,caller=Main#g:4,target=Main#check:2528
VW,context=Main#check:2528,a=5
VW,context=Main#check:2528,b=5
VW,context=Main#check:2528,k=17
VW,context=Main#check:2528,result=null
ME,returner=Main#check:2528,value=null
MC,caller=Main#g:4,target=Main#check:2529
VW,context=Main#check:2529,a=5
VW,context=Main#check:2529,b=5
VW,context=Main#check:2529,k=17
VW,context=Main#check:2529,result=null
ME,returner=Main#check:2529,value=null
MC,caller=Main#g:4,target=Main#check:2530
VW,context=Main#check:2530,a=5
VW,context=Main#check:2530,b=5
VW,context=Main#check:2530,k=17
VW,context=Main#check:2530,result=null
ME,returner=Main#check:2530,value=null
VW,context=Main#g:4,i=18
MC,caller=Main#g:4,target=Main#check:2531
VW,context=Main#check:2531,a=5
VW,context=Main#check:2531,b=5
VW,context=Main#check:2531,k=18
VW,context=Main#check:2531,result=null
ME,returner=Main#check:2531,value=null
MC,caller=Main#g:4,target=Main#check:2532
VW,context=Main#check:2532,a=5
VW,context=Main#check:2532,b=5
VW,context=Main#check:2532,k=18
VW,context=Main#check:2532,result=null
ME,returner=Main#check:2532,value=null
MC,caller=Main#g:4,target=Main#check:2533
VW,context=Main#check:2533,a=5
VW,context=Main#check:2533,b=5
VW,context=Main#check:2533,k=18
VW,context=Main#check:2533,result=null
ME,returner=Main#check:2533,value=null
VW,context=Main#g:4,i=19
MC,caller=Main#g:4,target=Main#check:2534
VW,context=Main#check:2534,a=5
VW,context=Main#check:2534,b=5
VW,context=Main#check:2534,k=19
VW,context=Main#check:2534,result=null
ME,returner=Main#check:2534,value=null
MC,caller=Main#g:4,target=Main#check:2535
VW,context=Main#check:2535,a=5
VW,context=Main#check:2535,b=5
VW,context=Main#check:2535,k=19
VW,context=Main#check:2535,result=null
ME,returner=Main#check:2535,value=null
MC,caller=Main#g:4,target=Main#check:2536
VW,context=Main#check:2536,a=5
VW,context=Main#check:2536,b=5
VW,context=Main#check:2536,k=19
VW,context=Main#check:2536,result=null
ME,returner=Main#check:2536,value=null
VW,context=Main#g:4,i=20
MC,caller=Main#g:4,target=Main#check:2537
VW,context=Main#check:2537,a=5
VW,context=Main#check:2537,b=5
VW,context=Main#check:2537,k=20
VW,context=Main#check:2537,result=null
ME,returner=Main#check:2537,value=null
MC,caller=Main#g:4,target=Main#check:2538
VW,context=Main#check:2538,a=5
VW,context=Main#check:2538,b=5
VW,context=Main#check:2538,k=20
VW,context=Main#check:2538,result=null
ME,returner=Main#check:2538,value=null
MC,caller=Main#g:4,target=Main#check:2539
VW,context=Main#check:2539,a=5
VW,context=Main#check:2539,b=5
VW,context=Main#check:2539,k=20
VW,context=Main#check:2539,result=null
ME,returner=Main#check:2539,value=null
VW,context=Main#g:4,i=21
MC,caller=Main#g:4,target=Main#check:2540
VW,context=Main#check:2540,a=5
VW,context=Main#check:2540,b=5
VW,context=Main#check:2540,k=21
VW,context=Main#check:2540,result=null
ME,returner=Main#check:2540,value=null
MC,caller=Main#g:4,target=Main#check:2541
VW,context=Main#check:2541,a=5
VW,context=Main#check:2541,b=5
VW,context=Main#check:2541,k=21
VW,context=Main#check:2541,result=null
ME,returner=Main#check:2541,value=null
MC,caller=Main#g:4,target=Main#check:2542
VW,context=Main#check:2542,a=5
VW,context=Main#check:2542,b=5
VW,context=Main#check:2542,k=21
VW,context=Main#check:2542,result=null
ME,returner=Main#check:2542,value=null
VW,context=Main#g:4,i=22
MC,caller=Main#g:4,target=Main#check:2543
VW,context=Main#check:2543,a=5
VW,context=Main#check:2543,b=5
VW,context=Main#check:2543,k=22
VW,context=Main#check:2543,result=null
ME,returner=Main#check:2543,value=null
MC,caller=Main#g:4,target=Main#check:2544
VW,context=Main#check:2544,a=5
VW,context=Main#check:2544,b=5
VW,context=Main#check:2544,k=22
VW,context=Main#check:2544,result=null
ME,returner=Main#check:2544,value=null
MC,caller=Main#g:4,target=Main#check:2545
VW,context=Main#check:2545,a=5
VW,context=Main#check:2545,b=5
VW,context=Main#check:2545,k=22
VW,context=Main#check:2545,result=null
ME,returner=Main#check:2545,value=null
VW,context=Main#g:4,i=23
MC,caller=Main#g:4,target=Main#check:2546
VW,context=Main#check:2546,a=5
VW,context=Main#check:2546,b=5
VW,context=Main#check:2546,k=23
VW,context=Main#check:2546,result=null
ME,returner=Main#check:2546,value=null
MC,caller=Main#g:4,target=Main#check:2547
VW,context=Main#check:2547,a=5
VW,context=Main#check:2547,b=5
VW,context=Main#check:2547,k=23
VW,context=Main#check:2547,result=null
ME,returner=Main#check:2547,value=null
MC,caller=Main#g:4,target=Main#check:2548
VW,context=Main#check:2548,a=5
VW,context=Main#check:2548,b=5
VW,context=Main#check:2548,k=23
VW,context=Main#check:2548,result=null
ME,returner=Main#check:2548,value=null
VW,context=Main#g:4,i=24
MC,caller=Main#g:4,target=Main#check:2549
VW,context=Main#check:2549,a=5
VW,context=Main#check:2549,b=5
VW,context=Main#check:2549,k=24
VW,context=Main#check:2549,result=null
ME,returner=Main#check:2549,value=null
MC,caller=Main#g:4,target=Main#check:2550
VW,context=Main#check:2550,a=5
VW,context=Main#check:2550,b=5
VW,context=Main#check:2550,k=24
VW,context=Main#check:2550,result=null
ME,returner=Main#check:2550,value=null
MC,caller=Main#g:4,target=Main#check:2551
VW,context=Main#check:2551,a=5
VW,context=Main#check:2551,b=5
VW,context=Main#check:2551,k=24
VW,context=Main#check:2551,result=null
ME,returner=Main#check:2551,value=null
VW,context=Main#g:4,i=25
MC,caller=Main#g:4,target=Main#check:2552
VW,context=Main#check:2552,a=5
VW,context=Main#check:2552,b=5
VW,context=Main#check:2552,k=25
VW,context=Main#check:2552,result=(5 * 5)
ME,returner=Main#check:2552,value=(5 * 5)
MC,caller=Main#g:4,target=Main#check:2553
VW,context=Main#check:2553,a=7
VW,context=Main#check:2553,b=5
VW,context=Main#check:2553,k=-15
VW,context=Main#check:2553,result=null
ME,returner=Main#check:2553,value=null
VW,context=Main#g:4,str1=(5 * 5)
MC,caller=Main#g:4,target=Main#check:2554
VW,context=Main#check:2554,a=5
VW,context=Main#check:2554,b=5
VW,context=Main#check:2554,k=25
VW,context=Main#check:2554,result=(5 * 5)
ME,returner=Main#check:2554,value=(5 * 5)
MC,caller=Main#g:4,target=Main#check:2555
VW,context=Main#check:2555,a=7
VW,context=Main#check:2555,b=5
VW,context=Main#check:2555,k=15
VW,context=Main#check:2555,result=null
ME,returner=Main#check:2555,value=null
MC,caller=Main#g:4,target=Main#check:2556
VW,context=Main#check:2556,a=5
VW,context=Main#check:2556,b=5
VW,context=Main#check:2556,k=25
VW,context=Main#check:2556,result=(5 * 5)
ME,returner=Main#check:2556,value=(5 * 5)
MC,caller=Main#g:4,target=Main#check:2557
VW,context=Main#check:2557,a=7
VW,context=Main#check:2557,b=5
VW,context=Main#check:2557,k=35
VW,context=Main#check:2557,result=(7 * 5)
ME,returner=Main#check:2557,value=(7 * 5)
VW,context=Main#g:4,str2=(7 * 5)
VW,context=Main#g:4,result=((7 * 5) - (5 * 5))
ME,returner=Main#g:4,value=((7 * 5) - (5 * 5))
VW,context=Main#f:3,str=((7 * 5) - (5 * 5))
VW,context=Main#f:3,result=((7 * 5) - (5 * 5))
ME,returner=Main#f:3,value=((7 * 5) - (5 * 5))
VW,context=Main#main:1,a=0
VW,context=Main#main:1,b=0
VW,context=Main#main:1,c=0
VW,context=Main#main:1,d=0
ME,returner=Main#main:1,value=<void>
TE,
