TS,main (1)
MC,caller=SYSTEM,target=Main#main:1
NO,object=java.lang.String[]:1
VW,context=Main#main:1,args=java.lang.String[]:1
VW,context=Main#main:1,sc=java.util.Scanner (id=47)
VW,context=Main#main:1,a1=2
VW,context=Main#main:1,m1=5
VW,context=Main#main:1,a2=3
VW,context=Main#main:1,m2=7
VW,context=Main#main:1,a3=6
VW,context=Main#main:1,m3=13
VW,context=Main#main:1,x=1
VW,context=Main#main:1,y=1
VW,context=Main#main:1,z=1
VW,context=Main#main:1,countX=0
VW,context=Main#main:1,countY=0
VW,context=Main#main:1,countZ=0
VW,context=Main#main:1,x=2
VW,context=Main#main:1,countX=1
VW,context=Main#main:1,x=4
VW,context=Main#main:1,countX=2
VW,context=Main#main:1,x=3
VW,context=Main#main:1,countX=3
VW,context=Main#main:1,x=1
VW,context=Main#main:1,countX=4
VW,context=Main#main:1,y=3
VW,context=Main#main:1,countY=1
VW,context=Main#main:1,y=2
VW,context=Main#main:1,countY=2
VW,context=Main#main:1,y=6
VW,context=Main#main:1,countY=3
VW,context=Main#main:1,y=4
VW,context=Main#main:1,countY=4
VW,context=Main#main:1,y=5
VW,context=Main#main:1,countY=5
VW,context=Main#main:1,y=1
VW,context=Main#main:1,countY=6
VW,context=Main#main:1,z=6
VW,context=Main#main:1,countZ=1
VW,context=Main#main:1,z=10
VW,context=Main#main:1,countZ=2
VW,context=Main#main:1,z=8
VW,context=Main#main:1,countZ=3
VW,context=Main#main:1,z=9
VW,context=Main#main:1,countZ=4
VW,context=Main#main:1,z=2
VW,context=Main#main:1,countZ=5
VW,context=Main#main:1,z=12
VW,context=Main#main:1,countZ=6
VW,context=Main#main:1,z=7
VW,context=Main#main:1,countZ=7
VW,context=Main#main:1,z=3
VW,context=Main#main:1,countZ=8
VW,context=Main#main:1,z=5
VW,context=Main#main:1,countZ=9
VW,context=Main#main:1,z=4
VW,context=Main#main:1,countZ=10
VW,context=Main#main:1,z=11
VW,context=Main#main:1,countZ=11
VW,context=Main#main:1,z=1
VW,context=Main#main:1,countZ=12
MC,caller=Main#main:1,target=Main#gcd:1
VW,context=Main#gcd:1,y=6
VW,context=Main#gcd:1,x=4
VW,context=Main#gcd:1,swap=10
VW,context=Main#gcd:1,x=6
VW,context=Main#gcd:1,y=4
MC,caller=Main#gcd:1,target=Main#gcd:2
VW,context=Main#gcd:2,y=2
VW,context=Main#gcd:2,x=4
VW,context=Main#gcd:2,swap=6
VW,context=Main#gcd:2,x=4
VW,context=Main#gcd:2,y=2
MC,caller=Main#gcd:2,target=Main#gcd:3
VW,context=Main#gcd:3,y=0
VW,context=Main#gcd:3,x=2
VW,context=Main#gcd:3,result=2
ME,returner=Main#gcd:3,value=2
VW,context=Main#gcd:2,result=2
ME,returner=Main#gcd:2,value=2
VW,context=Main#gcd:1,result=2
ME,returner=Main#gcd:1,value=2
VW,context=Main#main:1,lcm1=12
MC,caller=Main#main:1,target=Main#gcd:4
VW,context=Main#gcd:4,y=12
VW,context=Main#gcd:4,x=12
VW,context=Main#gcd:4,swap=24
VW,context=Main#gcd:4,x=12
VW,context=Main#gcd:4,y=12
MC,caller=Main#gcd:4,target=Main#gcd:5
VW,context=Main#gcd:5,y=0
VW,context=Main#gcd:5,x=12
VW,context=Main#gcd:5,result=12
ME,returner=Main#gcd:5,value=12
VW,context=Main#gcd:4,result=12
ME,returner=Main#gcd:4,value=12
VW,context=Main#main:1,lcm2=12
VW,context=Main#main:1,a1=517
VW,context=Main#main:1,m1=1024
VW,context=Main#main:1,a2=746
VW,context=Main#main:1,m2=6561
VW,context=Main#main:1,a3=4303
VW,context=Main#main:1,m3=3125
VW,context=Main#main:1,x=1
VW,context=Main#main:1,y=1
VW,context=Main#main:1,z=1
VW,context=Main#main:1,countX=0
VW,context=Main#main:1,countY=0
VW,context=Main#main:1,countZ=0
VW,context=Main#main:1,x=517
VW,context=Main#main:1,countX=1
VW,context=Main#main:1,x=25
VW,context=Main#main:1,countX=2
VW,context=Main#main:1,x=637
VW,context=Main#main:1,countX=3
VW,context=Main#main:1,x=625
VW,context=Main#main:1,countX=4
VW,context=Main#main:1,x=565
VW,context=Main#main:1,countX=5
VW,context=Main#main:1,x=265
VW,context=Main#main:1,countX=6
VW,context=Main#main:1,x=813
VW,context=Main#main:1,countX=7
VW,context=Main#main:1,x=481
VW,context=Main#main:1,countX=8
VW,context=Main#main:1,x=869
VW,context=Main#main:1,countX=9
VW,context=Main#main:1,x=761
VW,context=Main#main:1,countX=10
VW,context=Main#main:1,x=221
VW,context=Main#main:1,countX=11
VW,context=Main#main:1,x=593
VW,context=Main#main:1,countX=12
VW,context=Main#main:1,x=405
VW,context=Main#main:1,countX=13
VW,context=Main#main:1,x=489
VW,context=Main#main:1,countX=14
VW,context=Main#main:1,x=909
VW,context=Main#main:1,countX=15
VW,context=Main#main:1,x=961
VW,context=Main#main:1,countX=16
VW,context=Main#main:1,x=197
VW,context=Main#main:1,countX=17
VW,context=Main#main:1,x=473
VW,context=Main#main:1,countX=18
VW,context=Main#main:1,x=829
VW,context=Main#main:1,countX=19
VW,context=Main#main:1,x=561
VW,context=Main#main:1,countX=20
VW,context=Main#main:1,x=245
VW,context=Main#main:1,countX=21
VW,context=Main#main:1,x=713
VW,context=Main#main:1,countX=22
VW,context=Main#main:1,x=1005
VW,context=Main#main:1,countX=23
VW,context=Main#main:1,x=417
VW,context=Main#main:1,countX=24
VW,context=Main#main:1,x=549
VW,context=Main#main:1,countX=25
VW,context=Main#main:1,x=185
VW,context=Main#main:1,countX=26
VW,context=Main#main:1,x=413
VW,context=Main#main:1,countX=27
VW,context=Main#main:1,x=529
VW,context=Main#main:1,countX=28
VW,context=Main#main:1,x=85
VW,context=Main#main:1,countX=29
VW,context=Main#main:1,x=937
VW,context=Main#main:1,countX=30
VW,context=Main#main:1,x=77
VW,context=Main#main:1,countX=31
VW,context=Main#main:1,x=897
VW,context=Main#main:1,countX=32
VW,context=Main#main:1,x=901
VW,context=Main#main:1,countX=33
VW,context=Main#main:1,x=921
VW,context=Main#main:1,countX=34
VW,context=Main#main:1,x=1021
VW,context=Main#main:1,countX=35
VW,context=Main#main:1,x=497
VW,context=Main#main:1,countX=36
VW,context=Main#main:1,x=949
VW,context=Main#main:1,countX=37
VW,context=Main#main:1,x=137
VW,context=Main#main:1,countX=38
VW,context=Main#main:1,x=173
VW,context=Main#main:1,countX=39
VW,context=Main#main:1,x=353
VW,context=Main#main:1,countX=40
VW,context=Main#main:1,x=229
VW,context=Main#main:1,countX=41
VW,context=Main#main:1,x=633
VW,context=Main#main:1,countX=42
VW,context=Main#main:1,x=605
VW,context=Main#main:1,countX=43
VW,context=Main#main:1,x=465
VW,context=Main#main:1,countX=44
VW,context=Main#main:1,x=789
VW,context=Main#main:1,countX=45
VW,context=Main#main:1,x=361
VW,context=Main#main:1,countX=46
VW,context=Main#main:1,x=269
VW,context=Main#main:1,countX=47
VW,context=Main#main:1,x=833
VW,context=Main#main:1,countX=48
VW,context=Main#main:1,x=581
VW,context=Main#main:1,countX=49
VW,context=Main#main:1,x=345
VW,context=Main#main:1,countX=50
VW,context=Main#main:1,x=189
VW,context=Main#main:1,countX=51
VW,context=Main#main:1,x=433
VW,context=Main#main:1,countX=52
VW,context=Main#main:1,x=629
VW,context=Main#main:1,countX=53
VW,context=Main#main:1,x=585
VW,context=Main#main:1,countX=54
VW,context=Main#main:1,x=365
VW,context=Main#main:1,countX=55
VW,context=Main#main:1,x=289
VW,context=Main#main:1,countX=56
VW,context=Main#main:1,x=933
VW,context=Main#main:1,countX=57
VW,context=Main#main:1,x=57
VW,context=Main#main:1,countX=58
VW,context=Main#main:1,x=797
VW,context=Main#main:1,countX=59
VW,context=Main#main:1,x=401
VW,context=Main#main:1,countX=60
VW,context=Main#main:1,x=469
VW,context=Main#main:1,countX=61
VW,context=Main#main:1,x=809
VW,context=Main#main:1,countX=62
VW,context=Main#main:1,x=461
VW,context=Main#main:1,countX=63
VW,context=Main#main:1,x=769
VW,context=Main#main:1,countX=64
VW,context=Main#main:1,x=261
VW,context=Main#main:1,countX=65
VW,context=Main#main:1,x=793
VW,context=Main#main:1,countX=66
VW,context=Main#main:1,x=381
VW,context=Main#main:1,countX=67
VW,context=Main#main:1,x=369
VW,context=Main#main:1,countX=68
VW,context=Main#main:1,x=309
VW,context=Main#main:1,countX=69
VW,context=Main#main:1,x=9
VW,context=Main#main:1,countX=70
VW,context=Main#main:1,x=557
VW,context=Main#main:1,countX=71
VW,context=Main#main:1,x=225
VW,context=Main#main:1,countX=72
VW,context=Main#main:1,x=613
VW,context=Main#main:1,countX=73
VW,context=Main#main:1,x=505
VW,context=Main#main:1,countX=74
VW,context=Main#main:1,x=989
VW,context=Main#main:1,countX=75
VW,context=Main#main:1,x=337
VW,context=Main#main:1,countX=76
VW,context=Main#main:1,x=149
VW,context=Main#main:1,countX=77
VW,context=Main#main:1,x=233
VW,context=Main#main:1,countX=78
VW,context=Main#main:1,x=653
VW,context=Main#main:1,countX=79
VW,context=Main#main:1,x=705
VW,context=Main#main:1,countX=80
VW,context=Main#main:1,x=965
VW,context=Main#main:1,countX=81
VW,context=Main#main:1,x=217
VW,context=Main#main:1,countX=82
VW,context=Main#main:1,x=573
VW,context=Main#main:1,countX=83
VW,context=Main#main:1,x=305
VW,context=Main#main:1,countX=84
VW,context=Main#main:1,x=1013
VW,context=Main#main:1,countX=85
VW,context=Main#main:1,x=457
VW,context=Main#main:1,countX=86
VW,context=Main#main:1,x=749
VW,context=Main#main:1,countX=87
VW,context=Main#main:1,x=161
VW,context=Main#main:1,countX=88
VW,context=Main#main:1,x=293
VW,context=Main#main:1,countX=89
VW,context=Main#main:1,x=953
VW,context=Main#main:1,countX=90
VW,context=Main#main:1,x=157
VW,context=Main#main:1,countX=91
VW,context=Main#main:1,x=273
VW,context=Main#main:1,countX=92
VW,context=Main#main:1,x=853
VW,context=Main#main:1,countX=93
VW,context=Main#main:1,x=681
VW,context=Main#main:1,countX=94
VW,context=Main#main:1,x=845
VW,context=Main#main:1,countX=95
VW,context=Main#main:1,x=641
VW,context=Main#main:1,countX=96
VW,context=Main#main:1,x=645
VW,context=Main#main:1,countX=97
VW,context=Main#main:1,x=665
VW,context=Main#main:1,countX=98
VW,context=Main#main:1,x=765
VW,context=Main#main:1,countX=99
VW,context=Main#main:1,x=241
VW,context=Main#main:1,countX=100
VW,context=Main#main:1,x=693
VW,context=Main#main:1,countX=101
VW,context=Main#main:1,x=905
VW,context=Main#main:1,countX=102
VW,context=Main#main:1,x=941
VW,context=Main#main:1,countX=103
VW,context=Main#main:1,x=97
VW,context=Main#main:1,countX=104
VW,context=Main#main:1,x=997
VW,context=Main#main:1,countX=105
VW,context=Main#main:1,x=377
VW,context=Main#main:1,countX=106
VW,context=Main#main:1,x=349
VW,context=Main#main:1,countX=107
VW,context=Main#main:1,x=209
VW,context=Main#main:1,countX=108
VW,context=Main#main:1,x=533
VW,context=Main#main:1,countX=109
VW,context=Main#main:1,x=105
VW,context=Main#main:1,countX=110
VW,context=Main#main:1,x=13
VW,context=Main#main:1,countX=111
VW,context=Main#main:1,x=577
VW,context=Main#main:1,countX=112
VW,context=Main#main:1,x=325
VW,context=Main#main:1,countX=113
VW,context=Main#main:1,x=89
VW,context=Main#main:1,countX=114
VW,context=Main#main:1,x=957
VW,context=Main#main:1,countX=115
VW,context=Main#main:1,x=177
VW,context=Main#main:1,countX=116
VW,context=Main#main:1,x=373
VW,context=Main#main:1,countX=117
VW,context=Main#main:1,x=329
VW,context=Main#main:1,countX=118
VW,context=Main#main:1,x=109
VW,context=Main#main:1,countX=119
VW,context=Main#main:1,x=33
VW,context=Main#main:1,countX=120
VW,context=Main#main:1,x=677
VW,context=Main#main:1,countX=121
VW,context=Main#main:1,x=825
VW,context=Main#main:1,countX=122
VW,context=Main#main:1,x=541
VW,context=Main#main:1,countX=123
VW,context=Main#main:1,x=145
VW,context=Main#main:1,countX=124
VW,context=Main#main:1,x=213
VW,context=Main#main:1,countX=125
VW,context=Main#main:1,x=553
VW,context=Main#main:1,countX=126
VW,context=Main#main:1,x=205
VW,context=Main#main:1,countX=127
VW,context=Main#main:1,x=513
VW,context=Main#main:1,countX=128
VW,context=Main#main:1,x=5
VW,context=Main#main:1,countX=129
VW,context=Main#main:1,x=537
VW,context=Main#main:1,countX=130
VW,context=Main#main:1,x=125
VW,context=Main#main:1,countX=131
VW,context=Main#main:1,x=113
VW,context=Main#main:1,countX=132
VW,context=Main#main:1,x=53
VW,context=Main#main:1,countX=133
VW,context=Main#main:1,x=777
VW,context=Main#main:1,countX=134
VW,context=Main#main:1,x=301
VW,context=Main#main:1,countX=135
VW,context=Main#main:1,x=993
VW,context=Main#main:1,countX=136
VW,context=Main#main:1,x=357
VW,context=Main#main:1,countX=137
VW,context=Main#main:1,x=249
VW,context=Main#main:1,countX=138
VW,context=Main#main:1,x=733
VW,context=Main#main:1,countX=139
VW,context=Main#main:1,x=81
VW,context=Main#main:1,countX=140
VW,context=Main#main:1,x=917
VW,context=Main#main:1,countX=141
VW,context=Main#main:1,x=1001
VW,context=Main#main:1,countX=142
VW,context=Main#main:1,x=397
VW,context=Main#main:1,countX=143
VW,context=Main#main:1,x=449
VW,context=Main#main:1,countX=144
VW,context=Main#main:1,x=709
VW,context=Main#main:1,countX=145
VW,context=Main#main:1,x=985
VW,context=Main#main:1,countX=146
VW,context=Main#main:1,x=317
VW,context=Main#main:1,countX=147
VW,context=Main#main:1,x=49
VW,context=Main#main:1,countX=148
VW,context=Main#main:1,x=757
VW,context=Main#main:1,countX=149
VW,context=Main#main:1,x=201
VW,context=Main#main:1,countX=150
VW,context=Main#main:1,x=493
VW,context=Main#main:1,countX=151
VW,context=Main#main:1,x=929
VW,context=Main#main:1,countX=152
VW,context=Main#main:1,x=37
VW,context=Main#main:1,countX=153
VW,context=Main#main:1,x=697
VW,context=Main#main:1,countX=154
VW,context=Main#main:1,x=925
VW,context=Main#main:1,countX=155
VW,context=Main#main:1,x=17
VW,context=Main#main:1,countX=156
VW,context=Main#main:1,x=597
VW,context=Main#main:1,countX=157
VW,context=Main#main:1,x=425
VW,context=Main#main:1,countX=158
VW,context=Main#main:1,x=589
VW,context=Main#main:1,countX=159
VW,context=Main#main:1,x=385
VW,context=Main#main:1,countX=160
VW,context=Main#main:1,x=389
VW,context=Main#main:1,countX=161
VW,context=Main#main:1,x=409
VW,context=Main#main:1,countX=162
VW,context=Main#main:1,x=509
VW,context=Main#main:1,countX=163
VW,context=Main#main:1,x=1009
VW,context=Main#main:1,countX=164
VW,context=Main#main:1,x=437
VW,context=Main#main:1,countX=165
VW,context=Main#main:1,x=649
VW,context=Main#main:1,countX=166
VW,context=Main#main:1,x=685
VW,context=Main#main:1,countX=167
VW,context=Main#main:1,x=865
VW,context=Main#main:1,countX=168
VW,context=Main#main:1,x=741
VW,context=Main#main:1,countX=169
VW,context=Main#main:1,x=121
VW,context=Main#main:1,countX=170
VW,context=Main#main:1,x=93
VW,context=Main#main:1,countX=171
VW,context=Main#main:1,x=977
VW,context=Main#main:1,countX=172
VW,context=Main#main:1,x=277
VW,context=Main#main:1,countX=173
VW,context=Main#main:1,x=873
VW,context=Main#main:1,countX=174
VW,context=Main#main:1,x=781
VW,context=Main#main:1,countX=175
VW,context=Main#main:1,x=321
VW,context=Main#main:1,countX=176
VW,context=Main#main:1,x=69
VW,context=Main#main:1,countX=177
VW,context=Main#main:1,x=857
VW,context=Main#main:1,countX=178
VW,context=Main#main:1,x=701
VW,context=Main#main:1,countX=179
VW,context=Main#main:1,x=945
VW,context=Main#main:1,countX=180
VW,context=Main#main:1,x=117
VW,context=Main#main:1,countX=181
VW,context=Main#main:1,x=73
VW,context=Main#main:1,countX=182
VW,context=Main#main:1,x=877
VW,context=Main#main:1,countX=183
VW,context=Main#main:1,x=801
VW,context=Main#main:1,countX=184
VW,context=Main#main:1,x=421
VW,context=Main#main:1,countX=185
VW,context=Main#main:1,x=569
VW,context=Main#main:1,countX=186
VW,context=Main#main:1,x=285
VW,context=Main#main:1,countX=187
VW,context=Main#main:1,x=913
VW,context=Main#main:1,countX=188
VW,context=Main#main:1,x=981
VW,context=Main#main:1,countX=189
VW,context=Main#main:1,x=297
VW,context=Main#main:1,countX=190
VW,context=Main#main:1,x=973
VW,context=Main#main:1,countX=191
VW,context=Main#main:1,x=257
VW,context=Main#main:1,countX=192
VW,context=Main#main:1,x=773
VW,context=Main#main:1,countX=193
VW,context=Main#main:1,x=281
VW,context=Main#main:1,countX=194
VW,context=Main#main:1,x=893
VW,context=Main#main:1,countX=195
VW,context=Main#main:1,x=881
VW,context=Main#main:1,countX=196
VW,context=Main#main:1,x=821
VW,context=Main#main:1,countX=197
VW,context=Main#main:1,x=521
VW,context=Main#main:1,countX=198
VW,context=Main#main:1,x=45
VW,context=Main#main:1,countX=199
VW,context=Main#main:1,x=737
VW,context=Main#main:1,countX=200
VW,context=Main#main:1,x=101
VW,context=Main#main:1,countX=201
VW,context=Main#main:1,x=1017
VW,context=Main#main:1,countX=202
VW,context=Main#main:1,x=477
VW,context=Main#main:1,countX=203
VW,context=Main#main:1,x=849
VW,context=Main#main:1,countX=204
VW,context=Main#main:1,x=661
VW,context=Main#main:1,countX=205
VW,context=Main#main:1,x=745
VW,context=Main#main:1,countX=206
VW,context=Main#main:1,x=141
VW,context=Main#main:1,countX=207
VW,context=Main#main:1,x=193
VW,context=Main#main:1,countX=208
VW,context=Main#main:1,x=453
VW,context=Main#main:1,countX=209
VW,context=Main#main:1,x=729
VW,context=Main#main:1,countX=210
VW,context=Main#main:1,x=61
VW,context=Main#main:1,countX=211
VW,context=Main#main:1,x=817
VW,context=Main#main:1,countX=212
VW,context=Main#main:1,x=501
VW,context=Main#main:1,countX=213
VW,context=Main#main:1,x=969
VW,context=Main#main:1,countX=214
VW,context=Main#main:1,x=237
VW,context=Main#main:1,countX=215
VW,context=Main#main:1,x=673
VW,context=Main#main:1,countX=216
VW,context=Main#main:1,x=805
VW,context=Main#main:1,countX=217
VW,context=Main#main:1,x=441
VW,context=Main#main:1,countX=218
VW,context=Main#main:1,x=669
VW,context=Main#main:1,countX=219
VW,context=Main#main:1,x=785
VW,context=Main#main:1,countX=220
VW,context=Main#main:1,x=341
VW,context=Main#main:1,countX=221
VW,context=Main#main:1,x=169
VW,context=Main#main:1,countX=222
VW,context=Main#main:1,x=333
VW,context=Main#main:1,countX=223
VW,context=Main#main:1,x=129
VW,context=Main#main:1,countX=224
VW,context=Main#main:1,x=133
VW,context=Main#main:1,countX=225
VW,context=Main#main:1,x=153
VW,context=Main#main:1,countX=226
VW,context=Main#main:1,x=253
VW,context=Main#main:1,countX=227
VW,context=Main#main:1,x=753
VW,context=Main#main:1,countX=228
VW,context=Main#main:1,x=181
VW,context=Main#main:1,countX=229
VW,context=Main#main:1,x=393
VW,context=Main#main:1,countX=230
VW,context=Main#main:1,x=429
VW,context=Main#main:1,countX=231
VW,context=Main#main:1,x=609
VW,context=Main#main:1,countX=232
VW,context=Main#main:1,x=485
VW,context=Main#main:1,countX=233
VW,context=Main#main:1,x=889
VW,context=Main#main:1,countX=234
VW,context=Main#main:1,x=861
VW,context=Main#main:1,countX=235
VW,context=Main#main:1,x=721
VW,context=Main#main:1,countX=236
VW,context=Main#main:1,x=21
VW,context=Main#main:1,countX=237
VW,context=Main#main:1,x=617
VW,context=Main#main:1,countX=238
VW,context=Main#main:1,x=525
VW,context=Main#main:1,countX=239
VW,context=Main#main:1,x=65
VW,context=Main#main:1,countX=240
VW,context=Main#main:1,x=837
VW,context=Main#main:1,countX=241
VW,context=Main#main:1,x=601
VW,context=Main#main:1,countX=242
VW,context=Main#main:1,x=445
VW,context=Main#main:1,countX=243
VW,context=Main#main:1,x=689
VW,context=Main#main:1,countX=244
VW,context=Main#main:1,x=885
VW,context=Main#main:1,countX=245
VW,context=Main#main:1,x=841
VW,context=Main#main:1,countX=246
VW,context=Main#main:1,x=621
VW,context=Main#main:1,countX=247
VW,context=Main#main:1,x=545
VW,context=Main#main:1,countX=248
VW,context=Main#main:1,x=165
VW,context=Main#main:1,countX=249
VW,context=Main#main:1,x=313
VW,context=Main#main:1,countX=250
VW,context=Main#main:1,x=29
VW,context=Main#main:1,countX=251
VW,context=Main#main:1,x=657
VW,context=Main#main:1,countX=252
VW,context=Main#main:1,x=725
VW,context=Main#main:1,countX=253
VW,context=Main#main:1,x=41
VW,context=Main#main:1,countX=254
VW,context=Main#main:1,x=717
VW,context=Main#main:1,countX=255
VW,context=Main#main:1,x=1
VW,context=Main#main:1,countX=256
VW,context=Main#main:1,y=746
VW,context=Main#main:1,countY=1
VW,context=Main#main:1,y=5392
VW,context=Main#main:1,countY=2
VW,context=Main#main:1,y=539
VW,context=Main#main:1,countY=3
VW,context=Main#main:1,y=1873
VW,context=Main#main:1,countY=4
VW,context=Main#main:1,y=6326
VW,context=Main#main:1,countY=5
VW,context=Main#main:1,y=1837
VW,context=Main#main:1,countY=6
VW,context=Main#main:1,y=5714
VW,context=Main#main:1,countY=7
VW,context=Main#main:1,y=4555
VW,context=Main#main:1,countY=8
VW,context=Main#main:1,y=5993
VW,context=Main#main:1,countY=9
VW,context=Main#main:1,y=2737
VW,context=Main#main:1,countY=10
VW,context=Main#main:1,y=1331
VW,context=Main#main:1,countY=11
VW,context=Main#main:1,y=2215
VW,context=Main#main:1,countY=12
VW,context=Main#main:1,y=5579
VW,context=Main#main:1,countY=13
VW,context=Main#main:1,y=2260
VW,context=Main#main:1,countY=14
VW,context=Main#main:1,y=6344
VW,context=Main#main:1,countY=15
VW,context=Main#main:1,y=2143
VW,context=Main#main:1,countY=16
VW,context=Main#main:1,y=4355
VW,context=Main#main:1,countY=17
VW,context=Main#main:1,y=1135
VW,context=Main#main:1,countY=18
VW,context=Main#main:1,y=341
VW,context=Main#main:1,countY=19
VW,context=Main#main:1,y=5068
VW,context=Main#main:1,countY=20
VW,context=Main#main:1,y=1592
VW,context=Main#main:1,countY=21
VW,context=Main#main:1,y=91
VW,context=Main#main:1,countY=22
VW,context=Main#main:1,y=2276
VW,context=Main#main:1,countY=23
VW,context=Main#main:1,y=5158
VW,context=Main#main:1,countY=24
VW,context=Main#main:1,y=3122
VW,context=Main#main:1,countY=25
VW,context=Main#main:1,y=6418
VW,context=Main#main:1,countY=26
VW,context=Main#main:1,y=4859
VW,context=Main#main:1,countY=27
VW,context=Main#main:1,y=3142
VW,context=Main#main:1,countY=28
VW,context=Main#main:1,y=1655
VW,context=Main#main:1,countY=29
VW,context=Main#main:1,y=1162
VW,context=Main#main:1,countY=30
VW,context=Main#main:1,y=800
VW,context=Main#main:1,countY=31
VW,context=Main#main:1,y=6310
VW,context=Main#main:1,countY=32
VW,context=Main#main:1,y=3023
VW,context=Main#main:1,countY=33
VW,context=Main#main:1,y=4735
VW,context=Main#main:1,countY=34
VW,context=Main#main:1,y=2492
VW,context=Main#main:1,countY=35
VW,context=Main#main:1,y=2269
VW,context=Main#main:1,countY=36
VW,context=Main#main:1,y=6497
VW,context=Main#main:1,countY=37
VW,context=Main#main:1,y=4744
VW,context=Main#main:1,countY=38
VW,context=Main#main:1,y=2645
VW,context=Main#main:1,countY=39
VW,context=Main#main:1,y=4870
VW,context=Main#main:1,countY=40
VW,context=Main#main:1,y=4787
VW,context=Main#main:1,countY=41
VW,context=Main#main:1,y=1918
VW,context=Main#main:1,countY=42
VW,context=Main#main:1,y=530
VW,context=Main#main:1,countY=43
VW,context=Main#main:1,y=1720
VW,context=Main#main:1,countY=44
VW,context=Main#main:1,y=3725
VW,context=Main#main:1,countY=45
VW,context=Main#main:1,y=3547
VW,context=Main#main:1,countY=46
VW,context=Main#main:1,y=1979
VW,context=Main#main:1,countY=47
VW,context=Main#main:1,y=109
VW,context=Main#main:1,countY=48
VW,context=Main#main:1,y=2582
VW,context=Main#main:1,countY=49
VW,context=Main#main:1,y=3799
VW,context=Main#main:1,countY=50
VW,context=Main#main:1,y=6263
VW,context=Main#main:1,countY=51
VW,context=Main#main:1,y=766
VW,context=Main#main:1,countY=52
VW,context=Main#main:1,y=629
VW,context=Main#main:1,countY=53
VW,context=Main#main:1,y=3403
VW,context=Main#main:1,countY=54
VW,context=Main#main:1,y=6092
VW,context=Main#main:1,countY=55
VW,context=Main#main:1,y=4420
VW,context=Main#main:1,countY=56
VW,context=Main#main:1,y=3698
VW,context=Main#main:1,countY=57
VW,context=Main#main:1,y=3088
VW,context=Main#main:1,countY=58
VW,context=Main#main:1,y=737
VW,context=Main#main:1,countY=59
VW,context=Main#main:1,y=5239
VW,context=Main#main:1,countY=60
VW,context=Main#main:1,y=4499
VW,context=Main#main:1,countY=61
VW,context=Main#main:1,y=3583
VW,context=Main#main:1,countY=62
VW,context=Main#main:1,y=2591
VW,context=Main#main:1,countY=63
VW,context=Main#main:1,y=3952
VW,context=Main#main:1,countY=64
VW,context=Main#main:1,y=2303
VW,context=Main#main:1,countY=65
VW,context=Main#main:1,y=5617
VW,context=Main#main:1,countY=66
VW,context=Main#main:1,y=4364
VW,context=Main#main:1,countY=67
VW,context=Main#main:1,y=1288
VW,context=Main#main:1,countY=68
VW,context=Main#main:1,y=2942
VW,context=Main#main:1,countY=69
VW,context=Main#main:1,y=3358
VW,context=Main#main:1,countY=70
VW,context=Main#main:1,y=5327
VW,context=Main#main:1,countY=71
VW,context=Main#main:1,y=4537
VW,context=Main#main:1,countY=72
VW,context=Main#main:1,y=5687
VW,context=Main#main:1,countY=73
VW,context=Main#main:1,y=4096
VW,context=Main#main:1,countY=74
VW,context=Main#main:1,y=4751
VW,context=Main#main:1,countY=75
VW,context=Main#main:1,y=1306
VW,context=Main#main:1,countY=76
VW,context=Main#main:1,y=3248
VW,context=Main#main:1,countY=77
VW,context=Main#main:1,y=1999
VW,context=Main#main:1,countY=78
VW,context=Main#main:1,y=1907
VW,context=Main#main:1,countY=79
VW,context=Main#main:1,y=5446
VW,context=Main#main:1,countY=80
VW,context=Main#main:1,y=1457
VW,context=Main#main:1,countY=81
VW,context=Main#main:1,y=4357
VW,context=Main#main:1,countY=82
VW,context=Main#main:1,y=2627
VW,context=Main#main:1,countY=83
VW,context=Main#main:1,y=4564
VW,context=Main#main:1,countY=84
VW,context=Main#main:1,y=6146
VW,context=Main#main:1,countY=85
VW,context=Main#main:1,y=5338
VW,context=Main#main:1,countY=86
VW,context=Main#main:1,y=6182
VW,context=Main#main:1,countY=87
VW,context=Main#main:1,y=5950
VW,context=Main#main:1,countY=88
VW,context=Main#main:1,y=3464
VW,context=Main#main:1,countY=89
VW,context=Main#main:1,y=5671
VW,context=Main#main:1,countY=90
VW,context=Main#main:1,y=5282
VW,context=Main#main:1,countY=91
VW,context=Main#main:1,y=3772
VW,context=Main#main:1,countY=92
VW,context=Main#main:1,y=5804
VW,context=Main#main:1,countY=93
VW,context=Main#main:1,y=6085
VW,context=Main#main:1,countY=94
VW,context=Main#main:1,y=5759
VW,context=Main#main:1,countY=95
VW,context=Main#main:1,y=5320
VW,context=Main#main:1,countY=96
VW,context=Main#main:1,y=5876
VW,context=Main#main:1,countY=97
VW,context=Main#main:1,y=748
VW,context=Main#main:1,countY=98
VW,context=Main#main:1,y=323
VW,context=Main#main:1,countY=99
VW,context=Main#main:1,y=4762
VW,context=Main#main:1,countY=100
VW,context=Main#main:1,y=2951
VW,context=Main#main:1,countY=101
VW,context=Main#main:1,y=3511
VW,context=Main#main:1,countY=102
VW,context=Main#main:1,y=1367
VW,context=Main#main:1,countY=103
VW,context=Main#main:1,y=2827
VW,context=Main#main:1,countY=104
VW,context=Main#main:1,y=2861
VW,context=Main#main:1,countY=105
VW,context=Main#main:1,y=1981
VW,context=Main#main:1,countY=106
VW,context=Main#main:1,y=1601
VW,context=Main#main:1,countY=107
VW,context=Main#main:1,y=244
VW,context=Main#main:1,countY=108
VW,context=Main#main:1,y=4877
VW,context=Main#main:1,countY=109
VW,context=Main#main:1,y=3448
VW,context=Main#main:1,countY=110
VW,context=Main#main:1,y=296
VW,context=Main#main:1,countY=111
VW,context=Main#main:1,y=4303
VW,context=Main#main:1,countY=112
VW,context=Main#main:1,y=1709
VW,context=Main#main:1,countY=113
VW,context=Main#main:1,y=2080
VW,context=Main#main:1,countY=114
VW,context=Main#main:1,y=3284
VW,context=Main#main:1,countY=115
VW,context=Main#main:1,y=2611
VW,context=Main#main:1,countY=116
VW,context=Main#main:1,y=5750
VW,context=Main#main:1,countY=117
VW,context=Main#main:1,y=5167
VW,context=Main#main:1,countY=118
VW,context=Main#main:1,y=3275
VW,context=Main#main:1,countY=119
VW,context=Main#main:1,y=2458
VW,context=Main#main:1,countY=120
VW,context=Main#main:1,y=3149
VW,context=Main#main:1,countY=121
VW,context=Main#main:1,y=316
VW,context=Main#main:1,countY=122
VW,context=Main#main:1,y=6101
VW,context=Main#main:1,countY=123
VW,context=Main#main:1,y=4573
VW,context=Main#main:1,countY=124
VW,context=Main#main:1,y=6299
VW,context=Main#main:1,countY=125
VW,context=Main#main:1,y=1378
VW,context=Main#main:1,countY=126
VW,context=Main#main:1,y=4472
VW,context=Main#main:1,countY=127
VW,context=Main#main:1,y=3124
VW,context=Main#main:1,countY=128
VW,context=Main#main:1,y=1349
VW,context=Main#main:1,countY=129
VW,context=Main#main:1,y=2521
VW,context=Main#main:1,countY=130
VW,context=Main#main:1,y=4220
VW,context=Main#main:1,countY=131
VW,context=Main#main:1,y=5401
VW,context=Main#main:1,countY=132
VW,context=Main#main:1,y=692
VW,context=Main#main:1,countY=133
VW,context=Main#main:1,y=4474
VW,context=Main#main:1,countY=134
VW,context=Main#main:1,y=4616
VW,context=Main#main:1,countY=135
VW,context=Main#main:1,y=5572
VW,context=Main#main:1,countY=136
VW,context=Main#main:1,y=3599
VW,context=Main#main:1,countY=137
VW,context=Main#main:1,y=1405
VW,context=Main#main:1,countY=138
VW,context=Main#main:1,y=4931
VW,context=Main#main:1,countY=139
VW,context=Main#main:1,y=4366
VW,context=Main#main:1,countY=140
VW,context=Main#main:1,y=2780
VW,context=Main#main:1,countY=141
VW,context=Main#main:1,y=604
VW,context=Main#main:1,countY=142
VW,context=Main#main:1,y=4436
VW,context=Main#main:1,countY=143
VW,context=Main#main:1,y=2512
VW,context=Main#main:1,countY=144
VW,context=Main#main:1,y=4067
VW,context=Main#main:1,countY=145
VW,context=Main#main:1,y=2800
VW,context=Main#main:1,countY=146
VW,context=Main#main:1,y=2402
VW,context=Main#main:1,countY=147
VW,context=Main#main:1,y=739
VW,context=Main#main:1,countY=148
VW,context=Main#main:1,y=170
VW,context=Main#main:1,countY=149
VW,context=Main#main:1,y=2161
VW,context=Main#main:1,countY=150
VW,context=Main#main:1,y=4661
VW,context=Main#main:1,countY=151
VW,context=Main#main:1,y=6337
VW,context=Main#main:1,countY=152
VW,context=Main#main:1,y=3482
VW,context=Main#main:1,countY=153
VW,context=Main#main:1,y=5977
VW,context=Main#main:1,countY=154
VW,context=Main#main:1,y=3923
VW,context=Main#main:1,countY=155
VW,context=Main#main:1,y=352
VW,context=Main#main:1,countY=156
VW,context=Main#main:1,y=152
VW,context=Main#main:1,countY=157
VW,context=Main#main:1,y=1855
VW,context=Main#main:1,countY=158
VW,context=Main#main:1,y=6020
VW,context=Main#main:1,countY=159
VW,context=Main#main:1,y=3196
VW,context=Main#main:1,countY=160
VW,context=Main#main:1,y=2573
VW,context=Main#main:1,countY=161
VW,context=Main#main:1,y=3646
VW,context=Main#main:1,countY=162
VW,context=Main#main:1,y=3662
VW,context=Main#main:1,countY=163
VW,context=Main#main:1,y=2476
VW,context=Main#main:1,countY=164
VW,context=Main#main:1,y=3455
VW,context=Main#main:1,countY=165
VW,context=Main#main:1,y=5518
VW,context=Main#main:1,countY=166
VW,context=Main#main:1,y=2681
VW,context=Main#main:1,countY=167
VW,context=Main#main:1,y=5482
VW,context=Main#main:1,countY=168
VW,context=Main#main:1,y=2069
VW,context=Main#main:1,countY=169
VW,context=Main#main:1,y=1639
VW,context=Main#main:1,countY=170
VW,context=Main#main:1,y=2348
VW,context=Main#main:1,countY=171
VW,context=Main#main:1,y=6382
VW,context=Main#main:1,countY=172
VW,context=Main#main:1,y=4247
VW,context=Main#main:1,countY=173
VW,context=Main#main:1,y=5860
VW,context=Main#main:1,countY=174
VW,context=Main#main:1,y=1934
VW,context=Main#main:1,countY=175
VW,context=Main#main:1,y=5905
VW,context=Main#main:1,countY=176
VW,context=Main#main:1,y=2699
VW,context=Main#main:1,countY=177
VW,context=Main#main:1,y=5788
VW,context=Main#main:1,countY=178
VW,context=Main#main:1,y=710
VW,context=Main#main:1,countY=179
VW,context=Main#main:1,y=4780
VW,context=Main#main:1,countY=180
VW,context=Main#main:1,y=3257
VW,context=Main#main:1,countY=181
VW,context=Main#main:1,y=2152
VW,context=Main#main:1,countY=182
VW,context=Main#main:1,y=4508
VW,context=Main#main:1,countY=183
VW,context=Main#main:1,y=3736
VW,context=Main#main:1,countY=184
VW,context=Main#main:1,y=5192
VW,context=Main#main:1,countY=185
VW,context=Main#main:1,y=2242
VW,context=Main#main:1,countY=186
VW,context=Main#main:1,y=6038
VW,context=Main#main:1,countY=187
VW,context=Main#main:1,y=3502
VW,context=Main#main:1,countY=188
VW,context=Main#main:1,y=1214
VW,context=Main#main:1,countY=189
VW,context=Main#main:1,y=226
VW,context=Main#main:1,countY=190
VW,context=Main#main:1,y=4571
VW,context=Main#main:1,countY=191
VW,context=Main#main:1,y=4807
VW,context=Main#main:1,countY=192
VW,context=Main#main:1,y=3716
VW,context=Main#main:1,countY=193
VW,context=Main#main:1,y=3394
VW,context=Main#main:1,countY=194
VW,context=Main#main:1,y=5939
VW,context=Main#main:1,countY=195
VW,context=Main#main:1,y=1819
VW,context=Main#main:1,countY=196
VW,context=Main#main:1,y=5408
VW,context=Main#main:1,countY=197
VW,context=Main#main:1,y=5914
VW,context=Main#main:1,countY=198
VW,context=Main#main:1,y=2852
VW,context=Main#main:1,countY=199
VW,context=Main#main:1,y=1828
VW,context=Main#main:1,countY=200
VW,context=Main#main:1,y=5561
VW,context=Main#main:1,countY=201
VW,context=Main#main:1,y=1954
VW,context=Main#main:1,countY=202
VW,context=Main#main:1,y=1142
VW,context=Main#main:1,countY=203
VW,context=Main#main:1,y=5563
VW,context=Main#main:1,countY=204
VW,context=Main#main:1,y=3446
VW,context=Main#main:1,countY=205
VW,context=Main#main:1,y=5365
VW,context=Main#main:1,countY=206
VW,context=Main#main:1,y=80
VW,context=Main#main:1,countY=207
VW,context=Main#main:1,y=631
VW,context=Main#main:1,countY=208
VW,context=Main#main:1,y=4895
VW,context=Main#main:1,countY=209
VW,context=Main#main:1,y=3754
VW,context=Main#main:1,countY=210
VW,context=Main#main:1,y=5498
VW,context=Main#main:1,countY=211
VW,context=Main#main:1,y=883
VW,context=Main#main:1,countY=212
VW,context=Main#main:1,y=2618
VW,context=Main#main:1,countY=213
VW,context=Main#main:1,y=4411
VW,context=Main#main:1,countY=214
VW,context=Main#main:1,y=3545
VW,context=Main#main:1,countY=215
VW,context=Main#main:1,y=487
VW,context=Main#main:1,countY=216
VW,context=Main#main:1,y=2447
VW,context=Main#main:1,countY=217
VW,context=Main#main:1,y=1504
VW,context=Main#main:1,countY=218
VW,context=Main#main:1,y=53
VW,context=Main#main:1,countY=219
VW,context=Main#main:1,y=172
VW,context=Main#main:1,countY=220
VW,context=Main#main:1,y=3653
VW,context=Main#main:1,countY=221
VW,context=Main#main:1,y=2323
VW,context=Main#main:1,countY=222
VW,context=Main#main:1,y=854
VW,context=Main#main:1,countY=223
VW,context=Main#main:1,y=667
VW,context=Main#main:1,countY=224
VW,context=Main#main:1,y=5507
VW,context=Main#main:1,countY=225
VW,context=Main#main:1,y=1036
VW,context=Main#main:1,countY=226
VW,context=Main#main:1,y=5219
VW,context=Main#main:1,countY=227
VW,context=Main#main:1,y=2701
VW,context=Main#main:1,countY=228
VW,context=Main#main:1,y=719
VW,context=Main#main:1,countY=229
VW,context=Main#main:1,y=4933
VW,context=Main#main:1,countY=230
VW,context=Main#main:1,y=5858
VW,context=Main#main:1,countY=231
VW,context=Main#main:1,y=442
VW,context=Main#main:1,countY=232
VW,context=Main#main:1,y=1682
VW,context=Main#main:1,countY=233
VW,context=Main#main:1,y=1621
VW,context=Main#main:1,countY=234
VW,context=Main#main:1,y=2042
VW,context=Main#main:1,countY=235
VW,context=Main#main:1,y=1180
VW,context=Main#main:1,countY=236
VW,context=Main#main:1,y=1106
VW,context=Main#main:1,countY=237
VW,context=Main#main:1,y=4951
VW,context=Main#main:1,countY=238
VW,context=Main#main:1,y=6164
VW,context=Main#main:1,countY=239
VW,context=Main#main:1,y=5644
VW,context=Main#main:1,countY=240
VW,context=Main#main:1,y=4823
VW,context=Main#main:1,countY=241
VW,context=Main#main:1,y=2530
VW,context=Main#main:1,countY=242
VW,context=Main#main:1,y=4373
VW,context=Main#main:1,countY=243
VW,context=Main#main:1,y=1441
VW,context=Main#main:1,countY=244
VW,context=Main#main:1,y=5543
VW,context=Main#main:1,countY=245
VW,context=Main#main:1,y=1648
VW,context=Main#main:1,countY=246
VW,context=Main#main:1,y=2501
VW,context=Main#main:1,countY=247
VW,context=Main#main:1,y=2422
VW,context=Main#main:1,countY=248
VW,context=Main#main:1,y=2537
VW,context=Main#main:1,countY=249
VW,context=Main#main:1,y=3034
VW,context=Main#main:1,countY=250
VW,context=Main#main:1,y=6380
VW,context=Main#main:1,countY=251
VW,context=Main#main:1,y=2755
VW,context=Main#main:1,countY=252
VW,context=Main#main:1,y=1637
VW,context=Main#main:1,countY=253
VW,context=Main#main:1,y=856
VW,context=Main#main:1,countY=254
VW,context=Main#main:1,y=2159
VW,context=Main#main:1,countY=255
VW,context=Main#main:1,y=3169
VW,context=Main#main:1,countY=256
VW,context=Main#main:1,y=2114
VW,context=Main#main:1,countY=257
VW,context=Main#main:1,y=2404
VW,context=Main#main:1,countY=258
VW,context=Main#main:1,y=2231
VW,context=Main#main:1,countY=259
VW,context=Main#main:1,y=4393
VW,context=Main#main:1,countY=260
VW,context=Main#main:1,y=3239
VW,context=Main#main:1,countY=261
VW,context=Main#main:1,y=1846
VW,context=Main#main:1,countY=262
VW,context=Main#main:1,y=5867
VW,context=Main#main:1,countY=263
VW,context=Main#main:1,y=595
VW,context=Main#main:1,countY=264
VW,context=Main#main:1,y=4283
VW,context=Main#main:1,countY=265
VW,context=Main#main:1,y=6472
VW,context=Main#main:1,countY=266
VW,context=Main#main:1,y=5777
VW,context=Main#main:1,countY=267
VW,context=Main#main:1,y=5626
VW,context=Main#main:1,countY=268
VW,context=Main#main:1,y=4517
VW,context=Main#main:1,countY=269
VW,context=Main#main:1,y=3889
VW,context=Main#main:1,countY=270
VW,context=Main#main:1,y=1232
VW,context=Main#main:1,countY=271
VW,context=Main#main:1,y=532
VW,context=Main#main:1,countY=272
VW,context=Main#main:1,y=3212
VW,context=Main#main:1,countY=273
VW,context=Main#main:1,y=1387
VW,context=Main#main:1,countY=274
VW,context=Main#main:1,y=4625
VW,context=Main#main:1,countY=275
VW,context=Main#main:1,y=5725
VW,context=Main#main:1,countY=276
VW,context=Main#main:1,y=6200
VW,context=Main#main:1,countY=277
VW,context=Main#main:1,y=6256
VW,context=Main#main:1,countY=278
VW,context=Main#main:1,y=2105
VW,context=Main#main:1,countY=279
VW,context=Main#main:1,y=2251
VW,context=Main#main:1,countY=280
VW,context=Main#main:1,y=6191
VW,context=Main#main:1,countY=281
VW,context=Main#main:1,y=6103
VW,context=Main#main:1,countY=282
VW,context=Main#main:1,y=6065
VW,context=Main#main:1,countY=283
VW,context=Main#main:1,y=3961
VW,context=Main#main:1,countY=284
VW,context=Main#main:1,y=2456
VW,context=Main#main:1,countY=285
VW,context=Main#main:1,y=1657
VW,context=Main#main:1,countY=286
VW,context=Main#main:1,y=2654
VW,context=Main#main:1,countY=287
VW,context=Main#main:1,y=5023
VW,context=Main#main:1,countY=288
VW,context=Main#main:1,y=827
VW,context=Main#main:1,countY=289
VW,context=Main#main:1,y=208
VW,context=Main#main:1,countY=290
VW,context=Main#main:1,y=4265
VW,context=Main#main:1,countY=291
VW,context=Main#main:1,y=6166
VW,context=Main#main:1,countY=292
VW,context=Main#main:1,y=575
VW,context=Main#main:1,countY=293
VW,context=Main#main:1,y=2485
VW,context=Main#main:1,countY=294
VW,context=Main#main:1,y=3608
VW,context=Main#main:1,countY=295
VW,context=Main#main:1,y=1558
VW,context=Main#main:1,countY=296
VW,context=Main#main:1,y=971
VW,context=Main#main:1,countY=297
VW,context=Main#main:1,y=2656
VW,context=Main#main:1,countY=298
VW,context=Main#main:1,y=6515
VW,context=Main#main:1,countY=299
VW,context=Main#main:1,y=5050
VW,context=Main#main:1,countY=300
VW,context=Main#main:1,y=1286
VW,context=Main#main:1,countY=301
VW,context=Main#main:1,y=1450
VW,context=Main#main:1,countY=302
VW,context=Main#main:1,y=5696
VW,context=Main#main:1,countY=303
VW,context=Main#main:1,y=4249
VW,context=Main#main:1,countY=304
VW,context=Main#main:1,y=791
VW,context=Main#main:1,countY=305
VW,context=Main#main:1,y=6157
VW,context=Main#main:1,countY=306
VW,context=Main#main:1,y=422
VW,context=Main#main:1,countY=307
VW,context=Main#main:1,y=6445
VW,context=Main#main:1,countY=308
VW,context=Main#main:1,y=5318
VW,context=Main#main:1,countY=309
VW,context=Main#main:1,y=4384
VW,context=Main#main:1,countY=310
VW,context=Main#main:1,y=3086
VW,context=Main#main:1,countY=311
VW,context=Main#main:1,y=5806
VW,context=Main#main:1,countY=312
VW,context=Main#main:1,y=1016
VW,context=Main#main:1,countY=313
VW,context=Main#main:1,y=3421
VW,context=Main#main:1,countY=314
VW,context=Main#main:1,y=6398
VW,context=Main#main:1,countY=315
VW,context=Main#main:1,y=3061
VW,context=Main#main:1,countY=316
VW,context=Main#main:1,y=278
VW,context=Main#main:1,countY=317
VW,context=Main#main:1,y=3997
VW,context=Main#main:1,countY=318
VW,context=Main#main:1,y=3068
VW,context=Main#main:1,countY=319
VW,context=Main#main:1,y=5500
VW,context=Main#main:1,countY=320
VW,context=Main#main:1,y=2375
VW,context=Main#main:1,countY=321
VW,context=Main#main:1,y=280
VW,context=Main#main:1,countY=322
VW,context=Main#main:1,y=5489
VW,context=Main#main:1,countY=323
VW,context=Main#main:1,y=730
VW,context=Main#main:1,countY=324
VW,context=Main#main:1,y=17
VW,context=Main#main:1,countY=325
VW,context=Main#main:1,y=6121
VW,context=Main#main:1,countY=326
VW,context=Main#main:1,y=6371
VW,context=Main#main:1,countY=327
VW,context=Main#main:1,y=2602
VW,context=Main#main:1,countY=328
VW,context=Main#main:1,y=5597
VW,context=Main#main:1,countY=329
VW,context=Main#main:1,y=2566
VW,context=Main#main:1,countY=330
VW,context=Main#main:1,y=4985
VW,context=Main#main:1,countY=331
VW,context=Main#main:1,y=5284
VW,context=Main#main:1,countY=332
VW,context=Main#main:1,y=5264
VW,context=Main#main:1,countY=333
VW,context=Main#main:1,y=3466
VW,context=Main#main:1,countY=334
VW,context=Main#main:1,y=602
VW,context=Main#main:1,countY=335
VW,context=Main#main:1,y=2944
VW,context=Main#main:1,countY=336
VW,context=Main#main:1,y=4850
VW,context=Main#main:1,countY=337
VW,context=Main#main:1,y=2989
VW,context=Main#main:1,countY=338
VW,context=Main#main:1,y=5615
VW,context=Main#main:1,countY=339
VW,context=Main#main:1,y=2872
VW,context=Main#main:1,countY=340
VW,context=Main#main:1,y=3626
VW,context=Main#main:1,countY=341
VW,context=Main#main:1,y=1864
VW,context=Main#main:1,countY=342
VW,context=Main#main:1,y=6173
VW,context=Main#main:1,countY=343
VW,context=Main#main:1,y=5797
VW,context=Main#main:1,countY=344
VW,context=Main#main:1,y=863
VW,context=Main#main:1,countY=345
VW,context=Main#main:1,y=820
VW,context=Main#main:1,countY=346
VW,context=Main#main:1,y=1547
VW,context=Main#main:1,countY=347
VW,context=Main#main:1,y=5887
VW,context=Main#main:1,countY=348
VW,context=Main#main:1,y=2393
VW,context=Main#main:1,countY=349
VW,context=Main#main:1,y=586
VW,context=Main#main:1,countY=350
VW,context=Main#main:1,y=4130
VW,context=Main#main:1,countY=351
VW,context=Main#main:1,y=3871
VW,context=Main#main:1,countY=352
VW,context=Main#main:1,y=926
VW,context=Main#main:1,countY=353
VW,context=Main#main:1,y=1891
VW,context=Main#main:1,countY=354
VW,context=Main#main:1,y=71
VW,context=Main#main:1,countY=355
VW,context=Main#main:1,y=478
VW,context=Main#main:1,countY=356
VW,context=Main#main:1,y=2294
VW,context=Main#main:1,countY=357
VW,context=Main#main:1,y=5464
VW,context=Main#main:1,countY=358
VW,context=Main#main:1,y=1763
VW,context=Main#main:1,countY=359
VW,context=Main#main:1,y=2998
VW,context=Main#main:1,countY=360
VW,context=Main#main:1,y=5768
VW,context=Main#main:1,countY=361
VW,context=Main#main:1,y=5473
VW,context=Main#main:1,countY=362
VW,context=Main#main:1,y=1916
VW,context=Main#main:1,countY=363
VW,context=Main#main:1,y=5599
VW,context=Main#main:1,countY=364
VW,context=Main#main:1,y=4058
VW,context=Main#main:1,countY=365
VW,context=Main#main:1,y=2647
VW,context=Main#main:1,countY=366
VW,context=Main#main:1,y=6362
VW,context=Main#main:1,countY=367
VW,context=Main#main:1,y=2449
VW,context=Main#main:1,countY=368
VW,context=Main#main:1,y=2996
VW,context=Main#main:1,countY=369
VW,context=Main#main:1,y=4276
VW,context=Main#main:1,countY=370
VW,context=Main#main:1,y=1250
VW,context=Main#main:1,countY=371
VW,context=Main#main:1,y=838
VW,context=Main#main:1,countY=372
VW,context=Main#main:1,y=1853
VW,context=Main#main:1,countY=373
VW,context=Main#main:1,y=4528
VW,context=Main#main:1,countY=374
VW,context=Main#main:1,y=5534
VW,context=Main#main:1,countY=375
VW,context=Main#main:1,y=1495
VW,context=Main#main:1,countY=376
VW,context=Main#main:1,y=6461
VW,context=Main#main:1,countY=377
VW,context=Main#main:1,y=4132
VW,context=Main#main:1,countY=378
VW,context=Main#main:1,y=5363
VW,context=Main#main:1,countY=379
VW,context=Main#main:1,y=5149
VW,context=Main#main:1,countY=380
VW,context=Main#main:1,y=2969
VW,context=Main#main:1,countY=381
VW,context=Main#main:1,y=3817
VW,context=Main#main:1,countY=382
VW,context=Main#main:1,y=8
VW,context=Main#main:1,countY=383
VW,context=Main#main:1,y=5968
VW,context=Main#main:1,countY=384
VW,context=Main#main:1,y=3770
VW,context=Main#main:1,countY=385
VW,context=Main#main:1,y=4312
VW,context=Main#main:1,countY=386
VW,context=Main#main:1,y=1862
VW,context=Main#main:1,countY=387
VW,context=Main#main:1,y=4681
VW,context=Main#main:1,countY=388
VW,context=Main#main:1,y=1574
VW,context=Main#main:1,countY=389
VW,context=Main#main:1,y=6346
VW,context=Main#main:1,countY=390
VW,context=Main#main:1,y=3635
VW,context=Main#main:1,countY=391
VW,context=Main#main:1,y=2017
VW,context=Main#main:1,countY=392
VW,context=Main#main:1,y=2213
VW,context=Main#main:1,countY=393
VW,context=Main#main:1,y=4087
VW,context=Main#main:1,countY=394
VW,context=Main#main:1,y=4598
VW,context=Main#main:1,countY=395
VW,context=Main#main:1,y=5266
VW,context=Main#main:1,countY=396
VW,context=Main#main:1,y=4958
VW,context=Main#main:1,countY=397
VW,context=Main#main:1,y=4825
VW,context=Main#main:1,countY=398
VW,context=Main#main:1,y=4022
VW,context=Main#main:1,countY=399
VW,context=Main#main:1,y=2035
VW,context=Main#main:1,countY=400
VW,context=Main#main:1,y=2519
VW,context=Main#main:1,countY=401
VW,context=Main#main:1,y=2728
VW,context=Main#main:1,countY=402
VW,context=Main#main:1,y=1178
VW,context=Main#main:1,countY=403
VW,context=Main#main:1,y=6175
VW,context=Main#main:1,countY=404
VW,context=Main#main:1,y=728
VW,context=Main#main:1,countY=405
VW,context=Main#main:1,y=5086
VW,context=Main#main:1,countY=406
VW,context=Main#main:1,y=1898
VW,context=Main#main:1,countY=407
VW,context=Main#main:1,y=5293
VW,context=Main#main:1,countY=408
VW,context=Main#main:1,y=5417
VW,context=Main#main:1,countY=409
VW,context=Main#main:1,y=6067
VW,context=Main#main:1,countY=410
VW,context=Main#main:1,y=5453
VW,context=Main#main:1,countY=411
VW,context=Main#main:1,y=118
VW,context=Main#main:1,countY=412
VW,context=Main#main:1,y=2735
VW,context=Main#main:1,countY=413
VW,context=Main#main:1,y=6400
VW,context=Main#main:1,countY=414
VW,context=Main#main:1,y=4553
VW,context=Main#main:1,countY=415
VW,context=Main#main:1,y=4501
VW,context=Main#main:1,countY=416
VW,context=Main#main:1,y=5075
VW,context=Main#main:1,countY=417
VW,context=Main#main:1,y=253
VW,context=Main#main:1,countY=418
VW,context=Main#main:1,y=5030
VW,context=Main#main:1,countY=419
VW,context=Main#main:1,y=6049
VW,context=Main#main:1,countY=420
VW,context=Main#main:1,y=5147
VW,context=Main#main:1,countY=421
VW,context=Main#main:1,y=1477
VW,context=Main#main:1,countY=422
VW,context=Main#main:1,y=6155
VW,context=Main#main:1,countY=423
VW,context=Main#main:1,y=5491
VW,context=Main#main:1,countY=424
VW,context=Main#main:1,y=2222
VW,context=Main#main:1,countY=425
VW,context=Main#main:1,y=4240
VW,context=Main#main:1,countY=426
VW,context=Main#main:1,y=638
VW,context=Main#main:1,countY=427
VW,context=Main#main:1,y=3556
VW,context=Main#main:1,countY=428
VW,context=Main#main:1,y=2132
VW,context=Main#main:1,countY=429
VW,context=Main#main:1,y=2710
VW,context=Main#main:1,countY=430
VW,context=Main#main:1,y=872
VW,context=Main#main:1,countY=431
VW,context=Main#main:1,y=973
VW,context=Main#main:1,countY=432
VW,context=Main#main:1,y=4148
VW,context=Main#main:1,countY=433
VW,context=Main#main:1,y=4177
VW,context=Main#main:1,countY=434
VW,context=Main#main:1,y=6128
VW,context=Main#main:1,countY=435
VW,context=Main#main:1,y=5032
VW,context=Main#main:1,countY=436
VW,context=Main#main:1,y=980
VW,context=Main#main:1,countY=437
VW,context=Main#main:1,y=2809
VW,context=Main#main:1,countY=438
VW,context=Main#main:1,y=2555
VW,context=Main#main:1,countY=439
VW,context=Main#main:1,y=3340
VW,context=Main#main:1,countY=440
VW,context=Main#main:1,y=5021
VW,context=Main#main:1,countY=441
VW,context=Main#main:1,y=5896
VW,context=Main#main:1,countY=442
VW,context=Main#main:1,y=2546
VW,context=Main#main:1,countY=443
VW,context=Main#main:1,y=3187
VW,context=Main#main:1,countY=444
VW,context=Main#main:1,y=2420
VW,context=Main#main:1,countY=445
VW,context=Main#main:1,y=1045
VW,context=Main#main:1,countY=446
VW,context=Main#main:1,y=5372
VW,context=Main#main:1,countY=447
VW,context=Main#main:1,y=5302
VW,context=Main#main:1,countY=448
VW,context=Main#main:1,y=5570
VW,context=Main#main:1,countY=449
VW,context=Main#main:1,y=2107
VW,context=Main#main:1,countY=450
VW,context=Main#main:1,y=3743
VW,context=Main#main:1,countY=451
VW,context=Main#main:1,y=3853
VW,context=Main#main:1,countY=452
VW,context=Main#main:1,y=620
VW,context=Main#main:1,countY=453
VW,context=Main#main:1,y=3250
VW,context=Main#main:1,countY=454
VW,context=Main#main:1,y=3491
VW,context=Main#main:1,countY=455
VW,context=Main#main:1,y=6130
VW,context=Main#main:1,countY=456
VW,context=Main#main:1,y=6524
VW,context=Main#main:1,countY=457
VW,context=Main#main:1,y=5203
VW,context=Main#main:1,countY=458
VW,context=Main#main:1,y=3887
VW,context=Main#main:1,countY=459
VW,context=Main#main:1,y=6301
VW,context=Main#main:1,countY=460
VW,context=Main#main:1,y=2870
VW,context=Main#main:1,countY=461
VW,context=Main#main:1,y=2134
VW,context=Main#main:1,countY=462
VW,context=Main#main:1,y=4202
VW,context=Main#main:1,countY=463
VW,context=Main#main:1,y=5095
VW,context=Main#main:1,countY=464
VW,context=Main#main:1,y=2051
VW,context=Main#main:1,countY=465
VW,context=Main#main:1,y=1333
VW,context=Main#main:1,countY=466
VW,context=Main#main:1,y=3707
VW,context=Main#main:1,countY=467
VW,context=Main#main:1,y=3241
VW,context=Main#main:1,countY=468
VW,context=Main#main:1,y=3338
VW,context=Main#main:1,countY=469
VW,context=Main#main:1,y=3529
VW,context=Main#main:1,countY=470
VW,context=Main#main:1,y=1673
VW,context=Main#main:1,countY=471
VW,context=Main#main:1,y=1468
VW,context=Main#main:1,countY=472
VW,context=Main#main:1,y=6002
VW,context=Main#main:1,countY=473
VW,context=Main#main:1,y=2890
VW,context=Main#main:1,countY=474
VW,context=Main#main:1,y=3932
VW,context=Main#main:1,countY=475
VW,context=Main#main:1,y=505
VW,context=Main#main:1,countY=476
VW,context=Main#main:1,y=2753
VW,context=Main#main:1,countY=477
VW,context=Main#main:1,y=145
VW,context=Main#main:1,countY=478
VW,context=Main#main:1,y=3194
VW,context=Main#main:1,countY=479
VW,context=Main#main:1,y=1081
VW,context=Main#main:1,countY=480
VW,context=Main#main:1,y=5984
VW,context=Main#main:1,countY=481
VW,context=Main#main:1,y=2584
VW,context=Main#main:1,countY=482
VW,context=Main#main:1,y=5291
VW,context=Main#main:1,countY=483
VW,context=Main#main:1,y=3925
VW,context=Main#main:1,countY=484
VW,context=Main#main:1,y=1844
VW,context=Main#main:1,countY=485
VW,context=Main#main:1,y=4375
VW,context=Main#main:1,countY=486
VW,context=Main#main:1,y=2933
VW,context=Main#main:1,countY=487
VW,context=Main#main:1,y=3205
VW,context=Main#main:1,countY=488
VW,context=Main#main:1,y=2726
VW,context=Main#main:1,countY=489
VW,context=Main#main:1,y=6247
VW,context=Main#main:1,countY=490
VW,context=Main#main:1,y=1952
VW,context=Main#main:1,countY=491
VW,context=Main#main:1,y=6211
VW,context=Main#main:1,countY=492
VW,context=Main#main:1,y=1340
VW,context=Main#main:1,countY=493
VW,context=Main#main:1,y=2368
VW,context=Main#main:1,countY=494
VW,context=Main#main:1,y=1619
VW,context=Main#main:1,countY=495
VW,context=Main#main:1,y=550
VW,context=Main#main:1,countY=496
VW,context=Main#main:1,y=3518
VW,context=Main#main:1,countY=497
VW,context=Main#main:1,y=28
VW,context=Main#main:1,countY=498
VW,context=Main#main:1,y=1205
VW,context=Main#main:1,countY=499
VW,context=Main#main:1,y=73
VW,context=Main#main:1,countY=500
VW,context=Main#main:1,y=1970
VW,context=Main#main:1,countY=501
VW,context=Main#main:1,y=6517
VW,context=Main#main:1,countY=502
VW,context=Main#main:1,y=6542
VW,context=Main#main:1,countY=503
VW,context=Main#main:1,y=5509
VW,context=Main#main:1,countY=504
VW,context=Main#main:1,y=2528
VW,context=Main#main:1,countY=505
VW,context=Main#main:1,y=2881
VW,context=Main#main:1,countY=506
VW,context=Main#main:1,y=3779
VW,context=Main#main:1,countY=507
VW,context=Main#main:1,y=4465
VW,context=Main#main:1,countY=508
VW,context=Main#main:1,y=4463
VW,context=Main#main:1,countY=509
VW,context=Main#main:1,y=2971
VW,context=Main#main:1,countY=510
VW,context=Main#main:1,y=5309
VW,context=Main#main:1,countY=511
VW,context=Main#main:1,y=4231
VW,context=Main#main:1,countY=512
VW,context=Main#main:1,y=485
VW,context=Main#main:1,countY=513
VW,context=Main#main:1,y=955
VW,context=Main#main:1,countY=514
VW,context=Main#main:1,y=3842
VW,context=Main#main:1,countY=515
VW,context=Main#main:1,y=5536
VW,context=Main#main:1,countY=516
VW,context=Main#main:1,y=2987
VW,context=Main#main:1,countY=517
VW,context=Main#main:1,y=4123
VW,context=Main#main:1,countY=518
VW,context=Main#main:1,y=5210
VW,context=Main#main:1,countY=519
VW,context=Main#main:1,y=2548
VW,context=Main#main:1,countY=520
VW,context=Main#main:1,y=4679
VW,context=Main#main:1,countY=521
VW,context=Main#main:1,y=82
VW,context=Main#main:1,countY=522
VW,context=Main#main:1,y=2123
VW,context=Main#main:1,countY=523
VW,context=Main#main:1,y=2557
VW,context=Main#main:1,countY=524
VW,context=Main#main:1,y=4832
VW,context=Main#main:1,countY=525
VW,context=Main#main:1,y=2683
VW,context=Main#main:1,countY=526
VW,context=Main#main:1,y=413
VW,context=Main#main:1,countY=527
VW,context=Main#main:1,y=6292
VW,context=Main#main:1,countY=528
VW,context=Main#main:1,y=2717
VW,context=Main#main:1,countY=529
VW,context=Main#main:1,y=6094
VW,context=Main#main:1,countY=530
VW,context=Main#main:1,y=5912
VW,context=Main#main:1,countY=531
VW,context=Main#main:1,y=1360
VW,context=Main#main:1,countY=532
VW,context=Main#main:1,y=4166
VW,context=Main#main:1,countY=533
VW,context=Main#main:1,y=4483
VW,context=Main#main:1,countY=534
VW,context=Main#main:1,y=4769
VW,context=Main#main:1,countY=535
VW,context=Main#main:1,y=1612
VW,context=Main#main:1,countY=536
VW,context=Main#main:1,y=1889
VW,context=Main#main:1,countY=537
VW,context=Main#main:1,y=5140
VW,context=Main#main:1,countY=538
VW,context=Main#main:1,y=2816
VW,context=Main#main:1,countY=539
VW,context=Main#main:1,y=1216
VW,context=Main#main:1,countY=540
VW,context=Main#main:1,y=1718
VW,context=Main#main:1,countY=541
VW,context=Main#main:1,y=2233
VW,context=Main#main:1,countY=542
VW,context=Main#main:1,y=5885
VW,context=Main#main:1,countY=543
VW,context=Main#main:1,y=901
VW,context=Main#main:1,countY=544
VW,context=Main#main:1,y=2924
VW,context=Main#main:1,countY=545
VW,context=Main#main:1,y=3052
VW,context=Main#main:1,countY=546
VW,context=Main#main:1,y=125
VW,context=Main#main:1,countY=547
VW,context=Main#main:1,y=1396
VW,context=Main#main:1,countY=548
VW,context=Main#main:1,y=4778
VW,context=Main#main:1,countY=549
VW,context=Main#main:1,y=1765
VW,context=Main#main:1,countY=550
VW,context=Main#main:1,y=4490
VW,context=Main#main:1,countY=551
VW,context=Main#main:1,y=3430
VW,context=Main#main:1,countY=552
VW,context=Main#main:1,y=6551
VW,context=Main#main:1,countY=553
VW,context=Main#main:1,y=5662
VW,context=Main#main:1,countY=554
VW,context=Main#main:1,y=5129
VW,context=Main#main:1,countY=555
VW,context=Main#main:1,y=1171
VW,context=Main#main:1,countY=556
VW,context=Main#main:1,y=953
VW,context=Main#main:1,countY=557
VW,context=Main#main:1,y=2350
VW,context=Main#main:1,countY=558
VW,context=Main#main:1,y=1313
VW,context=Main#main:1,countY=559
VW,context=Main#main:1,y=1909
VW,context=Main#main:1,countY=560
VW,context=Main#main:1,y=377
VW,context=Main#main:1,countY=561
VW,context=Main#main:1,y=5680
VW,context=Main#main:1,countY=562
VW,context=Main#main:1,y=5435
VW,context=Main#main:1,countY=563
VW,context=Main#main:1,y=6373
VW,context=Main#main:1,countY=564
VW,context=Main#main:1,y=4094
VW,context=Main#main:1,countY=565
VW,context=Main#main:1,y=3259
VW,context=Main#main:1,countY=566
VW,context=Main#main:1,y=3644
VW,context=Main#main:1,countY=567
VW,context=Main#main:1,y=2170
VW,context=Main#main:1,countY=568
VW,context=Main#main:1,y=4814
VW,context=Main#main:1,countY=569
VW,context=Main#main:1,y=2377
VW,context=Main#main:1,countY=570
VW,context=Main#main:1,y=1772
VW,context=Main#main:1,countY=571
VW,context=Main#main:1,y=3151
VW,context=Main#main:1,countY=572
VW,context=Main#main:1,y=1808
VW,context=Main#main:1,countY=573
VW,context=Main#main:1,y=3763
VW,context=Main#main:1,countY=574
VW,context=Main#main:1,y=5651
VW,context=Main#main:1,countY=575
VW,context=Main#main:1,y=3484
VW,context=Main#main:1,countY=576
VW,context=Main#main:1,y=908
VW,context=Main#main:1,countY=577
VW,context=Main#main:1,y=1585
VW,context=Main#main:1,countY=578
VW,context=Main#main:1,y=1430
VW,context=Main#main:1,countY=579
VW,context=Main#main:1,y=3898
VW,context=Main#main:1,countY=580
VW,context=Main#main:1,y=1385
VW,context=Main#main:1,countY=581
VW,context=Main#main:1,y=3133
VW,context=Main#main:1,countY=582
VW,context=Main#main:1,y=1502
VW,context=Main#main:1,countY=583
VW,context=Main#main:1,y=5122
VW,context=Main#main:1,countY=584
VW,context=Main#main:1,y=2510
VW,context=Main#main:1,countY=585
VW,context=Main#main:1,y=2575
VW,context=Main#main:1,countY=586
VW,context=Main#main:1,y=5138
VW,context=Main#main:1,countY=587
VW,context=Main#main:1,y=1324
VW,context=Main#main:1,countY=588
VW,context=Main#main:1,y=3554
VW,context=Main#main:1,countY=589
VW,context=Main#main:1,y=640
VW,context=Main#main:1,countY=590
VW,context=Main#main:1,y=5048
VW,context=Main#main:1,countY=591
VW,context=Main#main:1,y=6355
VW,context=Main#main:1,countY=592
VW,context=Main#main:1,y=3788
VW,context=Main#main:1,countY=593
VW,context=Main#main:1,y=4618
VW,context=Main#main:1,countY=594
VW,context=Main#main:1,y=503
VW,context=Main#main:1,countY=595
VW,context=Main#main:1,y=1261
VW,context=Main#main:1,countY=596
VW,context=Main#main:1,y=2483
VW,context=Main#main:1,countY=597
VW,context=Main#main:1,y=2116
VW,context=Main#main:1,countY=598
VW,context=Main#main:1,y=3896
VW,context=Main#main:1,countY=599
VW,context=Main#main:1,y=6454
VW,context=Main#main:1,countY=600
VW,context=Main#main:1,y=5471
VW,context=Main#main:1,countY=601
VW,context=Main#main:1,y=424
VW,context=Main#main:1,countY=602
VW,context=Main#main:1,y=1376
VW,context=Main#main:1,countY=603
VW,context=Main#main:1,y=2980
VW,context=Main#main:1,countY=604
VW,context=Main#main:1,y=5462
VW,context=Main#main:1,countY=605
VW,context=Main#main:1,y=271
VW,context=Main#main:1,countY=606
VW,context=Main#main:1,y=5336
VW,context=Main#main:1,countY=607
VW,context=Main#main:1,y=4690
VW,context=Main#main:1,countY=608
VW,context=Main#main:1,y=1727
VW,context=Main#main:1,countY=609
VW,context=Main#main:1,y=2386
VW,context=Main#main:1,countY=610
VW,context=Main#main:1,y=1925
VW,context=Main#main:1,countY=611
VW,context=Main#main:1,y=5752
VW,context=Main#main:1,countY=612
VW,context=Main#main:1,y=98
VW,context=Main#main:1,countY=613
VW,context=Main#main:1,y=937
VW,context=Main#main:1,countY=614
VW,context=Main#main:1,y=3536
VW,context=Main#main:1,countY=615
VW,context=Main#main:1,y=334
VW,context=Main#main:1,countY=616
VW,context=Main#main:1,y=6407
VW,context=Main#main:1,countY=617
VW,context=Main#main:1,y=3214
VW,context=Main#main:1,countY=618
VW,context=Main#main:1,y=2879
VW,context=Main#main:1,countY=619
VW,context=Main#main:1,y=2287
VW,context=Main#main:1,countY=620
VW,context=Main#main:1,y=242
VW,context=Main#main:1,countY=621
VW,context=Main#main:1,y=3385
VW,context=Main#main:1,countY=622
VW,context=Main#main:1,y=5786
VW,context=Main#main:1,countY=623
VW,context=Main#main:1,y=5779
VW,context=Main#main:1,countY=624
VW,context=Main#main:1,y=557
VW,context=Main#main:1,countY=625
VW,context=Main#main:1,y=2179
VW,context=Main#main:1,countY=626
VW,context=Main#main:1,y=4967
VW,context=Main#main:1,countY=627
VW,context=Main#main:1,y=4978
VW,context=Main#main:1,countY=628
VW,context=Main#main:1,y=62
VW,context=Main#main:1,countY=629
VW,context=Main#main:1,y=325
VW,context=Main#main:1,countY=630
VW,context=Main#main:1,y=6254
VW,context=Main#main:1,countY=631
VW,context=Main#main:1,y=613
VW,context=Main#main:1,countY=632
VW,context=Main#main:1,y=4589
VW,context=Main#main:1,countY=633
VW,context=Main#main:1,y=5113
VW,context=Main#main:1,countY=634
VW,context=Main#main:1,y=2357
VW,context=Main#main:1,countY=635
VW,context=Main#main:1,y=6535
VW,context=Main#main:1,countY=636
VW,context=Main#main:1,y=287
VW,context=Main#main:1,countY=637
VW,context=Main#main:1,y=4150
VW,context=Main#main:1,countY=638
VW,context=Main#main:1,y=5669
VW,context=Main#main:1,countY=639
VW,context=Main#main:1,y=3790
VW,context=Main#main:1,countY=640
VW,context=Main#main:1,y=6110
VW,context=Main#main:1,countY=641
VW,context=Main#main:1,y=4726
VW,context=Main#main:1,countY=642
VW,context=Main#main:1,y=2339
VW,context=Main#main:1,countY=643
VW,context=Main#main:1,y=6229
VW,context=Main#main:1,countY=644
VW,context=Main#main:1,y=1646
VW,context=Main#main:1,countY=645
VW,context=Main#main:1,y=1009
VW,context=Main#main:1,countY=646
VW,context=Main#main:1,y=4760
VW,context=Main#main:1,countY=647
VW,context=Main#main:1,y=1459
VW,context=Main#main:1,countY=648
VW,context=Main#main:1,y=5849
VW,context=Main#main:1,countY=649
VW,context=Main#main:1,y=289
VW,context=Main#main:1,countY=650
VW,context=Main#main:1,y=5642
VW,context=Main#main:1,countY=651
VW,context=Main#main:1,y=3331
VW,context=Main#main:1,countY=652
VW,context=Main#main:1,y=4868
VW,context=Main#main:1,countY=653
VW,context=Main#main:1,y=3295
VW,context=Main#main:1,countY=654
VW,context=Main#main:1,y=4256
VW,context=Main#main:1,countY=655
VW,context=Main#main:1,y=6013
VW,context=Main#main:1,countY=656
VW,context=Main#main:1,y=4535
VW,context=Main#main:1,countY=657
VW,context=Main#main:1,y=4195
VW,context=Main#main:1,countY=658
VW,context=Main#main:1,y=6434
VW,context=Main#main:1,countY=659
VW,context=Main#main:1,y=3673
VW,context=Main#main:1,countY=660
VW,context=Main#main:1,y=4121
VW,context=Main#main:1,countY=661
VW,context=Main#main:1,y=3718
VW,context=Main#main:1,countY=662
VW,context=Main#main:1,y=4886
VW,context=Main#main:1,countY=663
VW,context=Main#main:1,y=3601
VW,context=Main#main:1,countY=664
VW,context=Main#main:1,y=2897
VW,context=Main#main:1,countY=665
VW,context=Main#main:1,y=2593
VW,context=Main#main:1,countY=666
VW,context=Main#main:1,y=5444
VW,context=Main#main:1,countY=667
VW,context=Main#main:1,y=6526
VW,context=Main#main:1,countY=668
VW,context=Main#main:1,y=134
VW,context=Main#main:1,countY=669
VW,context=Main#main:1,y=1549
VW,context=Main#main:1,countY=670
VW,context=Main#main:1,y=818
VW,context=Main#main:1,countY=671
VW,context=Main#main:1,y=55
VW,context=Main#main:1,countY=672
VW,context=Main#main:1,y=1664
VW,context=Main#main:1,countY=673
VW,context=Main#main:1,y=1315
VW,context=Main#main:1,countY=674
VW,context=Main#main:1,y=3401
VW,context=Main#main:1,countY=675
VW,context=Main#main:1,y=4600
VW,context=Main#main:1,countY=676
VW,context=Main#main:1,y=197
VW,context=Main#main:1,countY=677
VW,context=Main#main:1,y=2620
VW,context=Main#main:1,countY=678
VW,context=Main#main:1,y=5903
VW,context=Main#main:1,countY=679
VW,context=Main#main:1,y=1207
VW,context=Main#main:1,countY=680
VW,context=Main#main:1,y=1565
VW,context=Main#main:1,countY=681
VW,context=Main#main:1,y=6193
VW,context=Main#main:1,countY=682
VW,context=Main#main:1,y=1034
VW,context=Main#main:1,countY=683
VW,context=Main#main:1,y=3727
VW,context=Main#main:1,countY=684
VW,context=Main#main:1,y=5039
VW,context=Main#main:1,countY=685
VW,context=Main#main:1,y=6202
VW,context=Main#main:1,countY=686
VW,context=Main#main:1,y=1187
VW,context=Main#main:1,countY=687
VW,context=Main#main:1,y=6328
VW,context=Main#main:1,countY=688
VW,context=Main#main:1,y=3329
VW,context=Main#main:1,countY=689
VW,context=Main#main:1,y=3376
VW,context=Main#main:1,countY=690
VW,context=Main#main:1,y=5633
VW,context=Main#main:1,countY=691
VW,context=Main#main:1,y=3178
VW,context=Main#main:1,countY=692
VW,context=Main#main:1,y=2267
VW,context=Main#main:1,countY=693
VW,context=Main#main:1,y=5005
VW,context=Main#main:1,countY=694
VW,context=Main#main:1,y=521
VW,context=Main#main:1,countY=695
VW,context=Main#main:1,y=1567
VW,context=Main#main:1,countY=696
VW,context=Main#main:1,y=1124
VW,context=Main#main:1,countY=697
VW,context=Main#main:1,y=5257
VW,context=Main#main:1,countY=698
VW,context=Main#main:1,y=4805
VW,context=Main#main:1,countY=699
VW,context=Main#main:1,y=2224
VW,context=Main#main:1,countY=700
VW,context=Main#main:1,y=5732
VW,context=Main#main:1,countY=701
VW,context=Main#main:1,y=4861
VW,context=Main#main:1,countY=702
VW,context=Main#main:1,y=4634
VW,context=Main#main:1,countY=703
VW,context=Main#main:1,y=5878
VW,context=Main#main:1,countY=704
VW,context=Main#main:1,y=2240
VW,context=Main#main:1,countY=705
VW,context=Main#main:1,y=4546
VW,context=Main#main:1,countY=706
VW,context=Main#main:1,y=5840
VW,context=Main#main:1,countY=707
VW,context=Main#main:1,y=136
VW,context=Main#main:1,countY=708
VW,context=Main#main:1,y=3041
VW,context=Main#main:1,countY=709
VW,context=Main#main:1,y=5041
VW,context=Main#main:1,countY=710
VW,context=Main#main:1,y=1133
VW,context=Main#main:1,countY=711
VW,context=Main#main:1,y=5410
VW,context=Main#main:1,countY=712
VW,context=Main#main:1,y=845
VW,context=Main#main:1,countY=713
VW,context=Main#main:1,y=514
VW,context=Main#main:1,countY=714
VW,context=Main#main:1,y=2906
VW,context=Main#main:1,countY=715
VW,context=Main#main:1,y=2746
VW,context=Main#main:1,countY=716
VW,context=Main#main:1,y=1484
VW,context=Main#main:1,countY=717
VW,context=Main#main:1,y=4816
VW,context=Main#main:1,countY=718
VW,context=Main#main:1,y=3869
VW,context=Main#main:1,countY=719
VW,context=Main#main:1,y=5995
VW,context=Main#main:1,countY=720
VW,context=Main#main:1,y=4229
VW,context=Main#main:1,countY=721
VW,context=Main#main:1,y=5554
VW,context=Main#main:1,countY=722
VW,context=Main#main:1,y=3293
VW,context=Main#main:1,countY=723
VW,context=Main#main:1,y=2764
VW,context=Main#main:1,countY=724
VW,context=Main#main:1,y=1790
VW,context=Main#main:1,countY=725
VW,context=Main#main:1,y=3457
VW,context=Main#main:1,countY=726
VW,context=Main#main:1,y=449
VW,context=Main#main:1,countY=727
VW,context=Main#main:1,y=343
VW,context=Main#main:1,countY=728
VW,context=Main#main:1,y=6560
VW,context=Main#main:1,countY=729
VW,context=Main#main:1,y=5815
VW,context=Main#main:1,countY=730
VW,context=Main#main:1,y=1169
VW,context=Main#main:1,countY=731
VW,context=Main#main:1,y=6022
VW,context=Main#main:1,countY=732
VW,context=Main#main:1,y=4688
VW,context=Main#main:1,countY=733
VW,context=Main#main:1,y=235
VW,context=Main#main:1,countY=734
VW,context=Main#main:1,y=4724
VW,context=Main#main:1,countY=735
VW,context=Main#main:1,y=847
VW,context=Main#main:1,countY=736
VW,context=Main#main:1,y=2006
VW,context=Main#main:1,countY=737
VW,context=Main#main:1,y=568
VW,context=Main#main:1,countY=738
VW,context=Main#main:1,y=3824
VW,context=Main#main:1,countY=739
VW,context=Main#main:1,y=5230
VW,context=Main#main:1,countY=740
VW,context=Main#main:1,y=4346
VW,context=Main#main:1,countY=741
VW,context=Main#main:1,y=982
VW,context=Main#main:1,countY=742
VW,context=Main#main:1,y=4301
VW,context=Main#main:1,countY=743
VW,context=Main#main:1,y=217
VW,context=Main#main:1,countY=744
VW,context=Main#main:1,y=4418
VW,context=Main#main:1,countY=745
VW,context=Main#main:1,y=2206
VW,context=Main#main:1,countY=746
VW,context=Main#main:1,y=5426
VW,context=Main#main:1,countY=747
VW,context=Main#main:1,y=6220
VW,context=Main#main:1,countY=748
VW,context=Main#main:1,y=1493
VW,context=Main#main:1,countY=749
VW,context=Main#main:1,y=4969
VW,context=Main#main:1,countY=750
VW,context=Main#main:1,y=6470
VW,context=Main#main:1,countY=751
VW,context=Main#main:1,y=4285
VW,context=Main#main:1,countY=752
VW,context=Main#main:1,y=1403
VW,context=Main#main:1,countY=753
VW,context=Main#main:1,y=3439
VW,context=Main#main:1,countY=754
VW,context=Main#main:1,y=143
VW,context=Main#main:1,countY=755
VW,context=Main#main:1,y=1702
VW,context=Main#main:1,countY=756
VW,context=Main#main:1,y=3419
VW,context=Main#main:1,countY=757
VW,context=Main#main:1,y=4906
VW,context=Main#main:1,countY=758
VW,context=Main#main:1,y=5399
VW,context=Main#main:1,countY=759
VW,context=Main#main:1,y=5761
VW,context=Main#main:1,countY=760
VW,context=Main#main:1,y=251
VW,context=Main#main:1,countY=761
VW,context=Main#main:1,y=3538
VW,context=Main#main:1,countY=762
VW,context=Main#main:1,y=1826
VW,context=Main#main:1,countY=763
VW,context=Main#main:1,y=4069
VW,context=Main#main:1,countY=764
VW,context=Main#main:1,y=4292
VW,context=Main#main:1,countY=765
VW,context=Main#main:1,y=64
VW,context=Main#main:1,countY=766
VW,context=Main#main:1,y=1817
VW,context=Main#main:1,countY=767
VW,context=Main#main:1,y=3916
VW,context=Main#main:1,countY=768
VW,context=Main#main:1,y=1691
VW,context=Main#main:1,countY=769
VW,context=Main#main:1,y=1774
VW,context=Main#main:1,countY=770
VW,context=Main#main:1,y=4643
VW,context=Main#main:1,countY=771
VW,context=Main#main:1,y=6031
VW,context=Main#main:1,countY=772
VW,context=Main#main:1,y=4841
VW,context=Main#main:1,countY=773
VW,context=Main#main:1,y=2836
VW,context=Main#main:1,countY=774
VW,context=Main#main:1,y=3014
VW,context=Main#main:1,countY=775
VW,context=Main#main:1,y=4582
VW,context=Main#main:1,countY=776
VW,context=Main#main:1,y=6452
VW,context=Main#main:1,countY=777
VW,context=Main#main:1,y=3979
VW,context=Main#main:1,countY=778
VW,context=Main#main:1,y=2762
VW,context=Main#main:1,countY=779
VW,context=Main#main:1,y=298
VW,context=Main#main:1,countY=780
VW,context=Main#main:1,y=5795
VW,context=Main#main:1,countY=781
VW,context=Main#main:1,y=5932
VW,context=Main#main:1,countY=782
VW,context=Main#main:1,y=3158
VW,context=Main#main:1,countY=783
VW,context=Main#main:1,y=469
VW,context=Main#main:1,countY=784
VW,context=Main#main:1,y=2141
VW,context=Main#main:1,countY=785
VW,context=Main#main:1,y=2863
VW,context=Main#main:1,countY=786
VW,context=Main#main:1,y=3473
VW,context=Main#main:1,countY=787
VW,context=Main#main:1,y=5824
VW,context=Main#main:1,countY=788
VW,context=Main#main:1,y=1322
VW,context=Main#main:1,countY=789
VW,context=Main#main:1,y=2062
VW,context=Main#main:1,countY=790
VW,context=Main#main:1,y=2978
VW,context=Main#main:1,countY=791
VW,context=Main#main:1,y=3970
VW,context=Main#main:1,countY=792
VW,context=Main#main:1,y=2609
VW,context=Main#main:1,countY=793
VW,context=Main#main:1,y=4258
VW,context=Main#main:1,countY=794
VW,context=Main#main:1,y=944
VW,context=Main#main:1,countY=795
VW,context=Main#main:1,y=2197
VW,context=Main#main:1,countY=796
VW,context=Main#main:1,y=5273
VW,context=Main#main:1,countY=797
VW,context=Main#main:1,y=3619
VW,context=Main#main:1,countY=798
VW,context=Main#main:1,y=3203
VW,context=Main#main:1,countY=799
VW,context=Main#main:1,y=1234
VW,context=Main#main:1,countY=800
VW,context=Main#main:1,y=2024
VW,context=Main#main:1,countY=801
VW,context=Main#main:1,y=874
VW,context=Main#main:1,countY=802
VW,context=Main#main:1,y=2465
VW,context=Main#main:1,countY=803
VW,context=Main#main:1,y=1810
VW,context=Main#main:1,countY=804
VW,context=Main#main:1,y=5255
VW,context=Main#main:1,countY=805
VW,context=Main#main:1,y=3313
VW,context=Main#main:1,countY=806
VW,context=Main#main:1,y=4562
VW,context=Main#main:1,countY=807
VW,context=Main#main:1,y=4654
VW,context=Main#main:1,countY=808
VW,context=Main#main:1,y=1115
VW,context=Main#main:1,countY=809
VW,context=Main#main:1,y=5104
VW,context=Main#main:1,countY=810
VW,context=Main#main:1,y=2204
VW,context=Main#main:1,countY=811
VW,context=Main#main:1,y=3934
VW,context=Main#main:1,countY=812
VW,context=Main#main:1,y=1997
VW,context=Main#main:1,countY=813
VW,context=Main#main:1,y=415
VW,context=Main#main:1,countY=814
VW,context=Main#main:1,y=1223
VW,context=Main#main:1,countY=815
VW,context=Main#main:1,y=379
VW,context=Main#main:1,countY=816
VW,context=Main#main:1,y=611
VW,context=Main#main:1,countY=817
VW,context=Main#main:1,y=3097
VW,context=Main#main:1,countY=818
VW,context=Main#main:1,y=890
VW,context=Main#main:1,countY=819
VW,context=Main#main:1,y=1279
VW,context=Main#main:1,countY=820
VW,context=Main#main:1,y=2789
VW,context=Main#main:1,countY=821
VW,context=Main#main:1,y=757
VW,context=Main#main:1,countY=822
VW,context=Main#main:1,y=476
VW,context=Main#main:1,countY=823
VW,context=Main#main:1,y=802
VW,context=Main#main:1,countY=824
VW,context=Main#main:1,y=1241
VW,context=Main#main:1,countY=825
VW,context=Main#main:1,y=685
VW,context=Main#main:1,countY=826
VW,context=Main#main:1,y=5813
VW,context=Main#main:1,countY=827
VW,context=Main#main:1,y=6238
VW,context=Main#main:1,countY=828
VW,context=Main#main:1,y=1799
VW,context=Main#main:1,countY=829
VW,context=Main#main:1,y=3610
VW,context=Main#main:1,countY=830
VW,context=Main#main:1,y=3050
VW,context=Main#main:1,countY=831
VW,context=Main#main:1,y=5194
VW,context=Main#main:1,countY=832
VW,context=Main#main:1,y=3734
VW,context=Main#main:1,countY=833
VW,context=Main#main:1,y=3700
VW,context=Main#main:1,countY=834
VW,context=Main#main:1,y=4580
VW,context=Main#main:1,countY=835
VW,context=Main#main:1,y=4960
VW,context=Main#main:1,countY=836
VW,context=Main#main:1,y=6317
VW,context=Main#main:1,countY=837
VW,context=Main#main:1,y=1684
VW,context=Main#main:1,countY=838
VW,context=Main#main:1,y=3113
VW,context=Main#main:1,countY=839
VW,context=Main#main:1,y=6265
VW,context=Main#main:1,countY=840
VW,context=Main#main:1,y=2258
VW,context=Main#main:1,countY=841
VW,context=Main#main:1,y=4852
VW,context=Main#main:1,countY=842
VW,context=Main#main:1,y=4481
VW,context=Main#main:1,countY=843
VW,context=Main#main:1,y=3277
VW,context=Main#main:1,countY=844
VW,context=Main#main:1,y=3950
VW,context=Main#main:1,countY=845
VW,context=Main#main:1,y=811
VW,context=Main#main:1,countY=846
VW,context=Main#main:1,y=1394
VW,context=Main#main:1,countY=847
VW,context=Main#main:1,y=3286
VW,context=Main#main:1,countY=848
VW,context=Main#main:1,y=4103
VW,context=Main#main:1,countY=849
VW,context=Main#main:1,y=3412
VW,context=Main#main:1,countY=850
VW,context=Main#main:1,y=6245
VW,context=Main#main:1,countY=851
VW,context=Main#main:1,y=460
VW,context=Main#main:1,countY=852
VW,context=Main#main:1,y=1988
VW,context=Main#main:1,countY=853
VW,context=Main#main:1,y=262
VW,context=Main#main:1,countY=854
VW,context=Main#main:1,y=5183
VW,context=Main#main:1,countY=855
VW,context=Main#main:1,y=2089
VW,context=Main#main:1,countY=856
VW,context=Main#main:1,y=3437
VW,context=Main#main:1,countY=857
VW,context=Main#main:1,y=5212
VW,context=Main#main:1,countY=858
VW,context=Main#main:1,y=4040
VW,context=Main#main:1,countY=859
VW,context=Main#main:1,y=2341
VW,context=Main#main:1,countY=860
VW,context=Main#main:1,y=1160
VW,context=Main#main:1,countY=861
VW,context=Main#main:1,y=5869
VW,context=Main#main:1,countY=862
VW,context=Main#main:1,y=2087
VW,context=Main#main:1,countY=863
VW,context=Main#main:1,y=1945
VW,context=Main#main:1,countY=864
VW,context=Main#main:1,y=989
VW,context=Main#main:1,countY=865
VW,context=Main#main:1,y=2962
VW,context=Main#main:1,countY=866
VW,context=Main#main:1,y=5156
VW,context=Main#main:1,countY=867
VW,context=Main#main:1,y=1630
VW,context=Main#main:1,countY=868
VW,context=Main#main:1,y=2195
VW,context=Main#main:1,countY=869
VW,context=Main#main:1,y=3781
VW,context=Main#main:1,countY=870
VW,context=Main#main:1,y=5957
VW,context=Main#main:1,countY=871
VW,context=Main#main:1,y=2125
VW,context=Main#main:1,countY=872
VW,context=Main#main:1,y=4049
VW,context=Main#main:1,countY=873
VW,context=Main#main:1,y=2494
VW,context=Main#main:1,countY=874
VW,context=Main#main:1,y=3761
VW,context=Main#main:1,countY=875
VW,context=Main#main:1,y=4159
VW,context=Main#main:1,countY=876
VW,context=Main#main:1,y=5822
VW,context=Main#main:1,countY=877
VW,context=Main#main:1,y=6391
VW,context=Main#main:1,countY=878
VW,context=Main#main:1,y=4400
VW,context=Main#main:1,countY=879
VW,context=Main#main:1,y=1900
VW,context=Main#main:1,countY=880
VW,context=Main#main:1,y=224
VW,context=Main#main:1,countY=881
VW,context=Main#main:1,y=3079
VW,context=Main#main:1,countY=882
VW,context=Main#main:1,y=584
VW,context=Main#main:1,countY=883
VW,context=Main#main:1,y=2638
VW,context=Main#main:1,countY=884
VW,context=Main#main:1,y=6209
VW,context=Main#main:1,countY=885
VW,context=Main#main:1,y=6409
VW,context=Main#main:1,countY=886
VW,context=Main#main:1,y=4706
VW,context=Main#main:1,countY=887
VW,context=Main#main:1,y=541
VW,context=Main#main:1,countY=888
VW,context=Main#main:1,y=3365
VW,context=Main#main:1,countY=889
VW,context=Main#main:1,y=3988
VW,context=Main#main:1,countY=890
VW,context=Main#main:1,y=2915
VW,context=Main#main:1,countY=891
VW,context=Main#main:1,y=2899
VW,context=Main#main:1,countY=892
VW,context=Main#main:1,y=4085
VW,context=Main#main:1,countY=893
VW,context=Main#main:1,y=3106
VW,context=Main#main:1,countY=894
VW,context=Main#main:1,y=1043
VW,context=Main#main:1,countY=895
VW,context=Main#main:1,y=3880
VW,context=Main#main:1,countY=896
VW,context=Main#main:1,y=1079
VW,context=Main#main:1,countY=897
VW,context=Main#main:1,y=4492
VW,context=Main#main:1,countY=898
VW,context=Main#main:1,y=4922
VW,context=Main#main:1,countY=899
VW,context=Main#main:1,y=4213
VW,context=Main#main:1,countY=900
VW,context=Main#main:1,y=179
VW,context=Main#main:1,countY=901
VW,context=Main#main:1,y=2314
VW,context=Main#main:1,countY=902
VW,context=Main#main:1,y=701
VW,context=Main#main:1,countY=903
VW,context=Main#main:1,y=4627
VW,context=Main#main:1,countY=904
VW,context=Main#main:1,y=656
VW,context=Main#main:1,countY=905
VW,context=Main#main:1,y=3862
VW,context=Main#main:1,countY=906
VW,context=Main#main:1,y=773
VW,context=Main#main:1,countY=907
VW,context=Main#main:1,y=5851
VW,context=Main#main:1,countY=908
VW,context=Main#main:1,y=1781
VW,context=Main#main:1,countY=909
VW,context=Main#main:1,y=3304
VW,context=Main#main:1,countY=910
VW,context=Main#main:1,y=4409
VW,context=Main#main:1,countY=911
VW,context=Main#main:1,y=2053
VW,context=Main#main:1,countY=912
VW,context=Main#main:1,y=2825
VW,context=Main#main:1,countY=913
VW,context=Main#main:1,y=1369
VW,context=Main#main:1,countY=914
VW,context=Main#main:1,y=4319
VW,context=Main#main:1,countY=915
VW,context=Main#main:1,y=523
VW,context=Main#main:1,countY=916
VW,context=Main#main:1,y=3059
VW,context=Main#main:1,countY=917
VW,context=Main#main:1,y=5347
VW,context=Main#main:1,countY=918
VW,context=Main#main:1,y=6335
VW,context=Main#main:1,countY=919
VW,context=Main#main:1,y=1990
VW,context=Main#main:1,countY=920
VW,context=Main#main:1,y=1754
VW,context=Main#main:1,countY=921
VW,context=Main#main:1,y=2845
VW,context=Main#main:1,countY=922
VW,context=Main#main:1,y=3167
VW,context=Main#main:1,countY=923
VW,context=Main#main:1,y=622
VW,context=Main#main:1,countY=924
VW,context=Main#main:1,y=4742
VW,context=Main#main:1,countY=925
VW,context=Main#main:1,y=1153
VW,context=Main#main:1,countY=926
VW,context=Main#main:1,y=647
VW,context=Main#main:1,countY=927
VW,context=Main#main:1,y=3709
VW,context=Main#main:1,countY=928
VW,context=Main#main:1,y=4733
VW,context=Main#main:1,countY=929
VW,context=Main#main:1,y=1000
VW,context=Main#main:1,countY=930
VW,context=Main#main:1,y=4607
VW,context=Main#main:1,countY=931
VW,context=Main#main:1,y=5419
VW,context=Main#main:1,countY=932
VW,context=Main#main:1,y=998
VW,context=Main#main:1,countY=933
VW,context=Main#main:1,y=3115
VW,context=Main#main:1,countY=934
VW,context=Main#main:1,y=1196
VW,context=Main#main:1,countY=935
VW,context=Main#main:1,y=6481
VW,context=Main#main:1,countY=936
VW,context=Main#main:1,y=5930
VW,context=Main#main:1,countY=937
VW,context=Main#main:1,y=1666
VW,context=Main#main:1,countY=938
VW,context=Main#main:1,y=2807
VW,context=Main#main:1,countY=939
VW,context=Main#main:1,y=1063
VW,context=Main#main:1,countY=940
VW,context=Main#main:1,y=5678
VW,context=Main#main:1,countY=941
VW,context=Main#main:1,y=3943
VW,context=Main#main:1,countY=942
VW,context=Main#main:1,y=2150
VW,context=Main#main:1,countY=943
VW,context=Main#main:1,y=3016
VW,context=Main#main:1,countY=944
VW,context=Main#main:1,y=6074
VW,context=Main#main:1,countY=945
VW,context=Main#main:1,y=4114
VW,context=Main#main:1,countY=946
VW,context=Main#main:1,y=5057
VW,context=Main#main:1,countY=947
VW,context=Main#main:1,y=6508
VW,context=Main#main:1,countY=948
VW,context=Main#main:1,y=6389
VW,context=Main#main:1,countY=949
VW,context=Main#main:1,y=2908
VW,context=Main#main:1,countY=950
VW,context=Main#main:1,y=4238
VW,context=Main#main:1,countY=951
VW,context=Main#main:1,y=5707
VW,context=Main#main:1,countY=952
VW,context=Main#main:1,y=5894
VW,context=Main#main:1,countY=953
VW,context=Main#main:1,y=1054
VW,context=Main#main:1,countY=954
VW,context=Main#main:1,y=5525
VW,context=Main#main:1,countY=955
VW,context=Main#main:1,y=1342
VW,context=Main#main:1,countY=956
VW,context=Main#main:1,y=3860
VW,context=Main#main:1,countY=957
VW,context=Main#main:1,y=5842
VW,context=Main#main:1,countY=958
VW,context=Main#main:1,y=1628
VW,context=Main#main:1,countY=959
VW,context=Main#main:1,y=703
VW,context=Main#main:1,countY=960
VW,context=Main#main:1,y=6119
VW,context=Main#main:1,countY=961
VW,context=Main#main:1,y=4879
VW,context=Main#main:1,countY=962
VW,context=Main#main:1,y=4940
VW,context=Main#main:1,countY=963
VW,context=Main#main:1,y=4519
VW,context=Main#main:1,countY=964
VW,context=Main#main:1,y=5381
VW,context=Main#main:1,countY=965
VW,context=Main#main:1,y=5455
VW,context=Main#main:1,countY=966
VW,context=Main#main:1,y=1610
VW,context=Main#main:1,countY=967
VW,context=Main#main:1,y=397
VW,context=Main#main:1,countY=968
VW,context=Main#main:1,y=917
VW,context=Main#main:1,countY=969
VW,context=Main#main:1,y=1738
VW,context=Main#main:1,countY=970
VW,context=Main#main:1,y=4031
VW,context=Main#main:1,countY=971
VW,context=Main#main:1,y=2188
VW,context=Main#main:1,countY=972
VW,context=Main#main:1,y=5120
VW,context=Main#main:1,countY=973
VW,context=Main#main:1,y=1018
VW,context=Main#main:1,countY=974
VW,context=Main#main:1,y=4913
VW,context=Main#main:1,countY=975
VW,context=Main#main:1,y=4060
VW,context=Main#main:1,countY=976
VW,context=Main#main:1,y=4139
VW,context=Main#main:1,countY=977
VW,context=Main#main:1,y=4024
VW,context=Main#main:1,countY=978
VW,context=Main#main:1,y=3527
VW,context=Main#main:1,countY=979
VW,context=Main#main:1,y=181
VW,context=Main#main:1,countY=980
VW,context=Main#main:1,y=3806
VW,context=Main#main:1,countY=981
VW,context=Main#main:1,y=4924
VW,context=Main#main:1,countY=982
VW,context=Main#main:1,y=5705
VW,context=Main#main:1,countY=983
VW,context=Main#main:1,y=4402
VW,context=Main#main:1,countY=984
VW,context=Main#main:1,y=3392
VW,context=Main#main:1,countY=985
VW,context=Main#main:1,y=4447
VW,context=Main#main:1,countY=986
VW,context=Main#main:1,y=4157
VW,context=Main#main:1,countY=987
VW,context=Main#main:1,y=4330
VW,context=Main#main:1,countY=988
VW,context=Main#main:1,y=2168
VW,context=Main#main:1,countY=989
VW,context=Main#main:1,y=3322
VW,context=Main#main:1,countY=990
VW,context=Main#main:1,y=4715
VW,context=Main#main:1,countY=991
VW,context=Main#main:1,y=694
VW,context=Main#main:1,countY=992
VW,context=Main#main:1,y=5966
VW,context=Main#main:1,countY=993
VW,context=Main#main:1,y=2278
VW,context=Main#main:1,countY=994
VW,context=Main#main:1,y=89
VW,context=Main#main:1,countY=995
VW,context=Main#main:1,y=784
VW,context=Main#main:1,countY=996
VW,context=Main#main:1,y=935
VW,context=Main#main:1,countY=997
VW,context=Main#main:1,y=2044
VW,context=Main#main:1,countY=998
VW,context=Main#main:1,y=2672
VW,context=Main#main:1,countY=999
VW,context=Main#main:1,y=5329
VW,context=Main#main:1,countY=1000
VW,context=Main#main:1,y=6029
VW,context=Main#main:1,countY=1001
VW,context=Main#main:1,y=3349
VW,context=Main#main:1,countY=1002
VW,context=Main#main:1,y=5174
VW,context=Main#main:1,countY=1003
VW,context=Main#main:1,y=1936
VW,context=Main#main:1,countY=1004
VW,context=Main#main:1,y=836
VW,context=Main#main:1,countY=1005
VW,context=Main#main:1,y=361
VW,context=Main#main:1,countY=1006
VW,context=Main#main:1,y=305
VW,context=Main#main:1,countY=1007
VW,context=Main#main:1,y=4456
VW,context=Main#main:1,countY=1008
VW,context=Main#main:1,y=4310
VW,context=Main#main:1,countY=1009
VW,context=Main#main:1,y=370
VW,context=Main#main:1,countY=1010
VW,context=Main#main:1,y=458
VW,context=Main#main:1,countY=1011
VW,context=Main#main:1,y=496
VW,context=Main#main:1,countY=1012
VW,context=Main#main:1,y=2600
VW,context=Main#main:1,countY=1013
VW,context=Main#main:1,y=4105
VW,context=Main#main:1,countY=1014
VW,context=Main#main:1,y=4904
VW,context=Main#main:1,countY=1015
VW,context=Main#main:1,y=3907
VW,context=Main#main:1,countY=1016
VW,context=Main#main:1,y=1538
VW,context=Main#main:1,countY=1017
VW,context=Main#main:1,y=5734
VW,context=Main#main:1,countY=1018
VW,context=Main#main:1,y=6353
VW,context=Main#main:1,countY=1019
VW,context=Main#main:1,y=2296
VW,context=Main#main:1,countY=1020
VW,context=Main#main:1,y=395
VW,context=Main#main:1,countY=1021
VW,context=Main#main:1,y=5986
VW,context=Main#main:1,countY=1022
VW,context=Main#main:1,y=4076
VW,context=Main#main:1,countY=1023
VW,context=Main#main:1,y=2953
VW,context=Main#main:1,countY=1024
VW,context=Main#main:1,y=5003
VW,context=Main#main:1,countY=1025
VW,context=Main#main:1,y=5590
VW,context=Main#main:1,countY=1026
VW,context=Main#main:1,y=3905
VW,context=Main#main:1,countY=1027
VW,context=Main#main:1,y=46
VW,context=Main#main:1,countY=1028
VW,context=Main#main:1,y=1511
VW,context=Main#main:1,countY=1029
VW,context=Main#main:1,y=5275
VW,context=Main#main:1,countY=1030
VW,context=Main#main:1,y=5111
VW,context=Main#main:1,countY=1031
VW,context=Main#main:1,y=865
VW,context=Main#main:1,countY=1032
VW,context=Main#main:1,y=2312
VW,context=Main#main:1,countY=1033
VW,context=Main#main:1,y=5770
VW,context=Main#main:1,countY=1034
VW,context=Main#main:1,y=404
VW,context=Main#main:1,countY=1035
VW,context=Main#main:1,y=6139
VW,context=Main#main:1,countY=1036
VW,context=Main#main:1,y=116
VW,context=Main#main:1,countY=1037
VW,context=Main#main:1,y=1243
VW,context=Main#main:1,countY=1038
VW,context=Main#main:1,y=2177
VW,context=Main#main:1,countY=1039
VW,context=Main#main:1,y=3475
VW,context=Main#main:1,countY=1040
VW,context=Main#main:1,y=755
VW,context=Main#main:1,countY=1041
VW,context=Main#main:1,y=5545
VW,context=Main#main:1,countY=1042
VW,context=Main#main:1,y=3140
VW,context=Main#main:1,countY=1043
VW,context=Main#main:1,y=163
VW,context=Main#main:1,countY=1044
VW,context=Main#main:1,y=3500
VW,context=Main#main:1,countY=1045
VW,context=Main#main:1,y=6283
VW,context=Main#main:1,countY=1046
VW,context=Main#main:1,y=2564
VW,context=Main#main:1,countY=1047
VW,context=Main#main:1,y=3493
VW,context=Main#main:1,countY=1048
VW,context=Main#main:1,y=1061
VW,context=Main#main:1,countY=1049
VW,context=Main#main:1,y=4186
VW,context=Main#main:1,countY=1050
VW,context=Main#main:1,y=6281
VW,context=Main#main:1,countY=1051
VW,context=Main#main:1,y=1072
VW,context=Main#main:1,countY=1052
VW,context=Main#main:1,y=5831
VW,context=Main#main:1,countY=1053
VW,context=Main#main:1,y=6544
VW,context=Main#main:1,countY=1054
VW,context=Main#main:1,y=440
VW,context=Main#main:1,countY=1055
VW,context=Main#main:1,y=190
VW,context=Main#main:1,countY=1056
VW,context=Main#main:1,y=3959
VW,context=Main#main:1,countY=1057
VW,context=Main#main:1,y=964
VW,context=Main#main:1,countY=1058
VW,context=Main#main:1,y=3995
VW,context=Main#main:1,countY=1059
VW,context=Main#main:1,y=1576
VW,context=Main#main:1,countY=1060
VW,context=Main#main:1,y=1277
VW,context=Main#main:1,countY=1061
VW,context=Main#main:1,y=1297
VW,context=Main#main:1,countY=1062
VW,context=Main#main:1,y=3095
VW,context=Main#main:1,countY=1063
VW,context=Main#main:1,y=5959
VW,context=Main#main:1,countY=1064
VW,context=Main#main:1,y=3617
VW,context=Main#main:1,countY=1065
VW,context=Main#main:1,y=1711
VW,context=Main#main:1,countY=1066
VW,context=Main#main:1,y=3572
VW,context=Main#main:1,countY=1067
VW,context=Main#main:1,y=946
VW,context=Main#main:1,countY=1068
VW,context=Main#main:1,y=3689
VW,context=Main#main:1,countY=1069
VW,context=Main#main:1,y=2935
VW,context=Main#main:1,countY=1070
VW,context=Main#main:1,y=4697
VW,context=Main#main:1,countY=1071
VW,context=Main#main:1,y=388
VW,context=Main#main:1,countY=1072
VW,context=Main#main:1,y=764
VW,context=Main#main:1,countY=1073
VW,context=Main#main:1,y=5698
VW,context=Main#main:1,countY=1074
VW,context=Main#main:1,y=5741
VW,context=Main#main:1,countY=1075
VW,context=Main#main:1,y=5014
VW,context=Main#main:1,countY=1076
VW,context=Main#main:1,y=674
VW,context=Main#main:1,countY=1077
VW,context=Main#main:1,y=4168
VW,context=Main#main:1,countY=1078
VW,context=Main#main:1,y=5975
VW,context=Main#main:1,countY=1079
VW,context=Main#main:1,y=2431
VW,context=Main#main:1,countY=1080
VW,context=Main#main:1,y=2690
VW,context=Main#main:1,countY=1081
VW,context=Main#main:1,y=5635
VW,context=Main#main:1,countY=1082
VW,context=Main#main:1,y=4670
VW,context=Main#main:1,countY=1083
VW,context=Main#main:1,y=6490
VW,context=Main#main:1,countY=1084
VW,context=Main#main:1,y=6083
VW,context=Main#main:1,countY=1085
VW,context=Main#main:1,y=4267
VW,context=Main#main:1,countY=1086
VW,context=Main#main:1,y=1097
VW,context=Main#main:1,countY=1087
VW,context=Main#main:1,y=4798
VW,context=Main#main:1,countY=1088
VW,context=Main#main:1,y=3563
VW,context=Main#main:1,countY=1089
VW,context=Main#main:1,y=793
VW,context=Main#main:1,countY=1090
VW,context=Main#main:1,y=1088
VW,context=Main#main:1,countY=1091
VW,context=Main#main:1,y=4645
VW,context=Main#main:1,countY=1092
VW,context=Main#main:1,y=962
VW,context=Main#main:1,countY=1093
VW,context=Main#main:1,y=2503
VW,context=Main#main:1,countY=1094
VW,context=Main#main:1,y=3914
VW,context=Main#main:1,countY=1095
VW,context=Main#main:1,y=199
VW,context=Main#main:1,countY=1096
VW,context=Main#main:1,y=4112
VW,context=Main#main:1,countY=1097
VW,context=Main#main:1,y=3565
VW,context=Main#main:1,countY=1098
VW,context=Main#main:1,y=2285
VW,context=Main#main:1,countY=1099
VW,context=Main#main:1,y=5311
VW,context=Main#main:1,countY=1100
VW,context=Main#main:1,y=5723
VW,context=Main#main:1,countY=1101
VW,context=Main#main:1,y=4708
VW,context=Main#main:1,countY=1102
VW,context=Main#main:1,y=2033
VW,context=Main#main:1,countY=1103
VW,context=Main#main:1,y=1027
VW,context=Main#main:1,countY=1104
VW,context=Main#main:1,y=5066
VW,context=Main#main:1,countY=1105
VW,context=Main#main:1,y=100
VW,context=Main#main:1,countY=1106
VW,context=Main#main:1,y=2429
VW,context=Main#main:1,countY=1107
VW,context=Main#main:1,y=1198
VW,context=Main#main:1,countY=1108
VW,context=Main#main:1,y=1412
VW,context=Main#main:1,countY=1109
VW,context=Main#main:1,y=3592
VW,context=Main#main:1,countY=1110
VW,context=Main#main:1,y=2744
VW,context=Main#main:1,countY=1111
VW,context=Main#main:1,y=6553
VW,context=Main#main:1,countY=1112
VW,context=Main#main:1,y=593
VW,context=Main#main:1,countY=1113
VW,context=Main#main:1,y=2791
VW,context=Main#main:1,countY=1114
VW,context=Main#main:1,y=2249
VW,context=Main#main:1,countY=1115
VW,context=Main#main:1,y=4699
VW,context=Main#main:1,countY=1116
VW,context=Main#main:1,y=1880
VW,context=Main#main:1,countY=1117
VW,context=Main#main:1,y=4987
VW,context=Main#main:1,countY=1118
VW,context=Main#main:1,y=215
VW,context=Main#main:1,countY=1119
VW,context=Main#main:1,y=2926
VW,context=Main#main:1,countY=1120
VW,context=Main#main:1,y=4544
VW,context=Main#main:1,countY=1121
VW,context=Main#main:1,y=4348
VW,context=Main#main:1,countY=1122
VW,context=Main#main:1,y=2474
VW,context=Main#main:1,countY=1123
VW,context=Main#main:1,y=1963
VW,context=Main#main:1,countY=1124
VW,context=Main#main:1,y=1295
VW,context=Main#main:1,countY=1125
VW,context=Main#main:1,y=1603
VW,context=Main#main:1,countY=1126
VW,context=Main#main:1,y=1736
VW,context=Main#main:1,countY=1127
VW,context=Main#main:1,y=2539
VW,context=Main#main:1,countY=1128
VW,context=Main#main:1,y=4526
VW,context=Main#main:1,countY=1129
VW,context=Main#main:1,y=4042
VW,context=Main#main:1,countY=1130
VW,context=Main#main:1,y=3833
VW,context=Main#main:1,countY=1131
VW,context=Main#main:1,y=5383
VW,context=Main#main:1,countY=1132
VW,context=Main#main:1,y=386
VW,context=Main#main:1,countY=1133
VW,context=Main#main:1,y=5833
VW,context=Main#main:1,countY=1134
VW,context=Main#main:1,y=1475
VW,context=Main#main:1,countY=1135
VW,context=Main#main:1,y=4663
VW,context=Main#main:1,countY=1136
VW,context=Main#main:1,y=1268
VW,context=Main#main:1,countY=1137
VW,context=Main#main:1,y=1144
VW,context=Main#main:1,countY=1138
VW,context=Main#main:1,y=494
VW,context=Main#main:1,countY=1139
VW,context=Main#main:1,y=1108
VW,context=Main#main:1,countY=1140
VW,context=Main#main:1,y=6443
VW,context=Main#main:1,countY=1141
VW,context=Main#main:1,y=3826
VW,context=Main#main:1,countY=1142
VW,context=Main#main:1,y=161
VW,context=Main#main:1,countY=1143
VW,context=Main#main:1,y=2008
VW,context=Main#main:1,countY=1144
VW,context=Main#main:1,y=2060
VW,context=Main#main:1,countY=1145
VW,context=Main#main:1,y=1486
VW,context=Main#main:1,countY=1146
VW,context=Main#main:1,y=6308
VW,context=Main#main:1,countY=1147
VW,context=Main#main:1,y=1531
VW,context=Main#main:1,countY=1148
VW,context=Main#main:1,y=512
VW,context=Main#main:1,countY=1149
VW,context=Main#main:1,y=1414
VW,context=Main#main:1,countY=1150
VW,context=Main#main:1,y=5084
VW,context=Main#main:1,countY=1151
VW,context=Main#main:1,y=406
VW,context=Main#main:1,countY=1152
VW,context=Main#main:1,y=1070
VW,context=Main#main:1,countY=1153
VW,context=Main#main:1,y=4339
VW,context=Main#main:1,countY=1154
VW,context=Main#main:1,y=2321
VW,context=Main#main:1,countY=1155
VW,context=Main#main:1,y=5923
VW,context=Main#main:1,countY=1156
VW,context=Main#main:1,y=3005
VW,context=Main#main:1,countY=1157
VW,context=Main#main:1,y=4429
VW,context=Main#main:1,countY=1158
VW,context=Main#main:1,y=3851
VW,context=Main#main:1,countY=1159
VW,context=Main#main:1,y=5689
VW,context=Main#main:1,countY=1160
VW,context=Main#main:1,y=5588
VW,context=Main#main:1,countY=1161
VW,context=Main#main:1,y=2413
VW,context=Main#main:1,countY=1162
VW,context=Main#main:1,y=2384
VW,context=Main#main:1,countY=1163
VW,context=Main#main:1,y=433
VW,context=Main#main:1,countY=1164
VW,context=Main#main:1,y=1529
VW,context=Main#main:1,countY=1165
VW,context=Main#main:1,y=5581
VW,context=Main#main:1,countY=1166
VW,context=Main#main:1,y=3752
VW,context=Main#main:1,countY=1167
VW,context=Main#main:1,y=4006
VW,context=Main#main:1,countY=1168
VW,context=Main#main:1,y=3221
VW,context=Main#main:1,countY=1169
VW,context=Main#main:1,y=1540
VW,context=Main#main:1,countY=1170
VW,context=Main#main:1,y=665
VW,context=Main#main:1,countY=1171
VW,context=Main#main:1,y=4015
VW,context=Main#main:1,countY=1172
VW,context=Main#main:1,y=3374
VW,context=Main#main:1,countY=1173
VW,context=Main#main:1,y=4141
VW,context=Main#main:1,countY=1174
VW,context=Main#main:1,y=5516
VW,context=Main#main:1,countY=1175
VW,context=Main#main:1,y=1189
VW,context=Main#main:1,countY=1176
VW,context=Main#main:1,y=1259
VW,context=Main#main:1,countY=1177
VW,context=Main#main:1,y=991
VW,context=Main#main:1,countY=1178
VW,context=Main#main:1,y=4454
VW,context=Main#main:1,countY=1179
VW,context=Main#main:1,y=2818
VW,context=Main#main:1,countY=1180
VW,context=Main#main:1,y=2708
VW,context=Main#main:1,countY=1181
VW,context=Main#main:1,y=5941
VW,context=Main#main:1,countY=1182
VW,context=Main#main:1,y=3311
VW,context=Main#main:1,countY=1183
VW,context=Main#main:1,y=3070
VW,context=Main#main:1,countY=1184
VW,context=Main#main:1,y=431
VW,context=Main#main:1,countY=1185
VW,context=Main#main:1,y=37
VW,context=Main#main:1,countY=1186
VW,context=Main#main:1,y=1358
VW,context=Main#main:1,countY=1187
VW,context=Main#main:1,y=2674
VW,context=Main#main:1,countY=1188
VW,context=Main#main:1,y=260
VW,context=Main#main:1,countY=1189
VW,context=Main#main:1,y=3691
VW,context=Main#main:1,countY=1190
VW,context=Main#main:1,y=4427
VW,context=Main#main:1,countY=1191
VW,context=Main#main:1,y=2359
VW,context=Main#main:1,countY=1192
VW,context=Main#main:1,y=1466
VW,context=Main#main:1,countY=1193
VW,context=Main#main:1,y=4510
VW,context=Main#main:1,countY=1194
VW,context=Main#main:1,y=5228
VW,context=Main#main:1,countY=1195
VW,context=Main#main:1,y=2854
VW,context=Main#main:1,countY=1196
VW,context=Main#main:1,y=3320
VW,context=Main#main:1,countY=1197
VW,context=Main#main:1,y=3223
VW,context=Main#main:1,countY=1198
VW,context=Main#main:1,y=3032
VW,context=Main#main:1,countY=1199
VW,context=Main#main:1,y=4888
VW,context=Main#main:1,countY=1200
VW,context=Main#main:1,y=5093
VW,context=Main#main:1,countY=1201
VW,context=Main#main:1,y=559
VW,context=Main#main:1,countY=1202
VW,context=Main#main:1,y=3671
VW,context=Main#main:1,countY=1203
VW,context=Main#main:1,y=2629
VW,context=Main#main:1,countY=1204
VW,context=Main#main:1,y=6056
VW,context=Main#main:1,countY=1205
VW,context=Main#main:1,y=3808
VW,context=Main#main:1,countY=1206
VW,context=Main#main:1,y=6416
VW,context=Main#main:1,countY=1207
VW,context=Main#main:1,y=3367
VW,context=Main#main:1,countY=1208
VW,context=Main#main:1,y=5480
VW,context=Main#main:1,countY=1209
VW,context=Main#main:1,y=577
VW,context=Main#main:1,countY=1210
VW,context=Main#main:1,y=3977
VW,context=Main#main:1,countY=1211
VW,context=Main#main:1,y=1270
VW,context=Main#main:1,countY=1212
VW,context=Main#main:1,y=2636
VW,context=Main#main:1,countY=1213
VW,context=Main#main:1,y=4717
VW,context=Main#main:1,countY=1214
VW,context=Main#main:1,y=2186
VW,context=Main#main:1,countY=1215
VW,context=Main#main:1,y=3628
VW,context=Main#main:1,countY=1216
VW,context=Main#main:1,y=3356
VW,context=Main#main:1,countY=1217
VW,context=Main#main:1,y=3835
VW,context=Main#main:1,countY=1218
VW,context=Main#main:1,y=314
VW,context=Main#main:1,countY=1219
VW,context=Main#main:1,y=4609
VW,context=Main#main:1,countY=1220
VW,context=Main#main:1,y=350
VW,context=Main#main:1,countY=1221
VW,context=Main#main:1,y=5221
VW,context=Main#main:1,countY=1222
VW,context=Main#main:1,y=4193
VW,context=Main#main:1,countY=1223
VW,context=Main#main:1,y=4942
VW,context=Main#main:1,countY=1224
VW,context=Main#main:1,y=6011
VW,context=Main#main:1,countY=1225
VW,context=Main#main:1,y=3043
VW,context=Main#main:1,countY=1226
VW,context=Main#main:1,y=6533
VW,context=Main#main:1,countY=1227
VW,context=Main#main:1,y=5356
VW,context=Main#main:1,countY=1228
VW,context=Main#main:1,y=6488
VW,context=Main#main:1,countY=1229
VW,context=Main#main:1,y=4591
VW,context=Main#main:1,countY=1230
VW,context=Main#main:1,y=44
VW,context=Main#main:1,countY=1231
VW,context=Main#main:1,y=19
VW,context=Main#main:1,countY=1232
VW,context=Main#main:1,y=1052
VW,context=Main#main:1,countY=1233
VW,context=Main#main:1,y=4033
VW,context=Main#main:1,countY=1234
VW,context=Main#main:1,y=3680
VW,context=Main#main:1,countY=1235
VW,context=Main#main:1,y=2782
VW,context=Main#main:1,countY=1236
VW,context=Main#main:1,y=2096
VW,context=Main#main:1,countY=1237
VW,context=Main#main:1,y=2098
VW,context=Main#main:1,countY=1238
VW,context=Main#main:1,y=3590
VW,context=Main#main:1,countY=1239
VW,context=Main#main:1,y=1252
VW,context=Main#main:1,countY=1240
VW,context=Main#main:1,y=2330
VW,context=Main#main:1,countY=1241
VW,context=Main#main:1,y=6076
VW,context=Main#main:1,countY=1242
VW,context=Main#main:1,y=5606
VW,context=Main#main:1,countY=1243
VW,context=Main#main:1,y=2719
VW,context=Main#main:1,countY=1244
VW,context=Main#main:1,y=1025
VW,context=Main#main:1,countY=1245
VW,context=Main#main:1,y=3574
VW,context=Main#main:1,countY=1246
VW,context=Main#main:1,y=2438
VW,context=Main#main:1,countY=1247
VW,context=Main#main:1,y=1351
VW,context=Main#main:1,countY=1248
VW,context=Main#main:1,y=4013
VW,context=Main#main:1,countY=1249
VW,context=Main#main:1,y=1882
VW,context=Main#main:1,countY=1250
VW,context=Main#main:1,y=6479
VW,context=Main#main:1,countY=1251
VW,context=Main#main:1,y=4438
VW,context=Main#main:1,countY=1252
VW,context=Main#main:1,y=4004
VW,context=Main#main:1,countY=1253
VW,context=Main#main:1,y=1729
VW,context=Main#main:1,countY=1254
VW,context=Main#main:1,y=3878
VW,context=Main#main:1,countY=1255
VW,context=Main#main:1,y=6148
VW,context=Main#main:1,countY=1256
VW,context=Main#main:1,y=269
VW,context=Main#main:1,countY=1257
VW,context=Main#main:1,y=3844
VW,context=Main#main:1,countY=1258
VW,context=Main#main:1,y=467
VW,context=Main#main:1,countY=1259
VW,context=Main#main:1,y=649
VW,context=Main#main:1,countY=1260
VW,context=Main#main:1,y=5201
VW,context=Main#main:1,countY=1261
VW,context=Main#main:1,y=2395
VW,context=Main#main:1,countY=1262
VW,context=Main#main:1,y=2078
VW,context=Main#main:1,countY=1263
VW,context=Main#main:1,y=1792
VW,context=Main#main:1,countY=1264
VW,context=Main#main:1,y=4949
VW,context=Main#main:1,countY=1265
VW,context=Main#main:1,y=4672
VW,context=Main#main:1,countY=1266
VW,context=Main#main:1,y=1421
VW,context=Main#main:1,countY=1267
VW,context=Main#main:1,y=3745
VW,context=Main#main:1,countY=1268
VW,context=Main#main:1,y=5345
VW,context=Main#main:1,countY=1269
VW,context=Main#main:1,y=4843
VW,context=Main#main:1,countY=1270
VW,context=Main#main:1,y=4328
VW,context=Main#main:1,countY=1271
VW,context=Main#main:1,y=676
VW,context=Main#main:1,countY=1272
VW,context=Main#main:1,y=5660
VW,context=Main#main:1,countY=1273
VW,context=Main#main:1,y=3637
VW,context=Main#main:1,countY=1274
VW,context=Main#main:1,y=3509
VW,context=Main#main:1,countY=1275
VW,context=Main#main:1,y=6436
VW,context=Main#main:1,countY=1276
VW,context=Main#main:1,y=5165
VW,context=Main#main:1,countY=1277
VW,context=Main#main:1,y=1783
VW,context=Main#main:1,countY=1278
VW,context=Main#main:1,y=4796
VW,context=Main#main:1,countY=1279
VW,context=Main#main:1,y=2071
VW,context=Main#main:1,countY=1280
VW,context=Main#main:1,y=3131
VW,context=Main#main:1,countY=1281
VW,context=Main#main:1,y=10
VW,context=Main#main:1,countY=1282
VW,context=Main#main:1,y=899
VW,context=Main#main:1,countY=1283
VW,context=Main#main:1,y=1432
VW,context=Main#main:1,countY=1284
VW,context=Main#main:1,y=5390
VW,context=Main#main:1,countY=1285
VW,context=Main#main:1,y=5608
VW,context=Main#main:1,countY=1286
VW,context=Main#main:1,y=4211
VW,context=Main#main:1,countY=1287
VW,context=Main#main:1,y=5248
VW,context=Main#main:1,countY=1288
VW,context=Main#main:1,y=4652
VW,context=Main#main:1,countY=1289
VW,context=Main#main:1,y=6184
VW,context=Main#main:1,countY=1290
VW,context=Main#main:1,y=881
VW,context=Main#main:1,countY=1291
VW,context=Main#main:1,y=1126
VW,context=Main#main:1,countY=1292
VW,context=Main#main:1,y=188
VW,context=Main#main:1,countY=1293
VW,context=Main#main:1,y=2467
VW,context=Main#main:1,countY=1294
VW,context=Main#main:1,y=3302
VW,context=Main#main:1,countY=1295
VW,context=Main#main:1,y=2917
VW,context=Main#main:1,countY=1296
VW,context=Main#main:1,y=4391
VW,context=Main#main:1,countY=1297
VW,context=Main#main:1,y=1747
VW,context=Main#main:1,countY=1298
VW,context=Main#main:1,y=4184
VW,context=Main#main:1,countY=1299
VW,context=Main#main:1,y=4789
VW,context=Main#main:1,countY=1300
VW,context=Main#main:1,y=3410
VW,context=Main#main:1,countY=1301
VW,context=Main#main:1,y=4753
VW,context=Main#main:1,countY=1302
VW,context=Main#main:1,y=2798
VW,context=Main#main:1,countY=1303
VW,context=Main#main:1,y=910
VW,context=Main#main:1,countY=1304
VW,context=Main#main:1,y=3077
VW,context=Main#main:1,countY=1305
VW,context=Main#main:1,y=5653
VW,context=Main#main:1,countY=1306
VW,context=Main#main:1,y=4976
VW,context=Main#main:1,countY=1307
VW,context=Main#main:1,y=5131
VW,context=Main#main:1,countY=1308
VW,context=Main#main:1,y=2663
VW,context=Main#main:1,countY=1309
VW,context=Main#main:1,y=5176
VW,context=Main#main:1,countY=1310
VW,context=Main#main:1,y=3428
VW,context=Main#main:1,countY=1311
VW,context=Main#main:1,y=5059
VW,context=Main#main:1,countY=1312
VW,context=Main#main:1,y=1439
VW,context=Main#main:1,countY=1313
VW,context=Main#main:1,y=4051
VW,context=Main#main:1,countY=1314
VW,context=Main#main:1,y=3986
VW,context=Main#main:1,countY=1315
VW,context=Main#main:1,y=1423
VW,context=Main#main:1,countY=1316
VW,context=Main#main:1,y=5237
VW,context=Main#main:1,countY=1317
VW,context=Main#main:1,y=3007
VW,context=Main#main:1,countY=1318
VW,context=Main#main:1,y=5921
VW,context=Main#main:1,countY=1319
VW,context=Main#main:1,y=1513
VW,context=Main#main:1,countY=1320
VW,context=Main#main:1,y=206
VW,context=Main#main:1,countY=1321
VW,context=Main#main:1,y=2773
VW,context=Main#main:1,countY=1322
VW,context=Main#main:1,y=1943
VW,context=Main#main:1,countY=1323
VW,context=Main#main:1,y=6058
VW,context=Main#main:1,countY=1324
VW,context=Main#main:1,y=5300
VW,context=Main#main:1,countY=1325
VW,context=Main#main:1,y=4078
VW,context=Main#main:1,countY=1326
VW,context=Main#main:1,y=4445
VW,context=Main#main:1,countY=1327
VW,context=Main#main:1,y=2665
VW,context=Main#main:1,countY=1328
VW,context=Main#main:1,y=107
VW,context=Main#main:1,countY=1329
VW,context=Main#main:1,y=1090
VW,context=Main#main:1,countY=1330
VW,context=Main#main:1,y=6137
VW,context=Main#main:1,countY=1331
VW,context=Main#main:1,y=5185
VW,context=Main#main:1,countY=1332
VW,context=Main#main:1,y=3581
VW,context=Main#main:1,countY=1333
VW,context=Main#main:1,y=1099
VW,context=Main#main:1,countY=1334
VW,context=Main#main:1,y=6290
VW,context=Main#main:1,countY=1335
VW,context=Main#main:1,y=1225
VW,context=Main#main:1,countY=1336
VW,context=Main#main:1,y=1871
VW,context=Main#main:1,countY=1337
VW,context=Main#main:1,y=4834
VW,context=Main#main:1,countY=1338
VW,context=Main#main:1,y=4175
VW,context=Main#main:1,countY=1339
VW,context=Main#main:1,y=4636
VW,context=Main#main:1,countY=1340
VW,context=Main#main:1,y=809
VW,context=Main#main:1,countY=1341
VW,context=Main#main:1,y=6463
VW,context=Main#main:1,countY=1342
VW,context=Main#main:1,y=5624
VW,context=Main#main:1,countY=1343
VW,context=Main#main:1,y=3025
VW,context=Main#main:1,countY=1344
VW,context=Main#main:1,y=6227
VW,context=Main#main:1,countY=1345
VW,context=Main#main:1,y=154
VW,context=Main#main:1,countY=1346
VW,context=Main#main:1,y=3347
VW,context=Main#main:1,countY=1347
VW,context=Main#main:1,y=3682
VW,context=Main#main:1,countY=1348
VW,context=Main#main:1,y=4274
VW,context=Main#main:1,countY=1349
VW,context=Main#main:1,y=6319
VW,context=Main#main:1,countY=1350
VW,context=Main#main:1,y=3176
VW,context=Main#main:1,countY=1351
VW,context=Main#main:1,y=775
VW,context=Main#main:1,countY=1352
VW,context=Main#main:1,y=782
VW,context=Main#main:1,countY=1353
VW,context=Main#main:1,y=6004
VW,context=Main#main:1,countY=1354
VW,context=Main#main:1,y=4382
VW,context=Main#main:1,countY=1355
VW,context=Main#main:1,y=1594
VW,context=Main#main:1,countY=1356
VW,context=Main#main:1,y=1583
VW,context=Main#main:1,countY=1357
VW,context=Main#main:1,y=6499
VW,context=Main#main:1,countY=1358
VW,context=Main#main:1,y=6236
VW,context=Main#main:1,countY=1359
VW,context=Main#main:1,y=307
VW,context=Main#main:1,countY=1360
VW,context=Main#main:1,y=5948
VW,context=Main#main:1,countY=1361
VW,context=Main#main:1,y=1972
VW,context=Main#main:1,countY=1362
VW,context=Main#main:1,y=1448
VW,context=Main#main:1,countY=1363
VW,context=Main#main:1,y=4204
VW,context=Main#main:1,countY=1364
VW,context=Main#main:1,y=26
VW,context=Main#main:1,countY=1365
VW,context=Main#main:1,y=6274
VW,context=Main#main:1,countY=1366
VW,context=Main#main:1,y=2411
VW,context=Main#main:1,countY=1367
VW,context=Main#main:1,y=892
VW,context=Main#main:1,countY=1368
VW,context=Main#main:1,y=2771
VW,context=Main#main:1,countY=1369
VW,context=Main#main:1,y=451
VW,context=Main#main:1,countY=1370
VW,context=Main#main:1,y=1835
VW,context=Main#main:1,countY=1371
VW,context=Main#main:1,y=4222
VW,context=Main#main:1,countY=1372
VW,context=Main#main:1,y=332
VW,context=Main#main:1,countY=1373
VW,context=Main#main:1,y=4915
VW,context=Main#main:1,countY=1374
VW,context=Main#main:1,y=5552
VW,context=Main#main:1,countY=1375
VW,context=Main#main:1,y=1801
VW,context=Main#main:1,countY=1376
VW,context=Main#main:1,y=5102
VW,context=Main#main:1,countY=1377
VW,context=Main#main:1,y=712
VW,context=Main#main:1,countY=1378
VW,context=Main#main:1,y=6272
VW,context=Main#main:1,countY=1379
VW,context=Main#main:1,y=919
VW,context=Main#main:1,countY=1380
VW,context=Main#main:1,y=3230
VW,context=Main#main:1,countY=1381
VW,context=Main#main:1,y=1693
VW,context=Main#main:1,countY=1382
VW,context=Main#main:1,y=3266
VW,context=Main#main:1,countY=1383
VW,context=Main#main:1,y=2305
VW,context=Main#main:1,countY=1384
VW,context=Main#main:1,y=548
VW,context=Main#main:1,countY=1385
VW,context=Main#main:1,y=2026
VW,context=Main#main:1,countY=1386
VW,context=Main#main:1,y=2366
VW,context=Main#main:1,countY=1387
VW,context=Main#main:1,y=127
VW,context=Main#main:1,countY=1388
VW,context=Main#main:1,y=2888
VW,context=Main#main:1,countY=1389
VW,context=Main#main:1,y=2440
VW,context=Main#main:1,countY=1390
VW,context=Main#main:1,y=2843
VW,context=Main#main:1,countY=1391
VW,context=Main#main:1,y=1675
VW,context=Main#main:1,countY=1392
VW,context=Main#main:1,y=2960
VW,context=Main#main:1,countY=1393
VW,context=Main#main:1,y=3664
VW,context=Main#main:1,countY=1394
VW,context=Main#main:1,y=3968
VW,context=Main#main:1,countY=1395
VW,context=Main#main:1,y=1117
VW,context=Main#main:1,countY=1396
VW,context=Main#main:1,y=35
VW,context=Main#main:1,countY=1397
VW,context=Main#main:1,y=6427
VW,context=Main#main:1,countY=1398
VW,context=Main#main:1,y=5012
VW,context=Main#main:1,countY=1399
VW,context=Main#main:1,y=5743
VW,context=Main#main:1,countY=1400
VW,context=Main#main:1,y=6506
VW,context=Main#main:1,countY=1401
VW,context=Main#main:1,y=4897
VW,context=Main#main:1,countY=1402
VW,context=Main#main:1,y=5246
VW,context=Main#main:1,countY=1403
VW,context=Main#main:1,y=3160
VW,context=Main#main:1,countY=1404
VW,context=Main#main:1,y=1961
VW,context=Main#main:1,countY=1405
VW,context=Main#main:1,y=6364
VW,context=Main#main:1,countY=1406
VW,context=Main#main:1,y=3941
VW,context=Main#main:1,countY=1407
VW,context=Main#main:1,y=658
VW,context=Main#main:1,countY=1408
VW,context=Main#main:1,y=5354
VW,context=Main#main:1,countY=1409
VW,context=Main#main:1,y=4996
VW,context=Main#main:1,countY=1410
VW,context=Main#main:1,y=368
VW,context=Main#main:1,countY=1411
VW,context=Main#main:1,y=5527
VW,context=Main#main:1,countY=1412
VW,context=Main#main:1,y=2834
VW,context=Main#main:1,countY=1413
VW,context=Main#main:1,y=1522
VW,context=Main#main:1,countY=1414
VW,context=Main#main:1,y=359
VW,context=Main#main:1,countY=1415
VW,context=Main#main:1,y=5374
VW,context=Main#main:1,countY=1416
VW,context=Main#main:1,y=233
VW,context=Main#main:1,countY=1417
VW,context=Main#main:1,y=3232
VW,context=Main#main:1,countY=1418
VW,context=Main#main:1,y=3185
VW,context=Main#main:1,countY=1419
VW,context=Main#main:1,y=928
VW,context=Main#main:1,countY=1420
VW,context=Main#main:1,y=3383
VW,context=Main#main:1,countY=1421
VW,context=Main#main:1,y=4294
VW,context=Main#main:1,countY=1422
VW,context=Main#main:1,y=1556
VW,context=Main#main:1,countY=1423
VW,context=Main#main:1,y=6040
VW,context=Main#main:1,countY=1424
VW,context=Main#main:1,y=4994
VW,context=Main#main:1,countY=1425
VW,context=Main#main:1,y=5437
VW,context=Main#main:1,countY=1426
VW,context=Main#main:1,y=1304
VW,context=Main#main:1,countY=1427
VW,context=Main#main:1,y=1756
VW,context=Main#main:1,countY=1428
VW,context=Main#main:1,y=4337
VW,context=Main#main:1,countY=1429
VW,context=Main#main:1,y=829
VW,context=Main#main:1,countY=1430
VW,context=Main#main:1,y=1700
VW,context=Main#main:1,countY=1431
VW,context=Main#main:1,y=1927
VW,context=Main#main:1,countY=1432
VW,context=Main#main:1,y=683
VW,context=Main#main:1,countY=1433
VW,context=Main#main:1,y=4321
VW,context=Main#main:1,countY=1434
VW,context=Main#main:1,y=2015
VW,context=Main#main:1,countY=1435
VW,context=Main#main:1,y=721
VW,context=Main#main:1,countY=1436
VW,context=Main#main:1,y=6425
VW,context=Main#main:1,countY=1437
VW,context=Main#main:1,y=3520
VW,context=Main#main:1,countY=1438
VW,context=Main#main:1,y=1520
VW,context=Main#main:1,countY=1439
VW,context=Main#main:1,y=5428
VW,context=Main#main:1,countY=1440
VW,context=Main#main:1,y=1151
VW,context=Main#main:1,countY=1441
VW,context=Main#main:1,y=5716
VW,context=Main#main:1,countY=1442
VW,context=Main#main:1,y=6047
VW,context=Main#main:1,countY=1443
VW,context=Main#main:1,y=3655
VW,context=Main#main:1,countY=1444
VW,context=Main#main:1,y=3815
VW,context=Main#main:1,countY=1445
VW,context=Main#main:1,y=5077
VW,context=Main#main:1,countY=1446
VW,context=Main#main:1,y=1745
VW,context=Main#main:1,countY=1447
VW,context=Main#main:1,y=2692
VW,context=Main#main:1,countY=1448
VW,context=Main#main:1,y=566
VW,context=Main#main:1,countY=1449
VW,context=Main#main:1,y=2332
VW,context=Main#main:1,countY=1450
VW,context=Main#main:1,y=1007
VW,context=Main#main:1,countY=1451
VW,context=Main#main:1,y=3268
VW,context=Main#main:1,countY=1452
VW,context=Main#main:1,y=3797
VW,context=Main#main:1,countY=1453
VW,context=Main#main:1,y=4771
VW,context=Main#main:1,countY=1454
VW,context=Main#main:1,y=3104
VW,context=Main#main:1,countY=1455
VW,context=Main#main:1,y=6112
VW,context=Main#main:1,countY=1456
VW,context=Main#main:1,y=6218
VW,context=Main#main:1,countY=1457
VW,context=Main#main:1,y=1
VW,context=Main#main:1,countY=1458
VW,context=Main#main:1,z=1178
VW,context=Main#main:1,countZ=1
VW,context=Main#main:1,z=184
VW,context=Main#main:1,countZ=2
VW,context=Main#main:1,z=1127
VW,context=Main#main:1,countZ=3
VW,context=Main#main:1,z=2606
VW,context=Main#main:1,countZ=4
VW,context=Main#main:1,z=1118
VW,context=Main#main:1,countZ=5
VW,context=Main#main:1,z=1379
VW,context=Main#main:1,countZ=6
VW,context=Main#main:1,z=2587
VW,context=Main#main:1,countZ=7
VW,context=Main#main:1,z=611
VW,context=Main#main:1,countZ=8
VW,context=Main#main:1,z=1008
VW,context=Main#main:1,countZ=9
VW,context=Main#main:1,z=3049
VW,context=Main#main:1,countZ=10
VW,context=Main#main:1,z=1097
VW,context=Main#main:1,countZ=11
VW,context=Main#main:1,z=1641
VW,context=Main#main:1,countZ=12
VW,context=Main#main:1,z=1848
VW,context=Main#main:1,countZ=13
VW,context=Main#main:1,z=1944
VW,context=Main#main:1,countZ=14
VW,context=Main#main:1,z=2532
VW,context=Main#main:1,countZ=15
VW,context=Main#main:1,z=1446
VW,context=Main#main:1,countZ=16
VW,context=Main#main:1,z=263
VW,context=Main#main:1,countZ=17
VW,context=Main#main:1,z=439
VW,context=Main#main:1,countZ=18
VW,context=Main#main:1,z=1517
VW,context=Main#main:1,countZ=19
VW,context=Main#main:1,z=2651
VW,context=Main#main:1,countZ=20
VW,context=Main#main:1,z=1003
VW,context=Main#main:1,countZ=21
VW,context=Main#main:1,z=284
VW,context=Main#main:1,countZ=22
VW,context=Main#main:1,z=177
VW,context=Main#main:1,countZ=23
VW,context=Main#main:1,z=2256
VW,context=Main#main:1,countZ=24
VW,context=Main#main:1,z=1318
VW,context=Main#main:1,countZ=25
VW,context=Main#main:1,z=2604
VW,context=Main#main:1,countZ=26
VW,context=Main#main:1,z=1887
VW,context=Main#main:1,countZ=27
VW,context=Main#main:1,z=1011
VW,context=Main#main:1,countZ=28
VW,context=Main#main:1,z=333
VW,context=Main#main:1,countZ=29
VW,context=Main#main:1,z=1649
VW,context=Main#main:1,countZ=30
VW,context=Main#main:1,z=1897
VW,context=Main#main:1,countZ=31
VW,context=Main#main:1,z=291
VW,context=Main#main:1,countZ=32
VW,context=Main#main:1,z=2173
VW,context=Main#main:1,countZ=33
VW,context=Main#main:1,z=419
VW,context=Main#main:1,countZ=34
VW,context=Main#main:1,z=2957
VW,context=Main#main:1,countZ=35
VW,context=Main#main:1,z=2096
VW,context=Main#main:1,countZ=36
VW,context=Main#main:1,z=338
VW,context=Main#main:1,countZ=37
VW,context=Main#main:1,z=1289
VW,context=Main#main:1,countZ=38
VW,context=Main#main:1,z=2817
VW,context=Main#main:1,countZ=39
VW,context=Main#main:1,z=2801
VW,context=Main#main:1,countZ=40
VW,context=Main#main:1,z=2703
VW,context=Main#main:1,countZ=41
VW,context=Main#main:1,z=2884
VW,context=Main#main:1,countZ=42
VW,context=Main#main:1,z=477
VW,context=Main#main:1,countZ=43
VW,context=Main#main:1,z=2531
VW,context=Main#main:1,countZ=44
VW,context=Main#main:1,z=268
VW,context=Main#main:1,countZ=45
VW,context=Main#main:1,z=79
VW,context=Main#main:1,countZ=46
VW,context=Main#main:1,z=2437
VW,context=Main#main:1,countZ=47
VW,context=Main#main:1,z=2036
VW,context=Main#main:1,countZ=48
VW,context=Main#main:1,z=1533
VW,context=Main#main:1,countZ=49
VW,context=Main#main:1,z=2749
VW,context=Main#main:1,countZ=50
VW,context=Main#main:1,z=822
VW,context=Main#main:1,countZ=51
VW,context=Main#main:1,z=2691
VW,context=Main#main:1,countZ=52
VW,context=Main#main:1,z=1248
VW,context=Main#main:1,countZ=53
VW,context=Main#main:1,z=1394
VW,context=Main#main:1,countZ=54
VW,context=Main#main:1,z=1507
VW,context=Main#main:1,countZ=55
VW,context=Main#main:1,z=246
VW,context=Main#main:1,countZ=56
VW,context=Main#main:1,z=2288
VW,context=Main#main:1,countZ=57
VW,context=Main#main:1,z=1514
VW,context=Main#main:1,countZ=58
VW,context=Main#main:1,z=2242
VW,context=Main#main:1,countZ=59
VW,context=Main#main:1,z=451
VW,context=Main#main:1,countZ=60
VW,context=Main#main:1,z=28
VW,context=Main#main:1,countZ=61
VW,context=Main#main:1,z=1734
VW,context=Main#main:1,countZ=62
VW,context=Main#main:1,z=2027
VW,context=Main#main:1,countZ=63
VW,context=Main#main:1,z=306
VW,context=Main#main:1,countZ=64
VW,context=Main#main:1,z=1093
VW,context=Main#main:1,countZ=65
VW,context=Main#main:1,z=54
VW,context=Main#main:1,countZ=66
VW,context=Main#main:1,z=1112
VW,context=Main#main:1,countZ=67
VW,context=Main#main:1,z=561
VW,context=Main#main:1,countZ=68
VW,context=Main#main:1,z=1483
VW,context=Main#main:1,countZ=69
VW,context=Main#main:1,z=99
VW,context=Main#main:1,countZ=70
VW,context=Main#main:1,z=997
VW,context=Main#main:1,countZ=71
VW,context=Main#main:1,z=2591
VW,context=Main#main:1,countZ=72
VW,context=Main#main:1,z=2198
VW,context=Main#main:1,countZ=73
VW,context=Main#main:1,z=1744
VW,context=Main#main:1,countZ=74
VW,context=Main#main:1,z=1307
VW,context=Main#main:1,countZ=75
VW,context=Main#main:1,z=2146
VW,context=Main#main:1,countZ=76
VW,context=Main#main:1,z=2988
VW,context=Main#main:1,countZ=77
VW,context=Main#main:1,z=1114
VW,context=Main#main:1,countZ=78
VW,context=Main#main:1,z=2917
VW,context=Main#main:1,countZ=79
VW,context=Main#main:1,z=1851
VW,context=Main#main:1,countZ=80
VW,context=Main#main:1,z=2353
VW,context=Main#main:1,countZ=81
VW,context=Main#main:1,z=3084
VW,context=Main#main:1,countZ=82
VW,context=Main#main:1,z=1702
VW,context=Main#main:1,countZ=83
VW,context=Main#main:1,z=1831
VW,context=Main#main:1,countZ=84
VW,context=Main#main:1,z=668
VW,context=Main#main:1,countZ=85
VW,context=Main#main:1,z=2529
VW,context=Main#main:1,countZ=86
VW,context=Main#main:1,z=1037
VW,context=Main#main:1,countZ=87
VW,context=Main#main:1,z=2836
VW,context=Main#main:1,countZ=88
VW,context=Main#main:1,z=183
VW,context=Main#main:1,countZ=89
VW,context=Main#main:1,z=3074
VW,context=Main#main:1,countZ=90
VW,context=Main#main:1,z=2422
VW,context=Main#main:1,countZ=91
VW,context=Main#main:1,z=3116
VW,context=Main#main:1,countZ=92
VW,context=Main#main:1,z=1898
VW,context=Main#main:1,countZ=93
VW,context=Main#main:1,z=1469
VW,context=Main#main:1,countZ=94
VW,context=Main#main:1,z=2357
VW,context=Main#main:1,countZ=95
VW,context=Main#main:1,z=1546
VW,context=Main#main:1,countZ=96
VW,context=Main#main:1,z=2438
VW,context=Main#main:1,countZ=97
VW,context=Main#main:1,z=89
VW,context=Main#main:1,countZ=98
VW,context=Main#main:1,z=1717
VW,context=Main#main:1,countZ=99
VW,context=Main#main:1,z=751
VW,context=Main#main:1,countZ=100
VW,context=Main#main:1,z=303
VW,context=Main#main:1,countZ=101
VW,context=Main#main:1,z=684
VW,context=Main#main:1,countZ=102
VW,context=Main#main:1,z=2627
VW,context=Main#main:1,countZ=103
VW,context=Main#main:1,z=856
VW,context=Main#main:1,countZ=104
VW,context=Main#main:1,z=2118
VW,context=Main#main:1,countZ=105
VW,context=Main#main:1,z=1254
VW,context=Main#main:1,countZ=106
VW,context=Main#main:1,z=2212
VW,context=Main#main:1,countZ=107
VW,context=Main#main:1,z=2611
VW,context=Main#main:1,countZ=108
VW,context=Main#main:1,z=758
VW,context=Main#main:1,countZ=109
VW,context=Main#main:1,z=2299
VW,context=Main#main:1,countZ=110
VW,context=Main#main:1,z=1972
VW,context=Main#main:1,countZ=111
VW,context=Main#main:1,z=1141
VW,context=Main#main:1,countZ=112
VW,context=Main#main:1,z=348
VW,context=Main#main:1,countZ=113
VW,context=Main#main:1,z=569
VW,context=Main#main:1,countZ=114
VW,context=Main#main:1,z=1532
VW,context=Main#main:1,countZ=115
VW,context=Main#main:1,z=1571
VW,context=Main#main:1,countZ=116
VW,context=Main#main:1,z=638
VW,context=Main#main:1,countZ=117
VW,context=Main#main:1,z=1564
VW,context=Main#main:1,countZ=118
VW,context=Main#main:1,z=1767
VW,context=Main#main:1,countZ=119
VW,context=Main#main:1,z=276
VW,context=Main#main:1,countZ=120
VW,context=Main#main:1,z=128
VW,context=Main#main:1,countZ=121
VW,context=Main#main:1,z=784
VW,context=Main#main:1,countZ=122
VW,context=Main#main:1,z=1677
VW,context=Main#main:1,countZ=123
VW,context=Main#main:1,z=506
VW,context=Main#main:1,countZ=124
VW,context=Main#main:1,z=2318
VW,context=Main#main:1,countZ=125
VW,context=Main#main:1,z=2479
VW,context=Main#main:1,countZ=126
VW,context=Main#main:1,z=1512
VW,context=Main#main:1,countZ=127
VW,context=Main#main:1,z=3011
VW,context=Main#main:1,countZ=128
VW,context=Main#main:1,z=83
VW,context=Main#main:1,countZ=129
VW,context=Main#main:1,z=899
VW,context=Main#main:1,countZ=130
VW,context=Main#main:1,z=2772
VW,context=Main#main:1,countZ=131
VW,context=Main#main:1,z=2916
VW,context=Main#main:1,countZ=132
VW,context=Main#main:1,z=673
VW,context=Main#main:1,countZ=133
VW,context=Main#main:1,z=2169
VW,context=Main#main:1,countZ=134
VW,context=Main#main:1,z=1957
VW,context=Main#main:1,countZ=135
VW,context=Main#main:1,z=2221
VW,context=Main#main:1,countZ=136
VW,context=Main#main:1,z=713
VW,context=Main#main:1,countZ=137
VW,context=Main#main:1,z=2414
VW,context=Main#main:1,countZ=138
VW,context=Main#main:1,z=3067
VW,context=Main#main:1,countZ=139
VW,context=Main#main:1,z=426
VW,context=Main#main:1,countZ=140
VW,context=Main#main:1,z=1828
VW,context=Main#main:1,countZ=141
VW,context=Main#main:1,z=259
VW,context=Main#main:1,countZ=142
VW,context=Main#main:1,z=1977
VW,context=Main#main:1,countZ=143
VW,context=Main#main:1,z=781
VW,context=Main#main:1,countZ=144
VW,context=Main#main:1,z=1268
VW,context=Main#main:1,countZ=145
VW,context=Main#main:1,z=3079
VW,context=Main#main:1,countZ=146
VW,context=Main#main:1,z=2062
VW,context=Main#main:1,countZ=147
VW,context=Main#main:1,z=911
VW,context=Main#main:1,countZ=148
VW,context=Main#main:1,z=1283
VW,context=Main#main:1,countZ=149
VW,context=Main#main:1,z=1999
VW,context=Main#main:1,countZ=150
VW,context=Main#main:1,z=1697
VW,context=Main#main:1,countZ=151
VW,context=Main#main:1,z=2191
VW,context=Main#main:1,countZ=152
VW,context=Main#main:1,z=2873
VW,context=Main#main:1,countZ=153
VW,context=Main#main:1,z=19
VW,context=Main#main:1,countZ=154
VW,context=Main#main:1,z=507
VW,context=Main#main:1,countZ=155
VW,context=Main#main:1,z=371
VW,context=Main#main:1,countZ=156
VW,context=Main#main:1,z=2663
VW,context=Main#main:1,countZ=157
VW,context=Main#main:1,z=2639
VW,context=Main#main:1,countZ=158
VW,context=Main#main:1,z=2492
VW,context=Main#main:1,countZ=159
VW,context=Main#main:1,z=1201
VW,context=Main#main:1,countZ=160
VW,context=Main#main:1,z=2278
VW,context=Main#main:1,countZ=161
VW,context=Main#main:1,z=2234
VW,context=Main#main:1,countZ=162
VW,context=Main#main:1,z=402
VW,context=Main#main:1,countZ=163
VW,context=Main#main:1,z=1681
VW,context=Main#main:1,countZ=164
VW,context=Main#main:1,z=2093
VW,context=Main#main:1,countZ=165
VW,context=Main#main:1,z=3054
VW,context=Main#main:1,countZ=166
VW,context=Main#main:1,z=737
VW,context=Main#main:1,countZ=167
VW,context=Main#main:1,z=2561
VW,context=Main#main:1,countZ=168
VW,context=Main#main:1,z=1233
VW,context=Main#main:1,countZ=169
VW,context=Main#main:1,z=2474
VW,context=Main#main:1,countZ=170
VW,context=Main#main:1,z=1872
VW,context=Main#main:1,countZ=171
VW,context=Main#main:1,z=2091
VW,context=Main#main:1,countZ=172
VW,context=Main#main:1,z=698
VW,context=Main#main:1,countZ=173
VW,context=Main#main:1,z=369
VW,context=Main#main:1,countZ=174
VW,context=Main#main:1,z=307
VW,context=Main#main:1,countZ=175
VW,context=Main#main:1,z=2271
VW,context=Main#main:1,countZ=176
VW,context=Main#main:1,z=238
VW,context=Main#main:1,countZ=177
VW,context=Main#main:1,z=2239
VW,context=Main#main:1,countZ=178
VW,context=Main#main:1,z=42
VW,context=Main#main:1,countZ=179
VW,context=Main#main:1,z=2601
VW,context=Main#main:1,countZ=180
VW,context=Main#main:1,z=1478
VW,context=Main#main:1,countZ=181
VW,context=Main#main:1,z=459
VW,context=Main#main:1,countZ=182
VW,context=Main#main:1,z=77
VW,context=Main#main:1,countZ=183
VW,context=Main#main:1,z=81
VW,context=Main#main:1,countZ=184
VW,context=Main#main:1,z=1668
VW,context=Main#main:1,countZ=185
VW,context=Main#main:1,z=2404
VW,context=Main#main:1,countZ=186
VW,context=Main#main:1,z=662
VW,context=Main#main:1,countZ=187
VW,context=Main#main:1,z=1711
VW,context=Main#main:1,countZ=188
VW,context=Main#main:1,z=3058
VW,context=Main#main:1,countZ=189
VW,context=Main#main:1,z=2324
VW,context=Main#main:1,countZ=190
VW,context=Main#main:1,z=172
VW,context=Main#main:1,countZ=191
VW,context=Main#main:1,z=2616
VW,context=Main#main:1,countZ=192
VW,context=Main#main:1,z=398
VW,context=Main#main:1,countZ=193
VW,context=Main#main:1,z=94
VW,context=Main#main:1,countZ=194
VW,context=Main#main:1,z=1357
VW,context=Main#main:1,countZ=195
VW,context=Main#main:1,z=1671
VW,context=Main#main:1,countZ=196
VW,context=Main#main:1,z=2813
VW,context=Main#main:1,countZ=197
VW,context=Main#main:1,z=1214
VW,context=Main#main:1,countZ=198
VW,context=Main#main:1,z=1967
VW,context=Main#main:1,countZ=199
VW,context=Main#main:1,z=1501
VW,context=Main#main:1,countZ=200
VW,context=Main#main:1,z=2553
VW,context=Main#main:1,countZ=201
VW,context=Main#main:1,z=1184
VW,context=Main#main:1,countZ=202
VW,context=Main#main:1,z=1002
VW,context=Main#main:1,countZ=203
VW,context=Main#main:1,z=2231
VW,context=Main#main:1,countZ=204
VW,context=Main#main:1,z=3118
VW,context=Main#main:1,countZ=205
VW,context=Main#main:1,z=1129
VW,context=Main#main:1,countZ=206
VW,context=Main#main:1,z=1837
VW,context=Main#main:1,countZ=207
VW,context=Main#main:1,z=1486
VW,context=Main#main:1,countZ=208
VW,context=Main#main:1,z=508
VW,context=Main#main:1,countZ=209
VW,context=Main#main:1,z=1549
VW,context=Main#main:1,countZ=210
VW,context=Main#main:1,z=2847
VW,context=Main#main:1,countZ=211
VW,context=Main#main:1,z=641
VW,context=Main#main:1,countZ=212
VW,context=Main#main:1,z=1973
VW,context=Main#main:1,countZ=213
VW,context=Main#main:1,z=2319
VW,context=Main#main:1,countZ=214
VW,context=Main#main:1,z=532
VW,context=Main#main:1,countZ=215
VW,context=Main#main:1,z=1696
VW,context=Main#main:1,countZ=216
VW,context=Main#main:1,z=1013
VW,context=Main#main:1,countZ=217
VW,context=Main#main:1,z=2689
VW,context=Main#main:1,countZ=218
VW,context=Main#main:1,z=2017
VW,context=Main#main:1,countZ=219
VW,context=Main#main:1,z=1026
VW,context=Main#main:1,countZ=220
VW,context=Main#main:1,z=2378
VW,context=Main#main:1,countZ=221
VW,context=Main#main:1,z=1284
VW,context=Main#main:1,countZ=222
VW,context=Main#main:1,z=52
VW,context=Main#main:1,countZ=223
VW,context=Main#main:1,z=1881
VW,context=Main#main:1,countZ=224
VW,context=Main#main:1,z=193
VW,context=Main#main:1,countZ=225
VW,context=Main#main:1,z=2354
VW,context=Main#main:1,countZ=226
VW,context=Main#main:1,z=1137
VW,context=Main#main:1,countZ=227
VW,context=Main#main:1,z=1886
VW,context=Main#main:1,countZ=228
VW,context=Main#main:1,z=2958
VW,context=Main#main:1,countZ=229
VW,context=Main#main:1,z=149
VW,context=Main#main:1,countZ=230
VW,context=Main#main:1,z=522
VW,context=Main#main:1,countZ=231
VW,context=Main#main:1,z=2416
VW,context=Main#main:1,countZ=232
VW,context=Main#main:1,z=2298
VW,context=Main#main:1,countZ=233
VW,context=Main#main:1,z=794
VW,context=Main#main:1,countZ=234
VW,context=Main#main:1,z=957
VW,context=Main#main:1,countZ=235
VW,context=Main#main:1,z=2346
VW,context=Main#main:1,countZ=236
VW,context=Main#main:1,z=1088
VW,context=Main#main:1,countZ=237
VW,context=Main#main:1,z=414
VW,context=Main#main:1,countZ=238
VW,context=Main#main:1,z=192
VW,context=Main#main:1,countZ=239
VW,context=Main#main:1,z=1176
VW,context=Main#main:1,countZ=240
VW,context=Main#main:1,z=953
VW,context=Main#main:1,countZ=241
VW,context=Main#main:1,z=759
VW,context=Main#main:1,countZ=242
VW,context=Main#main:1,z=352
VW,context=Main#main:1,countZ=243
VW,context=Main#main:1,z=2156
VW,context=Main#main:1,countZ=244
VW,context=Main#main:1,z=2268
VW,context=Main#main:1,countZ=245
VW,context=Main#main:1,z=2954
VW,context=Main#main:1,countZ=246
VW,context=Main#main:1,z=1687
VW,context=Main#main:1,countZ=247
VW,context=Main#main:1,z=2911
VW,context=Main#main:1,countZ=248
VW,context=Main#main:1,z=1033
VW,context=Main#main:1,countZ=249
VW,context=Main#main:1,z=1249
VW,context=Main#main:1,countZ=250
VW,context=Main#main:1,z=2572
VW,context=Main#main:1,countZ=251
VW,context=Main#main:1,z=1691
VW,context=Main#main:1,countZ=252
VW,context=Main#main:1,z=1373
VW,context=Main#main:1,countZ=253
VW,context=Main#main:1,z=1769
VW,context=Main#main:1,countZ=254
VW,context=Main#main:1,z=2632
VW,context=Main#main:1,countZ=255
VW,context=Main#main:1,z=496
VW,context=Main#main:1,countZ=256
VW,context=Main#main:1,z=3038
VW,context=Main#main:1,countZ=257
VW,context=Main#main:1,z=639
VW,context=Main#main:1,countZ=258
VW,context=Main#main:1,z=2742
VW,context=Main#main:1,countZ=259
VW,context=Main#main:1,z=1951
VW,context=Main#main:1,countZ=260
VW,context=Main#main:1,z=1403
VW,context=Main#main:1,countZ=261
VW,context=Main#main:1,z=2734
VW,context=Main#main:1,countZ=262
VW,context=Main#main:1,z=1902
VW,context=Main#main:1,countZ=263
VW,context=Main#main:1,z=3056
VW,context=Main#main:1,countZ=264
VW,context=Main#main:1,z=3093
VW,context=Main#main:1,countZ=265
VW,context=Main#main:1,z=2929
VW,context=Main#main:1,countZ=266
VW,context=Main#main:1,z=362
VW,context=Main#main:1,countZ=267
VW,context=Main#main:1,z=1436
VW,context=Main#main:1,countZ=268
VW,context=Main#main:1,z=983
VW,context=Main#main:1,countZ=269
VW,context=Main#main:1,z=1724
VW,context=Main#main:1,countZ=270
VW,context=Main#main:1,z=2747
VW,context=Main#main:1,countZ=271
VW,context=Main#main:1,z=1591
VW,context=Main#main:1,countZ=272
VW,context=Main#main:1,z=2323
VW,context=Main#main:1,countZ=273
VW,context=Main#main:1,z=2119
VW,context=Main#main:1,countZ=274
VW,context=Main#main:1,z=2432
VW,context=Main#main:1,countZ=275
VW,context=Main#main:1,z=2396
VW,context=Main#main:1,countZ=276
VW,context=Main#main:1,z=613
VW,context=Main#main:1,countZ=277
VW,context=Main#main:1,z=239
VW,context=Main#main:1,countZ=278
VW,context=Main#main:1,z=292
VW,context=Main#main:1,countZ=279
VW,context=Main#main:1,z=226
VW,context=Main#main:1,countZ=280
VW,context=Main#main:1,z=603
VW,context=Main#main:1,countZ=281
VW,context=Main#main:1,z=959
VW,context=Main#main:1,countZ=282
VW,context=Main#main:1,z=1577
VW,context=Main#main:1,countZ=283
VW,context=Main#main:1,z=1456
VW,context=Main#main:1,countZ=284
VW,context=Main#main:1,z=2668
VW,context=Main#main:1,countZ=285
VW,context=Main#main:1,z=2279
VW,context=Main#main:1,countZ=286
VW,context=Main#main:1,z=287
VW,context=Main#main:1,countZ=287
VW,context=Main#main:1,z=586
VW,context=Main#main:1,countZ=288
VW,context=Main#main:1,z=2808
VW,context=Main#main:1,countZ=289
VW,context=Main#main:1,z=1574
VW,context=Main#main:1,countZ=290
VW,context=Main#main:1,z=1047
VW,context=Main#main:1,countZ=291
VW,context=Main#main:1,z=2116
VW,context=Main#main:1,countZ=292
VW,context=Main#main:1,z=2023
VW,context=Main#main:1,countZ=293
VW,context=Main#main:1,z=1844
VW,context=Main#main:1,countZ=294
VW,context=Main#main:1,z=357
VW,context=Main#main:1,countZ=295
VW,context=Main#main:1,z=1796
VW,context=Main#main:1,countZ=296
VW,context=Main#main:1,z=63
VW,context=Main#main:1,countZ=297
VW,context=Main#main:1,z=2339
VW,context=Main#main:1,countZ=298
VW,context=Main#main:1,z=2217
VW,context=Main#main:1,countZ=299
VW,context=Main#main:1,z=2251
VW,context=Main#main:1,countZ=300
VW,context=Main#main:1,z=1678
VW,context=Main#main:1,countZ=301
VW,context=Main#main:1,z=1684
VW,context=Main#main:1,countZ=302
VW,context=Main#main:1,z=2502
VW,context=Main#main:1,countZ=303
VW,context=Main#main:1,z=481
VW,context=Main#main:1,countZ=304
VW,context=Main#main:1,z=993
VW,context=Main#main:1,countZ=305
VW,context=Main#main:1,z=1004
VW,context=Main#main:1,countZ=306
VW,context=Main#main:1,z=1462
VW,context=Main#main:1,countZ=307
VW,context=Main#main:1,z=361
VW,context=Main#main:1,countZ=308
VW,context=Main#main:1,z=258
VW,context=Main#main:1,countZ=309
VW,context=Main#main:1,z=799
VW,context=Main#main:1,countZ=310
VW,context=Main#main:1,z=597
VW,context=Main#main:1,countZ=311
VW,context=Main#main:1,z=141
VW,context=Main#main:1,countZ=312
VW,context=Main#main:1,z=473
VW,context=Main#main:1,countZ=313
VW,context=Main#main:1,z=944
VW,context=Main#main:1,countZ=314
VW,context=Main#main:1,z=2657
VW,context=Main#main:1,countZ=315
VW,context=Main#main:1,z=1821
VW,context=Main#main:1,countZ=316
VW,context=Main#main:1,z=1388
VW,context=Main#main:1,countZ=317
VW,context=Main#main:1,z=689
VW,context=Main#main:1,countZ=318
VW,context=Main#main:1,z=2267
VW,context=Main#main:1,countZ=319
VW,context=Main#main:1,z=1776
VW,context=Main#main:1,countZ=320
VW,context=Main#main:1,z=1503
VW,context=Main#main:1,countZ=321
VW,context=Main#main:1,z=1784
VW,context=Main#main:1,countZ=322
VW,context=Main#main:1,z=1552
VW,context=Main#main:1,countZ=323
VW,context=Main#main:1,z=131
VW,context=Main#main:1,countZ=324
VW,context=Main#main:1,z=1193
VW,context=Main#main:1,countZ=325
VW,context=Main#main:1,z=2229
VW,context=Main#main:1,countZ=326
VW,context=Main#main:1,z=762
VW,context=Main#main:1,countZ=327
VW,context=Main#main:1,z=761
VW,context=Main#main:1,countZ=328
VW,context=Main#main:1,z=2708
VW,context=Main#main:1,countZ=329
VW,context=Main#main:1,z=2524
VW,context=Main#main:1,countZ=330
VW,context=Main#main:1,z=1397
VW,context=Main#main:1,countZ=331
VW,context=Main#main:1,z=1916
VW,context=Main#main:1,countZ=332
VW,context=Main#main:1,z=798
VW,context=Main#main:1,countZ=333
VW,context=Main#main:1,z=2544
VW,context=Main#main:1,countZ=334
VW,context=Main#main:1,z=3082
VW,context=Main#main:1,countZ=335
VW,context=Main#main:1,z=2471
VW,context=Main#main:1,countZ=336
VW,context=Main#main:1,z=1463
VW,context=Main#main:1,countZ=337
VW,context=Main#main:1,z=1539
VW,context=Main#main:1,countZ=338
VW,context=Main#main:1,z=442
VW,context=Main#main:1,countZ=339
VW,context=Main#main:1,z=1926
VW,context=Main#main:1,countZ=340
VW,context=Main#main:1,z=78
VW,context=Main#main:1,countZ=341
VW,context=Main#main:1,z=1259
VW,context=Main#main:1,countZ=342
VW,context=Main#main:1,z=1852
VW,context=Main#main:1,countZ=343
VW,context=Main#main:1,z=406
VW,context=Main#main:1,countZ=344
VW,context=Main#main:1,z=143
VW,context=Main#main:1,countZ=345
VW,context=Main#main:1,z=2829
VW,context=Main#main:1,countZ=346
VW,context=Main#main:1,z=1312
VW,context=Main#main:1,countZ=347
VW,context=Main#main:1,z=1786
VW,context=Main#main:1,countZ=348
VW,context=Main#main:1,z=783
VW,context=Main#main:1,countZ=349
VW,context=Main#main:1,z=499
VW,context=Main#main:1,countZ=350
VW,context=Main#main:1,z=322
VW,context=Main#main:1,countZ=351
VW,context=Main#main:1,z=1191
VW,context=Main#main:1,countZ=352
VW,context=Main#main:1,z=2998
VW,context=Main#main:1,countZ=353
VW,context=Main#main:1,z=394
VW,context=Main#main:1,countZ=354
VW,context=Main#main:1,z=1632
VW,context=Main#main:1,countZ=355
VW,context=Main#main:1,z=621
VW,context=Main#main:1,countZ=356
VW,context=Main#main:1,z=288
VW,context=Main#main:1,countZ=357
VW,context=Main#main:1,z=1764
VW,context=Main#main:1,countZ=358
VW,context=Main#main:1,z=2992
VW,context=Main#main:1,countZ=359
VW,context=Main#main:1,z=2701
VW,context=Main#main:1,countZ=360
VW,context=Main#main:1,z=528
VW,context=Main#main:1,countZ=361
VW,context=Main#main:1,z=109
VW,context=Main#main:1,countZ=362
VW,context=Main#main:1,z=277
VW,context=Main#main:1,countZ=363
VW,context=Main#main:1,z=1306
VW,context=Main#main:1,countZ=364
VW,context=Main#main:1,z=968
VW,context=Main#main:1,countZ=365
VW,context=Main#main:1,z=2804
VW,context=Main#main:1,countZ=366
VW,context=Main#main:1,z=3112
VW,context=Main#main:1,countZ=367
VW,context=Main#main:1,z=311
VW,context=Main#main:1,countZ=368
VW,context=Main#main:1,z=733
VW,context=Main#main:1,countZ=369
VW,context=Main#main:1,z=974
VW,context=Main#main:1,countZ=370
VW,context=Main#main:1,z=497
VW,context=Main#main:1,countZ=371
VW,context=Main#main:1,z=1091
VW,context=Main#main:1,countZ=372
VW,context=Main#main:1,z=823
VW,context=Main#main:1,countZ=373
VW,context=Main#main:1,z=744
VW,context=Main#main:1,countZ=374
VW,context=Main#main:1,z=1432
VW,context=Main#main:1,countZ=375
VW,context=Main#main:1,z=2521
VW,context=Main#main:1,countZ=376
VW,context=Main#main:1,z=988
VW,context=Main#main:1,countZ=377
VW,context=Main#main:1,z=1364
VW,context=Main#main:1,countZ=378
VW,context=Main#main:1,z=542
VW,context=Main#main:1,countZ=379
VW,context=Main#main:1,z=976
VW,context=Main#main:1,countZ=380
VW,context=Main#main:1,z=2853
VW,context=Main#main:1,countZ=381
VW,context=Main#main:1,z=1459
VW,context=Main#main:1,countZ=382
VW,context=Main#main:1,z=3077
VW,context=Main#main:1,countZ=383
VW,context=Main#main:1,z=2831
VW,context=Main#main:1,countZ=384
VW,context=Main#main:1,z=543
VW,context=Main#main:1,countZ=385
VW,context=Main#main:1,z=2154
VW,context=Main#main:1,countZ=386
VW,context=Main#main:1,z=3037
VW,context=Main#main:1,countZ=387
VW,context=Main#main:1,z=2586
VW,context=Main#main:1,countZ=388
VW,context=Main#main:1,z=2558
VW,context=Main#main:1,countZ=389
VW,context=Main#main:1,z=824
VW,context=Main#main:1,countZ=390
VW,context=Main#main:1,z=1922
VW,context=Main#main:1,countZ=391
VW,context=Main#main:1,z=1616
VW,context=Main#main:1,countZ=392
VW,context=Main#main:1,z=523
VW,context=Main#main:1,countZ=393
VW,context=Main#main:1,z=469
VW,context=Main#main:1,countZ=394
VW,context=Main#main:1,z=2482
VW,context=Main#main:1,countZ=395
VW,context=Main#main:1,z=1921
VW,context=Main#main:1,countZ=396
VW,context=Main#main:1,z=438
VW,context=Main#main:1,countZ=397
VW,context=Main#main:1,z=339
VW,context=Main#main:1,countZ=398
VW,context=Main#main:1,z=2467
VW,context=Main#main:1,countZ=399
VW,context=Main#main:1,z=3001
VW,context=Main#main:1,countZ=400
VW,context=Main#main:1,z=803
VW,context=Main#main:1,countZ=401
VW,context=Main#main:1,z=2184
VW,context=Main#main:1,countZ=402
VW,context=Main#main:1,z=877
VW,context=Main#main:1,countZ=403
VW,context=Main#main:1,z=1856
VW,context=Main#main:1,countZ=404
VW,context=Main#main:1,z=1993
VW,context=Main#main:1,countZ=405
VW,context=Main#main:1,z=879
VW,context=Main#main:1,countZ=406
VW,context=Main#main:1,z=1087
VW,context=Main#main:1,countZ=407
VW,context=Main#main:1,z=2361
VW,context=Main#main:1,countZ=408
VW,context=Main#main:1,z=8
VW,context=Main#main:1,countZ=409
VW,context=Main#main:1,z=49
VW,context=Main#main:1,countZ=410
VW,context=Main#main:1,z=1472
VW,context=Main#main:1,countZ=411
VW,context=Main#main:1,z=2766
VW,context=Main#main:1,countZ=412
VW,context=Main#main:1,z=2098
VW,context=Main#main:1,countZ=413
VW,context=Main#main:1,z=2694
VW,context=Main#main:1,countZ=414
VW,context=Main#main:1,z=1657
VW,context=Main#main:1,countZ=415
VW,context=Main#main:1,z=1946
VW,context=Main#main:1,countZ=416
VW,context=Main#main:1,z=1763
VW,context=Main#main:1,countZ=417
VW,context=Main#main:1,z=1814
VW,context=Main#main:1,countZ=418
VW,context=Main#main:1,z=2517
VW,context=Main#main:1,countZ=419
VW,context=Main#main:1,z=2526
VW,context=Main#main:1,countZ=420
VW,context=Main#main:1,z=628
VW,context=Main#main:1,countZ=421
VW,context=Main#main:1,z=2284
VW,context=Main#main:1,countZ=422
VW,context=Main#main:1,z=3052
VW,context=Main#main:1,countZ=423
VW,context=Main#main:1,z=1506
VW,context=Main#main:1,countZ=424
VW,context=Main#main:1,z=2193
VW,context=Main#main:1,countZ=425
VW,context=Main#main:1,z=2104
VW,context=Main#main:1,countZ=426
VW,context=Main#main:1,z=387
VW,context=Main#main:1,countZ=427
VW,context=Main#main:1,z=2761
VW,context=Main#main:1,countZ=428
VW,context=Main#main:1,z=2458
VW,context=Main#main:1,countZ=429
VW,context=Main#main:1,z=1774
VW,context=Main#main:1,countZ=430
VW,context=Main#main:1,z=2272
VW,context=Main#main:1,countZ=431
VW,context=Main#main:1,z=1416
VW,context=Main#main:1,countZ=432
VW,context=Main#main:1,z=2423
VW,context=Main#main:1,countZ=433
VW,context=Main#main:1,z=1169
VW,context=Main#main:1,countZ=434
VW,context=Main#main:1,z=2082
VW,context=Main#main:1,countZ=435
VW,context=Main#main:1,z=2596
VW,context=Main#main:1,countZ=436
VW,context=Main#main:1,z=1838
VW,context=Main#main:1,countZ=437
VW,context=Main#main:1,z=2664
VW,context=Main#main:1,countZ=438
VW,context=Main#main:1,z=692
VW,context=Main#main:1,countZ=439
VW,context=Main#main:1,z=2676
VW,context=Main#main:1,countZ=440
VW,context=Main#main:1,z=2328
VW,context=Main#main:1,countZ=441
VW,context=Main#main:1,z=1759
VW,context=Main#main:1,countZ=442
VW,context=Main#main:1,z=227
VW,context=Main#main:1,countZ=443
VW,context=Main#main:1,z=1781
VW,context=Main#main:1,countZ=444
VW,context=Main#main:1,z=1143
VW,context=Main#main:1,countZ=445
VW,context=Main#main:1,z=2704
VW,context=Main#main:1,countZ=446
VW,context=Main#main:1,z=937
VW,context=Main#main:1,countZ=447
VW,context=Main#main:1,z=661
VW,context=Main#main:1,countZ=448
VW,context=Main#main:1,z=533
VW,context=Main#main:1,countZ=449
VW,context=Main#main:1,z=2874
VW,context=Main#main:1,countZ=450
VW,context=Main#main:1,z=1197
VW,context=Main#main:1,countZ=451
VW,context=Main#main:1,z=691
VW,context=Main#main:1,countZ=452
VW,context=Main#main:1,z=1498
VW,context=Main#main:1,countZ=453
VW,context=Main#main:1,z=2144
VW,context=Main#main:1,countZ=454
VW,context=Main#main:1,z=632
VW,context=Main#main:1,countZ=455
VW,context=Main#main:1,z=746
VW,context=Main#main:1,countZ=456
VW,context=Main#main:1,z=663
VW,context=Main#main:1,countZ=457
VW,context=Main#main:1,z=2889
VW,context=Main#main:1,countZ=458
VW,context=Main#main:1,z=117
VW,context=Main#main:1,countZ=459
VW,context=Main#main:1,z=326
VW,context=Main#main:1,countZ=460
VW,context=Main#main:1,z=2778
VW,context=Main#main:1,countZ=461
VW,context=Main#main:1,z=609
VW,context=Main#main:1,countZ=462
VW,context=Main#main:1,z=1777
VW,context=Main#main:1,countZ=463
VW,context=Main#main:1,z=2681
VW,context=Main#main:1,countZ=464
VW,context=Main#main:1,z=1968
VW,context=Main#main:1,countZ=465
VW,context=Main#main:1,z=2679
VW,context=Main#main:1,countZ=466
VW,context=Main#main:1,z=2737
VW,context=Main#main:1,countZ=467
VW,context=Main#main:1,z=2311
VW,context=Main#main:1,countZ=468
VW,context=Main#main:1,z=483
VW,context=Main#main:1,countZ=469
VW,context=Main#main:1,z=224
VW,context=Main#main:1,countZ=470
VW,context=Main#main:1,z=1372
VW,context=Main#main:1,countZ=471
VW,context=Main#main:1,z=591
VW,context=Main#main:1,countZ=472
VW,context=Main#main:1,z=2448
VW,context=Main#main:1,countZ=473
VW,context=Main#main:1,z=2494
VW,context=Main#main:1,countZ=474
VW,context=Main#main:1,z=432
VW,context=Main#main:1,countZ=475
VW,context=Main#main:1,z=2646
VW,context=Main#main:1,countZ=476
VW,context=Main#main:1,z=1363
VW,context=Main#main:1,countZ=477
VW,context=Main#main:1,z=2489
VW,context=Main#main:1,countZ=478
VW,context=Main#main:1,z=792
VW,context=Main#main:1,countZ=479
VW,context=Main#main:1,z=1726
VW,context=Main#main:1,countZ=480
VW,context=Main#main:1,z=1978
VW,context=Main#main:1,countZ=481
VW,context=Main#main:1,z=1959
VW,context=Main#main:1,countZ=482
VW,context=Main#main:1,z=1452
VW,context=Main#main:1,countZ=483
VW,context=Main#main:1,z=1081
VW,context=Main#main:1,countZ=484
VW,context=Main#main:1,z=1543
VW,context=Main#main:1,countZ=485
VW,context=Main#main:1,z=2029
VW,context=Main#main:1,countZ=486
VW,context=Main#main:1,z=2662
VW,context=Main#main:1,countZ=487
VW,context=Main#main:1,z=1461
VW,context=Main#main:1,countZ=488
VW,context=Main#main:1,z=2308
VW,context=Main#main:1,countZ=489
VW,context=Main#main:1,z=74
VW,context=Main#main:1,countZ=490
VW,context=Main#main:1,z=2797
VW,context=Main#main:1,countZ=491
VW,context=Main#main:1,z=1116
VW,context=Main#main:1,countZ=492
VW,context=Main#main:1,z=2148
VW,context=Main#main:1,countZ=493
VW,context=Main#main:1,z=2219
VW,context=Main#main:1,countZ=494
VW,context=Main#main:1,z=1482
VW,context=Main#main:1,countZ=495
VW,context=Main#main:1,z=2046
VW,context=Main#main:1,countZ=496
VW,context=Main#main:1,z=813
VW,context=Main#main:1,countZ=497
VW,context=Main#main:1,z=1464
VW,context=Main#main:1,countZ=498
VW,context=Main#main:1,z=2717
VW,context=Main#main:1,countZ=499
VW,context=Main#main:1,z=626
VW,context=Main#main:1,countZ=500
VW,context=Main#main:1,z=3053
VW,context=Main#main:1,countZ=501
VW,context=Main#main:1,z=2684
VW,context=Main#main:1,countZ=502
VW,context=Main#main:1,z=2377
VW,context=Main#main:1,countZ=503
VW,context=Main#main:1,z=106
VW,context=Main#main:1,countZ=504
VW,context=Main#main:1,z=2993
VW,context=Main#main:1,countZ=505
VW,context=Main#main:1,z=754
VW,context=Main#main:1,countZ=506
VW,context=Main#main:1,z=712
VW,context=Main#main:1,countZ=507
VW,context=Main#main:1,z=1236
VW,context=Main#main:1,countZ=508
VW,context=Main#main:1,z=2883
VW,context=Main#main:1,countZ=509
VW,context=Main#main:1,z=2424
VW,context=Main#main:1,countZ=510
VW,context=Main#main:1,z=2347
VW,context=Main#main:1,countZ=511
VW,context=Main#main:1,z=2266
VW,context=Main#main:1,countZ=512
VW,context=Main#main:1,z=598
VW,context=Main#main:1,countZ=513
VW,context=Main#main:1,z=1319
VW,context=Main#main:1,countZ=514
VW,context=Main#main:1,z=657
VW,context=Main#main:1,countZ=515
VW,context=Main#main:1,z=2071
VW,context=Main#main:1,countZ=516
VW,context=Main#main:1,z=2138
VW,context=Main#main:1,countZ=517
VW,context=Main#main:1,z=2939
VW,context=Main#main:1,countZ=518
VW,context=Main#main:1,z=2767
VW,context=Main#main:1,countZ=519
VW,context=Main#main:1,z=151
VW,context=Main#main:1,countZ=520
VW,context=Main#main:1,z=2878
VW,context=Main#main:1,countZ=521
VW,context=Main#main:1,z=2784
VW,context=Main#main:1,countZ=522
VW,context=Main#main:1,z=1427
VW,context=Main#main:1,countZ=523
VW,context=Main#main:1,z=2881
VW,context=Main#main:1,countZ=524
VW,context=Main#main:1,z=68
VW,context=Main#main:1,countZ=525
VW,context=Main#main:1,z=1979
VW,context=Main#main:1,countZ=526
VW,context=Main#main:1,z=12
VW,context=Main#main:1,countZ=527
VW,context=Main#main:1,z=1636
VW,context=Main#main:1,countZ=528
VW,context=Main#main:1,z=2208
VW,context=Main#main:1,countZ=529
VW,context=Main#main:1,z=1024
VW,context=Main#main:1,countZ=530
VW,context=Main#main:1,z=22
VW,context=Main#main:1,countZ=531
VW,context=Main#main:1,z=916
VW,context=Main#main:1,countZ=532
VW,context=Main#main:1,z=923
VW,context=Main#main:1,countZ=533
VW,context=Main#main:1,z=2919
VW,context=Main#main:1,countZ=534
VW,context=Main#main:1,z=1082
VW,context=Main#main:1,countZ=535
VW,context=Main#main:1,z=2721
VW,context=Main#main:1,countZ=536
VW,context=Main#main:1,z=2213
VW,context=Main#main:1,countZ=537
VW,context=Main#main:1,z=664
VW,context=Main#main:1,countZ=538
VW,context=Main#main:1,z=942
VW,context=Main#main:1,countZ=539
VW,context=Main#main:1,z=301
VW,context=Main#main:1,countZ=540
VW,context=Main#main:1,z=1453
VW,context=Main#main:1,countZ=541
VW,context=Main#main:1,z=2259
VW,context=Main#main:1,countZ=542
VW,context=Main#main:1,z=1727
VW,context=Main#main:1,countZ=543
VW,context=Main#main:1,z=31
VW,context=Main#main:1,countZ=544
VW,context=Main#main:1,z=2143
VW,context=Main#main:1,countZ=545
VW,context=Main#main:1,z=2579
VW,context=Main#main:1,countZ=546
VW,context=Main#main:1,z=562
VW,context=Main#main:1,countZ=547
VW,context=Main#main:1,z=2661
VW,context=Main#main:1,countZ=548
VW,context=Main#main:1,z=283
VW,context=Main#main:1,countZ=549
VW,context=Main#main:1,z=2124
VW,context=Main#main:1,countZ=550
VW,context=Main#main:1,z=2072
VW,context=Main#main:1,countZ=551
VW,context=Main#main:1,z=191
VW,context=Main#main:1,countZ=552
VW,context=Main#main:1,z=3123
VW,context=Main#main:1,countZ=553
VW,context=Main#main:1,z=769
VW,context=Main#main:1,countZ=554
VW,context=Main#main:1,z=2757
VW,context=Main#main:1,countZ=555
VW,context=Main#main:1,z=871
VW,context=Main#main:1,countZ=556
VW,context=Main#main:1,z=1038
VW,context=Main#main:1,countZ=557
VW,context=Main#main:1,z=889
VW,context=Main#main:1,countZ=558
VW,context=Main#main:1,z=367
VW,context=Main#main:1,countZ=559
VW,context=Main#main:1,z=1076
VW,context=Main#main:1,countZ=560
VW,context=Main#main:1,z=1903
VW,context=Main#main:1,countZ=561
VW,context=Main#main:1,z=1109
VW,context=Main#main:1,countZ=562
VW,context=Main#main:1,z=152
VW,context=Main#main:1,countZ=563
VW,context=Main#main:1,z=931
VW,context=Main#main:1,countZ=564
VW,context=Main#main:1,z=2968
VW,context=Main#main:1,countZ=565
VW,context=Main#main:1,z=2554
VW,context=Main#main:1,countZ=566
VW,context=Main#main:1,z=2362
VW,context=Main#main:1,countZ=567
VW,context=Main#main:1,z=1186
VW,context=Main#main:1,countZ=568
VW,context=Main#main:1,z=233
VW,context=Main#main:1,countZ=569
VW,context=Main#main:1,z=2599
VW,context=Main#main:1,countZ=570
VW,context=Main#main:1,z=2247
VW,context=Main#main:1,countZ=571
VW,context=Main#main:1,z=91
VW,context=Main#main:1,countZ=572
VW,context=Main#main:1,z=948
VW,context=Main#main:1,countZ=573
VW,context=Main#main:1,z=1119
VW,context=Main#main:1,countZ=574
VW,context=Main#main:1,z=2557
VW,context=Main#main:1,countZ=575
VW,context=Main#main:1,z=2771
VW,context=Main#main:1,countZ=576
VW,context=Main#main:1,z=1738
VW,context=Main#main:1,countZ=577
VW,context=Main#main:1,z=489
VW,context=Main#main:1,countZ=578
VW,context=Main#main:1,z=1042
VW,context=Main#main:1,countZ=579
VW,context=Main#main:1,z=2476
VW,context=Main#main:1,countZ=580
VW,context=Main#main:1,z=1103
VW,context=Main#main:1,countZ=581
VW,context=Main#main:1,z=2459
VW,context=Main#main:1,countZ=582
VW,context=Main#main:1,z=2952
VW,context=Main#main:1,countZ=583
VW,context=Main#main:1,z=2456
VW,context=Main#main:1,countZ=584
VW,context=Main#main:1,z=2543
VW,context=Main#main:1,countZ=585
VW,context=Main#main:1,z=1904
VW,context=Main#main:1,countZ=586
VW,context=Main#main:1,z=2287
VW,context=Main#main:1,countZ=587
VW,context=Main#main:1,z=336
VW,context=Main#main:1,countZ=588
VW,context=Main#main:1,z=2058
VW,context=Main#main:1,countZ=589
VW,context=Main#main:1,z=2449
VW,context=Main#main:1,countZ=590
VW,context=Main#main:1,z=547
VW,context=Main#main:1,countZ=591
VW,context=Main#main:1,z=616
VW,context=Main#main:1,countZ=592
VW,context=Main#main:1,z=648
VW,context=Main#main:1,countZ=593
VW,context=Main#main:1,z=844
VW,context=Main#main:1,countZ=594
VW,context=Main#main:1,z=482
VW,context=Main#main:1,countZ=595
VW,context=Main#main:1,z=2171
VW,context=Main#main:1,countZ=596
VW,context=Main#main:1,z=1188
VW,context=Main#main:1,countZ=597
VW,context=Main#main:1,z=2589
VW,context=Main#main:1,countZ=598
VW,context=Main#main:1,z=2967
VW,context=Main#main:1,countZ=599
VW,context=Main#main:1,z=1376
VW,context=Main#main:1,countZ=600
VW,context=Main#main:1,z=2178
VW,context=Main#main:1,countZ=601
VW,context=Main#main:1,z=59
VW,context=Main#main:1,countZ=602
VW,context=Main#main:1,z=752
VW,context=Main#main:1,countZ=603
VW,context=Main#main:1,z=1481
VW,context=Main#main:1,countZ=604
VW,context=Main#main:1,z=868
VW,context=Main#main:1,countZ=605
VW,context=Main#main:1,z=629
VW,context=Main#main:1,countZ=606
VW,context=Main#main:1,z=337
VW,context=Main#main:1,countZ=607
VW,context=Main#main:1,z=111
VW,context=Main#main:1,countZ=608
VW,context=Main#main:1,z=2633
VW,context=Main#main:1,countZ=609
VW,context=Main#main:1,z=1674
VW,context=Main#main:1,countZ=610
VW,context=Main#main:1,z=97
VW,context=Main#main:1,countZ=611
VW,context=Main#main:1,z=1766
VW,context=Main#main:1,countZ=612
VW,context=Main#main:1,z=2223
VW,context=Main#main:1,countZ=613
VW,context=Main#main:1,z=3069
VW,context=Main#main:1,countZ=614
VW,context=Main#main:1,z=2782
VW,context=Main#main:1,countZ=615
VW,context=Main#main:1,z=2196
VW,context=Main#main:1,countZ=616
VW,context=Main#main:1,z=2513
VW,context=Main#main:1,countZ=617
VW,context=Main#main:1,z=939
VW,context=Main#main:1,countZ=618
VW,context=Main#main:1,z=3017
VW,context=Main#main:1,countZ=619
VW,context=Main#main:1,z=901
VW,context=Main#main:1,countZ=620
VW,context=Main#main:1,z=2003
VW,context=Main#main:1,countZ=621
VW,context=Main#main:1,z=159
VW,context=Main#main:1,countZ=622
VW,context=Main#main:1,z=2927
VW,context=Main#main:1,countZ=623
VW,context=Main#main:1,z=1131
VW,context=Main#main:1,countZ=624
VW,context=Main#main:1,z=1068
VW,context=Main#main:1,countZ=625
VW,context=Main#main:1,z=1854
VW,context=Main#main:1,countZ=626
VW,context=Main#main:1,z=2762
VW,context=Main#main:1,countZ=627
VW,context=Main#main:1,z=511
VW,context=Main#main:1,countZ=628
VW,context=Main#main:1,z=1958
VW,context=Main#main:1,countZ=629
VW,context=Main#main:1,z=274
VW,context=Main#main:1,countZ=630
VW,context=Main#main:1,z=897
VW,context=Main#main:1,countZ=631
VW,context=Main#main:1,z=416
VW,context=Main#main:1,countZ=632
VW,context=Main#main:1,z=2548
VW,context=Main#main:1,countZ=633
VW,context=Main#main:1,z=1544
VW,context=Main#main:1,countZ=634
VW,context=Main#main:1,z=82
VW,context=Main#main:1,countZ=635
VW,context=Main#main:1,z=2846
VW,context=Main#main:1,countZ=636
VW,context=Main#main:1,z=2588
VW,context=Main#main:1,countZ=637
VW,context=Main#main:1,z=1789
VW,context=Main#main:1,countZ=638
VW,context=Main#main:1,z=1192
VW,context=Main#main:1,countZ=639
VW,context=Main#main:1,z=1051
VW,context=Main#main:1,countZ=640
VW,context=Main#main:1,z=578
VW,context=Main#main:1,countZ=641
VW,context=Main#main:1,z=2759
VW,context=Main#main:1,countZ=642
VW,context=Main#main:1,z=102
VW,context=Main#main:1,countZ=643
VW,context=Main#main:1,z=1406
VW,context=Main#main:1,countZ=644
VW,context=Main#main:1,z=18
VW,context=Main#main:1,countZ=645
VW,context=Main#main:1,z=2454
VW,context=Main#main:1,countZ=646
VW,context=Main#main:1,z=187
VW,context=Main#main:1,countZ=647
VW,context=Main#main:1,z=1536
VW,context=Main#main:1,countZ=648
VW,context=Main#main:1,z=33
VW,context=Main#main:1,countZ=649
VW,context=Main#main:1,z=1374
VW,context=Main#main:1,countZ=650
VW,context=Main#main:1,z=2947
VW,context=Main#main:1,countZ=651
VW,context=Main#main:1,z=2816
VW,context=Main#main:1,countZ=652
VW,context=Main#main:1,z=1623
VW,context=Main#main:1,countZ=653
VW,context=Main#main:1,z=2519
VW,context=Main#main:1,countZ=654
VW,context=Main#main:1,z=1757
VW,context=Main#main:1,countZ=655
VW,context=Main#main:1,z=996
VW,context=Main#main:1,countZ=656
VW,context=Main#main:1,z=1413
VW,context=Main#main:1,countZ=657
VW,context=Main#main:1,z=2014
VW,context=Main#main:1,countZ=658
VW,context=Main#main:1,z=617
VW,context=Main#main:1,countZ=659
VW,context=Main#main:1,z=1826
VW,context=Main#main:1,countZ=660
VW,context=Main#main:1,z=1028
VW,context=Main#main:1,countZ=661
VW,context=Main#main:1,z=1609
VW,context=Main#main:1,countZ=662
VW,context=Main#main:1,z=1652
VW,context=Main#main:1,countZ=663
VW,context=Main#main:1,z=2306
VW,context=Main#main:1,countZ=664
VW,context=Main#main:1,z=843
VW,context=Main#main:1,countZ=665
VW,context=Main#main:1,z=2429
VW,context=Main#main:1,countZ=666
VW,context=Main#main:1,z=1987
VW,context=Main#main:1,countZ=667
VW,context=Main#main:1,z=61
VW,context=Main#main:1,countZ=668
VW,context=Main#main:1,z=3108
VW,context=Main#main:1,countZ=669
VW,context=Main#main:1,z=1849
VW,context=Main#main:1,countZ=670
VW,context=Main#main:1,z=3122
VW,context=Main#main:1,countZ=671
VW,context=Main#main:1,z=2716
VW,context=Main#main:1,countZ=672
VW,context=Main#main:1,z=2573
VW,context=Main#main:1,countZ=673
VW,context=Main#main:1,z=2869
VW,context=Main#main:1,countZ=674
VW,context=Main#main:1,z=1557
VW,context=Main#main:1,countZ=675
VW,context=Main#main:1,z=2896
VW,context=Main#main:1,countZ=676
VW,context=Main#main:1,z=2113
VW,context=Main#main:1,countZ=677
VW,context=Main#main:1,z=1614
VW,context=Main#main:1,countZ=678
VW,context=Main#main:1,z=1292
VW,context=Main#main:1,countZ=679
VW,context=Main#main:1,z=101
VW,context=Main#main:1,countZ=680
VW,context=Main#main:1,z=228
VW,context=Main#main:1,countZ=681
VW,context=Main#main:1,z=2959
VW,context=Main#main:1,countZ=682
VW,context=Main#main:1,z=1327
VW,context=Main#main:1,countZ=683
VW,context=Main#main:1,z=706
VW,context=Main#main:1,countZ=684
VW,context=Main#main:1,z=418
VW,context=Main#main:1,countZ=685
VW,context=Main#main:1,z=1779
VW,context=Main#main:1,countZ=686
VW,context=Main#main:1,z=1912
VW,context=Main#main:1,countZ=687
VW,context=Main#main:1,z=2336
VW,context=Main#main:1,countZ=688
VW,context=Main#main:1,z=1808
VW,context=Main#main:1,countZ=689
VW,context=Main#main:1,z=1699
VW,context=Main#main:1,countZ=690
VW,context=Main#main:1,z=1422
VW,context=Main#main:1,countZ=691
VW,context=Main#main:1,z=116
VW,context=Main#main:1,countZ=692
VW,context=Main#main:1,z=2273
VW,context=Main#main:1,countZ=693
VW,context=Main#main:1,z=2594
VW,context=Main#main:1,countZ=694
VW,context=Main#main:1,z=2607
VW,context=Main#main:1,countZ=695
VW,context=Main#main:1,z=2296
VW,context=Main#main:1,countZ=696
VW,context=Main#main:1,z=1563
VW,context=Main#main:1,countZ=697
VW,context=Main#main:1,z=589
VW,context=Main#main:1,countZ=698
VW,context=Main#main:1,z=92
VW,context=Main#main:1,countZ=699
VW,context=Main#main:1,z=2126
VW,context=Main#main:1,countZ=700
VW,context=Main#main:1,z=1303
VW,context=Main#main:1,countZ=701
VW,context=Main#main:1,z=559
VW,context=Main#main:1,countZ=702
VW,context=Main#main:1,z=2252
VW,context=Main#main:1,countZ=703
VW,context=Main#main:1,z=2856
VW,context=Main#main:1,countZ=704
VW,context=Main#main:1,z=1868
VW,context=Main#main:1,countZ=705
VW,context=Main#main:1,z=504
VW,context=Main#main:1,countZ=706
VW,context=Main#main:1,z=3087
VW,context=Main#main:1,countZ=707
VW,context=Main#main:1,z=2111
VW,context=Main#main:1,countZ=708
VW,context=Main#main:1,z=2383
VW,context=Main#main:1,countZ=709
VW,context=Main#main:1,z=924
VW,context=Main#main:1,countZ=710
VW,context=Main#main:1,z=972
VW,context=Main#main:1,countZ=711
VW,context=Main#main:1,z=1266
VW,context=Main#main:1,countZ=712
VW,context=Main#main:1,z=723
VW,context=Main#main:1,countZ=713
VW,context=Main#main:1,z=1694
VW,context=Main#main:1,countZ=714
VW,context=Main#main:1,z=1782
VW,context=Main#main:1,countZ=715
VW,context=Main#main:1,z=2321
VW,context=Main#main:1,countZ=716
VW,context=Main#main:1,z=2888
VW,context=Main#main:1,countZ=717
VW,context=Main#main:1,z=2064
VW,context=Main#main:1,countZ=718
VW,context=Main#main:1,z=142
VW,context=Main#main:1,countZ=719
VW,context=Main#main:1,z=1651
VW,context=Main#main:1,countZ=720
VW,context=Main#main:1,z=1128
VW,context=Main#main:1,countZ=721
VW,context=Main#main:1,z=659
VW,context=Main#main:1,countZ=722
VW,context=Main#main:1,z=1302
VW,context=Main#main:1,countZ=723
VW,context=Main#main:1,z=2506
VW,context=Main#main:1,countZ=724
VW,context=Main#main:1,z=2068
VW,context=Main#main:1,countZ=725
VW,context=Main#main:1,z=1729
VW,context=Main#main:1,countZ=726
VW,context=Main#main:1,z=2387
VW,context=Main#main:1,countZ=727
VW,context=Main#main:1,z=2511
VW,context=Main#main:1,countZ=728
VW,context=Main#main:1,z=1708
VW,context=Main#main:1,countZ=729
VW,context=Main#main:1,z=2649
VW,context=Main#main:1,countZ=730
VW,context=Main#main:1,z=1772
VW,context=Main#main:1,countZ=731
VW,context=Main#main:1,z=3041
VW,context=Main#main:1,countZ=732
VW,context=Main#main:1,z=1048
VW,context=Main#main:1,countZ=733
VW,context=Main#main:1,z=169
VW,context=Main#main:1,countZ=734
VW,context=Main#main:1,z=2207
VW,context=Main#main:1,countZ=735
VW,context=Main#main:1,z=2971
VW,context=Main#main:1,countZ=736
VW,context=Main#main:1,z=2963
VW,context=Main#main:1,countZ=737
VW,context=Main#main:1,z=2914
VW,context=Main#main:1,countZ=738
VW,context=Main#main:1,z=1442
VW,context=Main#main:1,countZ=739
VW,context=Main#main:1,z=1801
VW,context=Main#main:1,countZ=740
VW,context=Main#main:1,z=2828
VW,context=Main#main:1,countZ=741
VW,context=Main#main:1,z=134
VW,context=Main#main:1,countZ=742
VW,context=Main#main:1,z=1602
VW,context=Main#main:1,countZ=743
VW,context=Main#main:1,z=2781
VW,context=Main#main:1,countZ=744
VW,context=Main#main:1,z=1018
VW,context=Main#main:1,countZ=745
VW,context=Main#main:1,z=2329
VW,context=Main#main:1,countZ=746
VW,context=Main#main:1,z=2937
VW,context=Main#main:1,countZ=747
VW,context=Main#main:1,z=411
VW,context=Main#main:1,countZ=748
VW,context=Main#main:1,z=2908
VW,context=Main#main:1,countZ=749
VW,context=Main#main:1,z=624
VW,context=Main#main:1,countZ=750
VW,context=Main#main:1,z=697
VW,context=Main#main:1,countZ=751
VW,context=Main#main:1,z=2316
VW,context=Main#main:1,countZ=752
VW,context=Main#main:1,z=123
VW,context=Main#main:1,countZ=753
VW,context=Main#main:1,z=1144
VW,context=Main#main:1,countZ=754
VW,context=Main#main:1,z=757
VW,context=Main#main:1,countZ=755
VW,context=Main#main:1,z=1121
VW,context=Main#main:1,countZ=756
VW,context=Main#main:1,z=1788
VW,context=Main#main:1,countZ=757
VW,context=Main#main:1,z=14
VW,context=Main#main:1,countZ=758
VW,context=Main#main:1,z=867
VW,context=Main#main:1,countZ=759
VW,context=Main#main:1,z=2576
VW,context=Main#main:1,countZ=760
VW,context=Main#main:1,z=153
VW,context=Main#main:1,countZ=761
VW,context=Main#main:1,z=2109
VW,context=Main#main:1,countZ=762
VW,context=Main#main:1,z=27
VW,context=Main#main:1,countZ=763
VW,context=Main#main:1,z=556
VW,context=Main#main:1,countZ=764
VW,context=Main#main:1,z=1843
VW,context=Main#main:1,countZ=765
VW,context=Main#main:1,z=2304
VW,context=Main#main:1,countZ=766
VW,context=Main#main:1,z=1612
VW,context=Main#main:1,countZ=767
VW,context=Main#main:1,z=2061
VW,context=Main#main:1,countZ=768
VW,context=Main#main:1,z=2858
VW,context=Main#main:1,countZ=769
VW,context=Main#main:1,z=1099
VW,context=Main#main:1,countZ=770
VW,context=Main#main:1,z=872
VW,context=Main#main:1,countZ=771
VW,context=Main#main:1,z=2216
VW,context=Main#main:1,countZ=772
VW,context=Main#main:1,z=1073
VW,context=Main#main:1,countZ=773
VW,context=Main#main:1,z=1494
VW,context=Main#main:1,countZ=774
VW,context=Main#main:1,z=557
VW,context=Main#main:1,countZ=775
VW,context=Main#main:1,z=3021
VW,context=Main#main:1,countZ=776
VW,context=Main#main:1,z=2488
VW,context=Main#main:1,countZ=777
VW,context=Main#main:1,z=2739
VW,context=Main#main:1,countZ=778
VW,context=Main#main:1,z=1542
VW,context=Main#main:1,countZ=779
VW,context=Main#main:1,z=851
VW,context=Main#main:1,countZ=780
VW,context=Main#main:1,z=2478
VW,context=Main#main:1,countZ=781
VW,context=Main#main:1,z=334
VW,context=Main#main:1,countZ=782
VW,context=Main#main:1,z=2827
VW,context=Main#main:1,countZ=783
VW,context=Main#main:1,z=2081
VW,context=Main#main:1,countZ=784
VW,context=Main#main:1,z=1418
VW,context=Main#main:1,countZ=785
VW,context=Main#main:1,z=1654
VW,context=Main#main:1,countZ=786
VW,context=Main#main:1,z=1537
VW,context=Main#main:1,countZ=787
VW,context=Main#main:1,z=1211
VW,context=Main#main:1,countZ=788
VW,context=Main#main:1,z=1558
VW,context=Main#main:1,countZ=789
VW,context=Main#main:1,z=949
VW,context=Main#main:1,countZ=790
VW,context=Main#main:1,z=2297
VW,context=Main#main:1,countZ=791
VW,context=Main#main:1,z=2741
VW,context=Main#main:1,countZ=792
VW,context=Main#main:1,z=773
VW,context=Main#main:1,countZ=793
VW,context=Main#main:1,z=1219
VW,context=Main#main:1,countZ=794
VW,context=Main#main:1,z=1607
VW,context=Main#main:1,countZ=795
VW,context=Main#main:1,z=2421
VW,context=Main#main:1,countZ=796
VW,context=Main#main:1,z=1938
VW,context=Main#main:1,countZ=797
VW,context=Main#main:1,z=1714
VW,context=Main#main:1,countZ=798
VW,context=Main#main:1,z=342
VW,context=Main#main:1,countZ=799
VW,context=Main#main:1,z=2876
VW,context=Main#main:1,countZ=800
VW,context=Main#main:1,z=428
VW,context=Main#main:1,countZ=801
VW,context=Main#main:1,z=1059
VW,context=Main#main:1,countZ=802
VW,context=Main#main:1,z=627
VW,context=Main#main:1,countZ=803
VW,context=Main#main:1,z=1106
VW,context=Main#main:1,countZ=804
VW,context=Main#main:1,z=2868
VW,context=Main#main:1,countZ=805
VW,context=Main#main:1,z=379
VW,context=Main#main:1,countZ=806
VW,context=Main#main:1,z=2712
VW,context=Main#main:1,countZ=807
VW,context=Main#main:1,z=986
VW,context=Main#main:1,countZ=808
VW,context=Main#main:1,z=2133
VW,context=Main#main:1,countZ=809
VW,context=Main#main:1,z=174
VW,context=Main#main:1,countZ=810
VW,context=Main#main:1,z=1847
VW,context=Main#main:1,countZ=811
VW,context=Main#main:1,z=766
VW,context=Main#main:1,countZ=812
VW,context=Main#main:1,z=2348
VW,context=Main#main:1,countZ=813
VW,context=Main#main:1,z=319
VW,context=Main#main:1,countZ=814
VW,context=Main#main:1,z=782
VW,context=Main#main:1,countZ=815
VW,context=Main#main:1,z=2446
VW,context=Main#main:1,countZ=816
VW,context=Main#main:1,z=138
VW,context=Main#main:1,countZ=817
VW,context=Main#main:1,z=64
VW,context=Main#main:1,countZ=818
VW,context=Main#main:1,z=392
VW,context=Main#main:1,countZ=819
VW,context=Main#main:1,z=2401
VW,context=Main#main:1,countZ=820
VW,context=Main#main:1,z=253
VW,context=Main#main:1,countZ=821
VW,context=Main#main:1,z=1159
VW,context=Main#main:1,countZ=822
VW,context=Main#main:1,z=2802
VW,context=Main#main:1,countZ=823
VW,context=Main#main:1,z=756
VW,context=Main#main:1,countZ=824
VW,context=Main#main:1,z=3068
VW,context=Main#main:1,countZ=825
VW,context=Main#main:1,z=1604
VW,context=Main#main:1,countZ=826
VW,context=Main#main:1,z=2012
VW,context=Main#main:1,countZ=827
VW,context=Main#main:1,z=1386
VW,context=Main#main:1,countZ=828
VW,context=Main#main:1,z=1458
VW,context=Main#main:1,countZ=829
VW,context=Main#main:1,z=1899
VW,context=Main#main:1,countZ=830
VW,context=Main#main:1,z=2647
VW,context=Main#main:1,countZ=831
VW,context=Main#main:1,z=2541
VW,context=Main#main:1,countZ=832
VW,context=Main#main:1,z=2673
VW,context=Main#main:1,countZ=833
VW,context=Main#main:1,z=1919
VW,context=Main#main:1,countZ=834
VW,context=Main#main:1,z=1207
VW,context=Main#main:1,countZ=835
VW,context=Main#main:1,z=3096
VW,context=Main#main:1,countZ=836
VW,context=Main#main:1,z=213
VW,context=Main#main:1,countZ=837
VW,context=Main#main:1,z=914
VW,context=Main#main:1,countZ=838
VW,context=Main#main:1,z=1692
VW,context=Main#main:1,countZ=839
VW,context=Main#main:1,z=2551
VW,context=Main#main:1,countZ=840
VW,context=Main#main:1,z=1953
VW,context=Main#main:1,countZ=841
VW,context=Main#main:1,z=634
VW,context=Main#main:1,countZ=842
VW,context=Main#main:1,z=3102
VW,context=Main#main:1,countZ=843
VW,context=Main#main:1,z=1031
VW,context=Main#main:1,countZ=844
VW,context=Main#main:1,z=2018
VW,context=Main#main:1,countZ=845
VW,context=Main#main:1,z=2204
VW,context=Main#main:1,countZ=846
VW,context=Main#main:1,z=2562
VW,context=Main#main:1,countZ=847
VW,context=Main#main:1,z=2411
VW,context=Main#main:1,countZ=848
VW,context=Main#main:1,z=2658
VW,context=Main#main:1,countZ=849
VW,context=Main#main:1,z=2999
VW,context=Main#main:1,countZ=850
VW,context=Main#main:1,z=1572
VW,context=Main#main:1,countZ=851
VW,context=Main#main:1,z=1816
VW,context=Main#main:1,countZ=852
VW,context=Main#main:1,z=1748
VW,context=Main#main:1,countZ=853
VW,context=Main#main:1,z=2894
VW,context=Main#main:1,countZ=854
VW,context=Main#main:1,z=2882
VW,context=Main#main:1,countZ=855
VW,context=Main#main:1,z=1246
VW,context=Main#main:1,countZ=856
VW,context=Main#main:1,z=2163
VW,context=Main#main:1,countZ=857
VW,context=Main#main:1,z=1139
VW,context=Main#main:1,countZ=858
VW,context=Main#main:1,z=1117
VW,context=Main#main:1,countZ=859
VW,context=Main#main:1,z=201
VW,context=Main#main:1,countZ=860
VW,context=Main#main:1,z=2403
VW,context=Main#main:1,countZ=861
VW,context=Main#main:1,z=2609
VW,context=Main#main:1,countZ=862
VW,context=Main#main:1,z=1527
VW,context=Main#main:1,countZ=863
VW,context=Main#main:1,z=1931
VW,context=Main#main:1,countZ=864
VW,context=Main#main:1,z=2843
VW,context=Main#main:1,countZ=865
VW,context=Main#main:1,z=2179
VW,context=Main#main:1,countZ=866
VW,context=Main#main:1,z=1237
VW,context=Main#main:1,countZ=867
VW,context=Main#main:1,z=936
VW,context=Main#main:1,countZ=868
VW,context=Main#main:1,z=2608
VW,context=Main#main:1,countZ=869
VW,context=Main#main:1,z=349
VW,context=Main#main:1,countZ=870
VW,context=Main#main:1,z=1747
VW,context=Main#main:1,countZ=871
VW,context=Main#main:1,z=1716
VW,context=Main#main:1,countZ=872
VW,context=Main#main:1,z=2698
VW,context=Main#main:1,countZ=873
VW,context=Main#main:1,z=119
VW,context=Main#main:1,countZ=874
VW,context=Main#main:1,z=2682
VW,context=Main#main:1,countZ=875
VW,context=Main#main:1,z=21
VW,context=Main#main:1,countZ=876
VW,context=Main#main:1,z=2863
VW,context=Main#main:1,countZ=877
VW,context=Main#main:1,z=739
VW,context=Main#main:1,countZ=878
VW,context=Main#main:1,z=1792
VW,context=Main#main:1,countZ=879
VW,context=Main#main:1,z=1601
VW,context=Main#main:1,countZ=880
VW,context=Main#main:1,z=1603
VW,context=Main#main:1,countZ=881
VW,context=Main#main:1,z=834
VW,context=Main#main:1,countZ=882
VW,context=Main#main:1,z=1202
VW,context=Main#main:1,countZ=883
VW,context=Main#main:1,z=331
VW,context=Main#main:1,countZ=884
VW,context=Main#main:1,z=2418
VW,context=Main#main:1,countZ=885
VW,context=Main#main:1,z=1529
VW,context=Main#main:1,countZ=886
VW,context=Main#main:1,z=1162
VW,context=Main#main:1,countZ=887
VW,context=Main#main:1,z=86
VW,context=Main#main:1,countZ=888
VW,context=Main#main:1,z=1308
VW,context=Main#main:1,countZ=889
VW,context=Main#main:1,z=199
VW,context=Main#main:1,countZ=890
VW,context=Main#main:1,z=47
VW,context=Main#main:1,countZ=891
VW,context=Main#main:1,z=2241
VW,context=Main#main:1,countZ=892
VW,context=Main#main:1,z=2398
VW,context=Main#main:1,countZ=893
VW,context=Main#main:1,z=2969
VW,context=Main#main:1,countZ=894
VW,context=Main#main:1,z=607
VW,context=Main#main:1,countZ=895
VW,context=Main#main:1,z=2546
VW,context=Main#main:1,countZ=896
VW,context=Main#main:1,z=2313
VW,context=Main#main:1,countZ=897
VW,context=Main#main:1,z=2839
VW,context=Main#main:1,countZ=898
VW,context=Main#main:1,z=592
VW,context=Main#main:1,countZ=899
VW,context=Main#main:1,z=501
VW,context=Main#main:1,countZ=900
VW,context=Main#main:1,z=2678
VW,context=Main#main:1,countZ=901
VW,context=Main#main:1,z=1559
VW,context=Main#main:1,countZ=902
VW,context=Main#main:1,z=2127
VW,context=Main#main:1,countZ=903
VW,context=Main#main:1,z=2481
VW,context=Main#main:1,countZ=904
VW,context=Main#main:1,z=743
VW,context=Main#main:1,countZ=905
VW,context=Main#main:1,z=254
VW,context=Main#main:1,countZ=906
VW,context=Main#main:1,z=2337
VW,context=Main#main:1,countZ=907
VW,context=Main#main:1,z=2986
VW,context=Main#main:1,countZ=908
VW,context=Main#main:1,z=1883
VW,context=Main#main:1,countZ=909
VW,context=Main#main:1,z=2549
VW,context=Main#main:1,countZ=910
VW,context=Main#main:1,z=2722
VW,context=Main#main:1,countZ=911
VW,context=Main#main:1,z=266
VW,context=Main#main:1,countZ=912
VW,context=Main#main:1,z=848
VW,context=Main#main:1,countZ=913
VW,context=Main#main:1,z=2069
VW,context=Main#main:1,countZ=914
VW,context=Main#main:1,z=2907
VW,context=Main#main:1,countZ=915
VW,context=Main#main:1,z=2571
VW,context=Main#main:1,countZ=916
VW,context=Main#main:1,z=513
VW,context=Main#main:1,countZ=917
VW,context=Main#main:1,z=1189
VW,context=Main#main:1,countZ=918
VW,context=Main#main:1,z=642
VW,context=Main#main:1,countZ=919
VW,context=Main#main:1,z=26
VW,context=Main#main:1,countZ=920
VW,context=Main#main:1,z=2503
VW,context=Main#main:1,countZ=921
VW,context=Main#main:1,z=1659
VW,context=Main#main:1,countZ=922
VW,context=Main#main:1,z=1177
VW,context=Main#main:1,countZ=923
VW,context=Main#main:1,z=2131
VW,context=Main#main:1,countZ=924
VW,context=Main#main:1,z=943
VW,context=Main#main:1,countZ=925
VW,context=Main#main:1,z=1479
VW,context=Main#main:1,countZ=926
VW,context=Main#main:1,z=1637
VW,context=Main#main:1,countZ=927
VW,context=Main#main:1,z=261
VW,context=Main#main:1,countZ=928
VW,context=Main#main:1,z=1208
VW,context=Main#main:1,countZ=929
VW,context=Main#main:1,z=1149
VW,context=Main#main:1,countZ=930
VW,context=Main#main:1,z=397
VW,context=Main#main:1,countZ=931
VW,context=Main#main:1,z=2041
VW,context=Main#main:1,countZ=932
VW,context=Main#main:1,z=1173
VW,context=Main#main:1,countZ=933
VW,context=Main#main:1,z=544
VW,context=Main#main:1,countZ=934
VW,context=Main#main:1,z=207
VW,context=Main#main:1,countZ=935
VW,context=Main#main:1,z=96
VW,context=Main#main:1,countZ=936
VW,context=Main#main:1,z=588
VW,context=Main#main:1,countZ=937
VW,context=Main#main:1,z=2039
VW,context=Main#main:1,countZ=938
VW,context=Main#main:1,z=1942
VW,context=Main#main:1,countZ=939
VW,context=Main#main:1,z=176
VW,context=Main#main:1,countZ=940
VW,context=Main#main:1,z=1078
VW,context=Main#main:1,countZ=941
VW,context=Main#main:1,z=1134
VW,context=Main#main:1,countZ=942
VW,context=Main#main:1,z=1477
VW,context=Main#main:1,countZ=943
VW,context=Main#main:1,z=2406
VW,context=Main#main:1,countZ=944
VW,context=Main#main:1,z=3018
VW,context=Main#main:1,countZ=945
VW,context=Main#main:1,z=2079
VW,context=Main#main:1,countZ=946
VW,context=Main#main:1,z=2187
VW,context=Main#main:1,countZ=947
VW,context=Main#main:1,z=1286
VW,context=Main#main:1,countZ=948
VW,context=Main#main:1,z=2408
VW,context=Main#main:1,countZ=949
VW,context=Main#main:1,z=2249
VW,context=Main#main:1,countZ=950
VW,context=Main#main:1,z=2447
VW,context=Main#main:1,countZ=951
VW,context=Main#main:1,z=1316
VW,context=Main#main:1,countZ=952
VW,context=Main#main:1,z=248
VW,context=Main#main:1,countZ=953
VW,context=Main#main:1,z=1519
VW,context=Main#main:1,countZ=954
VW,context=Main#main:1,z=1882
VW,context=Main#main:1,countZ=955
VW,context=Main#main:1,z=1371
VW,context=Main#main:1,countZ=956
VW,context=Main#main:1,z=2538
VW,context=Main#main:1,countZ=957
VW,context=Main#main:1,z=2264
VW,context=Main#main:1,countZ=958
VW,context=Main#main:1,z=1367
VW,context=Main#main:1,countZ=959
VW,context=Main#main:1,z=951
VW,context=Main#main:1,countZ=960
VW,context=Main#main:1,z=1528
VW,context=Main#main:1,countZ=961
VW,context=Main#main:1,z=3109
VW,context=Main#main:1,countZ=962
VW,context=Main#main:1,z=3027
VW,context=Main#main:1,countZ=963
VW,context=Main#main:1,z=181
VW,context=Main#main:1,countZ=964
VW,context=Main#main:1,z=718
VW,context=Main#main:1,countZ=965
VW,context=Main#main:1,z=2054
VW,context=Main#main:1,countZ=966
VW,context=Main#main:1,z=862
VW,context=Main#main:1,countZ=967
VW,context=Main#main:1,z=2936
VW,context=Main#main:1,countZ=968
VW,context=Main#main:1,z=2358
VW,context=Main#main:1,countZ=969
VW,context=Main#main:1,z=2724
VW,context=Main#main:1,countZ=970
VW,context=Main#main:1,z=2622
VW,context=Main#main:1,countZ=971
VW,context=Main#main:1,z=1216
VW,context=Main#main:1,countZ=972
VW,context=Main#main:1,z=1198
VW,context=Main#main:1,countZ=973
VW,context=Main#main:1,z=1869
VW,context=Main#main:1,countZ=974
VW,context=Main#main:1,z=1682
VW,context=Main#main:1,countZ=975
VW,context=Main#main:1,z=146
VW,context=Main#main:1,countZ=976
VW,context=Main#main:1,z=113
VW,context=Main#main:1,countZ=977
VW,context=Main#main:1,z=1864
VW,context=Main#main:1,countZ=978
VW,context=Main#main:1,z=2042
VW,context=Main#main:1,countZ=979
VW,context=Main#main:1,z=2351
VW,context=Main#main:1,countZ=980
VW,context=Main#main:1,z=728
VW,context=Main#main:1,countZ=981
VW,context=Main#main:1,z=1334
VW,context=Main#main:1,countZ=982
VW,context=Main#main:1,z=2702
VW,context=Main#main:1,countZ=983
VW,context=Main#main:1,z=1706
VW,context=Main#main:1,countZ=984
VW,context=Main#main:1,z=293
VW,context=Main#main:1,countZ=985
VW,context=Main#main:1,z=1404
VW,context=Main#main:1,countZ=986
VW,context=Main#main:1,z=787
VW,context=Main#main:1,countZ=987
VW,context=Main#main:1,z=2086
VW,context=Main#main:1,countZ=988
VW,context=Main#main:1,z=1058
VW,context=Main#main:1,countZ=989
VW,context=Main#main:1,z=2574
VW,context=Main#main:1,countZ=990
VW,context=Main#main:1,z=922
VW,context=Main#main:1,countZ=991
VW,context=Main#main:1,z=1741
VW,context=Main#main:1,countZ=992
VW,context=Main#main:1,z=898
VW,context=Main#main:1,countZ=993
VW,context=Main#main:1,z=1594
VW,context=Main#main:1,countZ=994
VW,context=Main#main:1,z=2732
VW,context=Main#main:1,countZ=995
VW,context=Main#main:1,z=2671
VW,context=Main#main:1,countZ=996
VW,context=Main#main:1,z=2688
VW,context=Main#main:1,countZ=997
VW,context=Main#main:1,z=839
VW,context=Main#main:1,countZ=998
VW,context=Main#main:1,z=842
VW,context=Main#main:1,countZ=999
VW,context=Main#main:1,z=1251
VW,context=Main#main:1,countZ=1000
VW,context=Main#main:1,z=1803
VW,context=Main#main:1,countZ=1001
VW,context=Main#main:1,z=2059
VW,context=Main#main:1,countZ=1002
VW,context=Main#main:1,z=502
VW,context=Main#main:1,countZ=1003
VW,context=Main#main:1,z=731
VW,context=Main#main:1,countZ=1004
VW,context=Main#main:1,z=1743
VW,context=Main#main:1,countZ=1005
VW,context=Main#main:1,z=129
VW,context=Main#main:1,countZ=1006
VW,context=Main#main:1,z=1962
VW,context=Main#main:1,countZ=1007
VW,context=Main#main:1,z=1861
VW,context=Main#main:1,countZ=1008
VW,context=Main#main:1,z=1633
VW,context=Main#main:1,countZ=1009
VW,context=Main#main:1,z=1799
VW,context=Main#main:1,countZ=1010
VW,context=Main#main:1,z=472
VW,context=Main#main:1,countZ=1011
VW,context=Main#main:1,z=2891
VW,context=Main#main:1,countZ=1012
VW,context=Main#main:1,z=2473
VW,context=Main#main:1,countZ=1013
VW,context=Main#main:1,z=694
VW,context=Main#main:1,countZ=1014
VW,context=Main#main:1,z=1907
VW,context=Main#main:1,countZ=1015
VW,context=Main#main:1,z=2696
VW,context=Main#main:1,countZ=1016
VW,context=Main#main:1,z=888
VW,context=Main#main:1,countZ=1017
VW,context=Main#main:1,z=2314
VW,context=Main#main:1,countZ=1018
VW,context=Main#main:1,z=892
VW,context=Main#main:1,countZ=1019
VW,context=Main#main:1,z=776
VW,context=Main#main:1,countZ=1020
VW,context=Main#main:1,z=1628
VW,context=Main#main:1,countZ=1021
VW,context=Main#main:1,z=2159
VW,context=Main#main:1,countZ=1022
VW,context=Main#main:1,z=2677
VW,context=Main#main:1,countZ=1023
VW,context=Main#main:1,z=381
VW,context=Main#main:1,countZ=1024
VW,context=Main#main:1,z=1943
VW,context=Main#main:1,countZ=1025
VW,context=Main#main:1,z=1354
VW,context=Main#main:1,countZ=1026
VW,context=Main#main:1,z=1262
VW,context=Main#main:1,countZ=1027
VW,context=Main#main:1,z=2261
VW,context=Main#main:1,countZ=1028
VW,context=Main#main:1,z=958
VW,context=Main#main:1,countZ=1029
VW,context=Main#main:1,z=399
VW,context=Main#main:1,countZ=1030
VW,context=Main#main:1,z=1272
VW,context=Main#main:1,countZ=1031
VW,context=Main#main:1,z=1541
VW,context=Main#main:1,countZ=1032
VW,context=Main#main:1,z=2798
VW,context=Main#main:1,countZ=1033
VW,context=Main#main:1,z=2294
VW,context=Main#main:1,countZ=1034
VW,context=Main#main:1,z=2332
VW,context=Main#main:1,countZ=1035
VW,context=Main#main:1,z=221
VW,context=Main#main:1,countZ=1036
VW,context=Main#main:1,z=963
VW,context=Main#main:1,countZ=1037
VW,context=Main#main:1,z=39
VW,context=Main#main:1,countZ=1038
VW,context=Main#main:1,z=2192
VW,context=Main#main:1,countZ=1039
VW,context=Main#main:1,z=926
VW,context=Main#main:1,countZ=1040
VW,context=Main#main:1,z=203
VW,context=Main#main:1,countZ=1041
VW,context=Main#main:1,z=1634
VW,context=Main#main:1,countZ=1042
VW,context=Main#main:1,z=2977
VW,context=Main#main:1,countZ=1043
VW,context=Main#main:1,z=656
VW,context=Main#main:1,countZ=1044
VW,context=Main#main:1,z=893
VW,context=Main#main:1,countZ=1045
VW,context=Main#main:1,z=1954
VW,context=Main#main:1,countZ=1046
VW,context=Main#main:1,z=1812
VW,context=Main#main:1,countZ=1047
VW,context=Main#main:1,z=161
VW,context=Main#main:1,countZ=1048
VW,context=Main#main:1,z=2158
VW,context=Main#main:1,countZ=1049
VW,context=Main#main:1,z=1499
VW,context=Main#main:1,countZ=1050
VW,context=Main#main:1,z=197
VW,context=Main#main:1,countZ=1051
VW,context=Main#main:1,z=816
VW,context=Main#main:1,countZ=1052
VW,context=Main#main:1,z=1873
VW,context=Main#main:1,countZ=1053
VW,context=Main#main:1,z=144
VW,context=Main#main:1,countZ=1054
VW,context=Main#main:1,z=882
VW,context=Main#main:1,countZ=1055
VW,context=Main#main:1,z=1496
VW,context=Main#main:1,countZ=1056
VW,context=Main#main:1,z=2913
VW,context=Main#main:1,countZ=1057
VW,context=Main#main:1,z=264
VW,context=Main#main:1,countZ=1058
VW,context=Main#main:1,z=1617
VW,context=Main#main:1,countZ=1059
VW,context=Main#main:1,z=1701
VW,context=Main#main:1,countZ=1060
VW,context=Main#main:1,z=653
VW,context=Main#main:1,countZ=1061
VW,context=Main#main:1,z=484
VW,context=Main#main:1,countZ=1062
VW,context=Main#main:1,z=1402
VW,context=Main#main:1,countZ=1063
VW,context=Main#main:1,z=1556
VW,context=Main#main:1,countZ=1064
VW,context=Main#main:1,z=1718
VW,context=Main#main:1,countZ=1065
VW,context=Main#main:1,z=1929
VW,context=Main#main:1,countZ=1066
VW,context=Main#main:1,z=487
VW,context=Main#main:1,countZ=1067
VW,context=Main#main:1,z=1811
VW,context=Main#main:1,countZ=1068
VW,context=Main#main:1,z=2108
VW,context=Main#main:1,countZ=1069
VW,context=Main#main:1,z=1974
VW,context=Main#main:1,countZ=1070
VW,context=Main#main:1,z=372
VW,context=Main#main:1,countZ=1071
VW,context=Main#main:1,z=716
VW,context=Main#main:1,countZ=1072
VW,context=Main#main:1,z=2823
VW,context=Main#main:1,countZ=1073
VW,context=Main#main:1,z=494
VW,context=Main#main:1,countZ=1074
VW,context=Main#main:1,z=682
VW,context=Main#main:1,countZ=1075
VW,context=Main#main:1,z=271
VW,context=Main#main:1,countZ=1076
VW,context=Main#main:1,z=488
VW,context=Main#main:1,countZ=1077
VW,context=Main#main:1,z=2989
VW,context=Main#main:1,countZ=1078
VW,context=Main#main:1,z=2292
VW,context=Main#main:1,countZ=1079
VW,context=Main#main:1,z=3101
VW,context=Main#main:1,countZ=1080
VW,context=Main#main:1,z=2978
VW,context=Main#main:1,countZ=1081
VW,context=Main#main:1,z=1834
VW,context=Main#main:1,countZ=1082
VW,context=Main#main:1,z=1077
VW,context=Main#main:1,countZ=1083
VW,context=Main#main:1,z=3081
VW,context=Main#main:1,countZ=1084
VW,context=Main#main:1,z=1293
VW,context=Main#main:1,countZ=1085
VW,context=Main#main:1,z=1279
VW,context=Main#main:1,countZ=1086
VW,context=Main#main:1,z=412
VW,context=Main#main:1,countZ=1087
VW,context=Main#main:1,z=961
VW,context=Main#main:1,countZ=1088
VW,context=Main#main:1,z=808
VW,context=Main#main:1,countZ=1089
VW,context=Main#main:1,z=1824
VW,context=Main#main:1,countZ=1090
VW,context=Main#main:1,z=1797
VW,context=Main#main:1,countZ=1091
VW,context=Main#main:1,z=1241
VW,context=Main#main:1,countZ=1092
VW,context=Main#main:1,z=2523
VW,context=Main#main:1,countZ=1093
VW,context=Main#main:1,z=219
VW,context=Main#main:1,countZ=1094
VW,context=Main#main:1,z=1732
VW,context=Main#main:1,countZ=1095
VW,context=Main#main:1,z=2796
VW,context=Main#main:1,countZ=1096
VW,context=Main#main:1,z=3063
VW,context=Main#main:1,countZ=1097
VW,context=Main#main:1,z=1964
VW,context=Main#main:1,countZ=1098
VW,context=Main#main:1,z=1092
VW,context=Main#main:1,countZ=1099
VW,context=Main#main:1,z=2001
VW,context=Main#main:1,countZ=1100
VW,context=Main#main:1,z=928
VW,context=Main#main:1,countZ=1101
VW,context=Main#main:1,z=2559
VW,context=Main#main:1,countZ=1102
VW,context=Main#main:1,z=2002
VW,context=Main#main:1,countZ=1103
VW,context=Main#main:1,z=2106
VW,context=Main#main:1,countZ=1104
VW,context=Main#main:1,z=2743
VW,context=Main#main:1,countZ=1105
VW,context=Main#main:1,z=4
VW,context=Main#main:1,countZ=1106
VW,context=Main#main:1,z=1587
VW,context=Main#main:1,countZ=1107
VW,context=Main#main:1,z=736
VW,context=Main#main:1,countZ=1108
VW,context=Main#main:1,z=1383
VW,context=Main#main:1,countZ=1109
VW,context=Main#main:1,z=1049
VW,context=Main#main:1,countZ=1110
VW,context=Main#main:1,z=1347
VW,context=Main#main:1,countZ=1111
VW,context=Main#main:1,z=2391
VW,context=Main#main:1,countZ=1112
VW,context=Main#main:1,z=973
VW,context=Main#main:1,countZ=1113
VW,context=Main#main:1,z=2444
VW,context=Main#main:1,countZ=1114
VW,context=Main#main:1,z=907
VW,context=Main#main:1,countZ=1115
VW,context=Main#main:1,z=2821
VW,context=Main#main:1,countZ=1116
VW,context=Main#main:1,z=1263
VW,context=Main#main:1,countZ=1117
VW,context=Main#main:1,z=314
VW,context=Main#main:1,countZ=1118
VW,context=Main#main:1,z=1142
VW,context=Main#main:1,countZ=1119
VW,context=Main#main:1,z=1526
VW,context=Main#main:1,countZ=1120
VW,context=Main#main:1,z=753
VW,context=Main#main:1,countZ=1121
VW,context=Main#main:1,z=2659
VW,context=Main#main:1,countZ=1122
VW,context=Main#main:1,z=1052
VW,context=Main#main:1,countZ=1123
VW,context=Main#main:1,z=1756
VW,context=Main#main:1,countZ=1124
VW,context=Main#main:1,z=2943
VW,context=Main#main:1,countZ=1125
VW,context=Main#main:1,z=1229
VW,context=Main#main:1,countZ=1126
VW,context=Main#main:1,z=887
VW,context=Main#main:1,countZ=1127
VW,context=Main#main:1,z=1136
VW,context=Main#main:1,countZ=1128
VW,context=Main#main:1,z=708
VW,context=Main#main:1,countZ=1129
VW,context=Main#main:1,z=2774
VW,context=Main#main:1,countZ=1130
VW,context=Main#main:1,z=2147
VW,context=Main#main:1,countZ=1131
VW,context=Main#main:1,z=1041
VW,context=Main#main:1,countZ=1132
VW,context=Main#main:1,z=1298
VW,context=Main#main:1,countZ=1133
VW,context=Main#main:1,z=919
VW,context=Main#main:1,countZ=1134
VW,context=Main#main:1,z=1332
VW,context=Main#main:1,countZ=1135
VW,context=Main#main:1,z=346
VW,context=Main#main:1,countZ=1136
VW,context=Main#main:1,z=1338
VW,context=Main#main:1,countZ=1137
VW,context=Main#main:1,z=1164
VW,context=Main#main:1,countZ=1138
VW,context=Main#main:1,z=2442
VW,context=Main#main:1,countZ=1139
VW,context=Main#main:1,z=1676
VW,context=Main#main:1,countZ=1140
VW,context=Main#main:1,z=2453
VW,context=Main#main:1,countZ=1141
VW,context=Main#main:1,z=2134
VW,context=Main#main:1,countZ=1142
VW,context=Main#main:1,z=1352
VW,context=Main#main:1,countZ=1143
VW,context=Main#main:1,z=2031
VW,context=Main#main:1,countZ=1144
VW,context=Main#main:1,z=1893
VW,context=Main#main:1,countZ=1145
VW,context=Main#main:1,z=1829
VW,context=Main#main:1,countZ=1146
VW,context=Main#main:1,z=1437
VW,context=Main#main:1,countZ=1147
VW,context=Main#main:1,z=2161
VW,context=Main#main:1,countZ=1148
VW,context=Main#main:1,z=1908
VW,context=Main#main:1,countZ=1149
VW,context=Main#main:1,z=749
VW,context=Main#main:1,countZ=1150
VW,context=Main#main:1,z=1072
VW,context=Main#main:1,countZ=1151
VW,context=Main#main:1,z=316
VW,context=Main#main:1,countZ=1152
VW,context=Main#main:1,z=373
VW,context=Main#main:1,countZ=1153
VW,context=Main#main:1,z=1894
VW,context=Main#main:1,countZ=1154
VW,context=Main#main:1,z=3007
VW,context=Main#main:1,countZ=1155
VW,context=Main#main:1,z=1621
VW,context=Main#main:1,countZ=1156
VW,context=Main#main:1,z=163
VW,context=Main#main:1,countZ=1157
VW,context=Main#main:1,z=1389
VW,context=Main#main:1,countZ=1158
VW,context=Main#main:1,z=1867
VW,context=Main#main:1,countZ=1159
VW,context=Main#main:1,z=2451
VW,context=Main#main:1,countZ=1160
VW,context=Main#main:1,z=2903
VW,context=Main#main:1,countZ=1161
VW,context=Main#main:1,z=984
VW,context=Main#main:1,countZ=1162
VW,context=Main#main:1,z=2902
VW,context=Main#main:1,countZ=1163
VW,context=Main#main:1,z=2931
VW,context=Main#main:1,countZ=1164
VW,context=Main#main:1,z=2718
VW,context=Main#main:1,countZ=1165
VW,context=Main#main:1,z=1804
VW,context=Main#main:1,countZ=1166
VW,context=Main#main:1,z=112
VW,context=Main#main:1,countZ=1167
VW,context=Main#main:1,z=686
VW,context=Main#main:1,countZ=1168
VW,context=Main#main:1,z=1858
VW,context=Main#main:1,countZ=1169
VW,context=Main#main:1,z=1224
VW,context=Main#main:1,countZ=1170
VW,context=Main#main:1,z=1247
VW,context=Main#main:1,countZ=1171
VW,context=Main#main:1,z=216
VW,context=Main#main:1,countZ=1172
VW,context=Main#main:1,z=1323
VW,context=Main#main:1,countZ=1173
VW,context=Main#main:1,z=2244
VW,context=Main#main:1,countZ=1174
VW,context=Main#main:1,z=2807
VW,context=Main#main:1,countZ=1175
VW,context=Main#main:1,z=396
VW,context=Main#main:1,countZ=1176
VW,context=Main#main:1,z=863
VW,context=Main#main:1,countZ=1177
VW,context=Main#main:1,z=989
VW,context=Main#main:1,countZ=1178
VW,context=Main#main:1,z=2542
VW,context=Main#main:1,countZ=1179
VW,context=Main#main:1,z=726
VW,context=Main#main:1,countZ=1180
VW,context=Main#main:1,z=2103
VW,context=Main#main:1,countZ=1181
VW,context=Main#main:1,z=2334
VW,context=Main#main:1,countZ=1182
VW,context=Main#main:1,z=2577
VW,context=Main#main:1,countZ=1183
VW,context=Main#main:1,z=1331
VW,context=Main#main:1,countZ=1184
VW,context=Main#main:1,z=2293
VW,context=Main#main:1,countZ=1185
VW,context=Main#main:1,z=1154
VW,context=Main#main:1,countZ=1186
VW,context=Main#main:1,z=37
VW,context=Main#main:1,countZ=1187
VW,context=Main#main:1,z=2961
VW,context=Main#main:1,countZ=1188
VW,context=Main#main:1,z=558
VW,context=Main#main:1,countZ=1189
VW,context=Main#main:1,z=1074
VW,context=Main#main:1,countZ=1190
VW,context=Main#main:1,z=2672
VW,context=Main#main:1,countZ=1191
VW,context=Main#main:1,z=741
VW,context=Main#main:1,countZ=1192
VW,context=Main#main:1,z=1023
VW,context=Main#main:1,countZ=1193
VW,context=Main#main:1,z=1969
VW,context=Main#main:1,countZ=1194
VW,context=Main#main:1,z=732
VW,context=Main#main:1,countZ=1195
VW,context=Main#main:1,z=2921
VW,context=Main#main:1,countZ=1196
VW,context=Main#main:1,z=313
VW,context=Main#main:1,countZ=1197
VW,context=Main#main:1,z=3089
VW,context=Main#main:1,countZ=1198
VW,context=Main#main:1,z=1342
VW,context=Main#main:1,countZ=1199
VW,context=Main#main:1,z=2751
VW,context=Main#main:1,countZ=1200
VW,context=Main#main:1,z=53
VW,context=Main#main:1,countZ=1201
VW,context=Main#main:1,z=3059
VW,context=Main#main:1,countZ=1202
VW,context=Main#main:1,z=377
VW,context=Main#main:1,countZ=1203
VW,context=Main#main:1,z=356
VW,context=Main#main:1,countZ=1204
VW,context=Main#main:1,z=618
VW,context=Main#main:1,countZ=1205
VW,context=Main#main:1,z=3004
VW,context=Main#main:1,countZ=1206
VW,context=Main#main:1,z=1212
VW,context=Main#main:1,countZ=1207
VW,context=Main#main:1,z=2736
VW,context=Main#main:1,countZ=1208
VW,context=Main#main:1,z=1133
VW,context=Main#main:1,countZ=1209
VW,context=Main#main:1,z=299
VW,context=Main#main:1,countZ=1210
VW,context=Main#main:1,z=2222
VW,context=Main#main:1,countZ=1211
VW,context=Main#main:1,z=1891
VW,context=Main#main:1,countZ=1212
VW,context=Main#main:1,z=2598
VW,context=Main#main:1,countZ=1213
VW,context=Main#main:1,z=1069
VW,context=Main#main:1,countZ=1214
VW,context=Main#main:1,z=3032
VW,context=Main#main:1,countZ=1215
VW,context=Main#main:1,z=2946
VW,context=Main#main:1,countZ=1216
VW,context=Main#main:1,z=1638
VW,context=Main#main:1,countZ=1217
VW,context=Main#main:1,z=1439
VW,context=Main#main:1,countZ=1218
VW,context=Main#main:1,z=1392
VW,context=Main#main:1,countZ=1219
VW,context=Main#main:1,z=2276
VW,context=Main#main:1,countZ=1220
VW,context=Main#main:1,z=3003
VW,context=Main#main:1,countZ=1221
VW,context=Main#main:1,z=34
VW,context=Main#main:1,countZ=1222
VW,context=Main#main:1,z=2552
VW,context=Main#main:1,countZ=1223
VW,context=Main#main:1,z=6
VW,context=Main#main:1,countZ=1224
VW,context=Main#main:1,z=818
VW,context=Main#main:1,countZ=1225
VW,context=Main#main:1,z=1104
VW,context=Main#main:1,countZ=1226
VW,context=Main#main:1,z=512
VW,context=Main#main:1,countZ=1227
VW,context=Main#main:1,z=11
VW,context=Main#main:1,countZ=1228
VW,context=Main#main:1,z=458
VW,context=Main#main:1,countZ=1229
VW,context=Main#main:1,z=2024
VW,context=Main#main:1,countZ=1230
VW,context=Main#main:1,z=3022
VW,context=Main#main:1,countZ=1231
VW,context=Main#main:1,z=541
VW,context=Main#main:1,countZ=1232
VW,context=Main#main:1,z=2923
VW,context=Main#main:1,countZ=1233
VW,context=Main#main:1,z=2669
VW,context=Main#main:1,countZ=1234
VW,context=Main#main:1,z=332
VW,context=Main#main:1,countZ=1235
VW,context=Main#main:1,z=471
VW,context=Main#main:1,countZ=1236
VW,context=Main#main:1,z=1713
VW,context=Main#main:1,countZ=1237
VW,context=Main#main:1,z=2289
VW,context=Main#main:1,countZ=1238
VW,context=Main#main:1,z=2692
VW,context=Main#main:1,countZ=1239
VW,context=Main#main:1,z=2426
VW,context=Main#main:1,countZ=1240
VW,context=Main#main:1,z=1578
VW,context=Main#main:1,countZ=1241
VW,context=Main#main:1,z=2634
VW,context=Main#main:1,countZ=1242
VW,context=Main#main:1,z=2852
VW,context=Main#main:1,countZ=1243
VW,context=Main#main:1,z=281
VW,context=Main#main:1,countZ=1244
VW,context=Main#main:1,z=2893
VW,context=Main#main:1,countZ=1245
VW,context=Main#main:1,z=1704
VW,context=Main#main:1,countZ=1246
VW,context=Main#main:1,z=1062
VW,context=Main#main:1,countZ=1247
VW,context=Main#main:1,z=1036
VW,context=Main#main:1,countZ=1248
VW,context=Main#main:1,z=1658
VW,context=Main#main:1,countZ=1249
VW,context=Main#main:1,z=3124
VW,context=Main#main:1,countZ=1250
VW,context=Main#main:1,z=1947
VW,context=Main#main:1,countZ=1251
VW,context=Main#main:1,z=2941
VW,context=Main#main:1,countZ=1252
VW,context=Main#main:1,z=1998
VW,context=Main#main:1,countZ=1253
VW,context=Main#main:1,z=519
VW,context=Main#main:1,countZ=1254
VW,context=Main#main:1,z=2007
VW,context=Main#main:1,countZ=1255
VW,context=Main#main:1,z=1746
VW,context=Main#main:1,countZ=1256
VW,context=Main#main:1,z=538
VW,context=Main#main:1,countZ=1257
VW,context=Main#main:1,z=2514
VW,context=Main#main:1,countZ=1258
VW,context=Main#main:1,z=2117
VW,context=Main#main:1,countZ=1259
VW,context=Main#main:1,z=76
VW,context=Main#main:1,countZ=1260
VW,context=Main#main:1,z=2028
VW,context=Main#main:1,countZ=1261
VW,context=Main#main:1,z=1484
VW,context=Main#main:1,countZ=1262
VW,context=Main#main:1,z=1277
VW,context=Main#main:1,countZ=1263
VW,context=Main#main:1,z=1181
VW,context=Main#main:1,countZ=1264
VW,context=Main#main:1,z=593
VW,context=Main#main:1,countZ=1265
VW,context=Main#main:1,z=1679
VW,context=Main#main:1,countZ=1266
VW,context=Main#main:1,z=2862
VW,context=Main#main:1,countZ=1267
VW,context=Main#main:1,z=2686
VW,context=Main#main:1,countZ=1268
VW,context=Main#main:1,z=1608
VW,context=Main#main:1,countZ=1269
VW,context=Main#main:1,z=474
VW,context=Main#main:1,countZ=1270
VW,context=Main#main:1,z=2122
VW,context=Main#main:1,countZ=1271
VW,context=Main#main:1,z=2841
VW,context=Main#main:1,countZ=1272
VW,context=Main#main:1,z=2948
VW,context=Main#main:1,countZ=1273
VW,context=Main#main:1,z=869
VW,context=Main#main:1,countZ=1274
VW,context=Main#main:1,z=1807
VW,context=Main#main:1,countZ=1275
VW,context=Main#main:1,z=521
VW,context=Main#main:1,countZ=1276
VW,context=Main#main:1,z=1238
VW,context=Main#main:1,countZ=1277
VW,context=Main#main:1,z=2114
VW,context=Main#main:1,countZ=1278
VW,context=Main#main:1,z=2792
VW,context=Main#main:1,countZ=1279
VW,context=Main#main:1,z=1476
VW,context=Main#main:1,countZ=1280
VW,context=Main#main:1,z=1228
VW,context=Main#main:1,countZ=1281
VW,context=Main#main:1,z=2834
VW,context=Main#main:1,countZ=1282
VW,context=Main#main:1,z=952
VW,context=Main#main:1,countZ=1283
VW,context=Main#main:1,z=2706
VW,context=Main#main:1,countZ=1284
VW,context=Main#main:1,z=168
VW,context=Main#main:1,countZ=1285
VW,context=Main#main:1,z=1029
VW,context=Main#main:1,countZ=1286
VW,context=Main#main:1,z=2787
VW,context=Main#main:1,countZ=1287
VW,context=Main#main:1,z=1836
VW,context=Main#main:1,countZ=1288
VW,context=Main#main:1,z=308
VW,context=Main#main:1,countZ=1289
VW,context=Main#main:1,z=324
VW,context=Main#main:1,countZ=1290
VW,context=Main#main:1,z=422
VW,context=Main#main:1,countZ=1291
VW,context=Main#main:1,z=241
VW,context=Main#main:1,countZ=1292
VW,context=Main#main:1,z=2648
VW,context=Main#main:1,countZ=1293
VW,context=Main#main:1,z=594
VW,context=Main#main:1,countZ=1294
VW,context=Main#main:1,z=2857
VW,context=Main#main:1,countZ=1295
VW,context=Main#main:1,z=3046
VW,context=Main#main:1,countZ=1296
VW,context=Main#main:1,z=688
VW,context=Main#main:1,countZ=1297
VW,context=Main#main:1,z=1089
VW,context=Main#main:1,countZ=1298
VW,context=Main#main:1,z=1592
VW,context=Main#main:1,countZ=1299
VW,context=Main#main:1,z=376
VW,context=Main#main:1,countZ=1300
VW,context=Main#main:1,z=2303
VW,context=Main#main:1,countZ=1301
VW,context=Main#main:1,z=434
VW,context=Main#main:1,countZ=1302
VW,context=Main#main:1,z=1877
VW,context=Main#main:1,countZ=1303
VW,context=Main#main:1,z=1731
VW,context=Main#main:1,countZ=1304
VW,context=Main#main:1,z=1618
VW,context=Main#main:1,countZ=1305
VW,context=Main#main:1,z=2879
VW,context=Main#main:1,countZ=1306
VW,context=Main#main:1,z=837
VW,context=Main#main:1,countZ=1307
VW,context=Main#main:1,z=1611
VW,context=Main#main:1,countZ=1308
VW,context=Main#main:1,z=883
VW,context=Main#main:1,countZ=1309
VW,context=Main#main:1,z=2674
VW,context=Main#main:1,countZ=1310
VW,context=Main#main:1,z=3097
VW,context=Main#main:1,countZ=1311
VW,context=Main#main:1,z=1391
VW,context=Main#main:1,countZ=1312
VW,context=Main#main:1,z=1098
VW,context=Main#main:1,countZ=1313
VW,context=Main#main:1,z=2819
VW,context=Main#main:1,countZ=1314
VW,context=Main#main:1,z=2032
VW,context=Main#main:1,countZ=1315
VW,context=Main#main:1,z=3071
VW,context=Main#main:1,countZ=1316
VW,context=Main#main:1,z=2013
VW,context=Main#main:1,countZ=1317
VW,context=Main#main:1,z=2564
VW,context=Main#main:1,countZ=1318
VW,context=Main#main:1,z=1642
VW,context=Main#main:1,countZ=1319
VW,context=Main#main:1,z=3026
VW,context=Main#main:1,countZ=1320
VW,context=Main#main:1,z=2128
VW,context=Main#main:1,countZ=1321
VW,context=Main#main:1,z=534
VW,context=Main#main:1,countZ=1322
VW,context=Main#main:1,z=927
VW,context=Main#main:1,countZ=1323
VW,context=Main#main:1,z=1381
VW,context=Main#main:1,countZ=1324
VW,context=Main#main:1,z=1818
VW,context=Main#main:1,countZ=1325
VW,context=Main#main:1,z=979
VW,context=Main#main:1,countZ=1326
VW,context=Main#main:1,z=137
VW,context=Main#main:1,countZ=1327
VW,context=Main#main:1,z=2011
VW,context=Main#main:1,countZ=1328
VW,context=Main#main:1,z=208
VW,context=Main#main:1,countZ=1329
VW,context=Main#main:1,z=1274
VW,context=Main#main:1,countZ=1330
VW,context=Main#main:1,z=772
VW,context=Main#main:1,countZ=1331
VW,context=Main#main:1,z=41
VW,context=Main#main:1,countZ=1332
VW,context=Main#main:1,z=1423
VW,context=Main#main:1,countZ=1333
VW,context=Main#main:1,z=1294
VW,context=Main#main:1,countZ=1334
VW,context=Main#main:1,z=2457
VW,context=Main#main:1,countZ=1335
VW,context=Main#main:1,z=596
VW,context=Main#main:1,countZ=1336
VW,context=Main#main:1,z=2088
VW,context=Main#main:1,countZ=1337
VW,context=Main#main:1,z=289
VW,context=Main#main:1,countZ=1338
VW,context=Main#main:1,z=2942
VW,context=Main#main:1,countZ=1339
VW,context=Main#main:1,z=51
VW,context=Main#main:1,countZ=1340
VW,context=Main#main:1,z=703
VW,context=Main#main:1,countZ=1341
VW,context=Main#main:1,z=9
VW,context=Main#main:1,countZ=1342
VW,context=Main#main:1,z=1227
VW,context=Main#main:1,countZ=1343
VW,context=Main#main:1,z=1656
VW,context=Main#main:1,countZ=1344
VW,context=Main#main:1,z=768
VW,context=Main#main:1,countZ=1345
VW,context=Main#main:1,z=1579
VW,context=Main#main:1,countZ=1346
VW,context=Main#main:1,z=687
VW,context=Main#main:1,countZ=1347
VW,context=Main#main:1,z=3036
VW,context=Main#main:1,countZ=1348
VW,context=Main#main:1,z=1408
VW,context=Main#main:1,countZ=1349
VW,context=Main#main:1,z=2374
VW,context=Main#main:1,countZ=1350
VW,context=Main#main:1,z=2822
VW,context=Main#main:1,countZ=1351
VW,context=Main#main:1,z=2441
VW,context=Main#main:1,countZ=1352
VW,context=Main#main:1,z=498
VW,context=Main#main:1,countZ=1353
VW,context=Main#main:1,z=2269
VW,context=Main#main:1,countZ=1354
VW,context=Main#main:1,z=1007
VW,context=Main#main:1,countZ=1355
VW,context=Main#main:1,z=1871
VW,context=Main#main:1,countZ=1356
VW,context=Main#main:1,z=913
VW,context=Main#main:1,countZ=1357
VW,context=Main#main:1,z=514
VW,context=Main#main:1,countZ=1358
VW,context=Main#main:1,z=2367
VW,context=Main#main:1,countZ=1359
VW,context=Main#main:1,z=826
VW,context=Main#main:1,countZ=1360
VW,context=Main#main:1,z=1153
VW,context=Main#main:1,countZ=1361
VW,context=Main#main:1,z=1984
VW,context=Main#main:1,countZ=1362
VW,context=Main#main:1,z=2777
VW,context=Main#main:1,countZ=1363
VW,context=Main#main:1,z=2556
VW,context=Main#main:1,countZ=1364
VW,context=Main#main:1,z=1593
VW,context=Main#main:1,countZ=1365
VW,context=Main#main:1,z=1554
VW,context=Main#main:1,countZ=1366
VW,context=Main#main:1,z=2487
VW,context=Main#main:1,countZ=1367
VW,context=Main#main:1,z=1561
VW,context=Main#main:1,countZ=1368
VW,context=Main#main:1,z=1358
VW,context=Main#main:1,countZ=1369
VW,context=Main#main:1,z=2849
VW,context=Main#main:1,countZ=1370
VW,context=Main#main:1,z=2997
VW,context=Main#main:1,countZ=1371
VW,context=Main#main:1,z=2341
VW,context=Main#main:1,countZ=1372
VW,context=Main#main:1,z=1448
VW,context=Main#main:1,countZ=1373
VW,context=Main#main:1,z=2619
VW,context=Main#main:1,countZ=1374
VW,context=Main#main:1,z=807
VW,context=Main#main:1,countZ=1375
VW,context=Main#main:1,z=646
VW,context=Main#main:1,countZ=1376
VW,context=Main#main:1,z=1613
VW,context=Main#main:1,countZ=1377
VW,context=Main#main:1,z=114
VW,context=Main#main:1,countZ=1378
VW,context=Main#main:1,z=3042
VW,context=Main#main:1,countZ=1379
VW,context=Main#main:1,z=2226
VW,context=Main#main:1,countZ=1380
VW,context=Main#main:1,z=353
VW,context=Main#main:1,countZ=1381
VW,context=Main#main:1,z=209
VW,context=Main#main:1,countZ=1382
VW,context=Main#main:1,z=2452
VW,context=Main#main:1,countZ=1383
VW,context=Main#main:1,z=956
VW,context=Main#main:1,countZ=1384
VW,context=Main#main:1,z=1168
VW,context=Main#main:1,countZ=1385
VW,context=Main#main:1,z=904
VW,context=Main#main:1,countZ=1386
VW,context=Main#main:1,z=2412
VW,context=Main#main:1,countZ=1387
VW,context=Main#main:1,z=711
VW,context=Main#main:1,countZ=1388
VW,context=Main#main:1,z=58
VW,context=Main#main:1,countZ=1389
VW,context=Main#main:1,z=2699
VW,context=Main#main:1,countZ=1390
VW,context=Main#main:1,z=1297
VW,context=Main#main:1,countZ=1391
VW,context=Main#main:1,z=2866
VW,context=Main#main:1,countZ=1392
VW,context=Main#main:1,z=1148
VW,context=Main#main:1,countZ=1393
VW,context=Main#main:1,z=2344
VW,context=Main#main:1,countZ=1394
VW,context=Main#main:1,z=1857
VW,context=Main#main:1,countZ=1395
VW,context=Main#main:1,z=46
VW,context=Main#main:1,countZ=1396
VW,context=Main#main:1,z=1063
VW,context=Main#main:1,countZ=1397
VW,context=Main#main:1,z=2214
VW,context=Main#main:1,countZ=1398
VW,context=Main#main:1,z=1842
VW,context=Main#main:1,countZ=1399
VW,context=Main#main:1,z=1126
VW,context=Main#main:1,countZ=1400
VW,context=Main#main:1,z=1428
VW,context=Main#main:1,countZ=1401
VW,context=Main#main:1,z=934
VW,context=Main#main:1,countZ=1402
VW,context=Main#main:1,z=252
VW,context=Main#main:1,countZ=1403
VW,context=Main#main:1,z=3106
VW,context=Main#main:1,countZ=1404
VW,context=Main#main:1,z=2618
VW,context=Main#main:1,countZ=1405
VW,context=Main#main:1,z=2754
VW,context=Main#main:1,countZ=1406
VW,context=Main#main:1,z=462
VW,context=Main#main:1,countZ=1407
VW,context=Main#main:1,z=486
VW,context=Main#main:1,countZ=1408
VW,context=Main#main:1,z=633
VW,context=Main#main:1,countZ=1409
VW,context=Main#main:1,z=1924
VW,context=Main#main:1,countZ=1410
VW,context=Main#main:1,z=847
VW,context=Main#main:1,countZ=1411
VW,context=Main#main:1,z=891
VW,context=Main#main:1,countZ=1412
VW,context=Main#main:1,z=2723
VW,context=Main#main:1,countZ=1413
VW,context=Main#main:1,z=1444
VW,context=Main#main:1,countZ=1414
VW,context=Main#main:1,z=1032
VW,context=Main#main:1,countZ=1415
VW,context=Main#main:1,z=71
VW,context=Main#main:1,countZ=1416
VW,context=Main#main:1,z=2388
VW,context=Main#main:1,countZ=1417
VW,context=Main#main:1,z=564
VW,context=Main#main:1,countZ=1418
VW,context=Main#main:1,z=1892
VW,context=Main#main:1,countZ=1419
VW,context=Main#main:1,z=651
VW,context=Main#main:1,countZ=1420
VW,context=Main#main:1,z=1253
VW,context=Main#main:1,countZ=1421
VW,context=Main#main:1,z=1034
VW,context=Main#main:1,countZ=1422
VW,context=Main#main:1,z=2427
VW,context=Main#main:1,countZ=1423
VW,context=Main#main:1,z=2756
VW,context=Main#main:1,countZ=1424
VW,context=Main#main:1,z=2818
VW,context=Main#main:1,countZ=1425
VW,context=Main#main:1,z=854
VW,context=Main#main:1,countZ=1426
VW,context=Main#main:1,z=2887
VW,context=Main#main:1,countZ=1427
VW,context=Main#main:1,z=886
VW,context=Main#main:1,countZ=1428
VW,context=Main#main:1,z=3083
VW,context=Main#main:1,countZ=1429
VW,context=Main#main:1,z=524
VW,context=Main#main:1,countZ=1430
VW,context=Main#main:1,z=1647
VW,context=Main#main:1,countZ=1431
VW,context=Main#main:1,z=2666
VW,context=Main#main:1,countZ=1432
VW,context=Main#main:1,z=3048
VW,context=Main#main:1,countZ=1433
VW,context=Main#main:1,z=3044
VW,context=Main#main:1,countZ=1434
VW,context=Main#main:1,z=1457
VW,context=Main#main:1,countZ=1435
VW,context=Main#main:1,z=721
VW,context=Main#main:1,countZ=1436
VW,context=Main#main:1,z=2463
VW,context=Main#main:1,countZ=1437
VW,context=Main#main:1,z=1414
VW,context=Main#main:1,countZ=1438
VW,context=Main#main:1,z=67
VW,context=Main#main:1,countZ=1439
VW,context=Main#main:1,z=801
VW,context=Main#main:1,countZ=1440
VW,context=Main#main:1,z=2953
VW,context=Main#main:1,countZ=1441
VW,context=Main#main:1,z=509
VW,context=Main#main:1,countZ=1442
VW,context=Main#main:1,z=2727
VW,context=Main#main:1,countZ=1443
VW,context=Main#main:1,z=3031
VW,context=Main#main:1,countZ=1444
VW,context=Main#main:1,z=1768
VW,context=Main#main:1,countZ=1445
VW,context=Main#main:1,z=1454
VW,context=Main#main:1,countZ=1446
VW,context=Main#main:1,z=312
VW,context=Main#main:1,countZ=1447
VW,context=Main#main:1,z=1911
VW,context=Main#main:1,countZ=1448
VW,context=Main#main:1,z=1158
VW,context=Main#main:1,countZ=1449
VW,context=Main#main:1,z=1624
VW,context=Main#main:1,countZ=1450
VW,context=Main#main:1,z=572
VW,context=Main#main:1,countZ=1451
VW,context=Main#main:1,z=1941
VW,context=Main#main:1,countZ=1452
VW,context=Main#main:1,z=2123
VW,context=Main#main:1,countZ=1453
VW,context=Main#main:1,z=894
VW,context=Main#main:1,countZ=1454
VW,context=Main#main:1,z=7
VW,context=Main#main:1,countZ=1455
VW,context=Main#main:1,z=1996
VW,context=Main#main:1,countZ=1456
VW,context=Main#main:1,z=1288
VW,context=Main#main:1,countZ=1457
VW,context=Main#main:1,z=1639
VW,context=Main#main:1,countZ=1458
VW,context=Main#main:1,z=2617
VW,context=Main#main:1,countZ=1459
VW,context=Main#main:1,z=1576
VW,context=Main#main:1,countZ=1460
VW,context=Main#main:1,z=278
VW,context=Main#main:1,countZ=1461
VW,context=Main#main:1,z=2484
VW,context=Main#main:1,countZ=1462
VW,context=Main#main:1,z=1152
VW,context=Main#main:1,countZ=1463
VW,context=Main#main:1,z=806
VW,context=Main#main:1,countZ=1464
VW,context=Main#main:1,z=2593
VW,context=Main#main:1,countZ=1465
VW,context=Main#main:1,z=1429
VW,context=Main#main:1,countZ=1466
VW,context=Main#main:1,z=2112
VW,context=Main#main:1,countZ=1467
VW,context=Main#main:1,z=436
VW,context=Main#main:1,countZ=1468
VW,context=Main#main:1,z=1108
VW,context=Main#main:1,countZ=1469
VW,context=Main#main:1,z=2099
VW,context=Main#main:1,countZ=1470
VW,context=Main#main:1,z=747
VW,context=Main#main:1,countZ=1471
VW,context=Main#main:1,z=1841
VW,context=Main#main:1,countZ=1472
VW,context=Main#main:1,z=3073
VW,context=Main#main:1,countZ=1473
VW,context=Main#main:1,z=1244
VW,context=Main#main:1,countZ=1474
VW,context=Main#main:1,z=2932
VW,context=Main#main:1,countZ=1475
VW,context=Main#main:1,z=771
VW,context=Main#main:1,countZ=1476
VW,context=Main#main:1,z=1988
VW,context=Main#main:1,countZ=1477
VW,context=Main#main:1,z=1239
VW,context=Main#main:1,countZ=1478
VW,context=Main#main:1,z=167
VW,context=Main#main:1,countZ=1479
VW,context=Main#main:1,z=2976
VW,context=Main#main:1,countZ=1480
VW,context=Main#main:1,z=2603
VW,context=Main#main:1,countZ=1481
VW,context=Main#main:1,z=709
VW,context=Main#main:1,countZ=1482
VW,context=Main#main:1,z=827
VW,context=Main#main:1,countZ=1483
VW,context=Main#main:1,z=2331
VW,context=Main#main:1,countZ=1484
VW,context=Main#main:1,z=2168
VW,context=Main#main:1,countZ=1485
VW,context=Main#main:1,z=779
VW,context=Main#main:1,countZ=1486
VW,context=Main#main:1,z=2037
VW,context=Main#main:1,countZ=1487
VW,context=Main#main:1,z=2711
VW,context=Main#main:1,countZ=1488
VW,context=Main#main:1,z=2933
VW,context=Main#main:1,countZ=1489
VW,context=Main#main:1,z=1949
VW,context=Main#main:1,countZ=1490
VW,context=Main#main:1,z=2172
VW,context=Main#main:1,countZ=1491
VW,context=Main#main:1,z=2366
VW,context=Main#main:1,countZ=1492
VW,context=Main#main:1,z=2773
VW,context=Main#main:1,countZ=1493
VW,context=Main#main:1,z=969
VW,context=Main#main:1,countZ=1494
VW,context=Main#main:1,z=857
VW,context=Main#main:1,countZ=1495
VW,context=Main#main:1,z=171
VW,context=Main#main:1,countZ=1496
VW,context=Main#main:1,z=1438
VW,context=Main#main:1,countZ=1497
VW,context=Main#main:1,z=214
VW,context=Main#main:1,countZ=1498
VW,context=Main#main:1,z=2092
VW,context=Main#main:1,countZ=1499
VW,context=Main#main:1,z=1876
VW,context=Main#main:1,countZ=1500
VW,context=Main#main:1,z=553
VW,context=Main#main:1,countZ=1501
VW,context=Main#main:1,z=1434
VW,context=Main#main:1,countZ=1502
VW,context=Main#main:1,z=1752
VW,context=Main#main:1,countZ=1503
VW,context=Main#main:1,z=1356
VW,context=Main#main:1,countZ=1504
VW,context=Main#main:1,z=493
VW,context=Main#main:1,countZ=1505
VW,context=Main#main:1,z=2629
VW,context=Main#main:1,countZ=1506
VW,context=Main#main:1,z=87
VW,context=Main#main:1,countZ=1507
VW,context=Main#main:1,z=2486
VW,context=Main#main:1,countZ=1508
VW,context=Main#main:1,z=383
VW,context=Main#main:1,countZ=1509
VW,context=Main#main:1,z=1174
VW,context=Main#main:1,countZ=1510
VW,context=Main#main:1,z=1722
VW,context=Main#main:1,countZ=1511
VW,context=Main#main:1,z=391
VW,context=Main#main:1,countZ=1512
VW,context=Main#main:1,z=1223
VW,context=Main#main:1,countZ=1513
VW,context=Main#main:1,z=69
VW,context=Main#main:1,countZ=1514
VW,context=Main#main:1,z=32
VW,context=Main#main:1,countZ=1515
VW,context=Main#main:1,z=196
VW,context=Main#main:1,countZ=1516
VW,context=Main#main:1,z=2763
VW,context=Main#main:1,countZ=1517
VW,context=Main#main:1,z=1689
VW,context=Main#main:1,countZ=1518
VW,context=Main#main:1,z=2142
VW,context=Main#main:1,countZ=1519
VW,context=Main#main:1,z=1401
VW,context=Main#main:1,countZ=1520
VW,context=Main#main:1,z=378
VW,context=Main#main:1,countZ=1521
VW,context=Main#main:1,z=1534
VW,context=Main#main:1,countZ=1522
VW,context=Main#main:1,z=802
VW,context=Main#main:1,countZ=1523
VW,context=Main#main:1,z=1006
VW,context=Main#main:1,countZ=1524
VW,context=Main#main:1,z=693
VW,context=Main#main:1,countZ=1525
VW,context=Main#main:1,z=729
VW,context=Main#main:1,countZ=1526
VW,context=Main#main:1,z=2512
VW,context=Main#main:1,countZ=1527
VW,context=Main#main:1,z=2886
VW,context=Main#main:1,countZ=1528
VW,context=Main#main:1,z=2833
VW,context=Main#main:1,countZ=1529
VW,context=Main#main:1,z=2899
VW,context=Main#main:1,countZ=1530
VW,context=Main#main:1,z=2522
VW,context=Main#main:1,countZ=1531
VW,context=Main#main:1,z=2166
VW,context=Main#main:1,countZ=1532
VW,context=Main#main:1,z=1548
VW,context=Main#main:1,countZ=1533
VW,context=Main#main:1,z=1669
VW,context=Main#main:1,countZ=1534
VW,context=Main#main:1,z=457
VW,context=Main#main:1,countZ=1535
VW,context=Main#main:1,z=846
VW,context=Main#main:1,countZ=1536
VW,context=Main#main:1,z=2838
VW,context=Main#main:1,countZ=1537
VW,context=Main#main:1,z=2539
VW,context=Main#main:1,countZ=1538
VW,context=Main#main:1,z=317
VW,context=Main#main:1,countZ=1539
VW,context=Main#main:1,z=1551
VW,context=Main#main:1,countZ=1540
VW,context=Main#main:1,z=2078
VW,context=Main#main:1,countZ=1541
VW,context=Main#main:1,z=1009
VW,context=Main#main:1,countZ=1542
VW,context=Main#main:1,z=1102
VW,context=Main#main:1,countZ=1543
VW,context=Main#main:1,z=1281
VW,context=Main#main:1,countZ=1544
VW,context=Main#main:1,z=2768
VW,context=Main#main:1,countZ=1545
VW,context=Main#main:1,z=1329
VW,context=Main#main:1,countZ=1546
VW,context=Main#main:1,z=3062
VW,context=Main#main:1,countZ=1547
VW,context=Main#main:1,z=786
VW,context=Main#main:1,countZ=1548
VW,context=Main#main:1,z=908
VW,context=Main#main:1,countZ=1549
VW,context=Main#main:1,z=874
VW,context=Main#main:1,countZ=1550
VW,context=Main#main:1,z=1447
VW,context=Main#main:1,countZ=1551
VW,context=Main#main:1,z=1441
VW,context=Main#main:1,countZ=1552
VW,context=Main#main:1,z=623
VW,context=Main#main:1,countZ=1553
VW,context=Main#main:1,z=2644
VW,context=Main#main:1,countZ=1554
VW,context=Main#main:1,z=2132
VW,context=Main#main:1,countZ=1555
VW,context=Main#main:1,z=2121
VW,context=Main#main:1,countZ=1556
VW,context=Main#main:1,z=1663
VW,context=Main#main:1,countZ=1557
VW,context=Main#main:1,z=2764
VW,context=Main#main:1,countZ=1558
VW,context=Main#main:1,z=2867
VW,context=Main#main:1,countZ=1559
VW,context=Main#main:1,z=2326
VW,context=Main#main:1,countZ=1560
VW,context=Main#main:1,z=2528
VW,context=Main#main:1,countZ=1561
VW,context=Main#main:1,z=2984
VW,context=Main#main:1,countZ=1562
VW,context=Main#main:1,z=2652
VW,context=Main#main:1,countZ=1563
VW,context=Main#main:1,z=2181
VW,context=Main#main:1,countZ=1564
VW,context=Main#main:1,z=468
VW,context=Main#main:1,countZ=1565
VW,context=Main#main:1,z=1304
VW,context=Main#main:1,countZ=1566
VW,context=Main#main:1,z=1737
VW,context=Main#main:1,countZ=1567
VW,context=Main#main:1,z=2436
VW,context=Main#main:1,countZ=1568
VW,context=Main#main:1,z=858
VW,context=Main#main:1,countZ=1569
VW,context=Main#main:1,z=1349
VW,context=Main#main:1,countZ=1570
VW,context=Main#main:1,z=1622
VW,context=Main#main:1,countZ=1571
VW,context=Main#main:1,z=1341
VW,context=Main#main:1,countZ=1572
VW,context=Main#main:1,z=1573
VW,context=Main#main:1,countZ=1573
VW,context=Main#main:1,z=2994
VW,context=Main#main:1,countZ=1574
VW,context=Main#main:1,z=1932
VW,context=Main#main:1,countZ=1575
VW,context=Main#main:1,z=896
VW,context=Main#main:1,countZ=1576
VW,context=Main#main:1,z=2363
VW,context=Main#main:1,countZ=1577
VW,context=Main#main:1,z=2364
VW,context=Main#main:1,countZ=1578
VW,context=Main#main:1,z=417
VW,context=Main#main:1,countZ=1579
VW,context=Main#main:1,z=601
VW,context=Main#main:1,countZ=1580
VW,context=Main#main:1,z=1728
VW,context=Main#main:1,countZ=1581
VW,context=Main#main:1,z=1209
VW,context=Main#main:1,countZ=1582
VW,context=Main#main:1,z=2327
VW,context=Main#main:1,countZ=1583
VW,context=Main#main:1,z=581
VW,context=Main#main:1,countZ=1584
VW,context=Main#main:1,z=43
VW,context=Main#main:1,countZ=1585
VW,context=Main#main:1,z=654
VW,context=Main#main:1,countZ=1586
VW,context=Main#main:1,z=1662
VW,context=Main#main:1,countZ=1587
VW,context=Main#main:1,z=1586
VW,context=Main#main:1,countZ=1588
VW,context=Main#main:1,z=2683
VW,context=Main#main:1,countZ=1589
VW,context=Main#main:1,z=1199
VW,context=Main#main:1,countZ=1590
VW,context=Main#main:1,z=3047
VW,context=Main#main:1,countZ=1591
VW,context=Main#main:1,z=1866
VW,context=Main#main:1,countZ=1592
VW,context=Main#main:1,z=1273
VW,context=Main#main:1,countZ=1593
VW,context=Main#main:1,z=2719
VW,context=Main#main:1,countZ=1594
VW,context=Main#main:1,z=2982
VW,context=Main#main:1,countZ=1595
VW,context=Main#main:1,z=296
VW,context=Main#main:1,countZ=1596
VW,context=Main#main:1,z=1813
VW,context=Main#main:1,countZ=1597
VW,context=Main#main:1,z=1339
VW,context=Main#main:1,countZ=1598
VW,context=Main#main:1,z=2342
VW,context=Main#main:1,countZ=1599
VW,context=Main#main:1,z=2626
VW,context=Main#main:1,countZ=1600
VW,context=Main#main:1,z=2803
VW,context=Main#main:1,countZ=1601
VW,context=Main#main:1,z=1934
VW,context=Main#main:1,countZ=1602
VW,context=Main#main:1,z=127
VW,context=Main#main:1,countZ=1603
VW,context=Main#main:1,z=2731
VW,context=Main#main:1,countZ=1604
VW,context=Main#main:1,z=1493
VW,context=Main#main:1,countZ=1605
VW,context=Main#main:1,z=2504
VW,context=Main#main:1,countZ=1606
VW,context=Main#main:1,z=2837
VW,context=Main#main:1,countZ=1607
VW,context=Main#main:1,z=1361
VW,context=Main#main:1,countZ=1608
VW,context=Main#main:1,z=133
VW,context=Main#main:1,countZ=1609
VW,context=Main#main:1,z=424
VW,context=Main#main:1,countZ=1610
VW,context=Main#main:1,z=2597
VW,context=Main#main:1,countZ=1611
VW,context=Main#main:1,z=3016
VW,context=Main#main:1,countZ=1612
VW,context=Main#main:1,z=2848
VW,context=Main#main:1,countZ=1613
VW,context=Main#main:1,z=1819
VW,context=Main#main:1,countZ=1614
VW,context=Main#main:1,z=2157
VW,context=Main#main:1,countZ=1615
VW,context=Main#main:1,z=321
VW,context=Main#main:1,countZ=1616
VW,context=Main#main:1,z=13
VW,context=Main#main:1,countZ=1617
VW,context=Main#main:1,z=2814
VW,context=Main#main:1,countZ=1618
VW,context=Main#main:1,z=2392
VW,context=Main#main:1,countZ=1619
VW,context=Main#main:1,z=2151
VW,context=Main#main:1,countZ=1620
VW,context=Main#main:1,z=2628
VW,context=Main#main:1,countZ=1621
VW,context=Main#main:1,z=2034
VW,context=Main#main:1,countZ=1622
VW,context=Main#main:1,z=2302
VW,context=Main#main:1,countZ=1623
VW,context=Main#main:1,z=2381
VW,context=Main#main:1,countZ=1624
VW,context=Main#main:1,z=1693
VW,context=Main#main:1,countZ=1625
VW,context=Main#main:1,z=604
VW,context=Main#main:1,countZ=1626
VW,context=Main#main:1,z=2137
VW,context=Main#main:1,countZ=1627
VW,context=Main#main:1,z=1761
VW,context=Main#main:1,countZ=1628
VW,context=Main#main:1,z=2583
VW,context=Main#main:1,countZ=1629
VW,context=Main#main:1,z=2149
VW,context=Main#main:1,countZ=1630
VW,context=Main#main:1,z=272
VW,context=Main#main:1,countZ=1631
VW,context=Main#main:1,z=1666
VW,context=Main#main:1,countZ=1632
VW,context=Main#main:1,z=48
VW,context=Main#main:1,countZ=1633
VW,context=Main#main:1,z=294
VW,context=Main#main:1,countZ=1634
VW,context=Main#main:1,z=2582
VW,context=Main#main:1,countZ=1635
VW,context=Main#main:1,z=971
VW,context=Main#main:1,countZ=1636
VW,context=Main#main:1,z=88
VW,context=Main#main:1,countZ=1637
VW,context=Main#main:1,z=539
VW,context=Main#main:1,countZ=1638
VW,context=Main#main:1,z=567
VW,context=Main#main:1,countZ=1639
VW,context=Main#main:1,z=2301
VW,context=Main#main:1,countZ=1640
VW,context=Main#main:1,z=1203
VW,context=Main#main:1,countZ=1641
VW,context=Main#main:1,z=1509
VW,context=Main#main:1,countZ=1642
VW,context=Main#main:1,z=2602
VW,context=Main#main:1,countZ=1643
VW,context=Main#main:1,z=2656
VW,context=Main#main:1,countZ=1644
VW,context=Main#main:1,z=643
VW,context=Main#main:1,countZ=1645
VW,context=Main#main:1,z=1204
VW,context=Main#main:1,countZ=1646
VW,context=Main#main:1,z=2687
VW,context=Main#main:1,countZ=1647
VW,context=Main#main:1,z=2786
VW,context=Main#main:1,countZ=1648
VW,context=Main#main:1,z=658
VW,context=Main#main:1,countZ=1649
VW,context=Main#main:1,z=124
VW,context=Main#main:1,countZ=1650
VW,context=Main#main:1,z=2322
VW,context=Main#main:1,countZ=1651
VW,context=Main#main:1,z=941
VW,context=Main#main:1,countZ=1652
VW,context=Main#main:1,z=2248
VW,context=Main#main:1,countZ=1653
VW,context=Main#main:1,z=1269
VW,context=Main#main:1,countZ=1654
VW,context=Main#main:1,z=1132
VW,context=Main#main:1,countZ=1655
VW,context=Main#main:1,z=2246
VW,context=Main#main:1,countZ=1656
VW,context=Main#main:1,z=2038
VW,context=Main#main:1,countZ=1657
VW,context=Main#main:1,z=764
VW,context=Main#main:1,countZ=1658
VW,context=Main#main:1,z=3117
VW,context=Main#main:1,countZ=1659
VW,context=Main#main:1,z=3076
VW,context=Main#main:1,countZ=1660
VW,context=Main#main:1,z=1653
VW,context=Main#main:1,countZ=1661
VW,context=Main#main:1,z=359
VW,context=Main#main:1,countZ=1662
VW,context=Main#main:1,z=1027
VW,context=Main#main:1,countZ=1663
VW,context=Main#main:1,z=431
VW,context=Main#main:1,countZ=1664
VW,context=Main#main:1,z=1468
VW,context=Main#main:1,countZ=1665
VW,context=Main#main:1,z=1179
VW,context=Main#main:1,countZ=1666
VW,context=Main#main:1,z=1362
VW,context=Main#main:1,countZ=1667
VW,context=Main#main:1,z=1311
VW,context=Main#main:1,countZ=1668
VW,context=Main#main:1,z=608
VW,context=Main#main:1,countZ=1669
VW,context=Main#main:1,z=599
VW,context=Main#main:1,countZ=1670
VW,context=Main#main:1,z=2497
VW,context=Main#main:1,countZ=1671
VW,context=Main#main:1,z=841
VW,context=Main#main:1,countZ=1672
VW,context=Main#main:1,z=73
VW,context=Main#main:1,countZ=1673
VW,context=Main#main:1,z=1619
VW,context=Main#main:1,countZ=1674
VW,context=Main#main:1,z=932
VW,context=Main#main:1,countZ=1675
VW,context=Main#main:1,z=1021
VW,context=Main#main:1,countZ=1676
VW,context=Main#main:1,z=2738
VW,context=Main#main:1,countZ=1677
VW,context=Main#main:1,z=364
VW,context=Main#main:1,countZ=1678
VW,context=Main#main:1,z=667
VW,context=Main#main:1,countZ=1679
VW,context=Main#main:1,z=1351
VW,context=Main#main:1,countZ=1680
VW,context=Main#main:1,z=853
VW,context=Main#main:1,countZ=1681
VW,context=Main#main:1,z=1709
VW,context=Main#main:1,countZ=1682
VW,context=Main#main:1,z=702
VW,context=Main#main:1,countZ=1683
VW,context=Main#main:1,z=1956
VW,context=Main#main:1,countZ=1684
VW,context=Main#main:1,z=1043
VW,context=Main#main:1,countZ=1685
VW,context=Main#main:1,z=529
VW,context=Main#main:1,countZ=1686
VW,context=Main#main:1,z=1287
VW,context=Main#main:1,countZ=1687
VW,context=Main#main:1,z=461
VW,context=Main#main:1,countZ=1688
VW,context=Main#main:1,z=2433
VW,context=Main#main:1,countZ=1689
VW,context=Main#main:1,z=449
VW,context=Main#main:1,countZ=1690
VW,context=Main#main:1,z=797
VW,context=Main#main:1,countZ=1691
VW,context=Main#main:1,z=1366
VW,context=Main#main:1,countZ=1692
VW,context=Main#main:1,z=2898
VW,context=Main#main:1,countZ=1693
VW,context=Main#main:1,z=1344
VW,context=Main#main:1,countZ=1694
VW,context=Main#main:1,z=1982
VW,context=Main#main:1,countZ=1695
VW,context=Main#main:1,z=421
VW,context=Main#main:1,countZ=1696
VW,context=Main#main:1,z=2188
VW,context=Main#main:1,countZ=1697
VW,context=Main#main:1,z=2464
VW,context=Main#main:1,countZ=1698
VW,context=Main#main:1,z=2592
VW,context=Main#main:1,countZ=1699
VW,context=Main#main:1,z=251
VW,context=Main#main:1,countZ=1700
VW,context=Main#main:1,z=1928
VW,context=Main#main:1,countZ=1701
VW,context=Main#main:1,z=2434
VW,context=Main#main:1,countZ=1702
VW,context=Main#main:1,z=1627
VW,context=Main#main:1,countZ=1703
VW,context=Main#main:1,z=981
VW,context=Main#main:1,countZ=1704
VW,context=Main#main:1,z=2493
VW,context=Main#main:1,countZ=1705
VW,context=Main#main:1,z=2379
VW,context=Main#main:1,countZ=1706
VW,context=Main#main:1,z=2462
VW,context=Main#main:1,countZ=1707
VW,context=Main#main:1,z=236
VW,context=Main#main:1,countZ=1708
VW,context=Main#main:1,z=3008
VW,context=Main#main:1,countZ=1709
VW,context=Main#main:1,z=2799
VW,context=Main#main:1,countZ=1710
VW,context=Main#main:1,z=347
VW,context=Main#main:1,countZ=1711
VW,context=Main#main:1,z=2516
VW,context=Main#main:1,countZ=1712
VW,context=Main#main:1,z=1348
VW,context=Main#main:1,countZ=1713
VW,context=Main#main:1,z=444
VW,context=Main#main:1,countZ=1714
VW,context=Main#main:1,z=1157
VW,context=Main#main:1,countZ=1715
VW,context=Main#main:1,z=446
VW,context=Main#main:1,countZ=1716
VW,context=Main#main:1,z=388
VW,context=Main#main:1,countZ=1717
VW,context=Main#main:1,z=814
VW,context=Main#main:1,countZ=1718
VW,context=Main#main:1,z=2642
VW,context=Main#main:1,countZ=1719
VW,context=Main#main:1,z=2901
VW,context=Main#main:1,countZ=1720
VW,context=Main#main:1,z=1753
VW,context=Main#main:1,countZ=1721
VW,context=Main#main:1,z=2534
VW,context=Main#main:1,countZ=1722
VW,context=Main#main:1,z=677
VW,context=Main#main:1,countZ=1723
VW,context=Main#main:1,z=631
VW,context=Main#main:1,countZ=1724
VW,context=Main#main:1,z=2693
VW,context=Main#main:1,countZ=1725
VW,context=Main#main:1,z=479
VW,context=Main#main:1,countZ=1726
VW,context=Main#main:1,z=1762
VW,context=Main#main:1,countZ=1727
VW,context=Main#main:1,z=636
VW,context=Main#main:1,countZ=1728
VW,context=Main#main:1,z=2333
VW,context=Main#main:1,countZ=1729
VW,context=Main#main:1,z=1399
VW,context=Main#main:1,countZ=1730
VW,context=Main#main:1,z=1147
VW,context=Main#main:1,countZ=1731
VW,context=Main#main:1,z=1166
VW,context=Main#main:1,countZ=1732
VW,context=Main#main:1,z=1673
VW,context=Main#main:1,countZ=1733
VW,context=Main#main:1,z=2044
VW,context=Main#main:1,countZ=1734
VW,context=Main#main:1,z=1582
VW,context=Main#main:1,countZ=1735
VW,context=Main#main:1,z=1096
VW,context=Main#main:1,countZ=1736
VW,context=Main#main:1,z=463
VW,context=Main#main:1,countZ=1737
VW,context=Main#main:1,z=1664
VW,context=Main#main:1,countZ=1738
VW,context=Main#main:1,z=817
VW,context=Main#main:1,countZ=1739
VW,context=Main#main:1,z=3051
VW,context=Main#main:1,countZ=1740
VW,context=Main#main:1,z=328
VW,context=Main#main:1,countZ=1741
VW,context=Main#main:1,z=2009
VW,context=Main#main:1,countZ=1742
VW,context=Main#main:1,z=977
VW,context=Main#main:1,countZ=1743
VW,context=Main#main:1,z=906
VW,context=Main#main:1,countZ=1744
VW,context=Main#main:1,z=1643
VW,context=Main#main:1,countZ=1745
VW,context=Main#main:1,z=1079
VW,context=Main#main:1,countZ=1746
VW,context=Main#main:1,z=2312
VW,context=Main#main:1,countZ=1747
VW,context=Main#main:1,z=1661
VW,context=Main#main:1,countZ=1748
VW,context=Main#main:1,z=408
VW,context=Main#main:1,countZ=1749
VW,context=Main#main:1,z=2499
VW,context=Main#main:1,countZ=1750
VW,context=Main#main:1,z=72
VW,context=Main#main:1,countZ=1751
VW,context=Main#main:1,z=441
VW,context=Main#main:1,countZ=1752
VW,context=Main#main:1,z=748
VW,context=Main#main:1,countZ=1753
VW,context=Main#main:1,z=3019
VW,context=Main#main:1,countZ=1754
VW,context=Main#main:1,z=132
VW,context=Main#main:1,countZ=1755
VW,context=Main#main:1,z=2371
VW,context=Main#main:1,countZ=1756
VW,context=Main#main:1,z=2413
VW,context=Main#main:1,countZ=1757
VW,context=Main#main:1,z=1889
VW,context=Main#main:1,countZ=1758
VW,context=Main#main:1,z=242
VW,context=Main#main:1,countZ=1759
VW,context=Main#main:1,z=701
VW,context=Main#main:1,countZ=1760
VW,context=Main#main:1,z=778
VW,context=Main#main:1,countZ=1761
VW,context=Main#main:1,z=859
VW,context=Main#main:1,countZ=1762
VW,context=Main#main:1,z=2527
VW,context=Main#main:1,countZ=1763
VW,context=Main#main:1,z=1806
VW,context=Main#main:1,countZ=1764
VW,context=Main#main:1,z=2468
VW,context=Main#main:1,countZ=1765
VW,context=Main#main:1,z=1054
VW,context=Main#main:1,countZ=1766
VW,context=Main#main:1,z=987
VW,context=Main#main:1,countZ=1767
VW,context=Main#main:1,z=186
VW,context=Main#main:1,countZ=1768
VW,context=Main#main:1,z=358
VW,context=Main#main:1,countZ=1769
VW,context=Main#main:1,z=2974
VW,context=Main#main:1,countZ=1770
VW,context=Main#main:1,z=247
VW,context=Main#main:1,countZ=1771
VW,context=Main#main:1,z=341
VW,context=Main#main:1,countZ=1772
VW,context=Main#main:1,z=1698
VW,context=Main#main:1,countZ=1773
VW,context=Main#main:1,z=244
VW,context=Main#main:1,countZ=1774
VW,context=Main#main:1,z=3057
VW,context=Main#main:1,countZ=1775
VW,context=Main#main:1,z=1146
VW,context=Main#main:1,countZ=1776
VW,context=Main#main:1,z=3113
VW,context=Main#main:1,countZ=1777
VW,context=Main#main:1,z=1489
VW,context=Main#main:1,countZ=1778
VW,context=Main#main:1,z=917
VW,context=Main#main:1,countZ=1779
VW,context=Main#main:1,z=2101
VW,context=Main#main:1,countZ=1780
VW,context=Main#main:1,z=3103
VW,context=Main#main:1,countZ=1781
VW,context=Main#main:1,z=2209
VW,context=Main#main:1,countZ=1782
VW,context=Main#main:1,z=2202
VW,context=Main#main:1,countZ=1783
VW,context=Main#main:1,z=206
VW,context=Main#main:1,countZ=1784
VW,context=Main#main:1,z=2043
VW,context=Main#main:1,countZ=1785
VW,context=Main#main:1,z=404
VW,context=Main#main:1,countZ=1786
VW,context=Main#main:1,z=912
VW,context=Main#main:1,countZ=1787
VW,context=Main#main:1,z=2461
VW,context=Main#main:1,countZ=1788
VW,context=Main#main:1,z=2183
VW,context=Main#main:1,countZ=1789
VW,context=Main#main:1,z=2824
VW,context=Main#main:1,countZ=1790
VW,context=Main#main:1,z=1672
VW,context=Main#main:1,countZ=1791
VW,context=Main#main:1,z=866
VW,context=Main#main:1,countZ=1792
VW,context=Main#main:1,z=1398
VW,context=Main#main:1,countZ=1793
VW,context=Main#main:1,z=3094
VW,context=Main#main:1,countZ=1794
VW,context=Main#main:1,z=982
VW,context=Main#main:1,countZ=1795
VW,context=Main#main:1,z=546
VW,context=Main#main:1,countZ=1796
VW,context=Main#main:1,z=2563
VW,context=Main#main:1,countZ=1797
VW,context=Main#main:1,z=464
VW,context=Main#main:1,countZ=1798
VW,context=Main#main:1,z=2842
VW,context=Main#main:1,countZ=1799
VW,context=Main#main:1,z=1001
VW,context=Main#main:1,countZ=1800
VW,context=Main#main:1,z=1053
VW,context=Main#main:1,countZ=1801
VW,context=Main#main:1,z=2934
VW,context=Main#main:1,countZ=1802
VW,context=Main#main:1,z=2
VW,context=Main#main:1,countZ=1803
VW,context=Main#main:1,z=2356
VW,context=Main#main:1,countZ=1804
VW,context=Main#main:1,z=368
VW,context=Main#main:1,countZ=1805
VW,context=Main#main:1,z=2254
VW,context=Main#main:1,countZ=1806
VW,context=Main#main:1,z=2087
VW,context=Main#main:1,countZ=1807
VW,context=Main#main:1,z=2236
VW,context=Main#main:1,countZ=1808
VW,context=Main#main:1,z=2758
VW,context=Main#main:1,countZ=1809
VW,context=Main#main:1,z=2049
VW,context=Main#main:1,countZ=1810
VW,context=Main#main:1,z=1222
VW,context=Main#main:1,countZ=1811
VW,context=Main#main:1,z=2016
VW,context=Main#main:1,countZ=1812
VW,context=Main#main:1,z=2973
VW,context=Main#main:1,countZ=1813
VW,context=Main#main:1,z=2194
VW,context=Main#main:1,countZ=1814
VW,context=Main#main:1,z=157
VW,context=Main#main:1,countZ=1815
VW,context=Main#main:1,z=571
VW,context=Main#main:1,countZ=1816
VW,context=Main#main:1,z=763
VW,context=Main#main:1,countZ=1817
VW,context=Main#main:1,z=1939
VW,context=Main#main:1,countZ=1818
VW,context=Main#main:1,z=2892
VW,context=Main#main:1,countZ=1819
VW,context=Main#main:1,z=526
VW,context=Main#main:1,countZ=1820
VW,context=Main#main:1,z=878
VW,context=Main#main:1,countZ=1821
VW,context=Main#main:1,z=3034
VW,context=Main#main:1,countZ=1822
VW,context=Main#main:1,z=2177
VW,context=Main#main:1,countZ=1823
VW,context=Main#main:1,z=2006
VW,context=Main#main:1,countZ=1824
VW,context=Main#main:1,z=568
VW,context=Main#main:1,countZ=1825
VW,context=Main#main:1,z=354
VW,context=Main#main:1,countZ=1826
VW,context=Main#main:1,z=1387
VW,context=Main#main:1,countZ=1827
VW,context=Main#main:1,z=2636
VW,context=Main#main:1,countZ=1828
VW,context=Main#main:1,z=2083
VW,context=Main#main:1,countZ=1829
VW,context=Main#main:1,z=649
VW,context=Main#main:1,countZ=1830
VW,context=Main#main:1,z=2022
VW,context=Main#main:1,countZ=1831
VW,context=Main#main:1,z=666
VW,context=Main#main:1,countZ=1832
VW,context=Main#main:1,z=173
VW,context=Main#main:1,countZ=1833
VW,context=Main#main:1,z=669
VW,context=Main#main:1,countZ=1834
VW,context=Main#main:1,z=582
VW,context=Main#main:1,countZ=1835
VW,context=Main#main:1,z=1221
VW,context=Main#main:1,countZ=1836
VW,context=Main#main:1,z=838
VW,context=Main#main:1,countZ=1837
VW,context=Main#main:1,z=2789
VW,context=Main#main:1,countZ=1838
VW,context=Main#main:1,z=1067
VW,context=Main#main:1,countZ=1839
VW,context=Main#main:1,z=676
VW,context=Main#main:1,countZ=1840
VW,context=Main#main:1,z=2578
VW,context=Main#main:1,countZ=1841
VW,context=Main#main:1,z=2509
VW,context=Main#main:1,countZ=1842
VW,context=Main#main:1,z=2477
VW,context=Main#main:1,countZ=1843
VW,context=Main#main:1,z=2281
VW,context=Main#main:1,countZ=1844
VW,context=Main#main:1,z=2643
VW,context=Main#main:1,countZ=1845
VW,context=Main#main:1,z=954
VW,context=Main#main:1,countZ=1846
VW,context=Main#main:1,z=1937
VW,context=Main#main:1,countZ=1847
VW,context=Main#main:1,z=536
VW,context=Main#main:1,countZ=1848
VW,context=Main#main:1,z=158
VW,context=Main#main:1,countZ=1849
VW,context=Main#main:1,z=1749
VW,context=Main#main:1,countZ=1850
VW,context=Main#main:1,z=947
VW,context=Main#main:1,countZ=1851
VW,context=Main#main:1,z=3066
VW,context=Main#main:1,countZ=1852
VW,context=Main#main:1,z=2373
VW,context=Main#main:1,countZ=1853
VW,context=Main#main:1,z=1644
VW,context=Main#main:1,countZ=1854
VW,context=Main#main:1,z=2257
VW,context=Main#main:1,countZ=1855
VW,context=Main#main:1,z=2496
VW,context=Main#main:1,countZ=1856
VW,context=Main#main:1,z=2788
VW,context=Main#main:1,countZ=1857
VW,context=Main#main:1,z=3014
VW,context=Main#main:1,countZ=1858
VW,context=Main#main:1,z=492
VW,context=Main#main:1,countZ=1859
VW,context=Main#main:1,z=1451
VW,context=Main#main:1,countZ=1860
VW,context=Main#main:1,z=3028
VW,context=Main#main:1,countZ=1861
VW,context=Main#main:1,z=1359
VW,context=Main#main:1,countZ=1862
VW,context=Main#main:1,z=902
VW,context=Main#main:1,countZ=1863
VW,context=Main#main:1,z=56
VW,context=Main#main:1,countZ=1864
VW,context=Main#main:1,z=343
VW,context=Main#main:1,countZ=1865
VW,context=Main#main:1,z=929
VW,context=Main#main:1,countZ=1866
VW,context=Main#main:1,z=612
VW,context=Main#main:1,countZ=1867
VW,context=Main#main:1,z=2186
VW,context=Main#main:1,countZ=1868
VW,context=Main#main:1,z=108
VW,context=Main#main:1,countZ=1869
VW,context=Main#main:1,z=2224
VW,context=Main#main:1,countZ=1870
VW,context=Main#main:1,z=1122
VW,context=Main#main:1,countZ=1871
VW,context=Main#main:1,z=2966
VW,context=Main#main:1,countZ=1872
VW,context=Main#main:1,z=198
VW,context=Main#main:1,countZ=1873
VW,context=Main#main:1,z=1994
VW,context=Main#main:1,countZ=1874
VW,context=Main#main:1,z=2057
VW,context=Main#main:1,countZ=1875
VW,context=Main#main:1,z=1271
VW,context=Main#main:1,countZ=1876
VW,context=Main#main:1,z=363
VW,context=Main#main:1,countZ=1877
VW,context=Main#main:1,z=2614
VW,context=Main#main:1,countZ=1878
VW,context=Main#main:1,z=1167
VW,context=Main#main:1,countZ=1879
VW,context=Main#main:1,z=2851
VW,context=Main#main:1,countZ=1880
VW,context=Main#main:1,z=2228
VW,context=Main#main:1,countZ=1881
VW,context=Main#main:1,z=2709
VW,context=Main#main:1,countZ=1882
VW,context=Main#main:1,z=577
VW,context=Main#main:1,countZ=1883
VW,context=Main#main:1,z=1581
VW,context=Main#main:1,countZ=1884
VW,context=Main#main:1,z=3043
VW,context=Main#main:1,countZ=1885
VW,context=Main#main:1,z=279
VW,context=Main#main:1,countZ=1886
VW,context=Main#main:1,z=537
VW,context=Main#main:1,countZ=1887
VW,context=Main#main:1,z=1336
VW,context=Main#main:1,countZ=1888
VW,context=Main#main:1,z=1933
VW,context=Main#main:1,countZ=1889
VW,context=Main#main:1,z=2074
VW,context=Main#main:1,countZ=1890
VW,context=Main#main:1,z=2547
VW,context=Main#main:1,countZ=1891
VW,context=Main#main:1,z=366
VW,context=Main#main:1,countZ=1892
VW,context=Main#main:1,z=3023
VW,context=Main#main:1,countZ=1893
VW,context=Main#main:1,z=1719
VW,context=Main#main:1,countZ=1894
VW,context=Main#main:1,z=3107
VW,context=Main#main:1,countZ=1895
VW,context=Main#main:1,z=671
VW,context=Main#main:1,countZ=1896
VW,context=Main#main:1,z=2938
VW,context=Main#main:1,countZ=1897
VW,context=Main#main:1,z=1589
VW,context=Main#main:1,countZ=1898
VW,context=Main#main:1,z=3092
VW,context=Main#main:1,countZ=1899
VW,context=Main#main:1,z=1751
VW,context=Main#main:1,countZ=1900
VW,context=Main#main:1,z=178
VW,context=Main#main:1,countZ=1901
VW,context=Main#main:1,z=309
VW,context=Main#main:1,countZ=1902
VW,context=Main#main:1,z=1502
VW,context=Main#main:1,countZ=1903
VW,context=Main#main:1,z=606
VW,context=Main#main:1,countZ=1904
VW,context=Main#main:1,z=1368
VW,context=Main#main:1,countZ=1905
VW,context=Main#main:1,z=2129
VW,context=Main#main:1,countZ=1906
VW,context=Main#main:1,z=1712
VW,context=Main#main:1,countZ=1907
VW,context=Main#main:1,z=1111
VW,context=Main#main:1,countZ=1908
VW,context=Main#main:1,z=2508
VW,context=Main#main:1,countZ=1909
VW,context=Main#main:1,z=1299
VW,context=Main#main:1,countZ=1910
VW,context=Main#main:1,z=2097
VW,context=Main#main:1,countZ=1911
VW,context=Main#main:1,z=1516
VW,context=Main#main:1,countZ=1912
VW,context=Main#main:1,z=1473
VW,context=Main#main:1,countZ=1913
VW,context=Main#main:1,z=819
VW,context=Main#main:1,countZ=1914
VW,context=Main#main:1,z=2282
VW,context=Main#main:1,countZ=1915
VW,context=Main#main:1,z=696
VW,context=Main#main:1,countZ=1916
VW,context=Main#main:1,z=1138
VW,context=Main#main:1,countZ=1917
VW,context=Main#main:1,z=3064
VW,context=Main#main:1,countZ=1918
VW,context=Main#main:1,z=17
VW,context=Main#main:1,countZ=1919
VW,context=Main#main:1,z=1276
VW,context=Main#main:1,countZ=1920
VW,context=Main#main:1,z=3
VW,context=Main#main:1,countZ=1921
VW,context=Main#main:1,z=409
VW,context=Main#main:1,countZ=1922
VW,context=Main#main:1,z=552
VW,context=Main#main:1,countZ=1923
VW,context=Main#main:1,z=256
VW,context=Main#main:1,countZ=1924
VW,context=Main#main:1,z=1568
VW,context=Main#main:1,countZ=1925
VW,context=Main#main:1,z=229
VW,context=Main#main:1,countZ=1926
VW,context=Main#main:1,z=1012
VW,context=Main#main:1,countZ=1927
VW,context=Main#main:1,z=1511
VW,context=Main#main:1,countZ=1928
VW,context=Main#main:1,z=1833
VW,context=Main#main:1,countZ=1929
VW,context=Main#main:1,z=3024
VW,context=Main#main:1,countZ=1930
VW,context=Main#main:1,z=2897
VW,context=Main#main:1,countZ=1931
VW,context=Main#main:1,z=166
VW,context=Main#main:1,countZ=1932
VW,context=Main#main:1,z=1798
VW,context=Main#main:1,countZ=1933
VW,context=Main#main:1,z=2419
VW,context=Main#main:1,countZ=1934
VW,context=Main#main:1,z=2707
VW,context=Main#main:1,countZ=1935
VW,context=Main#main:1,z=1346
VW,context=Main#main:1,countZ=1936
VW,context=Main#main:1,z=1213
VW,context=Main#main:1,countZ=1937
VW,context=Main#main:1,z=789
VW,context=Main#main:1,countZ=1938
VW,context=Main#main:1,z=1317
VW,context=Main#main:1,countZ=1939
VW,context=Main#main:1,z=1426
VW,context=Main#main:1,countZ=1940
VW,context=Main#main:1,z=1703
VW,context=Main#main:1,countZ=1941
VW,context=Main#main:1,z=3009
VW,context=Main#main:1,countZ=1942
VW,context=Main#main:1,z=852
VW,context=Main#main:1,countZ=1943
VW,context=Main#main:1,z=531
VW,context=Main#main:1,countZ=1944
VW,context=Main#main:1,z=518
VW,context=Main#main:1,countZ=1945
VW,context=Main#main:1,z=829
VW,context=Main#main:1,countZ=1946
VW,context=Main#main:1,z=1562
VW,context=Main#main:1,countZ=1947
VW,context=Main#main:1,z=2536
VW,context=Main#main:1,countZ=1948
VW,context=Main#main:1,z=3033
VW,context=Main#main:1,countZ=1949
VW,context=Main#main:1,z=999
VW,context=Main#main:1,countZ=1950
VW,context=Main#main:1,z=1822
VW,context=Main#main:1,countZ=1951
VW,context=Main#main:1,z=2566
VW,context=Main#main:1,countZ=1952
VW,context=Main#main:1,z=873
VW,context=Main#main:1,countZ=1953
VW,context=Main#main:1,z=269
VW,context=Main#main:1,countZ=1954
VW,context=Main#main:1,z=1257
VW,context=Main#main:1,countZ=1955
VW,context=Main#main:1,z=2621
VW,context=Main#main:1,countZ=1956
VW,context=Main#main:1,z=38
VW,context=Main#main:1,countZ=1957
VW,context=Main#main:1,z=1014
VW,context=Main#main:1,countZ=1958
VW,context=Main#main:1,z=742
VW,context=Main#main:1,countZ=1959
VW,context=Main#main:1,z=2201
VW,context=Main#main:1,countZ=1960
VW,context=Main#main:1,z=2153
VW,context=Main#main:1,countZ=1961
VW,context=Main#main:1,z=1859
VW,context=Main#main:1,countZ=1962
VW,context=Main#main:1,z=2402
VW,context=Main#main:1,countZ=1963
VW,context=Main#main:1,z=1431
VW,context=Main#main:1,countZ=1964
VW,context=Main#main:1,z=1343
VW,context=Main#main:1,countZ=1965
VW,context=Main#main:1,z=804
VW,context=Main#main:1,countZ=1966
VW,context=Main#main:1,z=237
VW,context=Main#main:1,countZ=1967
VW,context=Main#main:1,z=1061
VW,context=Main#main:1,countZ=1968
VW,context=Main#main:1,z=2983
VW,context=Main#main:1,countZ=1969
VW,context=Main#main:1,z=1474
VW,context=Main#main:1,countZ=1970
VW,context=Main#main:1,z=1997
VW,context=Main#main:1,countZ=1971
VW,context=Main#main:1,z=2466
VW,context=Main#main:1,countZ=1972
VW,context=Main#main:1,z=1823
VW,context=Main#main:1,countZ=1973
VW,context=Main#main:1,z=619
VW,context=Main#main:1,countZ=1974
VW,context=Main#main:1,z=1057
VW,context=Main#main:1,countZ=1975
VW,context=Main#main:1,z=1396
VW,context=Main#main:1,countZ=1976
VW,context=Main#main:1,z=738
VW,context=Main#main:1,countZ=1977
VW,context=Main#main:1,z=614
VW,context=Main#main:1,countZ=1978
VW,context=Main#main:1,z=1417
VW,context=Main#main:1,countZ=1979
VW,context=Main#main:1,z=476
VW,context=Main#main:1,countZ=1980
VW,context=Main#main:1,z=1353
VW,context=Main#main:1,countZ=1981
VW,context=Main#main:1,z=84
VW,context=Main#main:1,countZ=1982
VW,context=Main#main:1,z=2077
VW,context=Main#main:1,countZ=1983
VW,context=Main#main:1,z=2956
VW,context=Main#main:1,countZ=1984
VW,context=Main#main:1,z=918
VW,context=Main#main:1,countZ=1985
VW,context=Main#main:1,z=154
VW,context=Main#main:1,countZ=1986
VW,context=Main#main:1,z=162
VW,context=Main#main:1,countZ=1987
VW,context=Main#main:1,z=211
VW,context=Main#main:1,countZ=1988
VW,context=Main#main:1,z=1683
VW,context=Main#main:1,countZ=1989
VW,context=Main#main:1,z=1324
VW,context=Main#main:1,countZ=1990
VW,context=Main#main:1,z=297
VW,context=Main#main:1,countZ=1991
VW,context=Main#main:1,z=2991
VW,context=Main#main:1,countZ=1992
VW,context=Main#main:1,z=1523
VW,context=Main#main:1,countZ=1993
VW,context=Main#main:1,z=344
VW,context=Main#main:1,countZ=1994
VW,context=Main#main:1,z=2107
VW,context=Main#main:1,countZ=1995
VW,context=Main#main:1,z=796
VW,context=Main#main:1,countZ=1996
VW,context=Main#main:1,z=188
VW,context=Main#main:1,countZ=1997
VW,context=Main#main:1,z=2714
VW,context=Main#main:1,countZ=1998
VW,context=Main#main:1,z=217
VW,context=Main#main:1,countZ=1999
VW,context=Main#main:1,z=2501
VW,context=Main#main:1,countZ=2000
VW,context=Main#main:1,z=2428
VW,context=Main#main:1,countZ=2001
VW,context=Main#main:1,z=809
VW,context=Main#main:1,countZ=2002
VW,context=Main#main:1,z=3002
VW,context=Main#main:1,countZ=2003
VW,context=Main#main:1,z=1981
VW,context=Main#main:1,countZ=2004
VW,context=Main#main:1,z=2368
VW,context=Main#main:1,countZ=2005
VW,context=Main#main:1,z=2004
VW,context=Main#main:1,countZ=2006
VW,context=Main#main:1,z=1337
VW,context=Main#main:1,countZ=2007
VW,context=Main#main:1,z=3111
VW,context=Main#main:1,countZ=2008
VW,context=Main#main:1,z=2258
VW,context=Main#main:1,countZ=2009
VW,context=Main#main:1,z=549
VW,context=Main#main:1,countZ=2010
VW,context=Main#main:1,z=2972
VW,context=Main#main:1,countZ=2011
VW,context=Main#main:1,z=1016
VW,context=Main#main:1,countZ=2012
VW,context=Main#main:1,z=3098
VW,context=Main#main:1,countZ=2013
VW,context=Main#main:1,z=2569
VW,context=Main#main:1,countZ=2014
VW,context=Main#main:1,z=1282
VW,context=Main#main:1,countZ=2015
VW,context=Main#main:1,z=821
VW,context=Main#main:1,countZ=2016
VW,context=Main#main:1,z=1513
VW,context=Main#main:1,countZ=2017
VW,context=Main#main:1,z=1064
VW,context=Main#main:1,countZ=2018
VW,context=Main#main:1,z=267
VW,context=Main#main:1,countZ=2019
VW,context=Main#main:1,z=2026
VW,context=Main#main:1,countZ=2020
VW,context=Main#main:1,z=2253
VW,context=Main#main:1,countZ=2021
VW,context=Main#main:1,z=909
VW,context=Main#main:1,countZ=2022
VW,context=Main#main:1,z=2052
VW,context=Main#main:1,countZ=2023
VW,context=Main#main:1,z=1631
VW,context=Main#main:1,countZ=2024
VW,context=Main#main:1,z=2568
VW,context=Main#main:1,countZ=2025
VW,context=Main#main:1,z=104
VW,context=Main#main:1,countZ=2026
VW,context=Main#main:1,z=637
VW,context=Main#main:1,countZ=2027
VW,context=Main#main:1,z=386
VW,context=Main#main:1,countZ=2028
VW,context=Main#main:1,z=1583
VW,context=Main#main:1,countZ=2029
VW,context=Main#main:1,z=2274
VW,context=Main#main:1,countZ=2030
VW,context=Main#main:1,z=647
VW,context=Main#main:1,countZ=2031
VW,context=Main#main:1,z=2791
VW,context=Main#main:1,countZ=2032
VW,context=Main#main:1,z=298
VW,context=Main#main:1,countZ=2033
VW,context=Main#main:1,z=1044
VW,context=Main#main:1,countZ=2034
VW,context=Main#main:1,z=1707
VW,context=Main#main:1,countZ=2035
VW,context=Main#main:1,z=1471
VW,context=Main#main:1,countZ=2036
VW,context=Main#main:1,z=1588
VW,context=Main#main:1,countZ=2037
VW,context=Main#main:1,z=1914
VW,context=Main#main:1,countZ=2038
VW,context=Main#main:1,z=1567
VW,context=Main#main:1,countZ=2039
VW,context=Main#main:1,z=2176
VW,context=Main#main:1,countZ=2040
VW,context=Main#main:1,z=828
VW,context=Main#main:1,countZ=2041
VW,context=Main#main:1,z=384
VW,context=Main#main:1,countZ=2042
VW,context=Main#main:1,z=2352
VW,context=Main#main:1,countZ=2043
VW,context=Main#main:1,z=1906
VW,context=Main#main:1,countZ=2044
VW,context=Main#main:1,z=1518
VW,context=Main#main:1,countZ=2045
VW,context=Main#main:1,z=704
VW,context=Main#main:1,countZ=2046
VW,context=Main#main:1,z=1187
VW,context=Main#main:1,countZ=2047
VW,context=Main#main:1,z=1411
VW,context=Main#main:1,countZ=2048
VW,context=Main#main:1,z=2783
VW,context=Main#main:1,countZ=2049
VW,context=Main#main:1,z=249
VW,context=Main#main:1,countZ=2050
VW,context=Main#main:1,z=2697
VW,context=Main#main:1,countZ=2051
VW,context=Main#main:1,z=2066
VW,context=Main#main:1,countZ=2052
VW,context=Main#main:1,z=2498
VW,context=Main#main:1,countZ=2053
VW,context=Main#main:1,z=2019
VW,context=Main#main:1,countZ=2054
VW,context=Main#main:1,z=257
VW,context=Main#main:1,countZ=2055
VW,context=Main#main:1,z=2746
VW,context=Main#main:1,countZ=2056
VW,context=Main#main:1,z=413
VW,context=Main#main:1,countZ=2057
VW,context=Main#main:1,z=2139
VW,context=Main#main:1,countZ=2058
VW,context=Main#main:1,z=992
VW,context=Main#main:1,countZ=2059
VW,context=Main#main:1,z=2951
VW,context=Main#main:1,countZ=2060
VW,context=Main#main:1,z=1278
VW,context=Main#main:1,countZ=2061
VW,context=Main#main:1,z=2359
VW,context=Main#main:1,countZ=2062
VW,context=Main#main:1,z=777
VW,context=Main#main:1,countZ=2063
VW,context=Main#main:1,z=2806
VW,context=Main#main:1,countZ=2064
VW,context=Main#main:1,z=2343
VW,context=Main#main:1,countZ=2065
VW,context=Main#main:1,z=679
VW,context=Main#main:1,countZ=2066
VW,context=Main#main:1,z=2987
VW,context=Main#main:1,countZ=2067
VW,context=Main#main:1,z=3061
VW,context=Main#main:1,countZ=2068
VW,context=Main#main:1,z=2733
VW,context=Main#main:1,countZ=2069
VW,context=Main#main:1,z=724
VW,context=Main#main:1,countZ=2070
VW,context=Main#main:1,z=2872
VW,context=Main#main:1,countZ=2071
VW,context=Main#main:1,z=1966
VW,context=Main#main:1,countZ=2072
VW,context=Main#main:1,z=323
VW,context=Main#main:1,countZ=2073
VW,context=Main#main:1,z=2369
VW,context=Main#main:1,countZ=2074
VW,context=Main#main:1,z=57
VW,context=Main#main:1,countZ=2075
VW,context=Main#main:1,z=1521
VW,context=Main#main:1,countZ=2076
VW,context=Main#main:1,z=1113
VW,context=Main#main:1,countZ=2077
VW,context=Main#main:1,z=1739
VW,context=Main#main:1,countZ=2078
VW,context=Main#main:1,z=1667
VW,context=Main#main:1,countZ=2079
VW,context=Main#main:1,z=1226
VW,context=Main#main:1,countZ=2080
VW,context=Main#main:1,z=478
VW,context=Main#main:1,countZ=2081
VW,context=Main#main:1,z=584
VW,context=Main#main:1,countZ=2082
VW,context=Main#main:1,z=452
VW,context=Main#main:1,countZ=2083
VW,context=Main#main:1,z=1206
VW,context=Main#main:1,countZ=2084
VW,context=Main#main:1,z=1918
VW,context=Main#main:1,countZ=2085
VW,context=Main#main:1,z=29
VW,context=Main#main:1,countZ=2086
VW,context=Main#main:1,z=2912
VW,context=Main#main:1,countZ=2087
VW,context=Main#main:1,z=2211
VW,context=Main#main:1,countZ=2088
VW,context=Main#main:1,z=1433
VW,context=Main#main:1,countZ=2089
VW,context=Main#main:1,z=574
VW,context=Main#main:1,countZ=2090
VW,context=Main#main:1,z=1172
VW,context=Main#main:1,countZ=2091
VW,context=Main#main:1,z=2491
VW,context=Main#main:1,countZ=2092
VW,context=Main#main:1,z=23
VW,context=Main#main:1,countZ=2093
VW,context=Main#main:1,z=2094
VW,context=Main#main:1,countZ=2094
VW,context=Main#main:1,z=1107
VW,context=Main#main:1,countZ=2095
VW,context=Main#main:1,z=921
VW,context=Main#main:1,countZ=2096
VW,context=Main#main:1,z=563
VW,context=Main#main:1,countZ=2097
VW,context=Main#main:1,z=714
VW,context=Main#main:1,countZ=2098
VW,context=Main#main:1,z=467
VW,context=Main#main:1,countZ=2099
VW,context=Main#main:1,z=126
VW,context=Main#main:1,countZ=2100
VW,context=Main#main:1,z=1553
VW,context=Main#main:1,countZ=2101
VW,context=Main#main:1,z=1309
VW,context=Main#main:1,countZ=2102
VW,context=Main#main:1,z=1377
VW,context=Main#main:1,countZ=2103
VW,context=Main#main:1,z=231
VW,context=Main#main:1,countZ=2104
VW,context=Main#main:1,z=243
VW,context=Main#main:1,countZ=2105
VW,context=Main#main:1,z=1879
VW,context=Main#main:1,countZ=2106
VW,context=Main#main:1,z=962
VW,context=Main#main:1,countZ=2107
VW,context=Main#main:1,z=1986
VW,context=Main#main:1,countZ=2108
VW,context=Main#main:1,z=2008
VW,context=Main#main:1,countZ=2109
VW,context=Main#main:1,z=2924
VW,context=Main#main:1,countZ=2110
VW,context=Main#main:1,z=722
VW,context=Main#main:1,countZ=2111
VW,context=Main#main:1,z=516
VW,context=Main#main:1,countZ=2112
VW,context=Main#main:1,z=1598
VW,context=Main#main:1,countZ=2113
VW,context=Main#main:1,z=1194
VW,context=Main#main:1,countZ=2114
VW,context=Main#main:1,z=282
VW,context=Main#main:1,countZ=2115
VW,context=Main#main:1,z=946
VW,context=Main#main:1,countZ=2116
VW,context=Main#main:1,z=1888
VW,context=Main#main:1,countZ=2117
VW,context=Main#main:1,z=2189
VW,context=Main#main:1,countZ=2118
VW,context=Main#main:1,z=517
VW,context=Main#main:1,countZ=2119
VW,context=Main#main:1,z=2776
VW,context=Main#main:1,countZ=2120
VW,context=Main#main:1,z=1378
VW,context=Main#main:1,countZ=2121
VW,context=Main#main:1,z=1409
VW,context=Main#main:1,countZ=2122
VW,context=Main#main:1,z=427
VW,context=Main#main:1,countZ=2123
VW,context=Main#main:1,z=3006
VW,context=Main#main:1,countZ=2124
VW,context=Main#main:1,z=443
VW,context=Main#main:1,countZ=2125
VW,context=Main#main:1,z=3104
VW,context=Main#main:1,countZ=2126
VW,context=Main#main:1,z=262
VW,context=Main#main:1,countZ=2127
VW,context=Main#main:1,z=2386
VW,context=Main#main:1,countZ=2128
VW,context=Main#main:1,z=1333
VW,context=Main#main:1,countZ=2129
VW,context=Main#main:1,z=1524
VW,context=Main#main:1,countZ=2130
VW,context=Main#main:1,z=1522
VW,context=Main#main:1,countZ=2131
VW,context=Main#main:1,z=2291
VW,context=Main#main:1,countZ=2132
VW,context=Main#main:1,z=1923
VW,context=Main#main:1,countZ=2133
VW,context=Main#main:1,z=2794
VW,context=Main#main:1,countZ=2134
VW,context=Main#main:1,z=707
VW,context=Main#main:1,countZ=2135
VW,context=Main#main:1,z=1596
VW,context=Main#main:1,countZ=2136
VW,context=Main#main:1,z=1963
VW,context=Main#main:1,countZ=2137
VW,context=Main#main:1,z=3039
VW,context=Main#main:1,countZ=2138
VW,context=Main#main:1,z=1817
VW,context=Main#main:1,countZ=2139
VW,context=Main#main:1,z=2926
VW,context=Main#main:1,countZ=2140
VW,context=Main#main:1,z=3078
VW,context=Main#main:1,countZ=2141
VW,context=Main#main:1,z=884
VW,context=Main#main:1,countZ=2142
VW,context=Main#main:1,z=727
VW,context=Main#main:1,countZ=2143
VW,context=Main#main:1,z=156
VW,context=Main#main:1,countZ=2144
VW,context=Main#main:1,z=2518
VW,context=Main#main:1,countZ=2145
VW,context=Main#main:1,z=579
VW,context=Main#main:1,countZ=2146
VW,context=Main#main:1,z=812
VW,context=Main#main:1,countZ=2147
VW,context=Main#main:1,z=286
VW,context=Main#main:1,countZ=2148
VW,context=Main#main:1,z=2533
VW,context=Main#main:1,countZ=2149
VW,context=Main#main:1,z=2624
VW,context=Main#main:1,countZ=2150
VW,context=Main#main:1,z=447
VW,context=Main#main:1,countZ=2151
VW,context=Main#main:1,z=1566
VW,context=Main#main:1,countZ=2152
VW,context=Main#main:1,z=998
VW,context=Main#main:1,countZ=2153
VW,context=Main#main:1,z=644
VW,context=Main#main:1,countZ=2154
VW,context=Main#main:1,z=2382
VW,context=Main#main:1,countZ=2155
VW,context=Main#main:1,z=2871
VW,context=Main#main:1,countZ=2156
VW,context=Main#main:1,z=788
VW,context=Main#main:1,countZ=2157
VW,context=Main#main:1,z=139
VW,context=Main#main:1,countZ=2158
VW,context=Main#main:1,z=1242
VW,context=Main#main:1,countZ=2159
VW,context=Main#main:1,z=576
VW,context=Main#main:1,countZ=2160
VW,context=Main#main:1,z=403
VW,context=Main#main:1,countZ=2161
VW,context=Main#main:1,z=2859
VW,context=Main#main:1,countZ=2162
VW,context=Main#main:1,z=2277
VW,context=Main#main:1,countZ=2163
VW,context=Main#main:1,z=1056
VW,context=Main#main:1,countZ=2164
VW,context=Main#main:1,z=218
VW,context=Main#main:1,countZ=2165
VW,context=Main#main:1,z=554
VW,context=Main#main:1,countZ=2166
VW,context=Main#main:1,z=2612
VW,context=Main#main:1,countZ=2167
VW,context=Main#main:1,z=1936
VW,context=Main#main:1,countZ=2168
VW,context=Main#main:1,z=2483
VW,context=Main#main:1,countZ=2169
VW,context=Main#main:1,z=3099
VW,context=Main#main:1,countZ=2170
VW,context=Main#main:1,z=622
VW,context=Main#main:1,countZ=2171
VW,context=Main#main:1,z=1466
VW,context=Main#main:1,countZ=2172
VW,context=Main#main:1,z=1948
VW,context=Main#main:1,countZ=2173
VW,context=Main#main:1,z=994
VW,context=Main#main:1,countZ=2174
VW,context=Main#main:1,z=2182
VW,context=Main#main:1,countZ=2175
VW,context=Main#main:1,z=1646
VW,context=Main#main:1,countZ=2176
VW,context=Main#main:1,z=1488
VW,context=Main#main:1,countZ=2177
VW,context=Main#main:1,z=2864
VW,context=Main#main:1,countZ=2178
VW,context=Main#main:1,z=1917
VW,context=Main#main:1,countZ=2179
VW,context=Main#main:1,z=1976
VW,context=Main#main:1,countZ=2180
VW,context=Main#main:1,z=2728
VW,context=Main#main:1,countZ=2181
VW,context=Main#main:1,z=1084
VW,context=Main#main:1,countZ=2182
VW,context=Main#main:1,z=1952
VW,context=Main#main:1,countZ=2183
VW,context=Main#main:1,z=2581
VW,context=Main#main:1,countZ=2184
VW,context=Main#main:1,z=2918
VW,context=Main#main:1,countZ=2185
VW,context=Main#main:1,z=3029
VW,context=Main#main:1,countZ=2186
VW,context=Main#main:1,z=2537
VW,context=Main#main:1,countZ=2187
VW,context=Main#main:1,z=1086
VW,context=Main#main:1,countZ=2188
VW,context=Main#main:1,z=1183
VW,context=Main#main:1,countZ=2189
VW,context=Main#main:1,z=2949
VW,context=Main#main:1,countZ=2190
VW,context=Main#main:1,z=2047
VW,context=Main#main:1,countZ=2191
VW,context=Main#main:1,z=1991
VW,context=Main#main:1,countZ=2192
VW,context=Main#main:1,z=1648
VW,context=Main#main:1,countZ=2193
VW,context=Main#main:1,z=719
VW,context=Main#main:1,countZ=2194
VW,context=Main#main:1,z=107
VW,context=Main#main:1,countZ=2195
VW,context=Main#main:1,z=1046
VW,context=Main#main:1,countZ=2196
VW,context=Main#main:1,z=938
VW,context=Main#main:1,countZ=2197
VW,context=Main#main:1,z=1839
VW,context=Main#main:1,countZ=2198
VW,context=Main#main:1,z=717
VW,context=Main#main:1,countZ=2199
VW,context=Main#main:1,z=876
VW,context=Main#main:1,countZ=2200
VW,context=Main#main:1,z=678
VW,context=Main#main:1,countZ=2201
VW,context=Main#main:1,z=1809
VW,context=Main#main:1,countZ=2202
VW,context=Main#main:1,z=2877
VW,context=Main#main:1,countZ=2203
VW,context=Main#main:1,z=1606
VW,context=Main#main:1,countZ=2204
VW,context=Main#main:1,z=1243
VW,context=Main#main:1,countZ=2205
VW,context=Main#main:1,z=1754
VW,context=Main#main:1,countZ=2206
VW,context=Main#main:1,z=587
VW,context=Main#main:1,countZ=2207
VW,context=Main#main:1,z=861
VW,context=Main#main:1,countZ=2208
VW,context=Main#main:1,z=1758
VW,context=Main#main:1,countZ=2209
VW,context=Main#main:1,z=2174
VW,context=Main#main:1,countZ=2210
VW,context=Main#main:1,z=1597
VW,context=Main#main:1,countZ=2211
VW,context=Main#main:1,z=16
VW,context=Main#main:1,countZ=2212
VW,context=Main#main:1,z=98
VW,context=Main#main:1,countZ=2213
VW,context=Main#main:1,z=2944
VW,context=Main#main:1,countZ=2214
VW,context=Main#main:1,z=2407
VW,context=Main#main:1,countZ=2215
VW,context=Main#main:1,z=1071
VW,context=Main#main:1,countZ=2216
VW,context=Main#main:1,z=2263
VW,context=Main#main:1,countZ=2217
VW,context=Main#main:1,z=189
VW,context=Main#main:1,countZ=2218
VW,context=Main#main:1,z=767
VW,context=Main#main:1,countZ=2219
VW,context=Main#main:1,z=401
VW,context=Main#main:1,countZ=2220
VW,context=Main#main:1,z=503
VW,context=Main#main:1,countZ=2221
VW,context=Main#main:1,z=1909
VW,context=Main#main:1,countZ=2222
VW,context=Main#main:1,z=1927
VW,context=Main#main:1,countZ=2223
VW,context=Main#main:1,z=1256
VW,context=Main#main:1,countZ=2224
VW,context=Main#main:1,z=1443
VW,context=Main#main:1,countZ=2225
VW,context=Main#main:1,z=2979
VW,context=Main#main:1,countZ=2226
VW,context=Main#main:1,z=3012
VW,context=Main#main:1,countZ=2227
VW,context=Main#main:1,z=1261
VW,context=Main#main:1,countZ=2228
VW,context=Main#main:1,z=1083
VW,context=Main#main:1,countZ=2229
VW,context=Main#main:1,z=774
VW,context=Main#main:1,countZ=2230
VW,context=Main#main:1,z=2397
VW,context=Main#main:1,countZ=2231
VW,context=Main#main:1,z=1791
VW,context=Main#main:1,countZ=2232
VW,context=Main#main:1,z=423
VW,context=Main#main:1,countZ=2233
VW,context=Main#main:1,z=1419
VW,context=Main#main:1,countZ=2234
VW,context=Main#main:1,z=2832
VW,context=Main#main:1,countZ=2235
VW,context=Main#main:1,z=1721
VW,context=Main#main:1,countZ=2236
VW,context=Main#main:1,z=2338
VW,context=Main#main:1,countZ=2237
VW,context=Main#main:1,z=1039
VW,context=Main#main:1,countZ=2238
VW,context=Main#main:1,z=2067
VW,context=Main#main:1,countZ=2239
VW,context=Main#main:1,z=551
VW,context=Main#main:1,countZ=2240
VW,context=Main#main:1,z=2203
VW,context=Main#main:1,countZ=2241
VW,context=Main#main:1,z=1384
VW,context=Main#main:1,countZ=2242
VW,context=Main#main:1,z=2227
VW,context=Main#main:1,countZ=2243
VW,context=Main#main:1,z=1531
VW,context=Main#main:1,countZ=2244
VW,context=Main#main:1,z=393
VW,context=Main#main:1,countZ=2245
VW,context=Main#main:1,z=454
VW,context=Main#main:1,countZ=2246
VW,context=Main#main:1,z=437
VW,context=Main#main:1,countZ=2247
VW,context=Main#main:1,z=2286
VW,context=Main#main:1,countZ=2248
VW,context=Main#main:1,z=2283
VW,context=Main#main:1,countZ=2249
VW,context=Main#main:1,z=1874
VW,context=Main#main:1,countZ=2250
VW,context=Main#main:1,z=1322
VW,context=Main#main:1,countZ=2251
VW,context=Main#main:1,z=1066
VW,context=Main#main:1,countZ=2252
VW,context=Main#main:1,z=2623
VW,context=Main#main:1,countZ=2253
VW,context=Main#main:1,z=2394
VW,context=Main#main:1,countZ=2254
VW,context=Main#main:1,z=1382
VW,context=Main#main:1,countZ=2255
VW,context=Main#main:1,z=2996
VW,context=Main#main:1,countZ=2256
VW,context=Main#main:1,z=1163
VW,context=Main#main:1,countZ=2257
VW,context=Main#main:1,z=1264
VW,context=Main#main:1,countZ=2258
VW,context=Main#main:1,z=1492
VW,context=Main#main:1,countZ=2259
VW,context=Main#main:1,z=1326
VW,context=Main#main:1,countZ=2260
VW,context=Main#main:1,z=2653
VW,context=Main#main:1,countZ=2261
VW,context=Main#main:1,z=234
VW,context=Main#main:1,countZ=2262
VW,context=Main#main:1,z=652
VW,context=Main#main:1,countZ=2263
VW,context=Main#main:1,z=2431
VW,context=Main#main:1,countZ=2264
VW,context=Main#main:1,z=1218
VW,context=Main#main:1,countZ=2265
VW,context=Main#main:1,z=429
VW,context=Main#main:1,countZ=2266
VW,context=Main#main:1,z=2237
VW,context=Main#main:1,countZ=2267
VW,context=Main#main:1,z=811
VW,context=Main#main:1,countZ=2268
VW,context=Main#main:1,z=2233
VW,context=Main#main:1,countZ=2269
VW,context=Main#main:1,z=2349
VW,context=Main#main:1,countZ=2270
VW,context=Main#main:1,z=1497
VW,context=Main#main:1,countZ=2271
VW,context=Main#main:1,z=966
VW,context=Main#main:1,countZ=2272
VW,context=Main#main:1,z=448
VW,context=Main#main:1,countZ=2273
VW,context=Main#main:1,z=2744
VW,context=Main#main:1,countZ=2274
VW,context=Main#main:1,z=1182
VW,context=Main#main:1,countZ=2275
VW,context=Main#main:1,z=1771
VW,context=Main#main:1,countZ=2276
VW,context=Main#main:1,z=1863
VW,context=Main#main:1,countZ=2277
VW,context=Main#main:1,z=864
VW,context=Main#main:1,countZ=2278
VW,context=Main#main:1,z=2167
VW,context=Main#main:1,countZ=2279
VW,context=Main#main:1,z=2726
VW,context=Main#main:1,countZ=2280
VW,context=Main#main:1,z=1853
VW,context=Main#main:1,countZ=2281
VW,context=Main#main:1,z=1584
VW,context=Main#main:1,countZ=2282
VW,context=Main#main:1,z=327
VW,context=Main#main:1,countZ=2283
VW,context=Main#main:1,z=831
VW,context=Main#main:1,countZ=2284
VW,context=Main#main:1,z=793
VW,context=Main#main:1,countZ=2285
VW,context=Main#main:1,z=2904
VW,context=Main#main:1,countZ=2286
VW,context=Main#main:1,z=2162
VW,context=Main#main:1,countZ=2287
VW,context=Main#main:1,z=3086
VW,context=Main#main:1,countZ=2288
VW,context=Main#main:1,z=933
VW,context=Main#main:1,countZ=2289
VW,context=Main#main:1,z=2199
VW,context=Main#main:1,countZ=2290
VW,context=Main#main:1,z=2922
VW,context=Main#main:1,countZ=2291
VW,context=Main#main:1,z=1491
VW,context=Main#main:1,countZ=2292
VW,context=Main#main:1,z=148
VW,context=Main#main:1,countZ=2293
VW,context=Main#main:1,z=2469
VW,context=Main#main:1,countZ=2294
VW,context=Main#main:1,z=2232
VW,context=Main#main:1,countZ=2295
VW,context=Main#main:1,z=1171
VW,context=Main#main:1,countZ=2296
VW,context=Main#main:1,z=1313
VW,context=Main#main:1,countZ=2297
VW,context=Main#main:1,z=2964
VW,context=Main#main:1,countZ=2298
VW,context=Main#main:1,z=967
VW,context=Main#main:1,countZ=2299
VW,context=Main#main:1,z=1626
VW,context=Main#main:1,countZ=2300
VW,context=Main#main:1,z=2928
VW,context=Main#main:1,countZ=2301
VW,context=Main#main:1,z=2309
VW,context=Main#main:1,countZ=2302
VW,context=Main#main:1,z=1252
VW,context=Main#main:1,countZ=2303
VW,context=Main#main:1,z=2981
VW,context=Main#main:1,countZ=2304
VW,context=Main#main:1,z=2243
VW,context=Main#main:1,countZ=2305
VW,context=Main#main:1,z=1629
VW,context=Main#main:1,countZ=2306
VW,context=Main#main:1,z=212
VW,context=Main#main:1,countZ=2307
VW,context=Main#main:1,z=2861
VW,context=Main#main:1,countZ=2308
VW,context=Main#main:1,z=1508
VW,context=Main#main:1,countZ=2309
VW,context=Main#main:1,z=1424
VW,context=Main#main:1,countZ=2310
VW,context=Main#main:1,z=2472
VW,context=Main#main:1,countZ=2311
VW,context=Main#main:1,z=2641
VW,context=Main#main:1,countZ=2312
VW,context=Main#main:1,z=1723
VW,context=Main#main:1,countZ=2313
VW,context=Main#main:1,z=1569
VW,context=Main#main:1,countZ=2314
VW,context=Main#main:1,z=1407
VW,context=Main#main:1,countZ=2315
VW,context=Main#main:1,z=1196
VW,context=Main#main:1,countZ=2316
VW,context=Main#main:1,z=2638
VW,context=Main#main:1,countZ=2317
VW,context=Main#main:1,z=1314
VW,context=Main#main:1,countZ=2318
VW,context=Main#main:1,z=1017
VW,context=Main#main:1,countZ=2319
VW,context=Main#main:1,z=1151
VW,context=Main#main:1,countZ=2320
VW,context=Main#main:1,z=2753
VW,context=Main#main:1,countZ=2321
VW,context=Main#main:1,z=2409
VW,context=Main#main:1,countZ=2322
VW,context=Main#main:1,z=302
VW,context=Main#main:1,countZ=2323
VW,context=Main#main:1,z=2631
VW,context=Main#main:1,countZ=2324
VW,context=Main#main:1,z=2443
VW,context=Main#main:1,countZ=2325
VW,context=Main#main:1,z=2854
VW,context=Main#main:1,countZ=2326
VW,context=Main#main:1,z=2637
VW,context=Main#main:1,countZ=2327
VW,context=Main#main:1,z=136
VW,context=Main#main:1,countZ=2328
VW,context=Main#main:1,z=833
VW,context=Main#main:1,countZ=2329
VW,context=Main#main:1,z=24
VW,context=Main#main:1,countZ=2330
VW,context=Main#main:1,z=147
VW,context=Main#main:1,countZ=2331
VW,context=Main#main:1,z=1291
VW,context=Main#main:1,countZ=2332
VW,context=Main#main:1,z=2048
VW,context=Main#main:1,countZ=2333
VW,context=Main#main:1,z=44
VW,context=Main#main:1,countZ=2334
VW,context=Main#main:1,z=1832
VW,context=Main#main:1,countZ=2335
VW,context=Main#main:1,z=1846
VW,context=Main#main:1,countZ=2336
VW,context=Main#main:1,z=2713
VW,context=Main#main:1,countZ=2337
VW,context=Main#main:1,z=2164
VW,context=Main#main:1,countZ=2338
VW,context=Main#main:1,z=2317
VW,context=Main#main:1,countZ=2339
VW,context=Main#main:1,z=1301
VW,context=Main#main:1,countZ=2340
VW,context=Main#main:1,z=1328
VW,context=Main#main:1,countZ=2341
VW,context=Main#main:1,z=1884
VW,context=Main#main:1,countZ=2342
VW,context=Main#main:1,z=602
VW,context=Main#main:1,countZ=2343
VW,context=Main#main:1,z=2906
VW,context=Main#main:1,countZ=2344
VW,context=Main#main:1,z=1393
VW,context=Main#main:1,countZ=2345
VW,context=Main#main:1,z=329
VW,context=Main#main:1,countZ=2346
VW,context=Main#main:1,z=62
VW,context=Main#main:1,countZ=2347
VW,context=Main#main:1,z=1161
VW,context=Main#main:1,countZ=2348
VW,context=Main#main:1,z=2033
VW,context=Main#main:1,countZ=2349
VW,context=Main#main:1,z=1124
VW,context=Main#main:1,countZ=2350
VW,context=Main#main:1,z=2197
VW,context=Main#main:1,countZ=2351
VW,context=Main#main:1,z=566
VW,context=Main#main:1,countZ=2352
VW,context=Main#main:1,z=1123
VW,context=Main#main:1,countZ=2353
VW,context=Main#main:1,z=1019
VW,context=Main#main:1,countZ=2354
VW,context=Main#main:1,z=382
VW,context=Main#main:1,countZ=2355
VW,context=Main#main:1,z=3121
VW,context=Main#main:1,countZ=2356
VW,context=Main#main:1,z=1538
VW,context=Main#main:1,countZ=2357
VW,context=Main#main:1,z=2389
VW,context=Main#main:1,countZ=2358
VW,context=Main#main:1,z=1742
VW,context=Main#main:1,countZ=2359
VW,context=Main#main:1,z=2076
VW,context=Main#main:1,countZ=2360
VW,context=Main#main:1,z=1778
VW,context=Main#main:1,countZ=2361
VW,context=Main#main:1,z=734
VW,context=Main#main:1,countZ=2362
VW,context=Main#main:1,z=2152
VW,context=Main#main:1,countZ=2363
VW,context=Main#main:1,z=681
VW,context=Main#main:1,countZ=2364
VW,context=Main#main:1,z=2218
VW,context=Main#main:1,countZ=2365
VW,context=Main#main:1,z=304
VW,context=Main#main:1,countZ=2366
VW,context=Main#main:1,z=1862
VW,context=Main#main:1,countZ=2367
VW,context=Main#main:1,z=2811
VW,context=Main#main:1,countZ=2368
VW,context=Main#main:1,z=1983
VW,context=Main#main:1,countZ=2369
VW,context=Main#main:1,z=1599
VW,context=Main#main:1,countZ=2370
VW,context=Main#main:1,z=2372
VW,context=Main#main:1,countZ=2371
VW,context=Main#main:1,z=466
VW,context=Main#main:1,countZ=2372
VW,context=Main#main:1,z=2073
VW,context=Main#main:1,countZ=2373
VW,context=Main#main:1,z=1369
VW,context=Main#main:1,countZ=2374
VW,context=Main#main:1,z=182
VW,context=Main#main:1,countZ=2375
VW,context=Main#main:1,z=1896
VW,context=Main#main:1,countZ=2376
VW,context=Main#main:1,z=2238
VW,context=Main#main:1,countZ=2377
VW,context=Main#main:1,z=1989
VW,context=Main#main:1,countZ=2378
VW,context=Main#main:1,z=2417
VW,context=Main#main:1,countZ=2379
VW,context=Main#main:1,z=351
VW,context=Main#main:1,countZ=2380
VW,context=Main#main:1,z=978
VW,context=Main#main:1,countZ=2381
VW,context=Main#main:1,z=2084
VW,context=Main#main:1,countZ=2382
VW,context=Main#main:1,z=1827
VW,context=Main#main:1,countZ=2383
VW,context=Main#main:1,z=2206
VW,context=Main#main:1,countZ=2384
VW,context=Main#main:1,z=1793
VW,context=Main#main:1,countZ=2385
VW,context=Main#main:1,z=2779
VW,context=Main#main:1,countZ=2386
VW,context=Main#main:1,z=1787
VW,context=Main#main:1,countZ=2387
VW,context=Main#main:1,z=1961
VW,context=Main#main:1,countZ=2388
VW,context=Main#main:1,z=683
VW,context=Main#main:1,countZ=2389
VW,context=Main#main:1,z=1449
VW,context=Main#main:1,countZ=2390
VW,context=Main#main:1,z=672
VW,context=Main#main:1,countZ=2391
VW,context=Main#main:1,z=991
VW,context=Main#main:1,countZ=2392
VW,context=Main#main:1,z=1773
VW,context=Main#main:1,countZ=2393
VW,context=Main#main:1,z=1094
VW,context=Main#main:1,countZ=2394
VW,context=Main#main:1,z=1232
VW,context=Main#main:1,countZ=2395
VW,context=Main#main:1,z=1296
VW,context=Main#main:1,countZ=2396
VW,context=Main#main:1,z=1688
VW,context=Main#main:1,countZ=2397
VW,context=Main#main:1,z=964
VW,context=Main#main:1,countZ=2398
VW,context=Main#main:1,z=1217
VW,context=Main#main:1,countZ=2399
VW,context=Main#main:1,z=2376
VW,context=Main#main:1,countZ=2400
VW,context=Main#main:1,z=2053
VW,context=Main#main:1,countZ=2401
VW,context=Main#main:1,z=2809
VW,context=Main#main:1,countZ=2402
VW,context=Main#main:1,z=2752
VW,context=Main#main:1,countZ=2403
VW,context=Main#main:1,z=1231
VW,context=Main#main:1,countZ=2404
VW,context=Main#main:1,z=118
VW,context=Main#main:1,countZ=2405
VW,context=Main#main:1,z=1504
VW,context=Main#main:1,countZ=2406
VW,context=Main#main:1,z=2962
VW,context=Main#main:1,countZ=2407
VW,context=Main#main:1,z=1736
VW,context=Main#main:1,countZ=2408
VW,context=Main#main:1,z=1258
VW,context=Main#main:1,countZ=2409
VW,context=Main#main:1,z=674
VW,context=Main#main:1,countZ=2410
VW,context=Main#main:1,z=222
VW,context=Main#main:1,countZ=2411
VW,context=Main#main:1,z=2141
VW,context=Main#main:1,countZ=2412
VW,context=Main#main:1,z=223
VW,context=Main#main:1,countZ=2413
VW,context=Main#main:1,z=194
VW,context=Main#main:1,countZ=2414
VW,context=Main#main:1,z=407
VW,context=Main#main:1,countZ=2415
VW,context=Main#main:1,z=1321
VW,context=Main#main:1,countZ=2416
VW,context=Main#main:1,z=3013
VW,context=Main#main:1,countZ=2417
VW,context=Main#main:1,z=2439
VW,context=Main#main:1,countZ=2418
VW,context=Main#main:1,z=1267
VW,context=Main#main:1,countZ=2419
VW,context=Main#main:1,z=1901
VW,context=Main#main:1,countZ=2420
VW,context=Main#main:1,z=1878
VW,context=Main#main:1,countZ=2421
VW,context=Main#main:1,z=2909
VW,context=Main#main:1,countZ=2422
VW,context=Main#main:1,z=1802
VW,context=Main#main:1,countZ=2423
VW,context=Main#main:1,z=881
VW,context=Main#main:1,countZ=2424
VW,context=Main#main:1,z=318
VW,context=Main#main:1,countZ=2425
VW,context=Main#main:1,z=2729
VW,context=Main#main:1,countZ=2426
VW,context=Main#main:1,z=2262
VW,context=Main#main:1,countZ=2427
VW,context=Main#main:1,z=2136
VW,context=Main#main:1,countZ=2428
VW,context=Main#main:1,z=583
VW,context=Main#main:1,countZ=2429
VW,context=Main#main:1,z=2399
VW,context=Main#main:1,countZ=2430
VW,context=Main#main:1,z=1022
VW,context=Main#main:1,countZ=2431
VW,context=Main#main:1,z=791
VW,context=Main#main:1,countZ=2432
VW,context=Main#main:1,z=548
VW,context=Main#main:1,countZ=2433
VW,context=Main#main:1,z=1794
VW,context=Main#main:1,countZ=2434
VW,context=Main#main:1,z=832
VW,context=Main#main:1,countZ=2435
VW,context=Main#main:1,z=1971
VW,context=Main#main:1,countZ=2436
VW,context=Main#main:1,z=3088
VW,context=Main#main:1,countZ=2437
VW,context=Main#main:1,z=164
VW,context=Main#main:1,countZ=2438
VW,context=Main#main:1,z=2567
VW,context=Main#main:1,countZ=2439
VW,context=Main#main:1,z=2051
VW,context=Main#main:1,countZ=2440
VW,context=Main#main:1,z=453
VW,context=Main#main:1,countZ=2441
VW,context=Main#main:1,z=2384
VW,context=Main#main:1,countZ=2442
VW,context=Main#main:1,z=2102
VW,context=Main#main:1,countZ=2443
VW,context=Main#main:1,z=1156
VW,context=Main#main:1,countZ=2444
VW,context=Main#main:1,z=2393
VW,context=Main#main:1,countZ=2445
VW,context=Main#main:1,z=204
VW,context=Main#main:1,countZ=2446
VW,context=Main#main:1,z=2812
VW,context=Main#main:1,countZ=2447
VW,context=Main#main:1,z=36
VW,context=Main#main:1,countZ=2448
VW,context=Main#main:1,z=1783
VW,context=Main#main:1,countZ=2449
VW,context=Main#main:1,z=374
VW,context=Main#main:1,countZ=2450
VW,context=Main#main:1,z=3072
VW,context=Main#main:1,countZ=2451
VW,context=Main#main:1,z=66
VW,context=Main#main:1,countZ=2452
VW,context=Main#main:1,z=2748
VW,context=Main#main:1,countZ=2453
VW,context=Main#main:1,z=2769
VW,context=Main#main:1,countZ=2454
VW,context=Main#main:1,z=2507
VW,context=Main#main:1,countZ=2455
VW,context=Main#main:1,z=121
VW,context=Main#main:1,countZ=2456
VW,context=Main#main:1,z=1913
VW,context=Main#main:1,countZ=2457
VW,context=Main#main:1,z=389
VW,context=Main#main:1,countZ=2458
VW,context=Main#main:1,z=1992
VW,context=Main#main:1,countZ=2459
VW,context=Main#main:1,z=2826
VW,context=Main#main:1,countZ=2460
VW,context=Main#main:1,z=903
VW,context=Main#main:1,countZ=2461
VW,context=Main#main:1,z=1234
VW,context=Main#main:1,countZ=2462
VW,context=Main#main:1,z=527
VW,context=Main#main:1,countZ=2463
VW,context=Main#main:1,z=2056
VW,context=Main#main:1,countZ=2464
VW,context=Main#main:1,z=93
VW,context=Main#main:1,countZ=2465
VW,context=Main#main:1,z=179
VW,context=Main#main:1,countZ=2466
VW,context=Main#main:1,z=1487
VW,context=Main#main:1,countZ=2467
VW,context=Main#main:1,z=1686
VW,context=Main#main:1,countZ=2468
VW,context=Main#main:1,z=1733
VW,context=Main#main:1,countZ=2469
VW,context=Main#main:1,z=849
VW,context=Main#main:1,countZ=2470
VW,context=Main#main:1,z=122
VW,context=Main#main:1,countZ=2471
VW,context=Main#main:1,z=3091
VW,context=Main#main:1,countZ=2472
VW,context=Main#main:1,z=573
VW,context=Main#main:1,countZ=2473
VW,context=Main#main:1,z=3119
VW,context=Main#main:1,countZ=2474
VW,context=Main#main:1,z=2307
VW,context=Main#main:1,countZ=2475
VW,context=Main#main:1,z=2021
VW,context=Main#main:1,countZ=2476
VW,context=Main#main:1,z=2613
VW,context=Main#main:1,countZ=2477
VW,context=Main#main:1,z=3114
VW,context=Main#main:1,countZ=2478
VW,context=Main#main:1,z=2667
VW,context=Main#main:1,countZ=2479
VW,context=Main#main:1,z=1101
VW,context=Main#main:1,countZ=2480
VW,context=Main#main:1,z=103
VW,context=Main#main:1,countZ=2481
VW,context=Main#main:1,z=2584
VW,context=Main#main:1,countZ=2482
VW,context=Main#main:1,z=202
VW,context=Main#main:1,countZ=2483
VW,context=Main#main:1,z=456
VW,context=Main#main:1,countZ=2484
VW,context=Main#main:1,z=2793
VW,context=Main#main:1,countZ=2485
VW,context=Main#main:1,z=2654
VW,context=Main#main:1,countZ=2486
VW,context=Main#main:1,z=1412
VW,context=Main#main:1,countZ=2487
VW,context=Main#main:1,z=836
VW,context=Main#main:1,countZ=2488
VW,context=Main#main:1,z=433
VW,context=Main#main:1,countZ=2489
VW,context=Main#main:1,z=699
VW,context=Main#main:1,countZ=2490
VW,context=Main#main:1,z=1547
VW,context=Main#main:1,countZ=2491
VW,context=Main#main:1,z=491
VW,context=Main#main:1,countZ=2492
VW,context=Main#main:1,z=273
VW,context=Main#main:1,countZ=2493
VW,context=Main#main:1,z=2844
VW,context=Main#main:1,countZ=2494
VW,context=Main#main:1,z=232
VW,context=Main#main:1,countZ=2495
VW,context=Main#main:1,z=1421
VW,context=Main#main:1,countZ=2496
VW,context=Main#main:1,z=2063
VW,context=Main#main:1,countZ=2497
VW,context=Main#main:1,z=2089
VW,context=Main#main:1,countZ=2498
VW,context=Main#main:1,z=1467
VW,context=Main#main:1,countZ=2499
VW,context=Main#main:1,z=1
VW,context=Main#main:1,countZ=2500
VD,method=Main#main:1 <name=lcm1,type=long (id=8),value=186624,index=15>
MC,caller=Main#main:1,target=Main#gcd:6
VW,context=Main#gcd:6,y=1458
VW,context=Main#gcd:6,x=256
VW,context=Main#gcd:6,swap=1714
VW,context=Main#gcd:6,x=1458
VW,context=Main#gcd:6,y=256
MC,caller=Main#gcd:6,target=Main#gcd:7
VW,context=Main#gcd:7,y=178
VW,context=Main#gcd:7,x=256
VW,context=Main#gcd:7,swap=434
VW,context=Main#gcd:7,x=256
VW,context=Main#gcd:7,y=178
MC,caller=Main#gcd:7,target=Main#gcd:8
VW,context=Main#gcd:8,y=78
VW,context=Main#gcd:8,x=178
VW,context=Main#gcd:8,swap=256
VW,context=Main#gcd:8,x=178
VW,context=Main#gcd:8,y=78
MC,caller=Main#gcd:8,target=Main#gcd:9
VW,context=Main#gcd:9,y=22
VW,context=Main#gcd:9,x=78
VW,context=Main#gcd:9,swap=100
VW,context=Main#gcd:9,x=78
VW,context=Main#gcd:9,y=22
MC,caller=Main#gcd:9,target=Main#gcd:10
VW,context=Main#gcd:10,y=12
VW,context=Main#gcd:10,x=22
VW,context=Main#gcd:10,swap=34
VW,context=Main#gcd:10,x=22
VW,context=Main#gcd:10,y=12
MC,caller=Main#gcd:10,target=Main#gcd:11
VW,context=Main#gcd:11,y=10
VW,context=Main#gcd:11,x=12
VW,context=Main#gcd:11,swap=22
VW,context=Main#gcd:11,x=12
VW,context=Main#gcd:11,y=10
MC,caller=Main#gcd:11,target=Main#gcd:12
VW,context=Main#gcd:12,y=2
VW,context=Main#gcd:12,x=10
VW,context=Main#gcd:12,swap=12
VW,context=Main#gcd:12,x=10
VW,context=Main#gcd:12,y=2
MC,caller=Main#gcd:12,target=Main#gcd:13
VW,context=Main#gcd:13,y=0
VW,context=Main#gcd:13,x=2
VW,context=Main#gcd:13,result=2
ME,returner=Main#gcd:13,value=2
VW,context=Main#gcd:12,result=2
ME,returner=Main#gcd:12,value=2
VW,context=Main#gcd:11,result=2
ME,returner=Main#gcd:11,value=2
VW,context=Main#gcd:10,result=2
ME,returner=Main#gcd:10,value=2
VW,context=Main#gcd:9,result=2
ME,returner=Main#gcd:9,value=2
VW,context=Main#gcd:8,result=2
ME,returner=Main#gcd:8,value=2
VW,context=Main#gcd:7,result=2
ME,returner=Main#gcd:7,value=2
VW,context=Main#gcd:6,result=2
ME,returner=Main#gcd:6,value=2
VW,context=Main#main:1,lcm1=186624
VD,method=Main#main:1 <name=lcm2,type=long (id=8),value=116640000,index=16>
MC,caller=Main#main:1,target=Main#gcd:14
VW,context=Main#gcd:14,y=186624
VW,context=Main#gcd:14,x=2500
VW,context=Main#gcd:14,swap=189124
VW,context=Main#gcd:14,x=186624
VW,context=Main#gcd:14,y=2500
MC,caller=Main#gcd:14,target=Main#gcd:15
VW,context=Main#gcd:15,y=1624
VW,context=Main#gcd:15,x=2500
VW,context=Main#gcd:15,swap=4124
VW,context=Main#gcd:15,x=2500
VW,context=Main#gcd:15,y=1624
MC,caller=Main#gcd:15,target=Main#gcd:16
VW,context=Main#gcd:16,y=876
VW,context=Main#gcd:16,x=1624
VW,context=Main#gcd:16,swap=2500
VW,context=Main#gcd:16,x=1624
VW,context=Main#gcd:16,y=876
MC,caller=Main#gcd:16,target=Main#gcd:17
VW,context=Main#gcd:17,y=748
VW,context=Main#gcd:17,x=876
VW,context=Main#gcd:17,swap=1624
VW,context=Main#gcd:17,x=876
VW,context=Main#gcd:17,y=748
MC,caller=Main#gcd:17,target=Main#gcd:18
VW,context=Main#gcd:18,y=128
VW,context=Main#gcd:18,x=748
VW,context=Main#gcd:18,swap=876
VW,context=Main#gcd:18,x=748
VW,context=Main#gcd:18,y=128
MC,caller=Main#gcd:18,target=Main#gcd:19
VW,context=Main#gcd:19,y=108
VW,context=Main#gcd:19,x=128
VW,context=Main#gcd:19,swap=236
VW,context=Main#gcd:19,x=128
VW,context=Main#gcd:19,y=108
MC,caller=Main#gcd:19,target=Main#gcd:20
VW,context=Main#gcd:20,y=20
VW,context=Main#gcd:20,x=108
VW,context=Main#gcd:20,swap=128
VW,context=Main#gcd:20,x=108
VW,context=Main#gcd:20,y=20
MC,caller=Main#gcd:20,target=Main#gcd:21
VW,context=Main#gcd:21,y=8
VW,context=Main#gcd:21,x=20
VW,context=Main#gcd:21,swap=28
VW,context=Main#gcd:21,x=20
VW,context=Main#gcd:21,y=8
MC,caller=Main#gcd:21,target=Main#gcd:22
VW,context=Main#gcd:22,y=4
VW,context=Main#gcd:22,x=8
VW,context=Main#gcd:22,swap=12
VW,context=Main#gcd:22,x=8
VW,context=Main#gcd:22,y=4
MC,caller=Main#gcd:22,target=Main#gcd:23
VW,context=Main#gcd:23,y=0
VW,context=Main#gcd:23,x=4
VW,context=Main#gcd:23,result=4
ME,returner=Main#gcd:23,value=4
VW,context=Main#gcd:22,result=4
ME,returner=Main#gcd:22,value=4
VW,context=Main#gcd:21,result=4
ME,returner=Main#gcd:21,value=4
VW,context=Main#gcd:20,result=4
ME,returner=Main#gcd:20,value=4
VW,context=Main#gcd:19,result=4
ME,returner=Main#gcd:19,value=4
VW,context=Main#gcd:18,result=4
ME,returner=Main#gcd:18,value=4
VW,context=Main#gcd:17,result=4
ME,returner=Main#gcd:17,value=4
VW,context=Main#gcd:16,result=4
ME,returner=Main#gcd:16,value=4
VW,context=Main#gcd:15,result=4
ME,returner=Main#gcd:15,value=4
VW,context=Main#gcd:14,result=4
ME,returner=Main#gcd:14,value=4
VW,context=Main#main:1,lcm2=116640000
VW,context=Main#main:1,a1=0
VW,context=Main#main:1,m1=0
VW,context=Main#main:1,a2=0
VW,context=Main#main:1,m2=0
VW,context=Main#main:1,a3=0
VW,context=Main#main:1,m3=0
ME,returner=Main#main:1,value=<void>
TE,
