TS,main (1)
MC,caller=SYSTEM,target=Main#main:1
NO,object=java.lang.String[]:1
VW,context=Main#main:1,args=java.lang.String[]:1
NO,object=Main:1
MC,caller=Main#main:1,target=Main:1#Main:1
ME,returner=Main:1#Main:1,value=<void>
MC,caller=Main#main:1,target=Main:1#run:1
VW,context=Main:1#run:1,sc=java.util.Scanner (id=49)
VW,context=Main:1#run:1,m=3
VW,context=Main:1#run:1,m=2
FW,context=Main:1,n=1
FR,context=Main:1,n
NO,object=int[][][]:1
NO,object=int[][]:1
NO,object=int[]:1
FW,context=int[]:1,0=0
FW,context=int[]:1,1=0
FW,context=int[][]:1,0=int[]:1
NO,object=int[]:2
FW,context=int[]:2,0=0
FW,context=int[]:2,1=0
FW,context=int[][]:1,1=int[]:2
NO,object=int[]:3
FW,context=int[]:3,0=0
FW,context=int[]:3,1=0
FW,context=int[][]:1,2=int[]:3
NO,object=int[]:4
FW,context=int[]:4,0=0
FW,context=int[]:4,1=0
FW,context=int[][]:1,3=int[]:4
FW,context=int[][][]:1,0=int[][]:1
FW,context=Main:1,p=int[][][]:1
FR,context=Main:1,n
FR,context=Main:1,p
FR,context=Main:1,p
FR,context=Main:1,p
FR,context=Main:1,p
FR,context=Main:1,p
FR,context=Main:1,p
FR,context=Main:1,p
FR,context=Main:1,p
FR,context=Main:1,n
FR,context=Main:1,n
NO,object=Main$UnionFind:1
MC,caller=Main:1#run:1,target=Main$UnionFind:1#Main$UnionFind:1
VW,context=Main$UnionFind:1#Main$UnionFind:1,n=1
NO,object=int[]:5
FW,context=int[]:5,0=0
FW,context=Main$UnionFind:1,tree=int[]:5
FR,context=Main$UnionFind:1,tree
FW,context=Main$UnionFind:1,num=1
ME,returner=Main$UnionFind:1#Main$UnionFind:1,value=<void>
VW,context=Main:1#run:1,u=Main$UnionFind:1
FR,context=Main:1,n
FR,context=Main:1,n
VW,context=Main:1#run:1,i=0
VW,context=Main:1#run:1,j=0
MC,caller=Main:1#run:1,target=Main$UnionFind:1#find:1
VW,context=Main$UnionFind:1#find:1,x=0
VW,context=Main$UnionFind:1#find:1,y=0
MC,caller=Main$UnionFind:1#find:1,target=Main$UnionFind:1#root:1
VW,context=Main$UnionFind:1#root:1,x=0
FR,context=Main$UnionFind:1,tree
VW,context=Main$UnionFind:1#root:1,result=0
ME,returner=Main$UnionFind:1#root:1,value=0
MC,caller=Main$UnionFind:1#find:1,target=Main$UnionFind:1#root:2
VW,context=Main$UnionFind:1#root:2,x=0
FR,context=Main$UnionFind:1,tree
VW,context=Main$UnionFind:1#root:2,result=0
ME,returner=Main$UnionFind:1#root:2,value=0
VW,context=Main$UnionFind:1#find:1,result=true
ME,returner=Main$UnionFind:1#find:1,value=true
FR,context=Main:1,n
FR,context=Main:1,n
FR,context=Main$UnionFind:1,num
VD,method=Main:1#run:1 <name=i,type=int (id=7),value=<?>,index=6>
VD,method=Main:1#run:1 <name=j,type=int (id=7),value=<?>,index=7>
VW,context=Main:1#run:1,m=1
VD,method=Main:1#run:1 <name=u,type=Main$UnionFind (id=91),value=<?>,index=5>
FW,context=Main:1,n=2
FR,context=Main:1,n
NO,object=int[][][]:2
NO,object=int[][]:2
NO,object=int[]:6
FW,context=int[]:6,0=0
FW,context=int[]:6,1=0
FW,context=int[][]:2,0=int[]:6
NO,object=int[]:7
FW,context=int[]:7,0=0
FW,context=int[]:7,1=0
FW,context=int[][]:2,1=int[]:7
NO,object=int[]:8
FW,context=int[]:8,0=0
FW,context=int[]:8,1=0
FW,context=int[][]:2,2=int[]:8
NO,object=int[]:9
FW,context=int[]:9,0=0
FW,context=int[]:9,1=0
FW,context=int[][]:2,3=int[]:9
FW,context=int[][][]:2,0=int[][]:2
NO,object=int[][]:3
NO,object=int[]:10
FW,context=int[]:10,0=0
FW,context=int[]:10,1=0
FW,context=int[][]:3,0=int[]:10
NO,object=int[]:11
FW,context=int[]:11,0=0
FW,context=int[]:11,1=0
FW,context=int[][]:3,1=int[]:11
NO,object=int[]:12
FW,context=int[]:12,0=0
FW,context=int[]:12,1=0
FW,context=int[][]:3,2=int[]:12
NO,object=int[]:13
FW,context=int[]:13,0=0
FW,context=int[]:13,1=0
FW,context=int[][]:3,3=int[]:13
FW,context=int[][][]:2,1=int[][]:3
FW,context=Main:1,p=int[][][]:2
FR,context=Main:1,n
FR,context=Main:1,p
FR,context=Main:1,p
FR,context=Main:1,p
FR,context=Main:1,p
FR,context=Main:1,p
FR,context=Main:1,p
FR,context=Main:1,p
FR,context=Main:1,p
FR,context=Main:1,n
FR,context=Main:1,p
FR,context=Main:1,p
FR,context=Main:1,p
FR,context=Main:1,p
FR,context=Main:1,p
FR,context=Main:1,p
FR,context=Main:1,p
FR,context=Main:1,p
FR,context=Main:1,n
FR,context=Main:1,n
NO,object=Main$UnionFind:2
MC,caller=Main:1#run:1,target=Main$UnionFind:2#Main$UnionFind:2
VW,context=Main$UnionFind:2#Main$UnionFind:2,n=2
NO,object=int[]:14
FW,context=int[]:14,0=0
FW,context=int[]:14,1=0
FW,context=Main$UnionFind:2,tree=int[]:14
FR,context=Main$UnionFind:2,tree
FW,context=Main$UnionFind:2,num=2
ME,returner=Main$UnionFind:2#Main$UnionFind:2,value=<void>
VW,context=Main:1#run:1,u=Main$UnionFind:2
FR,context=Main:1,n
FR,context=Main:1,n
VW,context=Main:1#run:1,i=0
VW,context=Main:1#run:1,j=0
MC,caller=Main:1#run:1,target=Main$UnionFind:2#find:2
VW,context=Main$UnionFind:2#find:2,x=0
VW,context=Main$UnionFind:2#find:2,y=0
MC,caller=Main$UnionFind:2#find:2,target=Main$UnionFind:2#root:3
VW,context=Main$UnionFind:2#root:3,x=0
FR,context=Main$UnionFind:2,tree
VW,context=Main$UnionFind:2#root:3,result=0
ME,returner=Main$UnionFind:2#root:3,value=0
MC,caller=Main$UnionFind:2#find:2,target=Main$UnionFind:2#root:4
VW,context=Main$UnionFind:2#root:4,x=0
FR,context=Main$UnionFind:2,tree
VW,context=Main$UnionFind:2#root:4,result=0
ME,returner=Main$UnionFind:2#root:4,value=0
VW,context=Main$UnionFind:2#find:2,result=true
ME,returner=Main$UnionFind:2#find:2,value=true
FR,context=Main:1,n
VW,context=Main:1#run:1,j=1
MC,caller=Main:1#run:1,target=Main$UnionFind:2#find:3
VW,context=Main$UnionFind:2#find:3,x=0
VW,context=Main$UnionFind:2#find:3,y=1
MC,caller=Main$UnionFind:2#find:3,target=Main$UnionFind:2#root:5
VW,context=Main$UnionFind:2#root:5,x=0
FR,context=Main$UnionFind:2,tree
VW,context=Main$UnionFind:2#root:5,result=0
ME,returner=Main$UnionFind:2#root:5,value=0
MC,caller=Main$UnionFind:2#find:3,target=Main$UnionFind:2#root:6
VW,context=Main$UnionFind:2#root:6,x=1
FR,context=Main$UnionFind:2,tree
VW,context=Main$UnionFind:2#root:6,result=1
ME,returner=Main$UnionFind:2#root:6,value=1
VW,context=Main$UnionFind:2#find:3,result=false
ME,returner=Main$UnionFind:2#find:3,value=false
MC,caller=Main:1#run:1,target=Main:1#col:1
VW,context=Main:1#col:1,b=1
VW,context=Main:1#col:1,a=0
VW,context=Main:1#col:1,i=0
VW,context=Main:1#col:1,j=0
FR,context=Main:1,p
FR,context=Main:1,p
FR,context=Main:1,p
MC,caller=Main:1#col:1,target=Main:1#online:1
VW,context=Main:1#online:1,t=int[]:7
VW,context=Main:1#online:1,r=int[]:10
VW,context=Main:1#online:1,s=int[]:6
MC,caller=Main:1#online:1,target=Main:1#cross:1
VW,context=Main:1#cross:1,t=int[]:7
VW,context=Main:1#cross:1,r=int[]:10
VW,context=Main:1#cross:1,s=int[]:6
VW,context=Main:1#cross:1,x1=0
VW,context=Main:1#cross:1,y1=1
VW,context=Main:1#cross:1,x2=100
VW,context=Main:1#cross:1,y2=100
VW,context=Main:1#cross:1,result=-100
ME,returner=Main:1#cross:1,value=-100
VW,context=Main:1#online:1,result=false
ME,returner=Main:1#online:1,value=false
FR,context=Main:1,p
FR,context=Main:1,p
FR,context=Main:1,p
MC,caller=Main:1#col:1,target=Main:1#online:2
VW,context=Main:1#online:2,t=int[]:11
VW,context=Main:1#online:2,r=int[]:6
VW,context=Main:1#online:2,s=int[]:10
MC,caller=Main:1#online:2,target=Main:1#cross:2
VW,context=Main:1#cross:2,t=int[]:11
VW,context=Main:1#cross:2,r=int[]:6
VW,context=Main:1#cross:2,s=int[]:10
VW,context=Main:1#cross:2,x1=0
VW,context=Main:1#cross:2,y1=100
VW,context=Main:1#cross:2,x2=-100
VW,context=Main:1#cross:2,y2=-100
VW,context=Main:1#cross:2,result=10000
ME,returner=Main:1#cross:2,value=10000
VW,context=Main:1#online:2,result=false
ME,returner=Main:1#online:2,value=false
FR,context=Main:1,p
FR,context=Main:1,p
FR,context=Main:1,p
FR,context=Main:1,p
MC,caller=Main:1#col:1,target=Main:1#isCross:1
VW,context=Main:1#isCross:1,t=int[]:11
VW,context=Main:1#isCross:1,b=int[]:7
VW,context=Main:1#isCross:1,s=int[]:10
VW,context=Main:1#isCross:1,a=int[]:6
MC,caller=Main:1#isCross:1,target=Main:1#cross:3
VW,context=Main:1#cross:3,t=int[]:7
VW,context=Main:1#cross:3,r=int[]:10
VW,context=Main:1#cross:3,s=int[]:6
VW,context=Main:1#cross:3,x1=0
VW,context=Main:1#cross:3,y1=1
VW,context=Main:1#cross:3,x2=100
VW,context=Main:1#cross:3,y2=100
VW,context=Main:1#cross:3,result=-100
ME,returner=Main:1#cross:3,value=-100
MC,caller=Main:1#isCross:1,target=Main:1#cross:4
VW,context=Main:1#cross:4,t=int[]:7
VW,context=Main:1#cross:4,r=int[]:11
VW,context=Main:1#cross:4,s=int[]:6
VW,context=Main:1#cross:4,x1=0
VW,context=Main:1#cross:4,y1=1
VW,context=Main:1#cross:4,x2=100
VW,context=Main:1#cross:4,y2=200
VW,context=Main:1#cross:4,result=-100
ME,returner=Main:1#cross:4,value=-100
VW,context=Main:1#isCross:1,result=false
ME,returner=Main:1#isCross:1,value=false
VW,context=Main:1#col:1,i=0
VW,context=Main:1#col:1,j=1
FR,context=Main:1,p
FR,context=Main:1,p
FR,context=Main:1,p
MC,caller=Main:1#col:1,target=Main:1#online:3
VW,context=Main:1#online:3,t=int[]:7
VW,context=Main:1#online:3,r=int[]:11
VW,context=Main:1#online:3,s=int[]:6
MC,caller=Main:1#online:3,target=Main:1#cross:5
VW,context=Main:1#cross:5,t=int[]:7
VW,context=Main:1#cross:5,r=int[]:11
VW,context=Main:1#cross:5,s=int[]:6
VW,context=Main:1#cross:5,x1=0
VW,context=Main:1#cross:5,y1=1
VW,context=Main:1#cross:5,x2=100
VW,context=Main:1#cross:5,y2=200
VW,context=Main:1#cross:5,result=-100
ME,returner=Main:1#cross:5,value=-100
VW,context=Main:1#online:3,result=false
ME,returner=Main:1#online:3,value=false
FR,context=Main:1,p
FR,context=Main:1,p
FR,context=Main:1,p
MC,caller=Main:1#col:1,target=Main:1#online:4
VW,context=Main:1#online:4,t=int[]:11
VW,context=Main:1#online:4,r=int[]:7
VW,context=Main:1#online:4,s=int[]:10
MC,caller=Main:1#online:4,target=Main:1#cross:6
VW,context=Main:1#cross:6,t=int[]:11
VW,context=Main:1#cross:6,r=int[]:7
VW,context=Main:1#cross:6,s=int[]:10
VW,context=Main:1#cross:6,x1=0
VW,context=Main:1#cross:6,y1=100
VW,context=Main:1#cross:6,x2=-100
VW,context=Main:1#cross:6,y2=-99
VW,context=Main:1#cross:6,result=10000
ME,returner=Main:1#cross:6,value=10000
VW,context=Main:1#online:4,result=false
ME,returner=Main:1#online:4,value=false
FR,context=Main:1,p
FR,context=Main:1,p
FR,context=Main:1,p
FR,context=Main:1,p
MC,caller=Main:1#col:1,target=Main:1#isCross:2
VW,context=Main:1#isCross:2,t=int[]:12
VW,context=Main:1#isCross:2,b=int[]:7
VW,context=Main:1#isCross:2,s=int[]:11
VW,context=Main:1#isCross:2,a=int[]:6
MC,caller=Main:1#isCross:2,target=Main:1#cross:7
VW,context=Main:1#cross:7,t=int[]:7
VW,context=Main:1#cross:7,r=int[]:11
VW,context=Main:1#cross:7,s=int[]:6
VW,context=Main:1#cross:7,x1=0
VW,context=Main:1#cross:7,y1=1
VW,context=Main:1#cross:7,x2=100
VW,context=Main:1#cross:7,y2=200
VW,context=Main:1#cross:7,result=-100
ME,returner=Main:1#cross:7,value=-100
MC,caller=Main:1#isCross:2,target=Main:1#cross:8
VW,context=Main:1#cross:8,t=int[]:7
VW,context=Main:1#cross:8,r=int[]:12
VW,context=Main:1#cross:8,s=int[]:6
VW,context=Main:1#cross:8,x1=0
VW,context=Main:1#cross:8,y1=1
VW,context=Main:1#cross:8,x2=200
VW,context=Main:1#cross:8,y2=200
VW,context=Main:1#cross:8,result=-200
ME,returner=Main:1#cross:8,value=-200
VW,context=Main:1#isCross:2,result=false
ME,returner=Main:1#isCross:2,value=false
VW,context=Main:1#col:1,i=0
VW,context=Main:1#col:1,j=2
FR,context=Main:1,p
FR,context=Main:1,p
FR,context=Main:1,p
MC,caller=Main:1#col:1,target=Main:1#online:5
VW,context=Main:1#online:5,t=int[]:7
VW,context=Main:1#online:5,r=int[]:12
VW,context=Main:1#online:5,s=int[]:6
MC,caller=Main:1#online:5,target=Main:1#cross:9
VW,context=Main:1#cross:9,t=int[]:7
VW,context=Main:1#cross:9,r=int[]:12
VW,context=Main:1#cross:9,s=int[]:6
VW,context=Main:1#cross:9,x1=0
VW,context=Main:1#cross:9,y1=1
VW,context=Main:1#cross:9,x2=200
VW,context=Main:1#cross:9,y2=200
VW,context=Main:1#cross:9,result=-200
ME,returner=Main:1#cross:9,value=-200
VW,context=Main:1#online:5,result=false
ME,returner=Main:1#online:5,value=false
FR,context=Main:1,p
FR,context=Main:1,p
FR,context=Main:1,p
MC,caller=Main:1#col:1,target=Main:1#online:6
VW,context=Main:1#online:6,t=int[]:11
VW,context=Main:1#online:6,r=int[]:8
VW,context=Main:1#online:6,s=int[]:10
MC,caller=Main:1#online:6,target=Main:1#cross:10
VW,context=Main:1#cross:10,t=int[]:11
VW,context=Main:1#cross:10,r=int[]:8
VW,context=Main:1#cross:10,s=int[]:10
VW,context=Main:1#cross:10,x1=0
VW,context=Main:1#cross:10,y1=100
VW,context=Main:1#cross:10,x2=-99
VW,context=Main:1#cross:10,y2=-99
VW,context=Main:1#cross:10,result=9900
ME,returner=Main:1#cross:10,value=9900
VW,context=Main:1#online:6,result=false
ME,returner=Main:1#online:6,value=false
FR,context=Main:1,p
FR,context=Main:1,p
FR,context=Main:1,p
FR,context=Main:1,p
MC,caller=Main:1#col:1,target=Main:1#isCross:3
VW,context=Main:1#isCross:3,t=int[]:13
VW,context=Main:1#isCross:3,b=int[]:7
VW,context=Main:1#isCross:3,s=int[]:12
VW,context=Main:1#isCross:3,a=int[]:6
MC,caller=Main:1#isCross:3,target=Main:1#cross:11
VW,context=Main:1#cross:11,t=int[]:7
VW,context=Main:1#cross:11,r=int[]:12
VW,context=Main:1#cross:11,s=int[]:6
VW,context=Main:1#cross:11,x1=0
VW,context=Main:1#cross:11,y1=1
VW,context=Main:1#cross:11,x2=200
VW,context=Main:1#cross:11,y2=200
VW,context=Main:1#cross:11,result=-200
ME,returner=Main:1#cross:11,value=-200
MC,caller=Main:1#isCross:3,target=Main:1#cross:12
VW,context=Main:1#cross:12,t=int[]:7
VW,context=Main:1#cross:12,r=int[]:13
VW,context=Main:1#cross:12,s=int[]:6
VW,context=Main:1#cross:12,x1=0
VW,context=Main:1#cross:12,y1=1
VW,context=Main:1#cross:12,x2=200
VW,context=Main:1#cross:12,y2=100
VW,context=Main:1#cross:12,result=-200
ME,returner=Main:1#cross:12,value=-200
VW,context=Main:1#isCross:3,result=false
ME,returner=Main:1#isCross:3,value=false
VW,context=Main:1#col:1,i=0
VW,context=Main:1#col:1,j=3
FR,context=Main:1,p
FR,context=Main:1,p
FR,context=Main:1,p
MC,caller=Main:1#col:1,target=Main:1#online:7
VW,context=Main:1#online:7,t=int[]:7
VW,context=Main:1#online:7,r=int[]:13
VW,context=Main:1#online:7,s=int[]:6
MC,caller=Main:1#online:7,target=Main:1#cross:13
VW,context=Main:1#cross:13,t=int[]:7
VW,context=Main:1#cross:13,r=int[]:13
VW,context=Main:1#cross:13,s=int[]:6
VW,context=Main:1#cross:13,x1=0
VW,context=Main:1#cross:13,y1=1
VW,context=Main:1#cross:13,x2=200
VW,context=Main:1#cross:13,y2=100
VW,context=Main:1#cross:13,result=-200
ME,returner=Main:1#cross:13,value=-200
VW,context=Main:1#online:7,result=false
ME,returner=Main:1#online:7,value=false
FR,context=Main:1,p
FR,context=Main:1,p
FR,context=Main:1,p
MC,caller=Main:1#col:1,target=Main:1#online:8
VW,context=Main:1#online:8,t=int[]:11
VW,context=Main:1#online:8,r=int[]:9
VW,context=Main:1#online:8,s=int[]:10
MC,caller=Main:1#online:8,target=Main:1#cross:14
VW,context=Main:1#cross:14,t=int[]:11
VW,context=Main:1#cross:14,r=int[]:9
VW,context=Main:1#cross:14,s=int[]:10
VW,context=Main:1#cross:14,x1=0
VW,context=Main:1#cross:14,y1=100
VW,context=Main:1#cross:14,x2=-99
VW,context=Main:1#cross:14,y2=-100
VW,context=Main:1#cross:14,result=9900
ME,returner=Main:1#cross:14,value=9900
VW,context=Main:1#online:8,result=false
ME,returner=Main:1#online:8,value=false
FR,context=Main:1,p
FR,context=Main:1,p
FR,context=Main:1,p
FR,context=Main:1,p
MC,caller=Main:1#col:1,target=Main:1#isCross:4
VW,context=Main:1#isCross:4,t=int[]:10
VW,context=Main:1#isCross:4,b=int[]:7
VW,context=Main:1#isCross:4,s=int[]:13
VW,context=Main:1#isCross:4,a=int[]:6
MC,caller=Main:1#isCross:4,target=Main:1#cross:15
VW,context=Main:1#cross:15,t=int[]:7
VW,context=Main:1#cross:15,r=int[]:13
VW,context=Main:1#cross:15,s=int[]:6
VW,context=Main:1#cross:15,x1=0
VW,context=Main:1#cross:15,y1=1
VW,context=Main:1#cross:15,x2=200
VW,context=Main:1#cross:15,y2=100
VW,context=Main:1#cross:15,result=-200
ME,returner=Main:1#cross:15,value=-200
MC,caller=Main:1#isCross:4,target=Main:1#cross:16
VW,context=Main:1#cross:16,t=int[]:7
VW,context=Main:1#cross:16,r=int[]:10
VW,context=Main:1#cross:16,s=int[]:6
VW,context=Main:1#cross:16,x1=0
VW,context=Main:1#cross:16,y1=1
VW,context=Main:1#cross:16,x2=100
VW,context=Main:1#cross:16,y2=100
VW,context=Main:1#cross:16,result=-100
ME,returner=Main:1#cross:16,value=-100
VW,context=Main:1#isCross:4,result=false
ME,returner=Main:1#isCross:4,value=false
VW,context=Main:1#col:1,i=1
VW,context=Main:1#col:1,j=0
FR,context=Main:1,p
FR,context=Main:1,p
FR,context=Main:1,p
MC,caller=Main:1#col:1,target=Main:1#online:9
VW,context=Main:1#online:9,t=int[]:8
VW,context=Main:1#online:9,r=int[]:10
VW,context=Main:1#online:9,s=int[]:7
MC,caller=Main:1#online:9,target=Main:1#cross:17
VW,context=Main:1#cross:17,t=int[]:8
VW,context=Main:1#cross:17,r=int[]:10
VW,context=Main:1#cross:17,s=int[]:7
VW,context=Main:1#cross:17,x1=1
VW,context=Main:1#cross:17,y1=0
VW,context=Main:1#cross:17,x2=100
VW,context=Main:1#cross:17,y2=99
VW,context=Main:1#cross:17,result=99
ME,returner=Main:1#cross:17,value=99
VW,context=Main:1#online:9,result=false
ME,returner=Main:1#online:9,value=false
FR,context=Main:1,p
FR,context=Main:1,p
FR,context=Main:1,p
MC,caller=Main:1#col:1,target=Main:1#online:10
VW,context=Main:1#online:10,t=int[]:12
VW,context=Main:1#online:10,r=int[]:6
VW,context=Main:1#online:10,s=int[]:11
MC,caller=Main:1#online:10,target=Main:1#cross:18
VW,context=Main:1#cross:18,t=int[]:12
VW,context=Main:1#cross:18,r=int[]:6
VW,context=Main:1#cross:18,s=int[]:11
VW,context=Main:1#cross:18,x1=100
VW,context=Main:1#cross:18,y1=0
VW,context=Main:1#cross:18,x2=-100
VW,context=Main:1#cross:18,y2=-200
VW,context=Main:1#cross:18,result=-20000
ME,returner=Main:1#cross:18,value=-20000
VW,context=Main:1#online:10,result=false
ME,returner=Main:1#online:10,value=false
FR,context=Main:1,p
FR,context=Main:1,p
FR,context=Main:1,p
FR,context=Main:1,p
MC,caller=Main:1#col:1,target=Main:1#isCross:5
VW,context=Main:1#isCross:5,t=int[]:11
VW,context=Main:1#isCross:5,b=int[]:8
VW,context=Main:1#isCross:5,s=int[]:10
VW,context=Main:1#isCross:5,a=int[]:7
MC,caller=Main:1#isCross:5,target=Main:1#cross:19
VW,context=Main:1#cross:19,t=int[]:8
VW,context=Main:1#cross:19,r=int[]:10
VW,context=Main:1#cross:19,s=int[]:7
VW,context=Main:1#cross:19,x1=1
VW,context=Main:1#cross:19,y1=0
VW,context=Main:1#cross:19,x2=100
VW,context=Main:1#cross:19,y2=99
VW,context=Main:1#cross:19,result=99
ME,returner=Main:1#cross:19,value=99
MC,caller=Main:1#isCross:5,target=Main:1#cross:20
VW,context=Main:1#cross:20,t=int[]:8
VW,context=Main:1#cross:20,r=int[]:11
VW,context=Main:1#cross:20,s=int[]:7
VW,context=Main:1#cross:20,x1=1
VW,context=Main:1#cross:20,y1=0
VW,context=Main:1#cross:20,x2=100
VW,context=Main:1#cross:20,y2=199
VW,context=Main:1#cross:20,result=199
ME,returner=Main:1#cross:20,value=199
VW,context=Main:1#isCross:5,result=false
ME,returner=Main:1#isCross:5,value=false
VW,context=Main:1#col:1,i=1
VW,context=Main:1#col:1,j=1
FR,context=Main:1,p
FR,context=Main:1,p
FR,context=Main:1,p
MC,caller=Main:1#col:1,target=Main:1#online:11
VW,context=Main:1#online:11,t=int[]:8
VW,context=Main:1#online:11,r=int[]:11
VW,context=Main:1#online:11,s=int[]:7
MC,caller=Main:1#online:11,target=Main:1#cross:21
VW,context=Main:1#cross:21,t=int[]:8
VW,context=Main:1#cross:21,r=int[]:11
VW,context=Main:1#cross:21,s=int[]:7
VW,context=Main:1#cross:21,x1=1
VW,context=Main:1#cross:21,y1=0
VW,context=Main:1#cross:21,x2=100
VW,context=Main:1#cross:21,y2=199
VW,context=Main:1#cross:21,result=199
ME,returner=Main:1#cross:21,value=199
VW,context=Main:1#online:11,result=false
ME,returner=Main:1#online:11,value=false
FR,context=Main:1,p
FR,context=Main:1,p
FR,context=Main:1,p
MC,caller=Main:1#col:1,target=Main:1#online:12
VW,context=Main:1#online:12,t=int[]:12
VW,context=Main:1#online:12,r=int[]:7
VW,context=Main:1#online:12,s=int[]:11
MC,caller=Main:1#online:12,target=Main:1#cross:22
VW,context=Main:1#cross:22,t=int[]:12
VW,context=Main:1#cross:22,r=int[]:7
VW,context=Main:1#cross:22,s=int[]:11
VW,context=Main:1#cross:22,x1=100
VW,context=Main:1#cross:22,y1=0
VW,context=Main:1#cross:22,x2=-100
VW,context=Main:1#cross:22,y2=-199
VW,context=Main:1#cross:22,result=-19900
ME,returner=Main:1#cross:22,value=-19900
VW,context=Main:1#online:12,result=false
ME,returner=Main:1#online:12,value=false
FR,context=Main:1,p
FR,context=Main:1,p
FR,context=Main:1,p
FR,context=Main:1,p
MC,caller=Main:1#col:1,target=Main:1#isCross:6
VW,context=Main:1#isCross:6,t=int[]:12
VW,context=Main:1#isCross:6,b=int[]:8
VW,context=Main:1#isCross:6,s=int[]:11
VW,context=Main:1#isCross:6,a=int[]:7
MC,caller=Main:1#isCross:6,target=Main:1#cross:23
VW,context=Main:1#cross:23,t=int[]:8
VW,context=Main:1#cross:23,r=int[]:11
VW,context=Main:1#cross:23,s=int[]:7
VW,context=Main:1#cross:23,x1=1
VW,context=Main:1#cross:23,y1=0
VW,context=Main:1#cross:23,x2=100
VW,context=Main:1#cross:23,y2=199
VW,context=Main:1#cross:23,result=199
ME,returner=Main:1#cross:23,value=199
MC,caller=Main:1#isCross:6,target=Main:1#cross:24
VW,context=Main:1#cross:24,t=int[]:8
VW,context=Main:1#cross:24,r=int[]:12
VW,context=Main:1#cross:24,s=int[]:7
VW,context=Main:1#cross:24,x1=1
VW,context=Main:1#cross:24,y1=0
VW,context=Main:1#cross:24,x2=200
VW,context=Main:1#cross:24,y2=199
VW,context=Main:1#cross:24,result=199
ME,returner=Main:1#cross:24,value=199
VW,context=Main:1#isCross:6,result=false
ME,returner=Main:1#isCross:6,value=false
VW,context=Main:1#col:1,i=1
VW,context=Main:1#col:1,j=2
FR,context=Main:1,p
FR,context=Main:1,p
FR,context=Main:1,p
MC,caller=Main:1#col:1,target=Main:1#online:13
VW,context=Main:1#online:13,t=int[]:8
VW,context=Main:1#online:13,r=int[]:12
VW,context=Main:1#online:13,s=int[]:7
MC,caller=Main:1#online:13,target=Main:1#cross:25
VW,context=Main:1#cross:25,t=int[]:8
VW,context=Main:1#cross:25,r=int[]:12
VW,context=Main:1#cross:25,s=int[]:7
VW,context=Main:1#cross:25,x1=1
VW,context=Main:1#cross:25,y1=0
VW,context=Main:1#cross:25,x2=200
VW,context=Main:1#cross:25,y2=199
VW,context=Main:1#cross:25,result=199
ME,returner=Main:1#cross:25,value=199
VW,context=Main:1#online:13,result=false
ME,returner=Main:1#online:13,value=false
FR,context=Main:1,p
FR,context=Main:1,p
FR,context=Main:1,p
MC,caller=Main:1#col:1,target=Main:1#online:14
VW,context=Main:1#online:14,t=int[]:12
VW,context=Main:1#online:14,r=int[]:8
VW,context=Main:1#online:14,s=int[]:11
MC,caller=Main:1#online:14,target=Main:1#cross:26
VW,context=Main:1#cross:26,t=int[]:12
VW,context=Main:1#cross:26,r=int[]:8
VW,context=Main:1#cross:26,s=int[]:11
VW,context=Main:1#cross:26,x1=100
VW,context=Main:1#cross:26,y1=0
VW,context=Main:1#cross:26,x2=-99
VW,context=Main:1#cross:26,y2=-199
VW,context=Main:1#cross:26,result=-19900
ME,returner=Main:1#cross:26,value=-19900
VW,context=Main:1#online:14,result=false
ME,returner=Main:1#online:14,value=false
FR,context=Main:1,p
FR,context=Main:1,p
FR,context=Main:1,p
FR,context=Main:1,p
MC,caller=Main:1#col:1,target=Main:1#isCross:7
VW,context=Main:1#isCross:7,t=int[]:13
VW,context=Main:1#isCross:7,b=int[]:8
VW,context=Main:1#isCross:7,s=int[]:12
VW,context=Main:1#isCross:7,a=int[]:7
MC,caller=Main:1#isCross:7,target=Main:1#cross:27
VW,context=Main:1#cross:27,t=int[]:8
VW,context=Main:1#cross:27,r=int[]:12
VW,context=Main:1#cross:27,s=int[]:7
VW,context=Main:1#cross:27,x1=1
VW,context=Main:1#cross:27,y1=0
VW,context=Main:1#cross:27,x2=200
VW,context=Main:1#cross:27,y2=199
VW,context=Main:1#cross:27,result=199
ME,returner=Main:1#cross:27,value=199
MC,caller=Main:1#isCross:7,target=Main:1#cross:28
VW,context=Main:1#cross:28,t=int[]:8
VW,context=Main:1#cross:28,r=int[]:13
VW,context=Main:1#cross:28,s=int[]:7
VW,context=Main:1#cross:28,x1=1
VW,context=Main:1#cross:28,y1=0
VW,context=Main:1#cross:28,x2=200
VW,context=Main:1#cross:28,y2=99
VW,context=Main:1#cross:28,result=99
ME,returner=Main:1#cross:28,value=99
VW,context=Main:1#isCross:7,result=false
ME,returner=Main:1#isCross:7,value=false
VW,context=Main:1#col:1,i=1
VW,context=Main:1#col:1,j=3
FR,context=Main:1,p
FR,context=Main:1,p
FR,context=Main:1,p
MC,caller=Main:1#col:1,target=Main:1#online:15
VW,context=Main:1#online:15,t=int[]:8
VW,context=Main:1#online:15,r=int[]:13
VW,context=Main:1#online:15,s=int[]:7
MC,caller=Main:1#online:15,target=Main:1#cross:29
VW,context=Main:1#cross:29,t=int[]:8
VW,context=Main:1#cross:29,r=int[]:13
VW,context=Main:1#cross:29,s=int[]:7
VW,context=Main:1#cross:29,x1=1
VW,context=Main:1#cross:29,y1=0
VW,context=Main:1#cross:29,x2=200
VW,context=Main:1#cross:29,y2=99
VW,context=Main:1#cross:29,result=99
ME,returner=Main:1#cross:29,value=99
VW,context=Main:1#online:15,result=false
ME,returner=Main:1#online:15,value=false
FR,context=Main:1,p
FR,context=Main:1,p
FR,context=Main:1,p
MC,caller=Main:1#col:1,target=Main:1#online:16
VW,context=Main:1#online:16,t=int[]:12
VW,context=Main:1#online:16,r=int[]:9
VW,context=Main:1#online:16,s=int[]:11
MC,caller=Main:1#online:16,target=Main:1#cross:30
VW,context=Main:1#cross:30,t=int[]:12
VW,context=Main:1#cross:30,r=int[]:9
VW,context=Main:1#cross:30,s=int[]:11
VW,context=Main:1#cross:30,x1=100
VW,context=Main:1#cross:30,y1=0
VW,context=Main:1#cross:30,x2=-99
VW,context=Main:1#cross:30,y2=-200
VW,context=Main:1#cross:30,result=-20000
ME,returner=Main:1#cross:30,value=-20000
VW,context=Main:1#online:16,result=false
ME,returner=Main:1#online:16,value=false
FR,context=Main:1,p
FR,context=Main:1,p
FR,context=Main:1,p
FR,context=Main:1,p
MC,caller=Main:1#col:1,target=Main:1#isCross:8
VW,context=Main:1#isCross:8,t=int[]:10
VW,context=Main:1#isCross:8,b=int[]:8
VW,context=Main:1#isCross:8,s=int[]:13
VW,context=Main:1#isCross:8,a=int[]:7
MC,caller=Main:1#isCross:8,target=Main:1#cross:31
VW,context=Main:1#cross:31,t=int[]:8
VW,context=Main:1#cross:31,r=int[]:13
VW,context=Main:1#cross:31,s=int[]:7
VW,context=Main:1#cross:31,x1=1
VW,context=Main:1#cross:31,y1=0
VW,context=Main:1#cross:31,x2=200
VW,context=Main:1#cross:31,y2=99
VW,context=Main:1#cross:31,result=99
ME,returner=Main:1#cross:31,value=99
MC,caller=Main:1#isCross:8,target=Main:1#cross:32
VW,context=Main:1#cross:32,t=int[]:8
VW,context=Main:1#cross:32,r=int[]:10
VW,context=Main:1#cross:32,s=int[]:7
VW,context=Main:1#cross:32,x1=1
VW,context=Main:1#cross:32,y1=0
VW,context=Main:1#cross:32,x2=100
VW,context=Main:1#cross:32,y2=99
VW,context=Main:1#cross:32,result=99
ME,returner=Main:1#cross:32,value=99
VW,context=Main:1#isCross:8,result=false
ME,returner=Main:1#isCross:8,value=false
VW,context=Main:1#col:1,i=2
VW,context=Main:1#col:1,j=0
FR,context=Main:1,p
FR,context=Main:1,p
FR,context=Main:1,p
MC,caller=Main:1#col:1,target=Main:1#online:17
VW,context=Main:1#online:17,t=int[]:9
VW,context=Main:1#online:17,r=int[]:10
VW,context=Main:1#online:17,s=int[]:8
MC,caller=Main:1#online:17,target=Main:1#cross:33
VW,context=Main:1#cross:33,t=int[]:9
VW,context=Main:1#cross:33,r=int[]:10
VW,context=Main:1#cross:33,s=int[]:8
VW,context=Main:1#cross:33,x1=0
VW,context=Main:1#cross:33,y1=-1
VW,context=Main:1#cross:33,x2=99
VW,context=Main:1#cross:33,y2=99
VW,context=Main:1#cross:33,result=99
ME,returner=Main:1#cross:33,value=99
VW,context=Main:1#online:17,result=false
ME,returner=Main:1#online:17,value=false
FR,context=Main:1,p
FR,context=Main:1,p
FR,context=Main:1,p
MC,caller=Main:1#col:1,target=Main:1#online:18
VW,context=Main:1#online:18,t=int[]:13
VW,context=Main:1#online:18,r=int[]:6
VW,context=Main:1#online:18,s=int[]:12
MC,caller=Main:1#online:18,target=Main:1#cross:34
VW,context=Main:1#cross:34,t=int[]:13
VW,context=Main:1#cross:34,r=int[]:6
VW,context=Main:1#cross:34,s=int[]:12
VW,context=Main:1#cross:34,x1=0
VW,context=Main:1#cross:34,y1=-100
VW,context=Main:1#cross:34,x2=-200
VW,context=Main:1#cross:34,y2=-200
VW,context=Main:1#cross:34,result=-20000
ME,returner=Main:1#cross:34,value=-20000
VW,context=Main:1#online:18,result=false
ME,returner=Main:1#online:18,value=false
FR,context=Main:1,p
FR,context=Main:1,p
FR,context=Main:1,p
FR,context=Main:1,p
MC,caller=Main:1#col:1,target=Main:1#isCross:9
VW,context=Main:1#isCross:9,t=int[]:11
VW,context=Main:1#isCross:9,b=int[]:9
VW,context=Main:1#isCross:9,s=int[]:10
VW,context=Main:1#isCross:9,a=int[]:8
MC,caller=Main:1#isCross:9,target=Main:1#cross:35
VW,context=Main:1#cross:35,t=int[]:9
VW,context=Main:1#cross:35,r=int[]:10
VW,context=Main:1#cross:35,s=int[]:8
VW,context=Main:1#cross:35,x1=0
VW,context=Main:1#cross:35,y1=-1
VW,context=Main:1#cross:35,x2=99
VW,context=Main:1#cross:35,y2=99
VW,context=Main:1#cross:35,result=99
ME,returner=Main:1#cross:35,value=99
MC,caller=Main:1#isCross:9,target=Main:1#cross:36
VW,context=Main:1#cross:36,t=int[]:9
VW,context=Main:1#cross:36,r=int[]:11
VW,context=Main:1#cross:36,s=int[]:8
VW,context=Main:1#cross:36,x1=0
VW,context=Main:1#cross:36,y1=-1
VW,context=Main:1#cross:36,x2=99
VW,context=Main:1#cross:36,y2=199
VW,context=Main:1#cross:36,result=99
ME,returner=Main:1#cross:36,value=99
VW,context=Main:1#isCross:9,result=false
ME,returner=Main:1#isCross:9,value=false
VW,context=Main:1#col:1,i=2
VW,context=Main:1#col:1,j=1
FR,context=Main:1,p
FR,context=Main:1,p
FR,context=Main:1,p
MC,caller=Main:1#col:1,target=Main:1#online:19
VW,context=Main:1#online:19,t=int[]:9
VW,context=Main:1#online:19,r=int[]:11
VW,context=Main:1#online:19,s=int[]:8
MC,caller=Main:1#online:19,target=Main:1#cross:37
VW,context=Main:1#cross:37,t=int[]:9
VW,context=Main:1#cross:37,r=int[]:11
VW,context=Main:1#cross:37,s=int[]:8
VW,context=Main:1#cross:37,x1=0
VW,context=Main:1#cross:37,y1=-1
VW,context=Main:1#cross:37,x2=99
VW,context=Main:1#cross:37,y2=199
VW,context=Main:1#cross:37,result=99
ME,returner=Main:1#cross:37,value=99
VW,context=Main:1#online:19,result=false
ME,returner=Main:1#online:19,value=false
FR,context=Main:1,p
FR,context=Main:1,p
FR,context=Main:1,p
MC,caller=Main:1#col:1,target=Main:1#online:20
VW,context=Main:1#online:20,t=int[]:13
VW,context=Main:1#online:20,r=int[]:7
VW,context=Main:1#online:20,s=int[]:12
MC,caller=Main:1#online:20,target=Main:1#cross:38
VW,context=Main:1#cross:38,t=int[]:13
VW,context=Main:1#cross:38,r=int[]:7
VW,context=Main:1#cross:38,s=int[]:12
VW,context=Main:1#cross:38,x1=0
VW,context=Main:1#cross:38,y1=-100
VW,context=Main:1#cross:38,x2=-200
VW,context=Main:1#cross:38,y2=-199
VW,context=Main:1#cross:38,result=-20000
ME,returner=Main:1#cross:38,value=-20000
VW,context=Main:1#online:20,result=false
ME,returner=Main:1#online:20,value=false
FR,context=Main:1,p
FR,context=Main:1,p
FR,context=Main:1,p
FR,context=Main:1,p
MC,caller=Main:1#col:1,target=Main:1#isCross:10
VW,context=Main:1#isCross:10,t=int[]:12
VW,context=Main:1#isCross:10,b=int[]:9
VW,context=Main:1#isCross:10,s=int[]:11
VW,context=Main:1#isCross:10,a=int[]:8
MC,caller=Main:1#isCross:10,target=Main:1#cross:39
VW,context=Main:1#cross:39,t=int[]:9
VW,context=Main:1#cross:39,r=int[]:11
VW,context=Main:1#cross:39,s=int[]:8
VW,context=Main:1#cross:39,x1=0
VW,context=Main:1#cross:39,y1=-1
VW,context=Main:1#cross:39,x2=99
VW,context=Main:1#cross:39,y2=199
VW,context=Main:1#cross:39,result=99
ME,returner=Main:1#cross:39,value=99
MC,caller=Main:1#isCross:10,target=Main:1#cross:40
VW,context=Main:1#cross:40,t=int[]:9
VW,context=Main:1#cross:40,r=int[]:12
VW,context=Main:1#cross:40,s=int[]:8
VW,context=Main:1#cross:40,x1=0
VW,context=Main:1#cross:40,y1=-1
VW,context=Main:1#cross:40,x2=199
VW,context=Main:1#cross:40,y2=199
VW,context=Main:1#cross:40,result=199
ME,returner=Main:1#cross:40,value=199
VW,context=Main:1#isCross:10,result=false
ME,returner=Main:1#isCross:10,value=false
VW,context=Main:1#col:1,i=2
VW,context=Main:1#col:1,j=2
FR,context=Main:1,p
FR,context=Main:1,p
FR,context=Main:1,p
MC,caller=Main:1#col:1,target=Main:1#online:21
VW,context=Main:1#online:21,t=int[]:9
VW,context=Main:1#online:21,r=int[]:12
VW,context=Main:1#online:21,s=int[]:8
MC,caller=Main:1#online:21,target=Main:1#cross:41
VW,context=Main:1#cross:41,t=int[]:9
VW,context=Main:1#cross:41,r=int[]:12
VW,context=Main:1#cross:41,s=int[]:8
VW,context=Main:1#cross:41,x1=0
VW,context=Main:1#cross:41,y1=-1
VW,context=Main:1#cross:41,x2=199
VW,context=Main:1#cross:41,y2=199
VW,context=Main:1#cross:41,result=199
ME,returner=Main:1#cross:41,value=199
VW,context=Main:1#online:21,result=false
ME,returner=Main:1#online:21,value=false
FR,context=Main:1,p
FR,context=Main:1,p
FR,context=Main:1,p
MC,caller=Main:1#col:1,target=Main:1#online:22
VW,context=Main:1#online:22,t=int[]:13
VW,context=Main:1#online:22,r=int[]:8
VW,context=Main:1#online:22,s=int[]:12
MC,caller=Main:1#online:22,target=Main:1#cross:42
VW,context=Main:1#cross:42,t=int[]:13
VW,context=Main:1#cross:42,r=int[]:8
VW,context=Main:1#cross:42,s=int[]:12
VW,context=Main:1#cross:42,x1=0
VW,context=Main:1#cross:42,y1=-100
VW,context=Main:1#cross:42,x2=-199
VW,context=Main:1#cross:42,y2=-199
VW,context=Main:1#cross:42,result=-19900
ME,returner=Main:1#cross:42,value=-19900
VW,context=Main:1#online:22,result=false
ME,returner=Main:1#online:22,value=false
FR,context=Main:1,p
FR,context=Main:1,p
FR,context=Main:1,p
FR,context=Main:1,p
MC,caller=Main:1#col:1,target=Main:1#isCross:11
VW,context=Main:1#isCross:11,t=int[]:13
VW,context=Main:1#isCross:11,b=int[]:9
VW,context=Main:1#isCross:11,s=int[]:12
VW,context=Main:1#isCross:11,a=int[]:8
MC,caller=Main:1#isCross:11,target=Main:1#cross:43
VW,context=Main:1#cross:43,t=int[]:9
VW,context=Main:1#cross:43,r=int[]:12
VW,context=Main:1#cross:43,s=int[]:8
VW,context=Main:1#cross:43,x1=0
VW,context=Main:1#cross:43,y1=-1
VW,context=Main:1#cross:43,x2=199
VW,context=Main:1#cross:43,y2=199
VW,context=Main:1#cross:43,result=199
ME,returner=Main:1#cross:43,value=199
MC,caller=Main:1#isCross:11,target=Main:1#cross:44
VW,context=Main:1#cross:44,t=int[]:9
VW,context=Main:1#cross:44,r=int[]:13
VW,context=Main:1#cross:44,s=int[]:8
VW,context=Main:1#cross:44,x1=0
VW,context=Main:1#cross:44,y1=-1
VW,context=Main:1#cross:44,x2=199
VW,context=Main:1#cross:44,y2=99
VW,context=Main:1#cross:44,result=199
ME,returner=Main:1#cross:44,value=199
VW,context=Main:1#isCross:11,result=false
ME,returner=Main:1#isCross:11,value=false
VW,context=Main:1#col:1,i=2
VW,context=Main:1#col:1,j=3
FR,context=Main:1,p
FR,context=Main:1,p
FR,context=Main:1,p
MC,caller=Main:1#col:1,target=Main:1#online:23
VW,context=Main:1#online:23,t=int[]:9
VW,context=Main:1#online:23,r=int[]:13
VW,context=Main:1#online:23,s=int[]:8
MC,caller=Main:1#online:23,target=Main:1#cross:45
VW,context=Main:1#cross:45,t=int[]:9
VW,context=Main:1#cross:45,r=int[]:13
VW,context=Main:1#cross:45,s=int[]:8
VW,context=Main:1#cross:45,x1=0
VW,context=Main:1#cross:45,y1=-1
VW,context=Main:1#cross:45,x2=199
VW,context=Main:1#cross:45,y2=99
VW,context=Main:1#cross:45,result=199
ME,returner=Main:1#cross:45,value=199
VW,context=Main:1#online:23,result=false
ME,returner=Main:1#online:23,value=false
FR,context=Main:1,p
FR,context=Main:1,p
FR,context=Main:1,p
MC,caller=Main:1#col:1,target=Main:1#online:24
VW,context=Main:1#online:24,t=int[]:13
VW,context=Main:1#online:24,r=int[]:9
VW,context=Main:1#online:24,s=int[]:12
MC,caller=Main:1#online:24,target=Main:1#cross:46
VW,context=Main:1#cross:46,t=int[]:13
VW,context=Main:1#cross:46,r=int[]:9
VW,context=Main:1#cross:46,s=int[]:12
VW,context=Main:1#cross:46,x1=0
VW,context=Main:1#cross:46,y1=-100
VW,context=Main:1#cross:46,x2=-199
VW,context=Main:1#cross:46,y2=-200
VW,context=Main:1#cross:46,result=-19900
ME,returner=Main:1#cross:46,value=-19900
VW,context=Main:1#online:24,result=false
ME,returner=Main:1#online:24,value=false
FR,context=Main:1,p
FR,context=Main:1,p
FR,context=Main:1,p
FR,context=Main:1,p
MC,caller=Main:1#col:1,target=Main:1#isCross:12
VW,context=Main:1#isCross:12,t=int[]:10
VW,context=Main:1#isCross:12,b=int[]:9
VW,context=Main:1#isCross:12,s=int[]:13
VW,context=Main:1#isCross:12,a=int[]:8
MC,caller=Main:1#isCross:12,target=Main:1#cross:47
VW,context=Main:1#cross:47,t=int[]:9
VW,context=Main:1#cross:47,r=int[]:13
VW,context=Main:1#cross:47,s=int[]:8
VW,context=Main:1#cross:47,x1=0
VW,context=Main:1#cross:47,y1=-1
VW,context=Main:1#cross:47,x2=199
VW,context=Main:1#cross:47,y2=99
VW,context=Main:1#cross:47,result=199
ME,returner=Main:1#cross:47,value=199
MC,caller=Main:1#isCross:12,target=Main:1#cross:48
VW,context=Main:1#cross:48,t=int[]:9
VW,context=Main:1#cross:48,r=int[]:10
VW,context=Main:1#cross:48,s=int[]:8
VW,context=Main:1#cross:48,x1=0
VW,context=Main:1#cross:48,y1=-1
VW,context=Main:1#cross:48,x2=99
VW,context=Main:1#cross:48,y2=99
VW,context=Main:1#cross:48,result=99
ME,returner=Main:1#cross:48,value=99
VW,context=Main:1#isCross:12,result=false
ME,returner=Main:1#isCross:12,value=false
VW,context=Main:1#col:1,i=3
VW,context=Main:1#col:1,j=0
FR,context=Main:1,p
FR,context=Main:1,p
FR,context=Main:1,p
MC,caller=Main:1#col:1,target=Main:1#online:25
VW,context=Main:1#online:25,t=int[]:6
VW,context=Main:1#online:25,r=int[]:10
VW,context=Main:1#online:25,s=int[]:9
MC,caller=Main:1#online:25,target=Main:1#cross:49
VW,context=Main:1#cross:49,t=int[]:6
VW,context=Main:1#cross:49,r=int[]:10
VW,context=Main:1#cross:49,s=int[]:9
VW,context=Main:1#cross:49,x1=-1
VW,context=Main:1#cross:49,y1=0
VW,context=Main:1#cross:49,x2=99
VW,context=Main:1#cross:49,y2=100
VW,context=Main:1#cross:49,result=-100
ME,returner=Main:1#cross:49,value=-100
VW,context=Main:1#online:25,result=false
ME,returner=Main:1#online:25,value=false
FR,context=Main:1,p
FR,context=Main:1,p
FR,context=Main:1,p
MC,caller=Main:1#col:1,target=Main:1#online:26
VW,context=Main:1#online:26,t=int[]:10
VW,context=Main:1#online:26,r=int[]:6
VW,context=Main:1#online:26,s=int[]:13
MC,caller=Main:1#online:26,target=Main:1#cross:50
VW,context=Main:1#cross:50,t=int[]:10
VW,context=Main:1#cross:50,r=int[]:6
VW,context=Main:1#cross:50,s=int[]:13
VW,context=Main:1#cross:50,x1=-100
VW,context=Main:1#cross:50,y1=0
VW,context=Main:1#cross:50,x2=-200
VW,context=Main:1#cross:50,y2=-100
VW,context=Main:1#cross:50,result=10000
ME,returner=Main:1#cross:50,value=10000
VW,context=Main:1#online:26,result=false
ME,returner=Main:1#online:26,value=false
FR,context=Main:1,p
FR,context=Main:1,p
FR,context=Main:1,p
FR,context=Main:1,p
MC,caller=Main:1#col:1,target=Main:1#isCross:13
VW,context=Main:1#isCross:13,t=int[]:11
VW,context=Main:1#isCross:13,b=int[]:6
VW,context=Main:1#isCross:13,s=int[]:10
VW,context=Main:1#isCross:13,a=int[]:9
MC,caller=Main:1#isCross:13,target=Main:1#cross:51
VW,context=Main:1#cross:51,t=int[]:6
VW,context=Main:1#cross:51,r=int[]:10
VW,context=Main:1#cross:51,s=int[]:9
VW,context=Main:1#cross:51,x1=-1
VW,context=Main:1#cross:51,y1=0
VW,context=Main:1#cross:51,x2=99
VW,context=Main:1#cross:51,y2=100
VW,context=Main:1#cross:51,result=-100
ME,returner=Main:1#cross:51,value=-100
MC,caller=Main:1#isCross:13,target=Main:1#cross:52
VW,context=Main:1#cross:52,t=int[]:6
VW,context=Main:1#cross:52,r=int[]:11
VW,context=Main:1#cross:52,s=int[]:9
VW,context=Main:1#cross:52,x1=-1
VW,context=Main:1#cross:52,y1=0
VW,context=Main:1#cross:52,x2=99
VW,context=Main:1#cross:52,y2=200
VW,context=Main:1#cross:52,result=-200
ME,returner=Main:1#cross:52,value=-200
VW,context=Main:1#isCross:13,result=false
ME,returner=Main:1#isCross:13,value=false
VW,context=Main:1#col:1,i=3
VW,context=Main:1#col:1,j=1
FR,context=Main:1,p
FR,context=Main:1,p
FR,context=Main:1,p
MC,caller=Main:1#col:1,target=Main:1#online:27
VW,context=Main:1#online:27,t=int[]:6
VW,context=Main:1#online:27,r=int[]:11
VW,context=Main:1#online:27,s=int[]:9
MC,caller=Main:1#online:27,target=Main:1#cross:53
VW,context=Main:1#cross:53,t=int[]:6
VW,context=Main:1#cross:53,r=int[]:11
VW,context=Main:1#cross:53,s=int[]:9
VW,context=Main:1#cross:53,x1=-1
VW,context=Main:1#cross:53,y1=0
VW,context=Main:1#cross:53,x2=99
VW,context=Main:1#cross:53,y2=200
VW,context=Main:1#cross:53,result=-200
ME,returner=Main:1#cross:53,value=-200
VW,context=Main:1#online:27,result=false
ME,returner=Main:1#online:27,value=false
FR,context=Main:1,p
FR,context=Main:1,p
FR,context=Main:1,p
MC,caller=Main:1#col:1,target=Main:1#online:28
VW,context=Main:1#online:28,t=int[]:10
VW,context=Main:1#online:28,r=int[]:7
VW,context=Main:1#online:28,s=int[]:13
MC,caller=Main:1#online:28,target=Main:1#cross:54
VW,context=Main:1#cross:54,t=int[]:10
VW,context=Main:1#cross:54,r=int[]:7
VW,context=Main:1#cross:54,s=int[]:13
VW,context=Main:1#cross:54,x1=-100
VW,context=Main:1#cross:54,y1=0
VW,context=Main:1#cross:54,x2=-200
VW,context=Main:1#cross:54,y2=-99
VW,context=Main:1#cross:54,result=9900
ME,returner=Main:1#cross:54,value=9900
VW,context=Main:1#online:28,result=false
ME,returner=Main:1#online:28,value=false
FR,context=Main:1,p
FR,context=Main:1,p
FR,context=Main:1,p
FR,context=Main:1,p
MC,caller=Main:1#col:1,target=Main:1#isCross:14
VW,context=Main:1#isCross:14,t=int[]:12
VW,context=Main:1#isCross:14,b=int[]:6
VW,context=Main:1#isCross:14,s=int[]:11
VW,context=Main:1#isCross:14,a=int[]:9
MC,caller=Main:1#isCross:14,target=Main:1#cross:55
VW,context=Main:1#cross:55,t=int[]:6
VW,context=Main:1#cross:55,r=int[]:11
VW,context=Main:1#cross:55,s=int[]:9
VW,context=Main:1#cross:55,x1=-1
VW,context=Main:1#cross:55,y1=0
VW,context=Main:1#cross:55,x2=99
VW,context=Main:1#cross:55,y2=200
VW,context=Main:1#cross:55,result=-200
ME,returner=Main:1#cross:55,value=-200
MC,caller=Main:1#isCross:14,target=Main:1#cross:56
VW,context=Main:1#cross:56,t=int[]:6
VW,context=Main:1#cross:56,r=int[]:12
VW,context=Main:1#cross:56,s=int[]:9
VW,context=Main:1#cross:56,x1=-1
VW,context=Main:1#cross:56,y1=0
VW,context=Main:1#cross:56,x2=199
VW,context=Main:1#cross:56,y2=200
VW,context=Main:1#cross:56,result=-200
ME,returner=Main:1#cross:56,value=-200
VW,context=Main:1#isCross:14,result=false
ME,returner=Main:1#isCross:14,value=false
VW,context=Main:1#col:1,i=3
VW,context=Main:1#col:1,j=2
FR,context=Main:1,p
FR,context=Main:1,p
FR,context=Main:1,p
MC,caller=Main:1#col:1,target=Main:1#online:29
VW,context=Main:1#online:29,t=int[]:6
VW,context=Main:1#online:29,r=int[]:12
VW,context=Main:1#online:29,s=int[]:9
MC,caller=Main:1#online:29,target=Main:1#cross:57
VW,context=Main:1#cross:57,t=int[]:6
VW,context=Main:1#cross:57,r=int[]:12
VW,context=Main:1#cross:57,s=int[]:9
VW,context=Main:1#cross:57,x1=-1
VW,context=Main:1#cross:57,y1=0
VW,context=Main:1#cross:57,x2=199
VW,context=Main:1#cross:57,y2=200
VW,context=Main:1#cross:57,result=-200
ME,returner=Main:1#cross:57,value=-200
VW,context=Main:1#online:29,result=false
ME,returner=Main:1#online:29,value=false
FR,context=Main:1,p
FR,context=Main:1,p
FR,context=Main:1,p
MC,caller=Main:1#col:1,target=Main:1#online:30
VW,context=Main:1#online:30,t=int[]:10
VW,context=Main:1#online:30,r=int[]:8
VW,context=Main:1#online:30,s=int[]:13
MC,caller=Main:1#online:30,target=Main:1#cross:58
VW,context=Main:1#cross:58,t=int[]:10
VW,context=Main:1#cross:58,r=int[]:8
VW,context=Main:1#cross:58,s=int[]:13
VW,context=Main:1#cross:58,x1=-100
VW,context=Main:1#cross:58,y1=0
VW,context=Main:1#cross:58,x2=-199
VW,context=Main:1#cross:58,y2=-99
VW,context=Main:1#cross:58,result=9900
ME,returner=Main:1#cross:58,value=9900
VW,context=Main:1#online:30,result=false
ME,returner=Main:1#online:30,value=false
FR,context=Main:1,p
FR,context=Main:1,p
FR,context=Main:1,p
FR,context=Main:1,p
MC,caller=Main:1#col:1,target=Main:1#isCross:15
VW,context=Main:1#isCross:15,t=int[]:13
VW,context=Main:1#isCross:15,b=int[]:6
VW,context=Main:1#isCross:15,s=int[]:12
VW,context=Main:1#isCross:15,a=int[]:9
MC,caller=Main:1#isCross:15,target=Main:1#cross:59
VW,context=Main:1#cross:59,t=int[]:6
VW,context=Main:1#cross:59,r=int[]:12
VW,context=Main:1#cross:59,s=int[]:9
VW,context=Main:1#cross:59,x1=-1
VW,context=Main:1#cross:59,y1=0
VW,context=Main:1#cross:59,x2=199
VW,context=Main:1#cross:59,y2=200
VW,context=Main:1#cross:59,result=-200
ME,returner=Main:1#cross:59,value=-200
MC,caller=Main:1#isCross:15,target=Main:1#cross:60
VW,context=Main:1#cross:60,t=int[]:6
VW,context=Main:1#cross:60,r=int[]:13
VW,context=Main:1#cross:60,s=int[]:9
VW,context=Main:1#cross:60,x1=-1
VW,context=Main:1#cross:60,y1=0
VW,context=Main:1#cross:60,x2=199
VW,context=Main:1#cross:60,y2=100
VW,context=Main:1#cross:60,result=-100
ME,returner=Main:1#cross:60,value=-100
VW,context=Main:1#isCross:15,result=false
ME,returner=Main:1#isCross:15,value=false
VW,context=Main:1#col:1,i=3
VW,context=Main:1#col:1,j=3
FR,context=Main:1,p
FR,context=Main:1,p
FR,context=Main:1,p
MC,caller=Main:1#col:1,target=Main:1#online:31
VW,context=Main:1#online:31,t=int[]:6
VW,context=Main:1#online:31,r=int[]:13
VW,context=Main:1#online:31,s=int[]:9
MC,caller=Main:1#online:31,target=Main:1#cross:61
VW,context=Main:1#cross:61,t=int[]:6
VW,context=Main:1#cross:61,r=int[]:13
VW,context=Main:1#cross:61,s=int[]:9
VW,context=Main:1#cross:61,x1=-1
VW,context=Main:1#cross:61,y1=0
VW,context=Main:1#cross:61,x2=199
VW,context=Main:1#cross:61,y2=100
VW,context=Main:1#cross:61,result=-100
ME,returner=Main:1#cross:61,value=-100
VW,context=Main:1#online:31,result=false
ME,returner=Main:1#online:31,value=false
FR,context=Main:1,p
FR,context=Main:1,p
FR,context=Main:1,p
MC,caller=Main:1#col:1,target=Main:1#online:32
VW,context=Main:1#online:32,t=int[]:10
VW,context=Main:1#online:32,r=int[]:9
VW,context=Main:1#online:32,s=int[]:13
MC,caller=Main:1#online:32,target=Main:1#cross:62
VW,context=Main:1#cross:62,t=int[]:10
VW,context=Main:1#cross:62,r=int[]:9
VW,context=Main:1#cross:62,s=int[]:13
VW,context=Main:1#cross:62,x1=-100
VW,context=Main:1#cross:62,y1=0
VW,context=Main:1#cross:62,x2=-199
VW,context=Main:1#cross:62,y2=-100
VW,context=Main:1#cross:62,result=10000
ME,returner=Main:1#cross:62,value=10000
VW,context=Main:1#online:32,result=false
ME,returner=Main:1#online:32,value=false
FR,context=Main:1,p
FR,context=Main:1,p
FR,context=Main:1,p
FR,context=Main:1,p
MC,caller=Main:1#col:1,target=Main:1#isCross:16
VW,context=Main:1#isCross:16,t=int[]:10
VW,context=Main:1#isCross:16,b=int[]:6
VW,context=Main:1#isCross:16,s=int[]:13
VW,context=Main:1#isCross:16,a=int[]:9
MC,caller=Main:1#isCross:16,target=Main:1#cross:63
VW,context=Main:1#cross:63,t=int[]:6
VW,context=Main:1#cross:63,r=int[]:13
VW,context=Main:1#cross:63,s=int[]:9
VW,context=Main:1#cross:63,x1=-1
VW,context=Main:1#cross:63,y1=0
VW,context=Main:1#cross:63,x2=199
VW,context=Main:1#cross:63,y2=100
VW,context=Main:1#cross:63,result=-100
ME,returner=Main:1#cross:63,value=-100
MC,caller=Main:1#isCross:16,target=Main:1#cross:64
VW,context=Main:1#cross:64,t=int[]:6
VW,context=Main:1#cross:64,r=int[]:10
VW,context=Main:1#cross:64,s=int[]:9
VW,context=Main:1#cross:64,x1=-1
VW,context=Main:1#cross:64,y1=0
VW,context=Main:1#cross:64,x2=99
VW,context=Main:1#cross:64,y2=100
VW,context=Main:1#cross:64,result=-100
ME,returner=Main:1#cross:64,value=-100
VW,context=Main:1#isCross:16,result=false
ME,returner=Main:1#isCross:16,value=false
VD,method=Main:1#col:1 <name=i,type=int (id=7),value=<?>,index=2>
VD,method=Main:1#col:1 <name=j,type=int (id=7),value=<?>,index=3>
VW,context=Main:1#col:1,j=0
VW,context=Main:1#col:1,in=true
FR,context=Main:1,p
FR,context=Main:1,p
FR,context=Main:1,p
MC,caller=Main:1#col:1,target=Main:1#cross:65
VW,context=Main:1#cross:65,t=int[]:7
VW,context=Main:1#cross:65,r=int[]:10
VW,context=Main:1#cross:65,s=int[]:6
VW,context=Main:1#cross:65,x1=0
VW,context=Main:1#cross:65,y1=1
VW,context=Main:1#cross:65,x2=100
VW,context=Main:1#cross:65,y2=100
VW,context=Main:1#cross:65,result=-100
ME,returner=Main:1#cross:65,value=-100
FR,context=Main:1,p
FR,context=Main:1,p
FR,context=Main:1,p
MC,caller=Main:1#col:1,target=Main:1#cross:66
VW,context=Main:1#cross:66,t=int[]:8
VW,context=Main:1#cross:66,r=int[]:10
VW,context=Main:1#cross:66,s=int[]:7
VW,context=Main:1#cross:66,x1=1
VW,context=Main:1#cross:66,y1=0
VW,context=Main:1#cross:66,x2=100
VW,context=Main:1#cross:66,y2=99
VW,context=Main:1#cross:66,result=99
ME,returner=Main:1#cross:66,value=99
FR,context=Main:1,p
FR,context=Main:1,p
FR,context=Main:1,p
MC,caller=Main:1#col:1,target=Main:1#cross:67
VW,context=Main:1#cross:67,t=int[]:9
VW,context=Main:1#cross:67,r=int[]:10
VW,context=Main:1#cross:67,s=int[]:8
VW,context=Main:1#cross:67,x1=0
VW,context=Main:1#cross:67,y1=-1
VW,context=Main:1#cross:67,x2=99
VW,context=Main:1#cross:67,y2=99
VW,context=Main:1#cross:67,result=99
ME,returner=Main:1#cross:67,value=99
FR,context=Main:1,p
FR,context=Main:1,p
FR,context=Main:1,p
MC,caller=Main:1#col:1,target=Main:1#cross:68
VW,context=Main:1#cross:68,t=int[]:6
VW,context=Main:1#cross:68,r=int[]:10
VW,context=Main:1#cross:68,s=int[]:9
VW,context=Main:1#cross:68,x1=-1
VW,context=Main:1#cross:68,y1=0
VW,context=Main:1#cross:68,x2=99
VW,context=Main:1#cross:68,y2=100
VW,context=Main:1#cross:68,result=-100
ME,returner=Main:1#cross:68,value=-100
VW,context=Main:1#col:1,in=false
VW,context=Main:1#col:1,j=1
VD,method=Main:1#col:1 <name=in,type=boolean (id=2),value=<?>,index=5>
VW,context=Main:1#col:1,in=true
FR,context=Main:1,p
FR,context=Main:1,p
FR,context=Main:1,p
MC,caller=Main:1#col:1,target=Main:1#cross:69
VW,context=Main:1#cross:69,t=int[]:7
VW,context=Main:1#cross:69,r=int[]:11
VW,context=Main:1#cross:69,s=int[]:6
VW,context=Main:1#cross:69,x1=0
VW,context=Main:1#cross:69,y1=1
VW,context=Main:1#cross:69,x2=100
VW,context=Main:1#cross:69,y2=200
VW,context=Main:1#cross:69,result=-100
ME,returner=Main:1#cross:69,value=-100
FR,context=Main:1,p
FR,context=Main:1,p
FR,context=Main:1,p
MC,caller=Main:1#col:1,target=Main:1#cross:70
VW,context=Main:1#cross:70,t=int[]:8
VW,context=Main:1#cross:70,r=int[]:11
VW,context=Main:1#cross:70,s=int[]:7
VW,context=Main:1#cross:70,x1=1
VW,context=Main:1#cross:70,y1=0
VW,context=Main:1#cross:70,x2=100
VW,context=Main:1#cross:70,y2=199
VW,context=Main:1#cross:70,result=199
ME,returner=Main:1#cross:70,value=199
FR,context=Main:1,p
FR,context=Main:1,p
FR,context=Main:1,p
MC,caller=Main:1#col:1,target=Main:1#cross:71
VW,context=Main:1#cross:71,t=int[]:9
VW,context=Main:1#cross:71,r=int[]:11
VW,context=Main:1#cross:71,s=int[]:8
VW,context=Main:1#cross:71,x1=0
VW,context=Main:1#cross:71,y1=-1
VW,context=Main:1#cross:71,x2=99
VW,context=Main:1#cross:71,y2=199
VW,context=Main:1#cross:71,result=99
ME,returner=Main:1#cross:71,value=99
FR,context=Main:1,p
FR,context=Main:1,p
FR,context=Main:1,p
MC,caller=Main:1#col:1,target=Main:1#cross:72
VW,context=Main:1#cross:72,t=int[]:6
VW,context=Main:1#cross:72,r=int[]:11
VW,context=Main:1#cross:72,s=int[]:9
VW,context=Main:1#cross:72,x1=-1
VW,context=Main:1#cross:72,y1=0
VW,context=Main:1#cross:72,x2=99
VW,context=Main:1#cross:72,y2=200
VW,context=Main:1#cross:72,result=-200
ME,returner=Main:1#cross:72,value=-200
VW,context=Main:1#col:1,in=false
VW,context=Main:1#col:1,j=2
VD,method=Main:1#col:1 <name=in,type=boolean (id=2),value=<?>,index=5>
VW,context=Main:1#col:1,in=true
FR,context=Main:1,p
FR,context=Main:1,p
FR,context=Main:1,p
MC,caller=Main:1#col:1,target=Main:1#cross:73
VW,context=Main:1#cross:73,t=int[]:7
VW,context=Main:1#cross:73,r=int[]:12
VW,context=Main:1#cross:73,s=int[]:6
VW,context=Main:1#cross:73,x1=0
VW,context=Main:1#cross:73,y1=1
VW,context=Main:1#cross:73,x2=200
VW,context=Main:1#cross:73,y2=200
VW,context=Main:1#cross:73,result=-200
ME,returner=Main:1#cross:73,value=-200
FR,context=Main:1,p
FR,context=Main:1,p
FR,context=Main:1,p
MC,caller=Main:1#col:1,target=Main:1#cross:74
VW,context=Main:1#cross:74,t=int[]:8
VW,context=Main:1#cross:74,r=int[]:12
VW,context=Main:1#cross:74,s=int[]:7
VW,context=Main:1#cross:74,x1=1
VW,context=Main:1#cross:74,y1=0
VW,context=Main:1#cross:74,x2=200
VW,context=Main:1#cross:74,y2=199
VW,context=Main:1#cross:74,result=199
ME,returner=Main:1#cross:74,value=199
FR,context=Main:1,p
FR,context=Main:1,p
FR,context=Main:1,p
MC,caller=Main:1#col:1,target=Main:1#cross:75
VW,context=Main:1#cross:75,t=int[]:9
VW,context=Main:1#cross:75,r=int[]:12
VW,context=Main:1#cross:75,s=int[]:8
VW,context=Main:1#cross:75,x1=0
VW,context=Main:1#cross:75,y1=-1
VW,context=Main:1#cross:75,x2=199
VW,context=Main:1#cross:75,y2=199
VW,context=Main:1#cross:75,result=199
ME,returner=Main:1#cross:75,value=199
FR,context=Main:1,p
FR,context=Main:1,p
FR,context=Main:1,p
MC,caller=Main:1#col:1,target=Main:1#cross:76
VW,context=Main:1#cross:76,t=int[]:6
VW,context=Main:1#cross:76,r=int[]:12
VW,context=Main:1#cross:76,s=int[]:9
VW,context=Main:1#cross:76,x1=-1
VW,context=Main:1#cross:76,y1=0
VW,context=Main:1#cross:76,x2=199
VW,context=Main:1#cross:76,y2=200
VW,context=Main:1#cross:76,result=-200
ME,returner=Main:1#cross:76,value=-200
VW,context=Main:1#col:1,in=false
VW,context=Main:1#col:1,j=3
VD,method=Main:1#col:1 <name=in,type=boolean (id=2),value=<?>,index=5>
VW,context=Main:1#col:1,in=true
FR,context=Main:1,p
FR,context=Main:1,p
FR,context=Main:1,p
MC,caller=Main:1#col:1,target=Main:1#cross:77
VW,context=Main:1#cross:77,t=int[]:7
VW,context=Main:1#cross:77,r=int[]:13
VW,context=Main:1#cross:77,s=int[]:6
VW,context=Main:1#cross:77,x1=0
VW,context=Main:1#cross:77,y1=1
VW,context=Main:1#cross:77,x2=200
VW,context=Main:1#cross:77,y2=100
VW,context=Main:1#cross:77,result=-200
ME,returner=Main:1#cross:77,value=-200
FR,context=Main:1,p
FR,context=Main:1,p
FR,context=Main:1,p
MC,caller=Main:1#col:1,target=Main:1#cross:78
VW,context=Main:1#cross:78,t=int[]:8
VW,context=Main:1#cross:78,r=int[]:13
VW,context=Main:1#cross:78,s=int[]:7
VW,context=Main:1#cross:78,x1=1
VW,context=Main:1#cross:78,y1=0
VW,context=Main:1#cross:78,x2=200
VW,context=Main:1#cross:78,y2=99
VW,context=Main:1#cross:78,result=99
ME,returner=Main:1#cross:78,value=99
FR,context=Main:1,p
FR,context=Main:1,p
FR,context=Main:1,p
MC,caller=Main:1#col:1,target=Main:1#cross:79
VW,context=Main:1#cross:79,t=int[]:9
VW,context=Main:1#cross:79,r=int[]:13
VW,context=Main:1#cross:79,s=int[]:8
VW,context=Main:1#cross:79,x1=0
VW,context=Main:1#cross:79,y1=-1
VW,context=Main:1#cross:79,x2=199
VW,context=Main:1#cross:79,y2=99
VW,context=Main:1#cross:79,result=199
ME,returner=Main:1#cross:79,value=199
FR,context=Main:1,p
FR,context=Main:1,p
FR,context=Main:1,p
MC,caller=Main:1#col:1,target=Main:1#cross:80
VW,context=Main:1#cross:80,t=int[]:6
VW,context=Main:1#cross:80,r=int[]:13
VW,context=Main:1#cross:80,s=int[]:9
VW,context=Main:1#cross:80,x1=-1
VW,context=Main:1#cross:80,y1=0
VW,context=Main:1#cross:80,x2=199
VW,context=Main:1#cross:80,y2=100
VW,context=Main:1#cross:80,result=-100
ME,returner=Main:1#cross:80,value=-100
VW,context=Main:1#col:1,in=false
VD,method=Main:1#col:1 <name=in,type=boolean (id=2),value=<?>,index=5>
VW,context=Main:1#col:1,result=false
ME,returner=Main:1#col:1,value=false
FR,context=Main:1,n
FR,context=Main:1,n
FR,context=Main:1,n
VW,context=Main:1#run:1,i=1
VW,context=Main:1#run:1,j=0
MC,caller=Main:1#run:1,target=Main$UnionFind:2#find:4
VW,context=Main$UnionFind:2#find:4,x=1
VW,context=Main$UnionFind:2#find:4,y=0
MC,caller=Main$UnionFind:2#find:4,target=Main$UnionFind:2#root:7
VW,context=Main$UnionFind:2#root:7,x=1
FR,context=Main$UnionFind:2,tree
VW,context=Main$UnionFind:2#root:7,result=1
ME,returner=Main$UnionFind:2#root:7,value=1
MC,caller=Main$UnionFind:2#find:4,target=Main$UnionFind:2#root:8
VW,context=Main$UnionFind:2#root:8,x=0
FR,context=Main$UnionFind:2,tree
VW,context=Main$UnionFind:2#root:8,result=0
ME,returner=Main$UnionFind:2#root:8,value=0
VW,context=Main$UnionFind:2#find:4,result=false
ME,returner=Main$UnionFind:2#find:4,value=false
MC,caller=Main:1#run:1,target=Main:1#col:2
VW,context=Main:1#col:2,b=0
VW,context=Main:1#col:2,a=1
VW,context=Main:1#col:2,i=0
VW,context=Main:1#col:2,j=0
FR,context=Main:1,p
FR,context=Main:1,p
FR,context=Main:1,p
MC,caller=Main:1#col:2,target=Main:1#online:33
VW,context=Main:1#online:33,t=int[]:11
VW,context=Main:1#online:33,r=int[]:6
VW,context=Main:1#online:33,s=int[]:10
MC,caller=Main:1#online:33,target=Main:1#cross:81
VW,context=Main:1#cross:81,t=int[]:11
VW,context=Main:1#cross:81,r=int[]:6
VW,context=Main:1#cross:81,s=int[]:10
VW,context=Main:1#cross:81,x1=0
VW,context=Main:1#cross:81,y1=100
VW,context=Main:1#cross:81,x2=-100
VW,context=Main:1#cross:81,y2=-100
VW,context=Main:1#cross:81,result=10000
ME,returner=Main:1#cross:81,value=10000
VW,context=Main:1#online:33,result=false
ME,returner=Main:1#online:33,value=false
FR,context=Main:1,p
FR,context=Main:1,p
FR,context=Main:1,p
MC,caller=Main:1#col:2,target=Main:1#online:34
VW,context=Main:1#online:34,t=int[]:7
VW,context=Main:1#online:34,r=int[]:10
VW,context=Main:1#online:34,s=int[]:6
MC,caller=Main:1#online:34,target=Main:1#cross:82
VW,context=Main:1#cross:82,t=int[]:7
VW,context=Main:1#cross:82,r=int[]:10
VW,context=Main:1#cross:82,s=int[]:6
VW,context=Main:1#cross:82,x1=0
VW,context=Main:1#cross:82,y1=1
VW,context=Main:1#cross:82,x2=100
VW,context=Main:1#cross:82,y2=100
VW,context=Main:1#cross:82,result=-100
ME,returner=Main:1#cross:82,value=-100
VW,context=Main:1#online:34,result=false
ME,returner=Main:1#online:34,value=false
FR,context=Main:1,p
FR,context=Main:1,p
FR,context=Main:1,p
FR,context=Main:1,p
MC,caller=Main:1#col:2,target=Main:1#isCross:17
VW,context=Main:1#isCross:17,t=int[]:7
VW,context=Main:1#isCross:17,b=int[]:11
VW,context=Main:1#isCross:17,s=int[]:6
VW,context=Main:1#isCross:17,a=int[]:10
MC,caller=Main:1#isCross:17,target=Main:1#cross:83
VW,context=Main:1#cross:83,t=int[]:11
VW,context=Main:1#cross:83,r=int[]:6
VW,context=Main:1#cross:83,s=int[]:10
VW,context=Main:1#cross:83,x1=0
VW,context=Main:1#cross:83,y1=100
VW,context=Main:1#cross:83,x2=-100
VW,context=Main:1#cross:83,y2=-100
VW,context=Main:1#cross:83,result=10000
ME,returner=Main:1#cross:83,value=10000
MC,caller=Main:1#isCross:17,target=Main:1#cross:84
VW,context=Main:1#cross:84,t=int[]:11
VW,context=Main:1#cross:84,r=int[]:7
VW,context=Main:1#cross:84,s=int[]:10
VW,context=Main:1#cross:84,x1=0
VW,context=Main:1#cross:84,y1=100
VW,context=Main:1#cross:84,x2=-100
VW,context=Main:1#cross:84,y2=-99
VW,context=Main:1#cross:84,result=10000
ME,returner=Main:1#cross:84,value=10000
VW,context=Main:1#isCross:17,result=false
ME,returner=Main:1#isCross:17,value=false
VW,context=Main:1#col:2,i=0
VW,context=Main:1#col:2,j=1
FR,context=Main:1,p
FR,context=Main:1,p
FR,context=Main:1,p
MC,caller=Main:1#col:2,target=Main:1#online:35
VW,context=Main:1#online:35,t=int[]:11
VW,context=Main:1#online:35,r=int[]:7
VW,context=Main:1#online:35,s=int[]:10
MC,caller=Main:1#online:35,target=Main:1#cross:85
VW,context=Main:1#cross:85,t=int[]:11
VW,context=Main:1#cross:85,r=int[]:7
VW,context=Main:1#cross:85,s=int[]:10
VW,context=Main:1#cross:85,x1=0
VW,context=Main:1#cross:85,y1=100
VW,context=Main:1#cross:85,x2=-100
VW,context=Main:1#cross:85,y2=-99
VW,context=Main:1#cross:85,result=10000
ME,returner=Main:1#cross:85,value=10000
VW,context=Main:1#online:35,result=false
ME,returner=Main:1#online:35,value=false
FR,context=Main:1,p
FR,context=Main:1,p
FR,context=Main:1,p
MC,caller=Main:1#col:2,target=Main:1#online:36
VW,context=Main:1#online:36,t=int[]:7
VW,context=Main:1#online:36,r=int[]:11
VW,context=Main:1#online:36,s=int[]:6
MC,caller=Main:1#online:36,target=Main:1#cross:86
VW,context=Main:1#cross:86,t=int[]:7
VW,context=Main:1#cross:86,r=int[]:11
VW,context=Main:1#cross:86,s=int[]:6
VW,context=Main:1#cross:86,x1=0
VW,context=Main:1#cross:86,y1=1
VW,context=Main:1#cross:86,x2=100
VW,context=Main:1#cross:86,y2=200
VW,context=Main:1#cross:86,result=-100
ME,returner=Main:1#cross:86,value=-100
VW,context=Main:1#online:36,result=false
ME,returner=Main:1#online:36,value=false
FR,context=Main:1,p
FR,context=Main:1,p
FR,context=Main:1,p
FR,context=Main:1,p
MC,caller=Main:1#col:2,target=Main:1#isCross:18
VW,context=Main:1#isCross:18,t=int[]:8
VW,context=Main:1#isCross:18,b=int[]:11
VW,context=Main:1#isCross:18,s=int[]:7
VW,context=Main:1#isCross:18,a=int[]:10
MC,caller=Main:1#isCross:18,target=Main:1#cross:87
VW,context=Main:1#cross:87,t=int[]:11
VW,context=Main:1#cross:87,r=int[]:7
VW,context=Main:1#cross:87,s=int[]:10
VW,context=Main:1#cross:87,x1=0
VW,context=Main:1#cross:87,y1=100
VW,context=Main:1#cross:87,x2=-100
VW,context=Main:1#cross:87,y2=-99
VW,context=Main:1#cross:87,result=10000
ME,returner=Main:1#cross:87,value=10000
MC,caller=Main:1#isCross:18,target=Main:1#cross:88
VW,context=Main:1#cross:88,t=int[]:11
VW,context=Main:1#cross:88,r=int[]:8
VW,context=Main:1#cross:88,s=int[]:10
VW,context=Main:1#cross:88,x1=0
VW,context=Main:1#cross:88,y1=100
VW,context=Main:1#cross:88,x2=-99
VW,context=Main:1#cross:88,y2=-99
VW,context=Main:1#cross:88,result=9900
ME,returner=Main:1#cross:88,value=9900
VW,context=Main:1#isCross:18,result=false
ME,returner=Main:1#isCross:18,value=false
VW,context=Main:1#col:2,i=0
VW,context=Main:1#col:2,j=2
FR,context=Main:1,p
FR,context=Main:1,p
FR,context=Main:1,p
MC,caller=Main:1#col:2,target=Main:1#online:37
VW,context=Main:1#online:37,t=int[]:11
VW,context=Main:1#online:37,r=int[]:8
VW,context=Main:1#online:37,s=int[]:10
MC,caller=Main:1#online:37,target=Main:1#cross:89
VW,context=Main:1#cross:89,t=int[]:11
VW,context=Main:1#cross:89,r=int[]:8
VW,context=Main:1#cross:89,s=int[]:10
VW,context=Main:1#cross:89,x1=0
VW,context=Main:1#cross:89,y1=100
VW,context=Main:1#cross:89,x2=-99
VW,context=Main:1#cross:89,y2=-99
VW,context=Main:1#cross:89,result=9900
ME,returner=Main:1#cross:89,value=9900
VW,context=Main:1#online:37,result=false
ME,returner=Main:1#online:37,value=false
FR,context=Main:1,p
FR,context=Main:1,p
FR,context=Main:1,p
MC,caller=Main:1#col:2,target=Main:1#online:38
VW,context=Main:1#online:38,t=int[]:7
VW,context=Main:1#online:38,r=int[]:12
VW,context=Main:1#online:38,s=int[]:6
MC,caller=Main:1#online:38,target=Main:1#cross:90
VW,context=Main:1#cross:90,t=int[]:7
VW,context=Main:1#cross:90,r=int[]:12
VW,context=Main:1#cross:90,s=int[]:6
VW,context=Main:1#cross:90,x1=0
VW,context=Main:1#cross:90,y1=1
VW,context=Main:1#cross:90,x2=200
VW,context=Main:1#cross:90,y2=200
VW,context=Main:1#cross:90,result=-200
ME,returner=Main:1#cross:90,value=-200
VW,context=Main:1#online:38,result=false
ME,returner=Main:1#online:38,value=false
FR,context=Main:1,p
FR,context=Main:1,p
FR,context=Main:1,p
FR,context=Main:1,p
MC,caller=Main:1#col:2,target=Main:1#isCross:19
VW,context=Main:1#isCross:19,t=int[]:9
VW,context=Main:1#isCross:19,b=int[]:11
VW,context=Main:1#isCross:19,s=int[]:8
VW,context=Main:1#isCross:19,a=int[]:10
MC,caller=Main:1#isCross:19,target=Main:1#cross:91
VW,context=Main:1#cross:91,t=int[]:11
VW,context=Main:1#cross:91,r=int[]:8
VW,context=Main:1#cross:91,s=int[]:10
VW,context=Main:1#cross:91,x1=0
VW,context=Main:1#cross:91,y1=100
VW,context=Main:1#cross:91,x2=-99
VW,context=Main:1#cross:91,y2=-99
VW,context=Main:1#cross:91,result=9900
ME,returner=Main:1#cross:91,value=9900
MC,caller=Main:1#isCross:19,target=Main:1#cross:92
VW,context=Main:1#cross:92,t=int[]:11
VW,context=Main:1#cross:92,r=int[]:9
VW,context=Main:1#cross:92,s=int[]:10
VW,context=Main:1#cross:92,x1=0
VW,context=Main:1#cross:92,y1=100
VW,context=Main:1#cross:92,x2=-99
VW,context=Main:1#cross:92,y2=-100
VW,context=Main:1#cross:92,result=9900
ME,returner=Main:1#cross:92,value=9900
VW,context=Main:1#isCross:19,result=false
ME,returner=Main:1#isCross:19,value=false
VW,context=Main:1#col:2,i=0
VW,context=Main:1#col:2,j=3
FR,context=Main:1,p
FR,context=Main:1,p
FR,context=Main:1,p
MC,caller=Main:1#col:2,target=Main:1#online:39
VW,context=Main:1#online:39,t=int[]:11
VW,context=Main:1#online:39,r=int[]:9
VW,context=Main:1#online:39,s=int[]:10
MC,caller=Main:1#online:39,target=Main:1#cross:93
VW,context=Main:1#cross:93,t=int[]:11
VW,context=Main:1#cross:93,r=int[]:9
VW,context=Main:1#cross:93,s=int[]:10
VW,context=Main:1#cross:93,x1=0
VW,context=Main:1#cross:93,y1=100
VW,context=Main:1#cross:93,x2=-99
VW,context=Main:1#cross:93,y2=-100
VW,context=Main:1#cross:93,result=9900
ME,returner=Main:1#cross:93,value=9900
VW,context=Main:1#online:39,result=false
ME,returner=Main:1#online:39,value=false
FR,context=Main:1,p
FR,context=Main:1,p
FR,context=Main:1,p
MC,caller=Main:1#col:2,target=Main:1#online:40
VW,context=Main:1#online:40,t=int[]:7
VW,context=Main:1#online:40,r=int[]:13
VW,context=Main:1#online:40,s=int[]:6
MC,caller=Main:1#online:40,target=Main:1#cross:94
VW,context=Main:1#cross:94,t=int[]:7
VW,context=Main:1#cross:94,r=int[]:13
VW,context=Main:1#cross:94,s=int[]:6
VW,context=Main:1#cross:94,x1=0
VW,context=Main:1#cross:94,y1=1
VW,context=Main:1#cross:94,x2=200
VW,context=Main:1#cross:94,y2=100
VW,context=Main:1#cross:94,result=-200
ME,returner=Main:1#cross:94,value=-200
VW,context=Main:1#online:40,result=false
ME,returner=Main:1#online:40,value=false
FR,context=Main:1,p
FR,context=Main:1,p
FR,context=Main:1,p
FR,context=Main:1,p
MC,caller=Main:1#col:2,target=Main:1#isCross:20
VW,context=Main:1#isCross:20,t=int[]:6
VW,context=Main:1#isCross:20,b=int[]:11
VW,context=Main:1#isCross:20,s=int[]:9
VW,context=Main:1#isCross:20,a=int[]:10
MC,caller=Main:1#isCross:20,target=Main:1#cross:95
VW,context=Main:1#cross:95,t=int[]:11
VW,context=Main:1#cross:95,r=int[]:9
VW,context=Main:1#cross:95,s=int[]:10
VW,context=Main:1#cross:95,x1=0
VW,context=Main:1#cross:95,y1=100
VW,context=Main:1#cross:95,x2=-99
VW,context=Main:1#cross:95,y2=-100
VW,context=Main:1#cross:95,result=9900
ME,returner=Main:1#cross:95,value=9900
MC,caller=Main:1#isCross:20,target=Main:1#cross:96
VW,context=Main:1#cross:96,t=int[]:11
VW,context=Main:1#cross:96,r=int[]:6
VW,context=Main:1#cross:96,s=int[]:10
VW,context=Main:1#cross:96,x1=0
VW,context=Main:1#cross:96,y1=100
VW,context=Main:1#cross:96,x2=-100
VW,context=Main:1#cross:96,y2=-100
VW,context=Main:1#cross:96,result=10000
ME,returner=Main:1#cross:96,value=10000
VW,context=Main:1#isCross:20,result=false
ME,returner=Main:1#isCross:20,value=false
VW,context=Main:1#col:2,i=1
VW,context=Main:1#col:2,j=0
FR,context=Main:1,p
FR,context=Main:1,p
FR,context=Main:1,p
MC,caller=Main:1#col:2,target=Main:1#online:41
VW,context=Main:1#online:41,t=int[]:12
VW,context=Main:1#online:41,r=int[]:6
VW,context=Main:1#online:41,s=int[]:11
MC,caller=Main:1#online:41,target=Main:1#cross:97
VW,context=Main:1#cross:97,t=int[]:12
VW,context=Main:1#cross:97,r=int[]:6
VW,context=Main:1#cross:97,s=int[]:11
VW,context=Main:1#cross:97,x1=100
VW,context=Main:1#cross:97,y1=0
VW,context=Main:1#cross:97,x2=-100
VW,context=Main:1#cross:97,y2=-200
VW,context=Main:1#cross:97,result=-20000
ME,returner=Main:1#cross:97,value=-20000
VW,context=Main:1#online:41,result=false
ME,returner=Main:1#online:41,value=false
FR,context=Main:1,p
FR,context=Main:1,p
FR,context=Main:1,p
MC,caller=Main:1#col:2,target=Main:1#online:42
VW,context=Main:1#online:42,t=int[]:8
VW,context=Main:1#online:42,r=int[]:10
VW,context=Main:1#online:42,s=int[]:7
MC,caller=Main:1#online:42,target=Main:1#cross:98
VW,context=Main:1#cross:98,t=int[]:8
VW,context=Main:1#cross:98,r=int[]:10
VW,context=Main:1#cross:98,s=int[]:7
VW,context=Main:1#cross:98,x1=1
VW,context=Main:1#cross:98,y1=0
VW,context=Main:1#cross:98,x2=100
VW,context=Main:1#cross:98,y2=99
VW,context=Main:1#cross:98,result=99
ME,returner=Main:1#cross:98,value=99
VW,context=Main:1#online:42,result=false
ME,returner=Main:1#online:42,value=false
FR,context=Main:1,p
FR,context=Main:1,p
FR,context=Main:1,p
FR,context=Main:1,p
MC,caller=Main:1#col:2,target=Main:1#isCross:21
VW,context=Main:1#isCross:21,t=int[]:7
VW,context=Main:1#isCross:21,b=int[]:12
VW,context=Main:1#isCross:21,s=int[]:6
VW,context=Main:1#isCross:21,a=int[]:11
MC,caller=Main:1#isCross:21,target=Main:1#cross:99
VW,context=Main:1#cross:99,t=int[]:12
VW,context=Main:1#cross:99,r=int[]:6
VW,context=Main:1#cross:99,s=int[]:11
VW,context=Main:1#cross:99,x1=100
VW,context=Main:1#cross:99,y1=0
VW,context=Main:1#cross:99,x2=-100
VW,context=Main:1#cross:99,y2=-200
VW,context=Main:1#cross:99,result=-20000
ME,returner=Main:1#cross:99,value=-20000
MC,caller=Main:1#isCross:21,target=Main:1#cross:100
VW,context=Main:1#cross:100,t=int[]:12
VW,context=Main:1#cross:100,r=int[]:7
VW,context=Main:1#cross:100,s=int[]:11
VW,context=Main:1#cross:100,x1=100
VW,context=Main:1#cross:100,y1=0
VW,context=Main:1#cross:100,x2=-100
VW,context=Main:1#cross:100,y2=-199
VW,context=Main:1#cross:100,result=-19900
ME,returner=Main:1#cross:100,value=-19900
VW,context=Main:1#isCross:21,result=false
ME,returner=Main:1#isCross:21,value=false
VW,context=Main:1#col:2,i=1
VW,context=Main:1#col:2,j=1
FR,context=Main:1,p
FR,context=Main:1,p
FR,context=Main:1,p
MC,caller=Main:1#col:2,target=Main:1#online:43
VW,context=Main:1#online:43,t=int[]:12
VW,context=Main:1#online:43,r=int[]:7
VW,context=Main:1#online:43,s=int[]:11
MC,caller=Main:1#online:43,target=Main:1#cross:101
VW,context=Main:1#cross:101,t=int[]:12
VW,context=Main:1#cross:101,r=int[]:7
VW,context=Main:1#cross:101,s=int[]:11
VW,context=Main:1#cross:101,x1=100
VW,context=Main:1#cross:101,y1=0
VW,context=Main:1#cross:101,x2=-100
VW,context=Main:1#cross:101,y2=-199
VW,context=Main:1#cross:101,result=-19900
ME,returner=Main:1#cross:101,value=-19900
VW,context=Main:1#online:43,result=false
ME,returner=Main:1#online:43,value=false
FR,context=Main:1,p
FR,context=Main:1,p
FR,context=Main:1,p
MC,caller=Main:1#col:2,target=Main:1#online:44
VW,context=Main:1#online:44,t=int[]:8
VW,context=Main:1#online:44,r=int[]:11
VW,context=Main:1#online:44,s=int[]:7
MC,caller=Main:1#online:44,target=Main:1#cross:102
VW,context=Main:1#cross:102,t=int[]:8
VW,context=Main:1#cross:102,r=int[]:11
VW,context=Main:1#cross:102,s=int[]:7
VW,context=Main:1#cross:102,x1=1
VW,context=Main:1#cross:102,y1=0
VW,context=Main:1#cross:102,x2=100
VW,context=Main:1#cross:102,y2=199
VW,context=Main:1#cross:102,result=199
ME,returner=Main:1#cross:102,value=199
VW,context=Main:1#online:44,result=false
ME,returner=Main:1#online:44,value=false
FR,context=Main:1,p
FR,context=Main:1,p
FR,context=Main:1,p
FR,context=Main:1,p
MC,caller=Main:1#col:2,target=Main:1#isCross:22
VW,context=Main:1#isCross:22,t=int[]:8
VW,context=Main:1#isCross:22,b=int[]:12
VW,context=Main:1#isCross:22,s=int[]:7
VW,context=Main:1#isCross:22,a=int[]:11
MC,caller=Main:1#isCross:22,target=Main:1#cross:103
VW,context=Main:1#cross:103,t=int[]:12
VW,context=Main:1#cross:103,r=int[]:7
VW,context=Main:1#cross:103,s=int[]:11
VW,context=Main:1#cross:103,x1=100
VW,context=Main:1#cross:103,y1=0
VW,context=Main:1#cross:103,x2=-100
VW,context=Main:1#cross:103,y2=-199
VW,context=Main:1#cross:103,result=-19900
ME,returner=Main:1#cross:103,value=-19900
MC,caller=Main:1#isCross:22,target=Main:1#cross:104
VW,context=Main:1#cross:104,t=int[]:12
VW,context=Main:1#cross:104,r=int[]:8
VW,context=Main:1#cross:104,s=int[]:11
VW,context=Main:1#cross:104,x1=100
VW,context=Main:1#cross:104,y1=0
VW,context=Main:1#cross:104,x2=-99
VW,context=Main:1#cross:104,y2=-199
VW,context=Main:1#cross:104,result=-19900
ME,returner=Main:1#cross:104,value=-19900
VW,context=Main:1#isCross:22,result=false
ME,returner=Main:1#isCross:22,value=false
VW,context=Main:1#col:2,i=1
VW,context=Main:1#col:2,j=2
FR,context=Main:1,p
FR,context=Main:1,p
FR,context=Main:1,p
MC,caller=Main:1#col:2,target=Main:1#online:45
VW,context=Main:1#online:45,t=int[]:12
VW,context=Main:1#online:45,r=int[]:8
VW,context=Main:1#online:45,s=int[]:11
MC,caller=Main:1#online:45,target=Main:1#cross:105
VW,context=Main:1#cross:105,t=int[]:12
VW,context=Main:1#cross:105,r=int[]:8
VW,context=Main:1#cross:105,s=int[]:11
VW,context=Main:1#cross:105,x1=100
VW,context=Main:1#cross:105,y1=0
VW,context=Main:1#cross:105,x2=-99
VW,context=Main:1#cross:105,y2=-199
VW,context=Main:1#cross:105,result=-19900
ME,returner=Main:1#cross:105,value=-19900
VW,context=Main:1#online:45,result=false
ME,returner=Main:1#online:45,value=false
FR,context=Main:1,p
FR,context=Main:1,p
FR,context=Main:1,p
MC,caller=Main:1#col:2,target=Main:1#online:46
VW,context=Main:1#online:46,t=int[]:8
VW,context=Main:1#online:46,r=int[]:12
VW,context=Main:1#online:46,s=int[]:7
MC,caller=Main:1#online:46,target=Main:1#cross:106
VW,context=Main:1#cross:106,t=int[]:8
VW,context=Main:1#cross:106,r=int[]:12
VW,context=Main:1#cross:106,s=int[]:7
VW,context=Main:1#cross:106,x1=1
VW,context=Main:1#cross:106,y1=0
VW,context=Main:1#cross:106,x2=200
VW,context=Main:1#cross:106,y2=199
VW,context=Main:1#cross:106,result=199
ME,returner=Main:1#cross:106,value=199
VW,context=Main:1#online:46,result=false
ME,returner=Main:1#online:46,value=false
FR,context=Main:1,p
FR,context=Main:1,p
FR,context=Main:1,p
FR,context=Main:1,p
MC,caller=Main:1#col:2,target=Main:1#isCross:23
VW,context=Main:1#isCross:23,t=int[]:9
VW,context=Main:1#isCross:23,b=int[]:12
VW,context=Main:1#isCross:23,s=int[]:8
VW,context=Main:1#isCross:23,a=int[]:11
MC,caller=Main:1#isCross:23,target=Main:1#cross:107
VW,context=Main:1#cross:107,t=int[]:12
VW,context=Main:1#cross:107,r=int[]:8
VW,context=Main:1#cross:107,s=int[]:11
VW,context=Main:1#cross:107,x1=100
VW,context=Main:1#cross:107,y1=0
VW,context=Main:1#cross:107,x2=-99
VW,context=Main:1#cross:107,y2=-199
VW,context=Main:1#cross:107,result=-19900
ME,returner=Main:1#cross:107,value=-19900
MC,caller=Main:1#isCross:23,target=Main:1#cross:108
VW,context=Main:1#cross:108,t=int[]:12
VW,context=Main:1#cross:108,r=int[]:9
VW,context=Main:1#cross:108,s=int[]:11
VW,context=Main:1#cross:108,x1=100
VW,context=Main:1#cross:108,y1=0
VW,context=Main:1#cross:108,x2=-99
VW,context=Main:1#cross:108,y2=-200
VW,context=Main:1#cross:108,result=-20000
ME,returner=Main:1#cross:108,value=-20000
VW,context=Main:1#isCross:23,result=false
ME,returner=Main:1#isCross:23,value=false
VW,context=Main:1#col:2,i=1
VW,context=Main:1#col:2,j=3
FR,context=Main:1,p
FR,context=Main:1,p
FR,context=Main:1,p
MC,caller=Main:1#col:2,target=Main:1#online:47
VW,context=Main:1#online:47,t=int[]:12
VW,context=Main:1#online:47,r=int[]:9
VW,context=Main:1#online:47,s=int[]:11
MC,caller=Main:1#online:47,target=Main:1#cross:109
VW,context=Main:1#cross:109,t=int[]:12
VW,context=Main:1#cross:109,r=int[]:9
VW,context=Main:1#cross:109,s=int[]:11
VW,context=Main:1#cross:109,x1=100
VW,context=Main:1#cross:109,y1=0
VW,context=Main:1#cross:109,x2=-99
VW,context=Main:1#cross:109,y2=-200
VW,context=Main:1#cross:109,result=-20000
ME,returner=Main:1#cross:109,value=-20000
VW,context=Main:1#online:47,result=false
ME,returner=Main:1#online:47,value=false
FR,context=Main:1,p
FR,context=Main:1,p
FR,context=Main:1,p
MC,caller=Main:1#col:2,target=Main:1#online:48
VW,context=Main:1#online:48,t=int[]:8
VW,context=Main:1#online:48,r=int[]:13
VW,context=Main:1#online:48,s=int[]:7
MC,caller=Main:1#online:48,target=Main:1#cross:110
VW,context=Main:1#cross:110,t=int[]:8
VW,context=Main:1#cross:110,r=int[]:13
VW,context=Main:1#cross:110,s=int[]:7
VW,context=Main:1#cross:110,x1=1
VW,context=Main:1#cross:110,y1=0
VW,context=Main:1#cross:110,x2=200
VW,context=Main:1#cross:110,y2=99
VW,context=Main:1#cross:110,result=99
ME,returner=Main:1#cross:110,value=99
VW,context=Main:1#online:48,result=false
ME,returner=Main:1#online:48,value=false
FR,context=Main:1,p
FR,context=Main:1,p
FR,context=Main:1,p
FR,context=Main:1,p
MC,caller=Main:1#col:2,target=Main:1#isCross:24
VW,context=Main:1#isCross:24,t=int[]:6
VW,context=Main:1#isCross:24,b=int[]:12
VW,context=Main:1#isCross:24,s=int[]:9
VW,context=Main:1#isCross:24,a=int[]:11
MC,caller=Main:1#isCross:24,target=Main:1#cross:111
VW,context=Main:1#cross:111,t=int[]:12
VW,context=Main:1#cross:111,r=int[]:9
VW,context=Main:1#cross:111,s=int[]:11
VW,context=Main:1#cross:111,x1=100
VW,context=Main:1#cross:111,y1=0
VW,context=Main:1#cross:111,x2=-99
VW,context=Main:1#cross:111,y2=-200
VW,context=Main:1#cross:111,result=-20000
ME,returner=Main:1#cross:111,value=-20000
MC,caller=Main:1#isCross:24,target=Main:1#cross:112
VW,context=Main:1#cross:112,t=int[]:12
VW,context=Main:1#cross:112,r=int[]:6
VW,context=Main:1#cross:112,s=int[]:11
VW,context=Main:1#cross:112,x1=100
VW,context=Main:1#cross:112,y1=0
VW,context=Main:1#cross:112,x2=-100
VW,context=Main:1#cross:112,y2=-200
VW,context=Main:1#cross:112,result=-20000
ME,returner=Main:1#cross:112,value=-20000
VW,context=Main:1#isCross:24,result=false
ME,returner=Main:1#isCross:24,value=false
VW,context=Main:1#col:2,i=2
VW,context=Main:1#col:2,j=0
FR,context=Main:1,p
FR,context=Main:1,p
FR,context=Main:1,p
MC,caller=Main:1#col:2,target=Main:1#online:49
VW,context=Main:1#online:49,t=int[]:13
VW,context=Main:1#online:49,r=int[]:6
VW,context=Main:1#online:49,s=int[]:12
MC,caller=Main:1#online:49,target=Main:1#cross:113
VW,context=Main:1#cross:113,t=int[]:13
VW,context=Main:1#cross:113,r=int[]:6
VW,context=Main:1#cross:113,s=int[]:12
VW,context=Main:1#cross:113,x1=0
VW,context=Main:1#cross:113,y1=-100
VW,context=Main:1#cross:113,x2=-200
VW,context=Main:1#cross:113,y2=-200
VW,context=Main:1#cross:113,result=-20000
ME,returner=Main:1#cross:113,value=-20000
VW,context=Main:1#online:49,result=false
ME,returner=Main:1#online:49,value=false
FR,context=Main:1,p
FR,context=Main:1,p
FR,context=Main:1,p
MC,caller=Main:1#col:2,target=Main:1#online:50
VW,context=Main:1#online:50,t=int[]:9
VW,context=Main:1#online:50,r=int[]:10
VW,context=Main:1#online:50,s=int[]:8
MC,caller=Main:1#online:50,target=Main:1#cross:114
VW,context=Main:1#cross:114,t=int[]:9
VW,context=Main:1#cross:114,r=int[]:10
VW,context=Main:1#cross:114,s=int[]:8
VW,context=Main:1#cross:114,x1=0
VW,context=Main:1#cross:114,y1=-1
VW,context=Main:1#cross:114,x2=99
VW,context=Main:1#cross:114,y2=99
VW,context=Main:1#cross:114,result=99
ME,returner=Main:1#cross:114,value=99
VW,context=Main:1#online:50,result=false
ME,returner=Main:1#online:50,value=false
FR,context=Main:1,p
FR,context=Main:1,p
FR,context=Main:1,p
FR,context=Main:1,p
MC,caller=Main:1#col:2,target=Main:1#isCross:25
VW,context=Main:1#isCross:25,t=int[]:7
VW,context=Main:1#isCross:25,b=int[]:13
VW,context=Main:1#isCross:25,s=int[]:6
VW,context=Main:1#isCross:25,a=int[]:12
MC,caller=Main:1#isCross:25,target=Main:1#cross:115
VW,context=Main:1#cross:115,t=int[]:13
VW,context=Main:1#cross:115,r=int[]:6
VW,context=Main:1#cross:115,s=int[]:12
VW,context=Main:1#cross:115,x1=0
VW,context=Main:1#cross:115,y1=-100
VW,context=Main:1#cross:115,x2=-200
VW,context=Main:1#cross:115,y2=-200
VW,context=Main:1#cross:115,result=-20000
ME,returner=Main:1#cross:115,value=-20000
MC,caller=Main:1#isCross:25,target=Main:1#cross:116
VW,context=Main:1#cross:116,t=int[]:13
VW,context=Main:1#cross:116,r=int[]:7
VW,context=Main:1#cross:116,s=int[]:12
VW,context=Main:1#cross:116,x1=0
VW,context=Main:1#cross:116,y1=-100
VW,context=Main:1#cross:116,x2=-200
VW,context=Main:1#cross:116,y2=-199
VW,context=Main:1#cross:116,result=-20000
ME,returner=Main:1#cross:116,value=-20000
VW,context=Main:1#isCross:25,result=false
ME,returner=Main:1#isCross:25,value=false
VW,context=Main:1#col:2,i=2
VW,context=Main:1#col:2,j=1
FR,context=Main:1,p
FR,context=Main:1,p
FR,context=Main:1,p
MC,caller=Main:1#col:2,target=Main:1#online:51
VW,context=Main:1#online:51,t=int[]:13
VW,context=Main:1#online:51,r=int[]:7
VW,context=Main:1#online:51,s=int[]:12
MC,caller=Main:1#online:51,target=Main:1#cross:117
VW,context=Main:1#cross:117,t=int[]:13
VW,context=Main:1#cross:117,r=int[]:7
VW,context=Main:1#cross:117,s=int[]:12
VW,context=Main:1#cross:117,x1=0
VW,context=Main:1#cross:117,y1=-100
VW,context=Main:1#cross:117,x2=-200
VW,context=Main:1#cross:117,y2=-199
VW,context=Main:1#cross:117,result=-20000
ME,returner=Main:1#cross:117,value=-20000
VW,context=Main:1#online:51,result=false
ME,returner=Main:1#online:51,value=false
FR,context=Main:1,p
FR,context=Main:1,p
FR,context=Main:1,p
MC,caller=Main:1#col:2,target=Main:1#online:52
VW,context=Main:1#online:52,t=int[]:9
VW,context=Main:1#online:52,r=int[]:11
VW,context=Main:1#online:52,s=int[]:8
MC,caller=Main:1#online:52,target=Main:1#cross:118
VW,context=Main:1#cross:118,t=int[]:9
VW,context=Main:1#cross:118,r=int[]:11
VW,context=Main:1#cross:118,s=int[]:8
VW,context=Main:1#cross:118,x1=0
VW,context=Main:1#cross:118,y1=-1
VW,context=Main:1#cross:118,x2=99
VW,context=Main:1#cross:118,y2=199
VW,context=Main:1#cross:118,result=99
ME,returner=Main:1#cross:118,value=99
VW,context=Main:1#online:52,result=false
ME,returner=Main:1#online:52,value=false
FR,context=Main:1,p
FR,context=Main:1,p
FR,context=Main:1,p
FR,context=Main:1,p
MC,caller=Main:1#col:2,target=Main:1#isCross:26
VW,context=Main:1#isCross:26,t=int[]:8
VW,context=Main:1#isCross:26,b=int[]:13
VW,context=Main:1#isCross:26,s=int[]:7
VW,context=Main:1#isCross:26,a=int[]:12
MC,caller=Main:1#isCross:26,target=Main:1#cross:119
VW,context=Main:1#cross:119,t=int[]:13
VW,context=Main:1#cross:119,r=int[]:7
VW,context=Main:1#cross:119,s=int[]:12
VW,context=Main:1#cross:119,x1=0
VW,context=Main:1#cross:119,y1=-100
VW,context=Main:1#cross:119,x2=-200
VW,context=Main:1#cross:119,y2=-199
VW,context=Main:1#cross:119,result=-20000
ME,returner=Main:1#cross:119,value=-20000
MC,caller=Main:1#isCross:26,target=Main:1#cross:120
VW,context=Main:1#cross:120,t=int[]:13
VW,context=Main:1#cross:120,r=int[]:8
VW,context=Main:1#cross:120,s=int[]:12
VW,context=Main:1#cross:120,x1=0
VW,context=Main:1#cross:120,y1=-100
VW,context=Main:1#cross:120,x2=-199
VW,context=Main:1#cross:120,y2=-199
VW,context=Main:1#cross:120,result=-19900
ME,returner=Main:1#cross:120,value=-19900
VW,context=Main:1#isCross:26,result=false
ME,returner=Main:1#isCross:26,value=false
VW,context=Main:1#col:2,i=2
VW,context=Main:1#col:2,j=2
FR,context=Main:1,p
FR,context=Main:1,p
FR,context=Main:1,p
MC,caller=Main:1#col:2,target=Main:1#online:53
VW,context=Main:1#online:53,t=int[]:13
VW,context=Main:1#online:53,r=int[]:8
VW,context=Main:1#online:53,s=int[]:12
MC,caller=Main:1#online:53,target=Main:1#cross:121
VW,context=Main:1#cross:121,t=int[]:13
VW,context=Main:1#cross:121,r=int[]:8
VW,context=Main:1#cross:121,s=int[]:12
VW,context=Main:1#cross:121,x1=0
VW,context=Main:1#cross:121,y1=-100
VW,context=Main:1#cross:121,x2=-199
VW,context=Main:1#cross:121,y2=-199
VW,context=Main:1#cross:121,result=-19900
ME,returner=Main:1#cross:121,value=-19900
VW,context=Main:1#online:53,result=false
ME,returner=Main:1#online:53,value=false
FR,context=Main:1,p
FR,context=Main:1,p
FR,context=Main:1,p
MC,caller=Main:1#col:2,target=Main:1#online:54
VW,context=Main:1#online:54,t=int[]:9
VW,context=Main:1#online:54,r=int[]:12
VW,context=Main:1#online:54,s=int[]:8
MC,caller=Main:1#online:54,target=Main:1#cross:122
VW,context=Main:1#cross:122,t=int[]:9
VW,context=Main:1#cross:122,r=int[]:12
VW,context=Main:1#cross:122,s=int[]:8
VW,context=Main:1#cross:122,x1=0
VW,context=Main:1#cross:122,y1=-1
VW,context=Main:1#cross:122,x2=199
VW,context=Main:1#cross:122,y2=199
VW,context=Main:1#cross:122,result=199
ME,returner=Main:1#cross:122,value=199
VW,context=Main:1#online:54,result=false
ME,returner=Main:1#online:54,value=false
FR,context=Main:1,p
FR,context=Main:1,p
FR,context=Main:1,p
FR,context=Main:1,p
MC,caller=Main:1#col:2,target=Main:1#isCross:27
VW,context=Main:1#isCross:27,t=int[]:9
VW,context=Main:1#isCross:27,b=int[]:13
VW,context=Main:1#isCross:27,s=int[]:8
VW,context=Main:1#isCross:27,a=int[]:12
MC,caller=Main:1#isCross:27,target=Main:1#cross:123
VW,context=Main:1#cross:123,t=int[]:13
VW,context=Main:1#cross:123,r=int[]:8
VW,context=Main:1#cross:123,s=int[]:12
VW,context=Main:1#cross:123,x1=0
VW,context=Main:1#cross:123,y1=-100
VW,context=Main:1#cross:123,x2=-199
VW,context=Main:1#cross:123,y2=-199
VW,context=Main:1#cross:123,result=-19900
ME,returner=Main:1#cross:123,value=-19900
MC,caller=Main:1#isCross:27,target=Main:1#cross:124
VW,context=Main:1#cross:124,t=int[]:13
VW,context=Main:1#cross:124,r=int[]:9
VW,context=Main:1#cross:124,s=int[]:12
VW,context=Main:1#cross:124,x1=0
VW,context=Main:1#cross:124,y1=-100
VW,context=Main:1#cross:124,x2=-199
VW,context=Main:1#cross:124,y2=-200
VW,context=Main:1#cross:124,result=-19900
ME,returner=Main:1#cross:124,value=-19900
VW,context=Main:1#isCross:27,result=false
ME,returner=Main:1#isCross:27,value=false
VW,context=Main:1#col:2,i=2
VW,context=Main:1#col:2,j=3
FR,context=Main:1,p
FR,context=Main:1,p
FR,context=Main:1,p
MC,caller=Main:1#col:2,target=Main:1#online:55
VW,context=Main:1#online:55,t=int[]:13
VW,context=Main:1#online:55,r=int[]:9
VW,context=Main:1#online:55,s=int[]:12
MC,caller=Main:1#online:55,target=Main:1#cross:125
VW,context=Main:1#cross:125,t=int[]:13
VW,context=Main:1#cross:125,r=int[]:9
VW,context=Main:1#cross:125,s=int[]:12
VW,context=Main:1#cross:125,x1=0
VW,context=Main:1#cross:125,y1=-100
VW,context=Main:1#cross:125,x2=-199
VW,context=Main:1#cross:125,y2=-200
VW,context=Main:1#cross:125,result=-19900
ME,returner=Main:1#cross:125,value=-19900
VW,context=Main:1#online:55,result=false
ME,returner=Main:1#online:55,value=false
FR,context=Main:1,p
FR,context=Main:1,p
FR,context=Main:1,p
MC,caller=Main:1#col:2,target=Main:1#online:56
VW,context=Main:1#online:56,t=int[]:9
VW,context=Main:1#online:56,r=int[]:13
VW,context=Main:1#online:56,s=int[]:8
MC,caller=Main:1#online:56,target=Main:1#cross:126
VW,context=Main:1#cross:126,t=int[]:9
VW,context=Main:1#cross:126,r=int[]:13
VW,context=Main:1#cross:126,s=int[]:8
VW,context=Main:1#cross:126,x1=0
VW,context=Main:1#cross:126,y1=-1
VW,context=Main:1#cross:126,x2=199
VW,context=Main:1#cross:126,y2=99
VW,context=Main:1#cross:126,result=199
ME,returner=Main:1#cross:126,value=199
VW,context=Main:1#online:56,result=false
ME,returner=Main:1#online:56,value=false
FR,context=Main:1,p
FR,context=Main:1,p
FR,context=Main:1,p
FR,context=Main:1,p
MC,caller=Main:1#col:2,target=Main:1#isCross:28
VW,context=Main:1#isCross:28,t=int[]:6
VW,context=Main:1#isCross:28,b=int[]:13
VW,context=Main:1#isCross:28,s=int[]:9
VW,context=Main:1#isCross:28,a=int[]:12
MC,caller=Main:1#isCross:28,target=Main:1#cross:127
VW,context=Main:1#cross:127,t=int[]:13
VW,context=Main:1#cross:127,r=int[]:9
VW,context=Main:1#cross:127,s=int[]:12
VW,context=Main:1#cross:127,x1=0
VW,context=Main:1#cross:127,y1=-100
VW,context=Main:1#cross:127,x2=-199
VW,context=Main:1#cross:127,y2=-200
VW,context=Main:1#cross:127,result=-19900
ME,returner=Main:1#cross:127,value=-19900
MC,caller=Main:1#isCross:28,target=Main:1#cross:128
VW,context=Main:1#cross:128,t=int[]:13
VW,context=Main:1#cross:128,r=int[]:6
VW,context=Main:1#cross:128,s=int[]:12
VW,context=Main:1#cross:128,x1=0
VW,context=Main:1#cross:128,y1=-100
VW,context=Main:1#cross:128,x2=-200
VW,context=Main:1#cross:128,y2=-200
VW,context=Main:1#cross:128,result=-20000
ME,returner=Main:1#cross:128,value=-20000
VW,context=Main:1#isCross:28,result=false
ME,returner=Main:1#isCross:28,value=false
VW,context=Main:1#col:2,i=3
VW,context=Main:1#col:2,j=0
FR,context=Main:1,p
FR,context=Main:1,p
FR,context=Main:1,p
MC,caller=Main:1#col:2,target=Main:1#online:57
VW,context=Main:1#online:57,t=int[]:10
VW,context=Main:1#online:57,r=int[]:6
VW,context=Main:1#online:57,s=int[]:13
MC,caller=Main:1#online:57,target=Main:1#cross:129
VW,context=Main:1#cross:129,t=int[]:10
VW,context=Main:1#cross:129,r=int[]:6
VW,context=Main:1#cross:129,s=int[]:13
VW,context=Main:1#cross:129,x1=-100
VW,context=Main:1#cross:129,y1=0
VW,context=Main:1#cross:129,x2=-200
VW,context=Main:1#cross:129,y2=-100
VW,context=Main:1#cross:129,result=10000
ME,returner=Main:1#cross:129,value=10000
VW,context=Main:1#online:57,result=false
ME,returner=Main:1#online:57,value=false
FR,context=Main:1,p
FR,context=Main:1,p
FR,context=Main:1,p
MC,caller=Main:1#col:2,target=Main:1#online:58
VW,context=Main:1#online:58,t=int[]:6
VW,context=Main:1#online:58,r=int[]:10
VW,context=Main:1#online:58,s=int[]:9
MC,caller=Main:1#online:58,target=Main:1#cross:130
VW,context=Main:1#cross:130,t=int[]:6
VW,context=Main:1#cross:130,r=int[]:10
VW,context=Main:1#cross:130,s=int[]:9
VW,context=Main:1#cross:130,x1=-1
VW,context=Main:1#cross:130,y1=0
VW,context=Main:1#cross:130,x2=99
VW,context=Main:1#cross:130,y2=100
VW,context=Main:1#cross:130,result=-100
ME,returner=Main:1#cross:130,value=-100
VW,context=Main:1#online:58,result=false
ME,returner=Main:1#online:58,value=false
FR,context=Main:1,p
FR,context=Main:1,p
FR,context=Main:1,p
FR,context=Main:1,p
MC,caller=Main:1#col:2,target=Main:1#isCross:29
VW,context=Main:1#isCross:29,t=int[]:7
VW,context=Main:1#isCross:29,b=int[]:10
VW,context=Main:1#isCross:29,s=int[]:6
VW,context=Main:1#isCross:29,a=int[]:13
MC,caller=Main:1#isCross:29,target=Main:1#cross:131
VW,context=Main:1#cross:131,t=int[]:10
VW,context=Main:1#cross:131,r=int[]:6
VW,context=Main:1#cross:131,s=int[]:13
VW,context=Main:1#cross:131,x1=-100
VW,context=Main:1#cross:131,y1=0
VW,context=Main:1#cross:131,x2=-200
VW,context=Main:1#cross:131,y2=-100
VW,context=Main:1#cross:131,result=10000
ME,returner=Main:1#cross:131,value=10000
MC,caller=Main:1#isCross:29,target=Main:1#cross:132
VW,context=Main:1#cross:132,t=int[]:10
VW,context=Main:1#cross:132,r=int[]:7
VW,context=Main:1#cross:132,s=int[]:13
VW,context=Main:1#cross:132,x1=-100
VW,context=Main:1#cross:132,y1=0
VW,context=Main:1#cross:132,x2=-200
VW,context=Main:1#cross:132,y2=-99
VW,context=Main:1#cross:132,result=9900
ME,returner=Main:1#cross:132,value=9900
VW,context=Main:1#isCross:29,result=false
ME,returner=Main:1#isCross:29,value=false
VW,context=Main:1#col:2,i=3
VW,context=Main:1#col:2,j=1
FR,context=Main:1,p
FR,context=Main:1,p
FR,context=Main:1,p
MC,caller=Main:1#col:2,target=Main:1#online:59
VW,context=Main:1#online:59,t=int[]:10
VW,context=Main:1#online:59,r=int[]:7
VW,context=Main:1#online:59,s=int[]:13
MC,caller=Main:1#online:59,target=Main:1#cross:133
VW,context=Main:1#cross:133,t=int[]:10
VW,context=Main:1#cross:133,r=int[]:7
VW,context=Main:1#cross:133,s=int[]:13
VW,context=Main:1#cross:133,x1=-100
VW,context=Main:1#cross:133,y1=0
VW,context=Main:1#cross:133,x2=-200
VW,context=Main:1#cross:133,y2=-99
VW,context=Main:1#cross:133,result=9900
ME,returner=Main:1#cross:133,value=9900
VW,context=Main:1#online:59,result=false
ME,returner=Main:1#online:59,value=false
FR,context=Main:1,p
FR,context=Main:1,p
FR,context=Main:1,p
MC,caller=Main:1#col:2,target=Main:1#online:60
VW,context=Main:1#online:60,t=int[]:6
VW,context=Main:1#online:60,r=int[]:11
VW,context=Main:1#online:60,s=int[]:9
MC,caller=Main:1#online:60,target=Main:1#cross:134
VW,context=Main:1#cross:134,t=int[]:6
VW,context=Main:1#cross:134,r=int[]:11
VW,context=Main:1#cross:134,s=int[]:9
VW,context=Main:1#cross:134,x1=-1
VW,context=Main:1#cross:134,y1=0
VW,context=Main:1#cross:134,x2=99
VW,context=Main:1#cross:134,y2=200
VW,context=Main:1#cross:134,result=-200
ME,returner=Main:1#cross:134,value=-200
VW,context=Main:1#online:60,result=false
ME,returner=Main:1#online:60,value=false
FR,context=Main:1,p
FR,context=Main:1,p
FR,context=Main:1,p
FR,context=Main:1,p
MC,caller=Main:1#col:2,target=Main:1#isCross:30
VW,context=Main:1#isCross:30,t=int[]:8
VW,context=Main:1#isCross:30,b=int[]:10
VW,context=Main:1#isCross:30,s=int[]:7
VW,context=Main:1#isCross:30,a=int[]:13
MC,caller=Main:1#isCross:30,target=Main:1#cross:135
VW,context=Main:1#cross:135,t=int[]:10
VW,context=Main:1#cross:135,r=int[]:7
VW,context=Main:1#cross:135,s=int[]:13
VW,context=Main:1#cross:135,x1=-100
VW,context=Main:1#cross:135,y1=0
VW,context=Main:1#cross:135,x2=-200
VW,context=Main:1#cross:135,y2=-99
VW,context=Main:1#cross:135,result=9900
ME,returner=Main:1#cross:135,value=9900
MC,caller=Main:1#isCross:30,target=Main:1#cross:136
VW,context=Main:1#cross:136,t=int[]:10
VW,context=Main:1#cross:136,r=int[]:8
VW,context=Main:1#cross:136,s=int[]:13
VW,context=Main:1#cross:136,x1=-100
VW,context=Main:1#cross:136,y1=0
VW,context=Main:1#cross:136,x2=-199
VW,context=Main:1#cross:136,y2=-99
VW,context=Main:1#cross:136,result=9900
ME,returner=Main:1#cross:136,value=9900
VW,context=Main:1#isCross:30,result=false
ME,returner=Main:1#isCross:30,value=false
VW,context=Main:1#col:2,i=3
VW,context=Main:1#col:2,j=2
FR,context=Main:1,p
FR,context=Main:1,p
FR,context=Main:1,p
MC,caller=Main:1#col:2,target=Main:1#online:61
VW,context=Main:1#online:61,t=int[]:10
VW,context=Main:1#online:61,r=int[]:8
VW,context=Main:1#online:61,s=int[]:13
MC,caller=Main:1#online:61,target=Main:1#cross:137
VW,context=Main:1#cross:137,t=int[]:10
VW,context=Main:1#cross:137,r=int[]:8
VW,context=Main:1#cross:137,s=int[]:13
VW,context=Main:1#cross:137,x1=-100
VW,context=Main:1#cross:137,y1=0
VW,context=Main:1#cross:137,x2=-199
VW,context=Main:1#cross:137,y2=-99
VW,context=Main:1#cross:137,result=9900
ME,returner=Main:1#cross:137,value=9900
VW,context=Main:1#online:61,result=false
ME,returner=Main:1#online:61,value=false
FR,context=Main:1,p
FR,context=Main:1,p
FR,context=Main:1,p
MC,caller=Main:1#col:2,target=Main:1#online:62
VW,context=Main:1#online:62,t=int[]:6
VW,context=Main:1#online:62,r=int[]:12
VW,context=Main:1#online:62,s=int[]:9
MC,caller=Main:1#online:62,target=Main:1#cross:138
VW,context=Main:1#cross:138,t=int[]:6
VW,context=Main:1#cross:138,r=int[]:12
VW,context=Main:1#cross:138,s=int[]:9
VW,context=Main:1#cross:138,x1=-1
VW,context=Main:1#cross:138,y1=0
VW,context=Main:1#cross:138,x2=199
VW,context=Main:1#cross:138,y2=200
VW,context=Main:1#cross:138,result=-200
ME,returner=Main:1#cross:138,value=-200
VW,context=Main:1#online:62,result=false
ME,returner=Main:1#online:62,value=false
FR,context=Main:1,p
FR,context=Main:1,p
FR,context=Main:1,p
FR,context=Main:1,p
MC,caller=Main:1#col:2,target=Main:1#isCross:31
VW,context=Main:1#isCross:31,t=int[]:9
VW,context=Main:1#isCross:31,b=int[]:10
VW,context=Main:1#isCross:31,s=int[]:8
VW,context=Main:1#isCross:31,a=int[]:13
MC,caller=Main:1#isCross:31,target=Main:1#cross:139
VW,context=Main:1#cross:139,t=int[]:10
VW,context=Main:1#cross:139,r=int[]:8
VW,context=Main:1#cross:139,s=int[]:13
VW,context=Main:1#cross:139,x1=-100
VW,context=Main:1#cross:139,y1=0
VW,context=Main:1#cross:139,x2=-199
VW,context=Main:1#cross:139,y2=-99
VW,context=Main:1#cross:139,result=9900
ME,returner=Main:1#cross:139,value=9900
MC,caller=Main:1#isCross:31,target=Main:1#cross:140
VW,context=Main:1#cross:140,t=int[]:10
VW,context=Main:1#cross:140,r=int[]:9
VW,context=Main:1#cross:140,s=int[]:13
VW,context=Main:1#cross:140,x1=-100
VW,context=Main:1#cross:140,y1=0
VW,context=Main:1#cross:140,x2=-199
VW,context=Main:1#cross:140,y2=-100
VW,context=Main:1#cross:140,result=10000
ME,returner=Main:1#cross:140,value=10000
VW,context=Main:1#isCross:31,result=false
ME,returner=Main:1#isCross:31,value=false
VW,context=Main:1#col:2,i=3
VW,context=Main:1#col:2,j=3
FR,context=Main:1,p
FR,context=Main:1,p
FR,context=Main:1,p
MC,caller=Main:1#col:2,target=Main:1#online:63
VW,context=Main:1#online:63,t=int[]:10
VW,context=Main:1#online:63,r=int[]:9
VW,context=Main:1#online:63,s=int[]:13
MC,caller=Main:1#online:63,target=Main:1#cross:141
VW,context=Main:1#cross:141,t=int[]:10
VW,context=Main:1#cross:141,r=int[]:9
VW,context=Main:1#cross:141,s=int[]:13
VW,context=Main:1#cross:141,x1=-100
VW,context=Main:1#cross:141,y1=0
VW,context=Main:1#cross:141,x2=-199
VW,context=Main:1#cross:141,y2=-100
VW,context=Main:1#cross:141,result=10000
ME,returner=Main:1#cross:141,value=10000
VW,context=Main:1#online:63,result=false
ME,returner=Main:1#online:63,value=false
FR,context=Main:1,p
FR,context=Main:1,p
FR,context=Main:1,p
MC,caller=Main:1#col:2,target=Main:1#online:64
VW,context=Main:1#online:64,t=int[]:6
VW,context=Main:1#online:64,r=int[]:13
VW,context=Main:1#online:64,s=int[]:9
MC,caller=Main:1#online:64,target=Main:1#cross:142
VW,context=Main:1#cross:142,t=int[]:6
VW,context=Main:1#cross:142,r=int[]:13
VW,context=Main:1#cross:142,s=int[]:9
VW,context=Main:1#cross:142,x1=-1
VW,context=Main:1#cross:142,y1=0
VW,context=Main:1#cross:142,x2=199
VW,context=Main:1#cross:142,y2=100
VW,context=Main:1#cross:142,result=-100
ME,returner=Main:1#cross:142,value=-100
VW,context=Main:1#online:64,result=false
ME,returner=Main:1#online:64,value=false
FR,context=Main:1,p
FR,context=Main:1,p
FR,context=Main:1,p
FR,context=Main:1,p
MC,caller=Main:1#col:2,target=Main:1#isCross:32
VW,context=Main:1#isCross:32,t=int[]:6
VW,context=Main:1#isCross:32,b=int[]:10
VW,context=Main:1#isCross:32,s=int[]:9
VW,context=Main:1#isCross:32,a=int[]:13
MC,caller=Main:1#isCross:32,target=Main:1#cross:143
VW,context=Main:1#cross:143,t=int[]:10
VW,context=Main:1#cross:143,r=int[]:9
VW,context=Main:1#cross:143,s=int[]:13
VW,context=Main:1#cross:143,x1=-100
VW,context=Main:1#cross:143,y1=0
VW,context=Main:1#cross:143,x2=-199
VW,context=Main:1#cross:143,y2=-100
VW,context=Main:1#cross:143,result=10000
ME,returner=Main:1#cross:143,value=10000
MC,caller=Main:1#isCross:32,target=Main:1#cross:144
VW,context=Main:1#cross:144,t=int[]:10
VW,context=Main:1#cross:144,r=int[]:6
VW,context=Main:1#cross:144,s=int[]:13
VW,context=Main:1#cross:144,x1=-100
VW,context=Main:1#cross:144,y1=0
VW,context=Main:1#cross:144,x2=-200
VW,context=Main:1#cross:144,y2=-100
VW,context=Main:1#cross:144,result=10000
ME,returner=Main:1#cross:144,value=10000
VW,context=Main:1#isCross:32,result=false
ME,returner=Main:1#isCross:32,value=false
VD,method=Main:1#col:2 <name=i,type=int (id=7),value=<?>,index=2>
VD,method=Main:1#col:2 <name=j,type=int (id=7),value=<?>,index=3>
VW,context=Main:1#col:2,j=0
VW,context=Main:1#col:2,in=true
FR,context=Main:1,p
FR,context=Main:1,p
FR,context=Main:1,p
MC,caller=Main:1#col:2,target=Main:1#cross:145
VW,context=Main:1#cross:145,t=int[]:11
VW,context=Main:1#cross:145,r=int[]:6
VW,context=Main:1#cross:145,s=int[]:10
VW,context=Main:1#cross:145,x1=0
VW,context=Main:1#cross:145,y1=100
VW,context=Main:1#cross:145,x2=-100
VW,context=Main:1#cross:145,y2=-100
VW,context=Main:1#cross:145,result=10000
ME,returner=Main:1#cross:145,value=10000
FR,context=Main:1,p
FR,context=Main:1,p
FR,context=Main:1,p
MC,caller=Main:1#col:2,target=Main:1#cross:146
VW,context=Main:1#cross:146,t=int[]:12
VW,context=Main:1#cross:146,r=int[]:6
VW,context=Main:1#cross:146,s=int[]:11
VW,context=Main:1#cross:146,x1=100
VW,context=Main:1#cross:146,y1=0
VW,context=Main:1#cross:146,x2=-100
VW,context=Main:1#cross:146,y2=-200
VW,context=Main:1#cross:146,result=-20000
ME,returner=Main:1#cross:146,value=-20000
FR,context=Main:1,p
FR,context=Main:1,p
FR,context=Main:1,p
MC,caller=Main:1#col:2,target=Main:1#cross:147
VW,context=Main:1#cross:147,t=int[]:13
VW,context=Main:1#cross:147,r=int[]:6
VW,context=Main:1#cross:147,s=int[]:12
VW,context=Main:1#cross:147,x1=0
VW,context=Main:1#cross:147,y1=-100
VW,context=Main:1#cross:147,x2=-200
VW,context=Main:1#cross:147,y2=-200
VW,context=Main:1#cross:147,result=-20000
ME,returner=Main:1#cross:147,value=-20000
FR,context=Main:1,p
FR,context=Main:1,p
FR,context=Main:1,p
MC,caller=Main:1#col:2,target=Main:1#cross:148
VW,context=Main:1#cross:148,t=int[]:10
VW,context=Main:1#cross:148,r=int[]:6
VW,context=Main:1#cross:148,s=int[]:13
VW,context=Main:1#cross:148,x1=-100
VW,context=Main:1#cross:148,y1=0
VW,context=Main:1#cross:148,x2=-200
VW,context=Main:1#cross:148,y2=-100
VW,context=Main:1#cross:148,result=10000
ME,returner=Main:1#cross:148,value=10000
VW,context=Main:1#col:2,in=false
VW,context=Main:1#col:2,j=1
VD,method=Main:1#col:2 <name=in,type=boolean (id=2),value=<?>,index=5>
VW,context=Main:1#col:2,in=true
FR,context=Main:1,p
FR,context=Main:1,p
FR,context=Main:1,p
MC,caller=Main:1#col:2,target=Main:1#cross:149
VW,context=Main:1#cross:149,t=int[]:11
VW,context=Main:1#cross:149,r=int[]:7
VW,context=Main:1#cross:149,s=int[]:10
VW,context=Main:1#cross:149,x1=0
VW,context=Main:1#cross:149,y1=100
VW,context=Main:1#cross:149,x2=-100
VW,context=Main:1#cross:149,y2=-99
VW,context=Main:1#cross:149,result=10000
ME,returner=Main:1#cross:149,value=10000
FR,context=Main:1,p
FR,context=Main:1,p
FR,context=Main:1,p
MC,caller=Main:1#col:2,target=Main:1#cross:150
VW,context=Main:1#cross:150,t=int[]:12
VW,context=Main:1#cross:150,r=int[]:7
VW,context=Main:1#cross:150,s=int[]:11
VW,context=Main:1#cross:150,x1=100
VW,context=Main:1#cross:150,y1=0
VW,context=Main:1#cross:150,x2=-100
VW,context=Main:1#cross:150,y2=-199
VW,context=Main:1#cross:150,result=-19900
ME,returner=Main:1#cross:150,value=-19900
FR,context=Main:1,p
FR,context=Main:1,p
FR,context=Main:1,p
MC,caller=Main:1#col:2,target=Main:1#cross:151
VW,context=Main:1#cross:151,t=int[]:13
VW,context=Main:1#cross:151,r=int[]:7
VW,context=Main:1#cross:151,s=int[]:12
VW,context=Main:1#cross:151,x1=0
VW,context=Main:1#cross:151,y1=-100
VW,context=Main:1#cross:151,x2=-200
VW,context=Main:1#cross:151,y2=-199
VW,context=Main:1#cross:151,result=-20000
ME,returner=Main:1#cross:151,value=-20000
FR,context=Main:1,p
FR,context=Main:1,p
FR,context=Main:1,p
MC,caller=Main:1#col:2,target=Main:1#cross:152
VW,context=Main:1#cross:152,t=int[]:10
VW,context=Main:1#cross:152,r=int[]:7
VW,context=Main:1#cross:152,s=int[]:13
VW,context=Main:1#cross:152,x1=-100
VW,context=Main:1#cross:152,y1=0
VW,context=Main:1#cross:152,x2=-200
VW,context=Main:1#cross:152,y2=-99
VW,context=Main:1#cross:152,result=9900
ME,returner=Main:1#cross:152,value=9900
VW,context=Main:1#col:2,in=false
VW,context=Main:1#col:2,j=2
VD,method=Main:1#col:2 <name=in,type=boolean (id=2),value=<?>,index=5>
VW,context=Main:1#col:2,in=true
FR,context=Main:1,p
FR,context=Main:1,p
FR,context=Main:1,p
MC,caller=Main:1#col:2,target=Main:1#cross:153
VW,context=Main:1#cross:153,t=int[]:11
VW,context=Main:1#cross:153,r=int[]:8
VW,context=Main:1#cross:153,s=int[]:10
VW,context=Main:1#cross:153,x1=0
VW,context=Main:1#cross:153,y1=100
VW,context=Main:1#cross:153,x2=-99
VW,context=Main:1#cross:153,y2=-99
VW,context=Main:1#cross:153,result=9900
ME,returner=Main:1#cross:153,value=9900
FR,context=Main:1,p
FR,context=Main:1,p
FR,context=Main:1,p
MC,caller=Main:1#col:2,target=Main:1#cross:154
VW,context=Main:1#cross:154,t=int[]:12
VW,context=Main:1#cross:154,r=int[]:8
VW,context=Main:1#cross:154,s=int[]:11
VW,context=Main:1#cross:154,x1=100
VW,context=Main:1#cross:154,y1=0
VW,context=Main:1#cross:154,x2=-99
VW,context=Main:1#cross:154,y2=-199
VW,context=Main:1#cross:154,result=-19900
ME,returner=Main:1#cross:154,value=-19900
FR,context=Main:1,p
FR,context=Main:1,p
FR,context=Main:1,p
MC,caller=Main:1#col:2,target=Main:1#cross:155
VW,context=Main:1#cross:155,t=int[]:13
VW,context=Main:1#cross:155,r=int[]:8
VW,context=Main:1#cross:155,s=int[]:12
VW,context=Main:1#cross:155,x1=0
VW,context=Main:1#cross:155,y1=-100
VW,context=Main:1#cross:155,x2=-199
VW,context=Main:1#cross:155,y2=-199
VW,context=Main:1#cross:155,result=-19900
ME,returner=Main:1#cross:155,value=-19900
FR,context=Main:1,p
FR,context=Main:1,p
FR,context=Main:1,p
MC,caller=Main:1#col:2,target=Main:1#cross:156
VW,context=Main:1#cross:156,t=int[]:10
VW,context=Main:1#cross:156,r=int[]:8
VW,context=Main:1#cross:156,s=int[]:13
VW,context=Main:1#cross:156,x1=-100
VW,context=Main:1#cross:156,y1=0
VW,context=Main:1#cross:156,x2=-199
VW,context=Main:1#cross:156,y2=-99
VW,context=Main:1#cross:156,result=9900
ME,returner=Main:1#cross:156,value=9900
VW,context=Main:1#col:2,in=false
VW,context=Main:1#col:2,j=3
VD,method=Main:1#col:2 <name=in,type=boolean (id=2),value=<?>,index=5>
VW,context=Main:1#col:2,in=true
FR,context=Main:1,p
FR,context=Main:1,p
FR,context=Main:1,p
MC,caller=Main:1#col:2,target=Main:1#cross:157
VW,context=Main:1#cross:157,t=int[]:11
VW,context=Main:1#cross:157,r=int[]:9
VW,context=Main:1#cross:157,s=int[]:10
VW,context=Main:1#cross:157,x1=0
VW,context=Main:1#cross:157,y1=100
VW,context=Main:1#cross:157,x2=-99
VW,context=Main:1#cross:157,y2=-100
VW,context=Main:1#cross:157,result=9900
ME,returner=Main:1#cross:157,value=9900
FR,context=Main:1,p
FR,context=Main:1,p
FR,context=Main:1,p
MC,caller=Main:1#col:2,target=Main:1#cross:158
VW,context=Main:1#cross:158,t=int[]:12
VW,context=Main:1#cross:158,r=int[]:9
VW,context=Main:1#cross:158,s=int[]:11
VW,context=Main:1#cross:158,x1=100
VW,context=Main:1#cross:158,y1=0
VW,context=Main:1#cross:158,x2=-99
VW,context=Main:1#cross:158,y2=-200
VW,context=Main:1#cross:158,result=-20000
ME,returner=Main:1#cross:158,value=-20000
FR,context=Main:1,p
FR,context=Main:1,p
FR,context=Main:1,p
MC,caller=Main:1#col:2,target=Main:1#cross:159
VW,context=Main:1#cross:159,t=int[]:13
VW,context=Main:1#cross:159,r=int[]:9
VW,context=Main:1#cross:159,s=int[]:12
VW,context=Main:1#cross:159,x1=0
VW,context=Main:1#cross:159,y1=-100
VW,context=Main:1#cross:159,x2=-199
VW,context=Main:1#cross:159,y2=-200
VW,context=Main:1#cross:159,result=-19900
ME,returner=Main:1#cross:159,value=-19900
FR,context=Main:1,p
FR,context=Main:1,p
FR,context=Main:1,p
MC,caller=Main:1#col:2,target=Main:1#cross:160
VW,context=Main:1#cross:160,t=int[]:10
VW,context=Main:1#cross:160,r=int[]:9
VW,context=Main:1#cross:160,s=int[]:13
VW,context=Main:1#cross:160,x1=-100
VW,context=Main:1#cross:160,y1=0
VW,context=Main:1#cross:160,x2=-199
VW,context=Main:1#cross:160,y2=-100
VW,context=Main:1#cross:160,result=10000
ME,returner=Main:1#cross:160,value=10000
VW,context=Main:1#col:2,in=false
VD,method=Main:1#col:2 <name=in,type=boolean (id=2),value=<?>,index=5>
VW,context=Main:1#col:2,result=false
ME,returner=Main:1#col:2,value=false
FR,context=Main:1,n
VW,context=Main:1#run:1,j=1
MC,caller=Main:1#run:1,target=Main$UnionFind:2#find:5
VW,context=Main$UnionFind:2#find:5,x=1
VW,context=Main$UnionFind:2#find:5,y=1
MC,caller=Main$UnionFind:2#find:5,target=Main$UnionFind:2#root:9
VW,context=Main$UnionFind:2#root:9,x=1
FR,context=Main$UnionFind:2,tree
VW,context=Main$UnionFind:2#root:9,result=1
ME,returner=Main$UnionFind:2#root:9,value=1
MC,caller=Main$UnionFind:2#find:5,target=Main$UnionFind:2#root:10
VW,context=Main$UnionFind:2#root:10,x=1
FR,context=Main$UnionFind:2,tree
VW,context=Main$UnionFind:2#root:10,result=1
ME,returner=Main$UnionFind:2#root:10,value=1
VW,context=Main$UnionFind:2#find:5,result=true
ME,returner=Main$UnionFind:2#find:5,value=true
FR,context=Main:1,n
FR,context=Main:1,n
FR,context=Main$UnionFind:2,num
VD,method=Main:1#run:1 <name=i,type=int (id=7),value=<?>,index=6>
VD,method=Main:1#run:1 <name=j,type=int (id=7),value=<?>,index=7>
VW,context=Main:1#run:1,m=0
VD,method=Main:1#run:1 <name=u,type=Main$UnionFind (id=91),value=<?>,index=5>
FW,context=Main:1,n=2
FR,context=Main:1,n
NO,object=int[][][]:3
NO,object=int[][]:4
NO,object=int[]:15
FW,context=int[]:15,0=0
FW,context=int[]:15,1=0
FW,context=int[][]:4,0=int[]:15
NO,object=int[]:16
FW,context=int[]:16,0=0
FW,context=int[]:16,1=0
FW,context=int[][]:4,1=int[]:16
NO,object=int[]:17
FW,context=int[]:17,0=0
FW,context=int[]:17,1=0
FW,context=int[][]:4,2=int[]:17
NO,object=int[]:18
FW,context=int[]:18,0=0
FW,context=int[]:18,1=0
FW,context=int[][]:4,3=int[]:18
FW,context=int[][][]:3,0=int[][]:4
NO,object=int[][]:5
NO,object=int[]:19
FW,context=int[]:19,0=0
FW,context=int[]:19,1=0
FW,context=int[][]:5,0=int[]:19
NO,object=int[]:20
FW,context=int[]:20,0=0
FW,context=int[]:20,1=0
FW,context=int[][]:5,1=int[]:20
NO,object=int[]:21
FW,context=int[]:21,0=0
FW,context=int[]:21,1=0
FW,context=int[][]:5,2=int[]:21
NO,object=int[]:22
FW,context=int[]:22,0=0
FW,context=int[]:22,1=0
FW,context=int[][]:5,3=int[]:22
FW,context=int[][][]:3,1=int[][]:5
FW,context=Main:1,p=int[][][]:3
FR,context=Main:1,n
FR,context=Main:1,p
FR,context=Main:1,p
FR,context=Main:1,p
FR,context=Main:1,p
FR,context=Main:1,p
FR,context=Main:1,p
FR,context=Main:1,p
FR,context=Main:1,p
FR,context=Main:1,n
FR,context=Main:1,p
FR,context=Main:1,p
FR,context=Main:1,p
FR,context=Main:1,p
FR,context=Main:1,p
FR,context=Main:1,p
FR,context=Main:1,p
FR,context=Main:1,p
FR,context=Main:1,n
FR,context=Main:1,n
NO,object=Main$UnionFind:3
MC,caller=Main:1#run:1,target=Main$UnionFind:3#Main$UnionFind:3
VW,context=Main$UnionFind:3#Main$UnionFind:3,n=2
NO,object=int[]:23
FW,context=int[]:23,0=0
FW,context=int[]:23,1=0
FW,context=Main$UnionFind:3,tree=int[]:23
FR,context=Main$UnionFind:3,tree
FW,context=Main$UnionFind:3,num=2
ME,returner=Main$UnionFind:3#Main$UnionFind:3,value=<void>
VW,context=Main:1#run:1,u=Main$UnionFind:3
FR,context=Main:1,n
FR,context=Main:1,n
VW,context=Main:1#run:1,i=0
VW,context=Main:1#run:1,j=0
MC,caller=Main:1#run:1,target=Main$UnionFind:3#find:6
VW,context=Main$UnionFind:3#find:6,x=0
VW,context=Main$UnionFind:3#find:6,y=0
MC,caller=Main$UnionFind:3#find:6,target=Main$UnionFind:3#root:11
VW,context=Main$UnionFind:3#root:11,x=0
FR,context=Main$UnionFind:3,tree
VW,context=Main$UnionFind:3#root:11,result=0
ME,returner=Main$UnionFind:3#root:11,value=0
MC,caller=Main$UnionFind:3#find:6,target=Main$UnionFind:3#root:12
VW,context=Main$UnionFind:3#root:12,x=0
FR,context=Main$UnionFind:3,tree
VW,context=Main$UnionFind:3#root:12,result=0
ME,returner=Main$UnionFind:3#root:12,value=0
VW,context=Main$UnionFind:3#find:6,result=true
ME,returner=Main$UnionFind:3#find:6,value=true
FR,context=Main:1,n
VW,context=Main:1#run:1,j=1
MC,caller=Main:1#run:1,target=Main$UnionFind:3#find:7
VW,context=Main$UnionFind:3#find:7,x=0
VW,context=Main$UnionFind:3#find:7,y=1
MC,caller=Main$UnionFind:3#find:7,target=Main$UnionFind:3#root:13
VW,context=Main$UnionFind:3#root:13,x=0
FR,context=Main$UnionFind:3,tree
VW,context=Main$UnionFind:3#root:13,result=0
ME,returner=Main$UnionFind:3#root:13,value=0
MC,caller=Main$UnionFind:3#find:7,target=Main$UnionFind:3#root:14
VW,context=Main$UnionFind:3#root:14,x=1
FR,context=Main$UnionFind:3,tree
VW,context=Main$UnionFind:3#root:14,result=1
ME,returner=Main$UnionFind:3#root:14,value=1
VW,context=Main$UnionFind:3#find:7,result=false
ME,returner=Main$UnionFind:3#find:7,value=false
MC,caller=Main:1#run:1,target=Main:1#col:3
VW,context=Main:1#col:3,b=1
VW,context=Main:1#col:3,a=0
VW,context=Main:1#col:3,i=0
VW,context=Main:1#col:3,j=0
FR,context=Main:1,p
FR,context=Main:1,p
FR,context=Main:1,p
MC,caller=Main:1#col:3,target=Main:1#online:65
VW,context=Main:1#online:65,t=int[]:16
VW,context=Main:1#online:65,r=int[]:19
VW,context=Main:1#online:65,s=int[]:15
MC,caller=Main:1#online:65,target=Main:1#cross:161
VW,context=Main:1#cross:161,t=int[]:16
VW,context=Main:1#cross:161,r=int[]:19
VW,context=Main:1#cross:161,s=int[]:15
VW,context=Main:1#cross:161,x1=0
VW,context=Main:1#cross:161,y1=100
VW,context=Main:1#cross:161,x2=10
VW,context=Main:1#cross:161,y2=10
VW,context=Main:1#cross:161,result=-1000
ME,returner=Main:1#cross:161,value=-1000
VW,context=Main:1#online:65,result=false
ME,returner=Main:1#online:65,value=false
FR,context=Main:1,p
FR,context=Main:1,p
FR,context=Main:1,p
MC,caller=Main:1#col:3,target=Main:1#online:66
VW,context=Main:1#online:66,t=int[]:20
VW,context=Main:1#online:66,r=int[]:15
VW,context=Main:1#online:66,s=int[]:19
MC,caller=Main:1#online:66,target=Main:1#cross:162
VW,context=Main:1#cross:162,t=int[]:20
VW,context=Main:1#cross:162,r=int[]:15
VW,context=Main:1#cross:162,s=int[]:19
VW,context=Main:1#cross:162,x1=0
VW,context=Main:1#cross:162,y1=10
VW,context=Main:1#cross:162,x2=-10
VW,context=Main:1#cross:162,y2=-10
VW,context=Main:1#cross:162,result=100
ME,returner=Main:1#cross:162,value=100
VW,context=Main:1#online:66,result=false
ME,returner=Main:1#online:66,value=false
FR,context=Main:1,p
FR,context=Main:1,p
FR,context=Main:1,p
FR,context=Main:1,p
MC,caller=Main:1#col:3,target=Main:1#isCross:33
VW,context=Main:1#isCross:33,t=int[]:20
VW,context=Main:1#isCross:33,b=int[]:16
VW,context=Main:1#isCross:33,s=int[]:19
VW,context=Main:1#isCross:33,a=int[]:15
MC,caller=Main:1#isCross:33,target=Main:1#cross:163
VW,context=Main:1#cross:163,t=int[]:16
VW,context=Main:1#cross:163,r=int[]:19
VW,context=Main:1#cross:163,s=int[]:15
VW,context=Main:1#cross:163,x1=0
VW,context=Main:1#cross:163,y1=100
VW,context=Main:1#cross:163,x2=10
VW,context=Main:1#cross:163,y2=10
VW,context=Main:1#cross:163,result=-1000
ME,returner=Main:1#cross:163,value=-1000
MC,caller=Main:1#isCross:33,target=Main:1#cross:164
VW,context=Main:1#cross:164,t=int[]:16
VW,context=Main:1#cross:164,r=int[]:20
VW,context=Main:1#cross:164,s=int[]:15
VW,context=Main:1#cross:164,x1=0
VW,context=Main:1#cross:164,y1=100
VW,context=Main:1#cross:164,x2=10
VW,context=Main:1#cross:164,y2=20
VW,context=Main:1#cross:164,result=-1000
ME,returner=Main:1#cross:164,value=-1000
VW,context=Main:1#isCross:33,result=false
ME,returner=Main:1#isCross:33,value=false
VW,context=Main:1#col:3,i=0
VW,context=Main:1#col:3,j=1
FR,context=Main:1,p
FR,context=Main:1,p
FR,context=Main:1,p
MC,caller=Main:1#col:3,target=Main:1#online:67
VW,context=Main:1#online:67,t=int[]:16
VW,context=Main:1#online:67,r=int[]:20
VW,context=Main:1#online:67,s=int[]:15
MC,caller=Main:1#online:67,target=Main:1#cross:165
VW,context=Main:1#cross:165,t=int[]:16
VW,context=Main:1#cross:165,r=int[]:20
VW,context=Main:1#cross:165,s=int[]:15
VW,context=Main:1#cross:165,x1=0
VW,context=Main:1#cross:165,y1=100
VW,context=Main:1#cross:165,x2=10
VW,context=Main:1#cross:165,y2=20
VW,context=Main:1#cross:165,result=-1000
ME,returner=Main:1#cross:165,value=-1000
VW,context=Main:1#online:67,result=false
ME,returner=Main:1#online:67,value=false
FR,context=Main:1,p
FR,context=Main:1,p
FR,context=Main:1,p
MC,caller=Main:1#col:3,target=Main:1#online:68
VW,context=Main:1#online:68,t=int[]:20
VW,context=Main:1#online:68,r=int[]:16
VW,context=Main:1#online:68,s=int[]:19
MC,caller=Main:1#online:68,target=Main:1#cross:166
VW,context=Main:1#cross:166,t=int[]:20
VW,context=Main:1#cross:166,r=int[]:16
VW,context=Main:1#cross:166,s=int[]:19
VW,context=Main:1#cross:166,x1=0
VW,context=Main:1#cross:166,y1=10
VW,context=Main:1#cross:166,x2=-10
VW,context=Main:1#cross:166,y2=90
VW,context=Main:1#cross:166,result=100
ME,returner=Main:1#cross:166,value=100
VW,context=Main:1#online:68,result=false
ME,returner=Main:1#online:68,value=false
FR,context=Main:1,p
FR,context=Main:1,p
FR,context=Main:1,p
FR,context=Main:1,p
MC,caller=Main:1#col:3,target=Main:1#isCross:34
VW,context=Main:1#isCross:34,t=int[]:21
VW,context=Main:1#isCross:34,b=int[]:16
VW,context=Main:1#isCross:34,s=int[]:20
VW,context=Main:1#isCross:34,a=int[]:15
MC,caller=Main:1#isCross:34,target=Main:1#cross:167
VW,context=Main:1#cross:167,t=int[]:16
VW,context=Main:1#cross:167,r=int[]:20
VW,context=Main:1#cross:167,s=int[]:15
VW,context=Main:1#cross:167,x1=0
VW,context=Main:1#cross:167,y1=100
VW,context=Main:1#cross:167,x2=10
VW,context=Main:1#cross:167,y2=20
VW,context=Main:1#cross:167,result=-1000
ME,returner=Main:1#cross:167,value=-1000
MC,caller=Main:1#isCross:34,target=Main:1#cross:168
VW,context=Main:1#cross:168,t=int[]:16
VW,context=Main:1#cross:168,r=int[]:21
VW,context=Main:1#cross:168,s=int[]:15
VW,context=Main:1#cross:168,x1=0
VW,context=Main:1#cross:168,y1=100
VW,context=Main:1#cross:168,x2=20
VW,context=Main:1#cross:168,y2=20
VW,context=Main:1#cross:168,result=-2000
ME,returner=Main:1#cross:168,value=-2000
VW,context=Main:1#isCross:34,result=false
ME,returner=Main:1#isCross:34,value=false
VW,context=Main:1#col:3,i=0
VW,context=Main:1#col:3,j=2
FR,context=Main:1,p
FR,context=Main:1,p
FR,context=Main:1,p
MC,caller=Main:1#col:3,target=Main:1#online:69
VW,context=Main:1#online:69,t=int[]:16
VW,context=Main:1#online:69,r=int[]:21
VW,context=Main:1#online:69,s=int[]:15
MC,caller=Main:1#online:69,target=Main:1#cross:169
VW,context=Main:1#cross:169,t=int[]:16
VW,context=Main:1#cross:169,r=int[]:21
VW,context=Main:1#cross:169,s=int[]:15
VW,context=Main:1#cross:169,x1=0
VW,context=Main:1#cross:169,y1=100
VW,context=Main:1#cross:169,x2=20
VW,context=Main:1#cross:169,y2=20
VW,context=Main:1#cross:169,result=-2000
ME,returner=Main:1#cross:169,value=-2000
VW,context=Main:1#online:69,result=false
ME,returner=Main:1#online:69,value=false
FR,context=Main:1,p
FR,context=Main:1,p
FR,context=Main:1,p
MC,caller=Main:1#col:3,target=Main:1#online:70
VW,context=Main:1#online:70,t=int[]:20
VW,context=Main:1#online:70,r=int[]:17
VW,context=Main:1#online:70,s=int[]:19
MC,caller=Main:1#online:70,target=Main:1#cross:170
VW,context=Main:1#cross:170,t=int[]:20
VW,context=Main:1#cross:170,r=int[]:17
VW,context=Main:1#cross:170,s=int[]:19
VW,context=Main:1#cross:170,x1=0
VW,context=Main:1#cross:170,y1=10
VW,context=Main:1#cross:170,x2=90
VW,context=Main:1#cross:170,y2=90
VW,context=Main:1#cross:170,result=-900
ME,returner=Main:1#cross:170,value=-900
VW,context=Main:1#online:70,result=false
ME,returner=Main:1#online:70,value=false
FR,context=Main:1,p
FR,context=Main:1,p
FR,context=Main:1,p
FR,context=Main:1,p
MC,caller=Main:1#col:3,target=Main:1#isCross:35
VW,context=Main:1#isCross:35,t=int[]:22
VW,context=Main:1#isCross:35,b=int[]:16
VW,context=Main:1#isCross:35,s=int[]:21
VW,context=Main:1#isCross:35,a=int[]:15
MC,caller=Main:1#isCross:35,target=Main:1#cross:171
VW,context=Main:1#cross:171,t=int[]:16
VW,context=Main:1#cross:171,r=int[]:21
VW,context=Main:1#cross:171,s=int[]:15
VW,context=Main:1#cross:171,x1=0
VW,context=Main:1#cross:171,y1=100
VW,context=Main:1#cross:171,x2=20
VW,context=Main:1#cross:171,y2=20
VW,context=Main:1#cross:171,result=-2000
ME,returner=Main:1#cross:171,value=-2000
MC,caller=Main:1#isCross:35,target=Main:1#cross:172
VW,context=Main:1#cross:172,t=int[]:16
VW,context=Main:1#cross:172,r=int[]:22
VW,context=Main:1#cross:172,s=int[]:15
VW,context=Main:1#cross:172,x1=0
VW,context=Main:1#cross:172,y1=100
VW,context=Main:1#cross:172,x2=20
VW,context=Main:1#cross:172,y2=10
VW,context=Main:1#cross:172,result=-2000
ME,returner=Main:1#cross:172,value=-2000
VW,context=Main:1#isCross:35,result=false
ME,returner=Main:1#isCross:35,value=false
VW,context=Main:1#col:3,i=0
VW,context=Main:1#col:3,j=3
FR,context=Main:1,p
FR,context=Main:1,p
FR,context=Main:1,p
MC,caller=Main:1#col:3,target=Main:1#online:71
VW,context=Main:1#online:71,t=int[]:16
VW,context=Main:1#online:71,r=int[]:22
VW,context=Main:1#online:71,s=int[]:15
MC,caller=Main:1#online:71,target=Main:1#cross:173
VW,context=Main:1#cross:173,t=int[]:16
VW,context=Main:1#cross:173,r=int[]:22
VW,context=Main:1#cross:173,s=int[]:15
VW,context=Main:1#cross:173,x1=0
VW,context=Main:1#cross:173,y1=100
VW,context=Main:1#cross:173,x2=20
VW,context=Main:1#cross:173,y2=10
VW,context=Main:1#cross:173,result=-2000
ME,returner=Main:1#cross:173,value=-2000
VW,context=Main:1#online:71,result=false
ME,returner=Main:1#online:71,value=false
FR,context=Main:1,p
FR,context=Main:1,p
FR,context=Main:1,p
MC,caller=Main:1#col:3,target=Main:1#online:72
VW,context=Main:1#online:72,t=int[]:20
VW,context=Main:1#online:72,r=int[]:18
VW,context=Main:1#online:72,s=int[]:19
MC,caller=Main:1#online:72,target=Main:1#cross:174
VW,context=Main:1#cross:174,t=int[]:20
VW,context=Main:1#cross:174,r=int[]:18
VW,context=Main:1#cross:174,s=int[]:19
VW,context=Main:1#cross:174,x1=0
VW,context=Main:1#cross:174,y1=10
VW,context=Main:1#cross:174,x2=90
VW,context=Main:1#cross:174,y2=-10
VW,context=Main:1#cross:174,result=-900
ME,returner=Main:1#cross:174,value=-900
VW,context=Main:1#online:72,result=false
ME,returner=Main:1#online:72,value=false
FR,context=Main:1,p
FR,context=Main:1,p
FR,context=Main:1,p
FR,context=Main:1,p
MC,caller=Main:1#col:3,target=Main:1#isCross:36
VW,context=Main:1#isCross:36,t=int[]:19
VW,context=Main:1#isCross:36,b=int[]:16
VW,context=Main:1#isCross:36,s=int[]:22
VW,context=Main:1#isCross:36,a=int[]:15
MC,caller=Main:1#isCross:36,target=Main:1#cross:175
VW,context=Main:1#cross:175,t=int[]:16
VW,context=Main:1#cross:175,r=int[]:22
VW,context=Main:1#cross:175,s=int[]:15
VW,context=Main:1#cross:175,x1=0
VW,context=Main:1#cross:175,y1=100
VW,context=Main:1#cross:175,x2=20
VW,context=Main:1#cross:175,y2=10
VW,context=Main:1#cross:175,result=-2000
ME,returner=Main:1#cross:175,value=-2000
MC,caller=Main:1#isCross:36,target=Main:1#cross:176
VW,context=Main:1#cross:176,t=int[]:16
VW,context=Main:1#cross:176,r=int[]:19
VW,context=Main:1#cross:176,s=int[]:15
VW,context=Main:1#cross:176,x1=0
VW,context=Main:1#cross:176,y1=100
VW,context=Main:1#cross:176,x2=10
VW,context=Main:1#cross:176,y2=10
VW,context=Main:1#cross:176,result=-1000
ME,returner=Main:1#cross:176,value=-1000
VW,context=Main:1#isCross:36,result=false
ME,returner=Main:1#isCross:36,value=false
VW,context=Main:1#col:3,i=1
VW,context=Main:1#col:3,j=0
FR,context=Main:1,p
FR,context=Main:1,p
FR,context=Main:1,p
MC,caller=Main:1#col:3,target=Main:1#online:73
VW,context=Main:1#online:73,t=int[]:17
VW,context=Main:1#online:73,r=int[]:19
VW,context=Main:1#online:73,s=int[]:16
MC,caller=Main:1#online:73,target=Main:1#cross:177
VW,context=Main:1#cross:177,t=int[]:17
VW,context=Main:1#cross:177,r=int[]:19
VW,context=Main:1#cross:177,s=int[]:16
VW,context=Main:1#cross:177,x1=100
VW,context=Main:1#cross:177,y1=0
VW,context=Main:1#cross:177,x2=10
VW,context=Main:1#cross:177,y2=-90
VW,context=Main:1#cross:177,result=-9000
ME,returner=Main:1#cross:177,value=-9000
VW,context=Main:1#online:73,result=false
ME,returner=Main:1#online:73,value=false
FR,context=Main:1,p
FR,context=Main:1,p
FR,context=Main:1,p
MC,caller=Main:1#col:3,target=Main:1#online:74
VW,context=Main:1#online:74,t=int[]:21
VW,context=Main:1#online:74,r=int[]:15
VW,context=Main:1#online:74,s=int[]:20
MC,caller=Main:1#online:74,target=Main:1#cross:178
VW,context=Main:1#cross:178,t=int[]:21
VW,context=Main:1#cross:178,r=int[]:15
VW,context=Main:1#cross:178,s=int[]:20
VW,context=Main:1#cross:178,x1=10
VW,context=Main:1#cross:178,y1=0
VW,context=Main:1#cross:178,x2=-10
VW,context=Main:1#cross:178,y2=-20
VW,context=Main:1#cross:178,result=-200
ME,returner=Main:1#cross:178,value=-200
VW,context=Main:1#online:74,result=false
ME,returner=Main:1#online:74,value=false
FR,context=Main:1,p
FR,context=Main:1,p
FR,context=Main:1,p
FR,context=Main:1,p
MC,caller=Main:1#col:3,target=Main:1#isCross:37
VW,context=Main:1#isCross:37,t=int[]:20
VW,context=Main:1#isCross:37,b=int[]:17
VW,context=Main:1#isCross:37,s=int[]:19
VW,context=Main:1#isCross:37,a=int[]:16
MC,caller=Main:1#isCross:37,target=Main:1#cross:179
VW,context=Main:1#cross:179,t=int[]:17
VW,context=Main:1#cross:179,r=int[]:19
VW,context=Main:1#cross:179,s=int[]:16
VW,context=Main:1#cross:179,x1=100
VW,context=Main:1#cross:179,y1=0
VW,context=Main:1#cross:179,x2=10
VW,context=Main:1#cross:179,y2=-90
VW,context=Main:1#cross:179,result=-9000
ME,returner=Main:1#cross:179,value=-9000
MC,caller=Main:1#isCross:37,target=Main:1#cross:180
VW,context=Main:1#cross:180,t=int[]:17
VW,context=Main:1#cross:180,r=int[]:20
VW,context=Main:1#cross:180,s=int[]:16
VW,context=Main:1#cross:180,x1=100
VW,context=Main:1#cross:180,y1=0
VW,context=Main:1#cross:180,x2=10
VW,context=Main:1#cross:180,y2=-80
VW,context=Main:1#cross:180,result=-8000
ME,returner=Main:1#cross:180,value=-8000
VW,context=Main:1#isCross:37,result=false
ME,returner=Main:1#isCross:37,value=false
VW,context=Main:1#col:3,i=1
VW,context=Main:1#col:3,j=1
FR,context=Main:1,p
FR,context=Main:1,p
FR,context=Main:1,p
MC,caller=Main:1#col:3,target=Main:1#online:75
VW,context=Main:1#online:75,t=int[]:17
VW,context=Main:1#online:75,r=int[]:20
VW,context=Main:1#online:75,s=int[]:16
MC,caller=Main:1#online:75,target=Main:1#cross:181
VW,context=Main:1#cross:181,t=int[]:17
VW,context=Main:1#cross:181,r=int[]:20
VW,context=Main:1#cross:181,s=int[]:16
VW,context=Main:1#cross:181,x1=100
VW,context=Main:1#cross:181,y1=0
VW,context=Main:1#cross:181,x2=10
VW,context=Main:1#cross:181,y2=-80
VW,context=Main:1#cross:181,result=-8000
ME,returner=Main:1#cross:181,value=-8000
VW,context=Main:1#online:75,result=false
ME,returner=Main:1#online:75,value=false
FR,context=Main:1,p
FR,context=Main:1,p
FR,context=Main:1,p
MC,caller=Main:1#col:3,target=Main:1#online:76
VW,context=Main:1#online:76,t=int[]:21
VW,context=Main:1#online:76,r=int[]:16
VW,context=Main:1#online:76,s=int[]:20
MC,caller=Main:1#online:76,target=Main:1#cross:182
VW,context=Main:1#cross:182,t=int[]:21
VW,context=Main:1#cross:182,r=int[]:16
VW,context=Main:1#cross:182,s=int[]:20
VW,context=Main:1#cross:182,x1=10
VW,context=Main:1#cross:182,y1=0
VW,context=Main:1#cross:182,x2=-10
VW,context=Main:1#cross:182,y2=80
VW,context=Main:1#cross:182,result=800
ME,returner=Main:1#cross:182,value=800
VW,context=Main:1#online:76,result=false
ME,returner=Main:1#online:76,value=false
FR,context=Main:1,p
FR,context=Main:1,p
FR,context=Main:1,p
FR,context=Main:1,p
MC,caller=Main:1#col:3,target=Main:1#isCross:38
VW,context=Main:1#isCross:38,t=int[]:21
VW,context=Main:1#isCross:38,b=int[]:17
VW,context=Main:1#isCross:38,s=int[]:20
VW,context=Main:1#isCross:38,a=int[]:16
MC,caller=Main:1#isCross:38,target=Main:1#cross:183
VW,context=Main:1#cross:183,t=int[]:17
VW,context=Main:1#cross:183,r=int[]:20
VW,context=Main:1#cross:183,s=int[]:16
VW,context=Main:1#cross:183,x1=100
VW,context=Main:1#cross:183,y1=0
VW,context=Main:1#cross:183,x2=10
VW,context=Main:1#cross:183,y2=-80
VW,context=Main:1#cross:183,result=-8000
ME,returner=Main:1#cross:183,value=-8000
MC,caller=Main:1#isCross:38,target=Main:1#cross:184
VW,context=Main:1#cross:184,t=int[]:17
VW,context=Main:1#cross:184,r=int[]:21
VW,context=Main:1#cross:184,s=int[]:16
VW,context=Main:1#cross:184,x1=100
VW,context=Main:1#cross:184,y1=0
VW,context=Main:1#cross:184,x2=20
VW,context=Main:1#cross:184,y2=-80
VW,context=Main:1#cross:184,result=-8000
ME,returner=Main:1#cross:184,value=-8000
VW,context=Main:1#isCross:38,result=false
ME,returner=Main:1#isCross:38,value=false
VW,context=Main:1#col:3,i=1
VW,context=Main:1#col:3,j=2
FR,context=Main:1,p
FR,context=Main:1,p
FR,context=Main:1,p
MC,caller=Main:1#col:3,target=Main:1#online:77
VW,context=Main:1#online:77,t=int[]:17
VW,context=Main:1#online:77,r=int[]:21
VW,context=Main:1#online:77,s=int[]:16
MC,caller=Main:1#online:77,target=Main:1#cross:185
VW,context=Main:1#cross:185,t=int[]:17
VW,context=Main:1#cross:185,r=int[]:21
VW,context=Main:1#cross:185,s=int[]:16
VW,context=Main:1#cross:185,x1=100
VW,context=Main:1#cross:185,y1=0
VW,context=Main:1#cross:185,x2=20
VW,context=Main:1#cross:185,y2=-80
VW,context=Main:1#cross:185,result=-8000
ME,returner=Main:1#cross:185,value=-8000
VW,context=Main:1#online:77,result=false
ME,returner=Main:1#online:77,value=false
FR,context=Main:1,p
FR,context=Main:1,p
FR,context=Main:1,p
MC,caller=Main:1#col:3,target=Main:1#online:78
VW,context=Main:1#online:78,t=int[]:21
VW,context=Main:1#online:78,r=int[]:17
VW,context=Main:1#online:78,s=int[]:20
MC,caller=Main:1#online:78,target=Main:1#cross:186
VW,context=Main:1#cross:186,t=int[]:21
VW,context=Main:1#cross:186,r=int[]:17
VW,context=Main:1#cross:186,s=int[]:20
VW,context=Main:1#cross:186,x1=10
VW,context=Main:1#cross:186,y1=0
VW,context=Main:1#cross:186,x2=90
VW,context=Main:1#cross:186,y2=80
VW,context=Main:1#cross:186,result=800
ME,returner=Main:1#cross:186,value=800
VW,context=Main:1#online:78,result=false
ME,returner=Main:1#online:78,value=false
FR,context=Main:1,p
FR,context=Main:1,p
FR,context=Main:1,p
FR,context=Main:1,p
MC,caller=Main:1#col:3,target=Main:1#isCross:39
VW,context=Main:1#isCross:39,t=int[]:22
VW,context=Main:1#isCross:39,b=int[]:17
VW,context=Main:1#isCross:39,s=int[]:21
VW,context=Main:1#isCross:39,a=int[]:16
MC,caller=Main:1#isCross:39,target=Main:1#cross:187
VW,context=Main:1#cross:187,t=int[]:17
VW,context=Main:1#cross:187,r=int[]:21
VW,context=Main:1#cross:187,s=int[]:16
VW,context=Main:1#cross:187,x1=100
VW,context=Main:1#cross:187,y1=0
VW,context=Main:1#cross:187,x2=20
VW,context=Main:1#cross:187,y2=-80
VW,context=Main:1#cross:187,result=-8000
ME,returner=Main:1#cross:187,value=-8000
MC,caller=Main:1#isCross:39,target=Main:1#cross:188
VW,context=Main:1#cross:188,t=int[]:17
VW,context=Main:1#cross:188,r=int[]:22
VW,context=Main:1#cross:188,s=int[]:16
VW,context=Main:1#cross:188,x1=100
VW,context=Main:1#cross:188,y1=0
VW,context=Main:1#cross:188,x2=20
VW,context=Main:1#cross:188,y2=-90
VW,context=Main:1#cross:188,result=-9000
ME,returner=Main:1#cross:188,value=-9000
VW,context=Main:1#isCross:39,result=false
ME,returner=Main:1#isCross:39,value=false
VW,context=Main:1#col:3,i=1
VW,context=Main:1#col:3,j=3
FR,context=Main:1,p
FR,context=Main:1,p
FR,context=Main:1,p
MC,caller=Main:1#col:3,target=Main:1#online:79
VW,context=Main:1#online:79,t=int[]:17
VW,context=Main:1#online:79,r=int[]:22
VW,context=Main:1#online:79,s=int[]:16
MC,caller=Main:1#online:79,target=Main:1#cross:189
VW,context=Main:1#cross:189,t=int[]:17
VW,context=Main:1#cross:189,r=int[]:22
VW,context=Main:1#cross:189,s=int[]:16
VW,context=Main:1#cross:189,x1=100
VW,context=Main:1#cross:189,y1=0
VW,context=Main:1#cross:189,x2=20
VW,context=Main:1#cross:189,y2=-90
VW,context=Main:1#cross:189,result=-9000
ME,returner=Main:1#cross:189,value=-9000
VW,context=Main:1#online:79,result=false
ME,returner=Main:1#online:79,value=false
FR,context=Main:1,p
FR,context=Main:1,p
FR,context=Main:1,p
MC,caller=Main:1#col:3,target=Main:1#online:80
VW,context=Main:1#online:80,t=int[]:21
VW,context=Main:1#online:80,r=int[]:18
VW,context=Main:1#online:80,s=int[]:20
MC,caller=Main:1#online:80,target=Main:1#cross:190
VW,context=Main:1#cross:190,t=int[]:21
VW,context=Main:1#cross:190,r=int[]:18
VW,context=Main:1#cross:190,s=int[]:20
VW,context=Main:1#cross:190,x1=10
VW,context=Main:1#cross:190,y1=0
VW,context=Main:1#cross:190,x2=90
VW,context=Main:1#cross:190,y2=-20
VW,context=Main:1#cross:190,result=-200
ME,returner=Main:1#cross:190,value=-200
VW,context=Main:1#online:80,result=false
ME,returner=Main:1#online:80,value=false
FR,context=Main:1,p
FR,context=Main:1,p
FR,context=Main:1,p
FR,context=Main:1,p
MC,caller=Main:1#col:3,target=Main:1#isCross:40
VW,context=Main:1#isCross:40,t=int[]:19
VW,context=Main:1#isCross:40,b=int[]:17
VW,context=Main:1#isCross:40,s=int[]:22
VW,context=Main:1#isCross:40,a=int[]:16
MC,caller=Main:1#isCross:40,target=Main:1#cross:191
VW,context=Main:1#cross:191,t=int[]:17
VW,context=Main:1#cross:191,r=int[]:22
VW,context=Main:1#cross:191,s=int[]:16
VW,context=Main:1#cross:191,x1=100
VW,context=Main:1#cross:191,y1=0
VW,context=Main:1#cross:191,x2=20
VW,context=Main:1#cross:191,y2=-90
VW,context=Main:1#cross:191,result=-9000
ME,returner=Main:1#cross:191,value=-9000
MC,caller=Main:1#isCross:40,target=Main:1#cross:192
VW,context=Main:1#cross:192,t=int[]:17
VW,context=Main:1#cross:192,r=int[]:19
VW,context=Main:1#cross:192,s=int[]:16
VW,context=Main:1#cross:192,x1=100
VW,context=Main:1#cross:192,y1=0
VW,context=Main:1#cross:192,x2=10
VW,context=Main:1#cross:192,y2=-90
VW,context=Main:1#cross:192,result=-9000
ME,returner=Main:1#cross:192,value=-9000
VW,context=Main:1#isCross:40,result=false
ME,returner=Main:1#isCross:40,value=false
VW,context=Main:1#col:3,i=2
VW,context=Main:1#col:3,j=0
FR,context=Main:1,p
FR,context=Main:1,p
FR,context=Main:1,p
MC,caller=Main:1#col:3,target=Main:1#online:81
VW,context=Main:1#online:81,t=int[]:18
VW,context=Main:1#online:81,r=int[]:19
VW,context=Main:1#online:81,s=int[]:17
MC,caller=Main:1#online:81,target=Main:1#cross:193
VW,context=Main:1#cross:193,t=int[]:18
VW,context=Main:1#cross:193,r=int[]:19
VW,context=Main:1#cross:193,s=int[]:17
VW,context=Main:1#cross:193,x1=0
VW,context=Main:1#cross:193,y1=-100
VW,context=Main:1#cross:193,x2=-90
VW,context=Main:1#cross:193,y2=-90
VW,context=Main:1#cross:193,result=-9000
ME,returner=Main:1#cross:193,value=-9000
VW,context=Main:1#online:81,result=false
ME,returner=Main:1#online:81,value=false
FR,context=Main:1,p
FR,context=Main:1,p
FR,context=Main:1,p
MC,caller=Main:1#col:3,target=Main:1#online:82
VW,context=Main:1#online:82,t=int[]:22
VW,context=Main:1#online:82,r=int[]:15
VW,context=Main:1#online:82,s=int[]:21
MC,caller=Main:1#online:82,target=Main:1#cross:194
VW,context=Main:1#cross:194,t=int[]:22
VW,context=Main:1#cross:194,r=int[]:15
VW,context=Main:1#cross:194,s=int[]:21
VW,context=Main:1#cross:194,x1=0
VW,context=Main:1#cross:194,y1=-10
VW,context=Main:1#cross:194,x2=-20
VW,context=Main:1#cross:194,y2=-20
VW,context=Main:1#cross:194,result=-200
ME,returner=Main:1#cross:194,value=-200
VW,context=Main:1#online:82,result=false
ME,returner=Main:1#online:82,value=false
FR,context=Main:1,p
FR,context=Main:1,p
FR,context=Main:1,p
FR,context=Main:1,p
MC,caller=Main:1#col:3,target=Main:1#isCross:41
VW,context=Main:1#isCross:41,t=int[]:20
VW,context=Main:1#isCross:41,b=int[]:18
VW,context=Main:1#isCross:41,s=int[]:19
VW,context=Main:1#isCross:41,a=int[]:17
MC,caller=Main:1#isCross:41,target=Main:1#cross:195
VW,context=Main:1#cross:195,t=int[]:18
VW,context=Main:1#cross:195,r=int[]:19
VW,context=Main:1#cross:195,s=int[]:17
VW,context=Main:1#cross:195,x1=0
VW,context=Main:1#cross:195,y1=-100
VW,context=Main:1#cross:195,x2=-90
VW,context=Main:1#cross:195,y2=-90
VW,context=Main:1#cross:195,result=-9000
ME,returner=Main:1#cross:195,value=-9000
MC,caller=Main:1#isCross:41,target=Main:1#cross:196
VW,context=Main:1#cross:196,t=int[]:18
VW,context=Main:1#cross:196,r=int[]:20
VW,context=Main:1#cross:196,s=int[]:17
VW,context=Main:1#cross:196,x1=0
VW,context=Main:1#cross:196,y1=-100
VW,context=Main:1#cross:196,x2=-90
VW,context=Main:1#cross:196,y2=-80
VW,context=Main:1#cross:196,result=-9000
ME,returner=Main:1#cross:196,value=-9000
VW,context=Main:1#isCross:41,result=false
ME,returner=Main:1#isCross:41,value=false
VW,context=Main:1#col:3,i=2
VW,context=Main:1#col:3,j=1
FR,context=Main:1,p
FR,context=Main:1,p
FR,context=Main:1,p
MC,caller=Main:1#col:3,target=Main:1#online:83
VW,context=Main:1#online:83,t=int[]:18
VW,context=Main:1#online:83,r=int[]:20
VW,context=Main:1#online:83,s=int[]:17
MC,caller=Main:1#online:83,target=Main:1#cross:197
VW,context=Main:1#cross:197,t=int[]:18
VW,context=Main:1#cross:197,r=int[]:20
VW,context=Main:1#cross:197,s=int[]:17
VW,context=Main:1#cross:197,x1=0
VW,context=Main:1#cross:197,y1=-100
VW,context=Main:1#cross:197,x2=-90
VW,context=Main:1#cross:197,y2=-80
VW,context=Main:1#cross:197,result=-9000
ME,returner=Main:1#cross:197,value=-9000
VW,context=Main:1#online:83,result=false
ME,returner=Main:1#online:83,value=false
FR,context=Main:1,p
FR,context=Main:1,p
FR,context=Main:1,p
MC,caller=Main:1#col:3,target=Main:1#online:84
VW,context=Main:1#online:84,t=int[]:22
VW,context=Main:1#online:84,r=int[]:16
VW,context=Main:1#online:84,s=int[]:21
MC,caller=Main:1#online:84,target=Main:1#cross:198
VW,context=Main:1#cross:198,t=int[]:22
VW,context=Main:1#cross:198,r=int[]:16
VW,context=Main:1#cross:198,s=int[]:21
VW,context=Main:1#cross:198,x1=0
VW,context=Main:1#cross:198,y1=-10
VW,context=Main:1#cross:198,x2=-20
VW,context=Main:1#cross:198,y2=80
VW,context=Main:1#cross:198,result=-200
ME,returner=Main:1#cross:198,value=-200
VW,context=Main:1#online:84,result=false
ME,returner=Main:1#online:84,value=false
FR,context=Main:1,p
FR,context=Main:1,p
FR,context=Main:1,p
FR,context=Main:1,p
MC,caller=Main:1#col:3,target=Main:1#isCross:42
VW,context=Main:1#isCross:42,t=int[]:21
VW,context=Main:1#isCross:42,b=int[]:18
VW,context=Main:1#isCross:42,s=int[]:20
VW,context=Main:1#isCross:42,a=int[]:17
MC,caller=Main:1#isCross:42,target=Main:1#cross:199
VW,context=Main:1#cross:199,t=int[]:18
VW,context=Main:1#cross:199,r=int[]:20
VW,context=Main:1#cross:199,s=int[]:17
VW,context=Main:1#cross:199,x1=0
VW,context=Main:1#cross:199,y1=-100
VW,context=Main:1#cross:199,x2=-90
VW,context=Main:1#cross:199,y2=-80
VW,context=Main:1#cross:199,result=-9000
ME,returner=Main:1#cross:199,value=-9000
MC,caller=Main:1#isCross:42,target=Main:1#cross:200
VW,context=Main:1#cross:200,t=int[]:18
VW,context=Main:1#cross:200,r=int[]:21
VW,context=Main:1#cross:200,s=int[]:17
VW,context=Main:1#cross:200,x1=0
VW,context=Main:1#cross:200,y1=-100
VW,context=Main:1#cross:200,x2=-80
VW,context=Main:1#cross:200,y2=-80
VW,context=Main:1#cross:200,result=-8000
ME,returner=Main:1#cross:200,value=-8000
VW,context=Main:1#isCross:42,result=false
ME,returner=Main:1#isCross:42,value=false
VW,context=Main:1#col:3,i=2
VW,context=Main:1#col:3,j=2
FR,context=Main:1,p
FR,context=Main:1,p
FR,context=Main:1,p
MC,caller=Main:1#col:3,target=Main:1#online:85
VW,context=Main:1#online:85,t=int[]:18
VW,context=Main:1#online:85,r=int[]:21
VW,context=Main:1#online:85,s=int[]:17
MC,caller=Main:1#online:85,target=Main:1#cross:201
VW,context=Main:1#cross:201,t=int[]:18
VW,context=Main:1#cross:201,r=int[]:21
VW,context=Main:1#cross:201,s=int[]:17
VW,context=Main:1#cross:201,x1=0
VW,context=Main:1#cross:201,y1=-100
VW,context=Main:1#cross:201,x2=-80
VW,context=Main:1#cross:201,y2=-80
VW,context=Main:1#cross:201,result=-8000
ME,returner=Main:1#cross:201,value=-8000
VW,context=Main:1#online:85,result=false
ME,returner=Main:1#online:85,value=false
FR,context=Main:1,p
FR,context=Main:1,p
FR,context=Main:1,p
MC,caller=Main:1#col:3,target=Main:1#online:86
VW,context=Main:1#online:86,t=int[]:22
VW,context=Main:1#online:86,r=int[]:17
VW,context=Main:1#online:86,s=int[]:21
MC,caller=Main:1#online:86,target=Main:1#cross:202
VW,context=Main:1#cross:202,t=int[]:22
VW,context=Main:1#cross:202,r=int[]:17
VW,context=Main:1#cross:202,s=int[]:21
VW,context=Main:1#cross:202,x1=0
VW,context=Main:1#cross:202,y1=-10
VW,context=Main:1#cross:202,x2=80
VW,context=Main:1#cross:202,y2=80
VW,context=Main:1#cross:202,result=800
ME,returner=Main:1#cross:202,value=800
VW,context=Main:1#online:86,result=false
ME,returner=Main:1#online:86,value=false
FR,context=Main:1,p
FR,context=Main:1,p
FR,context=Main:1,p
FR,context=Main:1,p
MC,caller=Main:1#col:3,target=Main:1#isCross:43
VW,context=Main:1#isCross:43,t=int[]:22
VW,context=Main:1#isCross:43,b=int[]:18
VW,context=Main:1#isCross:43,s=int[]:21
VW,context=Main:1#isCross:43,a=int[]:17
MC,caller=Main:1#isCross:43,target=Main:1#cross:203
VW,context=Main:1#cross:203,t=int[]:18
VW,context=Main:1#cross:203,r=int[]:21
VW,context=Main:1#cross:203,s=int[]:17
VW,context=Main:1#cross:203,x1=0
VW,context=Main:1#cross:203,y1=-100
VW,context=Main:1#cross:203,x2=-80
VW,context=Main:1#cross:203,y2=-80
VW,context=Main:1#cross:203,result=-8000
ME,returner=Main:1#cross:203,value=-8000
MC,caller=Main:1#isCross:43,target=Main:1#cross:204
VW,context=Main:1#cross:204,t=int[]:18
VW,context=Main:1#cross:204,r=int[]:22
VW,context=Main:1#cross:204,s=int[]:17
VW,context=Main:1#cross:204,x1=0
VW,context=Main:1#cross:204,y1=-100
VW,context=Main:1#cross:204,x2=-80
VW,context=Main:1#cross:204,y2=-90
VW,context=Main:1#cross:204,result=-8000
ME,returner=Main:1#cross:204,value=-8000
VW,context=Main:1#isCross:43,result=false
ME,returner=Main:1#isCross:43,value=false
VW,context=Main:1#col:3,i=2
VW,context=Main:1#col:3,j=3
FR,context=Main:1,p
FR,context=Main:1,p
FR,context=Main:1,p
MC,caller=Main:1#col:3,target=Main:1#online:87
VW,context=Main:1#online:87,t=int[]:18
VW,context=Main:1#online:87,r=int[]:22
VW,context=Main:1#online:87,s=int[]:17
MC,caller=Main:1#online:87,target=Main:1#cross:205
VW,context=Main:1#cross:205,t=int[]:18
VW,context=Main:1#cross:205,r=int[]:22
VW,context=Main:1#cross:205,s=int[]:17
VW,context=Main:1#cross:205,x1=0
VW,context=Main:1#cross:205,y1=-100
VW,context=Main:1#cross:205,x2=-80
VW,context=Main:1#cross:205,y2=-90
VW,context=Main:1#cross:205,result=-8000
ME,returner=Main:1#cross:205,value=-8000
VW,context=Main:1#online:87,result=false
ME,returner=Main:1#online:87,value=false
FR,context=Main:1,p
FR,context=Main:1,p
FR,context=Main:1,p
MC,caller=Main:1#col:3,target=Main:1#online:88
VW,context=Main:1#online:88,t=int[]:22
VW,context=Main:1#online:88,r=int[]:18
VW,context=Main:1#online:88,s=int[]:21
MC,caller=Main:1#online:88,target=Main:1#cross:206
VW,context=Main:1#cross:206,t=int[]:22
VW,context=Main:1#cross:206,r=int[]:18
VW,context=Main:1#cross:206,s=int[]:21
VW,context=Main:1#cross:206,x1=0
VW,context=Main:1#cross:206,y1=-10
VW,context=Main:1#cross:206,x2=80
VW,context=Main:1#cross:206,y2=-20
VW,context=Main:1#cross:206,result=800
ME,returner=Main:1#cross:206,value=800
VW,context=Main:1#online:88,result=false
ME,returner=Main:1#online:88,value=false
FR,context=Main:1,p
FR,context=Main:1,p
FR,context=Main:1,p
FR,context=Main:1,p
MC,caller=Main:1#col:3,target=Main:1#isCross:44
VW,context=Main:1#isCross:44,t=int[]:19
VW,context=Main:1#isCross:44,b=int[]:18
VW,context=Main:1#isCross:44,s=int[]:22
VW,context=Main:1#isCross:44,a=int[]:17
MC,caller=Main:1#isCross:44,target=Main:1#cross:207
VW,context=Main:1#cross:207,t=int[]:18
VW,context=Main:1#cross:207,r=int[]:22
VW,context=Main:1#cross:207,s=int[]:17
VW,context=Main:1#cross:207,x1=0
VW,context=Main:1#cross:207,y1=-100
VW,context=Main:1#cross:207,x2=-80
VW,context=Main:1#cross:207,y2=-90
VW,context=Main:1#cross:207,result=-8000
ME,returner=Main:1#cross:207,value=-8000
MC,caller=Main:1#isCross:44,target=Main:1#cross:208
VW,context=Main:1#cross:208,t=int[]:18
VW,context=Main:1#cross:208,r=int[]:19
VW,context=Main:1#cross:208,s=int[]:17
VW,context=Main:1#cross:208,x1=0
VW,context=Main:1#cross:208,y1=-100
VW,context=Main:1#cross:208,x2=-90
VW,context=Main:1#cross:208,y2=-90
VW,context=Main:1#cross:208,result=-9000
ME,returner=Main:1#cross:208,value=-9000
VW,context=Main:1#isCross:44,result=false
ME,returner=Main:1#isCross:44,value=false
VW,context=Main:1#col:3,i=3
VW,context=Main:1#col:3,j=0
FR,context=Main:1,p
FR,context=Main:1,p
FR,context=Main:1,p
MC,caller=Main:1#col:3,target=Main:1#online:89
VW,context=Main:1#online:89,t=int[]:15
VW,context=Main:1#online:89,r=int[]:19
VW,context=Main:1#online:89,s=int[]:18
MC,caller=Main:1#online:89,target=Main:1#cross:209
VW,context=Main:1#cross:209,t=int[]:15
VW,context=Main:1#cross:209,r=int[]:19
VW,context=Main:1#cross:209,s=int[]:18
VW,context=Main:1#cross:209,x1=-100
VW,context=Main:1#cross:209,y1=0
VW,context=Main:1#cross:209,x2=-90
VW,context=Main:1#cross:209,y2=10
VW,context=Main:1#cross:209,result=-1000
ME,returner=Main:1#cross:209,value=-1000
VW,context=Main:1#online:89,result=false
ME,returner=Main:1#online:89,value=false
FR,context=Main:1,p
FR,context=Main:1,p
FR,context=Main:1,p
MC,caller=Main:1#col:3,target=Main:1#online:90
VW,context=Main:1#online:90,t=int[]:19
VW,context=Main:1#online:90,r=int[]:15
VW,context=Main:1#online:90,s=int[]:22
MC,caller=Main:1#online:90,target=Main:1#cross:210
VW,context=Main:1#cross:210,t=int[]:19
VW,context=Main:1#cross:210,r=int[]:15
VW,context=Main:1#cross:210,s=int[]:22
VW,context=Main:1#cross:210,x1=-10
VW,context=Main:1#cross:210,y1=0
VW,context=Main:1#cross:210,x2=-20
VW,context=Main:1#cross:210,y2=-10
VW,context=Main:1#cross:210,result=100
ME,returner=Main:1#cross:210,value=100
VW,context=Main:1#online:90,result=false
ME,returner=Main:1#online:90,value=false
FR,context=Main:1,p
FR,context=Main:1,p
FR,context=Main:1,p
FR,context=Main:1,p
MC,caller=Main:1#col:3,target=Main:1#isCross:45
VW,context=Main:1#isCross:45,t=int[]:20
VW,context=Main:1#isCross:45,b=int[]:15
VW,context=Main:1#isCross:45,s=int[]:19
VW,context=Main:1#isCross:45,a=int[]:18
MC,caller=Main:1#isCross:45,target=Main:1#cross:211
VW,context=Main:1#cross:211,t=int[]:15
VW,context=Main:1#cross:211,r=int[]:19
VW,context=Main:1#cross:211,s=int[]:18
VW,context=Main:1#cross:211,x1=-100
VW,context=Main:1#cross:211,y1=0
VW,context=Main:1#cross:211,x2=-90
VW,context=Main:1#cross:211,y2=10
VW,context=Main:1#cross:211,result=-1000
ME,returner=Main:1#cross:211,value=-1000
MC,caller=Main:1#isCross:45,target=Main:1#cross:212
VW,context=Main:1#cross:212,t=int[]:15
VW,context=Main:1#cross:212,r=int[]:20
VW,context=Main:1#cross:212,s=int[]:18
VW,context=Main:1#cross:212,x1=-100
VW,context=Main:1#cross:212,y1=0
VW,context=Main:1#cross:212,x2=-90
VW,context=Main:1#cross:212,y2=20
VW,context=Main:1#cross:212,result=-2000
ME,returner=Main:1#cross:212,value=-2000
VW,context=Main:1#isCross:45,result=false
ME,returner=Main:1#isCross:45,value=false
VW,context=Main:1#col:3,i=3
VW,context=Main:1#col:3,j=1
FR,context=Main:1,p
FR,context=Main:1,p
FR,context=Main:1,p
MC,caller=Main:1#col:3,target=Main:1#online:91
VW,context=Main:1#online:91,t=int[]:15
VW,context=Main:1#online:91,r=int[]:20
VW,context=Main:1#online:91,s=int[]:18
MC,caller=Main:1#online:91,target=Main:1#cross:213
VW,context=Main:1#cross:213,t=int[]:15
VW,context=Main:1#cross:213,r=int[]:20
VW,context=Main:1#cross:213,s=int[]:18
VW,context=Main:1#cross:213,x1=-100
VW,context=Main:1#cross:213,y1=0
VW,context=Main:1#cross:213,x2=-90
VW,context=Main:1#cross:213,y2=20
VW,context=Main:1#cross:213,result=-2000
ME,returner=Main:1#cross:213,value=-2000
VW,context=Main:1#online:91,result=false
ME,returner=Main:1#online:91,value=false
FR,context=Main:1,p
FR,context=Main:1,p
FR,context=Main:1,p
MC,caller=Main:1#col:3,target=Main:1#online:92
VW,context=Main:1#online:92,t=int[]:19
VW,context=Main:1#online:92,r=int[]:16
VW,context=Main:1#online:92,s=int[]:22
MC,caller=Main:1#online:92,target=Main:1#cross:214
VW,context=Main:1#cross:214,t=int[]:19
VW,context=Main:1#cross:214,r=int[]:16
VW,context=Main:1#cross:214,s=int[]:22
VW,context=Main:1#cross:214,x1=-10
VW,context=Main:1#cross:214,y1=0
VW,context=Main:1#cross:214,x2=-20
VW,context=Main:1#cross:214,y2=90
VW,context=Main:1#cross:214,result=-900
ME,returner=Main:1#cross:214,value=-900
VW,context=Main:1#online:92,result=false
ME,returner=Main:1#online:92,value=false
FR,context=Main:1,p
FR,context=Main:1,p
FR,context=Main:1,p
FR,context=Main:1,p
MC,caller=Main:1#col:3,target=Main:1#isCross:46
VW,context=Main:1#isCross:46,t=int[]:21
VW,context=Main:1#isCross:46,b=int[]:15
VW,context=Main:1#isCross:46,s=int[]:20
VW,context=Main:1#isCross:46,a=int[]:18
MC,caller=Main:1#isCross:46,target=Main:1#cross:215
VW,context=Main:1#cross:215,t=int[]:15
VW,context=Main:1#cross:215,r=int[]:20
VW,context=Main:1#cross:215,s=int[]:18
VW,context=Main:1#cross:215,x1=-100
VW,context=Main:1#cross:215,y1=0
VW,context=Main:1#cross:215,x2=-90
VW,context=Main:1#cross:215,y2=20
VW,context=Main:1#cross:215,result=-2000
ME,returner=Main:1#cross:215,value=-2000
MC,caller=Main:1#isCross:46,target=Main:1#cross:216
VW,context=Main:1#cross:216,t=int[]:15
VW,context=Main:1#cross:216,r=int[]:21
VW,context=Main:1#cross:216,s=int[]:18
VW,context=Main:1#cross:216,x1=-100
VW,context=Main:1#cross:216,y1=0
VW,context=Main:1#cross:216,x2=-80
VW,context=Main:1#cross:216,y2=20
VW,context=Main:1#cross:216,result=-2000
ME,returner=Main:1#cross:216,value=-2000
VW,context=Main:1#isCross:46,result=false
ME,returner=Main:1#isCross:46,value=false
VW,context=Main:1#col:3,i=3
VW,context=Main:1#col:3,j=2
FR,context=Main:1,p
FR,context=Main:1,p
FR,context=Main:1,p
MC,caller=Main:1#col:3,target=Main:1#online:93
VW,context=Main:1#online:93,t=int[]:15
VW,context=Main:1#online:93,r=int[]:21
VW,context=Main:1#online:93,s=int[]:18
MC,caller=Main:1#online:93,target=Main:1#cross:217
VW,context=Main:1#cross:217,t=int[]:15
VW,context=Main:1#cross:217,r=int[]:21
VW,context=Main:1#cross:217,s=int[]:18
VW,context=Main:1#cross:217,x1=-100
VW,context=Main:1#cross:217,y1=0
VW,context=Main:1#cross:217,x2=-80
VW,context=Main:1#cross:217,y2=20
VW,context=Main:1#cross:217,result=-2000
ME,returner=Main:1#cross:217,value=-2000
VW,context=Main:1#online:93,result=false
ME,returner=Main:1#online:93,value=false
FR,context=Main:1,p
FR,context=Main:1,p
FR,context=Main:1,p
MC,caller=Main:1#col:3,target=Main:1#online:94
VW,context=Main:1#online:94,t=int[]:19
VW,context=Main:1#online:94,r=int[]:17
VW,context=Main:1#online:94,s=int[]:22
MC,caller=Main:1#online:94,target=Main:1#cross:218
VW,context=Main:1#cross:218,t=int[]:19
VW,context=Main:1#cross:218,r=int[]:17
VW,context=Main:1#cross:218,s=int[]:22
VW,context=Main:1#cross:218,x1=-10
VW,context=Main:1#cross:218,y1=0
VW,context=Main:1#cross:218,x2=80
VW,context=Main:1#cross:218,y2=90
VW,context=Main:1#cross:218,result=-900
ME,returner=Main:1#cross:218,value=-900
VW,context=Main:1#online:94,result=false
ME,returner=Main:1#online:94,value=false
FR,context=Main:1,p
FR,context=Main:1,p
FR,context=Main:1,p
FR,context=Main:1,p
MC,caller=Main:1#col:3,target=Main:1#isCross:47
VW,context=Main:1#isCross:47,t=int[]:22
VW,context=Main:1#isCross:47,b=int[]:15
VW,context=Main:1#isCross:47,s=int[]:21
VW,context=Main:1#isCross:47,a=int[]:18
MC,caller=Main:1#isCross:47,target=Main:1#cross:219
VW,context=Main:1#cross:219,t=int[]:15
VW,context=Main:1#cross:219,r=int[]:21
VW,context=Main:1#cross:219,s=int[]:18
VW,context=Main:1#cross:219,x1=-100
VW,context=Main:1#cross:219,y1=0
VW,context=Main:1#cross:219,x2=-80
VW,context=Main:1#cross:219,y2=20
VW,context=Main:1#cross:219,result=-2000
ME,returner=Main:1#cross:219,value=-2000
MC,caller=Main:1#isCross:47,target=Main:1#cross:220
VW,context=Main:1#cross:220,t=int[]:15
VW,context=Main:1#cross:220,r=int[]:22
VW,context=Main:1#cross:220,s=int[]:18
VW,context=Main:1#cross:220,x1=-100
VW,context=Main:1#cross:220,y1=0
VW,context=Main:1#cross:220,x2=-80
VW,context=Main:1#cross:220,y2=10
VW,context=Main:1#cross:220,result=-1000
ME,returner=Main:1#cross:220,value=-1000
VW,context=Main:1#isCross:47,result=false
ME,returner=Main:1#isCross:47,value=false
VW,context=Main:1#col:3,i=3
VW,context=Main:1#col:3,j=3
FR,context=Main:1,p
FR,context=Main:1,p
FR,context=Main:1,p
MC,caller=Main:1#col:3,target=Main:1#online:95
VW,context=Main:1#online:95,t=int[]:15
VW,context=Main:1#online:95,r=int[]:22
VW,context=Main:1#online:95,s=int[]:18
MC,caller=Main:1#online:95,target=Main:1#cross:221
VW,context=Main:1#cross:221,t=int[]:15
VW,context=Main:1#cross:221,r=int[]:22
VW,context=Main:1#cross:221,s=int[]:18
VW,context=Main:1#cross:221,x1=-100
VW,context=Main:1#cross:221,y1=0
VW,context=Main:1#cross:221,x2=-80
VW,context=Main:1#cross:221,y2=10
VW,context=Main:1#cross:221,result=-1000
ME,returner=Main:1#cross:221,value=-1000
VW,context=Main:1#online:95,result=false
ME,returner=Main:1#online:95,value=false
FR,context=Main:1,p
FR,context=Main:1,p
FR,context=Main:1,p
MC,caller=Main:1#col:3,target=Main:1#online:96
VW,context=Main:1#online:96,t=int[]:19
VW,context=Main:1#online:96,r=int[]:18
VW,context=Main:1#online:96,s=int[]:22
MC,caller=Main:1#online:96,target=Main:1#cross:222
VW,context=Main:1#cross:222,t=int[]:19
VW,context=Main:1#cross:222,r=int[]:18
VW,context=Main:1#cross:222,s=int[]:22
VW,context=Main:1#cross:222,x1=-10
VW,context=Main:1#cross:222,y1=0
VW,context=Main:1#cross:222,x2=80
VW,context=Main:1#cross:222,y2=-10
VW,context=Main:1#cross:222,result=100
ME,returner=Main:1#cross:222,value=100
VW,context=Main:1#online:96,result=false
ME,returner=Main:1#online:96,value=false
FR,context=Main:1,p
FR,context=Main:1,p
FR,context=Main:1,p
FR,context=Main:1,p
MC,caller=Main:1#col:3,target=Main:1#isCross:48
VW,context=Main:1#isCross:48,t=int[]:19
VW,context=Main:1#isCross:48,b=int[]:15
VW,context=Main:1#isCross:48,s=int[]:22
VW,context=Main:1#isCross:48,a=int[]:18
MC,caller=Main:1#isCross:48,target=Main:1#cross:223
VW,context=Main:1#cross:223,t=int[]:15
VW,context=Main:1#cross:223,r=int[]:22
VW,context=Main:1#cross:223,s=int[]:18
VW,context=Main:1#cross:223,x1=-100
VW,context=Main:1#cross:223,y1=0
VW,context=Main:1#cross:223,x2=-80
VW,context=Main:1#cross:223,y2=10
VW,context=Main:1#cross:223,result=-1000
ME,returner=Main:1#cross:223,value=-1000
MC,caller=Main:1#isCross:48,target=Main:1#cross:224
VW,context=Main:1#cross:224,t=int[]:15
VW,context=Main:1#cross:224,r=int[]:19
VW,context=Main:1#cross:224,s=int[]:18
VW,context=Main:1#cross:224,x1=-100
VW,context=Main:1#cross:224,y1=0
VW,context=Main:1#cross:224,x2=-90
VW,context=Main:1#cross:224,y2=10
VW,context=Main:1#cross:224,result=-1000
ME,returner=Main:1#cross:224,value=-1000
VW,context=Main:1#isCross:48,result=false
ME,returner=Main:1#isCross:48,value=false
VD,method=Main:1#col:3 <name=i,type=int (id=7),value=<?>,index=2>
VD,method=Main:1#col:3 <name=j,type=int (id=7),value=<?>,index=3>
VW,context=Main:1#col:3,j=0
VW,context=Main:1#col:3,in=true
FR,context=Main:1,p
FR,context=Main:1,p
FR,context=Main:1,p
MC,caller=Main:1#col:3,target=Main:1#cross:225
VW,context=Main:1#cross:225,t=int[]:16
VW,context=Main:1#cross:225,r=int[]:19
VW,context=Main:1#cross:225,s=int[]:15
VW,context=Main:1#cross:225,x1=0
VW,context=Main:1#cross:225,y1=100
VW,context=Main:1#cross:225,x2=10
VW,context=Main:1#cross:225,y2=10
VW,context=Main:1#cross:225,result=-1000
ME,returner=Main:1#cross:225,value=-1000
FR,context=Main:1,p
FR,context=Main:1,p
FR,context=Main:1,p
MC,caller=Main:1#col:3,target=Main:1#cross:226
VW,context=Main:1#cross:226,t=int[]:17
VW,context=Main:1#cross:226,r=int[]:19
VW,context=Main:1#cross:226,s=int[]:16
VW,context=Main:1#cross:226,x1=100
VW,context=Main:1#cross:226,y1=0
VW,context=Main:1#cross:226,x2=10
VW,context=Main:1#cross:226,y2=-90
VW,context=Main:1#cross:226,result=-9000
ME,returner=Main:1#cross:226,value=-9000
FR,context=Main:1,p
FR,context=Main:1,p
FR,context=Main:1,p
MC,caller=Main:1#col:3,target=Main:1#cross:227
VW,context=Main:1#cross:227,t=int[]:18
VW,context=Main:1#cross:227,r=int[]:19
VW,context=Main:1#cross:227,s=int[]:17
VW,context=Main:1#cross:227,x1=0
VW,context=Main:1#cross:227,y1=-100
VW,context=Main:1#cross:227,x2=-90
VW,context=Main:1#cross:227,y2=-90
VW,context=Main:1#cross:227,result=-9000
ME,returner=Main:1#cross:227,value=-9000
FR,context=Main:1,p
FR,context=Main:1,p
FR,context=Main:1,p
MC,caller=Main:1#col:3,target=Main:1#cross:228
VW,context=Main:1#cross:228,t=int[]:15
VW,context=Main:1#cross:228,r=int[]:19
VW,context=Main:1#cross:228,s=int[]:18
VW,context=Main:1#cross:228,x1=-100
VW,context=Main:1#cross:228,y1=0
VW,context=Main:1#cross:228,x2=-90
VW,context=Main:1#cross:228,y2=10
VW,context=Main:1#cross:228,result=-1000
ME,returner=Main:1#cross:228,value=-1000
VW,context=Main:1#col:3,in=true
VW,context=Main:1#col:3,result=true
ME,returner=Main:1#col:3,value=true
MC,caller=Main:1#run:1,target=Main$UnionFind:3#union:1
VW,context=Main$UnionFind:3#union:1,x=0
VW,context=Main$UnionFind:3#union:1,y=1
MC,caller=Main$UnionFind:3#union:1,target=Main$UnionFind:3#root:15
VW,context=Main$UnionFind:3#root:15,x=0
FR,context=Main$UnionFind:3,tree
VW,context=Main$UnionFind:3#root:15,result=0
ME,returner=Main$UnionFind:3#root:15,value=0
VW,context=Main$UnionFind:3#union:1,x=0
MC,caller=Main$UnionFind:3#union:1,target=Main$UnionFind:3#root:16
VW,context=Main$UnionFind:3#root:16,x=1
FR,context=Main$UnionFind:3,tree
VW,context=Main$UnionFind:3#root:16,result=1
ME,returner=Main$UnionFind:3#root:16,value=1
VW,context=Main$UnionFind:3#union:1,y=1
FR,context=Main$UnionFind:3,tree
FR,context=Main$UnionFind:3,tree
FR,context=Main$UnionFind:3,tree
FR,context=Main$UnionFind:3,tree
FW,context=int[]:23,0=-2
FW,context=int[]:23,1=-1
FR,context=Main$UnionFind:3,tree
FW,context=int[]:23,1=0
FR,context=Main$UnionFind:3,num
FW,context=Main$UnionFind:3,num=1
ME,returner=Main$UnionFind:3#union:1,value=<void>
FR,context=Main:1,n
FR,context=Main:1,n
FR,context=Main:1,n
VW,context=Main:1#run:1,i=1
VW,context=Main:1#run:1,j=0
MC,caller=Main:1#run:1,target=Main$UnionFind:3#find:8
VW,context=Main$UnionFind:3#find:8,x=1
VW,context=Main$UnionFind:3#find:8,y=0
MC,caller=Main$UnionFind:3#find:8,target=Main$UnionFind:3#root:17
VW,context=Main$UnionFind:3#root:17,x=1
FR,context=Main$UnionFind:3,tree
FR,context=Main$UnionFind:3,tree
FR,context=Main$UnionFind:3,tree
MC,caller=Main$UnionFind:3#root:17,target=Main$UnionFind:3#root:18
VW,context=Main$UnionFind:3#root:18,x=0
FR,context=Main$UnionFind:3,tree
VW,context=Main$UnionFind:3#root:18,result=0
ME,returner=Main$UnionFind:3#root:18,value=0
VW,context=Main$UnionFind:3#root:17,result=0
ME,returner=Main$UnionFind:3#root:17,value=0
MC,caller=Main$UnionFind:3#find:8,target=Main$UnionFind:3#root:19
VW,context=Main$UnionFind:3#root:19,x=0
FR,context=Main$UnionFind:3,tree
VW,context=Main$UnionFind:3#root:19,result=0
ME,returner=Main$UnionFind:3#root:19,value=0
VW,context=Main$UnionFind:3#find:8,result=true
ME,returner=Main$UnionFind:3#find:8,value=true
FR,context=Main:1,n
VW,context=Main:1#run:1,j=1
MC,caller=Main:1#run:1,target=Main$UnionFind:3#find:9
VW,context=Main$UnionFind:3#find:9,x=1
VW,context=Main$UnionFind:3#find:9,y=1
MC,caller=Main$UnionFind:3#find:9,target=Main$UnionFind:3#root:20
VW,context=Main$UnionFind:3#root:20,x=1
FR,context=Main$UnionFind:3,tree
FR,context=Main$UnionFind:3,tree
FR,context=Main$UnionFind:3,tree
MC,caller=Main$UnionFind:3#root:20,target=Main$UnionFind:3#root:21
VW,context=Main$UnionFind:3#root:21,x=0
FR,context=Main$UnionFind:3,tree
VW,context=Main$UnionFind:3#root:21,result=0
ME,returner=Main$UnionFind:3#root:21,value=0
VW,context=Main$UnionFind:3#root:20,result=0
ME,returner=Main$UnionFind:3#root:20,value=0
MC,caller=Main$UnionFind:3#find:9,target=Main$UnionFind:3#root:22
VW,context=Main$UnionFind:3#root:22,x=1
FR,context=Main$UnionFind:3,tree
FR,context=Main$UnionFind:3,tree
FR,context=Main$UnionFind:3,tree
MC,caller=Main$UnionFind:3#root:22,target=Main$UnionFind:3#root:23
VW,context=Main$UnionFind:3#root:23,x=0
FR,context=Main$UnionFind:3,tree
VW,context=Main$UnionFind:3#root:23,result=0
ME,returner=Main$UnionFind:3#root:23,value=0
VW,context=Main$UnionFind:3#root:22,result=0
ME,returner=Main$UnionFind:3#root:22,value=0
VW,context=Main$UnionFind:3#find:9,result=true
ME,returner=Main$UnionFind:3#find:9,value=true
FR,context=Main:1,n
FR,context=Main:1,n
FR,context=Main$UnionFind:3,num
VD,method=Main:1#run:1 <name=i,type=int (id=7),value=<?>,index=6>
VD,method=Main:1#run:1 <name=j,type=int (id=7),value=<?>,index=7>
VD,method=Main:1#run:1 <name=u,type=Main$UnionFind (id=91),value=<?>,index=5>
VD,method=Main:1#run:1 <name=m,type=int (id=7),value=0,index=1>
VW,context=Main:1#run:1,m=2
VW,context=Main:1#run:1,m=1
FW,context=Main:1,n=1
FR,context=Main:1,n
NO,object=int[][][]:4
NO,object=int[][]:6
NO,object=int[]:24
FW,context=int[]:24,0=0
FW,context=int[]:24,1=0
FW,context=int[][]:6,0=int[]:24
NO,object=int[]:25
FW,context=int[]:25,0=0
FW,context=int[]:25,1=0
FW,context=int[][]:6,1=int[]:25
NO,object=int[]:26
FW,context=int[]:26,0=0
FW,context=int[]:26,1=0
FW,context=int[][]:6,2=int[]:26
NO,object=int[]:27
FW,context=int[]:27,0=0
FW,context=int[]:27,1=0
FW,context=int[][]:6,3=int[]:27
FW,context=int[][][]:4,0=int[][]:6
FW,context=Main:1,p=int[][][]:4
FR,context=Main:1,n
FR,context=Main:1,p
FR,context=Main:1,p
FR,context=Main:1,p
FR,context=Main:1,p
FR,context=Main:1,p
FR,context=Main:1,p
FR,context=Main:1,p
FR,context=Main:1,p
FR,context=Main:1,n
FR,context=Main:1,n
NO,object=Main$UnionFind:4
MC,caller=Main:1#run:1,target=Main$UnionFind:4#Main$UnionFind:4
VW,context=Main$UnionFind:4#Main$UnionFind:4,n=1
NO,object=int[]:28
FW,context=int[]:28,0=0
FW,context=Main$UnionFind:4,tree=int[]:28
FR,context=Main$UnionFind:4,tree
FW,context=Main$UnionFind:4,num=1
ME,returner=Main$UnionFind:4#Main$UnionFind:4,value=<void>
VW,context=Main:1#run:1,u=Main$UnionFind:4
FR,context=Main:1,n
FR,context=Main:1,n
VW,context=Main:1#run:1,i=0
VW,context=Main:1#run:1,j=0
MC,caller=Main:1#run:1,target=Main$UnionFind:4#find:10
VW,context=Main$UnionFind:4#find:10,x=0
VW,context=Main$UnionFind:4#find:10,y=0
MC,caller=Main$UnionFind:4#find:10,target=Main$UnionFind:4#root:24
VW,context=Main$UnionFind:4#root:24,x=0
FR,context=Main$UnionFind:4,tree
VW,context=Main$UnionFind:4#root:24,result=0
ME,returner=Main$UnionFind:4#root:24,value=0
MC,caller=Main$UnionFind:4#find:10,target=Main$UnionFind:4#root:25
VW,context=Main$UnionFind:4#root:25,x=0
FR,context=Main$UnionFind:4,tree
VW,context=Main$UnionFind:4#root:25,result=0
ME,returner=Main$UnionFind:4#root:25,value=0
VW,context=Main$UnionFind:4#find:10,result=true
ME,returner=Main$UnionFind:4#find:10,value=true
FR,context=Main:1,n
FR,context=Main:1,n
FR,context=Main$UnionFind:4,num
VD,method=Main:1#run:1 <name=i,type=int (id=7),value=<?>,index=6>
VD,method=Main:1#run:1 <name=j,type=int (id=7),value=<?>,index=7>
VW,context=Main:1#run:1,m=0
VD,method=Main:1#run:1 <name=u,type=Main$UnionFind (id=91),value=<?>,index=5>
FW,context=Main:1,n=1
FR,context=Main:1,n
NO,object=int[][][]:5
NO,object=int[][]:7
NO,object=int[]:29
FW,context=int[]:29,0=0
FW,context=int[]:29,1=0
FW,context=int[][]:7,0=int[]:29
NO,object=int[]:30
FW,context=int[]:30,0=0
FW,context=int[]:30,1=0
FW,context=int[][]:7,1=int[]:30
NO,object=int[]:31
FW,context=int[]:31,0=0
FW,context=int[]:31,1=0
FW,context=int[][]:7,2=int[]:31
NO,object=int[]:32
FW,context=int[]:32,0=0
FW,context=int[]:32,1=0
FW,context=int[][]:7,3=int[]:32
FW,context=int[][][]:5,0=int[][]:7
FW,context=Main:1,p=int[][][]:5
FR,context=Main:1,n
FR,context=Main:1,p
FR,context=Main:1,p
FR,context=Main:1,p
FR,context=Main:1,p
FR,context=Main:1,p
FR,context=Main:1,p
FR,context=Main:1,p
FR,context=Main:1,p
FR,context=Main:1,n
FR,context=Main:1,n
NO,object=Main$UnionFind:5
MC,caller=Main:1#run:1,target=Main$UnionFind:5#Main$UnionFind:5
VW,context=Main$UnionFind:5#Main$UnionFind:5,n=1
NO,object=int[]:33
FW,context=int[]:33,0=0
FW,context=Main$UnionFind:5,tree=int[]:33
FR,context=Main$UnionFind:5,tree
FW,context=Main$UnionFind:5,num=1
ME,returner=Main$UnionFind:5#Main$UnionFind:5,value=<void>
VW,context=Main:1#run:1,u=Main$UnionFind:5
FR,context=Main:1,n
FR,context=Main:1,n
VW,context=Main:1#run:1,i=0
VW,context=Main:1#run:1,j=0
MC,caller=Main:1#run:1,target=Main$UnionFind:5#find:11
VW,context=Main$UnionFind:5#find:11,x=0
VW,context=Main$UnionFind:5#find:11,y=0
MC,caller=Main$UnionFind:5#find:11,target=Main$UnionFind:5#root:26
VW,context=Main$UnionFind:5#root:26,x=0
FR,context=Main$UnionFind:5,tree
VW,context=Main$UnionFind:5#root:26,result=0
ME,returner=Main$UnionFind:5#root:26,value=0
MC,caller=Main$UnionFind:5#find:11,target=Main$UnionFind:5#root:27
VW,context=Main$UnionFind:5#root:27,x=0
FR,context=Main$UnionFind:5,tree
VW,context=Main$UnionFind:5#root:27,result=0
ME,returner=Main$UnionFind:5#root:27,value=0
VW,context=Main$UnionFind:5#find:11,result=true
ME,returner=Main$UnionFind:5#find:11,value=true
FR,context=Main:1,n
FR,context=Main:1,n
FR,context=Main$UnionFind:5,num
VD,method=Main:1#run:1 <name=i,type=int (id=7),value=<?>,index=6>
VD,method=Main:1#run:1 <name=j,type=int (id=7),value=<?>,index=7>
VD,method=Main:1#run:1 <name=u,type=Main$UnionFind (id=91),value=<?>,index=5>
VD,method=Main:1#run:1 <name=m,type=int (id=7),value=0,index=1>
VW,context=Main:1#run:1,m=0
ME,returner=Main:1#run:1,value=<void>
ME,returner=Main#main:1,value=<void>
TE,
