TS,main (1)
MC,caller=SYSTEM,target=Main#main:1
NO,object=java.lang.String[]:1
VW,context=Main#main:1,args=java.lang.String[]:1
NO,object=Main:1
MC,caller=Main#main:1,target=Main:1#Main:1
NO,object=int[][]:1
NO,object=int[]:1
FW,context=int[]:1,0=-1
FW,context=int[]:1,1=0
FW,context=int[]:1,2=1
FW,context=int[]:1,3=0
FW,context=int[][]:1,0=int[]:1
NO,object=int[]:2
FW,context=int[]:2,0=0
FW,context=int[]:2,1=-1
FW,context=int[]:2,2=0
FW,context=int[]:2,3=1
FW,context=int[][]:1,1=int[]:2
NO,object=int[]:3
FW,context=int[]:3,0=1
FW,context=int[]:3,1=0
FW,context=int[]:3,2=-1
FW,context=int[]:3,3=0
FW,context=int[][]:1,2=int[]:3
NO,object=int[]:4
FW,context=int[]:4,0=0
FW,context=int[]:4,1=1
FW,context=int[]:4,2=0
FW,context=int[]:4,3=-1
FW,context=int[][]:1,3=int[]:4
FW,context=Main:1,move=int[][]:1
ME,returner=Main:1#Main:1,value=<void>
MC,caller=Main#main:1,target=Main:1#run:1
VW,context=Main:1#run:1,scanner=java.util.Scanner (id=55)
VW,context=Main:1#run:1,w=6
VW,context=Main:1#run:1,h=6
VW,context=Main:1#run:1,a=2
VW,context=Main:1#run:1,b=4
VW,context=Main:1#run:1,c=6
VW,context=Main:1#run:1,d=2
NO,object=Main$Pair:1
MC,caller=Main:1#run:1,target=Main$Pair:1#Main$Pair:1
VW,context=Main$Pair:1#Main$Pair:1,y=4
VW,context=Main$Pair:1#Main$Pair:1,x=2
FW,context=Main$Pair:1,y=4
FW,context=Main$Pair:1,x=2
ME,returner=Main$Pair:1#Main$Pair:1,value=<void>
VW,context=Main:1#run:1,kazuyuki=Main$Pair:1
NO,object=Main$Pair:2
MC,caller=Main:1#run:1,target=Main$Pair:2#Main$Pair:2
VW,context=Main$Pair:2#Main$Pair:2,y=2
VW,context=Main$Pair:2#Main$Pair:2,x=6
FW,context=Main$Pair:2,y=2
FW,context=Main$Pair:2,x=6
ME,returner=Main$Pair:2#Main$Pair:2,value=<void>
VW,context=Main:1#run:1,takayuki=Main$Pair:2
NO,object=boolean[][]:1
NO,object=boolean[]:1
FW,context=boolean[]:1,0=false
FW,context=boolean[]:1,1=false
FW,context=boolean[]:1,2=false
FW,context=boolean[]:1,3=false
FW,context=boolean[]:1,4=false
FW,context=boolean[]:1,5=false
FW,context=boolean[]:1,6=false
FW,context=boolean[]:1,7=false
FW,context=boolean[][]:1,0=boolean[]:1
NO,object=boolean[]:2
FW,context=boolean[]:2,0=false
FW,context=boolean[]:2,1=false
FW,context=boolean[]:2,2=false
FW,context=boolean[]:2,3=false
FW,context=boolean[]:2,4=false
FW,context=boolean[]:2,5=false
FW,context=boolean[]:2,6=false
FW,context=boolean[]:2,7=false
FW,context=boolean[][]:1,1=boolean[]:2
NO,object=boolean[]:3
FW,context=boolean[]:3,0=false
FW,context=boolean[]:3,1=false
FW,context=boolean[]:3,2=false
FW,context=boolean[]:3,3=false
FW,context=boolean[]:3,4=false
FW,context=boolean[]:3,5=false
FW,context=boolean[]:3,6=false
FW,context=boolean[]:3,7=false
FW,context=boolean[][]:1,2=boolean[]:3
NO,object=boolean[]:4
FW,context=boolean[]:4,0=false
FW,context=boolean[]:4,1=false
FW,context=boolean[]:4,2=false
FW,context=boolean[]:4,3=false
FW,context=boolean[]:4,4=false
FW,context=boolean[]:4,5=false
FW,context=boolean[]:4,6=false
FW,context=boolean[]:4,7=false
FW,context=boolean[][]:1,3=boolean[]:4
NO,object=boolean[]:5
FW,context=boolean[]:5,0=false
FW,context=boolean[]:5,1=false
FW,context=boolean[]:5,2=false
FW,context=boolean[]:5,3=false
FW,context=boolean[]:5,4=false
FW,context=boolean[]:5,5=false
FW,context=boolean[]:5,6=false
FW,context=boolean[]:5,7=false
FW,context=boolean[][]:1,4=boolean[]:5
NO,object=boolean[]:6
FW,context=boolean[]:6,0=false
FW,context=boolean[]:6,1=false
FW,context=boolean[]:6,2=false
FW,context=boolean[]:6,3=false
FW,context=boolean[]:6,4=false
FW,context=boolean[]:6,5=false
FW,context=boolean[]:6,6=false
FW,context=boolean[]:6,7=false
FW,context=boolean[][]:1,5=boolean[]:6
NO,object=boolean[]:7
FW,context=boolean[]:7,0=false
FW,context=boolean[]:7,1=false
FW,context=boolean[]:7,2=false
FW,context=boolean[]:7,3=false
FW,context=boolean[]:7,4=false
FW,context=boolean[]:7,5=false
FW,context=boolean[]:7,6=false
FW,context=boolean[]:7,7=false
FW,context=boolean[][]:1,6=boolean[]:7
NO,object=boolean[]:8
FW,context=boolean[]:8,0=false
FW,context=boolean[]:8,1=false
FW,context=boolean[]:8,2=false
FW,context=boolean[]:8,3=false
FW,context=boolean[]:8,4=false
FW,context=boolean[]:8,5=false
FW,context=boolean[]:8,6=false
FW,context=boolean[]:8,7=false
FW,context=boolean[][]:1,7=boolean[]:8
VW,context=Main:1#run:1,map=boolean[][]:1
VW,context=Main:1#run:1,i=1
VW,context=Main:1#run:1,j=1
VW,context=Main:1#run:1,map=boolean[][]:1
VW,context=Main:1#run:1,j=2
VW,context=Main:1#run:1,map=boolean[][]:1
VW,context=Main:1#run:1,j=3
VW,context=Main:1#run:1,map=boolean[][]:1
VW,context=Main:1#run:1,j=4
VW,context=Main:1#run:1,map=boolean[][]:1
VW,context=Main:1#run:1,j=5
VW,context=Main:1#run:1,map=boolean[][]:1
VW,context=Main:1#run:1,j=6
VW,context=Main:1#run:1,map=boolean[][]:1
VW,context=Main:1#run:1,i=2
VD,method=Main:1#run:1 <name=j,type=int (id=7),value=<?>,index=11>
VW,context=Main:1#run:1,j=1
VW,context=Main:1#run:1,map=boolean[][]:1
VW,context=Main:1#run:1,j=2
VW,context=Main:1#run:1,map=boolean[][]:1
VW,context=Main:1#run:1,j=3
VW,context=Main:1#run:1,map=boolean[][]:1
VW,context=Main:1#run:1,j=4
VW,context=Main:1#run:1,map=boolean[][]:1
VW,context=Main:1#run:1,j=5
VW,context=Main:1#run:1,map=boolean[][]:1
VW,context=Main:1#run:1,j=6
VW,context=Main:1#run:1,map=boolean[][]:1
VW,context=Main:1#run:1,i=3
VD,method=Main:1#run:1 <name=j,type=int (id=7),value=<?>,index=11>
VW,context=Main:1#run:1,j=1
VW,context=Main:1#run:1,map=boolean[][]:1
VW,context=Main:1#run:1,j=2
VW,context=Main:1#run:1,map=boolean[][]:1
VW,context=Main:1#run:1,j=3
VW,context=Main:1#run:1,map=boolean[][]:1
VW,context=Main:1#run:1,j=4
VW,context=Main:1#run:1,map=boolean[][]:1
VW,context=Main:1#run:1,j=5
VW,context=Main:1#run:1,map=boolean[][]:1
VW,context=Main:1#run:1,j=6
VW,context=Main:1#run:1,map=boolean[][]:1
VW,context=Main:1#run:1,i=4
VD,method=Main:1#run:1 <name=j,type=int (id=7),value=<?>,index=11>
VW,context=Main:1#run:1,j=1
VW,context=Main:1#run:1,map=boolean[][]:1
VW,context=Main:1#run:1,j=2
VW,context=Main:1#run:1,map=boolean[][]:1
VW,context=Main:1#run:1,j=3
VW,context=Main:1#run:1,map=boolean[][]:1
VW,context=Main:1#run:1,j=4
VW,context=Main:1#run:1,map=boolean[][]:1
VW,context=Main:1#run:1,j=5
VW,context=Main:1#run:1,map=boolean[][]:1
VW,context=Main:1#run:1,j=6
VW,context=Main:1#run:1,map=boolean[][]:1
VW,context=Main:1#run:1,i=5
VD,method=Main:1#run:1 <name=j,type=int (id=7),value=<?>,index=11>
VW,context=Main:1#run:1,j=1
VW,context=Main:1#run:1,map=boolean[][]:1
VW,context=Main:1#run:1,j=2
VW,context=Main:1#run:1,map=boolean[][]:1
VW,context=Main:1#run:1,j=3
VW,context=Main:1#run:1,map=boolean[][]:1
VW,context=Main:1#run:1,j=4
VW,context=Main:1#run:1,map=boolean[][]:1
VW,context=Main:1#run:1,j=5
VW,context=Main:1#run:1,map=boolean[][]:1
VW,context=Main:1#run:1,j=6
VW,context=Main:1#run:1,map=boolean[][]:1
VW,context=Main:1#run:1,i=6
VD,method=Main:1#run:1 <name=j,type=int (id=7),value=<?>,index=11>
VW,context=Main:1#run:1,j=1
VW,context=Main:1#run:1,map=boolean[][]:1
VW,context=Main:1#run:1,j=2
VW,context=Main:1#run:1,map=boolean[][]:1
VW,context=Main:1#run:1,j=3
VW,context=Main:1#run:1,map=boolean[][]:1
VW,context=Main:1#run:1,j=4
VW,context=Main:1#run:1,map=boolean[][]:1
VW,context=Main:1#run:1,j=5
VW,context=Main:1#run:1,map=boolean[][]:1
VW,context=Main:1#run:1,j=6
VW,context=Main:1#run:1,map=boolean[][]:1
VD,method=Main:1#run:1 <name=j,type=int (id=7),value=<?>,index=11>
VD,method=Main:1#run:1 <name=i,type=int (id=7),value=<?>,index=10>
VW,context=Main:1#run:1,pq=java.util.ArrayDeque (id=71)
MC,caller=Main:1#run:1,target=Main:1#dist:1
VW,context=Main:1#dist:1,b=Main$Pair:1
VW,context=Main:1#dist:1,a=Main$Pair:2
FR,context=Main$Pair:2,x
FR,context=Main$Pair:1,x
FR,context=Main$Pair:2,y
FR,context=Main$Pair:1,y
VW,context=Main:1#dist:1,result=6
ME,returner=Main:1#dist:1,value=6
VW,context=Main:1#run:1,dis=6
FR,context=Main$Pair:2,y
FR,context=Main$Pair:2,x
FR,context=Main$Pair:1,y
FR,context=Main$Pair:1,x
NO,object=Main$Pair:3
MC,caller=Main:1#run:1,target=Main$Pair:3#Main$Pair:1
VW,context=Main$Pair:3#Main$Pair:1,y=2
VW,context=Main$Pair:3#Main$Pair:1,x=6
VW,context=Main$Pair:3#Main$Pair:1,cost=0
VW,context=Main$Pair:3#Main$Pair:1,md=6
VW,context=Main$Pair:3#Main$Pair:1,dy=4
VW,context=Main$Pair:3#Main$Pair:1,dx=2
FW,context=Main$Pair:3,y=2
FW,context=Main$Pair:3,x=6
FW,context=Main$Pair:3,dy=4
FW,context=Main$Pair:3,dx=2
FW,context=Main$Pair:3,cost=0
FW,context=Main$Pair:3,md=6
ME,returner=Main$Pair:3#Main$Pair:1,value=<void>
VW,context=Main:1#run:1,ans=NA
NO,object=boolean[][][][]:1
NO,object=boolean[][][]:1
NO,object=boolean[][]:2
NO,object=boolean[]:9
FW,context=boolean[]:9,0=false
FW,context=boolean[]:9,1=false
FW,context=boolean[]:9,2=false
FW,context=boolean[]:9,3=false
FW,context=boolean[]:9,4=false
FW,context=boolean[]:9,5=false
FW,context=boolean[]:9,6=false
FW,context=boolean[]:9,7=false
FW,context=boolean[][]:2,0=boolean[]:9
NO,object=boolean[]:10
FW,context=boolean[]:10,0=false
FW,context=boolean[]:10,1=false
FW,context=boolean[]:10,2=false
FW,context=boolean[]:10,3=false
FW,context=boolean[]:10,4=false
FW,context=boolean[]:10,5=false
FW,context=boolean[]:10,6=false
FW,context=boolean[]:10,7=false
FW,context=boolean[][]:2,1=boolean[]:10
NO,object=boolean[]:11
FW,context=boolean[]:11,0=false
FW,context=boolean[]:11,1=false
FW,context=boolean[]:11,2=false
FW,context=boolean[]:11,3=false
FW,context=boolean[]:11,4=false
FW,context=boolean[]:11,5=false
FW,context=boolean[]:11,6=false
FW,context=boolean[]:11,7=false
FW,context=boolean[][]:2,2=boolean[]:11
NO,object=boolean[]:12
FW,context=boolean[]:12,0=false
FW,context=boolean[]:12,1=false
FW,context=boolean[]:12,2=false
FW,context=boolean[]:12,3=false
FW,context=boolean[]:12,4=false
FW,context=boolean[]:12,5=false
FW,context=boolean[]:12,6=false
FW,context=boolean[]:12,7=false
FW,context=boolean[][]:2,3=boolean[]:12
NO,object=boolean[]:13
FW,context=boolean[]:13,0=false
FW,context=boolean[]:13,1=false
FW,context=boolean[]:13,2=false
FW,context=boolean[]:13,3=false
FW,context=boolean[]:13,4=false
FW,context=boolean[]:13,5=false
FW,context=boolean[]:13,6=false
FW,context=boolean[]:13,7=false
FW,context=boolean[][]:2,4=boolean[]:13
NO,object=boolean[]:14
FW,context=boolean[]:14,0=false
FW,context=boolean[]:14,1=false
FW,context=boolean[]:14,2=false
FW,context=boolean[]:14,3=false
FW,context=boolean[]:14,4=false
FW,context=boolean[]:14,5=false
FW,context=boolean[]:14,6=false
FW,context=boolean[]:14,7=false
FW,context=boolean[][]:2,5=boolean[]:14
NO,object=boolean[]:15
FW,context=boolean[]:15,0=false
FW,context=boolean[]:15,1=false
FW,context=boolean[]:15,2=false
FW,context=boolean[]:15,3=false
FW,context=boolean[]:15,4=false
FW,context=boolean[]:15,5=false
FW,context=boolean[]:15,6=false
FW,context=boolean[]:15,7=false
FW,context=boolean[][]:2,6=boolean[]:15
NO,object=boolean[]:16
FW,context=boolean[]:16,0=false
FW,context=boolean[]:16,1=false
FW,context=boolean[]:16,2=false
FW,context=boolean[]:16,3=false
FW,context=boolean[]:16,4=false
FW,context=boolean[]:16,5=false
FW,context=boolean[]:16,6=false
FW,context=boolean[]:16,7=false
FW,context=boolean[][]:2,7=boolean[]:16
FW,context=boolean[][][]:1,0=boolean[][]:2
NO,object=boolean[][]:3
NO,object=boolean[]:17
FW,context=boolean[]:17,0=false
FW,context=boolean[]:17,1=false
FW,context=boolean[]:17,2=false
FW,context=boolean[]:17,3=false
FW,context=boolean[]:17,4=false
FW,context=boolean[]:17,5=false
FW,context=boolean[]:17,6=false
FW,context=boolean[]:17,7=false
FW,context=boolean[][]:3,0=boolean[]:17
NO,object=boolean[]:18
FW,context=boolean[]:18,0=false
FW,context=boolean[]:18,1=false
FW,context=boolean[]:18,2=false
FW,context=boolean[]:18,3=false
FW,context=boolean[]:18,4=false
FW,context=boolean[]:18,5=false
FW,context=boolean[]:18,6=false
FW,context=boolean[]:18,7=false
FW,context=boolean[][]:3,1=boolean[]:18
NO,object=boolean[]:19
FW,context=boolean[]:19,0=false
FW,context=boolean[]:19,1=false
FW,context=boolean[]:19,2=false
FW,context=boolean[]:19,3=false
FW,context=boolean[]:19,4=false
FW,context=boolean[]:19,5=false
FW,context=boolean[]:19,6=false
FW,context=boolean[]:19,7=false
FW,context=boolean[][]:3,2=boolean[]:19
NO,object=boolean[]:20
FW,context=boolean[]:20,0=false
FW,context=boolean[]:20,1=false
FW,context=boolean[]:20,2=false
FW,context=boolean[]:20,3=false
FW,context=boolean[]:20,4=false
FW,context=boolean[]:20,5=false
FW,context=boolean[]:20,6=false
FW,context=boolean[]:20,7=false
FW,context=boolean[][]:3,3=boolean[]:20
NO,object=boolean[]:21
FW,context=boolean[]:21,0=false
FW,context=boolean[]:21,1=false
FW,context=boolean[]:21,2=false
FW,context=boolean[]:21,3=false
FW,context=boolean[]:21,4=false
FW,context=boolean[]:21,5=false
FW,context=boolean[]:21,6=false
FW,context=boolean[]:21,7=false
FW,context=boolean[][]:3,4=boolean[]:21
NO,object=boolean[]:22
FW,context=boolean[]:22,0=false
FW,context=boolean[]:22,1=false
FW,context=boolean[]:22,2=false
FW,context=boolean[]:22,3=false
FW,context=boolean[]:22,4=false
FW,context=boolean[]:22,5=false
FW,context=boolean[]:22,6=false
FW,context=boolean[]:22,7=false
FW,context=boolean[][]:3,5=boolean[]:22
NO,object=boolean[]:23
FW,context=boolean[]:23,0=false
FW,context=boolean[]:23,1=false
FW,context=boolean[]:23,2=false
FW,context=boolean[]:23,3=false
FW,context=boolean[]:23,4=false
FW,context=boolean[]:23,5=false
FW,context=boolean[]:23,6=false
FW,context=boolean[]:23,7=false
FW,context=boolean[][]:3,6=boolean[]:23
NO,object=boolean[]:24
FW,context=boolean[]:24,0=false
FW,context=boolean[]:24,1=false
FW,context=boolean[]:24,2=false
FW,context=boolean[]:24,3=false
FW,context=boolean[]:24,4=false
FW,context=boolean[]:24,5=false
FW,context=boolean[]:24,6=false
FW,context=boolean[]:24,7=false
FW,context=boolean[][]:3,7=boolean[]:24
FW,context=boolean[][][]:1,1=boolean[][]:3
NO,object=boolean[][]:4
NO,object=boolean[]:25
FW,context=boolean[]:25,0=false
FW,context=boolean[]:25,1=false
FW,context=boolean[]:25,2=false
FW,context=boolean[]:25,3=false
FW,context=boolean[]:25,4=false
FW,context=boolean[]:25,5=false
FW,context=boolean[]:25,6=false
FW,context=boolean[]:25,7=false
FW,context=boolean[][]:4,0=boolean[]:25
NO,object=boolean[]:26
FW,context=boolean[]:26,0=false
FW,context=boolean[]:26,1=false
FW,context=boolean[]:26,2=false
FW,context=boolean[]:26,3=false
FW,context=boolean[]:26,4=false
FW,context=boolean[]:26,5=false
FW,context=boolean[]:26,6=false
FW,context=boolean[]:26,7=false
FW,context=boolean[][]:4,1=boolean[]:26
NO,object=boolean[]:27
FW,context=boolean[]:27,0=false
FW,context=boolean[]:27,1=false
FW,context=boolean[]:27,2=false
FW,context=boolean[]:27,3=false
FW,context=boolean[]:27,4=false
FW,context=boolean[]:27,5=false
FW,context=boolean[]:27,6=false
FW,context=boolean[]:27,7=false
FW,context=boolean[][]:4,2=boolean[]:27
NO,object=boolean[]:28
FW,context=boolean[]:28,0=false
FW,context=boolean[]:28,1=false
FW,context=boolean[]:28,2=false
FW,context=boolean[]:28,3=false
FW,context=boolean[]:28,4=false
FW,context=boolean[]:28,5=false
FW,context=boolean[]:28,6=false
FW,context=boolean[]:28,7=false
FW,context=boolean[][]:4,3=boolean[]:28
NO,object=boolean[]:29
FW,context=boolean[]:29,0=false
FW,context=boolean[]:29,1=false
FW,context=boolean[]:29,2=false
FW,context=boolean[]:29,3=false
FW,context=boolean[]:29,4=false
FW,context=boolean[]:29,5=false
FW,context=boolean[]:29,6=false
FW,context=boolean[]:29,7=false
FW,context=boolean[][]:4,4=boolean[]:29
NO,object=boolean[]:30
FW,context=boolean[]:30,0=false
FW,context=boolean[]:30,1=false
FW,context=boolean[]:30,2=false
FW,context=boolean[]:30,3=false
FW,context=boolean[]:30,4=false
FW,context=boolean[]:30,5=false
FW,context=boolean[]:30,6=false
FW,context=boolean[]:30,7=false
FW,context=boolean[][]:4,5=boolean[]:30
NO,object=boolean[]:31
FW,context=boolean[]:31,0=false
FW,context=boolean[]:31,1=false
FW,context=boolean[]:31,2=false
FW,context=boolean[]:31,3=false
FW,context=boolean[]:31,4=false
FW,context=boolean[]:31,5=false
FW,context=boolean[]:31,6=false
FW,context=boolean[]:31,7=false
FW,context=boolean[][]:4,6=boolean[]:31
NO,object=boolean[]:32
FW,context=boolean[]:32,0=false
FW,context=boolean[]:32,1=false
FW,context=boolean[]:32,2=false
FW,context=boolean[]:32,3=false
FW,context=boolean[]:32,4=false
FW,context=boolean[]:32,5=false
FW,context=boolean[]:32,6=false
FW,context=boolean[]:32,7=false
FW,context=boolean[][]:4,7=boolean[]:32
FW,context=boolean[][][]:1,2=boolean[][]:4
NO,object=boolean[][]:5
NO,object=boolean[]:33
FW,context=boolean[]:33,0=false
FW,context=boolean[]:33,1=false
FW,context=boolean[]:33,2=false
FW,context=boolean[]:33,3=false
FW,context=boolean[]:33,4=false
FW,context=boolean[]:33,5=false
FW,context=boolean[]:33,6=false
FW,context=boolean[]:33,7=false
FW,context=boolean[][]:5,0=boolean[]:33
NO,object=boolean[]:34
FW,context=boolean[]:34,0=false
FW,context=boolean[]:34,1=false
FW,context=boolean[]:34,2=false
FW,context=boolean[]:34,3=false
FW,context=boolean[]:34,4=false
FW,context=boolean[]:34,5=false
FW,context=boolean[]:34,6=false
FW,context=boolean[]:34,7=false
FW,context=boolean[][]:5,1=boolean[]:34
NO,object=boolean[]:35
FW,context=boolean[]:35,0=false
FW,context=boolean[]:35,1=false
FW,context=boolean[]:35,2=false
FW,context=boolean[]:35,3=false
FW,context=boolean[]:35,4=false
FW,context=boolean[]:35,5=false
FW,context=boolean[]:35,6=false
FW,context=boolean[]:35,7=false
FW,context=boolean[][]:5,2=boolean[]:35
NO,object=boolean[]:36
FW,context=boolean[]:36,0=false
FW,context=boolean[]:36,1=false
FW,context=boolean[]:36,2=false
FW,context=boolean[]:36,3=false
FW,context=boolean[]:36,4=false
FW,context=boolean[]:36,5=false
FW,context=boolean[]:36,6=false
FW,context=boolean[]:36,7=false
FW,context=boolean[][]:5,3=boolean[]:36
NO,object=boolean[]:37
FW,context=boolean[]:37,0=false
FW,context=boolean[]:37,1=false
FW,context=boolean[]:37,2=false
FW,context=boolean[]:37,3=false
FW,context=boolean[]:37,4=false
FW,context=boolean[]:37,5=false
FW,context=boolean[]:37,6=false
FW,context=boolean[]:37,7=false
FW,context=boolean[][]:5,4=boolean[]:37
NO,object=boolean[]:38
FW,context=boolean[]:38,0=false
FW,context=boolean[]:38,1=false
FW,context=boolean[]:38,2=false
FW,context=boolean[]:38,3=false
FW,context=boolean[]:38,4=false
FW,context=boolean[]:38,5=false
FW,context=boolean[]:38,6=false
FW,context=boolean[]:38,7=false
FW,context=boolean[][]:5,5=boolean[]:38
NO,object=boolean[]:39
FW,context=boolean[]:39,0=false
FW,context=boolean[]:39,1=false
FW,context=boolean[]:39,2=false
FW,context=boolean[]:39,3=false
FW,context=boolean[]:39,4=false
FW,context=boolean[]:39,5=false
FW,context=boolean[]:39,6=false
FW,context=boolean[]:39,7=false
FW,context=boolean[][]:5,6=boolean[]:39
NO,object=boolean[]:40
FW,context=boolean[]:40,0=false
FW,context=boolean[]:40,1=false
FW,context=boolean[]:40,2=false
FW,context=boolean[]:40,3=false
FW,context=boolean[]:40,4=false
FW,context=boolean[]:40,5=false
FW,context=boolean[]:40,6=false
FW,context=boolean[]:40,7=false
FW,context=boolean[][]:5,7=boolean[]:40
FW,context=boolean[][][]:1,3=boolean[][]:5
NO,object=boolean[][]:6
NO,object=boolean[]:41
FW,context=boolean[]:41,0=false
FW,context=boolean[]:41,1=false
FW,context=boolean[]:41,2=false
FW,context=boolean[]:41,3=false
FW,context=boolean[]:41,4=false
FW,context=boolean[]:41,5=false
FW,context=boolean[]:41,6=false
FW,context=boolean[]:41,7=false
FW,context=boolean[][]:6,0=boolean[]:41
NO,object=boolean[]:42
FW,context=boolean[]:42,0=false
FW,context=boolean[]:42,1=false
FW,context=boolean[]:42,2=false
FW,context=boolean[]:42,3=false
FW,context=boolean[]:42,4=false
FW,context=boolean[]:42,5=false
FW,context=boolean[]:42,6=false
FW,context=boolean[]:42,7=false
FW,context=boolean[][]:6,1=boolean[]:42
NO,object=boolean[]:43
FW,context=boolean[]:43,0=false
FW,context=boolean[]:43,1=false
FW,context=boolean[]:43,2=false
FW,context=boolean[]:43,3=false
FW,context=boolean[]:43,4=false
FW,context=boolean[]:43,5=false
FW,context=boolean[]:43,6=false
FW,context=boolean[]:43,7=false
FW,context=boolean[][]:6,2=boolean[]:43
NO,object=boolean[]:44
FW,context=boolean[]:44,0=false
FW,context=boolean[]:44,1=false
FW,context=boolean[]:44,2=false
FW,context=boolean[]:44,3=false
FW,context=boolean[]:44,4=false
FW,context=boolean[]:44,5=false
FW,context=boolean[]:44,6=false
FW,context=boolean[]:44,7=false
FW,context=boolean[][]:6,3=boolean[]:44
NO,object=boolean[]:45
FW,context=boolean[]:45,0=false
FW,context=boolean[]:45,1=false
FW,context=boolean[]:45,2=false
FW,context=boolean[]:45,3=false
FW,context=boolean[]:45,4=false
FW,context=boolean[]:45,5=false
FW,context=boolean[]:45,6=false
FW,context=boolean[]:45,7=false
FW,context=boolean[][]:6,4=boolean[]:45
NO,object=boolean[]:46
FW,context=boolean[]:46,0=false
FW,context=boolean[]:46,1=false
FW,context=boolean[]:46,2=false
FW,context=boolean[]:46,3=false
FW,context=boolean[]:46,4=false
FW,context=boolean[]:46,5=false
FW,context=boolean[]:46,6=false
FW,context=boolean[]:46,7=false
FW,context=boolean[][]:6,5=boolean[]:46
NO,object=boolean[]:47
FW,context=boolean[]:47,0=false
FW,context=boolean[]:47,1=false
FW,context=boolean[]:47,2=false
FW,context=boolean[]:47,3=false
FW,context=boolean[]:47,4=false
FW,context=boolean[]:47,5=false
FW,context=boolean[]:47,6=false
FW,context=boolean[]:47,7=false
FW,context=boolean[][]:6,6=boolean[]:47
NO,object=boolean[]:48
FW,context=boolean[]:48,0=false
FW,context=boolean[]:48,1=false
FW,context=boolean[]:48,2=false
FW,context=boolean[]:48,3=false
FW,context=boolean[]:48,4=false
FW,context=boolean[]:48,5=false
FW,context=boolean[]:48,6=false
FW,context=boolean[]:48,7=false
FW,context=boolean[][]:6,7=boolean[]:48
FW,context=boolean[][][]:1,4=boolean[][]:6
NO,object=boolean[][]:7
NO,object=boolean[]:49
FW,context=boolean[]:49,0=false
FW,context=boolean[]:49,1=false
FW,context=boolean[]:49,2=false
FW,context=boolean[]:49,3=false
FW,context=boolean[]:49,4=false
FW,context=boolean[]:49,5=false
FW,context=boolean[]:49,6=false
FW,context=boolean[]:49,7=false
FW,context=boolean[][]:7,0=boolean[]:49
NO,object=boolean[]:50
FW,context=boolean[]:50,0=false
FW,context=boolean[]:50,1=false
FW,context=boolean[]:50,2=false
FW,context=boolean[]:50,3=false
FW,context=boolean[]:50,4=false
FW,context=boolean[]:50,5=false
FW,context=boolean[]:50,6=false
FW,context=boolean[]:50,7=false
FW,context=boolean[][]:7,1=boolean[]:50
NO,object=boolean[]:51
FW,context=boolean[]:51,0=false
FW,context=boolean[]:51,1=false
FW,context=boolean[]:51,2=false
FW,context=boolean[]:51,3=false
FW,context=boolean[]:51,4=false
FW,context=boolean[]:51,5=false
FW,context=boolean[]:51,6=false
FW,context=boolean[]:51,7=false
FW,context=boolean[][]:7,2=boolean[]:51
NO,object=boolean[]:52
FW,context=boolean[]:52,0=false
FW,context=boolean[]:52,1=false
FW,context=boolean[]:52,2=false
FW,context=boolean[]:52,3=false
FW,context=boolean[]:52,4=false
FW,context=boolean[]:52,5=false
FW,context=boolean[]:52,6=false
FW,context=boolean[]:52,7=false
FW,context=boolean[][]:7,3=boolean[]:52
NO,object=boolean[]:53
FW,context=boolean[]:53,0=false
FW,context=boolean[]:53,1=false
FW,context=boolean[]:53,2=false
FW,context=boolean[]:53,3=false
FW,context=boolean[]:53,4=false
FW,context=boolean[]:53,5=false
FW,context=boolean[]:53,6=false
FW,context=boolean[]:53,7=false
FW,context=boolean[][]:7,4=boolean[]:53
NO,object=boolean[]:54
FW,context=boolean[]:54,0=false
FW,context=boolean[]:54,1=false
FW,context=boolean[]:54,2=false
FW,context=boolean[]:54,3=false
FW,context=boolean[]:54,4=false
FW,context=boolean[]:54,5=false
FW,context=boolean[]:54,6=false
FW,context=boolean[]:54,7=false
FW,context=boolean[][]:7,5=boolean[]:54
NO,object=boolean[]:55
FW,context=boolean[]:55,0=false
FW,context=boolean[]:55,1=false
FW,context=boolean[]:55,2=false
FW,context=boolean[]:55,3=false
FW,context=boolean[]:55,4=false
FW,context=boolean[]:55,5=false
FW,context=boolean[]:55,6=false
FW,context=boolean[]:55,7=false
FW,context=boolean[][]:7,6=boolean[]:55
NO,object=boolean[]:56
FW,context=boolean[]:56,0=false
FW,context=boolean[]:56,1=false
FW,context=boolean[]:56,2=false
FW,context=boolean[]:56,3=false
FW,context=boolean[]:56,4=false
FW,context=boolean[]:56,5=false
FW,context=boolean[]:56,6=false
FW,context=boolean[]:56,7=false
FW,context=boolean[][]:7,7=boolean[]:56
FW,context=boolean[][][]:1,5=boolean[][]:7
NO,object=boolean[][]:8
NO,object=boolean[]:57
FW,context=boolean[]:57,0=false
FW,context=boolean[]:57,1=false
FW,context=boolean[]:57,2=false
FW,context=boolean[]:57,3=false
FW,context=boolean[]:57,4=false
FW,context=boolean[]:57,5=false
FW,context=boolean[]:57,6=false
FW,context=boolean[]:57,7=false
FW,context=boolean[][]:8,0=boolean[]:57
NO,object=boolean[]:58
FW,context=boolean[]:58,0=false
FW,context=boolean[]:58,1=false
FW,context=boolean[]:58,2=false
FW,context=boolean[]:58,3=false
FW,context=boolean[]:58,4=false
FW,context=boolean[]:58,5=false
FW,context=boolean[]:58,6=false
FW,context=boolean[]:58,7=false
FW,context=boolean[][]:8,1=boolean[]:58
NO,object=boolean[]:59
FW,context=boolean[]:59,0=false
FW,context=boolean[]:59,1=false
FW,context=boolean[]:59,2=false
FW,context=boolean[]:59,3=false
FW,context=boolean[]:59,4=false
FW,context=boolean[]:59,5=false
FW,context=boolean[]:59,6=false
FW,context=boolean[]:59,7=false
FW,context=boolean[][]:8,2=boolean[]:59
NO,object=boolean[]:60
FW,context=boolean[]:60,0=false
FW,context=boolean[]:60,1=false
FW,context=boolean[]:60,2=false
FW,context=boolean[]:60,3=false
FW,context=boolean[]:60,4=false
FW,context=boolean[]:60,5=false
FW,context=boolean[]:60,6=false
FW,context=boolean[]:60,7=false
FW,context=boolean[][]:8,3=boolean[]:60
NO,object=boolean[]:61
FW,context=boolean[]:61,0=false
FW,context=boolean[]:61,1=false
FW,context=boolean[]:61,2=false
FW,context=boolean[]:61,3=false
FW,context=boolean[]:61,4=false
FW,context=boolean[]:61,5=false
FW,context=boolean[]:61,6=false
FW,context=boolean[]:61,7=false
FW,context=boolean[][]:8,4=boolean[]:61
NO,object=boolean[]:62
FW,context=boolean[]:62,0=false
FW,context=boolean[]:62,1=false
FW,context=boolean[]:62,2=false
FW,context=boolean[]:62,3=false
FW,context=boolean[]:62,4=false
FW,context=boolean[]:62,5=false
FW,context=boolean[]:62,6=false
FW,context=boolean[]:62,7=false
FW,context=boolean[][]:8,5=boolean[]:62
NO,object=boolean[]:63
FW,context=boolean[]:63,0=false
FW,context=boolean[]:63,1=false
FW,context=boolean[]:63,2=false
FW,context=boolean[]:63,3=false
FW,context=boolean[]:63,4=false
FW,context=boolean[]:63,5=false
FW,context=boolean[]:63,6=false
FW,context=boolean[]:63,7=false
FW,context=boolean[][]:8,6=boolean[]:63
NO,object=boolean[]:64
FW,context=boolean[]:64,0=false
FW,context=boolean[]:64,1=false
FW,context=boolean[]:64,2=false
FW,context=boolean[]:64,3=false
FW,context=boolean[]:64,4=false
FW,context=boolean[]:64,5=false
FW,context=boolean[]:64,6=false
FW,context=boolean[]:64,7=false
FW,context=boolean[][]:8,7=boolean[]:64
FW,context=boolean[][][]:1,6=boolean[][]:8
NO,object=boolean[][]:9
NO,object=boolean[]:65
FW,context=boolean[]:65,0=false
FW,context=boolean[]:65,1=false
FW,context=boolean[]:65,2=false
FW,context=boolean[]:65,3=false
FW,context=boolean[]:65,4=false
FW,context=boolean[]:65,5=false
FW,context=boolean[]:65,6=false
FW,context=boolean[]:65,7=false
FW,context=boolean[][]:9,0=boolean[]:65
NO,object=boolean[]:66
FW,context=boolean[]:66,0=false
FW,context=boolean[]:66,1=false
FW,context=boolean[]:66,2=false
FW,context=boolean[]:66,3=false
FW,context=boolean[]:66,4=false
FW,context=boolean[]:66,5=false
FW,context=boolean[]:66,6=false
FW,context=boolean[]:66,7=false
FW,context=boolean[][]:9,1=boolean[]:66
NO,object=boolean[]:67
FW,context=boolean[]:67,0=false
FW,context=boolean[]:67,1=false
FW,context=boolean[]:67,2=false
FW,context=boolean[]:67,3=false
FW,context=boolean[]:67,4=false
FW,context=boolean[]:67,5=false
FW,context=boolean[]:67,6=false
FW,context=boolean[]:67,7=false
FW,context=boolean[][]:9,2=boolean[]:67
NO,object=boolean[]:68
FW,context=boolean[]:68,0=false
FW,context=boolean[]:68,1=false
FW,context=boolean[]:68,2=false
FW,context=boolean[]:68,3=false
FW,context=boolean[]:68,4=false
FW,context=boolean[]:68,5=false
FW,context=boolean[]:68,6=false
FW,context=boolean[]:68,7=false
FW,context=boolean[][]:9,3=boolean[]:68
NO,object=boolean[]:69
FW,context=boolean[]:69,0=false
FW,context=boolean[]:69,1=false
FW,context=boolean[]:69,2=false
FW,context=boolean[]:69,3=false
FW,context=boolean[]:69,4=false
FW,context=boolean[]:69,5=false
FW,context=boolean[]:69,6=false
FW,context=boolean[]:69,7=false
FW,context=boolean[][]:9,4=boolean[]:69
NO,object=boolean[]:70
FW,context=boolean[]:70,0=false
FW,context=boolean[]:70,1=false
FW,context=boolean[]:70,2=false
FW,context=boolean[]:70,3=false
FW,context=boolean[]:70,4=false
FW,context=boolean[]:70,5=false
FW,context=boolean[]:70,6=false
FW,context=boolean[]:70,7=false
FW,context=boolean[][]:9,5=boolean[]:70
NO,object=boolean[]:71
FW,context=boolean[]:71,0=false
FW,context=boolean[]:71,1=false
FW,context=boolean[]:71,2=false
FW,context=boolean[]:71,3=false
FW,context=boolean[]:71,4=false
FW,context=boolean[]:71,5=false
FW,context=boolean[]:71,6=false
FW,context=boolean[]:71,7=false
FW,context=boolean[][]:9,6=boolean[]:71
NO,object=boolean[]:72
FW,context=boolean[]:72,0=false
FW,context=boolean[]:72,1=false
FW,context=boolean[]:72,2=false
FW,context=boolean[]:72,3=false
FW,context=boolean[]:72,4=false
FW,context=boolean[]:72,5=false
FW,context=boolean[]:72,6=false
FW,context=boolean[]:72,7=false
FW,context=boolean[][]:9,7=boolean[]:72
FW,context=boolean[][][]:1,7=boolean[][]:9
FW,context=boolean[][][][]:1,0=boolean[][][]:1
NO,object=boolean[][][]:2
NO,object=boolean[][]:10
NO,object=boolean[]:73
FW,context=boolean[]:73,0=false
FW,context=boolean[]:73,1=false
FW,context=boolean[]:73,2=false
FW,context=boolean[]:73,3=false
FW,context=boolean[]:73,4=false
FW,context=boolean[]:73,5=false
FW,context=boolean[]:73,6=false
FW,context=boolean[]:73,7=false
FW,context=boolean[][]:10,0=boolean[]:73
NO,object=boolean[]:74
FW,context=boolean[]:74,0=false
FW,context=boolean[]:74,1=false
FW,context=boolean[]:74,2=false
FW,context=boolean[]:74,3=false
FW,context=boolean[]:74,4=false
FW,context=boolean[]:74,5=false
FW,context=boolean[]:74,6=false
FW,context=boolean[]:74,7=false
FW,context=boolean[][]:10,1=boolean[]:74
NO,object=boolean[]:75
FW,context=boolean[]:75,0=false
FW,context=boolean[]:75,1=false
FW,context=boolean[]:75,2=false
FW,context=boolean[]:75,3=false
FW,context=boolean[]:75,4=false
FW,context=boolean[]:75,5=false
FW,context=boolean[]:75,6=false
FW,context=boolean[]:75,7=false
FW,context=boolean[][]:10,2=boolean[]:75
NO,object=boolean[]:76
FW,context=boolean[]:76,0=false
FW,context=boolean[]:76,1=false
FW,context=boolean[]:76,2=false
FW,context=boolean[]:76,3=false
FW,context=boolean[]:76,4=false
FW,context=boolean[]:76,5=false
FW,context=boolean[]:76,6=false
FW,context=boolean[]:76,7=false
FW,context=boolean[][]:10,3=boolean[]:76
NO,object=boolean[]:77
FW,context=boolean[]:77,0=false
FW,context=boolean[]:77,1=false
FW,context=boolean[]:77,2=false
FW,context=boolean[]:77,3=false
FW,context=boolean[]:77,4=false
FW,context=boolean[]:77,5=false
FW,context=boolean[]:77,6=false
FW,context=boolean[]:77,7=false
FW,context=boolean[][]:10,4=boolean[]:77
NO,object=boolean[]:78
FW,context=boolean[]:78,0=false
FW,context=boolean[]:78,1=false
FW,context=boolean[]:78,2=false
FW,context=boolean[]:78,3=false
FW,context=boolean[]:78,4=false
FW,context=boolean[]:78,5=false
FW,context=boolean[]:78,6=false
FW,context=boolean[]:78,7=false
FW,context=boolean[][]:10,5=boolean[]:78
NO,object=boolean[]:79
FW,context=boolean[]:79,0=false
FW,context=boolean[]:79,1=false
FW,context=boolean[]:79,2=false
FW,context=boolean[]:79,3=false
FW,context=boolean[]:79,4=false
FW,context=boolean[]:79,5=false
FW,context=boolean[]:79,6=false
FW,context=boolean[]:79,7=false
FW,context=boolean[][]:10,6=boolean[]:79
NO,object=boolean[]:80
FW,context=boolean[]:80,0=false
FW,context=boolean[]:80,1=false
FW,context=boolean[]:80,2=false
FW,context=boolean[]:80,3=false
FW,context=boolean[]:80,4=false
FW,context=boolean[]:80,5=false
FW,context=boolean[]:80,6=false
FW,context=boolean[]:80,7=false
FW,context=boolean[][]:10,7=boolean[]:80
FW,context=boolean[][][]:2,0=boolean[][]:10
NO,object=boolean[][]:11
NO,object=boolean[]:81
FW,context=boolean[]:81,0=false
FW,context=boolean[]:81,1=false
FW,context=boolean[]:81,2=false
FW,context=boolean[]:81,3=false
FW,context=boolean[]:81,4=false
FW,context=boolean[]:81,5=false
FW,context=boolean[]:81,6=false
FW,context=boolean[]:81,7=false
FW,context=boolean[][]:11,0=boolean[]:81
NO,object=boolean[]:82
FW,context=boolean[]:82,0=false
FW,context=boolean[]:82,1=false
FW,context=boolean[]:82,2=false
FW,context=boolean[]:82,3=false
FW,context=boolean[]:82,4=false
FW,context=boolean[]:82,5=false
FW,context=boolean[]:82,6=false
FW,context=boolean[]:82,7=false
FW,context=boolean[][]:11,1=boolean[]:82
NO,object=boolean[]:83
FW,context=boolean[]:83,0=false
FW,context=boolean[]:83,1=false
FW,context=boolean[]:83,2=false
FW,context=boolean[]:83,3=false
FW,context=boolean[]:83,4=false
FW,context=boolean[]:83,5=false
FW,context=boolean[]:83,6=false
FW,context=boolean[]:83,7=false
FW,context=boolean[][]:11,2=boolean[]:83
NO,object=boolean[]:84
FW,context=boolean[]:84,0=false
FW,context=boolean[]:84,1=false
FW,context=boolean[]:84,2=false
FW,context=boolean[]:84,3=false
FW,context=boolean[]:84,4=false
FW,context=boolean[]:84,5=false
FW,context=boolean[]:84,6=false
FW,context=boolean[]:84,7=false
FW,context=boolean[][]:11,3=boolean[]:84
NO,object=boolean[]:85
FW,context=boolean[]:85,0=false
FW,context=boolean[]:85,1=false
FW,context=boolean[]:85,2=false
FW,context=boolean[]:85,3=false
FW,context=boolean[]:85,4=false
FW,context=boolean[]:85,5=false
FW,context=boolean[]:85,6=false
FW,context=boolean[]:85,7=false
FW,context=boolean[][]:11,4=boolean[]:85
NO,object=boolean[]:86
FW,context=boolean[]:86,0=false
FW,context=boolean[]:86,1=false
FW,context=boolean[]:86,2=false
FW,context=boolean[]:86,3=false
FW,context=boolean[]:86,4=false
FW,context=boolean[]:86,5=false
FW,context=boolean[]:86,6=false
FW,context=boolean[]:86,7=false
FW,context=boolean[][]:11,5=boolean[]:86
NO,object=boolean[]:87
FW,context=boolean[]:87,0=false
FW,context=boolean[]:87,1=false
FW,context=boolean[]:87,2=false
FW,context=boolean[]:87,3=false
FW,context=boolean[]:87,4=false
FW,context=boolean[]:87,5=false
FW,context=boolean[]:87,6=false
FW,context=boolean[]:87,7=false
FW,context=boolean[][]:11,6=boolean[]:87
NO,object=boolean[]:88
FW,context=boolean[]:88,0=false
FW,context=boolean[]:88,1=false
FW,context=boolean[]:88,2=false
FW,context=boolean[]:88,3=false
FW,context=boolean[]:88,4=false
FW,context=boolean[]:88,5=false
FW,context=boolean[]:88,6=false
FW,context=boolean[]:88,7=false
FW,context=boolean[][]:11,7=boolean[]:88
FW,context=boolean[][][]:2,1=boolean[][]:11
NO,object=boolean[][]:12
NO,object=boolean[]:89
FW,context=boolean[]:89,0=false
FW,context=boolean[]:89,1=false
FW,context=boolean[]:89,2=false
FW,context=boolean[]:89,3=false
FW,context=boolean[]:89,4=false
FW,context=boolean[]:89,5=false
FW,context=boolean[]:89,6=false
FW,context=boolean[]:89,7=false
FW,context=boolean[][]:12,0=boolean[]:89
NO,object=boolean[]:90
FW,context=boolean[]:90,0=false
FW,context=boolean[]:90,1=false
FW,context=boolean[]:90,2=false
FW,context=boolean[]:90,3=false
FW,context=boolean[]:90,4=false
FW,context=boolean[]:90,5=false
FW,context=boolean[]:90,6=false
FW,context=boolean[]:90,7=false
FW,context=boolean[][]:12,1=boolean[]:90
NO,object=boolean[]:91
FW,context=boolean[]:91,0=false
FW,context=boolean[]:91,1=false
FW,context=boolean[]:91,2=false
FW,context=boolean[]:91,3=false
FW,context=boolean[]:91,4=false
FW,context=boolean[]:91,5=false
FW,context=boolean[]:91,6=false
FW,context=boolean[]:91,7=false
FW,context=boolean[][]:12,2=boolean[]:91
NO,object=boolean[]:92
FW,context=boolean[]:92,0=false
FW,context=boolean[]:92,1=false
FW,context=boolean[]:92,2=false
FW,context=boolean[]:92,3=false
FW,context=boolean[]:92,4=false
FW,context=boolean[]:92,5=false
FW,context=boolean[]:92,6=false
FW,context=boolean[]:92,7=false
FW,context=boolean[][]:12,3=boolean[]:92
NO,object=boolean[]:93
FW,context=boolean[]:93,0=false
FW,context=boolean[]:93,1=false
FW,context=boolean[]:93,2=false
FW,context=boolean[]:93,3=false
FW,context=boolean[]:93,4=false
FW,context=boolean[]:93,5=false
FW,context=boolean[]:93,6=false
FW,context=boolean[]:93,7=false
FW,context=boolean[][]:12,4=boolean[]:93
NO,object=boolean[]:94
FW,context=boolean[]:94,0=false
FW,context=boolean[]:94,1=false
FW,context=boolean[]:94,2=false
FW,context=boolean[]:94,3=false
FW,context=boolean[]:94,4=false
FW,context=boolean[]:94,5=false
FW,context=boolean[]:94,6=false
FW,context=boolean[]:94,7=false
FW,context=boolean[][]:12,5=boolean[]:94
NO,object=boolean[]:95
FW,context=boolean[]:95,0=false
FW,context=boolean[]:95,1=false
FW,context=boolean[]:95,2=false
FW,context=boolean[]:95,3=false
FW,context=boolean[]:95,4=false
FW,context=boolean[]:95,5=false
FW,context=boolean[]:95,6=false
FW,context=boolean[]:95,7=false
FW,context=boolean[][]:12,6=boolean[]:95
NO,object=boolean[]:96
FW,context=boolean[]:96,0=false
FW,context=boolean[]:96,1=false
FW,context=boolean[]:96,2=false
FW,context=boolean[]:96,3=false
FW,context=boolean[]:96,4=false
FW,context=boolean[]:96,5=false
FW,context=boolean[]:96,6=false
FW,context=boolean[]:96,7=false
FW,context=boolean[][]:12,7=boolean[]:96
FW,context=boolean[][][]:2,2=boolean[][]:12
NO,object=boolean[][]:13
NO,object=boolean[]:97
FW,context=boolean[]:97,0=false
FW,context=boolean[]:97,1=false
FW,context=boolean[]:97,2=false
FW,context=boolean[]:97,3=false
FW,context=boolean[]:97,4=false
FW,context=boolean[]:97,5=false
FW,context=boolean[]:97,6=false
FW,context=boolean[]:97,7=false
FW,context=boolean[][]:13,0=boolean[]:97
NO,object=boolean[]:98
FW,context=boolean[]:98,0=false
FW,context=boolean[]:98,1=false
FW,context=boolean[]:98,2=false
FW,context=boolean[]:98,3=false
FW,context=boolean[]:98,4=false
FW,context=boolean[]:98,5=false
FW,context=boolean[]:98,6=false
FW,context=boolean[]:98,7=false
FW,context=boolean[][]:13,1=boolean[]:98
NO,object=boolean[]:99
FW,context=boolean[]:99,0=false
FW,context=boolean[]:99,1=false
FW,context=boolean[]:99,2=false
FW,context=boolean[]:99,3=false
FW,context=boolean[]:99,4=false
FW,context=boolean[]:99,5=false
FW,context=boolean[]:99,6=false
FW,context=boolean[]:99,7=false
FW,context=boolean[][]:13,2=boolean[]:99
NO,object=boolean[]:100
FW,context=boolean[]:100,0=false
FW,context=boolean[]:100,1=false
FW,context=boolean[]:100,2=false
FW,context=boolean[]:100,3=false
FW,context=boolean[]:100,4=false
FW,context=boolean[]:100,5=false
FW,context=boolean[]:100,6=false
FW,context=boolean[]:100,7=false
FW,context=boolean[][]:13,3=boolean[]:100
NO,object=boolean[]:101
FW,context=boolean[]:101,0=false
FW,context=boolean[]:101,1=false
FW,context=boolean[]:101,2=false
FW,context=boolean[]:101,3=false
FW,context=boolean[]:101,4=false
FW,context=boolean[]:101,5=false
FW,context=boolean[]:101,6=false
FW,context=boolean[]:101,7=false
FW,context=boolean[][]:13,4=boolean[]:101
NO,object=boolean[]:102
FW,context=boolean[]:102,0=false
FW,context=boolean[]:102,1=false
FW,context=boolean[]:102,2=false
FW,context=boolean[]:102,3=false
FW,context=boolean[]:102,4=false
FW,context=boolean[]:102,5=false
FW,context=boolean[]:102,6=false
FW,context=boolean[]:102,7=false
FW,context=boolean[][]:13,5=boolean[]:102
NO,object=boolean[]:103
FW,context=boolean[]:103,0=false
FW,context=boolean[]:103,1=false
FW,context=boolean[]:103,2=false
FW,context=boolean[]:103,3=false
FW,context=boolean[]:103,4=false
FW,context=boolean[]:103,5=false
FW,context=boolean[]:103,6=false
FW,context=boolean[]:103,7=false
FW,context=boolean[][]:13,6=boolean[]:103
NO,object=boolean[]:104
FW,context=boolean[]:104,0=false
FW,context=boolean[]:104,1=false
FW,context=boolean[]:104,2=false
FW,context=boolean[]:104,3=false
FW,context=boolean[]:104,4=false
FW,context=boolean[]:104,5=false
FW,context=boolean[]:104,6=false
FW,context=boolean[]:104,7=false
FW,context=boolean[][]:13,7=boolean[]:104
FW,context=boolean[][][]:2,3=boolean[][]:13
NO,object=boolean[][]:14
NO,object=boolean[]:105
FW,context=boolean[]:105,0=false
FW,context=boolean[]:105,1=false
FW,context=boolean[]:105,2=false
FW,context=boolean[]:105,3=false
FW,context=boolean[]:105,4=false
FW,context=boolean[]:105,5=false
FW,context=boolean[]:105,6=false
FW,context=boolean[]:105,7=false
FW,context=boolean[][]:14,0=boolean[]:105
NO,object=boolean[]:106
FW,context=boolean[]:106,0=false
FW,context=boolean[]:106,1=false
FW,context=boolean[]:106,2=false
FW,context=boolean[]:106,3=false
FW,context=boolean[]:106,4=false
FW,context=boolean[]:106,5=false
FW,context=boolean[]:106,6=false
FW,context=boolean[]:106,7=false
FW,context=boolean[][]:14,1=boolean[]:106
NO,object=boolean[]:107
FW,context=boolean[]:107,0=false
FW,context=boolean[]:107,1=false
FW,context=boolean[]:107,2=false
FW,context=boolean[]:107,3=false
FW,context=boolean[]:107,4=false
FW,context=boolean[]:107,5=false
FW,context=boolean[]:107,6=false
FW,context=boolean[]:107,7=false
FW,context=boolean[][]:14,2=boolean[]:107
NO,object=boolean[]:108
FW,context=boolean[]:108,0=false
FW,context=boolean[]:108,1=false
FW,context=boolean[]:108,2=false
FW,context=boolean[]:108,3=false
FW,context=boolean[]:108,4=false
FW,context=boolean[]:108,5=false
FW,context=boolean[]:108,6=false
FW,context=boolean[]:108,7=false
FW,context=boolean[][]:14,3=boolean[]:108
NO,object=boolean[]:109
FW,context=boolean[]:109,0=false
FW,context=boolean[]:109,1=false
FW,context=boolean[]:109,2=false
FW,context=boolean[]:109,3=false
FW,context=boolean[]:109,4=false
FW,context=boolean[]:109,5=false
FW,context=boolean[]:109,6=false
FW,context=boolean[]:109,7=false
FW,context=boolean[][]:14,4=boolean[]:109
NO,object=boolean[]:110
FW,context=boolean[]:110,0=false
FW,context=boolean[]:110,1=false
FW,context=boolean[]:110,2=false
FW,context=boolean[]:110,3=false
FW,context=boolean[]:110,4=false
FW,context=boolean[]:110,5=false
FW,context=boolean[]:110,6=false
FW,context=boolean[]:110,7=false
FW,context=boolean[][]:14,5=boolean[]:110
NO,object=boolean[]:111
FW,context=boolean[]:111,0=false
FW,context=boolean[]:111,1=false
FW,context=boolean[]:111,2=false
FW,context=boolean[]:111,3=false
FW,context=boolean[]:111,4=false
FW,context=boolean[]:111,5=false
FW,context=boolean[]:111,6=false
FW,context=boolean[]:111,7=false
FW,context=boolean[][]:14,6=boolean[]:111
NO,object=boolean[]:112
FW,context=boolean[]:112,0=false
FW,context=boolean[]:112,1=false
FW,context=boolean[]:112,2=false
FW,context=boolean[]:112,3=false
FW,context=boolean[]:112,4=false
FW,context=boolean[]:112,5=false
FW,context=boolean[]:112,6=false
FW,context=boolean[]:112,7=false
FW,context=boolean[][]:14,7=boolean[]:112
FW,context=boolean[][][]:2,4=boolean[][]:14
NO,object=boolean[][]:15
NO,object=boolean[]:113
FW,context=boolean[]:113,0=false
FW,context=boolean[]:113,1=false
FW,context=boolean[]:113,2=false
FW,context=boolean[]:113,3=false
FW,context=boolean[]:113,4=false
FW,context=boolean[]:113,5=false
FW,context=boolean[]:113,6=false
FW,context=boolean[]:113,7=false
FW,context=boolean[][]:15,0=boolean[]:113
NO,object=boolean[]:114
FW,context=boolean[]:114,0=false
FW,context=boolean[]:114,1=false
FW,context=boolean[]:114,2=false
FW,context=boolean[]:114,3=false
FW,context=boolean[]:114,4=false
FW,context=boolean[]:114,5=false
FW,context=boolean[]:114,6=false
FW,context=boolean[]:114,7=false
FW,context=boolean[][]:15,1=boolean[]:114
NO,object=boolean[]:115
FW,context=boolean[]:115,0=false
FW,context=boolean[]:115,1=false
FW,context=boolean[]:115,2=false
FW,context=boolean[]:115,3=false
FW,context=boolean[]:115,4=false
FW,context=boolean[]:115,5=false
FW,context=boolean[]:115,6=false
FW,context=boolean[]:115,7=false
FW,context=boolean[][]:15,2=boolean[]:115
NO,object=boolean[]:116
FW,context=boolean[]:116,0=false
FW,context=boolean[]:116,1=false
FW,context=boolean[]:116,2=false
FW,context=boolean[]:116,3=false
FW,context=boolean[]:116,4=false
FW,context=boolean[]:116,5=false
FW,context=boolean[]:116,6=false
FW,context=boolean[]:116,7=false
FW,context=boolean[][]:15,3=boolean[]:116
NO,object=boolean[]:117
FW,context=boolean[]:117,0=false
FW,context=boolean[]:117,1=false
FW,context=boolean[]:117,2=false
FW,context=boolean[]:117,3=false
FW,context=boolean[]:117,4=false
FW,context=boolean[]:117,5=false
FW,context=boolean[]:117,6=false
FW,context=boolean[]:117,7=false
FW,context=boolean[][]:15,4=boolean[]:117
NO,object=boolean[]:118
FW,context=boolean[]:118,0=false
FW,context=boolean[]:118,1=false
FW,context=boolean[]:118,2=false
FW,context=boolean[]:118,3=false
FW,context=boolean[]:118,4=false
FW,context=boolean[]:118,5=false
FW,context=boolean[]:118,6=false
FW,context=boolean[]:118,7=false
FW,context=boolean[][]:15,5=boolean[]:118
NO,object=boolean[]:119
FW,context=boolean[]:119,0=false
FW,context=boolean[]:119,1=false
FW,context=boolean[]:119,2=false
FW,context=boolean[]:119,3=false
FW,context=boolean[]:119,4=false
FW,context=boolean[]:119,5=false
FW,context=boolean[]:119,6=false
FW,context=boolean[]:119,7=false
FW,context=boolean[][]:15,6=boolean[]:119
NO,object=boolean[]:120
FW,context=boolean[]:120,0=false
FW,context=boolean[]:120,1=false
FW,context=boolean[]:120,2=false
FW,context=boolean[]:120,3=false
FW,context=boolean[]:120,4=false
FW,context=boolean[]:120,5=false
FW,context=boolean[]:120,6=false
FW,context=boolean[]:120,7=false
FW,context=boolean[][]:15,7=boolean[]:120
FW,context=boolean[][][]:2,5=boolean[][]:15
NO,object=boolean[][]:16
NO,object=boolean[]:121
FW,context=boolean[]:121,0=false
FW,context=boolean[]:121,1=false
FW,context=boolean[]:121,2=false
FW,context=boolean[]:121,3=false
FW,context=boolean[]:121,4=false
FW,context=boolean[]:121,5=false
FW,context=boolean[]:121,6=false
FW,context=boolean[]:121,7=false
FW,context=boolean[][]:16,0=boolean[]:121
NO,object=boolean[]:122
FW,context=boolean[]:122,0=false
FW,context=boolean[]:122,1=false
FW,context=boolean[]:122,2=false
FW,context=boolean[]:122,3=false
FW,context=boolean[]:122,4=false
FW,context=boolean[]:122,5=false
FW,context=boolean[]:122,6=false
FW,context=boolean[]:122,7=false
FW,context=boolean[][]:16,1=boolean[]:122
NO,object=boolean[]:123
FW,context=boolean[]:123,0=false
FW,context=boolean[]:123,1=false
FW,context=boolean[]:123,2=false
FW,context=boolean[]:123,3=false
FW,context=boolean[]:123,4=false
FW,context=boolean[]:123,5=false
FW,context=boolean[]:123,6=false
FW,context=boolean[]:123,7=false
FW,context=boolean[][]:16,2=boolean[]:123
NO,object=boolean[]:124
FW,context=boolean[]:124,0=false
FW,context=boolean[]:124,1=false
FW,context=boolean[]:124,2=false
FW,context=boolean[]:124,3=false
FW,context=boolean[]:124,4=false
FW,context=boolean[]:124,5=false
FW,context=boolean[]:124,6=false
FW,context=boolean[]:124,7=false
FW,context=boolean[][]:16,3=boolean[]:124
NO,object=boolean[]:125
FW,context=boolean[]:125,0=false
FW,context=boolean[]:125,1=false
FW,context=boolean[]:125,2=false
FW,context=boolean[]:125,3=false
FW,context=boolean[]:125,4=false
FW,context=boolean[]:125,5=false
FW,context=boolean[]:125,6=false
FW,context=boolean[]:125,7=false
FW,context=boolean[][]:16,4=boolean[]:125
NO,object=boolean[]:126
FW,context=boolean[]:126,0=false
FW,context=boolean[]:126,1=false
FW,context=boolean[]:126,2=false
FW,context=boolean[]:126,3=false
FW,context=boolean[]:126,4=false
FW,context=boolean[]:126,5=false
FW,context=boolean[]:126,6=false
FW,context=boolean[]:126,7=false
FW,context=boolean[][]:16,5=boolean[]:126
NO,object=boolean[]:127
FW,context=boolean[]:127,0=false
FW,context=boolean[]:127,1=false
FW,context=boolean[]:127,2=false
FW,context=boolean[]:127,3=false
FW,context=boolean[]:127,4=false
FW,context=boolean[]:127,5=false
FW,context=boolean[]:127,6=false
FW,context=boolean[]:127,7=false
FW,context=boolean[][]:16,6=boolean[]:127
NO,object=boolean[]:128
FW,context=boolean[]:128,0=false
FW,context=boolean[]:128,1=false
FW,context=boolean[]:128,2=false
FW,context=boolean[]:128,3=false
FW,context=boolean[]:128,4=false
FW,context=boolean[]:128,5=false
FW,context=boolean[]:128,6=false
FW,context=boolean[]:128,7=false
FW,context=boolean[][]:16,7=boolean[]:128
FW,context=boolean[][][]:2,6=boolean[][]:16
NO,object=boolean[][]:17
NO,object=boolean[]:129
FW,context=boolean[]:129,0=false
FW,context=boolean[]:129,1=false
FW,context=boolean[]:129,2=false
FW,context=boolean[]:129,3=false
FW,context=boolean[]:129,4=false
FW,context=boolean[]:129,5=false
FW,context=boolean[]:129,6=false
FW,context=boolean[]:129,7=false
FW,context=boolean[][]:17,0=boolean[]:129
NO,object=boolean[]:130
FW,context=boolean[]:130,0=false
FW,context=boolean[]:130,1=false
FW,context=boolean[]:130,2=false
FW,context=boolean[]:130,3=false
FW,context=boolean[]:130,4=false
FW,context=boolean[]:130,5=false
FW,context=boolean[]:130,6=false
FW,context=boolean[]:130,7=false
FW,context=boolean[][]:17,1=boolean[]:130
NO,object=boolean[]:131
FW,context=boolean[]:131,0=false
FW,context=boolean[]:131,1=false
FW,context=boolean[]:131,2=false
FW,context=boolean[]:131,3=false
FW,context=boolean[]:131,4=false
FW,context=boolean[]:131,5=false
FW,context=boolean[]:131,6=false
FW,context=boolean[]:131,7=false
FW,context=boolean[][]:17,2=boolean[]:131
NO,object=boolean[]:132
FW,context=boolean[]:132,0=false
FW,context=boolean[]:132,1=false
FW,context=boolean[]:132,2=false
FW,context=boolean[]:132,3=false
FW,context=boolean[]:132,4=false
FW,context=boolean[]:132,5=false
FW,context=boolean[]:132,6=false
FW,context=boolean[]:132,7=false
FW,context=boolean[][]:17,3=boolean[]:132
NO,object=boolean[]:133
FW,context=boolean[]:133,0=false
FW,context=boolean[]:133,1=false
FW,context=boolean[]:133,2=false
FW,context=boolean[]:133,3=false
FW,context=boolean[]:133,4=false
FW,context=boolean[]:133,5=false
FW,context=boolean[]:133,6=false
FW,context=boolean[]:133,7=false
FW,context=boolean[][]:17,4=boolean[]:133
NO,object=boolean[]:134
FW,context=boolean[]:134,0=false
FW,context=boolean[]:134,1=false
FW,context=boolean[]:134,2=false
FW,context=boolean[]:134,3=false
FW,context=boolean[]:134,4=false
FW,context=boolean[]:134,5=false
FW,context=boolean[]:134,6=false
FW,context=boolean[]:134,7=false
FW,context=boolean[][]:17,5=boolean[]:134
NO,object=boolean[]:135
FW,context=boolean[]:135,0=false
FW,context=boolean[]:135,1=false
FW,context=boolean[]:135,2=false
FW,context=boolean[]:135,3=false
FW,context=boolean[]:135,4=false
FW,context=boolean[]:135,5=false
FW,context=boolean[]:135,6=false
FW,context=boolean[]:135,7=false
FW,context=boolean[][]:17,6=boolean[]:135
NO,object=boolean[]:136
FW,context=boolean[]:136,0=false
FW,context=boolean[]:136,1=false
FW,context=boolean[]:136,2=false
FW,context=boolean[]:136,3=false
FW,context=boolean[]:136,4=false
FW,context=boolean[]:136,5=false
FW,context=boolean[]:136,6=false
FW,context=boolean[]:136,7=false
FW,context=boolean[][]:17,7=boolean[]:136
FW,context=boolean[][][]:2,7=boolean[][]:17
FW,context=boolean[][][][]:1,1=boolean[][][]:2
NO,object=boolean[][][]:3
NO,object=boolean[][]:18
NO,object=boolean[]:137
FW,context=boolean[]:137,0=false
FW,context=boolean[]:137,1=false
FW,context=boolean[]:137,2=false
FW,context=boolean[]:137,3=false
FW,context=boolean[]:137,4=false
FW,context=boolean[]:137,5=false
FW,context=boolean[]:137,6=false
FW,context=boolean[]:137,7=false
FW,context=boolean[][]:18,0=boolean[]:137
NO,object=boolean[]:138
FW,context=boolean[]:138,0=false
FW,context=boolean[]:138,1=false
FW,context=boolean[]:138,2=false
FW,context=boolean[]:138,3=false
FW,context=boolean[]:138,4=false
FW,context=boolean[]:138,5=false
FW,context=boolean[]:138,6=false
FW,context=boolean[]:138,7=false
FW,context=boolean[][]:18,1=boolean[]:138
NO,object=boolean[]:139
FW,context=boolean[]:139,0=false
FW,context=boolean[]:139,1=false
FW,context=boolean[]:139,2=false
FW,context=boolean[]:139,3=false
FW,context=boolean[]:139,4=false
FW,context=boolean[]:139,5=false
FW,context=boolean[]:139,6=false
FW,context=boolean[]:139,7=false
FW,context=boolean[][]:18,2=boolean[]:139
NO,object=boolean[]:140
FW,context=boolean[]:140,0=false
FW,context=boolean[]:140,1=false
FW,context=boolean[]:140,2=false
FW,context=boolean[]:140,3=false
FW,context=boolean[]:140,4=false
FW,context=boolean[]:140,5=false
FW,context=boolean[]:140,6=false
FW,context=boolean[]:140,7=false
FW,context=boolean[][]:18,3=boolean[]:140
NO,object=boolean[]:141
FW,context=boolean[]:141,0=false
FW,context=boolean[]:141,1=false
FW,context=boolean[]:141,2=false
FW,context=boolean[]:141,3=false
FW,context=boolean[]:141,4=false
FW,context=boolean[]:141,5=false
FW,context=boolean[]:141,6=false
FW,context=boolean[]:141,7=false
FW,context=boolean[][]:18,4=boolean[]:141
NO,object=boolean[]:142
FW,context=boolean[]:142,0=false
FW,context=boolean[]:142,1=false
FW,context=boolean[]:142,2=false
FW,context=boolean[]:142,3=false
FW,context=boolean[]:142,4=false
FW,context=boolean[]:142,5=false
FW,context=boolean[]:142,6=false
FW,context=boolean[]:142,7=false
FW,context=boolean[][]:18,5=boolean[]:142
NO,object=boolean[]:143
FW,context=boolean[]:143,0=false
FW,context=boolean[]:143,1=false
FW,context=boolean[]:143,2=false
FW,context=boolean[]:143,3=false
FW,context=boolean[]:143,4=false
FW,context=boolean[]:143,5=false
FW,context=boolean[]:143,6=false
FW,context=boolean[]:143,7=false
FW,context=boolean[][]:18,6=boolean[]:143
NO,object=boolean[]:144
FW,context=boolean[]:144,0=false
FW,context=boolean[]:144,1=false
FW,context=boolean[]:144,2=false
FW,context=boolean[]:144,3=false
FW,context=boolean[]:144,4=false
FW,context=boolean[]:144,5=false
FW,context=boolean[]:144,6=false
FW,context=boolean[]:144,7=false
FW,context=boolean[][]:18,7=boolean[]:144
FW,context=boolean[][][]:3,0=boolean[][]:18
NO,object=boolean[][]:19
NO,object=boolean[]:145
FW,context=boolean[]:145,0=false
FW,context=boolean[]:145,1=false
FW,context=boolean[]:145,2=false
FW,context=boolean[]:145,3=false
FW,context=boolean[]:145,4=false
FW,context=boolean[]:145,5=false
FW,context=boolean[]:145,6=false
FW,context=boolean[]:145,7=false
FW,context=boolean[][]:19,0=boolean[]:145
NO,object=boolean[]:146
FW,context=boolean[]:146,0=false
FW,context=boolean[]:146,1=false
FW,context=boolean[]:146,2=false
FW,context=boolean[]:146,3=false
FW,context=boolean[]:146,4=false
FW,context=boolean[]:146,5=false
FW,context=boolean[]:146,6=false
FW,context=boolean[]:146,7=false
FW,context=boolean[][]:19,1=boolean[]:146
NO,object=boolean[]:147
FW,context=boolean[]:147,0=false
FW,context=boolean[]:147,1=false
FW,context=boolean[]:147,2=false
FW,context=boolean[]:147,3=false
FW,context=boolean[]:147,4=false
FW,context=boolean[]:147,5=false
FW,context=boolean[]:147,6=false
FW,context=boolean[]:147,7=false
FW,context=boolean[][]:19,2=boolean[]:147
NO,object=boolean[]:148
FW,context=boolean[]:148,0=false
FW,context=boolean[]:148,1=false
FW,context=boolean[]:148,2=false
FW,context=boolean[]:148,3=false
FW,context=boolean[]:148,4=false
FW,context=boolean[]:148,5=false
FW,context=boolean[]:148,6=false
FW,context=boolean[]:148,7=false
FW,context=boolean[][]:19,3=boolean[]:148
NO,object=boolean[]:149
FW,context=boolean[]:149,0=false
FW,context=boolean[]:149,1=false
FW,context=boolean[]:149,2=false
FW,context=boolean[]:149,3=false
FW,context=boolean[]:149,4=false
FW,context=boolean[]:149,5=false
FW,context=boolean[]:149,6=false
FW,context=boolean[]:149,7=false
FW,context=boolean[][]:19,4=boolean[]:149
NO,object=boolean[]:150
FW,context=boolean[]:150,0=false
FW,context=boolean[]:150,1=false
FW,context=boolean[]:150,2=false
FW,context=boolean[]:150,3=false
FW,context=boolean[]:150,4=false
FW,context=boolean[]:150,5=false
FW,context=boolean[]:150,6=false
FW,context=boolean[]:150,7=false
FW,context=boolean[][]:19,5=boolean[]:150
NO,object=boolean[]:151
FW,context=boolean[]:151,0=false
FW,context=boolean[]:151,1=false
FW,context=boolean[]:151,2=false
FW,context=boolean[]:151,3=false
FW,context=boolean[]:151,4=false
FW,context=boolean[]:151,5=false
FW,context=boolean[]:151,6=false
FW,context=boolean[]:151,7=false
FW,context=boolean[][]:19,6=boolean[]:151
NO,object=boolean[]:152
FW,context=boolean[]:152,0=false
FW,context=boolean[]:152,1=false
FW,context=boolean[]:152,2=false
FW,context=boolean[]:152,3=false
FW,context=boolean[]:152,4=false
FW,context=boolean[]:152,5=false
FW,context=boolean[]:152,6=false
FW,context=boolean[]:152,7=false
FW,context=boolean[][]:19,7=boolean[]:152
FW,context=boolean[][][]:3,1=boolean[][]:19
NO,object=boolean[][]:20
NO,object=boolean[]:153
FW,context=boolean[]:153,0=false
FW,context=boolean[]:153,1=false
FW,context=boolean[]:153,2=false
FW,context=boolean[]:153,3=false
FW,context=boolean[]:153,4=false
FW,context=boolean[]:153,5=false
FW,context=boolean[]:153,6=false
FW,context=boolean[]:153,7=false
FW,context=boolean[][]:20,0=boolean[]:153
NO,object=boolean[]:154
FW,context=boolean[]:154,0=false
FW,context=boolean[]:154,1=false
FW,context=boolean[]:154,2=false
FW,context=boolean[]:154,3=false
FW,context=boolean[]:154,4=false
FW,context=boolean[]:154,5=false
FW,context=boolean[]:154,6=false
FW,context=boolean[]:154,7=false
FW,context=boolean[][]:20,1=boolean[]:154
NO,object=boolean[]:155
FW,context=boolean[]:155,0=false
FW,context=boolean[]:155,1=false
FW,context=boolean[]:155,2=false
FW,context=boolean[]:155,3=false
FW,context=boolean[]:155,4=false
FW,context=boolean[]:155,5=false
FW,context=boolean[]:155,6=false
FW,context=boolean[]:155,7=false
FW,context=boolean[][]:20,2=boolean[]:155
NO,object=boolean[]:156
FW,context=boolean[]:156,0=false
FW,context=boolean[]:156,1=false
FW,context=boolean[]:156,2=false
FW,context=boolean[]:156,3=false
FW,context=boolean[]:156,4=false
FW,context=boolean[]:156,5=false
FW,context=boolean[]:156,6=false
FW,context=boolean[]:156,7=false
FW,context=boolean[][]:20,3=boolean[]:156
NO,object=boolean[]:157
FW,context=boolean[]:157,0=false
FW,context=boolean[]:157,1=false
FW,context=boolean[]:157,2=false
FW,context=boolean[]:157,3=false
FW,context=boolean[]:157,4=false
FW,context=boolean[]:157,5=false
FW,context=boolean[]:157,6=false
FW,context=boolean[]:157,7=false
FW,context=boolean[][]:20,4=boolean[]:157
NO,object=boolean[]:158
FW,context=boolean[]:158,0=false
FW,context=boolean[]:158,1=false
FW,context=boolean[]:158,2=false
FW,context=boolean[]:158,3=false
FW,context=boolean[]:158,4=false
FW,context=boolean[]:158,5=false
FW,context=boolean[]:158,6=false
FW,context=boolean[]:158,7=false
FW,context=boolean[][]:20,5=boolean[]:158
NO,object=boolean[]:159
FW,context=boolean[]:159,0=false
FW,context=boolean[]:159,1=false
FW,context=boolean[]:159,2=false
FW,context=boolean[]:159,3=false
FW,context=boolean[]:159,4=false
FW,context=boolean[]:159,5=false
FW,context=boolean[]:159,6=false
FW,context=boolean[]:159,7=false
FW,context=boolean[][]:20,6=boolean[]:159
NO,object=boolean[]:160
FW,context=boolean[]:160,0=false
FW,context=boolean[]:160,1=false
FW,context=boolean[]:160,2=false
FW,context=boolean[]:160,3=false
FW,context=boolean[]:160,4=false
FW,context=boolean[]:160,5=false
FW,context=boolean[]:160,6=false
FW,context=boolean[]:160,7=false
FW,context=boolean[][]:20,7=boolean[]:160
FW,context=boolean[][][]:3,2=boolean[][]:20
NO,object=boolean[][]:21
NO,object=boolean[]:161
FW,context=boolean[]:161,0=false
FW,context=boolean[]:161,1=false
FW,context=boolean[]:161,2=false
FW,context=boolean[]:161,3=false
FW,context=boolean[]:161,4=false
FW,context=boolean[]:161,5=false
FW,context=boolean[]:161,6=false
FW,context=boolean[]:161,7=false
FW,context=boolean[][]:21,0=boolean[]:161
NO,object=boolean[]:162
FW,context=boolean[]:162,0=false
FW,context=boolean[]:162,1=false
FW,context=boolean[]:162,2=false
FW,context=boolean[]:162,3=false
FW,context=boolean[]:162,4=false
FW,context=boolean[]:162,5=false
FW,context=boolean[]:162,6=false
FW,context=boolean[]:162,7=false
FW,context=boolean[][]:21,1=boolean[]:162
NO,object=boolean[]:163
FW,context=boolean[]:163,0=false
FW,context=boolean[]:163,1=false
FW,context=boolean[]:163,2=false
FW,context=boolean[]:163,3=false
FW,context=boolean[]:163,4=false
FW,context=boolean[]:163,5=false
FW,context=boolean[]:163,6=false
FW,context=boolean[]:163,7=false
FW,context=boolean[][]:21,2=boolean[]:163
NO,object=boolean[]:164
FW,context=boolean[]:164,0=false
FW,context=boolean[]:164,1=false
FW,context=boolean[]:164,2=false
FW,context=boolean[]:164,3=false
FW,context=boolean[]:164,4=false
FW,context=boolean[]:164,5=false
FW,context=boolean[]:164,6=false
FW,context=boolean[]:164,7=false
FW,context=boolean[][]:21,3=boolean[]:164
NO,object=boolean[]:165
FW,context=boolean[]:165,0=false
FW,context=boolean[]:165,1=false
FW,context=boolean[]:165,2=false
FW,context=boolean[]:165,3=false
FW,context=boolean[]:165,4=false
FW,context=boolean[]:165,5=false
FW,context=boolean[]:165,6=false
FW,context=boolean[]:165,7=false
FW,context=boolean[][]:21,4=boolean[]:165
NO,object=boolean[]:166
FW,context=boolean[]:166,0=false
FW,context=boolean[]:166,1=false
FW,context=boolean[]:166,2=false
FW,context=boolean[]:166,3=false
FW,context=boolean[]:166,4=false
FW,context=boolean[]:166,5=false
FW,context=boolean[]:166,6=false
FW,context=boolean[]:166,7=false
FW,context=boolean[][]:21,5=boolean[]:166
NO,object=boolean[]:167
FW,context=boolean[]:167,0=false
FW,context=boolean[]:167,1=false
FW,context=boolean[]:167,2=false
FW,context=boolean[]:167,3=false
FW,context=boolean[]:167,4=false
FW,context=boolean[]:167,5=false
FW,context=boolean[]:167,6=false
FW,context=boolean[]:167,7=false
FW,context=boolean[][]:21,6=boolean[]:167
NO,object=boolean[]:168
FW,context=boolean[]:168,0=false
FW,context=boolean[]:168,1=false
FW,context=boolean[]:168,2=false
FW,context=boolean[]:168,3=false
FW,context=boolean[]:168,4=false
FW,context=boolean[]:168,5=false
FW,context=boolean[]:168,6=false
FW,context=boolean[]:168,7=false
FW,context=boolean[][]:21,7=boolean[]:168
FW,context=boolean[][][]:3,3=boolean[][]:21
NO,object=boolean[][]:22
NO,object=boolean[]:169
FW,context=boolean[]:169,0=false
FW,context=boolean[]:169,1=false
FW,context=boolean[]:169,2=false
FW,context=boolean[]:169,3=false
FW,context=boolean[]:169,4=false
FW,context=boolean[]:169,5=false
FW,context=boolean[]:169,6=false
FW,context=boolean[]:169,7=false
FW,context=boolean[][]:22,0=boolean[]:169
NO,object=boolean[]:170
FW,context=boolean[]:170,0=false
FW,context=boolean[]:170,1=false
FW,context=boolean[]:170,2=false
FW,context=boolean[]:170,3=false
FW,context=boolean[]:170,4=false
FW,context=boolean[]:170,5=false
FW,context=boolean[]:170,6=false
FW,context=boolean[]:170,7=false
FW,context=boolean[][]:22,1=boolean[]:170
NO,object=boolean[]:171
FW,context=boolean[]:171,0=false
FW,context=boolean[]:171,1=false
FW,context=boolean[]:171,2=false
FW,context=boolean[]:171,3=false
FW,context=boolean[]:171,4=false
FW,context=boolean[]:171,5=false
FW,context=boolean[]:171,6=false
FW,context=boolean[]:171,7=false
FW,context=boolean[][]:22,2=boolean[]:171
NO,object=boolean[]:172
FW,context=boolean[]:172,0=false
FW,context=boolean[]:172,1=false
FW,context=boolean[]:172,2=false
FW,context=boolean[]:172,3=false
FW,context=boolean[]:172,4=false
FW,context=boolean[]:172,5=false
FW,context=boolean[]:172,6=false
FW,context=boolean[]:172,7=false
FW,context=boolean[][]:22,3=boolean[]:172
NO,object=boolean[]:173
FW,context=boolean[]:173,0=false
FW,context=boolean[]:173,1=false
FW,context=boolean[]:173,2=false
FW,context=boolean[]:173,3=false
FW,context=boolean[]:173,4=false
FW,context=boolean[]:173,5=false
FW,context=boolean[]:173,6=false
FW,context=boolean[]:173,7=false
FW,context=boolean[][]:22,4=boolean[]:173
NO,object=boolean[]:174
FW,context=boolean[]:174,0=false
FW,context=boolean[]:174,1=false
FW,context=boolean[]:174,2=false
FW,context=boolean[]:174,3=false
FW,context=boolean[]:174,4=false
FW,context=boolean[]:174,5=false
FW,context=boolean[]:174,6=false
FW,context=boolean[]:174,7=false
FW,context=boolean[][]:22,5=boolean[]:174
NO,object=boolean[]:175
FW,context=boolean[]:175,0=false
FW,context=boolean[]:175,1=false
FW,context=boolean[]:175,2=false
FW,context=boolean[]:175,3=false
FW,context=boolean[]:175,4=false
FW,context=boolean[]:175,5=false
FW,context=boolean[]:175,6=false
FW,context=boolean[]:175,7=false
FW,context=boolean[][]:22,6=boolean[]:175
NO,object=boolean[]:176
FW,context=boolean[]:176,0=false
FW,context=boolean[]:176,1=false
FW,context=boolean[]:176,2=false
FW,context=boolean[]:176,3=false
FW,context=boolean[]:176,4=false
FW,context=boolean[]:176,5=false
FW,context=boolean[]:176,6=false
FW,context=boolean[]:176,7=false
FW,context=boolean[][]:22,7=boolean[]:176
FW,context=boolean[][][]:3,4=boolean[][]:22
NO,object=boolean[][]:23
NO,object=boolean[]:177
FW,context=boolean[]:177,0=false
FW,context=boolean[]:177,1=false
FW,context=boolean[]:177,2=false
FW,context=boolean[]:177,3=false
FW,context=boolean[]:177,4=false
FW,context=boolean[]:177,5=false
FW,context=boolean[]:177,6=false
FW,context=boolean[]:177,7=false
FW,context=boolean[][]:23,0=boolean[]:177
NO,object=boolean[]:178
FW,context=boolean[]:178,0=false
FW,context=boolean[]:178,1=false
FW,context=boolean[]:178,2=false
FW,context=boolean[]:178,3=false
FW,context=boolean[]:178,4=false
FW,context=boolean[]:178,5=false
FW,context=boolean[]:178,6=false
FW,context=boolean[]:178,7=false
FW,context=boolean[][]:23,1=boolean[]:178
NO,object=boolean[]:179
FW,context=boolean[]:179,0=false
FW,context=boolean[]:179,1=false
FW,context=boolean[]:179,2=false
FW,context=boolean[]:179,3=false
FW,context=boolean[]:179,4=false
FW,context=boolean[]:179,5=false
FW,context=boolean[]:179,6=false
FW,context=boolean[]:179,7=false
FW,context=boolean[][]:23,2=boolean[]:179
NO,object=boolean[]:180
FW,context=boolean[]:180,0=false
FW,context=boolean[]:180,1=false
FW,context=boolean[]:180,2=false
FW,context=boolean[]:180,3=false
FW,context=boolean[]:180,4=false
FW,context=boolean[]:180,5=false
FW,context=boolean[]:180,6=false
FW,context=boolean[]:180,7=false
FW,context=boolean[][]:23,3=boolean[]:180
NO,object=boolean[]:181
FW,context=boolean[]:181,0=false
FW,context=boolean[]:181,1=false
FW,context=boolean[]:181,2=false
FW,context=boolean[]:181,3=false
FW,context=boolean[]:181,4=false
FW,context=boolean[]:181,5=false
FW,context=boolean[]:181,6=false
FW,context=boolean[]:181,7=false
FW,context=boolean[][]:23,4=boolean[]:181
NO,object=boolean[]:182
FW,context=boolean[]:182,0=false
FW,context=boolean[]:182,1=false
FW,context=boolean[]:182,2=false
FW,context=boolean[]:182,3=false
FW,context=boolean[]:182,4=false
FW,context=boolean[]:182,5=false
FW,context=boolean[]:182,6=false
FW,context=boolean[]:182,7=false
FW,context=boolean[][]:23,5=boolean[]:182
NO,object=boolean[]:183
FW,context=boolean[]:183,0=false
FW,context=boolean[]:183,1=false
FW,context=boolean[]:183,2=false
FW,context=boolean[]:183,3=false
FW,context=boolean[]:183,4=false
FW,context=boolean[]:183,5=false
FW,context=boolean[]:183,6=false
FW,context=boolean[]:183,7=false
FW,context=boolean[][]:23,6=boolean[]:183
NO,object=boolean[]:184
FW,context=boolean[]:184,0=false
FW,context=boolean[]:184,1=false
FW,context=boolean[]:184,2=false
FW,context=boolean[]:184,3=false
FW,context=boolean[]:184,4=false
FW,context=boolean[]:184,5=false
FW,context=boolean[]:184,6=false
FW,context=boolean[]:184,7=false
FW,context=boolean[][]:23,7=boolean[]:184
FW,context=boolean[][][]:3,5=boolean[][]:23
NO,object=boolean[][]:24
NO,object=boolean[]:185
FW,context=boolean[]:185,0=false
FW,context=boolean[]:185,1=false
FW,context=boolean[]:185,2=false
FW,context=boolean[]:185,3=false
FW,context=boolean[]:185,4=false
FW,context=boolean[]:185,5=false
FW,context=boolean[]:185,6=false
FW,context=boolean[]:185,7=false
FW,context=boolean[][]:24,0=boolean[]:185
NO,object=boolean[]:186
FW,context=boolean[]:186,0=false
FW,context=boolean[]:186,1=false
FW,context=boolean[]:186,2=false
FW,context=boolean[]:186,3=false
FW,context=boolean[]:186,4=false
FW,context=boolean[]:186,5=false
FW,context=boolean[]:186,6=false
FW,context=boolean[]:186,7=false
FW,context=boolean[][]:24,1=boolean[]:186
NO,object=boolean[]:187
FW,context=boolean[]:187,0=false
FW,context=boolean[]:187,1=false
FW,context=boolean[]:187,2=false
FW,context=boolean[]:187,3=false
FW,context=boolean[]:187,4=false
FW,context=boolean[]:187,5=false
FW,context=boolean[]:187,6=false
FW,context=boolean[]:187,7=false
FW,context=boolean[][]:24,2=boolean[]:187
NO,object=boolean[]:188
FW,context=boolean[]:188,0=false
FW,context=boolean[]:188,1=false
FW,context=boolean[]:188,2=false
FW,context=boolean[]:188,3=false
FW,context=boolean[]:188,4=false
FW,context=boolean[]:188,5=false
FW,context=boolean[]:188,6=false
FW,context=boolean[]:188,7=false
FW,context=boolean[][]:24,3=boolean[]:188
NO,object=boolean[]:189
FW,context=boolean[]:189,0=false
FW,context=boolean[]:189,1=false
FW,context=boolean[]:189,2=false
FW,context=boolean[]:189,3=false
FW,context=boolean[]:189,4=false
FW,context=boolean[]:189,5=false
FW,context=boolean[]:189,6=false
FW,context=boolean[]:189,7=false
FW,context=boolean[][]:24,4=boolean[]:189
NO,object=boolean[]:190
FW,context=boolean[]:190,0=false
FW,context=boolean[]:190,1=false
FW,context=boolean[]:190,2=false
FW,context=boolean[]:190,3=false
FW,context=boolean[]:190,4=false
FW,context=boolean[]:190,5=false
FW,context=boolean[]:190,6=false
FW,context=boolean[]:190,7=false
FW,context=boolean[][]:24,5=boolean[]:190
NO,object=boolean[]:191
FW,context=boolean[]:191,0=false
FW,context=boolean[]:191,1=false
FW,context=boolean[]:191,2=false
FW,context=boolean[]:191,3=false
FW,context=boolean[]:191,4=false
FW,context=boolean[]:191,5=false
FW,context=boolean[]:191,6=false
FW,context=boolean[]:191,7=false
FW,context=boolean[][]:24,6=boolean[]:191
NO,object=boolean[]:192
FW,context=boolean[]:192,0=false
FW,context=boolean[]:192,1=false
FW,context=boolean[]:192,2=false
FW,context=boolean[]:192,3=false
FW,context=boolean[]:192,4=false
FW,context=boolean[]:192,5=false
FW,context=boolean[]:192,6=false
FW,context=boolean[]:192,7=false
FW,context=boolean[][]:24,7=boolean[]:192
FW,context=boolean[][][]:3,6=boolean[][]:24
NO,object=boolean[][]:25
NO,object=boolean[]:193
FW,context=boolean[]:193,0=false
FW,context=boolean[]:193,1=false
FW,context=boolean[]:193,2=false
FW,context=boolean[]:193,3=false
FW,context=boolean[]:193,4=false
FW,context=boolean[]:193,5=false
FW,context=boolean[]:193,6=false
FW,context=boolean[]:193,7=false
FW,context=boolean[][]:25,0=boolean[]:193
NO,object=boolean[]:194
FW,context=boolean[]:194,0=false
FW,context=boolean[]:194,1=false
FW,context=boolean[]:194,2=false
FW,context=boolean[]:194,3=false
FW,context=boolean[]:194,4=false
FW,context=boolean[]:194,5=false
FW,context=boolean[]:194,6=false
FW,context=boolean[]:194,7=false
FW,context=boolean[][]:25,1=boolean[]:194
NO,object=boolean[]:195
FW,context=boolean[]:195,0=false
FW,context=boolean[]:195,1=false
FW,context=boolean[]:195,2=false
FW,context=boolean[]:195,3=false
FW,context=boolean[]:195,4=false
FW,context=boolean[]:195,5=false
FW,context=boolean[]:195,6=false
FW,context=boolean[]:195,7=false
FW,context=boolean[][]:25,2=boolean[]:195
NO,object=boolean[]:196
FW,context=boolean[]:196,0=false
FW,context=boolean[]:196,1=false
FW,context=boolean[]:196,2=false
FW,context=boolean[]:196,3=false
FW,context=boolean[]:196,4=false
FW,context=boolean[]:196,5=false
FW,context=boolean[]:196,6=false
FW,context=boolean[]:196,7=false
FW,context=boolean[][]:25,3=boolean[]:196
NO,object=boolean[]:197
FW,context=boolean[]:197,0=false
FW,context=boolean[]:197,1=false
FW,context=boolean[]:197,2=false
FW,context=boolean[]:197,3=false
FW,context=boolean[]:197,4=false
FW,context=boolean[]:197,5=false
FW,context=boolean[]:197,6=false
FW,context=boolean[]:197,7=false
FW,context=boolean[][]:25,4=boolean[]:197
NO,object=boolean[]:198
FW,context=boolean[]:198,0=false
FW,context=boolean[]:198,1=false
FW,context=boolean[]:198,2=false
FW,context=boolean[]:198,3=false
FW,context=boolean[]:198,4=false
FW,context=boolean[]:198,5=false
FW,context=boolean[]:198,6=false
FW,context=boolean[]:198,7=false
FW,context=boolean[][]:25,5=boolean[]:198
NO,object=boolean[]:199
FW,context=boolean[]:199,0=false
FW,context=boolean[]:199,1=false
FW,context=boolean[]:199,2=false
FW,context=boolean[]:199,3=false
FW,context=boolean[]:199,4=false
FW,context=boolean[]:199,5=false
FW,context=boolean[]:199,6=false
FW,context=boolean[]:199,7=false
FW,context=boolean[][]:25,6=boolean[]:199
NO,object=boolean[]:200
FW,context=boolean[]:200,0=false
FW,context=boolean[]:200,1=false
FW,context=boolean[]:200,2=false
FW,context=boolean[]:200,3=false
FW,context=boolean[]:200,4=false
FW,context=boolean[]:200,5=false
FW,context=boolean[]:200,6=false
FW,context=boolean[]:200,7=false
FW,context=boolean[][]:25,7=boolean[]:200
FW,context=boolean[][][]:3,7=boolean[][]:25
FW,context=boolean[][][][]:1,2=boolean[][][]:3
NO,object=boolean[][][]:4
NO,object=boolean[][]:26
NO,object=boolean[]:201
FW,context=boolean[]:201,0=false
FW,context=boolean[]:201,1=false
FW,context=boolean[]:201,2=false
FW,context=boolean[]:201,3=false
FW,context=boolean[]:201,4=false
FW,context=boolean[]:201,5=false
FW,context=boolean[]:201,6=false
FW,context=boolean[]:201,7=false
FW,context=boolean[][]:26,0=boolean[]:201
NO,object=boolean[]:202
FW,context=boolean[]:202,0=false
FW,context=boolean[]:202,1=false
FW,context=boolean[]:202,2=false
FW,context=boolean[]:202,3=false
FW,context=boolean[]:202,4=false
FW,context=boolean[]:202,5=false
FW,context=boolean[]:202,6=false
FW,context=boolean[]:202,7=false
FW,context=boolean[][]:26,1=boolean[]:202
NO,object=boolean[]:203
FW,context=boolean[]:203,0=false
FW,context=boolean[]:203,1=false
FW,context=boolean[]:203,2=false
FW,context=boolean[]:203,3=false
FW,context=boolean[]:203,4=false
FW,context=boolean[]:203,5=false
FW,context=boolean[]:203,6=false
FW,context=boolean[]:203,7=false
FW,context=boolean[][]:26,2=boolean[]:203
NO,object=boolean[]:204
FW,context=boolean[]:204,0=false
FW,context=boolean[]:204,1=false
FW,context=boolean[]:204,2=false
FW,context=boolean[]:204,3=false
FW,context=boolean[]:204,4=false
FW,context=boolean[]:204,5=false
FW,context=boolean[]:204,6=false
FW,context=boolean[]:204,7=false
FW,context=boolean[][]:26,3=boolean[]:204
NO,object=boolean[]:205
FW,context=boolean[]:205,0=false
FW,context=boolean[]:205,1=false
FW,context=boolean[]:205,2=false
FW,context=boolean[]:205,3=false
FW,context=boolean[]:205,4=false
FW,context=boolean[]:205,5=false
FW,context=boolean[]:205,6=false
FW,context=boolean[]:205,7=false
FW,context=boolean[][]:26,4=boolean[]:205
NO,object=boolean[]:206
FW,context=boolean[]:206,0=false
FW,context=boolean[]:206,1=false
FW,context=boolean[]:206,2=false
FW,context=boolean[]:206,3=false
FW,context=boolean[]:206,4=false
FW,context=boolean[]:206,5=false
FW,context=boolean[]:206,6=false
FW,context=boolean[]:206,7=false
FW,context=boolean[][]:26,5=boolean[]:206
NO,object=boolean[]:207
FW,context=boolean[]:207,0=false
FW,context=boolean[]:207,1=false
FW,context=boolean[]:207,2=false
FW,context=boolean[]:207,3=false
FW,context=boolean[]:207,4=false
FW,context=boolean[]:207,5=false
FW,context=boolean[]:207,6=false
FW,context=boolean[]:207,7=false
FW,context=boolean[][]:26,6=boolean[]:207
NO,object=boolean[]:208
FW,context=boolean[]:208,0=false
FW,context=boolean[]:208,1=false
FW,context=boolean[]:208,2=false
FW,context=boolean[]:208,3=false
FW,context=boolean[]:208,4=false
FW,context=boolean[]:208,5=false
FW,context=boolean[]:208,6=false
FW,context=boolean[]:208,7=false
FW,context=boolean[][]:26,7=boolean[]:208
FW,context=boolean[][][]:4,0=boolean[][]:26
NO,object=boolean[][]:27
NO,object=boolean[]:209
FW,context=boolean[]:209,0=false
FW,context=boolean[]:209,1=false
FW,context=boolean[]:209,2=false
FW,context=boolean[]:209,3=false
FW,context=boolean[]:209,4=false
FW,context=boolean[]:209,5=false
FW,context=boolean[]:209,6=false
FW,context=boolean[]:209,7=false
FW,context=boolean[][]:27,0=boolean[]:209
NO,object=boolean[]:210
FW,context=boolean[]:210,0=false
FW,context=boolean[]:210,1=false
FW,context=boolean[]:210,2=false
FW,context=boolean[]:210,3=false
FW,context=boolean[]:210,4=false
FW,context=boolean[]:210,5=false
FW,context=boolean[]:210,6=false
FW,context=boolean[]:210,7=false
FW,context=boolean[][]:27,1=boolean[]:210
NO,object=boolean[]:211
FW,context=boolean[]:211,0=false
FW,context=boolean[]:211,1=false
FW,context=boolean[]:211,2=false
FW,context=boolean[]:211,3=false
FW,context=boolean[]:211,4=false
FW,context=boolean[]:211,5=false
FW,context=boolean[]:211,6=false
FW,context=boolean[]:211,7=false
FW,context=boolean[][]:27,2=boolean[]:211
NO,object=boolean[]:212
FW,context=boolean[]:212,0=false
FW,context=boolean[]:212,1=false
FW,context=boolean[]:212,2=false
FW,context=boolean[]:212,3=false
FW,context=boolean[]:212,4=false
FW,context=boolean[]:212,5=false
FW,context=boolean[]:212,6=false
FW,context=boolean[]:212,7=false
FW,context=boolean[][]:27,3=boolean[]:212
NO,object=boolean[]:213
FW,context=boolean[]:213,0=false
FW,context=boolean[]:213,1=false
FW,context=boolean[]:213,2=false
FW,context=boolean[]:213,3=false
FW,context=boolean[]:213,4=false
FW,context=boolean[]:213,5=false
FW,context=boolean[]:213,6=false
FW,context=boolean[]:213,7=false
FW,context=boolean[][]:27,4=boolean[]:213
NO,object=boolean[]:214
FW,context=boolean[]:214,0=false
FW,context=boolean[]:214,1=false
FW,context=boolean[]:214,2=false
FW,context=boolean[]:214,3=false
FW,context=boolean[]:214,4=false
FW,context=boolean[]:214,5=false
FW,context=boolean[]:214,6=false
FW,context=boolean[]:214,7=false
FW,context=boolean[][]:27,5=boolean[]:214
NO,object=boolean[]:215
FW,context=boolean[]:215,0=false
FW,context=boolean[]:215,1=false
FW,context=boolean[]:215,2=false
FW,context=boolean[]:215,3=false
FW,context=boolean[]:215,4=false
FW,context=boolean[]:215,5=false
FW,context=boolean[]:215,6=false
FW,context=boolean[]:215,7=false
FW,context=boolean[][]:27,6=boolean[]:215
NO,object=boolean[]:216
FW,context=boolean[]:216,0=false
FW,context=boolean[]:216,1=false
FW,context=boolean[]:216,2=false
FW,context=boolean[]:216,3=false
FW,context=boolean[]:216,4=false
FW,context=boolean[]:216,5=false
FW,context=boolean[]:216,6=false
FW,context=boolean[]:216,7=false
FW,context=boolean[][]:27,7=boolean[]:216
FW,context=boolean[][][]:4,1=boolean[][]:27
NO,object=boolean[][]:28
NO,object=boolean[]:217
FW,context=boolean[]:217,0=false
FW,context=boolean[]:217,1=false
FW,context=boolean[]:217,2=false
FW,context=boolean[]:217,3=false
FW,context=boolean[]:217,4=false
FW,context=boolean[]:217,5=false
FW,context=boolean[]:217,6=false
FW,context=boolean[]:217,7=false
FW,context=boolean[][]:28,0=boolean[]:217
NO,object=boolean[]:218
FW,context=boolean[]:218,0=false
FW,context=boolean[]:218,1=false
FW,context=boolean[]:218,2=false
FW,context=boolean[]:218,3=false
FW,context=boolean[]:218,4=false
FW,context=boolean[]:218,5=false
FW,context=boolean[]:218,6=false
FW,context=boolean[]:218,7=false
FW,context=boolean[][]:28,1=boolean[]:218
NO,object=boolean[]:219
FW,context=boolean[]:219,0=false
FW,context=boolean[]:219,1=false
FW,context=boolean[]:219,2=false
FW,context=boolean[]:219,3=false
FW,context=boolean[]:219,4=false
FW,context=boolean[]:219,5=false
FW,context=boolean[]:219,6=false
FW,context=boolean[]:219,7=false
FW,context=boolean[][]:28,2=boolean[]:219
NO,object=boolean[]:220
FW,context=boolean[]:220,0=false
FW,context=boolean[]:220,1=false
FW,context=boolean[]:220,2=false
FW,context=boolean[]:220,3=false
FW,context=boolean[]:220,4=false
FW,context=boolean[]:220,5=false
FW,context=boolean[]:220,6=false
FW,context=boolean[]:220,7=false
FW,context=boolean[][]:28,3=boolean[]:220
NO,object=boolean[]:221
FW,context=boolean[]:221,0=false
FW,context=boolean[]:221,1=false
FW,context=boolean[]:221,2=false
FW,context=boolean[]:221,3=false
FW,context=boolean[]:221,4=false
FW,context=boolean[]:221,5=false
FW,context=boolean[]:221,6=false
FW,context=boolean[]:221,7=false
FW,context=boolean[][]:28,4=boolean[]:221
NO,object=boolean[]:222
FW,context=boolean[]:222,0=false
FW,context=boolean[]:222,1=false
FW,context=boolean[]:222,2=false
FW,context=boolean[]:222,3=false
FW,context=boolean[]:222,4=false
FW,context=boolean[]:222,5=false
FW,context=boolean[]:222,6=false
FW,context=boolean[]:222,7=false
FW,context=boolean[][]:28,5=boolean[]:222
NO,object=boolean[]:223
FW,context=boolean[]:223,0=false
FW,context=boolean[]:223,1=false
FW,context=boolean[]:223,2=false
FW,context=boolean[]:223,3=false
FW,context=boolean[]:223,4=false
FW,context=boolean[]:223,5=false
FW,context=boolean[]:223,6=false
FW,context=boolean[]:223,7=false
FW,context=boolean[][]:28,6=boolean[]:223
NO,object=boolean[]:224
FW,context=boolean[]:224,0=false
FW,context=boolean[]:224,1=false
FW,context=boolean[]:224,2=false
FW,context=boolean[]:224,3=false
FW,context=boolean[]:224,4=false
FW,context=boolean[]:224,5=false
FW,context=boolean[]:224,6=false
FW,context=boolean[]:224,7=false
FW,context=boolean[][]:28,7=boolean[]:224
FW,context=boolean[][][]:4,2=boolean[][]:28
NO,object=boolean[][]:29
NO,object=boolean[]:225
FW,context=boolean[]:225,0=false
FW,context=boolean[]:225,1=false
FW,context=boolean[]:225,2=false
FW,context=boolean[]:225,3=false
FW,context=boolean[]:225,4=false
FW,context=boolean[]:225,5=false
FW,context=boolean[]:225,6=false
FW,context=boolean[]:225,7=false
FW,context=boolean[][]:29,0=boolean[]:225
NO,object=boolean[]:226
FW,context=boolean[]:226,0=false
FW,context=boolean[]:226,1=false
FW,context=boolean[]:226,2=false
FW,context=boolean[]:226,3=false
FW,context=boolean[]:226,4=false
FW,context=boolean[]:226,5=false
FW,context=boolean[]:226,6=false
FW,context=boolean[]:226,7=false
FW,context=boolean[][]:29,1=boolean[]:226
NO,object=boolean[]:227
FW,context=boolean[]:227,0=false
FW,context=boolean[]:227,1=false
FW,context=boolean[]:227,2=false
FW,context=boolean[]:227,3=false
FW,context=boolean[]:227,4=false
FW,context=boolean[]:227,5=false
FW,context=boolean[]:227,6=false
FW,context=boolean[]:227,7=false
FW,context=boolean[][]:29,2=boolean[]:227
NO,object=boolean[]:228
FW,context=boolean[]:228,0=false
FW,context=boolean[]:228,1=false
FW,context=boolean[]:228,2=false
FW,context=boolean[]:228,3=false
FW,context=boolean[]:228,4=false
FW,context=boolean[]:228,5=false
FW,context=boolean[]:228,6=false
FW,context=boolean[]:228,7=false
FW,context=boolean[][]:29,3=boolean[]:228
NO,object=boolean[]:229
FW,context=boolean[]:229,0=false
FW,context=boolean[]:229,1=false
FW,context=boolean[]:229,2=false
FW,context=boolean[]:229,3=false
FW,context=boolean[]:229,4=false
FW,context=boolean[]:229,5=false
FW,context=boolean[]:229,6=false
FW,context=boolean[]:229,7=false
FW,context=boolean[][]:29,4=boolean[]:229
NO,object=boolean[]:230
FW,context=boolean[]:230,0=false
FW,context=boolean[]:230,1=false
FW,context=boolean[]:230,2=false
FW,context=boolean[]:230,3=false
FW,context=boolean[]:230,4=false
FW,context=boolean[]:230,5=false
FW,context=boolean[]:230,6=false
FW,context=boolean[]:230,7=false
FW,context=boolean[][]:29,5=boolean[]:230
NO,object=boolean[]:231
FW,context=boolean[]:231,0=false
FW,context=boolean[]:231,1=false
FW,context=boolean[]:231,2=false
FW,context=boolean[]:231,3=false
FW,context=boolean[]:231,4=false
FW,context=boolean[]:231,5=false
FW,context=boolean[]:231,6=false
FW,context=boolean[]:231,7=false
FW,context=boolean[][]:29,6=boolean[]:231
NO,object=boolean[]:232
FW,context=boolean[]:232,0=false
FW,context=boolean[]:232,1=false
FW,context=boolean[]:232,2=false
FW,context=boolean[]:232,3=false
FW,context=boolean[]:232,4=false
FW,context=boolean[]:232,5=false
FW,context=boolean[]:232,6=false
FW,context=boolean[]:232,7=false
FW,context=boolean[][]:29,7=boolean[]:232
FW,context=boolean[][][]:4,3=boolean[][]:29
NO,object=boolean[][]:30
NO,object=boolean[]:233
FW,context=boolean[]:233,0=false
FW,context=boolean[]:233,1=false
FW,context=boolean[]:233,2=false
FW,context=boolean[]:233,3=false
FW,context=boolean[]:233,4=false
FW,context=boolean[]:233,5=false
FW,context=boolean[]:233,6=false
FW,context=boolean[]:233,7=false
FW,context=boolean[][]:30,0=boolean[]:233
NO,object=boolean[]:234
FW,context=boolean[]:234,0=false
FW,context=boolean[]:234,1=false
FW,context=boolean[]:234,2=false
FW,context=boolean[]:234,3=false
FW,context=boolean[]:234,4=false
FW,context=boolean[]:234,5=false
FW,context=boolean[]:234,6=false
FW,context=boolean[]:234,7=false
FW,context=boolean[][]:30,1=boolean[]:234
NO,object=boolean[]:235
FW,context=boolean[]:235,0=false
FW,context=boolean[]:235,1=false
FW,context=boolean[]:235,2=false
FW,context=boolean[]:235,3=false
FW,context=boolean[]:235,4=false
FW,context=boolean[]:235,5=false
FW,context=boolean[]:235,6=false
FW,context=boolean[]:235,7=false
FW,context=boolean[][]:30,2=boolean[]:235
NO,object=boolean[]:236
FW,context=boolean[]:236,0=false
FW,context=boolean[]:236,1=false
FW,context=boolean[]:236,2=false
FW,context=boolean[]:236,3=false
FW,context=boolean[]:236,4=false
FW,context=boolean[]:236,5=false
FW,context=boolean[]:236,6=false
FW,context=boolean[]:236,7=false
FW,context=boolean[][]:30,3=boolean[]:236
NO,object=boolean[]:237
FW,context=boolean[]:237,0=false
FW,context=boolean[]:237,1=false
FW,context=boolean[]:237,2=false
FW,context=boolean[]:237,3=false
FW,context=boolean[]:237,4=false
FW,context=boolean[]:237,5=false
FW,context=boolean[]:237,6=false
FW,context=boolean[]:237,7=false
FW,context=boolean[][]:30,4=boolean[]:237
NO,object=boolean[]:238
FW,context=boolean[]:238,0=false
FW,context=boolean[]:238,1=false
FW,context=boolean[]:238,2=false
FW,context=boolean[]:238,3=false
FW,context=boolean[]:238,4=false
FW,context=boolean[]:238,5=false
FW,context=boolean[]:238,6=false
FW,context=boolean[]:238,7=false
FW,context=boolean[][]:30,5=boolean[]:238
NO,object=boolean[]:239
FW,context=boolean[]:239,0=false
FW,context=boolean[]:239,1=false
FW,context=boolean[]:239,2=false
FW,context=boolean[]:239,3=false
FW,context=boolean[]:239,4=false
FW,context=boolean[]:239,5=false
FW,context=boolean[]:239,6=false
FW,context=boolean[]:239,7=false
FW,context=boolean[][]:30,6=boolean[]:239
NO,object=boolean[]:240
FW,context=boolean[]:240,0=false
FW,context=boolean[]:240,1=false
FW,context=boolean[]:240,2=false
FW,context=boolean[]:240,3=false
FW,context=boolean[]:240,4=false
FW,context=boolean[]:240,5=false
FW,context=boolean[]:240,6=false
FW,context=boolean[]:240,7=false
FW,context=boolean[][]:30,7=boolean[]:240
FW,context=boolean[][][]:4,4=boolean[][]:30
NO,object=boolean[][]:31
NO,object=boolean[]:241
FW,context=boolean[]:241,0=false
FW,context=boolean[]:241,1=false
FW,context=boolean[]:241,2=false
FW,context=boolean[]:241,3=false
FW,context=boolean[]:241,4=false
FW,context=boolean[]:241,5=false
FW,context=boolean[]:241,6=false
FW,context=boolean[]:241,7=false
FW,context=boolean[][]:31,0=boolean[]:241
NO,object=boolean[]:242
FW,context=boolean[]:242,0=false
FW,context=boolean[]:242,1=false
FW,context=boolean[]:242,2=false
FW,context=boolean[]:242,3=false
FW,context=boolean[]:242,4=false
FW,context=boolean[]:242,5=false
FW,context=boolean[]:242,6=false
FW,context=boolean[]:242,7=false
FW,context=boolean[][]:31,1=boolean[]:242
NO,object=boolean[]:243
FW,context=boolean[]:243,0=false
FW,context=boolean[]:243,1=false
FW,context=boolean[]:243,2=false
FW,context=boolean[]:243,3=false
FW,context=boolean[]:243,4=false
FW,context=boolean[]:243,5=false
FW,context=boolean[]:243,6=false
FW,context=boolean[]:243,7=false
FW,context=boolean[][]:31,2=boolean[]:243
NO,object=boolean[]:244
FW,context=boolean[]:244,0=false
FW,context=boolean[]:244,1=false
FW,context=boolean[]:244,2=false
FW,context=boolean[]:244,3=false
FW,context=boolean[]:244,4=false
FW,context=boolean[]:244,5=false
FW,context=boolean[]:244,6=false
FW,context=boolean[]:244,7=false
FW,context=boolean[][]:31,3=boolean[]:244
NO,object=boolean[]:245
FW,context=boolean[]:245,0=false
FW,context=boolean[]:245,1=false
FW,context=boolean[]:245,2=false
FW,context=boolean[]:245,3=false
FW,context=boolean[]:245,4=false
FW,context=boolean[]:245,5=false
FW,context=boolean[]:245,6=false
FW,context=boolean[]:245,7=false
FW,context=boolean[][]:31,4=boolean[]:245
NO,object=boolean[]:246
FW,context=boolean[]:246,0=false
FW,context=boolean[]:246,1=false
FW,context=boolean[]:246,2=false
FW,context=boolean[]:246,3=false
FW,context=boolean[]:246,4=false
FW,context=boolean[]:246,5=false
FW,context=boolean[]:246,6=false
FW,context=boolean[]:246,7=false
FW,context=boolean[][]:31,5=boolean[]:246
NO,object=boolean[]:247
FW,context=boolean[]:247,0=false
FW,context=boolean[]:247,1=false
FW,context=boolean[]:247,2=false
FW,context=boolean[]:247,3=false
FW,context=boolean[]:247,4=false
FW,context=boolean[]:247,5=false
FW,context=boolean[]:247,6=false
FW,context=boolean[]:247,7=false
FW,context=boolean[][]:31,6=boolean[]:247
NO,object=boolean[]:248
FW,context=boolean[]:248,0=false
FW,context=boolean[]:248,1=false
FW,context=boolean[]:248,2=false
FW,context=boolean[]:248,3=false
FW,context=boolean[]:248,4=false
FW,context=boolean[]:248,5=false
FW,context=boolean[]:248,6=false
FW,context=boolean[]:248,7=false
FW,context=boolean[][]:31,7=boolean[]:248
FW,context=boolean[][][]:4,5=boolean[][]:31
NO,object=boolean[][]:32
NO,object=boolean[]:249
FW,context=boolean[]:249,0=false
FW,context=boolean[]:249,1=false
FW,context=boolean[]:249,2=false
FW,context=boolean[]:249,3=false
FW,context=boolean[]:249,4=false
FW,context=boolean[]:249,5=false
FW,context=boolean[]:249,6=false
FW,context=boolean[]:249,7=false
FW,context=boolean[][]:32,0=boolean[]:249
NO,object=boolean[]:250
FW,context=boolean[]:250,0=false
FW,context=boolean[]:250,1=false
FW,context=boolean[]:250,2=false
FW,context=boolean[]:250,3=false
FW,context=boolean[]:250,4=false
FW,context=boolean[]:250,5=false
FW,context=boolean[]:250,6=false
FW,context=boolean[]:250,7=false
FW,context=boolean[][]:32,1=boolean[]:250
NO,object=boolean[]:251
FW,context=boolean[]:251,0=false
FW,context=boolean[]:251,1=false
FW,context=boolean[]:251,2=false
FW,context=boolean[]:251,3=false
FW,context=boolean[]:251,4=false
FW,context=boolean[]:251,5=false
FW,context=boolean[]:251,6=false
FW,context=boolean[]:251,7=false
FW,context=boolean[][]:32,2=boolean[]:251
NO,object=boolean[]:252
FW,context=boolean[]:252,0=false
FW,context=boolean[]:252,1=false
FW,context=boolean[]:252,2=false
FW,context=boolean[]:252,3=false
FW,context=boolean[]:252,4=false
FW,context=boolean[]:252,5=false
FW,context=boolean[]:252,6=false
FW,context=boolean[]:252,7=false
FW,context=boolean[][]:32,3=boolean[]:252
NO,object=boolean[]:253
FW,context=boolean[]:253,0=false
FW,context=boolean[]:253,1=false
FW,context=boolean[]:253,2=false
FW,context=boolean[]:253,3=false
FW,context=boolean[]:253,4=false
FW,context=boolean[]:253,5=false
FW,context=boolean[]:253,6=false
FW,context=boolean[]:253,7=false
FW,context=boolean[][]:32,4=boolean[]:253
NO,object=boolean[]:254
FW,context=boolean[]:254,0=false
FW,context=boolean[]:254,1=false
FW,context=boolean[]:254,2=false
FW,context=boolean[]:254,3=false
FW,context=boolean[]:254,4=false
FW,context=boolean[]:254,5=false
FW,context=boolean[]:254,6=false
FW,context=boolean[]:254,7=false
FW,context=boolean[][]:32,5=boolean[]:254
NO,object=boolean[]:255
FW,context=boolean[]:255,0=false
FW,context=boolean[]:255,1=false
FW,context=boolean[]:255,2=false
FW,context=boolean[]:255,3=false
FW,context=boolean[]:255,4=false
FW,context=boolean[]:255,5=false
FW,context=boolean[]:255,6=false
FW,context=boolean[]:255,7=false
FW,context=boolean[][]:32,6=boolean[]:255
NO,object=boolean[]:256
FW,context=boolean[]:256,0=false
FW,context=boolean[]:256,1=false
FW,context=boolean[]:256,2=false
FW,context=boolean[]:256,3=false
FW,context=boolean[]:256,4=false
FW,context=boolean[]:256,5=false
FW,context=boolean[]:256,6=false
FW,context=boolean[]:256,7=false
FW,context=boolean[][]:32,7=boolean[]:256
FW,context=boolean[][][]:4,6=boolean[][]:32
NO,object=boolean[][]:33
NO,object=boolean[]:257
FW,context=boolean[]:257,0=false
FW,context=boolean[]:257,1=false
FW,context=boolean[]:257,2=false
FW,context=boolean[]:257,3=false
FW,context=boolean[]:257,4=false
FW,context=boolean[]:257,5=false
FW,context=boolean[]:257,6=false
FW,context=boolean[]:257,7=false
FW,context=boolean[][]:33,0=boolean[]:257
NO,object=boolean[]:258
FW,context=boolean[]:258,0=false
FW,context=boolean[]:258,1=false
FW,context=boolean[]:258,2=false
FW,context=boolean[]:258,3=false
FW,context=boolean[]:258,4=false
FW,context=boolean[]:258,5=false
FW,context=boolean[]:258,6=false
FW,context=boolean[]:258,7=false
FW,context=boolean[][]:33,1=boolean[]:258
NO,object=boolean[]:259
FW,context=boolean[]:259,0=false
FW,context=boolean[]:259,1=false
FW,context=boolean[]:259,2=false
FW,context=boolean[]:259,3=false
FW,context=boolean[]:259,4=false
FW,context=boolean[]:259,5=false
FW,context=boolean[]:259,6=false
FW,context=boolean[]:259,7=false
FW,context=boolean[][]:33,2=boolean[]:259
NO,object=boolean[]:260
FW,context=boolean[]:260,0=false
FW,context=boolean[]:260,1=false
FW,context=boolean[]:260,2=false
FW,context=boolean[]:260,3=false
FW,context=boolean[]:260,4=false
FW,context=boolean[]:260,5=false
FW,context=boolean[]:260,6=false
FW,context=boolean[]:260,7=false
FW,context=boolean[][]:33,3=boolean[]:260
NO,object=boolean[]:261
FW,context=boolean[]:261,0=false
FW,context=boolean[]:261,1=false
FW,context=boolean[]:261,2=false
FW,context=boolean[]:261,3=false
FW,context=boolean[]:261,4=false
FW,context=boolean[]:261,5=false
FW,context=boolean[]:261,6=false
FW,context=boolean[]:261,7=false
FW,context=boolean[][]:33,4=boolean[]:261
NO,object=boolean[]:262
FW,context=boolean[]:262,0=false
FW,context=boolean[]:262,1=false
FW,context=boolean[]:262,2=false
FW,context=boolean[]:262,3=false
FW,context=boolean[]:262,4=false
FW,context=boolean[]:262,5=false
FW,context=boolean[]:262,6=false
FW,context=boolean[]:262,7=false
FW,context=boolean[][]:33,5=boolean[]:262
NO,object=boolean[]:263
FW,context=boolean[]:263,0=false
FW,context=boolean[]:263,1=false
FW,context=boolean[]:263,2=false
FW,context=boolean[]:263,3=false
FW,context=boolean[]:263,4=false
FW,context=boolean[]:263,5=false
FW,context=boolean[]:263,6=false
FW,context=boolean[]:263,7=false
FW,context=boolean[][]:33,6=boolean[]:263
NO,object=boolean[]:264
FW,context=boolean[]:264,0=false
FW,context=boolean[]:264,1=false
FW,context=boolean[]:264,2=false
FW,context=boolean[]:264,3=false
FW,context=boolean[]:264,4=false
FW,context=boolean[]:264,5=false
FW,context=boolean[]:264,6=false
FW,context=boolean[]:264,7=false
FW,context=boolean[][]:33,7=boolean[]:264
FW,context=boolean[][][]:4,7=boolean[][]:33
FW,context=boolean[][][][]:1,3=boolean[][][]:4
NO,object=boolean[][][]:5
NO,object=boolean[][]:34
NO,object=boolean[]:265
FW,context=boolean[]:265,0=false
FW,context=boolean[]:265,1=false
FW,context=boolean[]:265,2=false
FW,context=boolean[]:265,3=false
FW,context=boolean[]:265,4=false
FW,context=boolean[]:265,5=false
FW,context=boolean[]:265,6=false
FW,context=boolean[]:265,7=false
FW,context=boolean[][]:34,0=boolean[]:265
NO,object=boolean[]:266
FW,context=boolean[]:266,0=false
FW,context=boolean[]:266,1=false
FW,context=boolean[]:266,2=false
FW,context=boolean[]:266,3=false
FW,context=boolean[]:266,4=false
FW,context=boolean[]:266,5=false
FW,context=boolean[]:266,6=false
FW,context=boolean[]:266,7=false
FW,context=boolean[][]:34,1=boolean[]:266
NO,object=boolean[]:267
FW,context=boolean[]:267,0=false
FW,context=boolean[]:267,1=false
FW,context=boolean[]:267,2=false
FW,context=boolean[]:267,3=false
FW,context=boolean[]:267,4=false
FW,context=boolean[]:267,5=false
FW,context=boolean[]:267,6=false
FW,context=boolean[]:267,7=false
FW,context=boolean[][]:34,2=boolean[]:267
NO,object=boolean[]:268
FW,context=boolean[]:268,0=false
FW,context=boolean[]:268,1=false
FW,context=boolean[]:268,2=false
FW,context=boolean[]:268,3=false
FW,context=boolean[]:268,4=false
FW,context=boolean[]:268,5=false
FW,context=boolean[]:268,6=false
FW,context=boolean[]:268,7=false
FW,context=boolean[][]:34,3=boolean[]:268
NO,object=boolean[]:269
FW,context=boolean[]:269,0=false
FW,context=boolean[]:269,1=false
FW,context=boolean[]:269,2=false
FW,context=boolean[]:269,3=false
FW,context=boolean[]:269,4=false
FW,context=boolean[]:269,5=false
FW,context=boolean[]:269,6=false
FW,context=boolean[]:269,7=false
FW,context=boolean[][]:34,4=boolean[]:269
NO,object=boolean[]:270
FW,context=boolean[]:270,0=false
FW,context=boolean[]:270,1=false
FW,context=boolean[]:270,2=false
FW,context=boolean[]:270,3=false
FW,context=boolean[]:270,4=false
FW,context=boolean[]:270,5=false
FW,context=boolean[]:270,6=false
FW,context=boolean[]:270,7=false
FW,context=boolean[][]:34,5=boolean[]:270
NO,object=boolean[]:271
FW,context=boolean[]:271,0=false
FW,context=boolean[]:271,1=false
FW,context=boolean[]:271,2=false
FW,context=boolean[]:271,3=false
FW,context=boolean[]:271,4=false
FW,context=boolean[]:271,5=false
FW,context=boolean[]:271,6=false
FW,context=boolean[]:271,7=false
FW,context=boolean[][]:34,6=boolean[]:271
NO,object=boolean[]:272
FW,context=boolean[]:272,0=false
FW,context=boolean[]:272,1=false
FW,context=boolean[]:272,2=false
FW,context=boolean[]:272,3=false
FW,context=boolean[]:272,4=false
FW,context=boolean[]:272,5=false
FW,context=boolean[]:272,6=false
FW,context=boolean[]:272,7=false
FW,context=boolean[][]:34,7=boolean[]:272
FW,context=boolean[][][]:5,0=boolean[][]:34
NO,object=boolean[][]:35
NO,object=boolean[]:273
FW,context=boolean[]:273,0=false
FW,context=boolean[]:273,1=false
FW,context=boolean[]:273,2=false
FW,context=boolean[]:273,3=false
FW,context=boolean[]:273,4=false
FW,context=boolean[]:273,5=false
FW,context=boolean[]:273,6=false
FW,context=boolean[]:273,7=false
FW,context=boolean[][]:35,0=boolean[]:273
NO,object=boolean[]:274
FW,context=boolean[]:274,0=false
FW,context=boolean[]:274,1=false
FW,context=boolean[]:274,2=false
FW,context=boolean[]:274,3=false
FW,context=boolean[]:274,4=false
FW,context=boolean[]:274,5=false
FW,context=boolean[]:274,6=false
FW,context=boolean[]:274,7=false
FW,context=boolean[][]:35,1=boolean[]:274
NO,object=boolean[]:275
FW,context=boolean[]:275,0=false
FW,context=boolean[]:275,1=false
FW,context=boolean[]:275,2=false
FW,context=boolean[]:275,3=false
FW,context=boolean[]:275,4=false
FW,context=boolean[]:275,5=false
FW,context=boolean[]:275,6=false
FW,context=boolean[]:275,7=false
FW,context=boolean[][]:35,2=boolean[]:275
NO,object=boolean[]:276
FW,context=boolean[]:276,0=false
FW,context=boolean[]:276,1=false
FW,context=boolean[]:276,2=false
FW,context=boolean[]:276,3=false
FW,context=boolean[]:276,4=false
FW,context=boolean[]:276,5=false
FW,context=boolean[]:276,6=false
FW,context=boolean[]:276,7=false
FW,context=boolean[][]:35,3=boolean[]:276
NO,object=boolean[]:277
FW,context=boolean[]:277,0=false
FW,context=boolean[]:277,1=false
FW,context=boolean[]:277,2=false
FW,context=boolean[]:277,3=false
FW,context=boolean[]:277,4=false
FW,context=boolean[]:277,5=false
FW,context=boolean[]:277,6=false
FW,context=boolean[]:277,7=false
FW,context=boolean[][]:35,4=boolean[]:277
NO,object=boolean[]:278
FW,context=boolean[]:278,0=false
FW,context=boolean[]:278,1=false
FW,context=boolean[]:278,2=false
FW,context=boolean[]:278,3=false
FW,context=boolean[]:278,4=false
FW,context=boolean[]:278,5=false
FW,context=boolean[]:278,6=false
FW,context=boolean[]:278,7=false
FW,context=boolean[][]:35,5=boolean[]:278
NO,object=boolean[]:279
FW,context=boolean[]:279,0=false
FW,context=boolean[]:279,1=false
FW,context=boolean[]:279,2=false
FW,context=boolean[]:279,3=false
FW,context=boolean[]:279,4=false
FW,context=boolean[]:279,5=false
FW,context=boolean[]:279,6=false
FW,context=boolean[]:279,7=false
FW,context=boolean[][]:35,6=boolean[]:279
NO,object=boolean[]:280
FW,context=boolean[]:280,0=false
FW,context=boolean[]:280,1=false
FW,context=boolean[]:280,2=false
FW,context=boolean[]:280,3=false
FW,context=boolean[]:280,4=false
FW,context=boolean[]:280,5=false
FW,context=boolean[]:280,6=false
FW,context=boolean[]:280,7=false
FW,context=boolean[][]:35,7=boolean[]:280
FW,context=boolean[][][]:5,1=boolean[][]:35
NO,object=boolean[][]:36
NO,object=boolean[]:281
FW,context=boolean[]:281,0=false
FW,context=boolean[]:281,1=false
FW,context=boolean[]:281,2=false
FW,context=boolean[]:281,3=false
FW,context=boolean[]:281,4=false
FW,context=boolean[]:281,5=false
FW,context=boolean[]:281,6=false
FW,context=boolean[]:281,7=false
FW,context=boolean[][]:36,0=boolean[]:281
NO,object=boolean[]:282
FW,context=boolean[]:282,0=false
FW,context=boolean[]:282,1=false
FW,context=boolean[]:282,2=false
FW,context=boolean[]:282,3=false
FW,context=boolean[]:282,4=false
FW,context=boolean[]:282,5=false
FW,context=boolean[]:282,6=false
FW,context=boolean[]:282,7=false
FW,context=boolean[][]:36,1=boolean[]:282
NO,object=boolean[]:283
FW,context=boolean[]:283,0=false
FW,context=boolean[]:283,1=false
FW,context=boolean[]:283,2=false
FW,context=boolean[]:283,3=false
FW,context=boolean[]:283,4=false
FW,context=boolean[]:283,5=false
FW,context=boolean[]:283,6=false
FW,context=boolean[]:283,7=false
FW,context=boolean[][]:36,2=boolean[]:283
NO,object=boolean[]:284
FW,context=boolean[]:284,0=false
FW,context=boolean[]:284,1=false
FW,context=boolean[]:284,2=false
FW,context=boolean[]:284,3=false
FW,context=boolean[]:284,4=false
FW,context=boolean[]:284,5=false
FW,context=boolean[]:284,6=false
FW,context=boolean[]:284,7=false
FW,context=boolean[][]:36,3=boolean[]:284
NO,object=boolean[]:285
FW,context=boolean[]:285,0=false
FW,context=boolean[]:285,1=false
FW,context=boolean[]:285,2=false
FW,context=boolean[]:285,3=false
FW,context=boolean[]:285,4=false
FW,context=boolean[]:285,5=false
FW,context=boolean[]:285,6=false
FW,context=boolean[]:285,7=false
FW,context=boolean[][]:36,4=boolean[]:285
NO,object=boolean[]:286
FW,context=boolean[]:286,0=false
FW,context=boolean[]:286,1=false
FW,context=boolean[]:286,2=false
FW,context=boolean[]:286,3=false
FW,context=boolean[]:286,4=false
FW,context=boolean[]:286,5=false
FW,context=boolean[]:286,6=false
FW,context=boolean[]:286,7=false
FW,context=boolean[][]:36,5=boolean[]:286
NO,object=boolean[]:287
FW,context=boolean[]:287,0=false
FW,context=boolean[]:287,1=false
FW,context=boolean[]:287,2=false
FW,context=boolean[]:287,3=false
FW,context=boolean[]:287,4=false
FW,context=boolean[]:287,5=false
FW,context=boolean[]:287,6=false
FW,context=boolean[]:287,7=false
FW,context=boolean[][]:36,6=boolean[]:287
NO,object=boolean[]:288
FW,context=boolean[]:288,0=false
FW,context=boolean[]:288,1=false
FW,context=boolean[]:288,2=false
FW,context=boolean[]:288,3=false
FW,context=boolean[]:288,4=false
FW,context=boolean[]:288,5=false
FW,context=boolean[]:288,6=false
FW,context=boolean[]:288,7=false
FW,context=boolean[][]:36,7=boolean[]:288
FW,context=boolean[][][]:5,2=boolean[][]:36
NO,object=boolean[][]:37
NO,object=boolean[]:289
FW,context=boolean[]:289,0=false
FW,context=boolean[]:289,1=false
FW,context=boolean[]:289,2=false
FW,context=boolean[]:289,3=false
FW,context=boolean[]:289,4=false
FW,context=boolean[]:289,5=false
FW,context=boolean[]:289,6=false
FW,context=boolean[]:289,7=false
FW,context=boolean[][]:37,0=boolean[]:289
NO,object=boolean[]:290
FW,context=boolean[]:290,0=false
FW,context=boolean[]:290,1=false
FW,context=boolean[]:290,2=false
FW,context=boolean[]:290,3=false
FW,context=boolean[]:290,4=false
FW,context=boolean[]:290,5=false
FW,context=boolean[]:290,6=false
FW,context=boolean[]:290,7=false
FW,context=boolean[][]:37,1=boolean[]:290
NO,object=boolean[]:291
FW,context=boolean[]:291,0=false
FW,context=boolean[]:291,1=false
FW,context=boolean[]:291,2=false
FW,context=boolean[]:291,3=false
FW,context=boolean[]:291,4=false
FW,context=boolean[]:291,5=false
FW,context=boolean[]:291,6=false
FW,context=boolean[]:291,7=false
FW,context=boolean[][]:37,2=boolean[]:291
NO,object=boolean[]:292
FW,context=boolean[]:292,0=false
FW,context=boolean[]:292,1=false
FW,context=boolean[]:292,2=false
FW,context=boolean[]:292,3=false
FW,context=boolean[]:292,4=false
FW,context=boolean[]:292,5=false
FW,context=boolean[]:292,6=false
FW,context=boolean[]:292,7=false
FW,context=boolean[][]:37,3=boolean[]:292
NO,object=boolean[]:293
FW,context=boolean[]:293,0=false
FW,context=boolean[]:293,1=false
FW,context=boolean[]:293,2=false
FW,context=boolean[]:293,3=false
FW,context=boolean[]:293,4=false
FW,context=boolean[]:293,5=false
FW,context=boolean[]:293,6=false
FW,context=boolean[]:293,7=false
FW,context=boolean[][]:37,4=boolean[]:293
NO,object=boolean[]:294
FW,context=boolean[]:294,0=false
FW,context=boolean[]:294,1=false
FW,context=boolean[]:294,2=false
FW,context=boolean[]:294,3=false
FW,context=boolean[]:294,4=false
FW,context=boolean[]:294,5=false
FW,context=boolean[]:294,6=false
FW,context=boolean[]:294,7=false
FW,context=boolean[][]:37,5=boolean[]:294
NO,object=boolean[]:295
FW,context=boolean[]:295,0=false
FW,context=boolean[]:295,1=false
FW,context=boolean[]:295,2=false
FW,context=boolean[]:295,3=false
FW,context=boolean[]:295,4=false
FW,context=boolean[]:295,5=false
FW,context=boolean[]:295,6=false
FW,context=boolean[]:295,7=false
FW,context=boolean[][]:37,6=boolean[]:295
NO,object=boolean[]:296
FW,context=boolean[]:296,0=false
FW,context=boolean[]:296,1=false
FW,context=boolean[]:296,2=false
FW,context=boolean[]:296,3=false
FW,context=boolean[]:296,4=false
FW,context=boolean[]:296,5=false
FW,context=boolean[]:296,6=false
FW,context=boolean[]:296,7=false
FW,context=boolean[][]:37,7=boolean[]:296
FW,context=boolean[][][]:5,3=boolean[][]:37
NO,object=boolean[][]:38
NO,object=boolean[]:297
FW,context=boolean[]:297,0=false
FW,context=boolean[]:297,1=false
FW,context=boolean[]:297,2=false
FW,context=boolean[]:297,3=false
FW,context=boolean[]:297,4=false
FW,context=boolean[]:297,5=false
FW,context=boolean[]:297,6=false
FW,context=boolean[]:297,7=false
FW,context=boolean[][]:38,0=boolean[]:297
NO,object=boolean[]:298
FW,context=boolean[]:298,0=false
FW,context=boolean[]:298,1=false
FW,context=boolean[]:298,2=false
FW,context=boolean[]:298,3=false
FW,context=boolean[]:298,4=false
FW,context=boolean[]:298,5=false
FW,context=boolean[]:298,6=false
FW,context=boolean[]:298,7=false
FW,context=boolean[][]:38,1=boolean[]:298
NO,object=boolean[]:299
FW,context=boolean[]:299,0=false
FW,context=boolean[]:299,1=false
FW,context=boolean[]:299,2=false
FW,context=boolean[]:299,3=false
FW,context=boolean[]:299,4=false
FW,context=boolean[]:299,5=false
FW,context=boolean[]:299,6=false
FW,context=boolean[]:299,7=false
FW,context=boolean[][]:38,2=boolean[]:299
NO,object=boolean[]:300
FW,context=boolean[]:300,0=false
FW,context=boolean[]:300,1=false
FW,context=boolean[]:300,2=false
FW,context=boolean[]:300,3=false
FW,context=boolean[]:300,4=false
FW,context=boolean[]:300,5=false
FW,context=boolean[]:300,6=false
FW,context=boolean[]:300,7=false
FW,context=boolean[][]:38,3=boolean[]:300
NO,object=boolean[]:301
FW,context=boolean[]:301,0=false
FW,context=boolean[]:301,1=false
FW,context=boolean[]:301,2=false
FW,context=boolean[]:301,3=false
FW,context=boolean[]:301,4=false
FW,context=boolean[]:301,5=false
FW,context=boolean[]:301,6=false
FW,context=boolean[]:301,7=false
FW,context=boolean[][]:38,4=boolean[]:301
NO,object=boolean[]:302
FW,context=boolean[]:302,0=false
FW,context=boolean[]:302,1=false
FW,context=boolean[]:302,2=false
FW,context=boolean[]:302,3=false
FW,context=boolean[]:302,4=false
FW,context=boolean[]:302,5=false
FW,context=boolean[]:302,6=false
FW,context=boolean[]:302,7=false
FW,context=boolean[][]:38,5=boolean[]:302
NO,object=boolean[]:303
FW,context=boolean[]:303,0=false
FW,context=boolean[]:303,1=false
FW,context=boolean[]:303,2=false
FW,context=boolean[]:303,3=false
FW,context=boolean[]:303,4=false
FW,context=boolean[]:303,5=false
FW,context=boolean[]:303,6=false
FW,context=boolean[]:303,7=false
FW,context=boolean[][]:38,6=boolean[]:303
NO,object=boolean[]:304
FW,context=boolean[]:304,0=false
FW,context=boolean[]:304,1=false
FW,context=boolean[]:304,2=false
FW,context=boolean[]:304,3=false
FW,context=boolean[]:304,4=false
FW,context=boolean[]:304,5=false
FW,context=boolean[]:304,6=false
FW,context=boolean[]:304,7=false
FW,context=boolean[][]:38,7=boolean[]:304
FW,context=boolean[][][]:5,4=boolean[][]:38
NO,object=boolean[][]:39
NO,object=boolean[]:305
FW,context=boolean[]:305,0=false
FW,context=boolean[]:305,1=false
FW,context=boolean[]:305,2=false
FW,context=boolean[]:305,3=false
FW,context=boolean[]:305,4=false
FW,context=boolean[]:305,5=false
FW,context=boolean[]:305,6=false
FW,context=boolean[]:305,7=false
FW,context=boolean[][]:39,0=boolean[]:305
NO,object=boolean[]:306
FW,context=boolean[]:306,0=false
FW,context=boolean[]:306,1=false
FW,context=boolean[]:306,2=false
FW,context=boolean[]:306,3=false
FW,context=boolean[]:306,4=false
FW,context=boolean[]:306,5=false
FW,context=boolean[]:306,6=false
FW,context=boolean[]:306,7=false
FW,context=boolean[][]:39,1=boolean[]:306
NO,object=boolean[]:307
FW,context=boolean[]:307,0=false
FW,context=boolean[]:307,1=false
FW,context=boolean[]:307,2=false
FW,context=boolean[]:307,3=false
FW,context=boolean[]:307,4=false
FW,context=boolean[]:307,5=false
FW,context=boolean[]:307,6=false
FW,context=boolean[]:307,7=false
FW,context=boolean[][]:39,2=boolean[]:307
NO,object=boolean[]:308
FW,context=boolean[]:308,0=false
FW,context=boolean[]:308,1=false
FW,context=boolean[]:308,2=false
FW,context=boolean[]:308,3=false
FW,context=boolean[]:308,4=false
FW,context=boolean[]:308,5=false
FW,context=boolean[]:308,6=false
FW,context=boolean[]:308,7=false
FW,context=boolean[][]:39,3=boolean[]:308
NO,object=boolean[]:309
FW,context=boolean[]:309,0=false
FW,context=boolean[]:309,1=false
FW,context=boolean[]:309,2=false
FW,context=boolean[]:309,3=false
FW,context=boolean[]:309,4=false
FW,context=boolean[]:309,5=false
FW,context=boolean[]:309,6=false
FW,context=boolean[]:309,7=false
FW,context=boolean[][]:39,4=boolean[]:309
NO,object=boolean[]:310
FW,context=boolean[]:310,0=false
FW,context=boolean[]:310,1=false
FW,context=boolean[]:310,2=false
FW,context=boolean[]:310,3=false
FW,context=boolean[]:310,4=false
FW,context=boolean[]:310,5=false
FW,context=boolean[]:310,6=false
FW,context=boolean[]:310,7=false
FW,context=boolean[][]:39,5=boolean[]:310
NO,object=boolean[]:311
FW,context=boolean[]:311,0=false
FW,context=boolean[]:311,1=false
FW,context=boolean[]:311,2=false
FW,context=boolean[]:311,3=false
FW,context=boolean[]:311,4=false
FW,context=boolean[]:311,5=false
FW,context=boolean[]:311,6=false
FW,context=boolean[]:311,7=false
FW,context=boolean[][]:39,6=boolean[]:311
NO,object=boolean[]:312
FW,context=boolean[]:312,0=false
FW,context=boolean[]:312,1=false
FW,context=boolean[]:312,2=false
FW,context=boolean[]:312,3=false
FW,context=boolean[]:312,4=false
FW,context=boolean[]:312,5=false
FW,context=boolean[]:312,6=false
FW,context=boolean[]:312,7=false
FW,context=boolean[][]:39,7=boolean[]:312
FW,context=boolean[][][]:5,5=boolean[][]:39
NO,object=boolean[][]:40
NO,object=boolean[]:313
FW,context=boolean[]:313,0=false
FW,context=boolean[]:313,1=false
FW,context=boolean[]:313,2=false
FW,context=boolean[]:313,3=false
FW,context=boolean[]:313,4=false
FW,context=boolean[]:313,5=false
FW,context=boolean[]:313,6=false
FW,context=boolean[]:313,7=false
FW,context=boolean[][]:40,0=boolean[]:313
NO,object=boolean[]:314
FW,context=boolean[]:314,0=false
FW,context=boolean[]:314,1=false
FW,context=boolean[]:314,2=false
FW,context=boolean[]:314,3=false
FW,context=boolean[]:314,4=false
FW,context=boolean[]:314,5=false
FW,context=boolean[]:314,6=false
FW,context=boolean[]:314,7=false
FW,context=boolean[][]:40,1=boolean[]:314
NO,object=boolean[]:315
FW,context=boolean[]:315,0=false
FW,context=boolean[]:315,1=false
FW,context=boolean[]:315,2=false
FW,context=boolean[]:315,3=false
FW,context=boolean[]:315,4=false
FW,context=boolean[]:315,5=false
FW,context=boolean[]:315,6=false
FW,context=boolean[]:315,7=false
FW,context=boolean[][]:40,2=boolean[]:315
NO,object=boolean[]:316
FW,context=boolean[]:316,0=false
FW,context=boolean[]:316,1=false
FW,context=boolean[]:316,2=false
FW,context=boolean[]:316,3=false
FW,context=boolean[]:316,4=false
FW,context=boolean[]:316,5=false
FW,context=boolean[]:316,6=false
FW,context=boolean[]:316,7=false
FW,context=boolean[][]:40,3=boolean[]:316
NO,object=boolean[]:317
FW,context=boolean[]:317,0=false
FW,context=boolean[]:317,1=false
FW,context=boolean[]:317,2=false
FW,context=boolean[]:317,3=false
FW,context=boolean[]:317,4=false
FW,context=boolean[]:317,5=false
FW,context=boolean[]:317,6=false
FW,context=boolean[]:317,7=false
FW,context=boolean[][]:40,4=boolean[]:317
NO,object=boolean[]:318
FW,context=boolean[]:318,0=false
FW,context=boolean[]:318,1=false
FW,context=boolean[]:318,2=false
FW,context=boolean[]:318,3=false
FW,context=boolean[]:318,4=false
FW,context=boolean[]:318,5=false
FW,context=boolean[]:318,6=false
FW,context=boolean[]:318,7=false
FW,context=boolean[][]:40,5=boolean[]:318
NO,object=boolean[]:319
FW,context=boolean[]:319,0=false
FW,context=boolean[]:319,1=false
FW,context=boolean[]:319,2=false
FW,context=boolean[]:319,3=false
FW,context=boolean[]:319,4=false
FW,context=boolean[]:319,5=false
FW,context=boolean[]:319,6=false
FW,context=boolean[]:319,7=false
FW,context=boolean[][]:40,6=boolean[]:319
NO,object=boolean[]:320
FW,context=boolean[]:320,0=false
FW,context=boolean[]:320,1=false
FW,context=boolean[]:320,2=false
FW,context=boolean[]:320,3=false
FW,context=boolean[]:320,4=false
FW,context=boolean[]:320,5=false
FW,context=boolean[]:320,6=false
FW,context=boolean[]:320,7=false
FW,context=boolean[][]:40,7=boolean[]:320
FW,context=boolean[][][]:5,6=boolean[][]:40
NO,object=boolean[][]:41
NO,object=boolean[]:321
FW,context=boolean[]:321,0=false
FW,context=boolean[]:321,1=false
FW,context=boolean[]:321,2=false
FW,context=boolean[]:321,3=false
FW,context=boolean[]:321,4=false
FW,context=boolean[]:321,5=false
FW,context=boolean[]:321,6=false
FW,context=boolean[]:321,7=false
FW,context=boolean[][]:41,0=boolean[]:321
NO,object=boolean[]:322
FW,context=boolean[]:322,0=false
FW,context=boolean[]:322,1=false
FW,context=boolean[]:322,2=false
FW,context=boolean[]:322,3=false
FW,context=boolean[]:322,4=false
FW,context=boolean[]:322,5=false
FW,context=boolean[]:322,6=false
FW,context=boolean[]:322,7=false
FW,context=boolean[][]:41,1=boolean[]:322
NO,object=boolean[]:323
FW,context=boolean[]:323,0=false
FW,context=boolean[]:323,1=false
FW,context=boolean[]:323,2=false
FW,context=boolean[]:323,3=false
FW,context=boolean[]:323,4=false
FW,context=boolean[]:323,5=false
FW,context=boolean[]:323,6=false
FW,context=boolean[]:323,7=false
FW,context=boolean[][]:41,2=boolean[]:323
NO,object=boolean[]:324
FW,context=boolean[]:324,0=false
FW,context=boolean[]:324,1=false
FW,context=boolean[]:324,2=false
FW,context=boolean[]:324,3=false
FW,context=boolean[]:324,4=false
FW,context=boolean[]:324,5=false
FW,context=boolean[]:324,6=false
FW,context=boolean[]:324,7=false
FW,context=boolean[][]:41,3=boolean[]:324
NO,object=boolean[]:325
FW,context=boolean[]:325,0=false
FW,context=boolean[]:325,1=false
FW,context=boolean[]:325,2=false
FW,context=boolean[]:325,3=false
FW,context=boolean[]:325,4=false
FW,context=boolean[]:325,5=false
FW,context=boolean[]:325,6=false
FW,context=boolean[]:325,7=false
FW,context=boolean[][]:41,4=boolean[]:325
NO,object=boolean[]:326
FW,context=boolean[]:326,0=false
FW,context=boolean[]:326,1=false
FW,context=boolean[]:326,2=false
FW,context=boolean[]:326,3=false
FW,context=boolean[]:326,4=false
FW,context=boolean[]:326,5=false
FW,context=boolean[]:326,6=false
FW,context=boolean[]:326,7=false
FW,context=boolean[][]:41,5=boolean[]:326
NO,object=boolean[]:327
FW,context=boolean[]:327,0=false
FW,context=boolean[]:327,1=false
FW,context=boolean[]:327,2=false
FW,context=boolean[]:327,3=false
FW,context=boolean[]:327,4=false
FW,context=boolean[]:327,5=false
FW,context=boolean[]:327,6=false
FW,context=boolean[]:327,7=false
FW,context=boolean[][]:41,6=boolean[]:327
NO,object=boolean[]:328
FW,context=boolean[]:328,0=false
FW,context=boolean[]:328,1=false
FW,context=boolean[]:328,2=false
FW,context=boolean[]:328,3=false
FW,context=boolean[]:328,4=false
FW,context=boolean[]:328,5=false
FW,context=boolean[]:328,6=false
FW,context=boolean[]:328,7=false
FW,context=boolean[][]:41,7=boolean[]:328
FW,context=boolean[][][]:5,7=boolean[][]:41
FW,context=boolean[][][][]:1,4=boolean[][][]:5
NO,object=boolean[][][]:6
NO,object=boolean[][]:42
NO,object=boolean[]:329
FW,context=boolean[]:329,0=false
FW,context=boolean[]:329,1=false
FW,context=boolean[]:329,2=false
FW,context=boolean[]:329,3=false
FW,context=boolean[]:329,4=false
FW,context=boolean[]:329,5=false
FW,context=boolean[]:329,6=false
FW,context=boolean[]:329,7=false
FW,context=boolean[][]:42,0=boolean[]:329
NO,object=boolean[]:330
FW,context=boolean[]:330,0=false
FW,context=boolean[]:330,1=false
FW,context=boolean[]:330,2=false
FW,context=boolean[]:330,3=false
FW,context=boolean[]:330,4=false
FW,context=boolean[]:330,5=false
FW,context=boolean[]:330,6=false
FW,context=boolean[]:330,7=false
FW,context=boolean[][]:42,1=boolean[]:330
NO,object=boolean[]:331
FW,context=boolean[]:331,0=false
FW,context=boolean[]:331,1=false
FW,context=boolean[]:331,2=false
FW,context=boolean[]:331,3=false
FW,context=boolean[]:331,4=false
FW,context=boolean[]:331,5=false
FW,context=boolean[]:331,6=false
FW,context=boolean[]:331,7=false
FW,context=boolean[][]:42,2=boolean[]:331
NO,object=boolean[]:332
FW,context=boolean[]:332,0=false
FW,context=boolean[]:332,1=false
FW,context=boolean[]:332,2=false
FW,context=boolean[]:332,3=false
FW,context=boolean[]:332,4=false
FW,context=boolean[]:332,5=false
FW,context=boolean[]:332,6=false
FW,context=boolean[]:332,7=false
FW,context=boolean[][]:42,3=boolean[]:332
NO,object=boolean[]:333
FW,context=boolean[]:333,0=false
FW,context=boolean[]:333,1=false
FW,context=boolean[]:333,2=false
FW,context=boolean[]:333,3=false
FW,context=boolean[]:333,4=false
FW,context=boolean[]:333,5=false
FW,context=boolean[]:333,6=false
FW,context=boolean[]:333,7=false
FW,context=boolean[][]:42,4=boolean[]:333
NO,object=boolean[]:334
FW,context=boolean[]:334,0=false
FW,context=boolean[]:334,1=false
FW,context=boolean[]:334,2=false
FW,context=boolean[]:334,3=false
FW,context=boolean[]:334,4=false
FW,context=boolean[]:334,5=false
FW,context=boolean[]:334,6=false
FW,context=boolean[]:334,7=false
FW,context=boolean[][]:42,5=boolean[]:334
NO,object=boolean[]:335
FW,context=boolean[]:335,0=false
FW,context=boolean[]:335,1=false
FW,context=boolean[]:335,2=false
FW,context=boolean[]:335,3=false
FW,context=boolean[]:335,4=false
FW,context=boolean[]:335,5=false
FW,context=boolean[]:335,6=false
FW,context=boolean[]:335,7=false
FW,context=boolean[][]:42,6=boolean[]:335
NO,object=boolean[]:336
FW,context=boolean[]:336,0=false
FW,context=boolean[]:336,1=false
FW,context=boolean[]:336,2=false
FW,context=boolean[]:336,3=false
FW,context=boolean[]:336,4=false
FW,context=boolean[]:336,5=false
FW,context=boolean[]:336,6=false
FW,context=boolean[]:336,7=false
FW,context=boolean[][]:42,7=boolean[]:336
FW,context=boolean[][][]:6,0=boolean[][]:42
NO,object=boolean[][]:43
NO,object=boolean[]:337
FW,context=boolean[]:337,0=false
FW,context=boolean[]:337,1=false
FW,context=boolean[]:337,2=false
FW,context=boolean[]:337,3=false
FW,context=boolean[]:337,4=false
FW,context=boolean[]:337,5=false
FW,context=boolean[]:337,6=false
FW,context=boolean[]:337,7=false
FW,context=boolean[][]:43,0=boolean[]:337
NO,object=boolean[]:338
FW,context=boolean[]:338,0=false
FW,context=boolean[]:338,1=false
FW,context=boolean[]:338,2=false
FW,context=boolean[]:338,3=false
FW,context=boolean[]:338,4=false
FW,context=boolean[]:338,5=false
FW,context=boolean[]:338,6=false
FW,context=boolean[]:338,7=false
FW,context=boolean[][]:43,1=boolean[]:338
NO,object=boolean[]:339
FW,context=boolean[]:339,0=false
FW,context=boolean[]:339,1=false
FW,context=boolean[]:339,2=false
FW,context=boolean[]:339,3=false
FW,context=boolean[]:339,4=false
FW,context=boolean[]:339,5=false
FW,context=boolean[]:339,6=false
FW,context=boolean[]:339,7=false
FW,context=boolean[][]:43,2=boolean[]:339
NO,object=boolean[]:340
FW,context=boolean[]:340,0=false
FW,context=boolean[]:340,1=false
FW,context=boolean[]:340,2=false
FW,context=boolean[]:340,3=false
FW,context=boolean[]:340,4=false
FW,context=boolean[]:340,5=false
FW,context=boolean[]:340,6=false
FW,context=boolean[]:340,7=false
FW,context=boolean[][]:43,3=boolean[]:340
NO,object=boolean[]:341
FW,context=boolean[]:341,0=false
FW,context=boolean[]:341,1=false
FW,context=boolean[]:341,2=false
FW,context=boolean[]:341,3=false
FW,context=boolean[]:341,4=false
FW,context=boolean[]:341,5=false
FW,context=boolean[]:341,6=false
FW,context=boolean[]:341,7=false
FW,context=boolean[][]:43,4=boolean[]:341
NO,object=boolean[]:342
FW,context=boolean[]:342,0=false
FW,context=boolean[]:342,1=false
FW,context=boolean[]:342,2=false
FW,context=boolean[]:342,3=false
FW,context=boolean[]:342,4=false
FW,context=boolean[]:342,5=false
FW,context=boolean[]:342,6=false
FW,context=boolean[]:342,7=false
FW,context=boolean[][]:43,5=boolean[]:342
NO,object=boolean[]:343
FW,context=boolean[]:343,0=false
FW,context=boolean[]:343,1=false
FW,context=boolean[]:343,2=false
FW,context=boolean[]:343,3=false
FW,context=boolean[]:343,4=false
FW,context=boolean[]:343,5=false
FW,context=boolean[]:343,6=false
FW,context=boolean[]:343,7=false
FW,context=boolean[][]:43,6=boolean[]:343
NO,object=boolean[]:344
FW,context=boolean[]:344,0=false
FW,context=boolean[]:344,1=false
FW,context=boolean[]:344,2=false
FW,context=boolean[]:344,3=false
FW,context=boolean[]:344,4=false
FW,context=boolean[]:344,5=false
FW,context=boolean[]:344,6=false
FW,context=boolean[]:344,7=false
FW,context=boolean[][]:43,7=boolean[]:344
FW,context=boolean[][][]:6,1=boolean[][]:43
NO,object=boolean[][]:44
NO,object=boolean[]:345
FW,context=boolean[]:345,0=false
FW,context=boolean[]:345,1=false
FW,context=boolean[]:345,2=false
FW,context=boolean[]:345,3=false
FW,context=boolean[]:345,4=false
FW,context=boolean[]:345,5=false
FW,context=boolean[]:345,6=false
FW,context=boolean[]:345,7=false
FW,context=boolean[][]:44,0=boolean[]:345
NO,object=boolean[]:346
FW,context=boolean[]:346,0=false
FW,context=boolean[]:346,1=false
FW,context=boolean[]:346,2=false
FW,context=boolean[]:346,3=false
FW,context=boolean[]:346,4=false
FW,context=boolean[]:346,5=false
FW,context=boolean[]:346,6=false
FW,context=boolean[]:346,7=false
FW,context=boolean[][]:44,1=boolean[]:346
NO,object=boolean[]:347
FW,context=boolean[]:347,0=false
FW,context=boolean[]:347,1=false
FW,context=boolean[]:347,2=false
FW,context=boolean[]:347,3=false
FW,context=boolean[]:347,4=false
FW,context=boolean[]:347,5=false
FW,context=boolean[]:347,6=false
FW,context=boolean[]:347,7=false
FW,context=boolean[][]:44,2=boolean[]:347
NO,object=boolean[]:348
FW,context=boolean[]:348,0=false
FW,context=boolean[]:348,1=false
FW,context=boolean[]:348,2=false
FW,context=boolean[]:348,3=false
FW,context=boolean[]:348,4=false
FW,context=boolean[]:348,5=false
FW,context=boolean[]:348,6=false
FW,context=boolean[]:348,7=false
FW,context=boolean[][]:44,3=boolean[]:348
NO,object=boolean[]:349
FW,context=boolean[]:349,0=false
FW,context=boolean[]:349,1=false
FW,context=boolean[]:349,2=false
FW,context=boolean[]:349,3=false
FW,context=boolean[]:349,4=false
FW,context=boolean[]:349,5=false
FW,context=boolean[]:349,6=false
FW,context=boolean[]:349,7=false
FW,context=boolean[][]:44,4=boolean[]:349
NO,object=boolean[]:350
FW,context=boolean[]:350,0=false
FW,context=boolean[]:350,1=false
FW,context=boolean[]:350,2=false
FW,context=boolean[]:350,3=false
FW,context=boolean[]:350,4=false
FW,context=boolean[]:350,5=false
FW,context=boolean[]:350,6=false
FW,context=boolean[]:350,7=false
FW,context=boolean[][]:44,5=boolean[]:350
NO,object=boolean[]:351
FW,context=boolean[]:351,0=false
FW,context=boolean[]:351,1=false
FW,context=boolean[]:351,2=false
FW,context=boolean[]:351,3=false
FW,context=boolean[]:351,4=false
FW,context=boolean[]:351,5=false
FW,context=boolean[]:351,6=false
FW,context=boolean[]:351,7=false
FW,context=boolean[][]:44,6=boolean[]:351
NO,object=boolean[]:352
FW,context=boolean[]:352,0=false
FW,context=boolean[]:352,1=false
FW,context=boolean[]:352,2=false
FW,context=boolean[]:352,3=false
FW,context=boolean[]:352,4=false
FW,context=boolean[]:352,5=false
FW,context=boolean[]:352,6=false
FW,context=boolean[]:352,7=false
FW,context=boolean[][]:44,7=boolean[]:352
FW,context=boolean[][][]:6,2=boolean[][]:44
NO,object=boolean[][]:45
NO,object=boolean[]:353
FW,context=boolean[]:353,0=false
FW,context=boolean[]:353,1=false
FW,context=boolean[]:353,2=false
FW,context=boolean[]:353,3=false
FW,context=boolean[]:353,4=false
FW,context=boolean[]:353,5=false
FW,context=boolean[]:353,6=false
FW,context=boolean[]:353,7=false
FW,context=boolean[][]:45,0=boolean[]:353
NO,object=boolean[]:354
FW,context=boolean[]:354,0=false
FW,context=boolean[]:354,1=false
FW,context=boolean[]:354,2=false
FW,context=boolean[]:354,3=false
FW,context=boolean[]:354,4=false
FW,context=boolean[]:354,5=false
FW,context=boolean[]:354,6=false
FW,context=boolean[]:354,7=false
FW,context=boolean[][]:45,1=boolean[]:354
NO,object=boolean[]:355
FW,context=boolean[]:355,0=false
FW,context=boolean[]:355,1=false
FW,context=boolean[]:355,2=false
FW,context=boolean[]:355,3=false
FW,context=boolean[]:355,4=false
FW,context=boolean[]:355,5=false
FW,context=boolean[]:355,6=false
FW,context=boolean[]:355,7=false
FW,context=boolean[][]:45,2=boolean[]:355
NO,object=boolean[]:356
FW,context=boolean[]:356,0=false
FW,context=boolean[]:356,1=false
FW,context=boolean[]:356,2=false
FW,context=boolean[]:356,3=false
FW,context=boolean[]:356,4=false
FW,context=boolean[]:356,5=false
FW,context=boolean[]:356,6=false
FW,context=boolean[]:356,7=false
FW,context=boolean[][]:45,3=boolean[]:356
NO,object=boolean[]:357
FW,context=boolean[]:357,0=false
FW,context=boolean[]:357,1=false
FW,context=boolean[]:357,2=false
FW,context=boolean[]:357,3=false
FW,context=boolean[]:357,4=false
FW,context=boolean[]:357,5=false
FW,context=boolean[]:357,6=false
FW,context=boolean[]:357,7=false
FW,context=boolean[][]:45,4=boolean[]:357
NO,object=boolean[]:358
FW,context=boolean[]:358,0=false
FW,context=boolean[]:358,1=false
FW,context=boolean[]:358,2=false
FW,context=boolean[]:358,3=false
FW,context=boolean[]:358,4=false
FW,context=boolean[]:358,5=false
FW,context=boolean[]:358,6=false
FW,context=boolean[]:358,7=false
FW,context=boolean[][]:45,5=boolean[]:358
NO,object=boolean[]:359
FW,context=boolean[]:359,0=false
FW,context=boolean[]:359,1=false
FW,context=boolean[]:359,2=false
FW,context=boolean[]:359,3=false
FW,context=boolean[]:359,4=false
FW,context=boolean[]:359,5=false
FW,context=boolean[]:359,6=false
FW,context=boolean[]:359,7=false
FW,context=boolean[][]:45,6=boolean[]:359
NO,object=boolean[]:360
FW,context=boolean[]:360,0=false
FW,context=boolean[]:360,1=false
FW,context=boolean[]:360,2=false
FW,context=boolean[]:360,3=false
FW,context=boolean[]:360,4=false
FW,context=boolean[]:360,5=false
FW,context=boolean[]:360,6=false
FW,context=boolean[]:360,7=false
FW,context=boolean[][]:45,7=boolean[]:360
FW,context=boolean[][][]:6,3=boolean[][]:45
NO,object=boolean[][]:46
NO,object=boolean[]:361
FW,context=boolean[]:361,0=false
FW,context=boolean[]:361,1=false
FW,context=boolean[]:361,2=false
FW,context=boolean[]:361,3=false
FW,context=boolean[]:361,4=false
FW,context=boolean[]:361,5=false
FW,context=boolean[]:361,6=false
FW,context=boolean[]:361,7=false
FW,context=boolean[][]:46,0=boolean[]:361
NO,object=boolean[]:362
FW,context=boolean[]:362,0=false
FW,context=boolean[]:362,1=false
FW,context=boolean[]:362,2=false
FW,context=boolean[]:362,3=false
FW,context=boolean[]:362,4=false
FW,context=boolean[]:362,5=false
FW,context=boolean[]:362,6=false
FW,context=boolean[]:362,7=false
FW,context=boolean[][]:46,1=boolean[]:362
NO,object=boolean[]:363
FW,context=boolean[]:363,0=false
FW,context=boolean[]:363,1=false
FW,context=boolean[]:363,2=false
FW,context=boolean[]:363,3=false
FW,context=boolean[]:363,4=false
FW,context=boolean[]:363,5=false
FW,context=boolean[]:363,6=false
FW,context=boolean[]:363,7=false
FW,context=boolean[][]:46,2=boolean[]:363
NO,object=boolean[]:364
FW,context=boolean[]:364,0=false
FW,context=boolean[]:364,1=false
FW,context=boolean[]:364,2=false
FW,context=boolean[]:364,3=false
FW,context=boolean[]:364,4=false
FW,context=boolean[]:364,5=false
FW,context=boolean[]:364,6=false
FW,context=boolean[]:364,7=false
FW,context=boolean[][]:46,3=boolean[]:364
NO,object=boolean[]:365
FW,context=boolean[]:365,0=false
FW,context=boolean[]:365,1=false
FW,context=boolean[]:365,2=false
FW,context=boolean[]:365,3=false
FW,context=boolean[]:365,4=false
FW,context=boolean[]:365,5=false
FW,context=boolean[]:365,6=false
FW,context=boolean[]:365,7=false
FW,context=boolean[][]:46,4=boolean[]:365
NO,object=boolean[]:366
FW,context=boolean[]:366,0=false
FW,context=boolean[]:366,1=false
FW,context=boolean[]:366,2=false
FW,context=boolean[]:366,3=false
FW,context=boolean[]:366,4=false
FW,context=boolean[]:366,5=false
FW,context=boolean[]:366,6=false
FW,context=boolean[]:366,7=false
FW,context=boolean[][]:46,5=boolean[]:366
NO,object=boolean[]:367
FW,context=boolean[]:367,0=false
FW,context=boolean[]:367,1=false
FW,context=boolean[]:367,2=false
FW,context=boolean[]:367,3=false
FW,context=boolean[]:367,4=false
FW,context=boolean[]:367,5=false
FW,context=boolean[]:367,6=false
FW,context=boolean[]:367,7=false
FW,context=boolean[][]:46,6=boolean[]:367
NO,object=boolean[]:368
FW,context=boolean[]:368,0=false
FW,context=boolean[]:368,1=false
FW,context=boolean[]:368,2=false
FW,context=boolean[]:368,3=false
FW,context=boolean[]:368,4=false
FW,context=boolean[]:368,5=false
FW,context=boolean[]:368,6=false
FW,context=boolean[]:368,7=false
FW,context=boolean[][]:46,7=boolean[]:368
FW,context=boolean[][][]:6,4=boolean[][]:46
NO,object=boolean[][]:47
NO,object=boolean[]:369
FW,context=boolean[]:369,0=false
FW,context=boolean[]:369,1=false
FW,context=boolean[]:369,2=false
FW,context=boolean[]:369,3=false
FW,context=boolean[]:369,4=false
FW,context=boolean[]:369,5=false
FW,context=boolean[]:369,6=false
FW,context=boolean[]:369,7=false
FW,context=boolean[][]:47,0=boolean[]:369
NO,object=boolean[]:370
FW,context=boolean[]:370,0=false
FW,context=boolean[]:370,1=false
FW,context=boolean[]:370,2=false
FW,context=boolean[]:370,3=false
FW,context=boolean[]:370,4=false
FW,context=boolean[]:370,5=false
FW,context=boolean[]:370,6=false
FW,context=boolean[]:370,7=false
FW,context=boolean[][]:47,1=boolean[]:370
NO,object=boolean[]:371
FW,context=boolean[]:371,0=false
FW,context=boolean[]:371,1=false
FW,context=boolean[]:371,2=false
FW,context=boolean[]:371,3=false
FW,context=boolean[]:371,4=false
FW,context=boolean[]:371,5=false
FW,context=boolean[]:371,6=false
FW,context=boolean[]:371,7=false
FW,context=boolean[][]:47,2=boolean[]:371
NO,object=boolean[]:372
FW,context=boolean[]:372,0=false
FW,context=boolean[]:372,1=false
FW,context=boolean[]:372,2=false
FW,context=boolean[]:372,3=false
FW,context=boolean[]:372,4=false
FW,context=boolean[]:372,5=false
FW,context=boolean[]:372,6=false
FW,context=boolean[]:372,7=false
FW,context=boolean[][]:47,3=boolean[]:372
NO,object=boolean[]:373
FW,context=boolean[]:373,0=false
FW,context=boolean[]:373,1=false
FW,context=boolean[]:373,2=false
FW,context=boolean[]:373,3=false
FW,context=boolean[]:373,4=false
FW,context=boolean[]:373,5=false
FW,context=boolean[]:373,6=false
FW,context=boolean[]:373,7=false
FW,context=boolean[][]:47,4=boolean[]:373
NO,object=boolean[]:374
FW,context=boolean[]:374,0=false
FW,context=boolean[]:374,1=false
FW,context=boolean[]:374,2=false
FW,context=boolean[]:374,3=false
FW,context=boolean[]:374,4=false
FW,context=boolean[]:374,5=false
FW,context=boolean[]:374,6=false
FW,context=boolean[]:374,7=false
FW,context=boolean[][]:47,5=boolean[]:374
NO,object=boolean[]:375
FW,context=boolean[]:375,0=false
FW,context=boolean[]:375,1=false
FW,context=boolean[]:375,2=false
FW,context=boolean[]:375,3=false
FW,context=boolean[]:375,4=false
FW,context=boolean[]:375,5=false
FW,context=boolean[]:375,6=false
FW,context=boolean[]:375,7=false
FW,context=boolean[][]:47,6=boolean[]:375
NO,object=boolean[]:376
FW,context=boolean[]:376,0=false
FW,context=boolean[]:376,1=false
FW,context=boolean[]:376,2=false
FW,context=boolean[]:376,3=false
FW,context=boolean[]:376,4=false
FW,context=boolean[]:376,5=false
FW,context=boolean[]:376,6=false
FW,context=boolean[]:376,7=false
FW,context=boolean[][]:47,7=boolean[]:376
FW,context=boolean[][][]:6,5=boolean[][]:47
NO,object=boolean[][]:48
NO,object=boolean[]:377
FW,context=boolean[]:377,0=false
FW,context=boolean[]:377,1=false
FW,context=boolean[]:377,2=false
FW,context=boolean[]:377,3=false
FW,context=boolean[]:377,4=false
FW,context=boolean[]:377,5=false
FW,context=boolean[]:377,6=false
FW,context=boolean[]:377,7=false
FW,context=boolean[][]:48,0=boolean[]:377
NO,object=boolean[]:378
FW,context=boolean[]:378,0=false
FW,context=boolean[]:378,1=false
FW,context=boolean[]:378,2=false
FW,context=boolean[]:378,3=false
FW,context=boolean[]:378,4=false
FW,context=boolean[]:378,5=false
FW,context=boolean[]:378,6=false
FW,context=boolean[]:378,7=false
FW,context=boolean[][]:48,1=boolean[]:378
NO,object=boolean[]:379
FW,context=boolean[]:379,0=false
FW,context=boolean[]:379,1=false
FW,context=boolean[]:379,2=false
FW,context=boolean[]:379,3=false
FW,context=boolean[]:379,4=false
FW,context=boolean[]:379,5=false
FW,context=boolean[]:379,6=false
FW,context=boolean[]:379,7=false
FW,context=boolean[][]:48,2=boolean[]:379
NO,object=boolean[]:380
FW,context=boolean[]:380,0=false
FW,context=boolean[]:380,1=false
FW,context=boolean[]:380,2=false
FW,context=boolean[]:380,3=false
FW,context=boolean[]:380,4=false
FW,context=boolean[]:380,5=false
FW,context=boolean[]:380,6=false
FW,context=boolean[]:380,7=false
FW,context=boolean[][]:48,3=boolean[]:380
NO,object=boolean[]:381
FW,context=boolean[]:381,0=false
FW,context=boolean[]:381,1=false
FW,context=boolean[]:381,2=false
FW,context=boolean[]:381,3=false
FW,context=boolean[]:381,4=false
FW,context=boolean[]:381,5=false
FW,context=boolean[]:381,6=false
FW,context=boolean[]:381,7=false
FW,context=boolean[][]:48,4=boolean[]:381
NO,object=boolean[]:382
FW,context=boolean[]:382,0=false
FW,context=boolean[]:382,1=false
FW,context=boolean[]:382,2=false
FW,context=boolean[]:382,3=false
FW,context=boolean[]:382,4=false
FW,context=boolean[]:382,5=false
FW,context=boolean[]:382,6=false
FW,context=boolean[]:382,7=false
FW,context=boolean[][]:48,5=boolean[]:382
NO,object=boolean[]:383
FW,context=boolean[]:383,0=false
FW,context=boolean[]:383,1=false
FW,context=boolean[]:383,2=false
FW,context=boolean[]:383,3=false
FW,context=boolean[]:383,4=false
FW,context=boolean[]:383,5=false
FW,context=boolean[]:383,6=false
FW,context=boolean[]:383,7=false
FW,context=boolean[][]:48,6=boolean[]:383
NO,object=boolean[]:384
FW,context=boolean[]:384,0=false
FW,context=boolean[]:384,1=false
FW,context=boolean[]:384,2=false
FW,context=boolean[]:384,3=false
FW,context=boolean[]:384,4=false
FW,context=boolean[]:384,5=false
FW,context=boolean[]:384,6=false
FW,context=boolean[]:384,7=false
FW,context=boolean[][]:48,7=boolean[]:384
FW,context=boolean[][][]:6,6=boolean[][]:48
NO,object=boolean[][]:49
NO,object=boolean[]:385
FW,context=boolean[]:385,0=false
FW,context=boolean[]:385,1=false
FW,context=boolean[]:385,2=false
FW,context=boolean[]:385,3=false
FW,context=boolean[]:385,4=false
FW,context=boolean[]:385,5=false
FW,context=boolean[]:385,6=false
FW,context=boolean[]:385,7=false
FW,context=boolean[][]:49,0=boolean[]:385
NO,object=boolean[]:386
FW,context=boolean[]:386,0=false
FW,context=boolean[]:386,1=false
FW,context=boolean[]:386,2=false
FW,context=boolean[]:386,3=false
FW,context=boolean[]:386,4=false
FW,context=boolean[]:386,5=false
FW,context=boolean[]:386,6=false
FW,context=boolean[]:386,7=false
FW,context=boolean[][]:49,1=boolean[]:386
NO,object=boolean[]:387
FW,context=boolean[]:387,0=false
FW,context=boolean[]:387,1=false
FW,context=boolean[]:387,2=false
FW,context=boolean[]:387,3=false
FW,context=boolean[]:387,4=false
FW,context=boolean[]:387,5=false
FW,context=boolean[]:387,6=false
FW,context=boolean[]:387,7=false
FW,context=boolean[][]:49,2=boolean[]:387
NO,object=boolean[]:388
FW,context=boolean[]:388,0=false
FW,context=boolean[]:388,1=false
FW,context=boolean[]:388,2=false
FW,context=boolean[]:388,3=false
FW,context=boolean[]:388,4=false
FW,context=boolean[]:388,5=false
FW,context=boolean[]:388,6=false
FW,context=boolean[]:388,7=false
FW,context=boolean[][]:49,3=boolean[]:388
NO,object=boolean[]:389
FW,context=boolean[]:389,0=false
FW,context=boolean[]:389,1=false
FW,context=boolean[]:389,2=false
FW,context=boolean[]:389,3=false
FW,context=boolean[]:389,4=false
FW,context=boolean[]:389,5=false
FW,context=boolean[]:389,6=false
FW,context=boolean[]:389,7=false
FW,context=boolean[][]:49,4=boolean[]:389
NO,object=boolean[]:390
FW,context=boolean[]:390,0=false
FW,context=boolean[]:390,1=false
FW,context=boolean[]:390,2=false
FW,context=boolean[]:390,3=false
FW,context=boolean[]:390,4=false
FW,context=boolean[]:390,5=false
FW,context=boolean[]:390,6=false
FW,context=boolean[]:390,7=false
FW,context=boolean[][]:49,5=boolean[]:390
NO,object=boolean[]:391
FW,context=boolean[]:391,0=false
FW,context=boolean[]:391,1=false
FW,context=boolean[]:391,2=false
FW,context=boolean[]:391,3=false
FW,context=boolean[]:391,4=false
FW,context=boolean[]:391,5=false
FW,context=boolean[]:391,6=false
FW,context=boolean[]:391,7=false
FW,context=boolean[][]:49,6=boolean[]:391
NO,object=boolean[]:392
FW,context=boolean[]:392,0=false
FW,context=boolean[]:392,1=false
FW,context=boolean[]:392,2=false
FW,context=boolean[]:392,3=false
FW,context=boolean[]:392,4=false
FW,context=boolean[]:392,5=false
FW,context=boolean[]:392,6=false
FW,context=boolean[]:392,7=false
FW,context=boolean[][]:49,7=boolean[]:392
FW,context=boolean[][][]:6,7=boolean[][]:49
FW,context=boolean[][][][]:1,5=boolean[][][]:6
NO,object=boolean[][][]:7
NO,object=boolean[][]:50
NO,object=boolean[]:393
FW,context=boolean[]:393,0=false
FW,context=boolean[]:393,1=false
FW,context=boolean[]:393,2=false
FW,context=boolean[]:393,3=false
FW,context=boolean[]:393,4=false
FW,context=boolean[]:393,5=false
FW,context=boolean[]:393,6=false
FW,context=boolean[]:393,7=false
FW,context=boolean[][]:50,0=boolean[]:393
NO,object=boolean[]:394
FW,context=boolean[]:394,0=false
FW,context=boolean[]:394,1=false
FW,context=boolean[]:394,2=false
FW,context=boolean[]:394,3=false
FW,context=boolean[]:394,4=false
FW,context=boolean[]:394,5=false
FW,context=boolean[]:394,6=false
FW,context=boolean[]:394,7=false
FW,context=boolean[][]:50,1=boolean[]:394
NO,object=boolean[]:395
FW,context=boolean[]:395,0=false
FW,context=boolean[]:395,1=false
FW,context=boolean[]:395,2=false
FW,context=boolean[]:395,3=false
FW,context=boolean[]:395,4=false
FW,context=boolean[]:395,5=false
FW,context=boolean[]:395,6=false
FW,context=boolean[]:395,7=false
FW,context=boolean[][]:50,2=boolean[]:395
NO,object=boolean[]:396
FW,context=boolean[]:396,0=false
FW,context=boolean[]:396,1=false
FW,context=boolean[]:396,2=false
FW,context=boolean[]:396,3=false
FW,context=boolean[]:396,4=false
FW,context=boolean[]:396,5=false
FW,context=boolean[]:396,6=false
FW,context=boolean[]:396,7=false
FW,context=boolean[][]:50,3=boolean[]:396
NO,object=boolean[]:397
FW,context=boolean[]:397,0=false
FW,context=boolean[]:397,1=false
FW,context=boolean[]:397,2=false
FW,context=boolean[]:397,3=false
FW,context=boolean[]:397,4=false
FW,context=boolean[]:397,5=false
FW,context=boolean[]:397,6=false
FW,context=boolean[]:397,7=false
FW,context=boolean[][]:50,4=boolean[]:397
NO,object=boolean[]:398
FW,context=boolean[]:398,0=false
FW,context=boolean[]:398,1=false
FW,context=boolean[]:398,2=false
FW,context=boolean[]:398,3=false
FW,context=boolean[]:398,4=false
FW,context=boolean[]:398,5=false
FW,context=boolean[]:398,6=false
FW,context=boolean[]:398,7=false
FW,context=boolean[][]:50,5=boolean[]:398
NO,object=boolean[]:399
FW,context=boolean[]:399,0=false
FW,context=boolean[]:399,1=false
FW,context=boolean[]:399,2=false
FW,context=boolean[]:399,3=false
FW,context=boolean[]:399,4=false
FW,context=boolean[]:399,5=false
FW,context=boolean[]:399,6=false
FW,context=boolean[]:399,7=false
FW,context=boolean[][]:50,6=boolean[]:399
NO,object=boolean[]:400
FW,context=boolean[]:400,0=false
FW,context=boolean[]:400,1=false
FW,context=boolean[]:400,2=false
FW,context=boolean[]:400,3=false
FW,context=boolean[]:400,4=false
FW,context=boolean[]:400,5=false
FW,context=boolean[]:400,6=false
FW,context=boolean[]:400,7=false
FW,context=boolean[][]:50,7=boolean[]:400
FW,context=boolean[][][]:7,0=boolean[][]:50
NO,object=boolean[][]:51
NO,object=boolean[]:401
FW,context=boolean[]:401,0=false
FW,context=boolean[]:401,1=false
FW,context=boolean[]:401,2=false
FW,context=boolean[]:401,3=false
FW,context=boolean[]:401,4=false
FW,context=boolean[]:401,5=false
FW,context=boolean[]:401,6=false
FW,context=boolean[]:401,7=false
FW,context=boolean[][]:51,0=boolean[]:401
NO,object=boolean[]:402
FW,context=boolean[]:402,0=false
FW,context=boolean[]:402,1=false
FW,context=boolean[]:402,2=false
FW,context=boolean[]:402,3=false
FW,context=boolean[]:402,4=false
FW,context=boolean[]:402,5=false
FW,context=boolean[]:402,6=false
FW,context=boolean[]:402,7=false
FW,context=boolean[][]:51,1=boolean[]:402
NO,object=boolean[]:403
FW,context=boolean[]:403,0=false
FW,context=boolean[]:403,1=false
FW,context=boolean[]:403,2=false
FW,context=boolean[]:403,3=false
FW,context=boolean[]:403,4=false
FW,context=boolean[]:403,5=false
FW,context=boolean[]:403,6=false
FW,context=boolean[]:403,7=false
FW,context=boolean[][]:51,2=boolean[]:403
NO,object=boolean[]:404
FW,context=boolean[]:404,0=false
FW,context=boolean[]:404,1=false
FW,context=boolean[]:404,2=false
FW,context=boolean[]:404,3=false
FW,context=boolean[]:404,4=false
FW,context=boolean[]:404,5=false
FW,context=boolean[]:404,6=false
FW,context=boolean[]:404,7=false
FW,context=boolean[][]:51,3=boolean[]:404
NO,object=boolean[]:405
FW,context=boolean[]:405,0=false
FW,context=boolean[]:405,1=false
FW,context=boolean[]:405,2=false
FW,context=boolean[]:405,3=false
FW,context=boolean[]:405,4=false
FW,context=boolean[]:405,5=false
FW,context=boolean[]:405,6=false
FW,context=boolean[]:405,7=false
FW,context=boolean[][]:51,4=boolean[]:405
NO,object=boolean[]:406
FW,context=boolean[]:406,0=false
FW,context=boolean[]:406,1=false
FW,context=boolean[]:406,2=false
FW,context=boolean[]:406,3=false
FW,context=boolean[]:406,4=false
FW,context=boolean[]:406,5=false
FW,context=boolean[]:406,6=false
FW,context=boolean[]:406,7=false
FW,context=boolean[][]:51,5=boolean[]:406
NO,object=boolean[]:407
FW,context=boolean[]:407,0=false
FW,context=boolean[]:407,1=false
FW,context=boolean[]:407,2=false
FW,context=boolean[]:407,3=false
FW,context=boolean[]:407,4=false
FW,context=boolean[]:407,5=false
FW,context=boolean[]:407,6=false
FW,context=boolean[]:407,7=false
FW,context=boolean[][]:51,6=boolean[]:407
NO,object=boolean[]:408
FW,context=boolean[]:408,0=false
FW,context=boolean[]:408,1=false
FW,context=boolean[]:408,2=false
FW,context=boolean[]:408,3=false
FW,context=boolean[]:408,4=false
FW,context=boolean[]:408,5=false
FW,context=boolean[]:408,6=false
FW,context=boolean[]:408,7=false
FW,context=boolean[][]:51,7=boolean[]:408
FW,context=boolean[][][]:7,1=boolean[][]:51
NO,object=boolean[][]:52
NO,object=boolean[]:409
FW,context=boolean[]:409,0=false
FW,context=boolean[]:409,1=false
FW,context=boolean[]:409,2=false
FW,context=boolean[]:409,3=false
FW,context=boolean[]:409,4=false
FW,context=boolean[]:409,5=false
FW,context=boolean[]:409,6=false
FW,context=boolean[]:409,7=false
FW,context=boolean[][]:52,0=boolean[]:409
NO,object=boolean[]:410
FW,context=boolean[]:410,0=false
FW,context=boolean[]:410,1=false
FW,context=boolean[]:410,2=false
FW,context=boolean[]:410,3=false
FW,context=boolean[]:410,4=false
FW,context=boolean[]:410,5=false
FW,context=boolean[]:410,6=false
FW,context=boolean[]:410,7=false
FW,context=boolean[][]:52,1=boolean[]:410
NO,object=boolean[]:411
FW,context=boolean[]:411,0=false
FW,context=boolean[]:411,1=false
FW,context=boolean[]:411,2=false
FW,context=boolean[]:411,3=false
FW,context=boolean[]:411,4=false
FW,context=boolean[]:411,5=false
FW,context=boolean[]:411,6=false
FW,context=boolean[]:411,7=false
FW,context=boolean[][]:52,2=boolean[]:411
NO,object=boolean[]:412
FW,context=boolean[]:412,0=false
FW,context=boolean[]:412,1=false
FW,context=boolean[]:412,2=false
FW,context=boolean[]:412,3=false
FW,context=boolean[]:412,4=false
FW,context=boolean[]:412,5=false
FW,context=boolean[]:412,6=false
FW,context=boolean[]:412,7=false
FW,context=boolean[][]:52,3=boolean[]:412
NO,object=boolean[]:413
FW,context=boolean[]:413,0=false
FW,context=boolean[]:413,1=false
FW,context=boolean[]:413,2=false
FW,context=boolean[]:413,3=false
FW,context=boolean[]:413,4=false
FW,context=boolean[]:413,5=false
FW,context=boolean[]:413,6=false
FW,context=boolean[]:413,7=false
FW,context=boolean[][]:52,4=boolean[]:413
NO,object=boolean[]:414
FW,context=boolean[]:414,0=false
FW,context=boolean[]:414,1=false
FW,context=boolean[]:414,2=false
FW,context=boolean[]:414,3=false
FW,context=boolean[]:414,4=false
FW,context=boolean[]:414,5=false
FW,context=boolean[]:414,6=false
FW,context=boolean[]:414,7=false
FW,context=boolean[][]:52,5=boolean[]:414
NO,object=boolean[]:415
FW,context=boolean[]:415,0=false
FW,context=boolean[]:415,1=false
FW,context=boolean[]:415,2=false
FW,context=boolean[]:415,3=false
FW,context=boolean[]:415,4=false
FW,context=boolean[]:415,5=false
FW,context=boolean[]:415,6=false
FW,context=boolean[]:415,7=false
FW,context=boolean[][]:52,6=boolean[]:415
NO,object=boolean[]:416
FW,context=boolean[]:416,0=false
FW,context=boolean[]:416,1=false
FW,context=boolean[]:416,2=false
FW,context=boolean[]:416,3=false
FW,context=boolean[]:416,4=false
FW,context=boolean[]:416,5=false
FW,context=boolean[]:416,6=false
FW,context=boolean[]:416,7=false
FW,context=boolean[][]:52,7=boolean[]:416
FW,context=boolean[][][]:7,2=boolean[][]:52
NO,object=boolean[][]:53
NO,object=boolean[]:417
FW,context=boolean[]:417,0=false
FW,context=boolean[]:417,1=false
FW,context=boolean[]:417,2=false
FW,context=boolean[]:417,3=false
FW,context=boolean[]:417,4=false
FW,context=boolean[]:417,5=false
FW,context=boolean[]:417,6=false
FW,context=boolean[]:417,7=false
FW,context=boolean[][]:53,0=boolean[]:417
NO,object=boolean[]:418
FW,context=boolean[]:418,0=false
FW,context=boolean[]:418,1=false
FW,context=boolean[]:418,2=false
FW,context=boolean[]:418,3=false
FW,context=boolean[]:418,4=false
FW,context=boolean[]:418,5=false
FW,context=boolean[]:418,6=false
FW,context=boolean[]:418,7=false
FW,context=boolean[][]:53,1=boolean[]:418
NO,object=boolean[]:419
FW,context=boolean[]:419,0=false
FW,context=boolean[]:419,1=false
FW,context=boolean[]:419,2=false
FW,context=boolean[]:419,3=false
FW,context=boolean[]:419,4=false
FW,context=boolean[]:419,5=false
FW,context=boolean[]:419,6=false
FW,context=boolean[]:419,7=false
FW,context=boolean[][]:53,2=boolean[]:419
NO,object=boolean[]:420
FW,context=boolean[]:420,0=false
FW,context=boolean[]:420,1=false
FW,context=boolean[]:420,2=false
FW,context=boolean[]:420,3=false
FW,context=boolean[]:420,4=false
FW,context=boolean[]:420,5=false
FW,context=boolean[]:420,6=false
FW,context=boolean[]:420,7=false
FW,context=boolean[][]:53,3=boolean[]:420
NO,object=boolean[]:421
FW,context=boolean[]:421,0=false
FW,context=boolean[]:421,1=false
FW,context=boolean[]:421,2=false
FW,context=boolean[]:421,3=false
FW,context=boolean[]:421,4=false
FW,context=boolean[]:421,5=false
FW,context=boolean[]:421,6=false
FW,context=boolean[]:421,7=false
FW,context=boolean[][]:53,4=boolean[]:421
NO,object=boolean[]:422
FW,context=boolean[]:422,0=false
FW,context=boolean[]:422,1=false
FW,context=boolean[]:422,2=false
FW,context=boolean[]:422,3=false
FW,context=boolean[]:422,4=false
FW,context=boolean[]:422,5=false
FW,context=boolean[]:422,6=false
FW,context=boolean[]:422,7=false
FW,context=boolean[][]:53,5=boolean[]:422
NO,object=boolean[]:423
FW,context=boolean[]:423,0=false
FW,context=boolean[]:423,1=false
FW,context=boolean[]:423,2=false
FW,context=boolean[]:423,3=false
FW,context=boolean[]:423,4=false
FW,context=boolean[]:423,5=false
FW,context=boolean[]:423,6=false
FW,context=boolean[]:423,7=false
FW,context=boolean[][]:53,6=boolean[]:423
NO,object=boolean[]:424
FW,context=boolean[]:424,0=false
FW,context=boolean[]:424,1=false
FW,context=boolean[]:424,2=false
FW,context=boolean[]:424,3=false
FW,context=boolean[]:424,4=false
FW,context=boolean[]:424,5=false
FW,context=boolean[]:424,6=false
FW,context=boolean[]:424,7=false
FW,context=boolean[][]:53,7=boolean[]:424
FW,context=boolean[][][]:7,3=boolean[][]:53
NO,object=boolean[][]:54
NO,object=boolean[]:425
FW,context=boolean[]:425,0=false
FW,context=boolean[]:425,1=false
FW,context=boolean[]:425,2=false
FW,context=boolean[]:425,3=false
FW,context=boolean[]:425,4=false
FW,context=boolean[]:425,5=false
FW,context=boolean[]:425,6=false
FW,context=boolean[]:425,7=false
FW,context=boolean[][]:54,0=boolean[]:425
NO,object=boolean[]:426
FW,context=boolean[]:426,0=false
FW,context=boolean[]:426,1=false
FW,context=boolean[]:426,2=false
FW,context=boolean[]:426,3=false
FW,context=boolean[]:426,4=false
FW,context=boolean[]:426,5=false
FW,context=boolean[]:426,6=false
FW,context=boolean[]:426,7=false
FW,context=boolean[][]:54,1=boolean[]:426
NO,object=boolean[]:427
FW,context=boolean[]:427,0=false
FW,context=boolean[]:427,1=false
FW,context=boolean[]:427,2=false
FW,context=boolean[]:427,3=false
FW,context=boolean[]:427,4=false
FW,context=boolean[]:427,5=false
FW,context=boolean[]:427,6=false
FW,context=boolean[]:427,7=false
FW,context=boolean[][]:54,2=boolean[]:427
NO,object=boolean[]:428
FW,context=boolean[]:428,0=false
FW,context=boolean[]:428,1=false
FW,context=boolean[]:428,2=false
FW,context=boolean[]:428,3=false
FW,context=boolean[]:428,4=false
FW,context=boolean[]:428,5=false
FW,context=boolean[]:428,6=false
FW,context=boolean[]:428,7=false
FW,context=boolean[][]:54,3=boolean[]:428
NO,object=boolean[]:429
FW,context=boolean[]:429,0=false
FW,context=boolean[]:429,1=false
FW,context=boolean[]:429,2=false
FW,context=boolean[]:429,3=false
FW,context=boolean[]:429,4=false
FW,context=boolean[]:429,5=false
FW,context=boolean[]:429,6=false
FW,context=boolean[]:429,7=false
FW,context=boolean[][]:54,4=boolean[]:429
NO,object=boolean[]:430
FW,context=boolean[]:430,0=false
FW,context=boolean[]:430,1=false
FW,context=boolean[]:430,2=false
FW,context=boolean[]:430,3=false
FW,context=boolean[]:430,4=false
FW,context=boolean[]:430,5=false
FW,context=boolean[]:430,6=false
FW,context=boolean[]:430,7=false
FW,context=boolean[][]:54,5=boolean[]:430
NO,object=boolean[]:431
FW,context=boolean[]:431,0=false
FW,context=boolean[]:431,1=false
FW,context=boolean[]:431,2=false
FW,context=boolean[]:431,3=false
FW,context=boolean[]:431,4=false
FW,context=boolean[]:431,5=false
FW,context=boolean[]:431,6=false
FW,context=boolean[]:431,7=false
FW,context=boolean[][]:54,6=boolean[]:431
NO,object=boolean[]:432
FW,context=boolean[]:432,0=false
FW,context=boolean[]:432,1=false
FW,context=boolean[]:432,2=false
FW,context=boolean[]:432,3=false
FW,context=boolean[]:432,4=false
FW,context=boolean[]:432,5=false
FW,context=boolean[]:432,6=false
FW,context=boolean[]:432,7=false
FW,context=boolean[][]:54,7=boolean[]:432
FW,context=boolean[][][]:7,4=boolean[][]:54
NO,object=boolean[][]:55
NO,object=boolean[]:433
FW,context=boolean[]:433,0=false
FW,context=boolean[]:433,1=false
FW,context=boolean[]:433,2=false
FW,context=boolean[]:433,3=false
FW,context=boolean[]:433,4=false
FW,context=boolean[]:433,5=false
FW,context=boolean[]:433,6=false
FW,context=boolean[]:433,7=false
FW,context=boolean[][]:55,0=boolean[]:433
NO,object=boolean[]:434
FW,context=boolean[]:434,0=false
FW,context=boolean[]:434,1=false
FW,context=boolean[]:434,2=false
FW,context=boolean[]:434,3=false
FW,context=boolean[]:434,4=false
FW,context=boolean[]:434,5=false
FW,context=boolean[]:434,6=false
FW,context=boolean[]:434,7=false
FW,context=boolean[][]:55,1=boolean[]:434
NO,object=boolean[]:435
FW,context=boolean[]:435,0=false
FW,context=boolean[]:435,1=false
FW,context=boolean[]:435,2=false
FW,context=boolean[]:435,3=false
FW,context=boolean[]:435,4=false
FW,context=boolean[]:435,5=false
FW,context=boolean[]:435,6=false
FW,context=boolean[]:435,7=false
FW,context=boolean[][]:55,2=boolean[]:435
NO,object=boolean[]:436
FW,context=boolean[]:436,0=false
FW,context=boolean[]:436,1=false
FW,context=boolean[]:436,2=false
FW,context=boolean[]:436,3=false
FW,context=boolean[]:436,4=false
FW,context=boolean[]:436,5=false
FW,context=boolean[]:436,6=false
FW,context=boolean[]:436,7=false
FW,context=boolean[][]:55,3=boolean[]:436
NO,object=boolean[]:437
FW,context=boolean[]:437,0=false
FW,context=boolean[]:437,1=false
FW,context=boolean[]:437,2=false
FW,context=boolean[]:437,3=false
FW,context=boolean[]:437,4=false
FW,context=boolean[]:437,5=false
FW,context=boolean[]:437,6=false
FW,context=boolean[]:437,7=false
FW,context=boolean[][]:55,4=boolean[]:437
NO,object=boolean[]:438
FW,context=boolean[]:438,0=false
FW,context=boolean[]:438,1=false
FW,context=boolean[]:438,2=false
FW,context=boolean[]:438,3=false
FW,context=boolean[]:438,4=false
FW,context=boolean[]:438,5=false
FW,context=boolean[]:438,6=false
FW,context=boolean[]:438,7=false
FW,context=boolean[][]:55,5=boolean[]:438
NO,object=boolean[]:439
FW,context=boolean[]:439,0=false
FW,context=boolean[]:439,1=false
FW,context=boolean[]:439,2=false
FW,context=boolean[]:439,3=false
FW,context=boolean[]:439,4=false
FW,context=boolean[]:439,5=false
FW,context=boolean[]:439,6=false
FW,context=boolean[]:439,7=false
FW,context=boolean[][]:55,6=boolean[]:439
NO,object=boolean[]:440
FW,context=boolean[]:440,0=false
FW,context=boolean[]:440,1=false
FW,context=boolean[]:440,2=false
FW,context=boolean[]:440,3=false
FW,context=boolean[]:440,4=false
FW,context=boolean[]:440,5=false
FW,context=boolean[]:440,6=false
FW,context=boolean[]:440,7=false
FW,context=boolean[][]:55,7=boolean[]:440
FW,context=boolean[][][]:7,5=boolean[][]:55
NO,object=boolean[][]:56
NO,object=boolean[]:441
FW,context=boolean[]:441,0=false
FW,context=boolean[]:441,1=false
FW,context=boolean[]:441,2=false
FW,context=boolean[]:441,3=false
FW,context=boolean[]:441,4=false
FW,context=boolean[]:441,5=false
FW,context=boolean[]:441,6=false
FW,context=boolean[]:441,7=false
FW,context=boolean[][]:56,0=boolean[]:441
NO,object=boolean[]:442
FW,context=boolean[]:442,0=false
FW,context=boolean[]:442,1=false
FW,context=boolean[]:442,2=false
FW,context=boolean[]:442,3=false
FW,context=boolean[]:442,4=false
FW,context=boolean[]:442,5=false
FW,context=boolean[]:442,6=false
FW,context=boolean[]:442,7=false
FW,context=boolean[][]:56,1=boolean[]:442
NO,object=boolean[]:443
FW,context=boolean[]:443,0=false
FW,context=boolean[]:443,1=false
FW,context=boolean[]:443,2=false
FW,context=boolean[]:443,3=false
FW,context=boolean[]:443,4=false
FW,context=boolean[]:443,5=false
FW,context=boolean[]:443,6=false
FW,context=boolean[]:443,7=false
FW,context=boolean[][]:56,2=boolean[]:443
NO,object=boolean[]:444
FW,context=boolean[]:444,0=false
FW,context=boolean[]:444,1=false
FW,context=boolean[]:444,2=false
FW,context=boolean[]:444,3=false
FW,context=boolean[]:444,4=false
FW,context=boolean[]:444,5=false
FW,context=boolean[]:444,6=false
FW,context=boolean[]:444,7=false
FW,context=boolean[][]:56,3=boolean[]:444
NO,object=boolean[]:445
FW,context=boolean[]:445,0=false
FW,context=boolean[]:445,1=false
FW,context=boolean[]:445,2=false
FW,context=boolean[]:445,3=false
FW,context=boolean[]:445,4=false
FW,context=boolean[]:445,5=false
FW,context=boolean[]:445,6=false
FW,context=boolean[]:445,7=false
FW,context=boolean[][]:56,4=boolean[]:445
NO,object=boolean[]:446
FW,context=boolean[]:446,0=false
FW,context=boolean[]:446,1=false
FW,context=boolean[]:446,2=false
FW,context=boolean[]:446,3=false
FW,context=boolean[]:446,4=false
FW,context=boolean[]:446,5=false
FW,context=boolean[]:446,6=false
FW,context=boolean[]:446,7=false
FW,context=boolean[][]:56,5=boolean[]:446
NO,object=boolean[]:447
FW,context=boolean[]:447,0=false
FW,context=boolean[]:447,1=false
FW,context=boolean[]:447,2=false
FW,context=boolean[]:447,3=false
FW,context=boolean[]:447,4=false
FW,context=boolean[]:447,5=false
FW,context=boolean[]:447,6=false
FW,context=boolean[]:447,7=false
FW,context=boolean[][]:56,6=boolean[]:447
NO,object=boolean[]:448
FW,context=boolean[]:448,0=false
FW,context=boolean[]:448,1=false
FW,context=boolean[]:448,2=false
FW,context=boolean[]:448,3=false
FW,context=boolean[]:448,4=false
FW,context=boolean[]:448,5=false
FW,context=boolean[]:448,6=false
FW,context=boolean[]:448,7=false
FW,context=boolean[][]:56,7=boolean[]:448
FW,context=boolean[][][]:7,6=boolean[][]:56
NO,object=boolean[][]:57
NO,object=boolean[]:449
FW,context=boolean[]:449,0=false
FW,context=boolean[]:449,1=false
FW,context=boolean[]:449,2=false
FW,context=boolean[]:449,3=false
FW,context=boolean[]:449,4=false
FW,context=boolean[]:449,5=false
FW,context=boolean[]:449,6=false
FW,context=boolean[]:449,7=false
FW,context=boolean[][]:57,0=boolean[]:449
NO,object=boolean[]:450
FW,context=boolean[]:450,0=false
FW,context=boolean[]:450,1=false
FW,context=boolean[]:450,2=false
FW,context=boolean[]:450,3=false
FW,context=boolean[]:450,4=false
FW,context=boolean[]:450,5=false
FW,context=boolean[]:450,6=false
FW,context=boolean[]:450,7=false
FW,context=boolean[][]:57,1=boolean[]:450
NO,object=boolean[]:451
FW,context=boolean[]:451,0=false
FW,context=boolean[]:451,1=false
FW,context=boolean[]:451,2=false
FW,context=boolean[]:451,3=false
FW,context=boolean[]:451,4=false
FW,context=boolean[]:451,5=false
FW,context=boolean[]:451,6=false
FW,context=boolean[]:451,7=false
FW,context=boolean[][]:57,2=boolean[]:451
NO,object=boolean[]:452
FW,context=boolean[]:452,0=false
FW,context=boolean[]:452,1=false
FW,context=boolean[]:452,2=false
FW,context=boolean[]:452,3=false
FW,context=boolean[]:452,4=false
FW,context=boolean[]:452,5=false
FW,context=boolean[]:452,6=false
FW,context=boolean[]:452,7=false
FW,context=boolean[][]:57,3=boolean[]:452
NO,object=boolean[]:453
FW,context=boolean[]:453,0=false
FW,context=boolean[]:453,1=false
FW,context=boolean[]:453,2=false
FW,context=boolean[]:453,3=false
FW,context=boolean[]:453,4=false
FW,context=boolean[]:453,5=false
FW,context=boolean[]:453,6=false
FW,context=boolean[]:453,7=false
FW,context=boolean[][]:57,4=boolean[]:453
NO,object=boolean[]:454
FW,context=boolean[]:454,0=false
FW,context=boolean[]:454,1=false
FW,context=boolean[]:454,2=false
FW,context=boolean[]:454,3=false
FW,context=boolean[]:454,4=false
FW,context=boolean[]:454,5=false
FW,context=boolean[]:454,6=false
FW,context=boolean[]:454,7=false
FW,context=boolean[][]:57,5=boolean[]:454
NO,object=boolean[]:455
FW,context=boolean[]:455,0=false
FW,context=boolean[]:455,1=false
FW,context=boolean[]:455,2=false
FW,context=boolean[]:455,3=false
FW,context=boolean[]:455,4=false
FW,context=boolean[]:455,5=false
FW,context=boolean[]:455,6=false
FW,context=boolean[]:455,7=false
FW,context=boolean[][]:57,6=boolean[]:455
NO,object=boolean[]:456
FW,context=boolean[]:456,0=false
FW,context=boolean[]:456,1=false
FW,context=boolean[]:456,2=false
FW,context=boolean[]:456,3=false
FW,context=boolean[]:456,4=false
FW,context=boolean[]:456,5=false
FW,context=boolean[]:456,6=false
FW,context=boolean[]:456,7=false
FW,context=boolean[][]:57,7=boolean[]:456
FW,context=boolean[][][]:7,7=boolean[][]:57
FW,context=boolean[][][][]:1,6=boolean[][][]:7
NO,object=boolean[][][]:8
NO,object=boolean[][]:58
NO,object=boolean[]:457
FW,context=boolean[]:457,0=false
FW,context=boolean[]:457,1=false
FW,context=boolean[]:457,2=false
FW,context=boolean[]:457,3=false
FW,context=boolean[]:457,4=false
FW,context=boolean[]:457,5=false
FW,context=boolean[]:457,6=false
FW,context=boolean[]:457,7=false
FW,context=boolean[][]:58,0=boolean[]:457
NO,object=boolean[]:458
FW,context=boolean[]:458,0=false
FW,context=boolean[]:458,1=false
FW,context=boolean[]:458,2=false
FW,context=boolean[]:458,3=false
FW,context=boolean[]:458,4=false
FW,context=boolean[]:458,5=false
FW,context=boolean[]:458,6=false
FW,context=boolean[]:458,7=false
FW,context=boolean[][]:58,1=boolean[]:458
NO,object=boolean[]:459
FW,context=boolean[]:459,0=false
FW,context=boolean[]:459,1=false
FW,context=boolean[]:459,2=false
FW,context=boolean[]:459,3=false
FW,context=boolean[]:459,4=false
FW,context=boolean[]:459,5=false
FW,context=boolean[]:459,6=false
FW,context=boolean[]:459,7=false
FW,context=boolean[][]:58,2=boolean[]:459
NO,object=boolean[]:460
FW,context=boolean[]:460,0=false
FW,context=boolean[]:460,1=false
FW,context=boolean[]:460,2=false
FW,context=boolean[]:460,3=false
FW,context=boolean[]:460,4=false
FW,context=boolean[]:460,5=false
FW,context=boolean[]:460,6=false
FW,context=boolean[]:460,7=false
FW,context=boolean[][]:58,3=boolean[]:460
NO,object=boolean[]:461
FW,context=boolean[]:461,0=false
FW,context=boolean[]:461,1=false
FW,context=boolean[]:461,2=false
FW,context=boolean[]:461,3=false
FW,context=boolean[]:461,4=false
FW,context=boolean[]:461,5=false
FW,context=boolean[]:461,6=false
FW,context=boolean[]:461,7=false
FW,context=boolean[][]:58,4=boolean[]:461
NO,object=boolean[]:462
FW,context=boolean[]:462,0=false
FW,context=boolean[]:462,1=false
FW,context=boolean[]:462,2=false
FW,context=boolean[]:462,3=false
FW,context=boolean[]:462,4=false
FW,context=boolean[]:462,5=false
FW,context=boolean[]:462,6=false
FW,context=boolean[]:462,7=false
FW,context=boolean[][]:58,5=boolean[]:462
NO,object=boolean[]:463
FW,context=boolean[]:463,0=false
FW,context=boolean[]:463,1=false
FW,context=boolean[]:463,2=false
FW,context=boolean[]:463,3=false
FW,context=boolean[]:463,4=false
FW,context=boolean[]:463,5=false
FW,context=boolean[]:463,6=false
FW,context=boolean[]:463,7=false
FW,context=boolean[][]:58,6=boolean[]:463
NO,object=boolean[]:464
FW,context=boolean[]:464,0=false
FW,context=boolean[]:464,1=false
FW,context=boolean[]:464,2=false
FW,context=boolean[]:464,3=false
FW,context=boolean[]:464,4=false
FW,context=boolean[]:464,5=false
FW,context=boolean[]:464,6=false
FW,context=boolean[]:464,7=false
FW,context=boolean[][]:58,7=boolean[]:464
FW,context=boolean[][][]:8,0=boolean[][]:58
NO,object=boolean[][]:59
NO,object=boolean[]:465
FW,context=boolean[]:465,0=false
FW,context=boolean[]:465,1=false
FW,context=boolean[]:465,2=false
FW,context=boolean[]:465,3=false
FW,context=boolean[]:465,4=false
FW,context=boolean[]:465,5=false
FW,context=boolean[]:465,6=false
FW,context=boolean[]:465,7=false
FW,context=boolean[][]:59,0=boolean[]:465
NO,object=boolean[]:466
FW,context=boolean[]:466,0=false
FW,context=boolean[]:466,1=false
FW,context=boolean[]:466,2=false
FW,context=boolean[]:466,3=false
FW,context=boolean[]:466,4=false
FW,context=boolean[]:466,5=false
FW,context=boolean[]:466,6=false
FW,context=boolean[]:466,7=false
FW,context=boolean[][]:59,1=boolean[]:466
NO,object=boolean[]:467
FW,context=boolean[]:467,0=false
FW,context=boolean[]:467,1=false
FW,context=boolean[]:467,2=false
FW,context=boolean[]:467,3=false
FW,context=boolean[]:467,4=false
FW,context=boolean[]:467,5=false
FW,context=boolean[]:467,6=false
FW,context=boolean[]:467,7=false
FW,context=boolean[][]:59,2=boolean[]:467
NO,object=boolean[]:468
FW,context=boolean[]:468,0=false
FW,context=boolean[]:468,1=false
FW,context=boolean[]:468,2=false
FW,context=boolean[]:468,3=false
FW,context=boolean[]:468,4=false
FW,context=boolean[]:468,5=false
FW,context=boolean[]:468,6=false
FW,context=boolean[]:468,7=false
FW,context=boolean[][]:59,3=boolean[]:468
NO,object=boolean[]:469
FW,context=boolean[]:469,0=false
FW,context=boolean[]:469,1=false
FW,context=boolean[]:469,2=false
FW,context=boolean[]:469,3=false
FW,context=boolean[]:469,4=false
FW,context=boolean[]:469,5=false
FW,context=boolean[]:469,6=false
FW,context=boolean[]:469,7=false
FW,context=boolean[][]:59,4=boolean[]:469
NO,object=boolean[]:470
FW,context=boolean[]:470,0=false
FW,context=boolean[]:470,1=false
FW,context=boolean[]:470,2=false
FW,context=boolean[]:470,3=false
FW,context=boolean[]:470,4=false
FW,context=boolean[]:470,5=false
FW,context=boolean[]:470,6=false
FW,context=boolean[]:470,7=false
FW,context=boolean[][]:59,5=boolean[]:470
NO,object=boolean[]:471
FW,context=boolean[]:471,0=false
FW,context=boolean[]:471,1=false
FW,context=boolean[]:471,2=false
FW,context=boolean[]:471,3=false
FW,context=boolean[]:471,4=false
FW,context=boolean[]:471,5=false
FW,context=boolean[]:471,6=false
FW,context=boolean[]:471,7=false
FW,context=boolean[][]:59,6=boolean[]:471
NO,object=boolean[]:472
FW,context=boolean[]:472,0=false
FW,context=boolean[]:472,1=false
FW,context=boolean[]:472,2=false
FW,context=boolean[]:472,3=false
FW,context=boolean[]:472,4=false
FW,context=boolean[]:472,5=false
FW,context=boolean[]:472,6=false
FW,context=boolean[]:472,7=false
FW,context=boolean[][]:59,7=boolean[]:472
FW,context=boolean[][][]:8,1=boolean[][]:59
NO,object=boolean[][]:60
NO,object=boolean[]:473
FW,context=boolean[]:473,0=false
FW,context=boolean[]:473,1=false
FW,context=boolean[]:473,2=false
FW,context=boolean[]:473,3=false
FW,context=boolean[]:473,4=false
FW,context=boolean[]:473,5=false
FW,context=boolean[]:473,6=false
FW,context=boolean[]:473,7=false
FW,context=boolean[][]:60,0=boolean[]:473
NO,object=boolean[]:474
FW,context=boolean[]:474,0=false
FW,context=boolean[]:474,1=false
FW,context=boolean[]:474,2=false
FW,context=boolean[]:474,3=false
FW,context=boolean[]:474,4=false
FW,context=boolean[]:474,5=false
FW,context=boolean[]:474,6=false
FW,context=boolean[]:474,7=false
FW,context=boolean[][]:60,1=boolean[]:474
NO,object=boolean[]:475
FW,context=boolean[]:475,0=false
FW,context=boolean[]:475,1=false
FW,context=boolean[]:475,2=false
FW,context=boolean[]:475,3=false
FW,context=boolean[]:475,4=false
FW,context=boolean[]:475,5=false
FW,context=boolean[]:475,6=false
FW,context=boolean[]:475,7=false
FW,context=boolean[][]:60,2=boolean[]:475
NO,object=boolean[]:476
FW,context=boolean[]:476,0=false
FW,context=boolean[]:476,1=false
FW,context=boolean[]:476,2=false
FW,context=boolean[]:476,3=false
FW,context=boolean[]:476,4=false
FW,context=boolean[]:476,5=false
FW,context=boolean[]:476,6=false
FW,context=boolean[]:476,7=false
FW,context=boolean[][]:60,3=boolean[]:476
NO,object=boolean[]:477
FW,context=boolean[]:477,0=false
FW,context=boolean[]:477,1=false
FW,context=boolean[]:477,2=false
FW,context=boolean[]:477,3=false
FW,context=boolean[]:477,4=false
FW,context=boolean[]:477,5=false
FW,context=boolean[]:477,6=false
FW,context=boolean[]:477,7=false
FW,context=boolean[][]:60,4=boolean[]:477
NO,object=boolean[]:478
FW,context=boolean[]:478,0=false
FW,context=boolean[]:478,1=false
FW,context=boolean[]:478,2=false
FW,context=boolean[]:478,3=false
FW,context=boolean[]:478,4=false
FW,context=boolean[]:478,5=false
FW,context=boolean[]:478,6=false
FW,context=boolean[]:478,7=false
FW,context=boolean[][]:60,5=boolean[]:478
NO,object=boolean[]:479
FW,context=boolean[]:479,0=false
FW,context=boolean[]:479,1=false
FW,context=boolean[]:479,2=false
FW,context=boolean[]:479,3=false
FW,context=boolean[]:479,4=false
FW,context=boolean[]:479,5=false
FW,context=boolean[]:479,6=false
FW,context=boolean[]:479,7=false
FW,context=boolean[][]:60,6=boolean[]:479
NO,object=boolean[]:480
FW,context=boolean[]:480,0=false
FW,context=boolean[]:480,1=false
FW,context=boolean[]:480,2=false
FW,context=boolean[]:480,3=false
FW,context=boolean[]:480,4=false
FW,context=boolean[]:480,5=false
FW,context=boolean[]:480,6=false
FW,context=boolean[]:480,7=false
FW,context=boolean[][]:60,7=boolean[]:480
FW,context=boolean[][][]:8,2=boolean[][]:60
NO,object=boolean[][]:61
NO,object=boolean[]:481
FW,context=boolean[]:481,0=false
FW,context=boolean[]:481,1=false
FW,context=boolean[]:481,2=false
FW,context=boolean[]:481,3=false
FW,context=boolean[]:481,4=false
FW,context=boolean[]:481,5=false
FW,context=boolean[]:481,6=false
FW,context=boolean[]:481,7=false
FW,context=boolean[][]:61,0=boolean[]:481
NO,object=boolean[]:482
FW,context=boolean[]:482,0=false
FW,context=boolean[]:482,1=false
FW,context=boolean[]:482,2=false
FW,context=boolean[]:482,3=false
FW,context=boolean[]:482,4=false
FW,context=boolean[]:482,5=false
FW,context=boolean[]:482,6=false
FW,context=boolean[]:482,7=false
FW,context=boolean[][]:61,1=boolean[]:482
NO,object=boolean[]:483
FW,context=boolean[]:483,0=false
FW,context=boolean[]:483,1=false
FW,context=boolean[]:483,2=false
FW,context=boolean[]:483,3=false
FW,context=boolean[]:483,4=false
FW,context=boolean[]:483,5=false
FW,context=boolean[]:483,6=false
FW,context=boolean[]:483,7=false
FW,context=boolean[][]:61,2=boolean[]:483
NO,object=boolean[]:484
FW,context=boolean[]:484,0=false
FW,context=boolean[]:484,1=false
FW,context=boolean[]:484,2=false
FW,context=boolean[]:484,3=false
FW,context=boolean[]:484,4=false
FW,context=boolean[]:484,5=false
FW,context=boolean[]:484,6=false
FW,context=boolean[]:484,7=false
FW,context=boolean[][]:61,3=boolean[]:484
NO,object=boolean[]:485
FW,context=boolean[]:485,0=false
FW,context=boolean[]:485,1=false
FW,context=boolean[]:485,2=false
FW,context=boolean[]:485,3=false
FW,context=boolean[]:485,4=false
FW,context=boolean[]:485,5=false
FW,context=boolean[]:485,6=false
FW,context=boolean[]:485,7=false
FW,context=boolean[][]:61,4=boolean[]:485
NO,object=boolean[]:486
FW,context=boolean[]:486,0=false
FW,context=boolean[]:486,1=false
FW,context=boolean[]:486,2=false
FW,context=boolean[]:486,3=false
FW,context=boolean[]:486,4=false
FW,context=boolean[]:486,5=false
FW,context=boolean[]:486,6=false
FW,context=boolean[]:486,7=false
FW,context=boolean[][]:61,5=boolean[]:486
NO,object=boolean[]:487
FW,context=boolean[]:487,0=false
FW,context=boolean[]:487,1=false
FW,context=boolean[]:487,2=false
FW,context=boolean[]:487,3=false
FW,context=boolean[]:487,4=false
FW,context=boolean[]:487,5=false
FW,context=boolean[]:487,6=false
FW,context=boolean[]:487,7=false
FW,context=boolean[][]:61,6=boolean[]:487
NO,object=boolean[]:488
FW,context=boolean[]:488,0=false
FW,context=boolean[]:488,1=false
FW,context=boolean[]:488,2=false
FW,context=boolean[]:488,3=false
FW,context=boolean[]:488,4=false
FW,context=boolean[]:488,5=false
FW,context=boolean[]:488,6=false
FW,context=boolean[]:488,7=false
FW,context=boolean[][]:61,7=boolean[]:488
FW,context=boolean[][][]:8,3=boolean[][]:61
NO,object=boolean[][]:62
NO,object=boolean[]:489
FW,context=boolean[]:489,0=false
FW,context=boolean[]:489,1=false
FW,context=boolean[]:489,2=false
FW,context=boolean[]:489,3=false
FW,context=boolean[]:489,4=false
FW,context=boolean[]:489,5=false
FW,context=boolean[]:489,6=false
FW,context=boolean[]:489,7=false
FW,context=boolean[][]:62,0=boolean[]:489
NO,object=boolean[]:490
FW,context=boolean[]:490,0=false
FW,context=boolean[]:490,1=false
FW,context=boolean[]:490,2=false
FW,context=boolean[]:490,3=false
FW,context=boolean[]:490,4=false
FW,context=boolean[]:490,5=false
FW,context=boolean[]:490,6=false
FW,context=boolean[]:490,7=false
FW,context=boolean[][]:62,1=boolean[]:490
NO,object=boolean[]:491
FW,context=boolean[]:491,0=false
FW,context=boolean[]:491,1=false
FW,context=boolean[]:491,2=false
FW,context=boolean[]:491,3=false
FW,context=boolean[]:491,4=false
FW,context=boolean[]:491,5=false
FW,context=boolean[]:491,6=false
FW,context=boolean[]:491,7=false
FW,context=boolean[][]:62,2=boolean[]:491
NO,object=boolean[]:492
FW,context=boolean[]:492,0=false
FW,context=boolean[]:492,1=false
FW,context=boolean[]:492,2=false
FW,context=boolean[]:492,3=false
FW,context=boolean[]:492,4=false
FW,context=boolean[]:492,5=false
FW,context=boolean[]:492,6=false
FW,context=boolean[]:492,7=false
FW,context=boolean[][]:62,3=boolean[]:492
NO,object=boolean[]:493
FW,context=boolean[]:493,0=false
FW,context=boolean[]:493,1=false
FW,context=boolean[]:493,2=false
FW,context=boolean[]:493,3=false
FW,context=boolean[]:493,4=false
FW,context=boolean[]:493,5=false
FW,context=boolean[]:493,6=false
FW,context=boolean[]:493,7=false
FW,context=boolean[][]:62,4=boolean[]:493
NO,object=boolean[]:494
FW,context=boolean[]:494,0=false
FW,context=boolean[]:494,1=false
FW,context=boolean[]:494,2=false
FW,context=boolean[]:494,3=false
FW,context=boolean[]:494,4=false
FW,context=boolean[]:494,5=false
FW,context=boolean[]:494,6=false
FW,context=boolean[]:494,7=false
FW,context=boolean[][]:62,5=boolean[]:494
NO,object=boolean[]:495
FW,context=boolean[]:495,0=false
FW,context=boolean[]:495,1=false
FW,context=boolean[]:495,2=false
FW,context=boolean[]:495,3=false
FW,context=boolean[]:495,4=false
FW,context=boolean[]:495,5=false
FW,context=boolean[]:495,6=false
FW,context=boolean[]:495,7=false
FW,context=boolean[][]:62,6=boolean[]:495
NO,object=boolean[]:496
FW,context=boolean[]:496,0=false
FW,context=boolean[]:496,1=false
FW,context=boolean[]:496,2=false
FW,context=boolean[]:496,3=false
FW,context=boolean[]:496,4=false
FW,context=boolean[]:496,5=false
FW,context=boolean[]:496,6=false
FW,context=boolean[]:496,7=false
FW,context=boolean[][]:62,7=boolean[]:496
FW,context=boolean[][][]:8,4=boolean[][]:62
NO,object=boolean[][]:63
NO,object=boolean[]:497
FW,context=boolean[]:497,0=false
FW,context=boolean[]:497,1=false
FW,context=boolean[]:497,2=false
FW,context=boolean[]:497,3=false
FW,context=boolean[]:497,4=false
FW,context=boolean[]:497,5=false
FW,context=boolean[]:497,6=false
FW,context=boolean[]:497,7=false
FW,context=boolean[][]:63,0=boolean[]:497
NO,object=boolean[]:498
FW,context=boolean[]:498,0=false
FW,context=boolean[]:498,1=false
FW,context=boolean[]:498,2=false
FW,context=boolean[]:498,3=false
FW,context=boolean[]:498,4=false
FW,context=boolean[]:498,5=false
FW,context=boolean[]:498,6=false
FW,context=boolean[]:498,7=false
FW,context=boolean[][]:63,1=boolean[]:498
NO,object=boolean[]:499
FW,context=boolean[]:499,0=false
FW,context=boolean[]:499,1=false
FW,context=boolean[]:499,2=false
FW,context=boolean[]:499,3=false
FW,context=boolean[]:499,4=false
FW,context=boolean[]:499,5=false
FW,context=boolean[]:499,6=false
FW,context=boolean[]:499,7=false
FW,context=boolean[][]:63,2=boolean[]:499
NO,object=boolean[]:500
FW,context=boolean[]:500,0=false
FW,context=boolean[]:500,1=false
FW,context=boolean[]:500,2=false
FW,context=boolean[]:500,3=false
FW,context=boolean[]:500,4=false
FW,context=boolean[]:500,5=false
FW,context=boolean[]:500,6=false
FW,context=boolean[]:500,7=false
FW,context=boolean[][]:63,3=boolean[]:500
NO,object=boolean[]:501
FW,context=boolean[]:501,0=false
FW,context=boolean[]:501,1=false
FW,context=boolean[]:501,2=false
FW,context=boolean[]:501,3=false
FW,context=boolean[]:501,4=false
FW,context=boolean[]:501,5=false
FW,context=boolean[]:501,6=false
FW,context=boolean[]:501,7=false
FW,context=boolean[][]:63,4=boolean[]:501
NO,object=boolean[]:502
FW,context=boolean[]:502,0=false
FW,context=boolean[]:502,1=false
FW,context=boolean[]:502,2=false
FW,context=boolean[]:502,3=false
FW,context=boolean[]:502,4=false
FW,context=boolean[]:502,5=false
FW,context=boolean[]:502,6=false
FW,context=boolean[]:502,7=false
FW,context=boolean[][]:63,5=boolean[]:502
NO,object=boolean[]:503
FW,context=boolean[]:503,0=false
FW,context=boolean[]:503,1=false
FW,context=boolean[]:503,2=false
FW,context=boolean[]:503,3=false
FW,context=boolean[]:503,4=false
FW,context=boolean[]:503,5=false
FW,context=boolean[]:503,6=false
FW,context=boolean[]:503,7=false
FW,context=boolean[][]:63,6=boolean[]:503
NO,object=boolean[]:504
FW,context=boolean[]:504,0=false
FW,context=boolean[]:504,1=false
FW,context=boolean[]:504,2=false
FW,context=boolean[]:504,3=false
FW,context=boolean[]:504,4=false
FW,context=boolean[]:504,5=false
FW,context=boolean[]:504,6=false
FW,context=boolean[]:504,7=false
FW,context=boolean[][]:63,7=boolean[]:504
FW,context=boolean[][][]:8,5=boolean[][]:63
NO,object=boolean[][]:64
NO,object=boolean[]:505
FW,context=boolean[]:505,0=false
FW,context=boolean[]:505,1=false
FW,context=boolean[]:505,2=false
FW,context=boolean[]:505,3=false
FW,context=boolean[]:505,4=false
FW,context=boolean[]:505,5=false
FW,context=boolean[]:505,6=false
FW,context=boolean[]:505,7=false
FW,context=boolean[][]:64,0=boolean[]:505
NO,object=boolean[]:506
FW,context=boolean[]:506,0=false
FW,context=boolean[]:506,1=false
FW,context=boolean[]:506,2=false
FW,context=boolean[]:506,3=false
FW,context=boolean[]:506,4=false
FW,context=boolean[]:506,5=false
FW,context=boolean[]:506,6=false
FW,context=boolean[]:506,7=false
FW,context=boolean[][]:64,1=boolean[]:506
NO,object=boolean[]:507
FW,context=boolean[]:507,0=false
FW,context=boolean[]:507,1=false
FW,context=boolean[]:507,2=false
FW,context=boolean[]:507,3=false
FW,context=boolean[]:507,4=false
FW,context=boolean[]:507,5=false
FW,context=boolean[]:507,6=false
FW,context=boolean[]:507,7=false
FW,context=boolean[][]:64,2=boolean[]:507
NO,object=boolean[]:508
FW,context=boolean[]:508,0=false
FW,context=boolean[]:508,1=false
FW,context=boolean[]:508,2=false
FW,context=boolean[]:508,3=false
FW,context=boolean[]:508,4=false
FW,context=boolean[]:508,5=false
FW,context=boolean[]:508,6=false
FW,context=boolean[]:508,7=false
FW,context=boolean[][]:64,3=boolean[]:508
NO,object=boolean[]:509
FW,context=boolean[]:509,0=false
FW,context=boolean[]:509,1=false
FW,context=boolean[]:509,2=false
FW,context=boolean[]:509,3=false
FW,context=boolean[]:509,4=false
FW,context=boolean[]:509,5=false
FW,context=boolean[]:509,6=false
FW,context=boolean[]:509,7=false
FW,context=boolean[][]:64,4=boolean[]:509
NO,object=boolean[]:510
FW,context=boolean[]:510,0=false
FW,context=boolean[]:510,1=false
FW,context=boolean[]:510,2=false
FW,context=boolean[]:510,3=false
FW,context=boolean[]:510,4=false
FW,context=boolean[]:510,5=false
FW,context=boolean[]:510,6=false
FW,context=boolean[]:510,7=false
FW,context=boolean[][]:64,5=boolean[]:510
NO,object=boolean[]:511
FW,context=boolean[]:511,0=false
FW,context=boolean[]:511,1=false
FW,context=boolean[]:511,2=false
FW,context=boolean[]:511,3=false
FW,context=boolean[]:511,4=false
FW,context=boolean[]:511,5=false
FW,context=boolean[]:511,6=false
FW,context=boolean[]:511,7=false
FW,context=boolean[][]:64,6=boolean[]:511
NO,object=boolean[]:512
FW,context=boolean[]:512,0=false
FW,context=boolean[]:512,1=false
FW,context=boolean[]:512,2=false
FW,context=boolean[]:512,3=false
FW,context=boolean[]:512,4=false
FW,context=boolean[]:512,5=false
FW,context=boolean[]:512,6=false
FW,context=boolean[]:512,7=false
FW,context=boolean[][]:64,7=boolean[]:512
FW,context=boolean[][][]:8,6=boolean[][]:64
NO,object=boolean[][]:65
NO,object=boolean[]:513
FW,context=boolean[]:513,0=false
FW,context=boolean[]:513,1=false
FW,context=boolean[]:513,2=false
FW,context=boolean[]:513,3=false
FW,context=boolean[]:513,4=false
FW,context=boolean[]:513,5=false
FW,context=boolean[]:513,6=false
FW,context=boolean[]:513,7=false
FW,context=boolean[][]:65,0=boolean[]:513
NO,object=boolean[]:514
FW,context=boolean[]:514,0=false
FW,context=boolean[]:514,1=false
FW,context=boolean[]:514,2=false
FW,context=boolean[]:514,3=false
FW,context=boolean[]:514,4=false
FW,context=boolean[]:514,5=false
FW,context=boolean[]:514,6=false
FW,context=boolean[]:514,7=false
FW,context=boolean[][]:65,1=boolean[]:514
NO,object=boolean[]:515
FW,context=boolean[]:515,0=false
FW,context=boolean[]:515,1=false
FW,context=boolean[]:515,2=false
FW,context=boolean[]:515,3=false
FW,context=boolean[]:515,4=false
FW,context=boolean[]:515,5=false
FW,context=boolean[]:515,6=false
FW,context=boolean[]:515,7=false
FW,context=boolean[][]:65,2=boolean[]:515
NO,object=boolean[]:516
FW,context=boolean[]:516,0=false
FW,context=boolean[]:516,1=false
FW,context=boolean[]:516,2=false
FW,context=boolean[]:516,3=false
FW,context=boolean[]:516,4=false
FW,context=boolean[]:516,5=false
FW,context=boolean[]:516,6=false
FW,context=boolean[]:516,7=false
FW,context=boolean[][]:65,3=boolean[]:516
NO,object=boolean[]:517
FW,context=boolean[]:517,0=false
FW,context=boolean[]:517,1=false
FW,context=boolean[]:517,2=false
FW,context=boolean[]:517,3=false
FW,context=boolean[]:517,4=false
FW,context=boolean[]:517,5=false
FW,context=boolean[]:517,6=false
FW,context=boolean[]:517,7=false
FW,context=boolean[][]:65,4=boolean[]:517
NO,object=boolean[]:518
FW,context=boolean[]:518,0=false
FW,context=boolean[]:518,1=false
FW,context=boolean[]:518,2=false
FW,context=boolean[]:518,3=false
FW,context=boolean[]:518,4=false
FW,context=boolean[]:518,5=false
FW,context=boolean[]:518,6=false
FW,context=boolean[]:518,7=false
FW,context=boolean[][]:65,5=boolean[]:518
NO,object=boolean[]:519
FW,context=boolean[]:519,0=false
FW,context=boolean[]:519,1=false
FW,context=boolean[]:519,2=false
FW,context=boolean[]:519,3=false
FW,context=boolean[]:519,4=false
FW,context=boolean[]:519,5=false
FW,context=boolean[]:519,6=false
FW,context=boolean[]:519,7=false
FW,context=boolean[][]:65,6=boolean[]:519
NO,object=boolean[]:520
FW,context=boolean[]:520,0=false
FW,context=boolean[]:520,1=false
FW,context=boolean[]:520,2=false
FW,context=boolean[]:520,3=false
FW,context=boolean[]:520,4=false
FW,context=boolean[]:520,5=false
FW,context=boolean[]:520,6=false
FW,context=boolean[]:520,7=false
FW,context=boolean[][]:65,7=boolean[]:520
FW,context=boolean[][][]:8,7=boolean[][]:65
FW,context=boolean[][][][]:1,7=boolean[][][]:8
VW,context=Main:1#run:1,mem=boolean[][][][]:1
FR,context=Main$Pair:2,y
FR,context=Main$Pair:2,x
FR,context=Main$Pair:1,y
FR,context=Main$Pair:1,x
VW,context=Main:1#run:1,mem=boolean[][][][]:1
VW,context=Main:1#run:1,pair=Main$Pair:3
FR,context=Main$Pair:3,y
FR,context=Main$Pair:3,dy
VW,context=Main:1#run:1,i=0
FR,context=Main$Pair:3,y
FR,context=Main:1,move
VW,context=Main:1#run:1,nty=1
FR,context=Main$Pair:3,x
FR,context=Main:1,move
VW,context=Main:1#run:1,ntx=6
FR,context=Main$Pair:3,dy
FR,context=Main:1,move
VW,context=Main:1#run:1,nky=5
FR,context=Main$Pair:3,dx
FR,context=Main:1,move
VW,context=Main:1#run:1,nkx=2
VW,context=Main:1#run:1,mem=boolean[][][][]:1
NO,object=Main$Pair:4
MC,caller=Main:1#run:1,target=Main$Pair:4#Main$Pair:3
VW,context=Main$Pair:4#Main$Pair:3,y=1
VW,context=Main$Pair:4#Main$Pair:3,x=6
FW,context=Main$Pair:4,y=1
FW,context=Main$Pair:4,x=6
ME,returner=Main$Pair:4#Main$Pair:3,value=<void>
NO,object=Main$Pair:5
MC,caller=Main:1#run:1,target=Main$Pair:5#Main$Pair:4
VW,context=Main$Pair:5#Main$Pair:4,y=5
VW,context=Main$Pair:5#Main$Pair:4,x=2
FW,context=Main$Pair:5,y=5
FW,context=Main$Pair:5,x=2
ME,returner=Main$Pair:5#Main$Pair:4,value=<void>
MC,caller=Main:1#run:1,target=Main:1#dist:2
VW,context=Main:1#dist:2,b=Main$Pair:5
VW,context=Main:1#dist:2,a=Main$Pair:4
FR,context=Main$Pair:4,x
FR,context=Main$Pair:5,x
FR,context=Main$Pair:4,y
FR,context=Main$Pair:5,y
VW,context=Main:1#dist:2,result=8
ME,returner=Main:1#dist:2,value=8
VW,context=Main:1#run:1,newdis=8
FR,context=Main$Pair:3,cost
FR,context=Main$Pair:3,cost
NO,object=Main$Pair:6
MC,caller=Main:1#run:1,target=Main$Pair:6#Main$Pair:2
VW,context=Main$Pair:6#Main$Pair:2,y=1
VW,context=Main$Pair:6#Main$Pair:2,x=6
VW,context=Main$Pair:6#Main$Pair:2,cost=2
VW,context=Main$Pair:6#Main$Pair:2,md=10
VW,context=Main$Pair:6#Main$Pair:2,dy=5
VW,context=Main$Pair:6#Main$Pair:2,dx=2
FW,context=Main$Pair:6,y=1
FW,context=Main$Pair:6,x=6
FW,context=Main$Pair:6,dy=5
FW,context=Main$Pair:6,dx=2
FW,context=Main$Pair:6,cost=2
FW,context=Main$Pair:6,md=10
ME,returner=Main$Pair:6#Main$Pair:2,value=<void>
VW,context=Main:1#run:1,i=1
VD,method=Main:1#run:1 <name=nty,type=int (id=7),value=<?>,index=18>
VD,method=Main:1#run:1 <name=ntx,type=int (id=7),value=<?>,index=19>
VD,method=Main:1#run:1 <name=nky,type=int (id=7),value=<?>,index=20>
VD,method=Main:1#run:1 <name=nkx,type=int (id=7),value=<?>,index=21>
VD,method=Main:1#run:1 <name=newdis,type=int (id=7),value=<?>,index=22>
FR,context=Main$Pair:3,y
FR,context=Main:1,move
VW,context=Main:1#run:1,nty=2
FR,context=Main$Pair:3,x
FR,context=Main:1,move
VW,context=Main:1#run:1,ntx=5
FR,context=Main$Pair:3,dy
FR,context=Main:1,move
VW,context=Main:1#run:1,nky=4
FR,context=Main$Pair:3,dx
FR,context=Main:1,move
VW,context=Main:1#run:1,nkx=3
VW,context=Main:1#run:1,mem=boolean[][][][]:1
NO,object=Main$Pair:7
MC,caller=Main:1#run:1,target=Main$Pair:7#Main$Pair:5
VW,context=Main$Pair:7#Main$Pair:5,y=2
VW,context=Main$Pair:7#Main$Pair:5,x=5
FW,context=Main$Pair:7,y=2
FW,context=Main$Pair:7,x=5
ME,returner=Main$Pair:7#Main$Pair:5,value=<void>
NO,object=Main$Pair:8
MC,caller=Main:1#run:1,target=Main$Pair:8#Main$Pair:6
VW,context=Main$Pair:8#Main$Pair:6,y=4
VW,context=Main$Pair:8#Main$Pair:6,x=3
FW,context=Main$Pair:8,y=4
FW,context=Main$Pair:8,x=3
ME,returner=Main$Pair:8#Main$Pair:6,value=<void>
MC,caller=Main:1#run:1,target=Main:1#dist:3
VW,context=Main:1#dist:3,b=Main$Pair:8
VW,context=Main:1#dist:3,a=Main$Pair:7
FR,context=Main$Pair:7,x
FR,context=Main$Pair:8,x
FR,context=Main$Pair:7,y
FR,context=Main$Pair:8,y
VW,context=Main:1#dist:3,result=4
ME,returner=Main:1#dist:3,value=4
VW,context=Main:1#run:1,newdis=4
FR,context=Main$Pair:3,cost
FR,context=Main$Pair:3,cost
NO,object=Main$Pair:9
MC,caller=Main:1#run:1,target=Main$Pair:9#Main$Pair:3
VW,context=Main$Pair:9#Main$Pair:3,y=2
VW,context=Main$Pair:9#Main$Pair:3,x=5
VW,context=Main$Pair:9#Main$Pair:3,cost=2
VW,context=Main$Pair:9#Main$Pair:3,md=6
VW,context=Main$Pair:9#Main$Pair:3,dy=4
VW,context=Main$Pair:9#Main$Pair:3,dx=3
FW,context=Main$Pair:9,y=2
FW,context=Main$Pair:9,x=5
FW,context=Main$Pair:9,dy=4
FW,context=Main$Pair:9,dx=3
FW,context=Main$Pair:9,cost=2
FW,context=Main$Pair:9,md=6
ME,returner=Main$Pair:9#Main$Pair:3,value=<void>
VW,context=Main:1#run:1,i=2
VD,method=Main:1#run:1 <name=nty,type=int (id=7),value=<?>,index=18>
VD,method=Main:1#run:1 <name=ntx,type=int (id=7),value=<?>,index=19>
VD,method=Main:1#run:1 <name=nky,type=int (id=7),value=<?>,index=20>
VD,method=Main:1#run:1 <name=nkx,type=int (id=7),value=<?>,index=21>
VD,method=Main:1#run:1 <name=newdis,type=int (id=7),value=<?>,index=22>
FR,context=Main$Pair:3,y
FR,context=Main:1,move
VW,context=Main:1#run:1,nty=3
FR,context=Main$Pair:3,x
FR,context=Main:1,move
VW,context=Main:1#run:1,ntx=6
FR,context=Main$Pair:3,dy
FR,context=Main:1,move
VW,context=Main:1#run:1,nky=3
FR,context=Main$Pair:3,dx
FR,context=Main:1,move
VW,context=Main:1#run:1,nkx=2
FR,context=Main$Pair:3,dy
VW,context=Main:1#run:1,nky=4
FR,context=Main$Pair:3,dx
VW,context=Main:1#run:1,nkx=2
VW,context=Main:1#run:1,mem=boolean[][][][]:1
NO,object=Main$Pair:10
MC,caller=Main:1#run:1,target=Main$Pair:10#Main$Pair:7
VW,context=Main$Pair:10#Main$Pair:7,y=3
VW,context=Main$Pair:10#Main$Pair:7,x=6
FW,context=Main$Pair:10,y=3
FW,context=Main$Pair:10,x=6
ME,returner=Main$Pair:10#Main$Pair:7,value=<void>
NO,object=Main$Pair:11
MC,caller=Main:1#run:1,target=Main$Pair:11#Main$Pair:8
VW,context=Main$Pair:11#Main$Pair:8,y=4
VW,context=Main$Pair:11#Main$Pair:8,x=2
FW,context=Main$Pair:11,y=4
FW,context=Main$Pair:11,x=2
ME,returner=Main$Pair:11#Main$Pair:8,value=<void>
MC,caller=Main:1#run:1,target=Main:1#dist:4
VW,context=Main:1#dist:4,b=Main$Pair:11
VW,context=Main:1#dist:4,a=Main$Pair:10
FR,context=Main$Pair:10,x
FR,context=Main$Pair:11,x
FR,context=Main$Pair:10,y
FR,context=Main$Pair:11,y
VW,context=Main:1#dist:4,result=5
ME,returner=Main:1#dist:4,value=5
VW,context=Main:1#run:1,newdis=5
FR,context=Main$Pair:3,cost
FR,context=Main$Pair:3,cost
NO,object=Main$Pair:12
MC,caller=Main:1#run:1,target=Main$Pair:12#Main$Pair:4
VW,context=Main$Pair:12#Main$Pair:4,y=3
VW,context=Main$Pair:12#Main$Pair:4,x=6
VW,context=Main$Pair:12#Main$Pair:4,cost=2
VW,context=Main$Pair:12#Main$Pair:4,md=7
VW,context=Main$Pair:12#Main$Pair:4,dy=4
VW,context=Main$Pair:12#Main$Pair:4,dx=2
FW,context=Main$Pair:12,y=3
FW,context=Main$Pair:12,x=6
FW,context=Main$Pair:12,dy=4
FW,context=Main$Pair:12,dx=2
FW,context=Main$Pair:12,cost=2
FW,context=Main$Pair:12,md=7
ME,returner=Main$Pair:12#Main$Pair:4,value=<void>
VW,context=Main:1#run:1,i=3
VD,method=Main:1#run:1 <name=nty,type=int (id=7),value=<?>,index=18>
VD,method=Main:1#run:1 <name=ntx,type=int (id=7),value=<?>,index=19>
VD,method=Main:1#run:1 <name=nky,type=int (id=7),value=<?>,index=20>
VD,method=Main:1#run:1 <name=nkx,type=int (id=7),value=<?>,index=21>
VD,method=Main:1#run:1 <name=newdis,type=int (id=7),value=<?>,index=22>
FR,context=Main$Pair:3,y
FR,context=Main:1,move
VW,context=Main:1#run:1,nty=2
FR,context=Main$Pair:3,x
FR,context=Main:1,move
VW,context=Main:1#run:1,ntx=7
FR,context=Main$Pair:3,dy
FR,context=Main:1,move
VW,context=Main:1#run:1,nky=4
FR,context=Main$Pair:3,dx
FR,context=Main:1,move
VW,context=Main:1#run:1,nkx=1
FR,context=Main$Pair:3,y
VW,context=Main:1#run:1,nty=2
FR,context=Main$Pair:3,x
VW,context=Main:1#run:1,ntx=6
VW,context=Main:1#run:1,mem=boolean[][][][]:1
NO,object=Main$Pair:13
MC,caller=Main:1#run:1,target=Main$Pair:13#Main$Pair:9
VW,context=Main$Pair:13#Main$Pair:9,y=2
VW,context=Main$Pair:13#Main$Pair:9,x=6
FW,context=Main$Pair:13,y=2
FW,context=Main$Pair:13,x=6
ME,returner=Main$Pair:13#Main$Pair:9,value=<void>
NO,object=Main$Pair:14
MC,caller=Main:1#run:1,target=Main$Pair:14#Main$Pair:10
VW,context=Main$Pair:14#Main$Pair:10,y=4
VW,context=Main$Pair:14#Main$Pair:10,x=1
FW,context=Main$Pair:14,y=4
FW,context=Main$Pair:14,x=1
ME,returner=Main$Pair:14#Main$Pair:10,value=<void>
MC,caller=Main:1#run:1,target=Main:1#dist:5
VW,context=Main:1#dist:5,b=Main$Pair:14
VW,context=Main:1#dist:5,a=Main$Pair:13
FR,context=Main$Pair:13,x
FR,context=Main$Pair:14,x
FR,context=Main$Pair:13,y
FR,context=Main$Pair:14,y
VW,context=Main:1#dist:5,result=7
ME,returner=Main:1#dist:5,value=7
VW,context=Main:1#run:1,newdis=7
FR,context=Main$Pair:3,cost
FR,context=Main$Pair:3,cost
NO,object=Main$Pair:15
MC,caller=Main:1#run:1,target=Main$Pair:15#Main$Pair:5
VW,context=Main$Pair:15#Main$Pair:5,y=2
VW,context=Main$Pair:15#Main$Pair:5,x=6
VW,context=Main$Pair:15#Main$Pair:5,cost=2
VW,context=Main$Pair:15#Main$Pair:5,md=9
VW,context=Main$Pair:15#Main$Pair:5,dy=4
VW,context=Main$Pair:15#Main$Pair:5,dx=1
FW,context=Main$Pair:15,y=2
FW,context=Main$Pair:15,x=6
FW,context=Main$Pair:15,dy=4
FW,context=Main$Pair:15,dx=1
FW,context=Main$Pair:15,cost=2
FW,context=Main$Pair:15,md=9
ME,returner=Main$Pair:15#Main$Pair:5,value=<void>
VD,method=Main:1#run:1 <name=nty,type=int (id=7),value=<?>,index=18>
VD,method=Main:1#run:1 <name=ntx,type=int (id=7),value=<?>,index=19>
VD,method=Main:1#run:1 <name=nky,type=int (id=7),value=<?>,index=20>
VD,method=Main:1#run:1 <name=nkx,type=int (id=7),value=<?>,index=21>
VD,method=Main:1#run:1 <name=newdis,type=int (id=7),value=<?>,index=22>
VD,method=Main:1#run:1 <name=pair,type=Main$Pair (id=90),value=<?>,index=16>
VD,method=Main:1#run:1 <name=i,type=int (id=7),value=<?>,index=17>
VW,context=Main:1#run:1,pair=Main$Pair:6
FR,context=Main$Pair:6,y
FR,context=Main$Pair:6,dy
VW,context=Main:1#run:1,i=0
FR,context=Main$Pair:6,y
FR,context=Main:1,move
VW,context=Main:1#run:1,nty=0
FR,context=Main$Pair:6,x
FR,context=Main:1,move
VW,context=Main:1#run:1,ntx=6
FR,context=Main$Pair:6,dy
FR,context=Main:1,move
VW,context=Main:1#run:1,nky=6
FR,context=Main$Pair:6,dx
FR,context=Main:1,move
VW,context=Main:1#run:1,nkx=2
FR,context=Main$Pair:6,y
VW,context=Main:1#run:1,nty=1
FR,context=Main$Pair:6,x
VW,context=Main:1#run:1,ntx=6
VW,context=Main:1#run:1,mem=boolean[][][][]:1
NO,object=Main$Pair:16
MC,caller=Main:1#run:1,target=Main$Pair:16#Main$Pair:11
VW,context=Main$Pair:16#Main$Pair:11,y=1
VW,context=Main$Pair:16#Main$Pair:11,x=6
FW,context=Main$Pair:16,y=1
FW,context=Main$Pair:16,x=6
ME,returner=Main$Pair:16#Main$Pair:11,value=<void>
NO,object=Main$Pair:17
MC,caller=Main:1#run:1,target=Main$Pair:17#Main$Pair:12
VW,context=Main$Pair:17#Main$Pair:12,y=6
VW,context=Main$Pair:17#Main$Pair:12,x=2
FW,context=Main$Pair:17,y=6
FW,context=Main$Pair:17,x=2
ME,returner=Main$Pair:17#Main$Pair:12,value=<void>
MC,caller=Main:1#run:1,target=Main:1#dist:6
VW,context=Main:1#dist:6,b=Main$Pair:17
VW,context=Main:1#dist:6,a=Main$Pair:16
FR,context=Main$Pair:16,x
FR,context=Main$Pair:17,x
FR,context=Main$Pair:16,y
FR,context=Main$Pair:17,y
VW,context=Main:1#dist:6,result=9
ME,returner=Main:1#dist:6,value=9
VW,context=Main:1#run:1,newdis=9
FR,context=Main$Pair:6,cost
FR,context=Main$Pair:6,cost
NO,object=Main$Pair:18
MC,caller=Main:1#run:1,target=Main$Pair:18#Main$Pair:6
VW,context=Main$Pair:18#Main$Pair:6,y=1
VW,context=Main$Pair:18#Main$Pair:6,x=6
VW,context=Main$Pair:18#Main$Pair:6,cost=4
VW,context=Main$Pair:18#Main$Pair:6,md=13
VW,context=Main$Pair:18#Main$Pair:6,dy=6
VW,context=Main$Pair:18#Main$Pair:6,dx=2
FW,context=Main$Pair:18,y=1
FW,context=Main$Pair:18,x=6
FW,context=Main$Pair:18,dy=6
FW,context=Main$Pair:18,dx=2
FW,context=Main$Pair:18,cost=4
FW,context=Main$Pair:18,md=13
ME,returner=Main$Pair:18#Main$Pair:6,value=<void>
VW,context=Main:1#run:1,i=1
VD,method=Main:1#run:1 <name=nty,type=int (id=7),value=<?>,index=18>
VD,method=Main:1#run:1 <name=ntx,type=int (id=7),value=<?>,index=19>
VD,method=Main:1#run:1 <name=nky,type=int (id=7),value=<?>,index=20>
VD,method=Main:1#run:1 <name=nkx,type=int (id=7),value=<?>,index=21>
VD,method=Main:1#run:1 <name=newdis,type=int (id=7),value=<?>,index=22>
FR,context=Main$Pair:6,y
FR,context=Main:1,move
VW,context=Main:1#run:1,nty=1
FR,context=Main$Pair:6,x
FR,context=Main:1,move
VW,context=Main:1#run:1,ntx=5
FR,context=Main$Pair:6,dy
FR,context=Main:1,move
VW,context=Main:1#run:1,nky=5
FR,context=Main$Pair:6,dx
FR,context=Main:1,move
VW,context=Main:1#run:1,nkx=3
FR,context=Main$Pair:6,y
VW,context=Main:1#run:1,nty=1
FR,context=Main$Pair:6,x
VW,context=Main:1#run:1,ntx=6
VW,context=Main:1#run:1,mem=boolean[][][][]:1
NO,object=Main$Pair:19
MC,caller=Main:1#run:1,target=Main$Pair:19#Main$Pair:13
VW,context=Main$Pair:19#Main$Pair:13,y=1
VW,context=Main$Pair:19#Main$Pair:13,x=6
FW,context=Main$Pair:19,y=1
FW,context=Main$Pair:19,x=6
ME,returner=Main$Pair:19#Main$Pair:13,value=<void>
NO,object=Main$Pair:20
MC,caller=Main:1#run:1,target=Main$Pair:20#Main$Pair:14
VW,context=Main$Pair:20#Main$Pair:14,y=5
VW,context=Main$Pair:20#Main$Pair:14,x=3
FW,context=Main$Pair:20,y=5
FW,context=Main$Pair:20,x=3
ME,returner=Main$Pair:20#Main$Pair:14,value=<void>
MC,caller=Main:1#run:1,target=Main:1#dist:7
VW,context=Main:1#dist:7,b=Main$Pair:20
VW,context=Main:1#dist:7,a=Main$Pair:19
FR,context=Main$Pair:19,x
FR,context=Main$Pair:20,x
FR,context=Main$Pair:19,y
FR,context=Main$Pair:20,y
VW,context=Main:1#dist:7,result=7
ME,returner=Main:1#dist:7,value=7
VW,context=Main:1#run:1,newdis=7
FR,context=Main$Pair:6,cost
FR,context=Main$Pair:6,cost
NO,object=Main$Pair:21
MC,caller=Main:1#run:1,target=Main$Pair:21#Main$Pair:7
VW,context=Main$Pair:21#Main$Pair:7,y=1
VW,context=Main$Pair:21#Main$Pair:7,x=6
VW,context=Main$Pair:21#Main$Pair:7,cost=4
VW,context=Main$Pair:21#Main$Pair:7,md=11
VW,context=Main$Pair:21#Main$Pair:7,dy=5
VW,context=Main$Pair:21#Main$Pair:7,dx=3
FW,context=Main$Pair:21,y=1
FW,context=Main$Pair:21,x=6
FW,context=Main$Pair:21,dy=5
FW,context=Main$Pair:21,dx=3
FW,context=Main$Pair:21,cost=4
FW,context=Main$Pair:21,md=11
ME,returner=Main$Pair:21#Main$Pair:7,value=<void>
VW,context=Main:1#run:1,i=2
VD,method=Main:1#run:1 <name=nty,type=int (id=7),value=<?>,index=18>
VD,method=Main:1#run:1 <name=ntx,type=int (id=7),value=<?>,index=19>
VD,method=Main:1#run:1 <name=nky,type=int (id=7),value=<?>,index=20>
VD,method=Main:1#run:1 <name=nkx,type=int (id=7),value=<?>,index=21>
VD,method=Main:1#run:1 <name=newdis,type=int (id=7),value=<?>,index=22>
FR,context=Main$Pair:6,y
FR,context=Main:1,move
VW,context=Main:1#run:1,nty=2
FR,context=Main$Pair:6,x
FR,context=Main:1,move
VW,context=Main:1#run:1,ntx=6
FR,context=Main$Pair:6,dy
FR,context=Main:1,move
VW,context=Main:1#run:1,nky=4
FR,context=Main$Pair:6,dx
FR,context=Main:1,move
VW,context=Main:1#run:1,nkx=2
VW,context=Main:1#run:1,i=3
VD,method=Main:1#run:1 <name=nty,type=int (id=7),value=<?>,index=18>
VD,method=Main:1#run:1 <name=ntx,type=int (id=7),value=<?>,index=19>
VD,method=Main:1#run:1 <name=nky,type=int (id=7),value=<?>,index=20>
VD,method=Main:1#run:1 <name=nkx,type=int (id=7),value=<?>,index=21>
FR,context=Main$Pair:6,y
FR,context=Main:1,move
VW,context=Main:1#run:1,nty=1
FR,context=Main$Pair:6,x
FR,context=Main:1,move
VW,context=Main:1#run:1,ntx=7
FR,context=Main$Pair:6,dy
FR,context=Main:1,move
VW,context=Main:1#run:1,nky=5
FR,context=Main$Pair:6,dx
FR,context=Main:1,move
VW,context=Main:1#run:1,nkx=1
FR,context=Main$Pair:6,y
VW,context=Main:1#run:1,nty=1
FR,context=Main$Pair:6,x
VW,context=Main:1#run:1,ntx=6
VW,context=Main:1#run:1,mem=boolean[][][][]:1
NO,object=Main$Pair:22
MC,caller=Main:1#run:1,target=Main$Pair:22#Main$Pair:15
VW,context=Main$Pair:22#Main$Pair:15,y=1
VW,context=Main$Pair:22#Main$Pair:15,x=6
FW,context=Main$Pair:22,y=1
FW,context=Main$Pair:22,x=6
ME,returner=Main$Pair:22#Main$Pair:15,value=<void>
NO,object=Main$Pair:23
MC,caller=Main:1#run:1,target=Main$Pair:23#Main$Pair:16
VW,context=Main$Pair:23#Main$Pair:16,y=5
VW,context=Main$Pair:23#Main$Pair:16,x=1
FW,context=Main$Pair:23,y=5
FW,context=Main$Pair:23,x=1
ME,returner=Main$Pair:23#Main$Pair:16,value=<void>
MC,caller=Main:1#run:1,target=Main:1#dist:8
VW,context=Main:1#dist:8,b=Main$Pair:23
VW,context=Main:1#dist:8,a=Main$Pair:22
FR,context=Main$Pair:22,x
FR,context=Main$Pair:23,x
FR,context=Main$Pair:22,y
FR,context=Main$Pair:23,y
VW,context=Main:1#dist:8,result=9
ME,returner=Main:1#dist:8,value=9
VW,context=Main:1#run:1,newdis=9
FR,context=Main$Pair:6,cost
FR,context=Main$Pair:6,cost
NO,object=Main$Pair:24
MC,caller=Main:1#run:1,target=Main$Pair:24#Main$Pair:8
VW,context=Main$Pair:24#Main$Pair:8,y=1
VW,context=Main$Pair:24#Main$Pair:8,x=6
VW,context=Main$Pair:24#Main$Pair:8,cost=4
VW,context=Main$Pair:24#Main$Pair:8,md=13
VW,context=Main$Pair:24#Main$Pair:8,dy=5
VW,context=Main$Pair:24#Main$Pair:8,dx=1
FW,context=Main$Pair:24,y=1
FW,context=Main$Pair:24,x=6
FW,context=Main$Pair:24,dy=5
FW,context=Main$Pair:24,dx=1
FW,context=Main$Pair:24,cost=4
FW,context=Main$Pair:24,md=13
ME,returner=Main$Pair:24#Main$Pair:8,value=<void>
VD,method=Main:1#run:1 <name=nty,type=int (id=7),value=<?>,index=18>
VD,method=Main:1#run:1 <name=ntx,type=int (id=7),value=<?>,index=19>
VD,method=Main:1#run:1 <name=nky,type=int (id=7),value=<?>,index=20>
VD,method=Main:1#run:1 <name=nkx,type=int (id=7),value=<?>,index=21>
VD,method=Main:1#run:1 <name=newdis,type=int (id=7),value=<?>,index=22>
VD,method=Main:1#run:1 <name=pair,type=Main$Pair (id=90),value=<?>,index=16>
VD,method=Main:1#run:1 <name=i,type=int (id=7),value=<?>,index=17>
VW,context=Main:1#run:1,pair=Main$Pair:9
FR,context=Main$Pair:9,y
FR,context=Main$Pair:9,dy
VW,context=Main:1#run:1,i=0
FR,context=Main$Pair:9,y
FR,context=Main:1,move
VW,context=Main:1#run:1,nty=1
FR,context=Main$Pair:9,x
FR,context=Main:1,move
VW,context=Main:1#run:1,ntx=5
FR,context=Main$Pair:9,dy
FR,context=Main:1,move
VW,context=Main:1#run:1,nky=5
FR,context=Main$Pair:9,dx
FR,context=Main:1,move
VW,context=Main:1#run:1,nkx=3
FR,context=Main$Pair:9,y
VW,context=Main:1#run:1,nty=2
FR,context=Main$Pair:9,x
VW,context=Main:1#run:1,ntx=5
VW,context=Main:1#run:1,mem=boolean[][][][]:1
NO,object=Main$Pair:25
MC,caller=Main:1#run:1,target=Main$Pair:25#Main$Pair:17
VW,context=Main$Pair:25#Main$Pair:17,y=2
VW,context=Main$Pair:25#Main$Pair:17,x=5
FW,context=Main$Pair:25,y=2
FW,context=Main$Pair:25,x=5
ME,returner=Main$Pair:25#Main$Pair:17,value=<void>
NO,object=Main$Pair:26
MC,caller=Main:1#run:1,target=Main$Pair:26#Main$Pair:18
VW,context=Main$Pair:26#Main$Pair:18,y=5
VW,context=Main$Pair:26#Main$Pair:18,x=3
FW,context=Main$Pair:26,y=5
FW,context=Main$Pair:26,x=3
ME,returner=Main$Pair:26#Main$Pair:18,value=<void>
MC,caller=Main:1#run:1,target=Main:1#dist:9
VW,context=Main:1#dist:9,b=Main$Pair:26
VW,context=Main:1#dist:9,a=Main$Pair:25
FR,context=Main$Pair:25,x
FR,context=Main$Pair:26,x
FR,context=Main$Pair:25,y
FR,context=Main$Pair:26,y
VW,context=Main:1#dist:9,result=5
ME,returner=Main:1#dist:9,value=5
VW,context=Main:1#run:1,newdis=5
FR,context=Main$Pair:9,cost
FR,context=Main$Pair:9,cost
NO,object=Main$Pair:27
MC,caller=Main:1#run:1,target=Main$Pair:27#Main$Pair:9
VW,context=Main$Pair:27#Main$Pair:9,y=2
VW,context=Main$Pair:27#Main$Pair:9,x=5
VW,context=Main$Pair:27#Main$Pair:9,cost=4
VW,context=Main$Pair:27#Main$Pair:9,md=9
VW,context=Main$Pair:27#Main$Pair:9,dy=5
VW,context=Main$Pair:27#Main$Pair:9,dx=3
FW,context=Main$Pair:27,y=2
FW,context=Main$Pair:27,x=5
FW,context=Main$Pair:27,dy=5
FW,context=Main$Pair:27,dx=3
FW,context=Main$Pair:27,cost=4
FW,context=Main$Pair:27,md=9
ME,returner=Main$Pair:27#Main$Pair:9,value=<void>
VW,context=Main:1#run:1,i=1
VD,method=Main:1#run:1 <name=nty,type=int (id=7),value=<?>,index=18>
VD,method=Main:1#run:1 <name=ntx,type=int (id=7),value=<?>,index=19>
VD,method=Main:1#run:1 <name=nky,type=int (id=7),value=<?>,index=20>
VD,method=Main:1#run:1 <name=nkx,type=int (id=7),value=<?>,index=21>
VD,method=Main:1#run:1 <name=newdis,type=int (id=7),value=<?>,index=22>
FR,context=Main$Pair:9,y
FR,context=Main:1,move
VW,context=Main:1#run:1,nty=2
FR,context=Main$Pair:9,x
FR,context=Main:1,move
VW,context=Main:1#run:1,ntx=4
FR,context=Main$Pair:9,dy
FR,context=Main:1,move
VW,context=Main:1#run:1,nky=4
FR,context=Main$Pair:9,dx
FR,context=Main:1,move
VW,context=Main:1#run:1,nkx=4
FR,context=Main$Pair:9,dy
VW,context=Main:1#run:1,nky=4
FR,context=Main$Pair:9,dx
VW,context=Main:1#run:1,nkx=3
VW,context=Main:1#run:1,mem=boolean[][][][]:1
NO,object=Main$Pair:28
MC,caller=Main:1#run:1,target=Main$Pair:28#Main$Pair:19
VW,context=Main$Pair:28#Main$Pair:19,y=2
VW,context=Main$Pair:28#Main$Pair:19,x=4
FW,context=Main$Pair:28,y=2
FW,context=Main$Pair:28,x=4
ME,returner=Main$Pair:28#Main$Pair:19,value=<void>
NO,object=Main$Pair:29
MC,caller=Main:1#run:1,target=Main$Pair:29#Main$Pair:20
VW,context=Main$Pair:29#Main$Pair:20,y=4
VW,context=Main$Pair:29#Main$Pair:20,x=3
FW,context=Main$Pair:29,y=4
FW,context=Main$Pair:29,x=3
ME,returner=Main$Pair:29#Main$Pair:20,value=<void>
MC,caller=Main:1#run:1,target=Main:1#dist:10
VW,context=Main:1#dist:10,b=Main$Pair:29
VW,context=Main:1#dist:10,a=Main$Pair:28
FR,context=Main$Pair:28,x
FR,context=Main$Pair:29,x
FR,context=Main$Pair:28,y
FR,context=Main$Pair:29,y
VW,context=Main:1#dist:10,result=3
ME,returner=Main:1#dist:10,value=3
VW,context=Main:1#run:1,newdis=3
FR,context=Main$Pair:9,cost
FR,context=Main$Pair:9,cost
NO,object=Main$Pair:30
MC,caller=Main:1#run:1,target=Main$Pair:30#Main$Pair:10
VW,context=Main$Pair:30#Main$Pair:10,y=2
VW,context=Main$Pair:30#Main$Pair:10,x=4
VW,context=Main$Pair:30#Main$Pair:10,cost=4
VW,context=Main$Pair:30#Main$Pair:10,md=7
VW,context=Main$Pair:30#Main$Pair:10,dy=4
VW,context=Main$Pair:30#Main$Pair:10,dx=3
FW,context=Main$Pair:30,y=2
FW,context=Main$Pair:30,x=4
FW,context=Main$Pair:30,dy=4
FW,context=Main$Pair:30,dx=3
FW,context=Main$Pair:30,cost=4
FW,context=Main$Pair:30,md=7
ME,returner=Main$Pair:30#Main$Pair:10,value=<void>
VW,context=Main:1#run:1,i=2
VD,method=Main:1#run:1 <name=nty,type=int (id=7),value=<?>,index=18>
VD,method=Main:1#run:1 <name=ntx,type=int (id=7),value=<?>,index=19>
VD,method=Main:1#run:1 <name=nky,type=int (id=7),value=<?>,index=20>
VD,method=Main:1#run:1 <name=nkx,type=int (id=7),value=<?>,index=21>
VD,method=Main:1#run:1 <name=newdis,type=int (id=7),value=<?>,index=22>
FR,context=Main$Pair:9,y
FR,context=Main:1,move
VW,context=Main:1#run:1,nty=3
FR,context=Main$Pair:9,x
FR,context=Main:1,move
VW,context=Main:1#run:1,ntx=5
FR,context=Main$Pair:9,dy
FR,context=Main:1,move
VW,context=Main:1#run:1,nky=3
FR,context=Main$Pair:9,dx
FR,context=Main:1,move
VW,context=Main:1#run:1,nkx=3
VW,context=Main:1#run:1,mem=boolean[][][][]:1
NO,object=Main$Pair:31
MC,caller=Main:1#run:1,target=Main$Pair:31#Main$Pair:21
VW,context=Main$Pair:31#Main$Pair:21,y=3
VW,context=Main$Pair:31#Main$Pair:21,x=5
FW,context=Main$Pair:31,y=3
FW,context=Main$Pair:31,x=5
ME,returner=Main$Pair:31#Main$Pair:21,value=<void>
NO,object=Main$Pair:32
MC,caller=Main:1#run:1,target=Main$Pair:32#Main$Pair:22
VW,context=Main$Pair:32#Main$Pair:22,y=3
VW,context=Main$Pair:32#Main$Pair:22,x=3
FW,context=Main$Pair:32,y=3
FW,context=Main$Pair:32,x=3
ME,returner=Main$Pair:32#Main$Pair:22,value=<void>
MC,caller=Main:1#run:1,target=Main:1#dist:11
VW,context=Main:1#dist:11,b=Main$Pair:32
VW,context=Main:1#dist:11,a=Main$Pair:31
FR,context=Main$Pair:31,x
FR,context=Main$Pair:32,x
FR,context=Main$Pair:31,y
FR,context=Main$Pair:32,y
VW,context=Main:1#dist:11,result=2
ME,returner=Main:1#dist:11,value=2
VW,context=Main:1#run:1,newdis=2
FR,context=Main$Pair:9,cost
FR,context=Main$Pair:9,cost
NO,object=Main$Pair:33
MC,caller=Main:1#run:1,target=Main$Pair:33#Main$Pair:11
VW,context=Main$Pair:33#Main$Pair:11,y=3
VW,context=Main$Pair:33#Main$Pair:11,x=5
VW,context=Main$Pair:33#Main$Pair:11,cost=4
VW,context=Main$Pair:33#Main$Pair:11,md=6
VW,context=Main$Pair:33#Main$Pair:11,dy=3
VW,context=Main$Pair:33#Main$Pair:11,dx=3
FW,context=Main$Pair:33,y=3
FW,context=Main$Pair:33,x=5
FW,context=Main$Pair:33,dy=3
FW,context=Main$Pair:33,dx=3
FW,context=Main$Pair:33,cost=4
FW,context=Main$Pair:33,md=6
ME,returner=Main$Pair:33#Main$Pair:11,value=<void>
VW,context=Main:1#run:1,i=3
VD,method=Main:1#run:1 <name=nty,type=int (id=7),value=<?>,index=18>
VD,method=Main:1#run:1 <name=ntx,type=int (id=7),value=<?>,index=19>
VD,method=Main:1#run:1 <name=nky,type=int (id=7),value=<?>,index=20>
VD,method=Main:1#run:1 <name=nkx,type=int (id=7),value=<?>,index=21>
VD,method=Main:1#run:1 <name=newdis,type=int (id=7),value=<?>,index=22>
FR,context=Main$Pair:9,y
FR,context=Main:1,move
VW,context=Main:1#run:1,nty=2
FR,context=Main$Pair:9,x
FR,context=Main:1,move
VW,context=Main:1#run:1,ntx=6
FR,context=Main$Pair:9,dy
FR,context=Main:1,move
VW,context=Main:1#run:1,nky=4
FR,context=Main$Pair:9,dx
FR,context=Main:1,move
VW,context=Main:1#run:1,nkx=2
VD,method=Main:1#run:1 <name=nty,type=int (id=7),value=<?>,index=18>
VD,method=Main:1#run:1 <name=ntx,type=int (id=7),value=<?>,index=19>
VD,method=Main:1#run:1 <name=nky,type=int (id=7),value=<?>,index=20>
VD,method=Main:1#run:1 <name=nkx,type=int (id=7),value=<?>,index=21>
VD,method=Main:1#run:1 <name=pair,type=Main$Pair (id=90),value=<?>,index=16>
VD,method=Main:1#run:1 <name=i,type=int (id=7),value=<?>,index=17>
VW,context=Main:1#run:1,pair=Main$Pair:12
FR,context=Main$Pair:12,y
FR,context=Main$Pair:12,dy
VW,context=Main:1#run:1,i=0
FR,context=Main$Pair:12,y
FR,context=Main:1,move
VW,context=Main:1#run:1,nty=2
FR,context=Main$Pair:12,x
FR,context=Main:1,move
VW,context=Main:1#run:1,ntx=6
FR,context=Main$Pair:12,dy
FR,context=Main:1,move
VW,context=Main:1#run:1,nky=5
FR,context=Main$Pair:12,dx
FR,context=Main:1,move
VW,context=Main:1#run:1,nkx=2
VW,context=Main:1#run:1,mem=boolean[][][][]:1
NO,object=Main$Pair:34
MC,caller=Main:1#run:1,target=Main$Pair:34#Main$Pair:23
VW,context=Main$Pair:34#Main$Pair:23,y=2
VW,context=Main$Pair:34#Main$Pair:23,x=6
FW,context=Main$Pair:34,y=2
FW,context=Main$Pair:34,x=6
ME,returner=Main$Pair:34#Main$Pair:23,value=<void>
NO,object=Main$Pair:35
MC,caller=Main:1#run:1,target=Main$Pair:35#Main$Pair:24
VW,context=Main$Pair:35#Main$Pair:24,y=5
VW,context=Main$Pair:35#Main$Pair:24,x=2
FW,context=Main$Pair:35,y=5
FW,context=Main$Pair:35,x=2
ME,returner=Main$Pair:35#Main$Pair:24,value=<void>
MC,caller=Main:1#run:1,target=Main:1#dist:12
VW,context=Main:1#dist:12,b=Main$Pair:35
VW,context=Main:1#dist:12,a=Main$Pair:34
FR,context=Main$Pair:34,x
FR,context=Main$Pair:35,x
FR,context=Main$Pair:34,y
FR,context=Main$Pair:35,y
VW,context=Main:1#dist:12,result=7
ME,returner=Main:1#dist:12,value=7
VW,context=Main:1#run:1,newdis=7
FR,context=Main$Pair:12,cost
FR,context=Main$Pair:12,cost
NO,object=Main$Pair:36
MC,caller=Main:1#run:1,target=Main$Pair:36#Main$Pair:12
VW,context=Main$Pair:36#Main$Pair:12,y=2
VW,context=Main$Pair:36#Main$Pair:12,x=6
VW,context=Main$Pair:36#Main$Pair:12,cost=4
VW,context=Main$Pair:36#Main$Pair:12,md=11
VW,context=Main$Pair:36#Main$Pair:12,dy=5
VW,context=Main$Pair:36#Main$Pair:12,dx=2
FW,context=Main$Pair:36,y=2
FW,context=Main$Pair:36,x=6
FW,context=Main$Pair:36,dy=5
FW,context=Main$Pair:36,dx=2
FW,context=Main$Pair:36,cost=4
FW,context=Main$Pair:36,md=11
ME,returner=Main$Pair:36#Main$Pair:12,value=<void>
VW,context=Main:1#run:1,i=1
VD,method=Main:1#run:1 <name=nty,type=int (id=7),value=<?>,index=18>
VD,method=Main:1#run:1 <name=ntx,type=int (id=7),value=<?>,index=19>
VD,method=Main:1#run:1 <name=nky,type=int (id=7),value=<?>,index=20>
VD,method=Main:1#run:1 <name=nkx,type=int (id=7),value=<?>,index=21>
VD,method=Main:1#run:1 <name=newdis,type=int (id=7),value=<?>,index=22>
FR,context=Main$Pair:12,y
FR,context=Main:1,move
VW,context=Main:1#run:1,nty=3
FR,context=Main$Pair:12,x
FR,context=Main:1,move
VW,context=Main:1#run:1,ntx=5
FR,context=Main$Pair:12,dy
FR,context=Main:1,move
VW,context=Main:1#run:1,nky=4
FR,context=Main$Pair:12,dx
FR,context=Main:1,move
VW,context=Main:1#run:1,nkx=3
VW,context=Main:1#run:1,mem=boolean[][][][]:1
NO,object=Main$Pair:37
MC,caller=Main:1#run:1,target=Main$Pair:37#Main$Pair:25
VW,context=Main$Pair:37#Main$Pair:25,y=3
VW,context=Main$Pair:37#Main$Pair:25,x=5
FW,context=Main$Pair:37,y=3
FW,context=Main$Pair:37,x=5
ME,returner=Main$Pair:37#Main$Pair:25,value=<void>
NO,object=Main$Pair:38
MC,caller=Main:1#run:1,target=Main$Pair:38#Main$Pair:26
VW,context=Main$Pair:38#Main$Pair:26,y=4
VW,context=Main$Pair:38#Main$Pair:26,x=3
FW,context=Main$Pair:38,y=4
FW,context=Main$Pair:38,x=3
ME,returner=Main$Pair:38#Main$Pair:26,value=<void>
MC,caller=Main:1#run:1,target=Main:1#dist:13
VW,context=Main:1#dist:13,b=Main$Pair:38
VW,context=Main:1#dist:13,a=Main$Pair:37
FR,context=Main$Pair:37,x
FR,context=Main$Pair:38,x
FR,context=Main$Pair:37,y
FR,context=Main$Pair:38,y
VW,context=Main:1#dist:13,result=3
ME,returner=Main:1#dist:13,value=3
VW,context=Main:1#run:1,newdis=3
FR,context=Main$Pair:12,cost
FR,context=Main$Pair:12,cost
NO,object=Main$Pair:39
MC,caller=Main:1#run:1,target=Main$Pair:39#Main$Pair:13
VW,context=Main$Pair:39#Main$Pair:13,y=3
VW,context=Main$Pair:39#Main$Pair:13,x=5
VW,context=Main$Pair:39#Main$Pair:13,cost=4
VW,context=Main$Pair:39#Main$Pair:13,md=7
VW,context=Main$Pair:39#Main$Pair:13,dy=4
VW,context=Main$Pair:39#Main$Pair:13,dx=3
FW,context=Main$Pair:39,y=3
FW,context=Main$Pair:39,x=5
FW,context=Main$Pair:39,dy=4
FW,context=Main$Pair:39,dx=3
FW,context=Main$Pair:39,cost=4
FW,context=Main$Pair:39,md=7
ME,returner=Main$Pair:39#Main$Pair:13,value=<void>
VW,context=Main:1#run:1,i=2
VD,method=Main:1#run:1 <name=nty,type=int (id=7),value=<?>,index=18>
VD,method=Main:1#run:1 <name=ntx,type=int (id=7),value=<?>,index=19>
VD,method=Main:1#run:1 <name=nky,type=int (id=7),value=<?>,index=20>
VD,method=Main:1#run:1 <name=nkx,type=int (id=7),value=<?>,index=21>
VD,method=Main:1#run:1 <name=newdis,type=int (id=7),value=<?>,index=22>
FR,context=Main$Pair:12,y
FR,context=Main:1,move
VW,context=Main:1#run:1,nty=4
FR,context=Main$Pair:12,x
FR,context=Main:1,move
VW,context=Main:1#run:1,ntx=6
FR,context=Main$Pair:12,dy
FR,context=Main:1,move
VW,context=Main:1#run:1,nky=3
FR,context=Main$Pair:12,dx
FR,context=Main:1,move
VW,context=Main:1#run:1,nkx=2
FR,context=Main$Pair:12,dy
VW,context=Main:1#run:1,nky=4
FR,context=Main$Pair:12,dx
VW,context=Main:1#run:1,nkx=2
VW,context=Main:1#run:1,mem=boolean[][][][]:1
NO,object=Main$Pair:40
MC,caller=Main:1#run:1,target=Main$Pair:40#Main$Pair:27
VW,context=Main$Pair:40#Main$Pair:27,y=4
VW,context=Main$Pair:40#Main$Pair:27,x=6
FW,context=Main$Pair:40,y=4
FW,context=Main$Pair:40,x=6
ME,returner=Main$Pair:40#Main$Pair:27,value=<void>
NO,object=Main$Pair:41
MC,caller=Main:1#run:1,target=Main$Pair:41#Main$Pair:28
VW,context=Main$Pair:41#Main$Pair:28,y=4
VW,context=Main$Pair:41#Main$Pair:28,x=2
FW,context=Main$Pair:41,y=4
FW,context=Main$Pair:41,x=2
ME,returner=Main$Pair:41#Main$Pair:28,value=<void>
MC,caller=Main:1#run:1,target=Main:1#dist:14
VW,context=Main:1#dist:14,b=Main$Pair:41
VW,context=Main:1#dist:14,a=Main$Pair:40
FR,context=Main$Pair:40,x
FR,context=Main$Pair:41,x
FR,context=Main$Pair:40,y
FR,context=Main$Pair:41,y
VW,context=Main:1#dist:14,result=4
ME,returner=Main:1#dist:14,value=4
VW,context=Main:1#run:1,newdis=4
FR,context=Main$Pair:12,cost
FR,context=Main$Pair:12,cost
NO,object=Main$Pair:42
MC,caller=Main:1#run:1,target=Main$Pair:42#Main$Pair:14
VW,context=Main$Pair:42#Main$Pair:14,y=4
VW,context=Main$Pair:42#Main$Pair:14,x=6
VW,context=Main$Pair:42#Main$Pair:14,cost=4
VW,context=Main$Pair:42#Main$Pair:14,md=8
VW,context=Main$Pair:42#Main$Pair:14,dy=4
VW,context=Main$Pair:42#Main$Pair:14,dx=2
FW,context=Main$Pair:42,y=4
FW,context=Main$Pair:42,x=6
FW,context=Main$Pair:42,dy=4
FW,context=Main$Pair:42,dx=2
FW,context=Main$Pair:42,cost=4
FW,context=Main$Pair:42,md=8
ME,returner=Main$Pair:42#Main$Pair:14,value=<void>
VW,context=Main:1#run:1,i=3
VD,method=Main:1#run:1 <name=nty,type=int (id=7),value=<?>,index=18>
VD,method=Main:1#run:1 <name=ntx,type=int (id=7),value=<?>,index=19>
VD,method=Main:1#run:1 <name=nky,type=int (id=7),value=<?>,index=20>
VD,method=Main:1#run:1 <name=nkx,type=int (id=7),value=<?>,index=21>
VD,method=Main:1#run:1 <name=newdis,type=int (id=7),value=<?>,index=22>
FR,context=Main$Pair:12,y
FR,context=Main:1,move
VW,context=Main:1#run:1,nty=3
FR,context=Main$Pair:12,x
FR,context=Main:1,move
VW,context=Main:1#run:1,ntx=7
FR,context=Main$Pair:12,dy
FR,context=Main:1,move
VW,context=Main:1#run:1,nky=4
FR,context=Main$Pair:12,dx
FR,context=Main:1,move
VW,context=Main:1#run:1,nkx=1
FR,context=Main$Pair:12,y
VW,context=Main:1#run:1,nty=3
FR,context=Main$Pair:12,x
VW,context=Main:1#run:1,ntx=6
VW,context=Main:1#run:1,mem=boolean[][][][]:1
NO,object=Main$Pair:43
MC,caller=Main:1#run:1,target=Main$Pair:43#Main$Pair:29
VW,context=Main$Pair:43#Main$Pair:29,y=3
VW,context=Main$Pair:43#Main$Pair:29,x=6
FW,context=Main$Pair:43,y=3
FW,context=Main$Pair:43,x=6
ME,returner=Main$Pair:43#Main$Pair:29,value=<void>
NO,object=Main$Pair:44
MC,caller=Main:1#run:1,target=Main$Pair:44#Main$Pair:30
VW,context=Main$Pair:44#Main$Pair:30,y=4
VW,context=Main$Pair:44#Main$Pair:30,x=1
FW,context=Main$Pair:44,y=4
FW,context=Main$Pair:44,x=1
ME,returner=Main$Pair:44#Main$Pair:30,value=<void>
MC,caller=Main:1#run:1,target=Main:1#dist:15
VW,context=Main:1#dist:15,b=Main$Pair:44
VW,context=Main:1#dist:15,a=Main$Pair:43
FR,context=Main$Pair:43,x
FR,context=Main$Pair:44,x
FR,context=Main$Pair:43,y
FR,context=Main$Pair:44,y
VW,context=Main:1#dist:15,result=6
ME,returner=Main:1#dist:15,value=6
VW,context=Main:1#run:1,newdis=6
FR,context=Main$Pair:12,cost
FR,context=Main$Pair:12,cost
NO,object=Main$Pair:45
MC,caller=Main:1#run:1,target=Main$Pair:45#Main$Pair:15
VW,context=Main$Pair:45#Main$Pair:15,y=3
VW,context=Main$Pair:45#Main$Pair:15,x=6
VW,context=Main$Pair:45#Main$Pair:15,cost=4
VW,context=Main$Pair:45#Main$Pair:15,md=10
VW,context=Main$Pair:45#Main$Pair:15,dy=4
VW,context=Main$Pair:45#Main$Pair:15,dx=1
FW,context=Main$Pair:45,y=3
FW,context=Main$Pair:45,x=6
FW,context=Main$Pair:45,dy=4
FW,context=Main$Pair:45,dx=1
FW,context=Main$Pair:45,cost=4
FW,context=Main$Pair:45,md=10
ME,returner=Main$Pair:45#Main$Pair:15,value=<void>
VD,method=Main:1#run:1 <name=nty,type=int (id=7),value=<?>,index=18>
VD,method=Main:1#run:1 <name=ntx,type=int (id=7),value=<?>,index=19>
VD,method=Main:1#run:1 <name=nky,type=int (id=7),value=<?>,index=20>
VD,method=Main:1#run:1 <name=nkx,type=int (id=7),value=<?>,index=21>
VD,method=Main:1#run:1 <name=newdis,type=int (id=7),value=<?>,index=22>
VD,method=Main:1#run:1 <name=pair,type=Main$Pair (id=90),value=<?>,index=16>
VD,method=Main:1#run:1 <name=i,type=int (id=7),value=<?>,index=17>
VW,context=Main:1#run:1,pair=Main$Pair:15
FR,context=Main$Pair:15,y
FR,context=Main$Pair:15,dy
VW,context=Main:1#run:1,i=0
FR,context=Main$Pair:15,y
FR,context=Main:1,move
VW,context=Main:1#run:1,nty=1
FR,context=Main$Pair:15,x
FR,context=Main:1,move
VW,context=Main:1#run:1,ntx=6
FR,context=Main$Pair:15,dy
FR,context=Main:1,move
VW,context=Main:1#run:1,nky=5
FR,context=Main$Pair:15,dx
FR,context=Main:1,move
VW,context=Main:1#run:1,nkx=1
VW,context=Main:1#run:1,i=1
VD,method=Main:1#run:1 <name=nty,type=int (id=7),value=<?>,index=18>
VD,method=Main:1#run:1 <name=ntx,type=int (id=7),value=<?>,index=19>
VD,method=Main:1#run:1 <name=nky,type=int (id=7),value=<?>,index=20>
VD,method=Main:1#run:1 <name=nkx,type=int (id=7),value=<?>,index=21>
FR,context=Main$Pair:15,y
FR,context=Main:1,move
VW,context=Main:1#run:1,nty=2
FR,context=Main$Pair:15,x
FR,context=Main:1,move
VW,context=Main:1#run:1,ntx=5
FR,context=Main$Pair:15,dy
FR,context=Main:1,move
VW,context=Main:1#run:1,nky=4
FR,context=Main$Pair:15,dx
FR,context=Main:1,move
VW,context=Main:1#run:1,nkx=2
VW,context=Main:1#run:1,mem=boolean[][][][]:1
NO,object=Main$Pair:46
MC,caller=Main:1#run:1,target=Main$Pair:46#Main$Pair:31
VW,context=Main$Pair:46#Main$Pair:31,y=2
VW,context=Main$Pair:46#Main$Pair:31,x=5
FW,context=Main$Pair:46,y=2
FW,context=Main$Pair:46,x=5
ME,returner=Main$Pair:46#Main$Pair:31,value=<void>
NO,object=Main$Pair:47
MC,caller=Main:1#run:1,target=Main$Pair:47#Main$Pair:32
VW,context=Main$Pair:47#Main$Pair:32,y=4
VW,context=Main$Pair:47#Main$Pair:32,x=2
FW,context=Main$Pair:47,y=4
FW,context=Main$Pair:47,x=2
ME,returner=Main$Pair:47#Main$Pair:32,value=<void>
MC,caller=Main:1#run:1,target=Main:1#dist:16
VW,context=Main:1#dist:16,b=Main$Pair:47
VW,context=Main:1#dist:16,a=Main$Pair:46
FR,context=Main$Pair:46,x
FR,context=Main$Pair:47,x
FR,context=Main$Pair:46,y
FR,context=Main$Pair:47,y
VW,context=Main:1#dist:16,result=5
ME,returner=Main:1#dist:16,value=5
VW,context=Main:1#run:1,newdis=5
FR,context=Main$Pair:15,cost
FR,context=Main$Pair:15,cost
NO,object=Main$Pair:48
MC,caller=Main:1#run:1,target=Main$Pair:48#Main$Pair:16
VW,context=Main$Pair:48#Main$Pair:16,y=2
VW,context=Main$Pair:48#Main$Pair:16,x=5
VW,context=Main$Pair:48#Main$Pair:16,cost=4
VW,context=Main$Pair:48#Main$Pair:16,md=9
VW,context=Main$Pair:48#Main$Pair:16,dy=4
VW,context=Main$Pair:48#Main$Pair:16,dx=2
FW,context=Main$Pair:48,y=2
FW,context=Main$Pair:48,x=5
FW,context=Main$Pair:48,dy=4
FW,context=Main$Pair:48,dx=2
FW,context=Main$Pair:48,cost=4
FW,context=Main$Pair:48,md=9
ME,returner=Main$Pair:48#Main$Pair:16,value=<void>
VW,context=Main:1#run:1,i=2
VD,method=Main:1#run:1 <name=nty,type=int (id=7),value=<?>,index=18>
VD,method=Main:1#run:1 <name=ntx,type=int (id=7),value=<?>,index=19>
VD,method=Main:1#run:1 <name=nky,type=int (id=7),value=<?>,index=20>
VD,method=Main:1#run:1 <name=nkx,type=int (id=7),value=<?>,index=21>
VD,method=Main:1#run:1 <name=newdis,type=int (id=7),value=<?>,index=22>
FR,context=Main$Pair:15,y
FR,context=Main:1,move
VW,context=Main:1#run:1,nty=3
FR,context=Main$Pair:15,x
FR,context=Main:1,move
VW,context=Main:1#run:1,ntx=6
FR,context=Main$Pair:15,dy
FR,context=Main:1,move
VW,context=Main:1#run:1,nky=3
FR,context=Main$Pair:15,dx
FR,context=Main:1,move
VW,context=Main:1#run:1,nkx=1
VW,context=Main:1#run:1,mem=boolean[][][][]:1
NO,object=Main$Pair:49
MC,caller=Main:1#run:1,target=Main$Pair:49#Main$Pair:33
VW,context=Main$Pair:49#Main$Pair:33,y=3
VW,context=Main$Pair:49#Main$Pair:33,x=6
FW,context=Main$Pair:49,y=3
FW,context=Main$Pair:49,x=6
ME,returner=Main$Pair:49#Main$Pair:33,value=<void>
NO,object=Main$Pair:50
MC,caller=Main:1#run:1,target=Main$Pair:50#Main$Pair:34
VW,context=Main$Pair:50#Main$Pair:34,y=3
VW,context=Main$Pair:50#Main$Pair:34,x=1
FW,context=Main$Pair:50,y=3
FW,context=Main$Pair:50,x=1
ME,returner=Main$Pair:50#Main$Pair:34,value=<void>
MC,caller=Main:1#run:1,target=Main:1#dist:17
VW,context=Main:1#dist:17,b=Main$Pair:50
VW,context=Main:1#dist:17,a=Main$Pair:49
FR,context=Main$Pair:49,x
FR,context=Main$Pair:50,x
FR,context=Main$Pair:49,y
FR,context=Main$Pair:50,y
VW,context=Main:1#dist:17,result=5
ME,returner=Main:1#dist:17,value=5
VW,context=Main:1#run:1,newdis=5
FR,context=Main$Pair:15,cost
FR,context=Main$Pair:15,cost
NO,object=Main$Pair:51
MC,caller=Main:1#run:1,target=Main$Pair:51#Main$Pair:17
VW,context=Main$Pair:51#Main$Pair:17,y=3
VW,context=Main$Pair:51#Main$Pair:17,x=6
VW,context=Main$Pair:51#Main$Pair:17,cost=4
VW,context=Main$Pair:51#Main$Pair:17,md=9
VW,context=Main$Pair:51#Main$Pair:17,dy=3
VW,context=Main$Pair:51#Main$Pair:17,dx=1
FW,context=Main$Pair:51,y=3
FW,context=Main$Pair:51,x=6
FW,context=Main$Pair:51,dy=3
FW,context=Main$Pair:51,dx=1
FW,context=Main$Pair:51,cost=4
FW,context=Main$Pair:51,md=9
ME,returner=Main$Pair:51#Main$Pair:17,value=<void>
VW,context=Main:1#run:1,i=3
VD,method=Main:1#run:1 <name=nty,type=int (id=7),value=<?>,index=18>
VD,method=Main:1#run:1 <name=ntx,type=int (id=7),value=<?>,index=19>
VD,method=Main:1#run:1 <name=nky,type=int (id=7),value=<?>,index=20>
VD,method=Main:1#run:1 <name=nkx,type=int (id=7),value=<?>,index=21>
VD,method=Main:1#run:1 <name=newdis,type=int (id=7),value=<?>,index=22>
FR,context=Main$Pair:15,y
FR,context=Main:1,move
VW,context=Main:1#run:1,nty=2
FR,context=Main$Pair:15,x
FR,context=Main:1,move
VW,context=Main:1#run:1,ntx=7
FR,context=Main$Pair:15,dy
FR,context=Main:1,move
VW,context=Main:1#run:1,nky=4
FR,context=Main$Pair:15,dx
FR,context=Main:1,move
VW,context=Main:1#run:1,nkx=0
FR,context=Main$Pair:15,y
VW,context=Main:1#run:1,nty=2
FR,context=Main$Pair:15,x
VW,context=Main:1#run:1,ntx=6
FR,context=Main$Pair:15,dy
VW,context=Main:1#run:1,nky=4
FR,context=Main$Pair:15,dx
VW,context=Main:1#run:1,nkx=1
VD,method=Main:1#run:1 <name=nty,type=int (id=7),value=<?>,index=18>
VD,method=Main:1#run:1 <name=ntx,type=int (id=7),value=<?>,index=19>
VD,method=Main:1#run:1 <name=nky,type=int (id=7),value=<?>,index=20>
VD,method=Main:1#run:1 <name=nkx,type=int (id=7),value=<?>,index=21>
VD,method=Main:1#run:1 <name=pair,type=Main$Pair (id=90),value=<?>,index=16>
VD,method=Main:1#run:1 <name=i,type=int (id=7),value=<?>,index=17>
VW,context=Main:1#run:1,pair=Main$Pair:18
FR,context=Main$Pair:18,y
FR,context=Main$Pair:18,dy
VW,context=Main:1#run:1,i=0
FR,context=Main$Pair:18,y
FR,context=Main:1,move
VW,context=Main:1#run:1,nty=0
FR,context=Main$Pair:18,x
FR,context=Main:1,move
VW,context=Main:1#run:1,ntx=6
FR,context=Main$Pair:18,dy
FR,context=Main:1,move
VW,context=Main:1#run:1,nky=7
FR,context=Main$Pair:18,dx
FR,context=Main:1,move
VW,context=Main:1#run:1,nkx=2
FR,context=Main$Pair:18,y
VW,context=Main:1#run:1,nty=1
FR,context=Main$Pair:18,x
VW,context=Main:1#run:1,ntx=6
FR,context=Main$Pair:18,dy
VW,context=Main:1#run:1,nky=6
FR,context=Main$Pair:18,dx
VW,context=Main:1#run:1,nkx=2
VW,context=Main:1#run:1,i=1
VD,method=Main:1#run:1 <name=nty,type=int (id=7),value=<?>,index=18>
VD,method=Main:1#run:1 <name=ntx,type=int (id=7),value=<?>,index=19>
VD,method=Main:1#run:1 <name=nky,type=int (id=7),value=<?>,index=20>
VD,method=Main:1#run:1 <name=nkx,type=int (id=7),value=<?>,index=21>
FR,context=Main$Pair:18,y
FR,context=Main:1,move
VW,context=Main:1#run:1,nty=1
FR,context=Main$Pair:18,x
FR,context=Main:1,move
VW,context=Main:1#run:1,ntx=5
FR,context=Main$Pair:18,dy
FR,context=Main:1,move
VW,context=Main:1#run:1,nky=6
FR,context=Main$Pair:18,dx
FR,context=Main:1,move
VW,context=Main:1#run:1,nkx=3
FR,context=Main$Pair:18,y
VW,context=Main:1#run:1,nty=1
FR,context=Main$Pair:18,x
VW,context=Main:1#run:1,ntx=6
VW,context=Main:1#run:1,mem=boolean[][][][]:1
NO,object=Main$Pair:52
MC,caller=Main:1#run:1,target=Main$Pair:52#Main$Pair:35
VW,context=Main$Pair:52#Main$Pair:35,y=1
VW,context=Main$Pair:52#Main$Pair:35,x=6
FW,context=Main$Pair:52,y=1
FW,context=Main$Pair:52,x=6
ME,returner=Main$Pair:52#Main$Pair:35,value=<void>
NO,object=Main$Pair:53
MC,caller=Main:1#run:1,target=Main$Pair:53#Main$Pair:36
VW,context=Main$Pair:53#Main$Pair:36,y=6
VW,context=Main$Pair:53#Main$Pair:36,x=3
FW,context=Main$Pair:53,y=6
FW,context=Main$Pair:53,x=3
ME,returner=Main$Pair:53#Main$Pair:36,value=<void>
MC,caller=Main:1#run:1,target=Main:1#dist:18
VW,context=Main:1#dist:18,b=Main$Pair:53
VW,context=Main:1#dist:18,a=Main$Pair:52
FR,context=Main$Pair:52,x
FR,context=Main$Pair:53,x
FR,context=Main$Pair:52,y
FR,context=Main$Pair:53,y
VW,context=Main:1#dist:18,result=8
ME,returner=Main:1#dist:18,value=8
VW,context=Main:1#run:1,newdis=8
FR,context=Main$Pair:18,cost
FR,context=Main$Pair:18,cost
NO,object=Main$Pair:54
MC,caller=Main:1#run:1,target=Main$Pair:54#Main$Pair:18
VW,context=Main$Pair:54#Main$Pair:18,y=1
VW,context=Main$Pair:54#Main$Pair:18,x=6
VW,context=Main$Pair:54#Main$Pair:18,cost=6
VW,context=Main$Pair:54#Main$Pair:18,md=14
VW,context=Main$Pair:54#Main$Pair:18,dy=6
VW,context=Main$Pair:54#Main$Pair:18,dx=3
FW,context=Main$Pair:54,y=1
FW,context=Main$Pair:54,x=6
FW,context=Main$Pair:54,dy=6
FW,context=Main$Pair:54,dx=3
FW,context=Main$Pair:54,cost=6
FW,context=Main$Pair:54,md=14
ME,returner=Main$Pair:54#Main$Pair:18,value=<void>
VW,context=Main:1#run:1,i=2
VD,method=Main:1#run:1 <name=nty,type=int (id=7),value=<?>,index=18>
VD,method=Main:1#run:1 <name=ntx,type=int (id=7),value=<?>,index=19>
VD,method=Main:1#run:1 <name=nky,type=int (id=7),value=<?>,index=20>
VD,method=Main:1#run:1 <name=nkx,type=int (id=7),value=<?>,index=21>
VD,method=Main:1#run:1 <name=newdis,type=int (id=7),value=<?>,index=22>
FR,context=Main$Pair:18,y
FR,context=Main:1,move
VW,context=Main:1#run:1,nty=2
FR,context=Main$Pair:18,x
FR,context=Main:1,move
VW,context=Main:1#run:1,ntx=6
FR,context=Main$Pair:18,dy
FR,context=Main:1,move
VW,context=Main:1#run:1,nky=5
FR,context=Main$Pair:18,dx
FR,context=Main:1,move
VW,context=Main:1#run:1,nkx=2
VW,context=Main:1#run:1,i=3
VD,method=Main:1#run:1 <name=nty,type=int (id=7),value=<?>,index=18>
VD,method=Main:1#run:1 <name=ntx,type=int (id=7),value=<?>,index=19>
VD,method=Main:1#run:1 <name=nky,type=int (id=7),value=<?>,index=20>
VD,method=Main:1#run:1 <name=nkx,type=int (id=7),value=<?>,index=21>
FR,context=Main$Pair:18,y
FR,context=Main:1,move
VW,context=Main:1#run:1,nty=1
FR,context=Main$Pair:18,x
FR,context=Main:1,move
VW,context=Main:1#run:1,ntx=7
FR,context=Main$Pair:18,dy
FR,context=Main:1,move
VW,context=Main:1#run:1,nky=6
FR,context=Main$Pair:18,dx
FR,context=Main:1,move
VW,context=Main:1#run:1,nkx=1
FR,context=Main$Pair:18,y
VW,context=Main:1#run:1,nty=1
FR,context=Main$Pair:18,x
VW,context=Main:1#run:1,ntx=6
VW,context=Main:1#run:1,mem=boolean[][][][]:1
NO,object=Main$Pair:55
MC,caller=Main:1#run:1,target=Main$Pair:55#Main$Pair:37
VW,context=Main$Pair:55#Main$Pair:37,y=1
VW,context=Main$Pair:55#Main$Pair:37,x=6
FW,context=Main$Pair:55,y=1
FW,context=Main$Pair:55,x=6
ME,returner=Main$Pair:55#Main$Pair:37,value=<void>
NO,object=Main$Pair:56
MC,caller=Main:1#run:1,target=Main$Pair:56#Main$Pair:38
VW,context=Main$Pair:56#Main$Pair:38,y=6
VW,context=Main$Pair:56#Main$Pair:38,x=1
FW,context=Main$Pair:56,y=6
FW,context=Main$Pair:56,x=1
ME,returner=Main$Pair:56#Main$Pair:38,value=<void>
MC,caller=Main:1#run:1,target=Main:1#dist:19
VW,context=Main:1#dist:19,b=Main$Pair:56
VW,context=Main:1#dist:19,a=Main$Pair:55
FR,context=Main$Pair:55,x
FR,context=Main$Pair:56,x
FR,context=Main$Pair:55,y
FR,context=Main$Pair:56,y
VW,context=Main:1#dist:19,result=10
ME,returner=Main:1#dist:19,value=10
VW,context=Main:1#run:1,newdis=10
FR,context=Main$Pair:18,cost
FR,context=Main$Pair:18,cost
NO,object=Main$Pair:57
MC,caller=Main:1#run:1,target=Main$Pair:57#Main$Pair:19
VW,context=Main$Pair:57#Main$Pair:19,y=1
VW,context=Main$Pair:57#Main$Pair:19,x=6
VW,context=Main$Pair:57#Main$Pair:19,cost=6
VW,context=Main$Pair:57#Main$Pair:19,md=16
VW,context=Main$Pair:57#Main$Pair:19,dy=6
VW,context=Main$Pair:57#Main$Pair:19,dx=1
FW,context=Main$Pair:57,y=1
FW,context=Main$Pair:57,x=6
FW,context=Main$Pair:57,dy=6
FW,context=Main$Pair:57,dx=1
FW,context=Main$Pair:57,cost=6
FW,context=Main$Pair:57,md=16
ME,returner=Main$Pair:57#Main$Pair:19,value=<void>
VD,method=Main:1#run:1 <name=nty,type=int (id=7),value=<?>,index=18>
VD,method=Main:1#run:1 <name=ntx,type=int (id=7),value=<?>,index=19>
VD,method=Main:1#run:1 <name=nky,type=int (id=7),value=<?>,index=20>
VD,method=Main:1#run:1 <name=nkx,type=int (id=7),value=<?>,index=21>
VD,method=Main:1#run:1 <name=newdis,type=int (id=7),value=<?>,index=22>
VD,method=Main:1#run:1 <name=pair,type=Main$Pair (id=90),value=<?>,index=16>
VD,method=Main:1#run:1 <name=i,type=int (id=7),value=<?>,index=17>
VW,context=Main:1#run:1,pair=Main$Pair:21
FR,context=Main$Pair:21,y
FR,context=Main$Pair:21,dy
VW,context=Main:1#run:1,i=0
FR,context=Main$Pair:21,y
FR,context=Main:1,move
VW,context=Main:1#run:1,nty=0
FR,context=Main$Pair:21,x
FR,context=Main:1,move
VW,context=Main:1#run:1,ntx=6
FR,context=Main$Pair:21,dy
FR,context=Main:1,move
VW,context=Main:1#run:1,nky=6
FR,context=Main$Pair:21,dx
FR,context=Main:1,move
VW,context=Main:1#run:1,nkx=3
FR,context=Main$Pair:21,y
VW,context=Main:1#run:1,nty=1
FR,context=Main$Pair:21,x
VW,context=Main:1#run:1,ntx=6
VW,context=Main:1#run:1,i=1
VD,method=Main:1#run:1 <name=nty,type=int (id=7),value=<?>,index=18>
VD,method=Main:1#run:1 <name=ntx,type=int (id=7),value=<?>,index=19>
VD,method=Main:1#run:1 <name=nky,type=int (id=7),value=<?>,index=20>
VD,method=Main:1#run:1 <name=nkx,type=int (id=7),value=<?>,index=21>
FR,context=Main$Pair:21,y
FR,context=Main:1,move
VW,context=Main:1#run:1,nty=1
FR,context=Main$Pair:21,x
FR,context=Main:1,move
VW,context=Main:1#run:1,ntx=5
FR,context=Main$Pair:21,dy
FR,context=Main:1,move
VW,context=Main:1#run:1,nky=5
FR,context=Main$Pair:21,dx
FR,context=Main:1,move
VW,context=Main:1#run:1,nkx=4
FR,context=Main$Pair:21,y
VW,context=Main:1#run:1,nty=1
FR,context=Main$Pair:21,x
VW,context=Main:1#run:1,ntx=6
VW,context=Main:1#run:1,mem=boolean[][][][]:1
NO,object=Main$Pair:58
MC,caller=Main:1#run:1,target=Main$Pair:58#Main$Pair:39
VW,context=Main$Pair:58#Main$Pair:39,y=1
VW,context=Main$Pair:58#Main$Pair:39,x=6
FW,context=Main$Pair:58,y=1
FW,context=Main$Pair:58,x=6
ME,returner=Main$Pair:58#Main$Pair:39,value=<void>
NO,object=Main$Pair:59
MC,caller=Main:1#run:1,target=Main$Pair:59#Main$Pair:40
VW,context=Main$Pair:59#Main$Pair:40,y=5
VW,context=Main$Pair:59#Main$Pair:40,x=4
FW,context=Main$Pair:59,y=5
FW,context=Main$Pair:59,x=4
ME,returner=Main$Pair:59#Main$Pair:40,value=<void>
MC,caller=Main:1#run:1,target=Main:1#dist:20
VW,context=Main:1#dist:20,b=Main$Pair:59
VW,context=Main:1#dist:20,a=Main$Pair:58
FR,context=Main$Pair:58,x
FR,context=Main$Pair:59,x
FR,context=Main$Pair:58,y
FR,context=Main$Pair:59,y
VW,context=Main:1#dist:20,result=6
ME,returner=Main:1#dist:20,value=6
VW,context=Main:1#run:1,newdis=6
FR,context=Main$Pair:21,cost
FR,context=Main$Pair:21,cost
NO,object=Main$Pair:60
MC,caller=Main:1#run:1,target=Main$Pair:60#Main$Pair:20
VW,context=Main$Pair:60#Main$Pair:20,y=1
VW,context=Main$Pair:60#Main$Pair:20,x=6
VW,context=Main$Pair:60#Main$Pair:20,cost=6
VW,context=Main$Pair:60#Main$Pair:20,md=12
VW,context=Main$Pair:60#Main$Pair:20,dy=5
VW,context=Main$Pair:60#Main$Pair:20,dx=4
FW,context=Main$Pair:60,y=1
FW,context=Main$Pair:60,x=6
FW,context=Main$Pair:60,dy=5
FW,context=Main$Pair:60,dx=4
FW,context=Main$Pair:60,cost=6
FW,context=Main$Pair:60,md=12
ME,returner=Main$Pair:60#Main$Pair:20,value=<void>
VW,context=Main:1#run:1,i=2
VD,method=Main:1#run:1 <name=nty,type=int (id=7),value=<?>,index=18>
VD,method=Main:1#run:1 <name=ntx,type=int (id=7),value=<?>,index=19>
VD,method=Main:1#run:1 <name=nky,type=int (id=7),value=<?>,index=20>
VD,method=Main:1#run:1 <name=nkx,type=int (id=7),value=<?>,index=21>
VD,method=Main:1#run:1 <name=newdis,type=int (id=7),value=<?>,index=22>
FR,context=Main$Pair:21,y
FR,context=Main:1,move
VW,context=Main:1#run:1,nty=2
FR,context=Main$Pair:21,x
FR,context=Main:1,move
VW,context=Main:1#run:1,ntx=6
FR,context=Main$Pair:21,dy
FR,context=Main:1,move
VW,context=Main:1#run:1,nky=4
FR,context=Main$Pair:21,dx
FR,context=Main:1,move
VW,context=Main:1#run:1,nkx=3
VW,context=Main:1#run:1,mem=boolean[][][][]:1
NO,object=Main$Pair:61
MC,caller=Main:1#run:1,target=Main$Pair:61#Main$Pair:41
VW,context=Main$Pair:61#Main$Pair:41,y=2
VW,context=Main$Pair:61#Main$Pair:41,x=6
FW,context=Main$Pair:61,y=2
FW,context=Main$Pair:61,x=6
ME,returner=Main$Pair:61#Main$Pair:41,value=<void>
NO,object=Main$Pair:62
MC,caller=Main:1#run:1,target=Main$Pair:62#Main$Pair:42
VW,context=Main$Pair:62#Main$Pair:42,y=4
VW,context=Main$Pair:62#Main$Pair:42,x=3
FW,context=Main$Pair:62,y=4
FW,context=Main$Pair:62,x=3
ME,returner=Main$Pair:62#Main$Pair:42,value=<void>
MC,caller=Main:1#run:1,target=Main:1#dist:21
VW,context=Main:1#dist:21,b=Main$Pair:62
VW,context=Main:1#dist:21,a=Main$Pair:61
FR,context=Main$Pair:61,x
FR,context=Main$Pair:62,x
FR,context=Main$Pair:61,y
FR,context=Main$Pair:62,y
VW,context=Main:1#dist:21,result=5
ME,returner=Main:1#dist:21,value=5
VW,context=Main:1#run:1,newdis=5
FR,context=Main$Pair:21,cost
FR,context=Main$Pair:21,cost
NO,object=Main$Pair:63
MC,caller=Main:1#run:1,target=Main$Pair:63#Main$Pair:21
VW,context=Main$Pair:63#Main$Pair:21,y=2
VW,context=Main$Pair:63#Main$Pair:21,x=6
VW,context=Main$Pair:63#Main$Pair:21,cost=6
VW,context=Main$Pair:63#Main$Pair:21,md=11
VW,context=Main$Pair:63#Main$Pair:21,dy=4
VW,context=Main$Pair:63#Main$Pair:21,dx=3
FW,context=Main$Pair:63,y=2
FW,context=Main$Pair:63,x=6
FW,context=Main$Pair:63,dy=4
FW,context=Main$Pair:63,dx=3
FW,context=Main$Pair:63,cost=6
FW,context=Main$Pair:63,md=11
ME,returner=Main$Pair:63#Main$Pair:21,value=<void>
VW,context=Main:1#run:1,i=3
VD,method=Main:1#run:1 <name=nty,type=int (id=7),value=<?>,index=18>
VD,method=Main:1#run:1 <name=ntx,type=int (id=7),value=<?>,index=19>
VD,method=Main:1#run:1 <name=nky,type=int (id=7),value=<?>,index=20>
VD,method=Main:1#run:1 <name=nkx,type=int (id=7),value=<?>,index=21>
VD,method=Main:1#run:1 <name=newdis,type=int (id=7),value=<?>,index=22>
FR,context=Main$Pair:21,y
FR,context=Main:1,move
VW,context=Main:1#run:1,nty=1
FR,context=Main$Pair:21,x
FR,context=Main:1,move
VW,context=Main:1#run:1,ntx=7
FR,context=Main$Pair:21,dy
FR,context=Main:1,move
VW,context=Main:1#run:1,nky=5
FR,context=Main$Pair:21,dx
FR,context=Main:1,move
VW,context=Main:1#run:1,nkx=2
FR,context=Main$Pair:21,y
VW,context=Main:1#run:1,nty=1
FR,context=Main$Pair:21,x
VW,context=Main:1#run:1,ntx=6
VD,method=Main:1#run:1 <name=nty,type=int (id=7),value=<?>,index=18>
VD,method=Main:1#run:1 <name=ntx,type=int (id=7),value=<?>,index=19>
VD,method=Main:1#run:1 <name=nky,type=int (id=7),value=<?>,index=20>
VD,method=Main:1#run:1 <name=nkx,type=int (id=7),value=<?>,index=21>
VD,method=Main:1#run:1 <name=pair,type=Main$Pair (id=90),value=<?>,index=16>
VD,method=Main:1#run:1 <name=i,type=int (id=7),value=<?>,index=17>
VW,context=Main:1#run:1,pair=Main$Pair:24
FR,context=Main$Pair:24,y
FR,context=Main$Pair:24,dy
VW,context=Main:1#run:1,i=0
FR,context=Main$Pair:24,y
FR,context=Main:1,move
VW,context=Main:1#run:1,nty=0
FR,context=Main$Pair:24,x
FR,context=Main:1,move
VW,context=Main:1#run:1,ntx=6
FR,context=Main$Pair:24,dy
FR,context=Main:1,move
VW,context=Main:1#run:1,nky=6
FR,context=Main$Pair:24,dx
FR,context=Main:1,move
VW,context=Main:1#run:1,nkx=1
FR,context=Main$Pair:24,y
VW,context=Main:1#run:1,nty=1
FR,context=Main$Pair:24,x
VW,context=Main:1#run:1,ntx=6
VW,context=Main:1#run:1,i=1
VD,method=Main:1#run:1 <name=nty,type=int (id=7),value=<?>,index=18>
VD,method=Main:1#run:1 <name=ntx,type=int (id=7),value=<?>,index=19>
VD,method=Main:1#run:1 <name=nky,type=int (id=7),value=<?>,index=20>
VD,method=Main:1#run:1 <name=nkx,type=int (id=7),value=<?>,index=21>
FR,context=Main$Pair:24,y
FR,context=Main:1,move
VW,context=Main:1#run:1,nty=1
FR,context=Main$Pair:24,x
FR,context=Main:1,move
VW,context=Main:1#run:1,ntx=5
FR,context=Main$Pair:24,dy
FR,context=Main:1,move
VW,context=Main:1#run:1,nky=5
FR,context=Main$Pair:24,dx
FR,context=Main:1,move
VW,context=Main:1#run:1,nkx=2
FR,context=Main$Pair:24,y
VW,context=Main:1#run:1,nty=1
FR,context=Main$Pair:24,x
VW,context=Main:1#run:1,ntx=6
VW,context=Main:1#run:1,i=2
VD,method=Main:1#run:1 <name=nty,type=int (id=7),value=<?>,index=18>
VD,method=Main:1#run:1 <name=ntx,type=int (id=7),value=<?>,index=19>
VD,method=Main:1#run:1 <name=nky,type=int (id=7),value=<?>,index=20>
VD,method=Main:1#run:1 <name=nkx,type=int (id=7),value=<?>,index=21>
FR,context=Main$Pair:24,y
FR,context=Main:1,move
VW,context=Main:1#run:1,nty=2
FR,context=Main$Pair:24,x
FR,context=Main:1,move
VW,context=Main:1#run:1,ntx=6
FR,context=Main$Pair:24,dy
FR,context=Main:1,move
VW,context=Main:1#run:1,nky=4
FR,context=Main$Pair:24,dx
FR,context=Main:1,move
VW,context=Main:1#run:1,nkx=1
VW,context=Main:1#run:1,i=3
VD,method=Main:1#run:1 <name=nty,type=int (id=7),value=<?>,index=18>
VD,method=Main:1#run:1 <name=ntx,type=int (id=7),value=<?>,index=19>
VD,method=Main:1#run:1 <name=nky,type=int (id=7),value=<?>,index=20>
VD,method=Main:1#run:1 <name=nkx,type=int (id=7),value=<?>,index=21>
FR,context=Main$Pair:24,y
FR,context=Main:1,move
VW,context=Main:1#run:1,nty=1
FR,context=Main$Pair:24,x
FR,context=Main:1,move
VW,context=Main:1#run:1,ntx=7
FR,context=Main$Pair:24,dy
FR,context=Main:1,move
VW,context=Main:1#run:1,nky=5
FR,context=Main$Pair:24,dx
FR,context=Main:1,move
VW,context=Main:1#run:1,nkx=0
FR,context=Main$Pair:24,y
VW,context=Main:1#run:1,nty=1
FR,context=Main$Pair:24,x
VW,context=Main:1#run:1,ntx=6
FR,context=Main$Pair:24,dy
VW,context=Main:1#run:1,nky=5
FR,context=Main$Pair:24,dx
VW,context=Main:1#run:1,nkx=1
VD,method=Main:1#run:1 <name=nty,type=int (id=7),value=<?>,index=18>
VD,method=Main:1#run:1 <name=ntx,type=int (id=7),value=<?>,index=19>
VD,method=Main:1#run:1 <name=nky,type=int (id=7),value=<?>,index=20>
VD,method=Main:1#run:1 <name=nkx,type=int (id=7),value=<?>,index=21>
VD,method=Main:1#run:1 <name=pair,type=Main$Pair (id=90),value=<?>,index=16>
VD,method=Main:1#run:1 <name=i,type=int (id=7),value=<?>,index=17>
VW,context=Main:1#run:1,pair=Main$Pair:27
FR,context=Main$Pair:27,y
FR,context=Main$Pair:27,dy
VW,context=Main:1#run:1,i=0
FR,context=Main$Pair:27,y
FR,context=Main:1,move
VW,context=Main:1#run:1,nty=1
FR,context=Main$Pair:27,x
FR,context=Main:1,move
VW,context=Main:1#run:1,ntx=5
FR,context=Main$Pair:27,dy
FR,context=Main:1,move
VW,context=Main:1#run:1,nky=6
FR,context=Main$Pair:27,dx
FR,context=Main:1,move
VW,context=Main:1#run:1,nkx=3
FR,context=Main$Pair:27,y
VW,context=Main:1#run:1,nty=2
FR,context=Main$Pair:27,x
VW,context=Main:1#run:1,ntx=5
VW,context=Main:1#run:1,mem=boolean[][][][]:1
NO,object=Main$Pair:64
MC,caller=Main:1#run:1,target=Main$Pair:64#Main$Pair:43
VW,context=Main$Pair:64#Main$Pair:43,y=2
VW,context=Main$Pair:64#Main$Pair:43,x=5
FW,context=Main$Pair:64,y=2
FW,context=Main$Pair:64,x=5
ME,returner=Main$Pair:64#Main$Pair:43,value=<void>
NO,object=Main$Pair:65
MC,caller=Main:1#run:1,target=Main$Pair:65#Main$Pair:44
VW,context=Main$Pair:65#Main$Pair:44,y=6
VW,context=Main$Pair:65#Main$Pair:44,x=3
FW,context=Main$Pair:65,y=6
FW,context=Main$Pair:65,x=3
ME,returner=Main$Pair:65#Main$Pair:44,value=<void>
MC,caller=Main:1#run:1,target=Main:1#dist:22
VW,context=Main:1#dist:22,b=Main$Pair:65
VW,context=Main:1#dist:22,a=Main$Pair:64
FR,context=Main$Pair:64,x
FR,context=Main$Pair:65,x
FR,context=Main$Pair:64,y
FR,context=Main$Pair:65,y
VW,context=Main:1#dist:22,result=6
ME,returner=Main:1#dist:22,value=6
VW,context=Main:1#run:1,newdis=6
FR,context=Main$Pair:27,cost
FR,context=Main$Pair:27,cost
NO,object=Main$Pair:66
MC,caller=Main:1#run:1,target=Main$Pair:66#Main$Pair:22
VW,context=Main$Pair:66#Main$Pair:22,y=2
VW,context=Main$Pair:66#Main$Pair:22,x=5
VW,context=Main$Pair:66#Main$Pair:22,cost=6
VW,context=Main$Pair:66#Main$Pair:22,md=12
VW,context=Main$Pair:66#Main$Pair:22,dy=6
VW,context=Main$Pair:66#Main$Pair:22,dx=3
FW,context=Main$Pair:66,y=2
FW,context=Main$Pair:66,x=5
FW,context=Main$Pair:66,dy=6
FW,context=Main$Pair:66,dx=3
FW,context=Main$Pair:66,cost=6
FW,context=Main$Pair:66,md=12
ME,returner=Main$Pair:66#Main$Pair:22,value=<void>
VW,context=Main:1#run:1,i=1
VD,method=Main:1#run:1 <name=nty,type=int (id=7),value=<?>,index=18>
VD,method=Main:1#run:1 <name=ntx,type=int (id=7),value=<?>,index=19>
VD,method=Main:1#run:1 <name=nky,type=int (id=7),value=<?>,index=20>
VD,method=Main:1#run:1 <name=nkx,type=int (id=7),value=<?>,index=21>
VD,method=Main:1#run:1 <name=newdis,type=int (id=7),value=<?>,index=22>
FR,context=Main$Pair:27,y
FR,context=Main:1,move
VW,context=Main:1#run:1,nty=2
FR,context=Main$Pair:27,x
FR,context=Main:1,move
VW,context=Main:1#run:1,ntx=4
FR,context=Main$Pair:27,dy
FR,context=Main:1,move
VW,context=Main:1#run:1,nky=5
FR,context=Main$Pair:27,dx
FR,context=Main:1,move
VW,context=Main:1#run:1,nkx=4
VW,context=Main:1#run:1,mem=boolean[][][][]:1
NO,object=Main$Pair:67
MC,caller=Main:1#run:1,target=Main$Pair:67#Main$Pair:45
VW,context=Main$Pair:67#Main$Pair:45,y=2
VW,context=Main$Pair:67#Main$Pair:45,x=4
FW,context=Main$Pair:67,y=2
FW,context=Main$Pair:67,x=4
ME,returner=Main$Pair:67#Main$Pair:45,value=<void>
NO,object=Main$Pair:68
MC,caller=Main:1#run:1,target=Main$Pair:68#Main$Pair:46
VW,context=Main$Pair:68#Main$Pair:46,y=5
VW,context=Main$Pair:68#Main$Pair:46,x=4
FW,context=Main$Pair:68,y=5
FW,context=Main$Pair:68,x=4
ME,returner=Main$Pair:68#Main$Pair:46,value=<void>
MC,caller=Main:1#run:1,target=Main:1#dist:23
VW,context=Main:1#dist:23,b=Main$Pair:68
VW,context=Main:1#dist:23,a=Main$Pair:67
FR,context=Main$Pair:67,x
FR,context=Main$Pair:68,x
FR,context=Main$Pair:67,y
FR,context=Main$Pair:68,y
VW,context=Main:1#dist:23,result=3
ME,returner=Main:1#dist:23,value=3
VW,context=Main:1#run:1,newdis=3
FR,context=Main$Pair:27,cost
FR,context=Main$Pair:27,cost
NO,object=Main$Pair:69
MC,caller=Main:1#run:1,target=Main$Pair:69#Main$Pair:23
VW,context=Main$Pair:69#Main$Pair:23,y=2
VW,context=Main$Pair:69#Main$Pair:23,x=4
VW,context=Main$Pair:69#Main$Pair:23,cost=6
VW,context=Main$Pair:69#Main$Pair:23,md=9
VW,context=Main$Pair:69#Main$Pair:23,dy=5
VW,context=Main$Pair:69#Main$Pair:23,dx=4
FW,context=Main$Pair:69,y=2
FW,context=Main$Pair:69,x=4
FW,context=Main$Pair:69,dy=5
FW,context=Main$Pair:69,dx=4
FW,context=Main$Pair:69,cost=6
FW,context=Main$Pair:69,md=9
ME,returner=Main$Pair:69#Main$Pair:23,value=<void>
VW,context=Main:1#run:1,i=2
VD,method=Main:1#run:1 <name=nty,type=int (id=7),value=<?>,index=18>
VD,method=Main:1#run:1 <name=ntx,type=int (id=7),value=<?>,index=19>
VD,method=Main:1#run:1 <name=nky,type=int (id=7),value=<?>,index=20>
VD,method=Main:1#run:1 <name=nkx,type=int (id=7),value=<?>,index=21>
VD,method=Main:1#run:1 <name=newdis,type=int (id=7),value=<?>,index=22>
FR,context=Main$Pair:27,y
FR,context=Main:1,move
VW,context=Main:1#run:1,nty=3
FR,context=Main$Pair:27,x
FR,context=Main:1,move
VW,context=Main:1#run:1,ntx=5
FR,context=Main$Pair:27,dy
FR,context=Main:1,move
VW,context=Main:1#run:1,nky=4
FR,context=Main$Pair:27,dx
FR,context=Main:1,move
VW,context=Main:1#run:1,nkx=3
VW,context=Main:1#run:1,i=3
VD,method=Main:1#run:1 <name=nty,type=int (id=7),value=<?>,index=18>
VD,method=Main:1#run:1 <name=ntx,type=int (id=7),value=<?>,index=19>
VD,method=Main:1#run:1 <name=nky,type=int (id=7),value=<?>,index=20>
VD,method=Main:1#run:1 <name=nkx,type=int (id=7),value=<?>,index=21>
FR,context=Main$Pair:27,y
FR,context=Main:1,move
VW,context=Main:1#run:1,nty=2
FR,context=Main$Pair:27,x
FR,context=Main:1,move
VW,context=Main:1#run:1,ntx=6
FR,context=Main$Pair:27,dy
FR,context=Main:1,move
VW,context=Main:1#run:1,nky=5
FR,context=Main$Pair:27,dx
FR,context=Main:1,move
VW,context=Main:1#run:1,nkx=2
VD,method=Main:1#run:1 <name=nty,type=int (id=7),value=<?>,index=18>
VD,method=Main:1#run:1 <name=ntx,type=int (id=7),value=<?>,index=19>
VD,method=Main:1#run:1 <name=nky,type=int (id=7),value=<?>,index=20>
VD,method=Main:1#run:1 <name=nkx,type=int (id=7),value=<?>,index=21>
VD,method=Main:1#run:1 <name=pair,type=Main$Pair (id=90),value=<?>,index=16>
VD,method=Main:1#run:1 <name=i,type=int (id=7),value=<?>,index=17>
VW,context=Main:1#run:1,pair=Main$Pair:30
FR,context=Main$Pair:30,y
FR,context=Main$Pair:30,dy
VW,context=Main:1#run:1,i=0
FR,context=Main$Pair:30,y
FR,context=Main:1,move
VW,context=Main:1#run:1,nty=1
FR,context=Main$Pair:30,x
FR,context=Main:1,move
VW,context=Main:1#run:1,ntx=4
FR,context=Main$Pair:30,dy
FR,context=Main:1,move
VW,context=Main:1#run:1,nky=5
FR,context=Main$Pair:30,dx
FR,context=Main:1,move
VW,context=Main:1#run:1,nkx=3
VW,context=Main:1#run:1,mem=boolean[][][][]:1
NO,object=Main$Pair:70
MC,caller=Main:1#run:1,target=Main$Pair:70#Main$Pair:47
VW,context=Main$Pair:70#Main$Pair:47,y=1
VW,context=Main$Pair:70#Main$Pair:47,x=4
FW,context=Main$Pair:70,y=1
FW,context=Main$Pair:70,x=4
ME,returner=Main$Pair:70#Main$Pair:47,value=<void>
NO,object=Main$Pair:71
MC,caller=Main:1#run:1,target=Main$Pair:71#Main$Pair:48
VW,context=Main$Pair:71#Main$Pair:48,y=5
VW,context=Main$Pair:71#Main$Pair:48,x=3
FW,context=Main$Pair:71,y=5
FW,context=Main$Pair:71,x=3
ME,returner=Main$Pair:71#Main$Pair:48,value=<void>
MC,caller=Main:1#run:1,target=Main:1#dist:24
VW,context=Main:1#dist:24,b=Main$Pair:71
VW,context=Main:1#dist:24,a=Main$Pair:70
FR,context=Main$Pair:70,x
FR,context=Main$Pair:71,x
FR,context=Main$Pair:70,y
FR,context=Main$Pair:71,y
VW,context=Main:1#dist:24,result=5
ME,returner=Main:1#dist:24,value=5
VW,context=Main:1#run:1,newdis=5
FR,context=Main$Pair:30,cost
FR,context=Main$Pair:30,cost
NO,object=Main$Pair:72
MC,caller=Main:1#run:1,target=Main$Pair:72#Main$Pair:24
VW,context=Main$Pair:72#Main$Pair:24,y=1
VW,context=Main$Pair:72#Main$Pair:24,x=4
VW,context=Main$Pair:72#Main$Pair:24,cost=6
VW,context=Main$Pair:72#Main$Pair:24,md=11
VW,context=Main$Pair:72#Main$Pair:24,dy=5
VW,context=Main$Pair:72#Main$Pair:24,dx=3
FW,context=Main$Pair:72,y=1
FW,context=Main$Pair:72,x=4
FW,context=Main$Pair:72,dy=5
FW,context=Main$Pair:72,dx=3
FW,context=Main$Pair:72,cost=6
FW,context=Main$Pair:72,md=11
ME,returner=Main$Pair:72#Main$Pair:24,value=<void>
VW,context=Main:1#run:1,i=1
VD,method=Main:1#run:1 <name=nty,type=int (id=7),value=<?>,index=18>
VD,method=Main:1#run:1 <name=ntx,type=int (id=7),value=<?>,index=19>
VD,method=Main:1#run:1 <name=nky,type=int (id=7),value=<?>,index=20>
VD,method=Main:1#run:1 <name=nkx,type=int (id=7),value=<?>,index=21>
VD,method=Main:1#run:1 <name=newdis,type=int (id=7),value=<?>,index=22>
FR,context=Main$Pair:30,y
FR,context=Main:1,move
VW,context=Main:1#run:1,nty=2
FR,context=Main$Pair:30,x
FR,context=Main:1,move
VW,context=Main:1#run:1,ntx=3
FR,context=Main$Pair:30,dy
FR,context=Main:1,move
VW,context=Main:1#run:1,nky=4
FR,context=Main$Pair:30,dx
FR,context=Main:1,move
VW,context=Main:1#run:1,nkx=4
FR,context=Main$Pair:30,dy
VW,context=Main:1#run:1,nky=4
FR,context=Main$Pair:30,dx
VW,context=Main:1#run:1,nkx=3
VW,context=Main:1#run:1,mem=boolean[][][][]:1
NO,object=Main$Pair:73
MC,caller=Main:1#run:1,target=Main$Pair:73#Main$Pair:49
VW,context=Main$Pair:73#Main$Pair:49,y=2
VW,context=Main$Pair:73#Main$Pair:49,x=3
FW,context=Main$Pair:73,y=2
FW,context=Main$Pair:73,x=3
ME,returner=Main$Pair:73#Main$Pair:49,value=<void>
NO,object=Main$Pair:74
MC,caller=Main:1#run:1,target=Main$Pair:74#Main$Pair:50
VW,context=Main$Pair:74#Main$Pair:50,y=4
VW,context=Main$Pair:74#Main$Pair:50,x=3
FW,context=Main$Pair:74,y=4
FW,context=Main$Pair:74,x=3
ME,returner=Main$Pair:74#Main$Pair:50,value=<void>
MC,caller=Main:1#run:1,target=Main:1#dist:25
VW,context=Main:1#dist:25,b=Main$Pair:74
VW,context=Main:1#dist:25,a=Main$Pair:73
FR,context=Main$Pair:73,x
FR,context=Main$Pair:74,x
FR,context=Main$Pair:73,y
FR,context=Main$Pair:74,y
VW,context=Main:1#dist:25,result=2
ME,returner=Main:1#dist:25,value=2
VW,context=Main:1#run:1,newdis=2
FR,context=Main$Pair:30,cost
FR,context=Main$Pair:30,cost
NO,object=Main$Pair:75
MC,caller=Main:1#run:1,target=Main$Pair:75#Main$Pair:25
VW,context=Main$Pair:75#Main$Pair:25,y=2
VW,context=Main$Pair:75#Main$Pair:25,x=3
VW,context=Main$Pair:75#Main$Pair:25,cost=6
VW,context=Main$Pair:75#Main$Pair:25,md=8
VW,context=Main$Pair:75#Main$Pair:25,dy=4
VW,context=Main$Pair:75#Main$Pair:25,dx=3
FW,context=Main$Pair:75,y=2
FW,context=Main$Pair:75,x=3
FW,context=Main$Pair:75,dy=4
FW,context=Main$Pair:75,dx=3
FW,context=Main$Pair:75,cost=6
FW,context=Main$Pair:75,md=8
ME,returner=Main$Pair:75#Main$Pair:25,value=<void>
VW,context=Main:1#run:1,i=2
VD,method=Main:1#run:1 <name=nty,type=int (id=7),value=<?>,index=18>
VD,method=Main:1#run:1 <name=ntx,type=int (id=7),value=<?>,index=19>
VD,method=Main:1#run:1 <name=nky,type=int (id=7),value=<?>,index=20>
VD,method=Main:1#run:1 <name=nkx,type=int (id=7),value=<?>,index=21>
VD,method=Main:1#run:1 <name=newdis,type=int (id=7),value=<?>,index=22>
FR,context=Main$Pair:30,y
FR,context=Main:1,move
VW,context=Main:1#run:1,nty=3
FR,context=Main$Pair:30,x
FR,context=Main:1,move
VW,context=Main:1#run:1,ntx=4
FR,context=Main$Pair:30,dy
FR,context=Main:1,move
VW,context=Main:1#run:1,nky=3
FR,context=Main$Pair:30,dx
FR,context=Main:1,move
VW,context=Main:1#run:1,nkx=3
VW,context=Main:1#run:1,mem=boolean[][][][]:1
NO,object=Main$Pair:76
MC,caller=Main:1#run:1,target=Main$Pair:76#Main$Pair:51
VW,context=Main$Pair:76#Main$Pair:51,y=3
VW,context=Main$Pair:76#Main$Pair:51,x=4
FW,context=Main$Pair:76,y=3
FW,context=Main$Pair:76,x=4
ME,returner=Main$Pair:76#Main$Pair:51,value=<void>
NO,object=Main$Pair:77
MC,caller=Main:1#run:1,target=Main$Pair:77#Main$Pair:52
VW,context=Main$Pair:77#Main$Pair:52,y=3
VW,context=Main$Pair:77#Main$Pair:52,x=3
FW,context=Main$Pair:77,y=3
FW,context=Main$Pair:77,x=3
ME,returner=Main$Pair:77#Main$Pair:52,value=<void>
MC,caller=Main:1#run:1,target=Main:1#dist:26
VW,context=Main:1#dist:26,b=Main$Pair:77
VW,context=Main:1#dist:26,a=Main$Pair:76
FR,context=Main$Pair:76,x
FR,context=Main$Pair:77,x
FR,context=Main$Pair:76,y
FR,context=Main$Pair:77,y
VW,context=Main:1#dist:26,result=1
ME,returner=Main:1#dist:26,value=1
VW,context=Main:1#run:1,newdis=1
FR,context=Main$Pair:30,cost
FR,context=Main$Pair:30,cost
NO,object=Main$Pair:78
MC,caller=Main:1#run:1,target=Main$Pair:78#Main$Pair:26
VW,context=Main$Pair:78#Main$Pair:26,y=3
VW,context=Main$Pair:78#Main$Pair:26,x=4
VW,context=Main$Pair:78#Main$Pair:26,cost=6
VW,context=Main$Pair:78#Main$Pair:26,md=7
VW,context=Main$Pair:78#Main$Pair:26,dy=3
VW,context=Main$Pair:78#Main$Pair:26,dx=3
FW,context=Main$Pair:78,y=3
FW,context=Main$Pair:78,x=4
FW,context=Main$Pair:78,dy=3
FW,context=Main$Pair:78,dx=3
FW,context=Main$Pair:78,cost=6
FW,context=Main$Pair:78,md=7
ME,returner=Main$Pair:78#Main$Pair:26,value=<void>
VW,context=Main:1#run:1,i=3
VD,method=Main:1#run:1 <name=nty,type=int (id=7),value=<?>,index=18>
VD,method=Main:1#run:1 <name=ntx,type=int (id=7),value=<?>,index=19>
VD,method=Main:1#run:1 <name=nky,type=int (id=7),value=<?>,index=20>
VD,method=Main:1#run:1 <name=nkx,type=int (id=7),value=<?>,index=21>
VD,method=Main:1#run:1 <name=newdis,type=int (id=7),value=<?>,index=22>
FR,context=Main$Pair:30,y
FR,context=Main:1,move
VW,context=Main:1#run:1,nty=2
FR,context=Main$Pair:30,x
FR,context=Main:1,move
VW,context=Main:1#run:1,ntx=5
FR,context=Main$Pair:30,dy
FR,context=Main:1,move
VW,context=Main:1#run:1,nky=4
FR,context=Main$Pair:30,dx
FR,context=Main:1,move
VW,context=Main:1#run:1,nkx=2
VD,method=Main:1#run:1 <name=nty,type=int (id=7),value=<?>,index=18>
VD,method=Main:1#run:1 <name=ntx,type=int (id=7),value=<?>,index=19>
VD,method=Main:1#run:1 <name=nky,type=int (id=7),value=<?>,index=20>
VD,method=Main:1#run:1 <name=nkx,type=int (id=7),value=<?>,index=21>
VD,method=Main:1#run:1 <name=pair,type=Main$Pair (id=90),value=<?>,index=16>
VD,method=Main:1#run:1 <name=i,type=int (id=7),value=<?>,index=17>
VW,context=Main:1#run:1,pair=Main$Pair:33
FR,context=Main$Pair:33,y
FR,context=Main$Pair:33,dy
FR,context=Main$Pair:33,x
FR,context=Main$Pair:33,dx
VW,context=Main:1#run:1,i=0
FR,context=Main$Pair:33,y
FR,context=Main:1,move
VW,context=Main:1#run:1,nty=2
FR,context=Main$Pair:33,x
FR,context=Main:1,move
VW,context=Main:1#run:1,ntx=5
FR,context=Main$Pair:33,dy
FR,context=Main:1,move
VW,context=Main:1#run:1,nky=4
FR,context=Main$Pair:33,dx
FR,context=Main:1,move
VW,context=Main:1#run:1,nkx=3
VW,context=Main:1#run:1,i=1
VD,method=Main:1#run:1 <name=nty,type=int (id=7),value=<?>,index=18>
VD,method=Main:1#run:1 <name=ntx,type=int (id=7),value=<?>,index=19>
VD,method=Main:1#run:1 <name=nky,type=int (id=7),value=<?>,index=20>
VD,method=Main:1#run:1 <name=nkx,type=int (id=7),value=<?>,index=21>
FR,context=Main$Pair:33,y
FR,context=Main:1,move
VW,context=Main:1#run:1,nty=3
FR,context=Main$Pair:33,x
FR,context=Main:1,move
VW,context=Main:1#run:1,ntx=4
FR,context=Main$Pair:33,dy
FR,context=Main:1,move
VW,context=Main:1#run:1,nky=3
FR,context=Main$Pair:33,dx
FR,context=Main:1,move
VW,context=Main:1#run:1,nkx=4
VW,context=Main:1#run:1,mem=boolean[][][][]:1
NO,object=Main$Pair:79
MC,caller=Main:1#run:1,target=Main$Pair:79#Main$Pair:53
VW,context=Main$Pair:79#Main$Pair:53,y=3
VW,context=Main$Pair:79#Main$Pair:53,x=4
FW,context=Main$Pair:79,y=3
FW,context=Main$Pair:79,x=4
ME,returner=Main$Pair:79#Main$Pair:53,value=<void>
NO,object=Main$Pair:80
MC,caller=Main:1#run:1,target=Main$Pair:80#Main$Pair:54
VW,context=Main$Pair:80#Main$Pair:54,y=3
VW,context=Main$Pair:80#Main$Pair:54,x=4
FW,context=Main$Pair:80,y=3
FW,context=Main$Pair:80,x=4
ME,returner=Main$Pair:80#Main$Pair:54,value=<void>
MC,caller=Main:1#run:1,target=Main:1#dist:27
VW,context=Main:1#dist:27,b=Main$Pair:80
VW,context=Main:1#dist:27,a=Main$Pair:79
FR,context=Main$Pair:79,x
FR,context=Main$Pair:80,x
FR,context=Main$Pair:79,y
FR,context=Main$Pair:80,y
VW,context=Main:1#dist:27,result=0
ME,returner=Main:1#dist:27,value=0
VW,context=Main:1#run:1,newdis=0
FR,context=Main$Pair:33,cost
FR,context=Main$Pair:33,cost
NO,object=Main$Pair:81
MC,caller=Main:1#run:1,target=Main$Pair:81#Main$Pair:27
VW,context=Main$Pair:81#Main$Pair:27,y=3
VW,context=Main$Pair:81#Main$Pair:27,x=4
VW,context=Main$Pair:81#Main$Pair:27,cost=6
VW,context=Main$Pair:81#Main$Pair:27,md=6
VW,context=Main$Pair:81#Main$Pair:27,dy=3
VW,context=Main$Pair:81#Main$Pair:27,dx=4
FW,context=Main$Pair:81,y=3
FW,context=Main$Pair:81,x=4
FW,context=Main$Pair:81,dy=3
FW,context=Main$Pair:81,dx=4
FW,context=Main$Pair:81,cost=6
FW,context=Main$Pair:81,md=6
ME,returner=Main$Pair:81#Main$Pair:27,value=<void>
VW,context=Main:1#run:1,i=2
VD,method=Main:1#run:1 <name=nty,type=int (id=7),value=<?>,index=18>
VD,method=Main:1#run:1 <name=ntx,type=int (id=7),value=<?>,index=19>
VD,method=Main:1#run:1 <name=nky,type=int (id=7),value=<?>,index=20>
VD,method=Main:1#run:1 <name=nkx,type=int (id=7),value=<?>,index=21>
VD,method=Main:1#run:1 <name=newdis,type=int (id=7),value=<?>,index=22>
FR,context=Main$Pair:33,y
FR,context=Main:1,move
VW,context=Main:1#run:1,nty=4
FR,context=Main$Pair:33,x
FR,context=Main:1,move
VW,context=Main:1#run:1,ntx=5
FR,context=Main$Pair:33,dy
FR,context=Main:1,move
VW,context=Main:1#run:1,nky=2
FR,context=Main$Pair:33,dx
FR,context=Main:1,move
VW,context=Main:1#run:1,nkx=3
VW,context=Main:1#run:1,mem=boolean[][][][]:1
NO,object=Main$Pair:82
MC,caller=Main:1#run:1,target=Main$Pair:82#Main$Pair:55
VW,context=Main$Pair:82#Main$Pair:55,y=4
VW,context=Main$Pair:82#Main$Pair:55,x=5
FW,context=Main$Pair:82,y=4
FW,context=Main$Pair:82,x=5
ME,returner=Main$Pair:82#Main$Pair:55,value=<void>
NO,object=Main$Pair:83
MC,caller=Main:1#run:1,target=Main$Pair:83#Main$Pair:56
VW,context=Main$Pair:83#Main$Pair:56,y=2
VW,context=Main$Pair:83#Main$Pair:56,x=3
FW,context=Main$Pair:83,y=2
FW,context=Main$Pair:83,x=3
ME,returner=Main$Pair:83#Main$Pair:56,value=<void>
MC,caller=Main:1#run:1,target=Main:1#dist:28
VW,context=Main:1#dist:28,b=Main$Pair:83
VW,context=Main:1#dist:28,a=Main$Pair:82
FR,context=Main$Pair:82,x
FR,context=Main$Pair:83,x
FR,context=Main$Pair:82,y
FR,context=Main$Pair:83,y
VW,context=Main:1#dist:28,result=4
ME,returner=Main:1#dist:28,value=4
VW,context=Main:1#run:1,newdis=4
FR,context=Main$Pair:33,cost
FR,context=Main$Pair:33,cost
NO,object=Main$Pair:84
MC,caller=Main:1#run:1,target=Main$Pair:84#Main$Pair:28
VW,context=Main$Pair:84#Main$Pair:28,y=4
VW,context=Main$Pair:84#Main$Pair:28,x=5
VW,context=Main$Pair:84#Main$Pair:28,cost=6
VW,context=Main$Pair:84#Main$Pair:28,md=10
VW,context=Main$Pair:84#Main$Pair:28,dy=2
VW,context=Main$Pair:84#Main$Pair:28,dx=3
FW,context=Main$Pair:84,y=4
FW,context=Main$Pair:84,x=5
FW,context=Main$Pair:84,dy=2
FW,context=Main$Pair:84,dx=3
FW,context=Main$Pair:84,cost=6
FW,context=Main$Pair:84,md=10
ME,returner=Main$Pair:84#Main$Pair:28,value=<void>
VW,context=Main:1#run:1,i=3
VD,method=Main:1#run:1 <name=nty,type=int (id=7),value=<?>,index=18>
VD,method=Main:1#run:1 <name=ntx,type=int (id=7),value=<?>,index=19>
VD,method=Main:1#run:1 <name=nky,type=int (id=7),value=<?>,index=20>
VD,method=Main:1#run:1 <name=nkx,type=int (id=7),value=<?>,index=21>
VD,method=Main:1#run:1 <name=newdis,type=int (id=7),value=<?>,index=22>
FR,context=Main$Pair:33,y
FR,context=Main:1,move
VW,context=Main:1#run:1,nty=3
FR,context=Main$Pair:33,x
FR,context=Main:1,move
VW,context=Main:1#run:1,ntx=6
FR,context=Main$Pair:33,dy
FR,context=Main:1,move
VW,context=Main:1#run:1,nky=3
FR,context=Main$Pair:33,dx
FR,context=Main:1,move
VW,context=Main:1#run:1,nkx=2
FR,context=Main$Pair:33,dy
VW,context=Main:1#run:1,nky=3
FR,context=Main$Pair:33,dx
VW,context=Main:1#run:1,nkx=3
VW,context=Main:1#run:1,mem=boolean[][][][]:1
NO,object=Main$Pair:85
MC,caller=Main:1#run:1,target=Main$Pair:85#Main$Pair:57
VW,context=Main$Pair:85#Main$Pair:57,y=3
VW,context=Main$Pair:85#Main$Pair:57,x=6
FW,context=Main$Pair:85,y=3
FW,context=Main$Pair:85,x=6
ME,returner=Main$Pair:85#Main$Pair:57,value=<void>
NO,object=Main$Pair:86
MC,caller=Main:1#run:1,target=Main$Pair:86#Main$Pair:58
VW,context=Main$Pair:86#Main$Pair:58,y=3
VW,context=Main$Pair:86#Main$Pair:58,x=3
FW,context=Main$Pair:86,y=3
FW,context=Main$Pair:86,x=3
ME,returner=Main$Pair:86#Main$Pair:58,value=<void>
MC,caller=Main:1#run:1,target=Main:1#dist:29
VW,context=Main:1#dist:29,b=Main$Pair:86
VW,context=Main:1#dist:29,a=Main$Pair:85
FR,context=Main$Pair:85,x
FR,context=Main$Pair:86,x
FR,context=Main$Pair:85,y
FR,context=Main$Pair:86,y
VW,context=Main:1#dist:29,result=3
ME,returner=Main:1#dist:29,value=3
VW,context=Main:1#run:1,newdis=3
FR,context=Main$Pair:33,cost
FR,context=Main$Pair:33,cost
NO,object=Main$Pair:87
MC,caller=Main:1#run:1,target=Main$Pair:87#Main$Pair:29
VW,context=Main$Pair:87#Main$Pair:29,y=3
VW,context=Main$Pair:87#Main$Pair:29,x=6
VW,context=Main$Pair:87#Main$Pair:29,cost=6
VW,context=Main$Pair:87#Main$Pair:29,md=9
VW,context=Main$Pair:87#Main$Pair:29,dy=3
VW,context=Main$Pair:87#Main$Pair:29,dx=3
FW,context=Main$Pair:87,y=3
FW,context=Main$Pair:87,x=6
FW,context=Main$Pair:87,dy=3
FW,context=Main$Pair:87,dx=3
FW,context=Main$Pair:87,cost=6
FW,context=Main$Pair:87,md=9
ME,returner=Main$Pair:87#Main$Pair:29,value=<void>
VD,method=Main:1#run:1 <name=nty,type=int (id=7),value=<?>,index=18>
VD,method=Main:1#run:1 <name=ntx,type=int (id=7),value=<?>,index=19>
VD,method=Main:1#run:1 <name=nky,type=int (id=7),value=<?>,index=20>
VD,method=Main:1#run:1 <name=nkx,type=int (id=7),value=<?>,index=21>
VD,method=Main:1#run:1 <name=newdis,type=int (id=7),value=<?>,index=22>
VD,method=Main:1#run:1 <name=pair,type=Main$Pair (id=90),value=<?>,index=16>
VD,method=Main:1#run:1 <name=i,type=int (id=7),value=<?>,index=17>
VW,context=Main:1#run:1,pair=Main$Pair:36
FR,context=Main$Pair:36,y
FR,context=Main$Pair:36,dy
VW,context=Main:1#run:1,i=0
FR,context=Main$Pair:36,y
FR,context=Main:1,move
VW,context=Main:1#run:1,nty=1
FR,context=Main$Pair:36,x
FR,context=Main:1,move
VW,context=Main:1#run:1,ntx=6
FR,context=Main$Pair:36,dy
FR,context=Main:1,move
VW,context=Main:1#run:1,nky=6
FR,context=Main$Pair:36,dx
FR,context=Main:1,move
VW,context=Main:1#run:1,nkx=2
VW,context=Main:1#run:1,i=1
VD,method=Main:1#run:1 <name=nty,type=int (id=7),value=<?>,index=18>
VD,method=Main:1#run:1 <name=ntx,type=int (id=7),value=<?>,index=19>
VD,method=Main:1#run:1 <name=nky,type=int (id=7),value=<?>,index=20>
VD,method=Main:1#run:1 <name=nkx,type=int (id=7),value=<?>,index=21>
FR,context=Main$Pair:36,y
FR,context=Main:1,move
VW,context=Main:1#run:1,nty=2
FR,context=Main$Pair:36,x
FR,context=Main:1,move
VW,context=Main:1#run:1,ntx=5
FR,context=Main$Pair:36,dy
FR,context=Main:1,move
VW,context=Main:1#run:1,nky=5
FR,context=Main$Pair:36,dx
FR,context=Main:1,move
VW,context=Main:1#run:1,nkx=3
VW,context=Main:1#run:1,i=2
VD,method=Main:1#run:1 <name=nty,type=int (id=7),value=<?>,index=18>
VD,method=Main:1#run:1 <name=ntx,type=int (id=7),value=<?>,index=19>
VD,method=Main:1#run:1 <name=nky,type=int (id=7),value=<?>,index=20>
VD,method=Main:1#run:1 <name=nkx,type=int (id=7),value=<?>,index=21>
FR,context=Main$Pair:36,y
FR,context=Main:1,move
VW,context=Main:1#run:1,nty=3
FR,context=Main$Pair:36,x
FR,context=Main:1,move
VW,context=Main:1#run:1,ntx=6
FR,context=Main$Pair:36,dy
FR,context=Main:1,move
VW,context=Main:1#run:1,nky=4
FR,context=Main$Pair:36,dx
FR,context=Main:1,move
VW,context=Main:1#run:1,nkx=2
VW,context=Main:1#run:1,i=3
VD,method=Main:1#run:1 <name=nty,type=int (id=7),value=<?>,index=18>
VD,method=Main:1#run:1 <name=ntx,type=int (id=7),value=<?>,index=19>
VD,method=Main:1#run:1 <name=nky,type=int (id=7),value=<?>,index=20>
VD,method=Main:1#run:1 <name=nkx,type=int (id=7),value=<?>,index=21>
FR,context=Main$Pair:36,y
FR,context=Main:1,move
VW,context=Main:1#run:1,nty=2
FR,context=Main$Pair:36,x
FR,context=Main:1,move
VW,context=Main:1#run:1,ntx=7
FR,context=Main$Pair:36,dy
FR,context=Main:1,move
VW,context=Main:1#run:1,nky=5
FR,context=Main$Pair:36,dx
FR,context=Main:1,move
VW,context=Main:1#run:1,nkx=1
FR,context=Main$Pair:36,y
VW,context=Main:1#run:1,nty=2
FR,context=Main$Pair:36,x
VW,context=Main:1#run:1,ntx=6
VW,context=Main:1#run:1,mem=boolean[][][][]:1
NO,object=Main$Pair:88
MC,caller=Main:1#run:1,target=Main$Pair:88#Main$Pair:59
VW,context=Main$Pair:88#Main$Pair:59,y=2
VW,context=Main$Pair:88#Main$Pair:59,x=6
FW,context=Main$Pair:88,y=2
FW,context=Main$Pair:88,x=6
ME,returner=Main$Pair:88#Main$Pair:59,value=<void>
NO,object=Main$Pair:89
MC,caller=Main:1#run:1,target=Main$Pair:89#Main$Pair:60
VW,context=Main$Pair:89#Main$Pair:60,y=5
VW,context=Main$Pair:89#Main$Pair:60,x=1
FW,context=Main$Pair:89,y=5
FW,context=Main$Pair:89,x=1
ME,returner=Main$Pair:89#Main$Pair:60,value=<void>
MC,caller=Main:1#run:1,target=Main:1#dist:30
VW,context=Main:1#dist:30,b=Main$Pair:89
VW,context=Main:1#dist:30,a=Main$Pair:88
FR,context=Main$Pair:88,x
FR,context=Main$Pair:89,x
FR,context=Main$Pair:88,y
FR,context=Main$Pair:89,y
VW,context=Main:1#dist:30,result=8
ME,returner=Main:1#dist:30,value=8
VW,context=Main:1#run:1,newdis=8
FR,context=Main$Pair:36,cost
FR,context=Main$Pair:36,cost
NO,object=Main$Pair:90
MC,caller=Main:1#run:1,target=Main$Pair:90#Main$Pair:30
VW,context=Main$Pair:90#Main$Pair:30,y=2
VW,context=Main$Pair:90#Main$Pair:30,x=6
VW,context=Main$Pair:90#Main$Pair:30,cost=6
VW,context=Main$Pair:90#Main$Pair:30,md=14
VW,context=Main$Pair:90#Main$Pair:30,dy=5
VW,context=Main$Pair:90#Main$Pair:30,dx=1
FW,context=Main$Pair:90,y=2
FW,context=Main$Pair:90,x=6
FW,context=Main$Pair:90,dy=5
FW,context=Main$Pair:90,dx=1
FW,context=Main$Pair:90,cost=6
FW,context=Main$Pair:90,md=14
ME,returner=Main$Pair:90#Main$Pair:30,value=<void>
VD,method=Main:1#run:1 <name=nty,type=int (id=7),value=<?>,index=18>
VD,method=Main:1#run:1 <name=ntx,type=int (id=7),value=<?>,index=19>
VD,method=Main:1#run:1 <name=nky,type=int (id=7),value=<?>,index=20>
VD,method=Main:1#run:1 <name=nkx,type=int (id=7),value=<?>,index=21>
VD,method=Main:1#run:1 <name=newdis,type=int (id=7),value=<?>,index=22>
VD,method=Main:1#run:1 <name=pair,type=Main$Pair (id=90),value=<?>,index=16>
VD,method=Main:1#run:1 <name=i,type=int (id=7),value=<?>,index=17>
VW,context=Main:1#run:1,pair=Main$Pair:39
FR,context=Main$Pair:39,y
FR,context=Main$Pair:39,dy
VW,context=Main:1#run:1,i=0
FR,context=Main$Pair:39,y
FR,context=Main:1,move
VW,context=Main:1#run:1,nty=2
FR,context=Main$Pair:39,x
FR,context=Main:1,move
VW,context=Main:1#run:1,ntx=5
FR,context=Main$Pair:39,dy
FR,context=Main:1,move
VW,context=Main:1#run:1,nky=5
FR,context=Main$Pair:39,dx
FR,context=Main:1,move
VW,context=Main:1#run:1,nkx=3
VW,context=Main:1#run:1,i=1
VD,method=Main:1#run:1 <name=nty,type=int (id=7),value=<?>,index=18>
VD,method=Main:1#run:1 <name=ntx,type=int (id=7),value=<?>,index=19>
VD,method=Main:1#run:1 <name=nky,type=int (id=7),value=<?>,index=20>
VD,method=Main:1#run:1 <name=nkx,type=int (id=7),value=<?>,index=21>
FR,context=Main$Pair:39,y
FR,context=Main:1,move
VW,context=Main:1#run:1,nty=3
FR,context=Main$Pair:39,x
FR,context=Main:1,move
VW,context=Main:1#run:1,ntx=4
FR,context=Main$Pair:39,dy
FR,context=Main:1,move
VW,context=Main:1#run:1,nky=4
FR,context=Main$Pair:39,dx
FR,context=Main:1,move
VW,context=Main:1#run:1,nkx=4
FR,context=Main$Pair:39,dy
VW,context=Main:1#run:1,nky=4
FR,context=Main$Pair:39,dx
VW,context=Main:1#run:1,nkx=3
VW,context=Main:1#run:1,mem=boolean[][][][]:1
NO,object=Main$Pair:91
MC,caller=Main:1#run:1,target=Main$Pair:91#Main$Pair:61
VW,context=Main$Pair:91#Main$Pair:61,y=3
VW,context=Main$Pair:91#Main$Pair:61,x=4
FW,context=Main$Pair:91,y=3
FW,context=Main$Pair:91,x=4
ME,returner=Main$Pair:91#Main$Pair:61,value=<void>
NO,object=Main$Pair:92
MC,caller=Main:1#run:1,target=Main$Pair:92#Main$Pair:62
VW,context=Main$Pair:92#Main$Pair:62,y=4
VW,context=Main$Pair:92#Main$Pair:62,x=3
FW,context=Main$Pair:92,y=4
FW,context=Main$Pair:92,x=3
ME,returner=Main$Pair:92#Main$Pair:62,value=<void>
MC,caller=Main:1#run:1,target=Main:1#dist:31
VW,context=Main:1#dist:31,b=Main$Pair:92
VW,context=Main:1#dist:31,a=Main$Pair:91
FR,context=Main$Pair:91,x
FR,context=Main$Pair:92,x
FR,context=Main$Pair:91,y
FR,context=Main$Pair:92,y
VW,context=Main:1#dist:31,result=2
ME,returner=Main:1#dist:31,value=2
VW,context=Main:1#run:1,newdis=2
FR,context=Main$Pair:39,cost
FR,context=Main$Pair:39,cost
NO,object=Main$Pair:93
MC,caller=Main:1#run:1,target=Main$Pair:93#Main$Pair:31
VW,context=Main$Pair:93#Main$Pair:31,y=3
VW,context=Main$Pair:93#Main$Pair:31,x=4
VW,context=Main$Pair:93#Main$Pair:31,cost=6
VW,context=Main$Pair:93#Main$Pair:31,md=8
VW,context=Main$Pair:93#Main$Pair:31,dy=4
VW,context=Main$Pair:93#Main$Pair:31,dx=3
FW,context=Main$Pair:93,y=3
FW,context=Main$Pair:93,x=4
FW,context=Main$Pair:93,dy=4
FW,context=Main$Pair:93,dx=3
FW,context=Main$Pair:93,cost=6
FW,context=Main$Pair:93,md=8
ME,returner=Main$Pair:93#Main$Pair:31,value=<void>
VW,context=Main:1#run:1,i=2
VD,method=Main:1#run:1 <name=nty,type=int (id=7),value=<?>,index=18>
VD,method=Main:1#run:1 <name=ntx,type=int (id=7),value=<?>,index=19>
VD,method=Main:1#run:1 <name=nky,type=int (id=7),value=<?>,index=20>
VD,method=Main:1#run:1 <name=nkx,type=int (id=7),value=<?>,index=21>
VD,method=Main:1#run:1 <name=newdis,type=int (id=7),value=<?>,index=22>
FR,context=Main$Pair:39,y
FR,context=Main:1,move
VW,context=Main:1#run:1,nty=4
FR,context=Main$Pair:39,x
FR,context=Main:1,move
VW,context=Main:1#run:1,ntx=5
FR,context=Main$Pair:39,dy
FR,context=Main:1,move
VW,context=Main:1#run:1,nky=3
FR,context=Main$Pair:39,dx
FR,context=Main:1,move
VW,context=Main:1#run:1,nkx=3
VW,context=Main:1#run:1,mem=boolean[][][][]:1
NO,object=Main$Pair:94
MC,caller=Main:1#run:1,target=Main$Pair:94#Main$Pair:63
VW,context=Main$Pair:94#Main$Pair:63,y=4
VW,context=Main$Pair:94#Main$Pair:63,x=5
FW,context=Main$Pair:94,y=4
FW,context=Main$Pair:94,x=5
ME,returner=Main$Pair:94#Main$Pair:63,value=<void>
NO,object=Main$Pair:95
MC,caller=Main:1#run:1,target=Main$Pair:95#Main$Pair:64
VW,context=Main$Pair:95#Main$Pair:64,y=3
VW,context=Main$Pair:95#Main$Pair:64,x=3
FW,context=Main$Pair:95,y=3
FW,context=Main$Pair:95,x=3
ME,returner=Main$Pair:95#Main$Pair:64,value=<void>
MC,caller=Main:1#run:1,target=Main:1#dist:32
VW,context=Main:1#dist:32,b=Main$Pair:95
VW,context=Main:1#dist:32,a=Main$Pair:94
FR,context=Main$Pair:94,x
FR,context=Main$Pair:95,x
FR,context=Main$Pair:94,y
FR,context=Main$Pair:95,y
VW,context=Main:1#dist:32,result=3
ME,returner=Main:1#dist:32,value=3
VW,context=Main:1#run:1,newdis=3
FR,context=Main$Pair:39,cost
FR,context=Main$Pair:39,cost
NO,object=Main$Pair:96
MC,caller=Main:1#run:1,target=Main$Pair:96#Main$Pair:32
VW,context=Main$Pair:96#Main$Pair:32,y=4
VW,context=Main$Pair:96#Main$Pair:32,x=5
VW,context=Main$Pair:96#Main$Pair:32,cost=6
VW,context=Main$Pair:96#Main$Pair:32,md=9
VW,context=Main$Pair:96#Main$Pair:32,dy=3
VW,context=Main$Pair:96#Main$Pair:32,dx=3
FW,context=Main$Pair:96,y=4
FW,context=Main$Pair:96,x=5
FW,context=Main$Pair:96,dy=3
FW,context=Main$Pair:96,dx=3
FW,context=Main$Pair:96,cost=6
FW,context=Main$Pair:96,md=9
ME,returner=Main$Pair:96#Main$Pair:32,value=<void>
VW,context=Main:1#run:1,i=3
VD,method=Main:1#run:1 <name=nty,type=int (id=7),value=<?>,index=18>
VD,method=Main:1#run:1 <name=ntx,type=int (id=7),value=<?>,index=19>
VD,method=Main:1#run:1 <name=nky,type=int (id=7),value=<?>,index=20>
VD,method=Main:1#run:1 <name=nkx,type=int (id=7),value=<?>,index=21>
VD,method=Main:1#run:1 <name=newdis,type=int (id=7),value=<?>,index=22>
FR,context=Main$Pair:39,y
FR,context=Main:1,move
VW,context=Main:1#run:1,nty=3
FR,context=Main$Pair:39,x
FR,context=Main:1,move
VW,context=Main:1#run:1,ntx=6
FR,context=Main$Pair:39,dy
FR,context=Main:1,move
VW,context=Main:1#run:1,nky=4
FR,context=Main$Pair:39,dx
FR,context=Main:1,move
VW,context=Main:1#run:1,nkx=2
VD,method=Main:1#run:1 <name=nty,type=int (id=7),value=<?>,index=18>
VD,method=Main:1#run:1 <name=ntx,type=int (id=7),value=<?>,index=19>
VD,method=Main:1#run:1 <name=nky,type=int (id=7),value=<?>,index=20>
VD,method=Main:1#run:1 <name=nkx,type=int (id=7),value=<?>,index=21>
VD,method=Main:1#run:1 <name=pair,type=Main$Pair (id=90),value=<?>,index=16>
VD,method=Main:1#run:1 <name=i,type=int (id=7),value=<?>,index=17>
VW,context=Main:1#run:1,pair=Main$Pair:42
FR,context=Main$Pair:42,y
FR,context=Main$Pair:42,dy
FR,context=Main$Pair:42,x
FR,context=Main$Pair:42,dx
VW,context=Main:1#run:1,i=0
FR,context=Main$Pair:42,y
FR,context=Main:1,move
VW,context=Main:1#run:1,nty=3
FR,context=Main$Pair:42,x
FR,context=Main:1,move
VW,context=Main:1#run:1,ntx=6
FR,context=Main$Pair:42,dy
FR,context=Main:1,move
VW,context=Main:1#run:1,nky=5
FR,context=Main$Pair:42,dx
FR,context=Main:1,move
VW,context=Main:1#run:1,nkx=2
VW,context=Main:1#run:1,mem=boolean[][][][]:1
NO,object=Main$Pair:97
MC,caller=Main:1#run:1,target=Main$Pair:97#Main$Pair:65
VW,context=Main$Pair:97#Main$Pair:65,y=3
VW,context=Main$Pair:97#Main$Pair:65,x=6
FW,context=Main$Pair:97,y=3
FW,context=Main$Pair:97,x=6
ME,returner=Main$Pair:97#Main$Pair:65,value=<void>
NO,object=Main$Pair:98
MC,caller=Main:1#run:1,target=Main$Pair:98#Main$Pair:66
VW,context=Main$Pair:98#Main$Pair:66,y=5
VW,context=Main$Pair:98#Main$Pair:66,x=2
FW,context=Main$Pair:98,y=5
FW,context=Main$Pair:98,x=2
ME,returner=Main$Pair:98#Main$Pair:66,value=<void>
MC,caller=Main:1#run:1,target=Main:1#dist:33
VW,context=Main:1#dist:33,b=Main$Pair:98
VW,context=Main:1#dist:33,a=Main$Pair:97
FR,context=Main$Pair:97,x
FR,context=Main$Pair:98,x
FR,context=Main$Pair:97,y
FR,context=Main$Pair:98,y
VW,context=Main:1#dist:33,result=6
ME,returner=Main:1#dist:33,value=6
VW,context=Main:1#run:1,newdis=6
FR,context=Main$Pair:42,cost
FR,context=Main$Pair:42,cost
NO,object=Main$Pair:99
MC,caller=Main:1#run:1,target=Main$Pair:99#Main$Pair:33
VW,context=Main$Pair:99#Main$Pair:33,y=3
VW,context=Main$Pair:99#Main$Pair:33,x=6
VW,context=Main$Pair:99#Main$Pair:33,cost=6
VW,context=Main$Pair:99#Main$Pair:33,md=12
VW,context=Main$Pair:99#Main$Pair:33,dy=5
VW,context=Main$Pair:99#Main$Pair:33,dx=2
FW,context=Main$Pair:99,y=3
FW,context=Main$Pair:99,x=6
FW,context=Main$Pair:99,dy=5
FW,context=Main$Pair:99,dx=2
FW,context=Main$Pair:99,cost=6
FW,context=Main$Pair:99,md=12
ME,returner=Main$Pair:99#Main$Pair:33,value=<void>
VW,context=Main:1#run:1,i=1
VD,method=Main:1#run:1 <name=nty,type=int (id=7),value=<?>,index=18>
VD,method=Main:1#run:1 <name=ntx,type=int (id=7),value=<?>,index=19>
VD,method=Main:1#run:1 <name=nky,type=int (id=7),value=<?>,index=20>
VD,method=Main:1#run:1 <name=nkx,type=int (id=7),value=<?>,index=21>
VD,method=Main:1#run:1 <name=newdis,type=int (id=7),value=<?>,index=22>
FR,context=Main$Pair:42,y
FR,context=Main:1,move
VW,context=Main:1#run:1,nty=4
FR,context=Main$Pair:42,x
FR,context=Main:1,move
VW,context=Main:1#run:1,ntx=5
FR,context=Main$Pair:42,dy
FR,context=Main:1,move
VW,context=Main:1#run:1,nky=4
FR,context=Main$Pair:42,dx
FR,context=Main:1,move
VW,context=Main:1#run:1,nkx=3
VW,context=Main:1#run:1,mem=boolean[][][][]:1
NO,object=Main$Pair:100
MC,caller=Main:1#run:1,target=Main$Pair:100#Main$Pair:67
VW,context=Main$Pair:100#Main$Pair:67,y=4
VW,context=Main$Pair:100#Main$Pair:67,x=5
FW,context=Main$Pair:100,y=4
FW,context=Main$Pair:100,x=5
ME,returner=Main$Pair:100#Main$Pair:67,value=<void>
NO,object=Main$Pair:101
MC,caller=Main:1#run:1,target=Main$Pair:101#Main$Pair:68
VW,context=Main$Pair:101#Main$Pair:68,y=4
VW,context=Main$Pair:101#Main$Pair:68,x=3
FW,context=Main$Pair:101,y=4
FW,context=Main$Pair:101,x=3
ME,returner=Main$Pair:101#Main$Pair:68,value=<void>
MC,caller=Main:1#run:1,target=Main:1#dist:34
VW,context=Main:1#dist:34,b=Main$Pair:101
VW,context=Main:1#dist:34,a=Main$Pair:100
FR,context=Main$Pair:100,x
FR,context=Main$Pair:101,x
FR,context=Main$Pair:100,y
FR,context=Main$Pair:101,y
VW,context=Main:1#dist:34,result=2
ME,returner=Main:1#dist:34,value=2
VW,context=Main:1#run:1,newdis=2
FR,context=Main$Pair:42,cost
FR,context=Main$Pair:42,cost
NO,object=Main$Pair:102
MC,caller=Main:1#run:1,target=Main$Pair:102#Main$Pair:34
VW,context=Main$Pair:102#Main$Pair:34,y=4
VW,context=Main$Pair:102#Main$Pair:34,x=5
VW,context=Main$Pair:102#Main$Pair:34,cost=6
VW,context=Main$Pair:102#Main$Pair:34,md=8
VW,context=Main$Pair:102#Main$Pair:34,dy=4
VW,context=Main$Pair:102#Main$Pair:34,dx=3
FW,context=Main$Pair:102,y=4
FW,context=Main$Pair:102,x=5
FW,context=Main$Pair:102,dy=4
FW,context=Main$Pair:102,dx=3
FW,context=Main$Pair:102,cost=6
FW,context=Main$Pair:102,md=8
ME,returner=Main$Pair:102#Main$Pair:34,value=<void>
VW,context=Main:1#run:1,i=2
VD,method=Main:1#run:1 <name=nty,type=int (id=7),value=<?>,index=18>
VD,method=Main:1#run:1 <name=ntx,type=int (id=7),value=<?>,index=19>
VD,method=Main:1#run:1 <name=nky,type=int (id=7),value=<?>,index=20>
VD,method=Main:1#run:1 <name=nkx,type=int (id=7),value=<?>,index=21>
VD,method=Main:1#run:1 <name=newdis,type=int (id=7),value=<?>,index=22>
FR,context=Main$Pair:42,y
FR,context=Main:1,move
VW,context=Main:1#run:1,nty=5
FR,context=Main$Pair:42,x
FR,context=Main:1,move
VW,context=Main:1#run:1,ntx=6
FR,context=Main$Pair:42,dy
FR,context=Main:1,move
VW,context=Main:1#run:1,nky=3
FR,context=Main$Pair:42,dx
FR,context=Main:1,move
VW,context=Main:1#run:1,nkx=2
FR,context=Main$Pair:42,y
VW,context=Main:1#run:1,nty=4
FR,context=Main$Pair:42,x
VW,context=Main:1#run:1,ntx=6
FR,context=Main$Pair:42,dy
VW,context=Main:1#run:1,nky=4
FR,context=Main$Pair:42,dx
VW,context=Main:1#run:1,nkx=2
VW,context=Main:1#run:1,i=3
VD,method=Main:1#run:1 <name=nty,type=int (id=7),value=<?>,index=18>
VD,method=Main:1#run:1 <name=ntx,type=int (id=7),value=<?>,index=19>
VD,method=Main:1#run:1 <name=nky,type=int (id=7),value=<?>,index=20>
VD,method=Main:1#run:1 <name=nkx,type=int (id=7),value=<?>,index=21>
FR,context=Main$Pair:42,y
FR,context=Main:1,move
VW,context=Main:1#run:1,nty=4
FR,context=Main$Pair:42,x
FR,context=Main:1,move
VW,context=Main:1#run:1,ntx=7
FR,context=Main$Pair:42,dy
FR,context=Main:1,move
VW,context=Main:1#run:1,nky=4
FR,context=Main$Pair:42,dx
FR,context=Main:1,move
VW,context=Main:1#run:1,nkx=1
FR,context=Main$Pair:42,y
VW,context=Main:1#run:1,nty=4
FR,context=Main$Pair:42,x
VW,context=Main:1#run:1,ntx=6
VW,context=Main:1#run:1,mem=boolean[][][][]:1
NO,object=Main$Pair:103
MC,caller=Main:1#run:1,target=Main$Pair:103#Main$Pair:69
VW,context=Main$Pair:103#Main$Pair:69,y=4
VW,context=Main$Pair:103#Main$Pair:69,x=6
FW,context=Main$Pair:103,y=4
FW,context=Main$Pair:103,x=6
ME,returner=Main$Pair:103#Main$Pair:69,value=<void>
NO,object=Main$Pair:104
MC,caller=Main:1#run:1,target=Main$Pair:104#Main$Pair:70
VW,context=Main$Pair:104#Main$Pair:70,y=4
VW,context=Main$Pair:104#Main$Pair:70,x=1
FW,context=Main$Pair:104,y=4
FW,context=Main$Pair:104,x=1
ME,returner=Main$Pair:104#Main$Pair:70,value=<void>
MC,caller=Main:1#run:1,target=Main:1#dist:35
VW,context=Main:1#dist:35,b=Main$Pair:104
VW,context=Main:1#dist:35,a=Main$Pair:103
FR,context=Main$Pair:103,x
FR,context=Main$Pair:104,x
FR,context=Main$Pair:103,y
FR,context=Main$Pair:104,y
VW,context=Main:1#dist:35,result=5
ME,returner=Main:1#dist:35,value=5
VW,context=Main:1#run:1,newdis=5
FR,context=Main$Pair:42,cost
FR,context=Main$Pair:42,cost
NO,object=Main$Pair:105
MC,caller=Main:1#run:1,target=Main$Pair:105#Main$Pair:35
VW,context=Main$Pair:105#Main$Pair:35,y=4
VW,context=Main$Pair:105#Main$Pair:35,x=6
VW,context=Main$Pair:105#Main$Pair:35,cost=6
VW,context=Main$Pair:105#Main$Pair:35,md=11
VW,context=Main$Pair:105#Main$Pair:35,dy=4
VW,context=Main$Pair:105#Main$Pair:35,dx=1
FW,context=Main$Pair:105,y=4
FW,context=Main$Pair:105,x=6
FW,context=Main$Pair:105,dy=4
FW,context=Main$Pair:105,dx=1
FW,context=Main$Pair:105,cost=6
FW,context=Main$Pair:105,md=11
ME,returner=Main$Pair:105#Main$Pair:35,value=<void>
VD,method=Main:1#run:1 <name=nty,type=int (id=7),value=<?>,index=18>
VD,method=Main:1#run:1 <name=ntx,type=int (id=7),value=<?>,index=19>
VD,method=Main:1#run:1 <name=nky,type=int (id=7),value=<?>,index=20>
VD,method=Main:1#run:1 <name=nkx,type=int (id=7),value=<?>,index=21>
VD,method=Main:1#run:1 <name=newdis,type=int (id=7),value=<?>,index=22>
VD,method=Main:1#run:1 <name=pair,type=Main$Pair (id=90),value=<?>,index=16>
VD,method=Main:1#run:1 <name=i,type=int (id=7),value=<?>,index=17>
VW,context=Main:1#run:1,pair=Main$Pair:45
FR,context=Main$Pair:45,y
FR,context=Main$Pair:45,dy
VW,context=Main:1#run:1,i=0
FR,context=Main$Pair:45,y
FR,context=Main:1,move
VW,context=Main:1#run:1,nty=2
FR,context=Main$Pair:45,x
FR,context=Main:1,move
VW,context=Main:1#run:1,ntx=6
FR,context=Main$Pair:45,dy
FR,context=Main:1,move
VW,context=Main:1#run:1,nky=5
FR,context=Main$Pair:45,dx
FR,context=Main:1,move
VW,context=Main:1#run:1,nkx=1
VW,context=Main:1#run:1,i=1
VD,method=Main:1#run:1 <name=nty,type=int (id=7),value=<?>,index=18>
VD,method=Main:1#run:1 <name=ntx,type=int (id=7),value=<?>,index=19>
VD,method=Main:1#run:1 <name=nky,type=int (id=7),value=<?>,index=20>
VD,method=Main:1#run:1 <name=nkx,type=int (id=7),value=<?>,index=21>
FR,context=Main$Pair:45,y
FR,context=Main:1,move
VW,context=Main:1#run:1,nty=3
FR,context=Main$Pair:45,x
FR,context=Main:1,move
VW,context=Main:1#run:1,ntx=5
FR,context=Main$Pair:45,dy
FR,context=Main:1,move
VW,context=Main:1#run:1,nky=4
FR,context=Main$Pair:45,dx
FR,context=Main:1,move
VW,context=Main:1#run:1,nkx=2
VW,context=Main:1#run:1,mem=boolean[][][][]:1
NO,object=Main$Pair:106
MC,caller=Main:1#run:1,target=Main$Pair:106#Main$Pair:71
VW,context=Main$Pair:106#Main$Pair:71,y=3
VW,context=Main$Pair:106#Main$Pair:71,x=5
FW,context=Main$Pair:106,y=3
FW,context=Main$Pair:106,x=5
ME,returner=Main$Pair:106#Main$Pair:71,value=<void>
NO,object=Main$Pair:107
MC,caller=Main:1#run:1,target=Main$Pair:107#Main$Pair:72
VW,context=Main$Pair:107#Main$Pair:72,y=4
VW,context=Main$Pair:107#Main$Pair:72,x=2
FW,context=Main$Pair:107,y=4
FW,context=Main$Pair:107,x=2
ME,returner=Main$Pair:107#Main$Pair:72,value=<void>
MC,caller=Main:1#run:1,target=Main:1#dist:36
VW,context=Main:1#dist:36,b=Main$Pair:107
VW,context=Main:1#dist:36,a=Main$Pair:106
FR,context=Main$Pair:106,x
FR,context=Main$Pair:107,x
FR,context=Main$Pair:106,y
FR,context=Main$Pair:107,y
VW,context=Main:1#dist:36,result=4
ME,returner=Main:1#dist:36,value=4
VW,context=Main:1#run:1,newdis=4
FR,context=Main$Pair:45,cost
FR,context=Main$Pair:45,cost
NO,object=Main$Pair:108
MC,caller=Main:1#run:1,target=Main$Pair:108#Main$Pair:36
VW,context=Main$Pair:108#Main$Pair:36,y=3
VW,context=Main$Pair:108#Main$Pair:36,x=5
VW,context=Main$Pair:108#Main$Pair:36,cost=6
VW,context=Main$Pair:108#Main$Pair:36,md=10
VW,context=Main$Pair:108#Main$Pair:36,dy=4
VW,context=Main$Pair:108#Main$Pair:36,dx=2
FW,context=Main$Pair:108,y=3
FW,context=Main$Pair:108,x=5
FW,context=Main$Pair:108,dy=4
FW,context=Main$Pair:108,dx=2
FW,context=Main$Pair:108,cost=6
FW,context=Main$Pair:108,md=10
ME,returner=Main$Pair:108#Main$Pair:36,value=<void>
VW,context=Main:1#run:1,i=2
VD,method=Main:1#run:1 <name=nty,type=int (id=7),value=<?>,index=18>
VD,method=Main:1#run:1 <name=ntx,type=int (id=7),value=<?>,index=19>
VD,method=Main:1#run:1 <name=nky,type=int (id=7),value=<?>,index=20>
VD,method=Main:1#run:1 <name=nkx,type=int (id=7),value=<?>,index=21>
VD,method=Main:1#run:1 <name=newdis,type=int (id=7),value=<?>,index=22>
FR,context=Main$Pair:45,y
FR,context=Main:1,move
VW,context=Main:1#run:1,nty=4
FR,context=Main$Pair:45,x
FR,context=Main:1,move
VW,context=Main:1#run:1,ntx=6
FR,context=Main$Pair:45,dy
FR,context=Main:1,move
VW,context=Main:1#run:1,nky=3
FR,context=Main$Pair:45,dx
FR,context=Main:1,move
VW,context=Main:1#run:1,nkx=1
VW,context=Main:1#run:1,mem=boolean[][][][]:1
NO,object=Main$Pair:109
MC,caller=Main:1#run:1,target=Main$Pair:109#Main$Pair:73
VW,context=Main$Pair:109#Main$Pair:73,y=4
VW,context=Main$Pair:109#Main$Pair:73,x=6
FW,context=Main$Pair:109,y=4
FW,context=Main$Pair:109,x=6
ME,returner=Main$Pair:109#Main$Pair:73,value=<void>
NO,object=Main$Pair:110
MC,caller=Main:1#run:1,target=Main$Pair:110#Main$Pair:74
VW,context=Main$Pair:110#Main$Pair:74,y=3
VW,context=Main$Pair:110#Main$Pair:74,x=1
FW,context=Main$Pair:110,y=3
FW,context=Main$Pair:110,x=1
ME,returner=Main$Pair:110#Main$Pair:74,value=<void>
MC,caller=Main:1#run:1,target=Main:1#dist:37
VW,context=Main:1#dist:37,b=Main$Pair:110
VW,context=Main:1#dist:37,a=Main$Pair:109
FR,context=Main$Pair:109,x
FR,context=Main$Pair:110,x
FR,context=Main$Pair:109,y
FR,context=Main$Pair:110,y
VW,context=Main:1#dist:37,result=6
ME,returner=Main:1#dist:37,value=6
VW,context=Main:1#run:1,newdis=6
FR,context=Main$Pair:45,cost
FR,context=Main$Pair:45,cost
NO,object=Main$Pair:111
MC,caller=Main:1#run:1,target=Main$Pair:111#Main$Pair:37
VW,context=Main$Pair:111#Main$Pair:37,y=4
VW,context=Main$Pair:111#Main$Pair:37,x=6
VW,context=Main$Pair:111#Main$Pair:37,cost=6
VW,context=Main$Pair:111#Main$Pair:37,md=12
VW,context=Main$Pair:111#Main$Pair:37,dy=3
VW,context=Main$Pair:111#Main$Pair:37,dx=1
FW,context=Main$Pair:111,y=4
FW,context=Main$Pair:111,x=6
FW,context=Main$Pair:111,dy=3
FW,context=Main$Pair:111,dx=1
FW,context=Main$Pair:111,cost=6
FW,context=Main$Pair:111,md=12
ME,returner=Main$Pair:111#Main$Pair:37,value=<void>
VW,context=Main:1#run:1,i=3
VD,method=Main:1#run:1 <name=nty,type=int (id=7),value=<?>,index=18>
VD,method=Main:1#run:1 <name=ntx,type=int (id=7),value=<?>,index=19>
VD,method=Main:1#run:1 <name=nky,type=int (id=7),value=<?>,index=20>
VD,method=Main:1#run:1 <name=nkx,type=int (id=7),value=<?>,index=21>
VD,method=Main:1#run:1 <name=newdis,type=int (id=7),value=<?>,index=22>
FR,context=Main$Pair:45,y
FR,context=Main:1,move
VW,context=Main:1#run:1,nty=3
FR,context=Main$Pair:45,x
FR,context=Main:1,move
VW,context=Main:1#run:1,ntx=7
FR,context=Main$Pair:45,dy
FR,context=Main:1,move
VW,context=Main:1#run:1,nky=4
FR,context=Main$Pair:45,dx
FR,context=Main:1,move
VW,context=Main:1#run:1,nkx=0
FR,context=Main$Pair:45,y
VW,context=Main:1#run:1,nty=3
FR,context=Main$Pair:45,x
VW,context=Main:1#run:1,ntx=6
FR,context=Main$Pair:45,dy
VW,context=Main:1#run:1,nky=4
FR,context=Main$Pair:45,dx
VW,context=Main:1#run:1,nkx=1
VD,method=Main:1#run:1 <name=nty,type=int (id=7),value=<?>,index=18>
VD,method=Main:1#run:1 <name=ntx,type=int (id=7),value=<?>,index=19>
VD,method=Main:1#run:1 <name=nky,type=int (id=7),value=<?>,index=20>
VD,method=Main:1#run:1 <name=nkx,type=int (id=7),value=<?>,index=21>
VD,method=Main:1#run:1 <name=pair,type=Main$Pair (id=90),value=<?>,index=16>
VD,method=Main:1#run:1 <name=i,type=int (id=7),value=<?>,index=17>
VW,context=Main:1#run:1,pair=Main$Pair:48
FR,context=Main$Pair:48,y
FR,context=Main$Pair:48,dy
VW,context=Main:1#run:1,i=0
FR,context=Main$Pair:48,y
FR,context=Main:1,move
VW,context=Main:1#run:1,nty=1
FR,context=Main$Pair:48,x
FR,context=Main:1,move
VW,context=Main:1#run:1,ntx=5
FR,context=Main$Pair:48,dy
FR,context=Main:1,move
VW,context=Main:1#run:1,nky=5
FR,context=Main$Pair:48,dx
FR,context=Main:1,move
VW,context=Main:1#run:1,nkx=2
FR,context=Main$Pair:48,y
VW,context=Main:1#run:1,nty=2
FR,context=Main$Pair:48,x
VW,context=Main:1#run:1,ntx=5
VW,context=Main:1#run:1,mem=boolean[][][][]:1
NO,object=Main$Pair:112
MC,caller=Main:1#run:1,target=Main$Pair:112#Main$Pair:75
VW,context=Main$Pair:112#Main$Pair:75,y=2
VW,context=Main$Pair:112#Main$Pair:75,x=5
FW,context=Main$Pair:112,y=2
FW,context=Main$Pair:112,x=5
ME,returner=Main$Pair:112#Main$Pair:75,value=<void>
NO,object=Main$Pair:113
MC,caller=Main:1#run:1,target=Main$Pair:113#Main$Pair:76
VW,context=Main$Pair:113#Main$Pair:76,y=5
VW,context=Main$Pair:113#Main$Pair:76,x=2
FW,context=Main$Pair:113,y=5
FW,context=Main$Pair:113,x=2
ME,returner=Main$Pair:113#Main$Pair:76,value=<void>
MC,caller=Main:1#run:1,target=Main:1#dist:38
VW,context=Main:1#dist:38,b=Main$Pair:113
VW,context=Main:1#dist:38,a=Main$Pair:112
FR,context=Main$Pair:112,x
FR,context=Main$Pair:113,x
FR,context=Main$Pair:112,y
FR,context=Main$Pair:113,y
VW,context=Main:1#dist:38,result=6
ME,returner=Main:1#dist:38,value=6
VW,context=Main:1#run:1,newdis=6
FR,context=Main$Pair:48,cost
FR,context=Main$Pair:48,cost
NO,object=Main$Pair:114
MC,caller=Main:1#run:1,target=Main$Pair:114#Main$Pair:38
VW,context=Main$Pair:114#Main$Pair:38,y=2
VW,context=Main$Pair:114#Main$Pair:38,x=5
VW,context=Main$Pair:114#Main$Pair:38,cost=6
VW,context=Main$Pair:114#Main$Pair:38,md=12
VW,context=Main$Pair:114#Main$Pair:38,dy=5
VW,context=Main$Pair:114#Main$Pair:38,dx=2
FW,context=Main$Pair:114,y=2
FW,context=Main$Pair:114,x=5
FW,context=Main$Pair:114,dy=5
FW,context=Main$Pair:114,dx=2
FW,context=Main$Pair:114,cost=6
FW,context=Main$Pair:114,md=12
ME,returner=Main$Pair:114#Main$Pair:38,value=<void>
VW,context=Main:1#run:1,i=1
VD,method=Main:1#run:1 <name=nty,type=int (id=7),value=<?>,index=18>
VD,method=Main:1#run:1 <name=ntx,type=int (id=7),value=<?>,index=19>
VD,method=Main:1#run:1 <name=nky,type=int (id=7),value=<?>,index=20>
VD,method=Main:1#run:1 <name=nkx,type=int (id=7),value=<?>,index=21>
VD,method=Main:1#run:1 <name=newdis,type=int (id=7),value=<?>,index=22>
FR,context=Main$Pair:48,y
FR,context=Main:1,move
VW,context=Main:1#run:1,nty=2
FR,context=Main$Pair:48,x
FR,context=Main:1,move
VW,context=Main:1#run:1,ntx=4
FR,context=Main$Pair:48,dy
FR,context=Main:1,move
VW,context=Main:1#run:1,nky=4
FR,context=Main$Pair:48,dx
FR,context=Main:1,move
VW,context=Main:1#run:1,nkx=3
VW,context=Main:1#run:1,i=2
VD,method=Main:1#run:1 <name=nty,type=int (id=7),value=<?>,index=18>
VD,method=Main:1#run:1 <name=ntx,type=int (id=7),value=<?>,index=19>
VD,method=Main:1#run:1 <name=nky,type=int (id=7),value=<?>,index=20>
VD,method=Main:1#run:1 <name=nkx,type=int (id=7),value=<?>,index=21>
FR,context=Main$Pair:48,y
FR,context=Main:1,move
VW,context=Main:1#run:1,nty=3
FR,context=Main$Pair:48,x
FR,context=Main:1,move
VW,context=Main:1#run:1,ntx=5
FR,context=Main$Pair:48,dy
FR,context=Main:1,move
VW,context=Main:1#run:1,nky=3
FR,context=Main$Pair:48,dx
FR,context=Main:1,move
VW,context=Main:1#run:1,nkx=2
FR,context=Main$Pair:48,dy
VW,context=Main:1#run:1,nky=4
FR,context=Main$Pair:48,dx
VW,context=Main:1#run:1,nkx=2
VW,context=Main:1#run:1,i=3
VD,method=Main:1#run:1 <name=nty,type=int (id=7),value=<?>,index=18>
VD,method=Main:1#run:1 <name=ntx,type=int (id=7),value=<?>,index=19>
VD,method=Main:1#run:1 <name=nky,type=int (id=7),value=<?>,index=20>
VD,method=Main:1#run:1 <name=nkx,type=int (id=7),value=<?>,index=21>
FR,context=Main$Pair:48,y
FR,context=Main:1,move
VW,context=Main:1#run:1,nty=2
FR,context=Main$Pair:48,x
FR,context=Main:1,move
VW,context=Main:1#run:1,ntx=6
FR,context=Main$Pair:48,dy
FR,context=Main:1,move
VW,context=Main:1#run:1,nky=4
FR,context=Main$Pair:48,dx
FR,context=Main:1,move
VW,context=Main:1#run:1,nkx=1
VD,method=Main:1#run:1 <name=nty,type=int (id=7),value=<?>,index=18>
VD,method=Main:1#run:1 <name=ntx,type=int (id=7),value=<?>,index=19>
VD,method=Main:1#run:1 <name=nky,type=int (id=7),value=<?>,index=20>
VD,method=Main:1#run:1 <name=nkx,type=int (id=7),value=<?>,index=21>
VD,method=Main:1#run:1 <name=pair,type=Main$Pair (id=90),value=<?>,index=16>
VD,method=Main:1#run:1 <name=i,type=int (id=7),value=<?>,index=17>
VW,context=Main:1#run:1,pair=Main$Pair:51
FR,context=Main$Pair:51,y
FR,context=Main$Pair:51,dy
FR,context=Main$Pair:51,x
FR,context=Main$Pair:51,dx
VW,context=Main:1#run:1,i=0
FR,context=Main$Pair:51,y
FR,context=Main:1,move
VW,context=Main:1#run:1,nty=2
FR,context=Main$Pair:51,x
FR,context=Main:1,move
VW,context=Main:1#run:1,ntx=6
FR,context=Main$Pair:51,dy
FR,context=Main:1,move
VW,context=Main:1#run:1,nky=4
FR,context=Main$Pair:51,dx
FR,context=Main:1,move
VW,context=Main:1#run:1,nkx=1
VW,context=Main:1#run:1,i=1
VD,method=Main:1#run:1 <name=nty,type=int (id=7),value=<?>,index=18>
VD,method=Main:1#run:1 <name=ntx,type=int (id=7),value=<?>,index=19>
VD,method=Main:1#run:1 <name=nky,type=int (id=7),value=<?>,index=20>
VD,method=Main:1#run:1 <name=nkx,type=int (id=7),value=<?>,index=21>
FR,context=Main$Pair:51,y
FR,context=Main:1,move
VW,context=Main:1#run:1,nty=3
FR,context=Main$Pair:51,x
FR,context=Main:1,move
VW,context=Main:1#run:1,ntx=5
FR,context=Main$Pair:51,dy
FR,context=Main:1,move
VW,context=Main:1#run:1,nky=3
FR,context=Main$Pair:51,dx
FR,context=Main:1,move
VW,context=Main:1#run:1,nkx=2
FR,context=Main$Pair:51,dy
VW,context=Main:1#run:1,nky=3
FR,context=Main$Pair:51,dx
VW,context=Main:1#run:1,nkx=1
VW,context=Main:1#run:1,mem=boolean[][][][]:1
NO,object=Main$Pair:115
MC,caller=Main:1#run:1,target=Main$Pair:115#Main$Pair:77
VW,context=Main$Pair:115#Main$Pair:77,y=3
VW,context=Main$Pair:115#Main$Pair:77,x=5
FW,context=Main$Pair:115,y=3
FW,context=Main$Pair:115,x=5
ME,returner=Main$Pair:115#Main$Pair:77,value=<void>
NO,object=Main$Pair:116
MC,caller=Main:1#run:1,target=Main$Pair:116#Main$Pair:78
VW,context=Main$Pair:116#Main$Pair:78,y=3
VW,context=Main$Pair:116#Main$Pair:78,x=1
FW,context=Main$Pair:116,y=3
FW,context=Main$Pair:116,x=1
ME,returner=Main$Pair:116#Main$Pair:78,value=<void>
MC,caller=Main:1#run:1,target=Main:1#dist:39
VW,context=Main:1#dist:39,b=Main$Pair:116
VW,context=Main:1#dist:39,a=Main$Pair:115
FR,context=Main$Pair:115,x
FR,context=Main$Pair:116,x
FR,context=Main$Pair:115,y
FR,context=Main$Pair:116,y
VW,context=Main:1#dist:39,result=4
ME,returner=Main:1#dist:39,value=4
VW,context=Main:1#run:1,newdis=4
FR,context=Main$Pair:51,cost
FR,context=Main$Pair:51,cost
NO,object=Main$Pair:117
MC,caller=Main:1#run:1,target=Main$Pair:117#Main$Pair:39
VW,context=Main$Pair:117#Main$Pair:39,y=3
VW,context=Main$Pair:117#Main$Pair:39,x=5
VW,context=Main$Pair:117#Main$Pair:39,cost=6
VW,context=Main$Pair:117#Main$Pair:39,md=10
VW,context=Main$Pair:117#Main$Pair:39,dy=3
VW,context=Main$Pair:117#Main$Pair:39,dx=1
FW,context=Main$Pair:117,y=3
FW,context=Main$Pair:117,x=5
FW,context=Main$Pair:117,dy=3
FW,context=Main$Pair:117,dx=1
FW,context=Main$Pair:117,cost=6
FW,context=Main$Pair:117,md=10
ME,returner=Main$Pair:117#Main$Pair:39,value=<void>
VW,context=Main:1#run:1,i=2
VD,method=Main:1#run:1 <name=nty,type=int (id=7),value=<?>,index=18>
VD,method=Main:1#run:1 <name=ntx,type=int (id=7),value=<?>,index=19>
VD,method=Main:1#run:1 <name=nky,type=int (id=7),value=<?>,index=20>
VD,method=Main:1#run:1 <name=nkx,type=int (id=7),value=<?>,index=21>
VD,method=Main:1#run:1 <name=newdis,type=int (id=7),value=<?>,index=22>
FR,context=Main$Pair:51,y
FR,context=Main:1,move
VW,context=Main:1#run:1,nty=4
FR,context=Main$Pair:51,x
FR,context=Main:1,move
VW,context=Main:1#run:1,ntx=6
FR,context=Main$Pair:51,dy
FR,context=Main:1,move
VW,context=Main:1#run:1,nky=2
FR,context=Main$Pair:51,dx
FR,context=Main:1,move
VW,context=Main:1#run:1,nkx=1
VW,context=Main:1#run:1,mem=boolean[][][][]:1
NO,object=Main$Pair:118
MC,caller=Main:1#run:1,target=Main$Pair:118#Main$Pair:79
VW,context=Main$Pair:118#Main$Pair:79,y=4
VW,context=Main$Pair:118#Main$Pair:79,x=6
FW,context=Main$Pair:118,y=4
FW,context=Main$Pair:118,x=6
ME,returner=Main$Pair:118#Main$Pair:79,value=<void>
NO,object=Main$Pair:119
MC,caller=Main:1#run:1,target=Main$Pair:119#Main$Pair:80
VW,context=Main$Pair:119#Main$Pair:80,y=2
VW,context=Main$Pair:119#Main$Pair:80,x=1
FW,context=Main$Pair:119,y=2
FW,context=Main$Pair:119,x=1
ME,returner=Main$Pair:119#Main$Pair:80,value=<void>
MC,caller=Main:1#run:1,target=Main:1#dist:40
VW,context=Main:1#dist:40,b=Main$Pair:119
VW,context=Main:1#dist:40,a=Main$Pair:118
FR,context=Main$Pair:118,x
FR,context=Main$Pair:119,x
FR,context=Main$Pair:118,y
FR,context=Main$Pair:119,y
VW,context=Main:1#dist:40,result=7
ME,returner=Main:1#dist:40,value=7
VW,context=Main:1#run:1,newdis=7
FR,context=Main$Pair:51,cost
FR,context=Main$Pair:51,cost
NO,object=Main$Pair:120
MC,caller=Main:1#run:1,target=Main$Pair:120#Main$Pair:40
VW,context=Main$Pair:120#Main$Pair:40,y=4
VW,context=Main$Pair:120#Main$Pair:40,x=6
VW,context=Main$Pair:120#Main$Pair:40,cost=6
VW,context=Main$Pair:120#Main$Pair:40,md=13
VW,context=Main$Pair:120#Main$Pair:40,dy=2
VW,context=Main$Pair:120#Main$Pair:40,dx=1
FW,context=Main$Pair:120,y=4
FW,context=Main$Pair:120,x=6
FW,context=Main$Pair:120,dy=2
FW,context=Main$Pair:120,dx=1
FW,context=Main$Pair:120,cost=6
FW,context=Main$Pair:120,md=13
ME,returner=Main$Pair:120#Main$Pair:40,value=<void>
VW,context=Main:1#run:1,i=3
VD,method=Main:1#run:1 <name=nty,type=int (id=7),value=<?>,index=18>
VD,method=Main:1#run:1 <name=ntx,type=int (id=7),value=<?>,index=19>
VD,method=Main:1#run:1 <name=nky,type=int (id=7),value=<?>,index=20>
VD,method=Main:1#run:1 <name=nkx,type=int (id=7),value=<?>,index=21>
VD,method=Main:1#run:1 <name=newdis,type=int (id=7),value=<?>,index=22>
FR,context=Main$Pair:51,y
FR,context=Main:1,move
VW,context=Main:1#run:1,nty=3
FR,context=Main$Pair:51,x
FR,context=Main:1,move
VW,context=Main:1#run:1,ntx=7
FR,context=Main$Pair:51,dy
FR,context=Main:1,move
VW,context=Main:1#run:1,nky=3
FR,context=Main$Pair:51,dx
FR,context=Main:1,move
VW,context=Main:1#run:1,nkx=0
FR,context=Main$Pair:51,y
VW,context=Main:1#run:1,nty=3
FR,context=Main$Pair:51,x
VW,context=Main:1#run:1,ntx=6
FR,context=Main$Pair:51,dy
VW,context=Main:1#run:1,nky=3
FR,context=Main$Pair:51,dx
VW,context=Main:1#run:1,nkx=1
VD,method=Main:1#run:1 <name=nty,type=int (id=7),value=<?>,index=18>
VD,method=Main:1#run:1 <name=ntx,type=int (id=7),value=<?>,index=19>
VD,method=Main:1#run:1 <name=nky,type=int (id=7),value=<?>,index=20>
VD,method=Main:1#run:1 <name=nkx,type=int (id=7),value=<?>,index=21>
VD,method=Main:1#run:1 <name=pair,type=Main$Pair (id=90),value=<?>,index=16>
VD,method=Main:1#run:1 <name=i,type=int (id=7),value=<?>,index=17>
VW,context=Main:1#run:1,pair=Main$Pair:54
FR,context=Main$Pair:54,y
FR,context=Main$Pair:54,dy
VW,context=Main:1#run:1,i=0
FR,context=Main$Pair:54,y
FR,context=Main:1,move
VW,context=Main:1#run:1,nty=0
FR,context=Main$Pair:54,x
FR,context=Main:1,move
VW,context=Main:1#run:1,ntx=6
FR,context=Main$Pair:54,dy
FR,context=Main:1,move
VW,context=Main:1#run:1,nky=7
FR,context=Main$Pair:54,dx
FR,context=Main:1,move
VW,context=Main:1#run:1,nkx=3
FR,context=Main$Pair:54,y
VW,context=Main:1#run:1,nty=1
FR,context=Main$Pair:54,x
VW,context=Main:1#run:1,ntx=6
FR,context=Main$Pair:54,dy
VW,context=Main:1#run:1,nky=6
FR,context=Main$Pair:54,dx
VW,context=Main:1#run:1,nkx=3
VW,context=Main:1#run:1,i=1
VD,method=Main:1#run:1 <name=nty,type=int (id=7),value=<?>,index=18>
VD,method=Main:1#run:1 <name=ntx,type=int (id=7),value=<?>,index=19>
VD,method=Main:1#run:1 <name=nky,type=int (id=7),value=<?>,index=20>
VD,method=Main:1#run:1 <name=nkx,type=int (id=7),value=<?>,index=21>
FR,context=Main$Pair:54,y
FR,context=Main:1,move
VW,context=Main:1#run:1,nty=1
FR,context=Main$Pair:54,x
FR,context=Main:1,move
VW,context=Main:1#run:1,ntx=5
FR,context=Main$Pair:54,dy
FR,context=Main:1,move
VW,context=Main:1#run:1,nky=6
FR,context=Main$Pair:54,dx
FR,context=Main:1,move
VW,context=Main:1#run:1,nkx=4
FR,context=Main$Pair:54,y
VW,context=Main:1#run:1,nty=1
FR,context=Main$Pair:54,x
VW,context=Main:1#run:1,ntx=6
VW,context=Main:1#run:1,mem=boolean[][][][]:1
NO,object=Main$Pair:121
MC,caller=Main:1#run:1,target=Main$Pair:121#Main$Pair:81
VW,context=Main$Pair:121#Main$Pair:81,y=1
VW,context=Main$Pair:121#Main$Pair:81,x=6
FW,context=Main$Pair:121,y=1
FW,context=Main$Pair:121,x=6
ME,returner=Main$Pair:121#Main$Pair:81,value=<void>
NO,object=Main$Pair:122
MC,caller=Main:1#run:1,target=Main$Pair:122#Main$Pair:82
VW,context=Main$Pair:122#Main$Pair:82,y=6
VW,context=Main$Pair:122#Main$Pair:82,x=4
FW,context=Main$Pair:122,y=6
FW,context=Main$Pair:122,x=4
ME,returner=Main$Pair:122#Main$Pair:82,value=<void>
MC,caller=Main:1#run:1,target=Main:1#dist:41
VW,context=Main:1#dist:41,b=Main$Pair:122
VW,context=Main:1#dist:41,a=Main$Pair:121
FR,context=Main$Pair:121,x
FR,context=Main$Pair:122,x
FR,context=Main$Pair:121,y
FR,context=Main$Pair:122,y
VW,context=Main:1#dist:41,result=7
ME,returner=Main:1#dist:41,value=7
VW,context=Main:1#run:1,newdis=7
FR,context=Main$Pair:54,cost
FR,context=Main$Pair:54,cost
NO,object=Main$Pair:123
MC,caller=Main:1#run:1,target=Main$Pair:123#Main$Pair:41
VW,context=Main$Pair:123#Main$Pair:41,y=1
VW,context=Main$Pair:123#Main$Pair:41,x=6
VW,context=Main$Pair:123#Main$Pair:41,cost=8
VW,context=Main$Pair:123#Main$Pair:41,md=15
VW,context=Main$Pair:123#Main$Pair:41,dy=6
VW,context=Main$Pair:123#Main$Pair:41,dx=4
FW,context=Main$Pair:123,y=1
FW,context=Main$Pair:123,x=6
FW,context=Main$Pair:123,dy=6
FW,context=Main$Pair:123,dx=4
FW,context=Main$Pair:123,cost=8
FW,context=Main$Pair:123,md=15
ME,returner=Main$Pair:123#Main$Pair:41,value=<void>
VW,context=Main:1#run:1,i=2
VD,method=Main:1#run:1 <name=nty,type=int (id=7),value=<?>,index=18>
VD,method=Main:1#run:1 <name=ntx,type=int (id=7),value=<?>,index=19>
VD,method=Main:1#run:1 <name=nky,type=int (id=7),value=<?>,index=20>
VD,method=Main:1#run:1 <name=nkx,type=int (id=7),value=<?>,index=21>
VD,method=Main:1#run:1 <name=newdis,type=int (id=7),value=<?>,index=22>
FR,context=Main$Pair:54,y
FR,context=Main:1,move
VW,context=Main:1#run:1,nty=2
FR,context=Main$Pair:54,x
FR,context=Main:1,move
VW,context=Main:1#run:1,ntx=6
FR,context=Main$Pair:54,dy
FR,context=Main:1,move
VW,context=Main:1#run:1,nky=5
FR,context=Main$Pair:54,dx
FR,context=Main:1,move
VW,context=Main:1#run:1,nkx=3
VW,context=Main:1#run:1,mem=boolean[][][][]:1
NO,object=Main$Pair:124
MC,caller=Main:1#run:1,target=Main$Pair:124#Main$Pair:83
VW,context=Main$Pair:124#Main$Pair:83,y=2
VW,context=Main$Pair:124#Main$Pair:83,x=6
FW,context=Main$Pair:124,y=2
FW,context=Main$Pair:124,x=6
ME,returner=Main$Pair:124#Main$Pair:83,value=<void>
NO,object=Main$Pair:125
MC,caller=Main:1#run:1,target=Main$Pair:125#Main$Pair:84
VW,context=Main$Pair:125#Main$Pair:84,y=5
VW,context=Main$Pair:125#Main$Pair:84,x=3
FW,context=Main$Pair:125,y=5
FW,context=Main$Pair:125,x=3
ME,returner=Main$Pair:125#Main$Pair:84,value=<void>
MC,caller=Main:1#run:1,target=Main:1#dist:42
VW,context=Main:1#dist:42,b=Main$Pair:125
VW,context=Main:1#dist:42,a=Main$Pair:124
FR,context=Main$Pair:124,x
FR,context=Main$Pair:125,x
FR,context=Main$Pair:124,y
FR,context=Main$Pair:125,y
VW,context=Main:1#dist:42,result=6
ME,returner=Main:1#dist:42,value=6
VW,context=Main:1#run:1,newdis=6
FR,context=Main$Pair:54,cost
FR,context=Main$Pair:54,cost
NO,object=Main$Pair:126
MC,caller=Main:1#run:1,target=Main$Pair:126#Main$Pair:42
VW,context=Main$Pair:126#Main$Pair:42,y=2
VW,context=Main$Pair:126#Main$Pair:42,x=6
VW,context=Main$Pair:126#Main$Pair:42,cost=8
VW,context=Main$Pair:126#Main$Pair:42,md=14
VW,context=Main$Pair:126#Main$Pair:42,dy=5
VW,context=Main$Pair:126#Main$Pair:42,dx=3
FW,context=Main$Pair:126,y=2
FW,context=Main$Pair:126,x=6
FW,context=Main$Pair:126,dy=5
FW,context=Main$Pair:126,dx=3
FW,context=Main$Pair:126,cost=8
FW,context=Main$Pair:126,md=14
ME,returner=Main$Pair:126#Main$Pair:42,value=<void>
VW,context=Main:1#run:1,i=3
VD,method=Main:1#run:1 <name=nty,type=int (id=7),value=<?>,index=18>
VD,method=Main:1#run:1 <name=ntx,type=int (id=7),value=<?>,index=19>
VD,method=Main:1#run:1 <name=nky,type=int (id=7),value=<?>,index=20>
VD,method=Main:1#run:1 <name=nkx,type=int (id=7),value=<?>,index=21>
VD,method=Main:1#run:1 <name=newdis,type=int (id=7),value=<?>,index=22>
FR,context=Main$Pair:54,y
FR,context=Main:1,move
VW,context=Main:1#run:1,nty=1
FR,context=Main$Pair:54,x
FR,context=Main:1,move
VW,context=Main:1#run:1,ntx=7
FR,context=Main$Pair:54,dy
FR,context=Main:1,move
VW,context=Main:1#run:1,nky=6
FR,context=Main$Pair:54,dx
FR,context=Main:1,move
VW,context=Main:1#run:1,nkx=2
FR,context=Main$Pair:54,y
VW,context=Main:1#run:1,nty=1
FR,context=Main$Pair:54,x
VW,context=Main:1#run:1,ntx=6
VD,method=Main:1#run:1 <name=nty,type=int (id=7),value=<?>,index=18>
VD,method=Main:1#run:1 <name=ntx,type=int (id=7),value=<?>,index=19>
VD,method=Main:1#run:1 <name=nky,type=int (id=7),value=<?>,index=20>
VD,method=Main:1#run:1 <name=nkx,type=int (id=7),value=<?>,index=21>
VD,method=Main:1#run:1 <name=pair,type=Main$Pair (id=90),value=<?>,index=16>
VD,method=Main:1#run:1 <name=i,type=int (id=7),value=<?>,index=17>
VW,context=Main:1#run:1,pair=Main$Pair:57
FR,context=Main$Pair:57,y
FR,context=Main$Pair:57,dy
VW,context=Main:1#run:1,i=0
FR,context=Main$Pair:57,y
FR,context=Main:1,move
VW,context=Main:1#run:1,nty=0
FR,context=Main$Pair:57,x
FR,context=Main:1,move
VW,context=Main:1#run:1,ntx=6
FR,context=Main$Pair:57,dy
FR,context=Main:1,move
VW,context=Main:1#run:1,nky=7
FR,context=Main$Pair:57,dx
FR,context=Main:1,move
VW,context=Main:1#run:1,nkx=1
FR,context=Main$Pair:57,y
VW,context=Main:1#run:1,nty=1
FR,context=Main$Pair:57,x
VW,context=Main:1#run:1,ntx=6
FR,context=Main$Pair:57,dy
VW,context=Main:1#run:1,nky=6
FR,context=Main$Pair:57,dx
VW,context=Main:1#run:1,nkx=1
VW,context=Main:1#run:1,i=1
VD,method=Main:1#run:1 <name=nty,type=int (id=7),value=<?>,index=18>
VD,method=Main:1#run:1 <name=ntx,type=int (id=7),value=<?>,index=19>
VD,method=Main:1#run:1 <name=nky,type=int (id=7),value=<?>,index=20>
VD,method=Main:1#run:1 <name=nkx,type=int (id=7),value=<?>,index=21>
FR,context=Main$Pair:57,y
FR,context=Main:1,move
VW,context=Main:1#run:1,nty=1
FR,context=Main$Pair:57,x
FR,context=Main:1,move
VW,context=Main:1#run:1,ntx=5
FR,context=Main$Pair:57,dy
FR,context=Main:1,move
VW,context=Main:1#run:1,nky=6
FR,context=Main$Pair:57,dx
FR,context=Main:1,move
VW,context=Main:1#run:1,nkx=2
FR,context=Main$Pair:57,y
VW,context=Main:1#run:1,nty=1
FR,context=Main$Pair:57,x
VW,context=Main:1#run:1,ntx=6
VW,context=Main:1#run:1,i=2
VD,method=Main:1#run:1 <name=nty,type=int (id=7),value=<?>,index=18>
VD,method=Main:1#run:1 <name=ntx,type=int (id=7),value=<?>,index=19>
VD,method=Main:1#run:1 <name=nky,type=int (id=7),value=<?>,index=20>
VD,method=Main:1#run:1 <name=nkx,type=int (id=7),value=<?>,index=21>
FR,context=Main$Pair:57,y
FR,context=Main:1,move
VW,context=Main:1#run:1,nty=2
FR,context=Main$Pair:57,x
FR,context=Main:1,move
VW,context=Main:1#run:1,ntx=6
FR,context=Main$Pair:57,dy
FR,context=Main:1,move
VW,context=Main:1#run:1,nky=5
FR,context=Main$Pair:57,dx
FR,context=Main:1,move
VW,context=Main:1#run:1,nkx=1
VW,context=Main:1#run:1,i=3
VD,method=Main:1#run:1 <name=nty,type=int (id=7),value=<?>,index=18>
VD,method=Main:1#run:1 <name=ntx,type=int (id=7),value=<?>,index=19>
VD,method=Main:1#run:1 <name=nky,type=int (id=7),value=<?>,index=20>
VD,method=Main:1#run:1 <name=nkx,type=int (id=7),value=<?>,index=21>
FR,context=Main$Pair:57,y
FR,context=Main:1,move
VW,context=Main:1#run:1,nty=1
FR,context=Main$Pair:57,x
FR,context=Main:1,move
VW,context=Main:1#run:1,ntx=7
FR,context=Main$Pair:57,dy
FR,context=Main:1,move
VW,context=Main:1#run:1,nky=6
FR,context=Main$Pair:57,dx
FR,context=Main:1,move
VW,context=Main:1#run:1,nkx=0
FR,context=Main$Pair:57,y
VW,context=Main:1#run:1,nty=1
FR,context=Main$Pair:57,x
VW,context=Main:1#run:1,ntx=6
FR,context=Main$Pair:57,dy
VW,context=Main:1#run:1,nky=6
FR,context=Main$Pair:57,dx
VW,context=Main:1#run:1,nkx=1
VD,method=Main:1#run:1 <name=nty,type=int (id=7),value=<?>,index=18>
VD,method=Main:1#run:1 <name=ntx,type=int (id=7),value=<?>,index=19>
VD,method=Main:1#run:1 <name=nky,type=int (id=7),value=<?>,index=20>
VD,method=Main:1#run:1 <name=nkx,type=int (id=7),value=<?>,index=21>
VD,method=Main:1#run:1 <name=pair,type=Main$Pair (id=90),value=<?>,index=16>
VD,method=Main:1#run:1 <name=i,type=int (id=7),value=<?>,index=17>
VW,context=Main:1#run:1,pair=Main$Pair:60
FR,context=Main$Pair:60,y
FR,context=Main$Pair:60,dy
VW,context=Main:1#run:1,i=0
FR,context=Main$Pair:60,y
FR,context=Main:1,move
VW,context=Main:1#run:1,nty=0
FR,context=Main$Pair:60,x
FR,context=Main:1,move
VW,context=Main:1#run:1,ntx=6
FR,context=Main$Pair:60,dy
FR,context=Main:1,move
VW,context=Main:1#run:1,nky=6
FR,context=Main$Pair:60,dx
FR,context=Main:1,move
VW,context=Main:1#run:1,nkx=4
FR,context=Main$Pair:60,y
VW,context=Main:1#run:1,nty=1
FR,context=Main$Pair:60,x
VW,context=Main:1#run:1,ntx=6
VW,context=Main:1#run:1,i=1
VD,method=Main:1#run:1 <name=nty,type=int (id=7),value=<?>,index=18>
VD,method=Main:1#run:1 <name=ntx,type=int (id=7),value=<?>,index=19>
VD,method=Main:1#run:1 <name=nky,type=int (id=7),value=<?>,index=20>
VD,method=Main:1#run:1 <name=nkx,type=int (id=7),value=<?>,index=21>
FR,context=Main$Pair:60,y
FR,context=Main:1,move
VW,context=Main:1#run:1,nty=1
FR,context=Main$Pair:60,x
FR,context=Main:1,move
VW,context=Main:1#run:1,ntx=5
FR,context=Main$Pair:60,dy
FR,context=Main:1,move
VW,context=Main:1#run:1,nky=5
FR,context=Main$Pair:60,dx
FR,context=Main:1,move
VW,context=Main:1#run:1,nkx=5
FR,context=Main$Pair:60,y
VW,context=Main:1#run:1,nty=1
FR,context=Main$Pair:60,x
VW,context=Main:1#run:1,ntx=6
VW,context=Main:1#run:1,mem=boolean[][][][]:1
NO,object=Main$Pair:127
MC,caller=Main:1#run:1,target=Main$Pair:127#Main$Pair:85
VW,context=Main$Pair:127#Main$Pair:85,y=1
VW,context=Main$Pair:127#Main$Pair:85,x=6
FW,context=Main$Pair:127,y=1
FW,context=Main$Pair:127,x=6
ME,returner=Main$Pair:127#Main$Pair:85,value=<void>
NO,object=Main$Pair:128
MC,caller=Main:1#run:1,target=Main$Pair:128#Main$Pair:86
VW,context=Main$Pair:128#Main$Pair:86,y=5
VW,context=Main$Pair:128#Main$Pair:86,x=5
FW,context=Main$Pair:128,y=5
FW,context=Main$Pair:128,x=5
ME,returner=Main$Pair:128#Main$Pair:86,value=<void>
MC,caller=Main:1#run:1,target=Main:1#dist:43
VW,context=Main:1#dist:43,b=Main$Pair:128
VW,context=Main:1#dist:43,a=Main$Pair:127
FR,context=Main$Pair:127,x
FR,context=Main$Pair:128,x
FR,context=Main$Pair:127,y
FR,context=Main$Pair:128,y
VW,context=Main:1#dist:43,result=5
ME,returner=Main:1#dist:43,value=5
VW,context=Main:1#run:1,newdis=5
FR,context=Main$Pair:60,cost
FR,context=Main$Pair:60,cost
NO,object=Main$Pair:129
MC,caller=Main:1#run:1,target=Main$Pair:129#Main$Pair:43
VW,context=Main$Pair:129#Main$Pair:43,y=1
VW,context=Main$Pair:129#Main$Pair:43,x=6
VW,context=Main$Pair:129#Main$Pair:43,cost=8
VW,context=Main$Pair:129#Main$Pair:43,md=13
VW,context=Main$Pair:129#Main$Pair:43,dy=5
VW,context=Main$Pair:129#Main$Pair:43,dx=5
FW,context=Main$Pair:129,y=1
FW,context=Main$Pair:129,x=6
FW,context=Main$Pair:129,dy=5
FW,context=Main$Pair:129,dx=5
FW,context=Main$Pair:129,cost=8
FW,context=Main$Pair:129,md=13
ME,returner=Main$Pair:129#Main$Pair:43,value=<void>
VW,context=Main:1#run:1,i=2
VD,method=Main:1#run:1 <name=nty,type=int (id=7),value=<?>,index=18>
VD,method=Main:1#run:1 <name=ntx,type=int (id=7),value=<?>,index=19>
VD,method=Main:1#run:1 <name=nky,type=int (id=7),value=<?>,index=20>
VD,method=Main:1#run:1 <name=nkx,type=int (id=7),value=<?>,index=21>
VD,method=Main:1#run:1 <name=newdis,type=int (id=7),value=<?>,index=22>
FR,context=Main$Pair:60,y
FR,context=Main:1,move
VW,context=Main:1#run:1,nty=2
FR,context=Main$Pair:60,x
FR,context=Main:1,move
VW,context=Main:1#run:1,ntx=6
FR,context=Main$Pair:60,dy
FR,context=Main:1,move
VW,context=Main:1#run:1,nky=4
FR,context=Main$Pair:60,dx
FR,context=Main:1,move
VW,context=Main:1#run:1,nkx=4
FR,context=Main$Pair:60,dy
VW,context=Main:1#run:1,nky=5
FR,context=Main$Pair:60,dx
VW,context=Main:1#run:1,nkx=4
VW,context=Main:1#run:1,mem=boolean[][][][]:1
NO,object=Main$Pair:130
MC,caller=Main:1#run:1,target=Main$Pair:130#Main$Pair:87
VW,context=Main$Pair:130#Main$Pair:87,y=2
VW,context=Main$Pair:130#Main$Pair:87,x=6
FW,context=Main$Pair:130,y=2
FW,context=Main$Pair:130,x=6
ME,returner=Main$Pair:130#Main$Pair:87,value=<void>
NO,object=Main$Pair:131
MC,caller=Main:1#run:1,target=Main$Pair:131#Main$Pair:88
VW,context=Main$Pair:131#Main$Pair:88,y=5
VW,context=Main$Pair:131#Main$Pair:88,x=4
FW,context=Main$Pair:131,y=5
FW,context=Main$Pair:131,x=4
ME,returner=Main$Pair:131#Main$Pair:88,value=<void>
MC,caller=Main:1#run:1,target=Main:1#dist:44
VW,context=Main:1#dist:44,b=Main$Pair:131
VW,context=Main:1#dist:44,a=Main$Pair:130
FR,context=Main$Pair:130,x
FR,context=Main$Pair:131,x
FR,context=Main$Pair:130,y
FR,context=Main$Pair:131,y
VW,context=Main:1#dist:44,result=5
ME,returner=Main:1#dist:44,value=5
VW,context=Main:1#run:1,newdis=5
FR,context=Main$Pair:60,cost
FR,context=Main$Pair:60,cost
NO,object=Main$Pair:132
MC,caller=Main:1#run:1,target=Main$Pair:132#Main$Pair:44
VW,context=Main$Pair:132#Main$Pair:44,y=2
VW,context=Main$Pair:132#Main$Pair:44,x=6
VW,context=Main$Pair:132#Main$Pair:44,cost=8
VW,context=Main$Pair:132#Main$Pair:44,md=13
VW,context=Main$Pair:132#Main$Pair:44,dy=5
VW,context=Main$Pair:132#Main$Pair:44,dx=4
FW,context=Main$Pair:132,y=2
FW,context=Main$Pair:132,x=6
FW,context=Main$Pair:132,dy=5
FW,context=Main$Pair:132,dx=4
FW,context=Main$Pair:132,cost=8
FW,context=Main$Pair:132,md=13
ME,returner=Main$Pair:132#Main$Pair:44,value=<void>
VW,context=Main:1#run:1,i=3
VD,method=Main:1#run:1 <name=nty,type=int (id=7),value=<?>,index=18>
VD,method=Main:1#run:1 <name=ntx,type=int (id=7),value=<?>,index=19>
VD,method=Main:1#run:1 <name=nky,type=int (id=7),value=<?>,index=20>
VD,method=Main:1#run:1 <name=nkx,type=int (id=7),value=<?>,index=21>
VD,method=Main:1#run:1 <name=newdis,type=int (id=7),value=<?>,index=22>
FR,context=Main$Pair:60,y
FR,context=Main:1,move
VW,context=Main:1#run:1,nty=1
FR,context=Main$Pair:60,x
FR,context=Main:1,move
VW,context=Main:1#run:1,ntx=7
FR,context=Main$Pair:60,dy
FR,context=Main:1,move
VW,context=Main:1#run:1,nky=5
FR,context=Main$Pair:60,dx
FR,context=Main:1,move
VW,context=Main:1#run:1,nkx=3
FR,context=Main$Pair:60,y
VW,context=Main:1#run:1,nty=1
FR,context=Main$Pair:60,x
VW,context=Main:1#run:1,ntx=6
VD,method=Main:1#run:1 <name=nty,type=int (id=7),value=<?>,index=18>
VD,method=Main:1#run:1 <name=ntx,type=int (id=7),value=<?>,index=19>
VD,method=Main:1#run:1 <name=nky,type=int (id=7),value=<?>,index=20>
VD,method=Main:1#run:1 <name=nkx,type=int (id=7),value=<?>,index=21>
VD,method=Main:1#run:1 <name=pair,type=Main$Pair (id=90),value=<?>,index=16>
VD,method=Main:1#run:1 <name=i,type=int (id=7),value=<?>,index=17>
VW,context=Main:1#run:1,pair=Main$Pair:63
FR,context=Main$Pair:63,y
FR,context=Main$Pair:63,dy
VW,context=Main:1#run:1,i=0
FR,context=Main$Pair:63,y
FR,context=Main:1,move
VW,context=Main:1#run:1,nty=1
FR,context=Main$Pair:63,x
FR,context=Main:1,move
VW,context=Main:1#run:1,ntx=6
FR,context=Main$Pair:63,dy
FR,context=Main:1,move
VW,context=Main:1#run:1,nky=5
FR,context=Main$Pair:63,dx
FR,context=Main:1,move
VW,context=Main:1#run:1,nkx=3
VW,context=Main:1#run:1,i=1
VD,method=Main:1#run:1 <name=nty,type=int (id=7),value=<?>,index=18>
VD,method=Main:1#run:1 <name=ntx,type=int (id=7),value=<?>,index=19>
VD,method=Main:1#run:1 <name=nky,type=int (id=7),value=<?>,index=20>
VD,method=Main:1#run:1 <name=nkx,type=int (id=7),value=<?>,index=21>
FR,context=Main$Pair:63,y
FR,context=Main:1,move
VW,context=Main:1#run:1,nty=2
FR,context=Main$Pair:63,x
FR,context=Main:1,move
VW,context=Main:1#run:1,ntx=5
FR,context=Main$Pair:63,dy
FR,context=Main:1,move
VW,context=Main:1#run:1,nky=4
FR,context=Main$Pair:63,dx
FR,context=Main:1,move
VW,context=Main:1#run:1,nkx=4
FR,context=Main$Pair:63,dy
VW,context=Main:1#run:1,nky=4
FR,context=Main$Pair:63,dx
VW,context=Main:1#run:1,nkx=3
VW,context=Main:1#run:1,i=2
VD,method=Main:1#run:1 <name=nty,type=int (id=7),value=<?>,index=18>
VD,method=Main:1#run:1 <name=ntx,type=int (id=7),value=<?>,index=19>
VD,method=Main:1#run:1 <name=nky,type=int (id=7),value=<?>,index=20>
VD,method=Main:1#run:1 <name=nkx,type=int (id=7),value=<?>,index=21>
FR,context=Main$Pair:63,y
FR,context=Main:1,move
VW,context=Main:1#run:1,nty=3
FR,context=Main$Pair:63,x
FR,context=Main:1,move
VW,context=Main:1#run:1,ntx=6
FR,context=Main$Pair:63,dy
FR,context=Main:1,move
VW,context=Main:1#run:1,nky=3
FR,context=Main$Pair:63,dx
FR,context=Main:1,move
VW,context=Main:1#run:1,nkx=3
VW,context=Main:1#run:1,i=3
VD,method=Main:1#run:1 <name=nty,type=int (id=7),value=<?>,index=18>
VD,method=Main:1#run:1 <name=ntx,type=int (id=7),value=<?>,index=19>
VD,method=Main:1#run:1 <name=nky,type=int (id=7),value=<?>,index=20>
VD,method=Main:1#run:1 <name=nkx,type=int (id=7),value=<?>,index=21>
FR,context=Main$Pair:63,y
FR,context=Main:1,move
VW,context=Main:1#run:1,nty=2
FR,context=Main$Pair:63,x
FR,context=Main:1,move
VW,context=Main:1#run:1,ntx=7
FR,context=Main$Pair:63,dy
FR,context=Main:1,move
VW,context=Main:1#run:1,nky=4
FR,context=Main$Pair:63,dx
FR,context=Main:1,move
VW,context=Main:1#run:1,nkx=2
FR,context=Main$Pair:63,y
VW,context=Main:1#run:1,nty=2
FR,context=Main$Pair:63,x
VW,context=Main:1#run:1,ntx=6
VD,method=Main:1#run:1 <name=nty,type=int (id=7),value=<?>,index=18>
VD,method=Main:1#run:1 <name=ntx,type=int (id=7),value=<?>,index=19>
VD,method=Main:1#run:1 <name=nky,type=int (id=7),value=<?>,index=20>
VD,method=Main:1#run:1 <name=nkx,type=int (id=7),value=<?>,index=21>
VD,method=Main:1#run:1 <name=pair,type=Main$Pair (id=90),value=<?>,index=16>
VD,method=Main:1#run:1 <name=i,type=int (id=7),value=<?>,index=17>
VW,context=Main:1#run:1,pair=Main$Pair:66
FR,context=Main$Pair:66,y
FR,context=Main$Pair:66,dy
VW,context=Main:1#run:1,i=0
FR,context=Main$Pair:66,y
FR,context=Main:1,move
VW,context=Main:1#run:1,nty=1
FR,context=Main$Pair:66,x
FR,context=Main:1,move
VW,context=Main:1#run:1,ntx=5
FR,context=Main$Pair:66,dy
FR,context=Main:1,move
VW,context=Main:1#run:1,nky=7
FR,context=Main$Pair:66,dx
FR,context=Main:1,move
VW,context=Main:1#run:1,nkx=3
FR,context=Main$Pair:66,y
VW,context=Main:1#run:1,nty=2
FR,context=Main$Pair:66,x
VW,context=Main:1#run:1,ntx=5
FR,context=Main$Pair:66,dy
VW,context=Main:1#run:1,nky=6
FR,context=Main$Pair:66,dx
VW,context=Main:1#run:1,nkx=3
VW,context=Main:1#run:1,i=1
VD,method=Main:1#run:1 <name=nty,type=int (id=7),value=<?>,index=18>
VD,method=Main:1#run:1 <name=ntx,type=int (id=7),value=<?>,index=19>
VD,method=Main:1#run:1 <name=nky,type=int (id=7),value=<?>,index=20>
VD,method=Main:1#run:1 <name=nkx,type=int (id=7),value=<?>,index=21>
FR,context=Main$Pair:66,y
FR,context=Main:1,move
VW,context=Main:1#run:1,nty=2
FR,context=Main$Pair:66,x
FR,context=Main:1,move
VW,context=Main:1#run:1,ntx=4
FR,context=Main$Pair:66,dy
FR,context=Main:1,move
VW,context=Main:1#run:1,nky=6
FR,context=Main$Pair:66,dx
FR,context=Main:1,move
VW,context=Main:1#run:1,nkx=4
VW,context=Main:1#run:1,mem=boolean[][][][]:1
NO,object=Main$Pair:133
MC,caller=Main:1#run:1,target=Main$Pair:133#Main$Pair:89
VW,context=Main$Pair:133#Main$Pair:89,y=2
VW,context=Main$Pair:133#Main$Pair:89,x=4
FW,context=Main$Pair:133,y=2
FW,context=Main$Pair:133,x=4
ME,returner=Main$Pair:133#Main$Pair:89,value=<void>
NO,object=Main$Pair:134
MC,caller=Main:1#run:1,target=Main$Pair:134#Main$Pair:90
VW,context=Main$Pair:134#Main$Pair:90,y=6
VW,context=Main$Pair:134#Main$Pair:90,x=4
FW,context=Main$Pair:134,y=6
FW,context=Main$Pair:134,x=4
ME,returner=Main$Pair:134#Main$Pair:90,value=<void>
MC,caller=Main:1#run:1,target=Main:1#dist:45
VW,context=Main:1#dist:45,b=Main$Pair:134
VW,context=Main:1#dist:45,a=Main$Pair:133
FR,context=Main$Pair:133,x
FR,context=Main$Pair:134,x
FR,context=Main$Pair:133,y
FR,context=Main$Pair:134,y
VW,context=Main:1#dist:45,result=4
ME,returner=Main:1#dist:45,value=4
VW,context=Main:1#run:1,newdis=4
FR,context=Main$Pair:66,cost
FR,context=Main$Pair:66,cost
NO,object=Main$Pair:135
MC,caller=Main:1#run:1,target=Main$Pair:135#Main$Pair:45
VW,context=Main$Pair:135#Main$Pair:45,y=2
VW,context=Main$Pair:135#Main$Pair:45,x=4
VW,context=Main$Pair:135#Main$Pair:45,cost=8
VW,context=Main$Pair:135#Main$Pair:45,md=12
VW,context=Main$Pair:135#Main$Pair:45,dy=6
VW,context=Main$Pair:135#Main$Pair:45,dx=4
FW,context=Main$Pair:135,y=2
FW,context=Main$Pair:135,x=4
FW,context=Main$Pair:135,dy=6
FW,context=Main$Pair:135,dx=4
FW,context=Main$Pair:135,cost=8
FW,context=Main$Pair:135,md=12
ME,returner=Main$Pair:135#Main$Pair:45,value=<void>
VW,context=Main:1#run:1,i=2
VD,method=Main:1#run:1 <name=nty,type=int (id=7),value=<?>,index=18>
VD,method=Main:1#run:1 <name=ntx,type=int (id=7),value=<?>,index=19>
VD,method=Main:1#run:1 <name=nky,type=int (id=7),value=<?>,index=20>
VD,method=Main:1#run:1 <name=nkx,type=int (id=7),value=<?>,index=21>
VD,method=Main:1#run:1 <name=newdis,type=int (id=7),value=<?>,index=22>
FR,context=Main$Pair:66,y
FR,context=Main:1,move
VW,context=Main:1#run:1,nty=3
FR,context=Main$Pair:66,x
FR,context=Main:1,move
VW,context=Main:1#run:1,ntx=5
FR,context=Main$Pair:66,dy
FR,context=Main:1,move
VW,context=Main:1#run:1,nky=5
FR,context=Main$Pair:66,dx
FR,context=Main:1,move
VW,context=Main:1#run:1,nkx=3
VW,context=Main:1#run:1,mem=boolean[][][][]:1
NO,object=Main$Pair:136
MC,caller=Main:1#run:1,target=Main$Pair:136#Main$Pair:91
VW,context=Main$Pair:136#Main$Pair:91,y=3
VW,context=Main$Pair:136#Main$Pair:91,x=5
FW,context=Main$Pair:136,y=3
FW,context=Main$Pair:136,x=5
ME,returner=Main$Pair:136#Main$Pair:91,value=<void>
NO,object=Main$Pair:137
MC,caller=Main:1#run:1,target=Main$Pair:137#Main$Pair:92
VW,context=Main$Pair:137#Main$Pair:92,y=5
VW,context=Main$Pair:137#Main$Pair:92,x=3
FW,context=Main$Pair:137,y=5
FW,context=Main$Pair:137,x=3
ME,returner=Main$Pair:137#Main$Pair:92,value=<void>
MC,caller=Main:1#run:1,target=Main:1#dist:46
VW,context=Main:1#dist:46,b=Main$Pair:137
VW,context=Main:1#dist:46,a=Main$Pair:136
FR,context=Main$Pair:136,x
FR,context=Main$Pair:137,x
FR,context=Main$Pair:136,y
FR,context=Main$Pair:137,y
VW,context=Main:1#dist:46,result=4
ME,returner=Main:1#dist:46,value=4
VW,context=Main:1#run:1,newdis=4
FR,context=Main$Pair:66,cost
FR,context=Main$Pair:66,cost
NO,object=Main$Pair:138
MC,caller=Main:1#run:1,target=Main$Pair:138#Main$Pair:46
VW,context=Main$Pair:138#Main$Pair:46,y=3
VW,context=Main$Pair:138#Main$Pair:46,x=5
VW,context=Main$Pair:138#Main$Pair:46,cost=8
VW,context=Main$Pair:138#Main$Pair:46,md=12
VW,context=Main$Pair:138#Main$Pair:46,dy=5
VW,context=Main$Pair:138#Main$Pair:46,dx=3
FW,context=Main$Pair:138,y=3
FW,context=Main$Pair:138,x=5
FW,context=Main$Pair:138,dy=5
FW,context=Main$Pair:138,dx=3
FW,context=Main$Pair:138,cost=8
FW,context=Main$Pair:138,md=12
ME,returner=Main$Pair:138#Main$Pair:46,value=<void>
VW,context=Main:1#run:1,i=3
VD,method=Main:1#run:1 <name=nty,type=int (id=7),value=<?>,index=18>
VD,method=Main:1#run:1 <name=ntx,type=int (id=7),value=<?>,index=19>
VD,method=Main:1#run:1 <name=nky,type=int (id=7),value=<?>,index=20>
VD,method=Main:1#run:1 <name=nkx,type=int (id=7),value=<?>,index=21>
VD,method=Main:1#run:1 <name=newdis,type=int (id=7),value=<?>,index=22>
FR,context=Main$Pair:66,y
FR,context=Main:1,move
VW,context=Main:1#run:1,nty=2
FR,context=Main$Pair:66,x
FR,context=Main:1,move
VW,context=Main:1#run:1,ntx=6
FR,context=Main$Pair:66,dy
FR,context=Main:1,move
VW,context=Main:1#run:1,nky=6
FR,context=Main$Pair:66,dx
FR,context=Main:1,move
VW,context=Main:1#run:1,nkx=2
VW,context=Main:1#run:1,mem=boolean[][][][]:1
NO,object=Main$Pair:139
MC,caller=Main:1#run:1,target=Main$Pair:139#Main$Pair:93
VW,context=Main$Pair:139#Main$Pair:93,y=2
VW,context=Main$Pair:139#Main$Pair:93,x=6
FW,context=Main$Pair:139,y=2
FW,context=Main$Pair:139,x=6
ME,returner=Main$Pair:139#Main$Pair:93,value=<void>
NO,object=Main$Pair:140
MC,caller=Main:1#run:1,target=Main$Pair:140#Main$Pair:94
VW,context=Main$Pair:140#Main$Pair:94,y=6
VW,context=Main$Pair:140#Main$Pair:94,x=2
FW,context=Main$Pair:140,y=6
FW,context=Main$Pair:140,x=2
ME,returner=Main$Pair:140#Main$Pair:94,value=<void>
MC,caller=Main:1#run:1,target=Main:1#dist:47
VW,context=Main:1#dist:47,b=Main$Pair:140
VW,context=Main:1#dist:47,a=Main$Pair:139
FR,context=Main$Pair:139,x
FR,context=Main$Pair:140,x
FR,context=Main$Pair:139,y
FR,context=Main$Pair:140,y
VW,context=Main:1#dist:47,result=8
ME,returner=Main:1#dist:47,value=8
VW,context=Main:1#run:1,newdis=8
FR,context=Main$Pair:66,cost
FR,context=Main$Pair:66,cost
NO,object=Main$Pair:141
MC,caller=Main:1#run:1,target=Main$Pair:141#Main$Pair:47
VW,context=Main$Pair:141#Main$Pair:47,y=2
VW,context=Main$Pair:141#Main$Pair:47,x=6
VW,context=Main$Pair:141#Main$Pair:47,cost=8
VW,context=Main$Pair:141#Main$Pair:47,md=16
VW,context=Main$Pair:141#Main$Pair:47,dy=6
VW,context=Main$Pair:141#Main$Pair:47,dx=2
FW,context=Main$Pair:141,y=2
FW,context=Main$Pair:141,x=6
FW,context=Main$Pair:141,dy=6
FW,context=Main$Pair:141,dx=2
FW,context=Main$Pair:141,cost=8
FW,context=Main$Pair:141,md=16
ME,returner=Main$Pair:141#Main$Pair:47,value=<void>
VD,method=Main:1#run:1 <name=nty,type=int (id=7),value=<?>,index=18>
VD,method=Main:1#run:1 <name=ntx,type=int (id=7),value=<?>,index=19>
VD,method=Main:1#run:1 <name=nky,type=int (id=7),value=<?>,index=20>
VD,method=Main:1#run:1 <name=nkx,type=int (id=7),value=<?>,index=21>
VD,method=Main:1#run:1 <name=newdis,type=int (id=7),value=<?>,index=22>
VD,method=Main:1#run:1 <name=pair,type=Main$Pair (id=90),value=<?>,index=16>
VD,method=Main:1#run:1 <name=i,type=int (id=7),value=<?>,index=17>
VW,context=Main:1#run:1,pair=Main$Pair:69
FR,context=Main$Pair:69,y
FR,context=Main$Pair:69,dy
VW,context=Main:1#run:1,i=0
FR,context=Main$Pair:69,y
FR,context=Main:1,move
VW,context=Main:1#run:1,nty=1
FR,context=Main$Pair:69,x
FR,context=Main:1,move
VW,context=Main:1#run:1,ntx=4
FR,context=Main$Pair:69,dy
FR,context=Main:1,move
VW,context=Main:1#run:1,nky=6
FR,context=Main$Pair:69,dx
FR,context=Main:1,move
VW,context=Main:1#run:1,nkx=4
VW,context=Main:1#run:1,mem=boolean[][][][]:1
NO,object=Main$Pair:142
MC,caller=Main:1#run:1,target=Main$Pair:142#Main$Pair:95
VW,context=Main$Pair:142#Main$Pair:95,y=1
VW,context=Main$Pair:142#Main$Pair:95,x=4
FW,context=Main$Pair:142,y=1
FW,context=Main$Pair:142,x=4
ME,returner=Main$Pair:142#Main$Pair:95,value=<void>
NO,object=Main$Pair:143
MC,caller=Main:1#run:1,target=Main$Pair:143#Main$Pair:96
VW,context=Main$Pair:143#Main$Pair:96,y=6
VW,context=Main$Pair:143#Main$Pair:96,x=4
FW,context=Main$Pair:143,y=6
FW,context=Main$Pair:143,x=4
ME,returner=Main$Pair:143#Main$Pair:96,value=<void>
MC,caller=Main:1#run:1,target=Main:1#dist:48
VW,context=Main:1#dist:48,b=Main$Pair:143
VW,context=Main:1#dist:48,a=Main$Pair:142
FR,context=Main$Pair:142,x
FR,context=Main$Pair:143,x
FR,context=Main$Pair:142,y
FR,context=Main$Pair:143,y
VW,context=Main:1#dist:48,result=5
ME,returner=Main:1#dist:48,value=5
VW,context=Main:1#run:1,newdis=5
FR,context=Main$Pair:69,cost
FR,context=Main$Pair:69,cost
NO,object=Main$Pair:144
MC,caller=Main:1#run:1,target=Main$Pair:144#Main$Pair:48
VW,context=Main$Pair:144#Main$Pair:48,y=1
VW,context=Main$Pair:144#Main$Pair:48,x=4
VW,context=Main$Pair:144#Main$Pair:48,cost=8
VW,context=Main$Pair:144#Main$Pair:48,md=13
VW,context=Main$Pair:144#Main$Pair:48,dy=6
VW,context=Main$Pair:144#Main$Pair:48,dx=4
FW,context=Main$Pair:144,y=1
FW,context=Main$Pair:144,x=4
FW,context=Main$Pair:144,dy=6
FW,context=Main$Pair:144,dx=4
FW,context=Main$Pair:144,cost=8
FW,context=Main$Pair:144,md=13
ME,returner=Main$Pair:144#Main$Pair:48,value=<void>
VW,context=Main:1#run:1,i=1
VD,method=Main:1#run:1 <name=nty,type=int (id=7),value=<?>,index=18>
VD,method=Main:1#run:1 <name=ntx,type=int (id=7),value=<?>,index=19>
VD,method=Main:1#run:1 <name=nky,type=int (id=7),value=<?>,index=20>
VD,method=Main:1#run:1 <name=nkx,type=int (id=7),value=<?>,index=21>
VD,method=Main:1#run:1 <name=newdis,type=int (id=7),value=<?>,index=22>
FR,context=Main$Pair:69,y
FR,context=Main:1,move
VW,context=Main:1#run:1,nty=2
FR,context=Main$Pair:69,x
FR,context=Main:1,move
VW,context=Main:1#run:1,ntx=3
FR,context=Main$Pair:69,dy
FR,context=Main:1,move
VW,context=Main:1#run:1,nky=5
FR,context=Main$Pair:69,dx
FR,context=Main:1,move
VW,context=Main:1#run:1,nkx=5
VW,context=Main:1#run:1,mem=boolean[][][][]:1
NO,object=Main$Pair:145
MC,caller=Main:1#run:1,target=Main$Pair:145#Main$Pair:97
VW,context=Main$Pair:145#Main$Pair:97,y=2
VW,context=Main$Pair:145#Main$Pair:97,x=3
FW,context=Main$Pair:145,y=2
FW,context=Main$Pair:145,x=3
ME,returner=Main$Pair:145#Main$Pair:97,value=<void>
NO,object=Main$Pair:146
MC,caller=Main:1#run:1,target=Main$Pair:146#Main$Pair:98
VW,context=Main$Pair:146#Main$Pair:98,y=5
VW,context=Main$Pair:146#Main$Pair:98,x=5
FW,context=Main$Pair:146,y=5
FW,context=Main$Pair:146,x=5
ME,returner=Main$Pair:146#Main$Pair:98,value=<void>
MC,caller=Main:1#run:1,target=Main:1#dist:49
VW,context=Main:1#dist:49,b=Main$Pair:146
VW,context=Main:1#dist:49,a=Main$Pair:145
FR,context=Main$Pair:145,x
FR,context=Main$Pair:146,x
FR,context=Main$Pair:145,y
FR,context=Main$Pair:146,y
VW,context=Main:1#dist:49,result=5
ME,returner=Main:1#dist:49,value=5
VW,context=Main:1#run:1,newdis=5
FR,context=Main$Pair:69,cost
FR,context=Main$Pair:69,cost
NO,object=Main$Pair:147
MC,caller=Main:1#run:1,target=Main$Pair:147#Main$Pair:49
VW,context=Main$Pair:147#Main$Pair:49,y=2
VW,context=Main$Pair:147#Main$Pair:49,x=3
VW,context=Main$Pair:147#Main$Pair:49,cost=8
VW,context=Main$Pair:147#Main$Pair:49,md=13
VW,context=Main$Pair:147#Main$Pair:49,dy=5
VW,context=Main$Pair:147#Main$Pair:49,dx=5
FW,context=Main$Pair:147,y=2
FW,context=Main$Pair:147,x=3
FW,context=Main$Pair:147,dy=5
FW,context=Main$Pair:147,dx=5
FW,context=Main$Pair:147,cost=8
FW,context=Main$Pair:147,md=13
ME,returner=Main$Pair:147#Main$Pair:49,value=<void>
VW,context=Main:1#run:1,i=2
VD,method=Main:1#run:1 <name=nty,type=int (id=7),value=<?>,index=18>
VD,method=Main:1#run:1 <name=ntx,type=int (id=7),value=<?>,index=19>
VD,method=Main:1#run:1 <name=nky,type=int (id=7),value=<?>,index=20>
VD,method=Main:1#run:1 <name=nkx,type=int (id=7),value=<?>,index=21>
VD,method=Main:1#run:1 <name=newdis,type=int (id=7),value=<?>,index=22>
FR,context=Main$Pair:69,y
FR,context=Main:1,move
VW,context=Main:1#run:1,nty=3
FR,context=Main$Pair:69,x
FR,context=Main:1,move
VW,context=Main:1#run:1,ntx=4
FR,context=Main$Pair:69,dy
FR,context=Main:1,move
VW,context=Main:1#run:1,nky=4
FR,context=Main$Pair:69,dx
FR,context=Main:1,move
VW,context=Main:1#run:1,nkx=4
FR,context=Main$Pair:69,dy
VW,context=Main:1#run:1,nky=5
FR,context=Main$Pair:69,dx
VW,context=Main:1#run:1,nkx=4
VW,context=Main:1#run:1,mem=boolean[][][][]:1
NO,object=Main$Pair:148
MC,caller=Main:1#run:1,target=Main$Pair:148#Main$Pair:99
VW,context=Main$Pair:148#Main$Pair:99,y=3
VW,context=Main$Pair:148#Main$Pair:99,x=4
FW,context=Main$Pair:148,y=3
FW,context=Main$Pair:148,x=4
ME,returner=Main$Pair:148#Main$Pair:99,value=<void>
NO,object=Main$Pair:149
MC,caller=Main:1#run:1,target=Main$Pair:149#Main$Pair:100
VW,context=Main$Pair:149#Main$Pair:100,y=5
VW,context=Main$Pair:149#Main$Pair:100,x=4
FW,context=Main$Pair:149,y=5
FW,context=Main$Pair:149,x=4
ME,returner=Main$Pair:149#Main$Pair:100,value=<void>
MC,caller=Main:1#run:1,target=Main:1#dist:50
VW,context=Main:1#dist:50,b=Main$Pair:149
VW,context=Main:1#dist:50,a=Main$Pair:148
FR,context=Main$Pair:148,x
FR,context=Main$Pair:149,x
FR,context=Main$Pair:148,y
FR,context=Main$Pair:149,y
VW,context=Main:1#dist:50,result=2
ME,returner=Main:1#dist:50,value=2
VW,context=Main:1#run:1,newdis=2
FR,context=Main$Pair:69,cost
FR,context=Main$Pair:69,cost
NO,object=Main$Pair:150
MC,caller=Main:1#run:1,target=Main$Pair:150#Main$Pair:50
VW,context=Main$Pair:150#Main$Pair:50,y=3
VW,context=Main$Pair:150#Main$Pair:50,x=4
VW,context=Main$Pair:150#Main$Pair:50,cost=8
VW,context=Main$Pair:150#Main$Pair:50,md=10
VW,context=Main$Pair:150#Main$Pair:50,dy=5
VW,context=Main$Pair:150#Main$Pair:50,dx=4
FW,context=Main$Pair:150,y=3
FW,context=Main$Pair:150,x=4
FW,context=Main$Pair:150,dy=5
FW,context=Main$Pair:150,dx=4
FW,context=Main$Pair:150,cost=8
FW,context=Main$Pair:150,md=10
ME,returner=Main$Pair:150#Main$Pair:50,value=<void>
VW,context=Main:1#run:1,i=3
VD,method=Main:1#run:1 <name=nty,type=int (id=7),value=<?>,index=18>
VD,method=Main:1#run:1 <name=ntx,type=int (id=7),value=<?>,index=19>
VD,method=Main:1#run:1 <name=nky,type=int (id=7),value=<?>,index=20>
VD,method=Main:1#run:1 <name=nkx,type=int (id=7),value=<?>,index=21>
VD,method=Main:1#run:1 <name=newdis,type=int (id=7),value=<?>,index=22>
FR,context=Main$Pair:69,y
FR,context=Main:1,move
VW,context=Main:1#run:1,nty=2
FR,context=Main$Pair:69,x
FR,context=Main:1,move
VW,context=Main:1#run:1,ntx=5
FR,context=Main$Pair:69,dy
FR,context=Main:1,move
VW,context=Main:1#run:1,nky=5
FR,context=Main$Pair:69,dx
FR,context=Main:1,move
VW,context=Main:1#run:1,nkx=3
VD,method=Main:1#run:1 <name=nty,type=int (id=7),value=<?>,index=18>
VD,method=Main:1#run:1 <name=ntx,type=int (id=7),value=<?>,index=19>
VD,method=Main:1#run:1 <name=nky,type=int (id=7),value=<?>,index=20>
VD,method=Main:1#run:1 <name=nkx,type=int (id=7),value=<?>,index=21>
VD,method=Main:1#run:1 <name=pair,type=Main$Pair (id=90),value=<?>,index=16>
VD,method=Main:1#run:1 <name=i,type=int (id=7),value=<?>,index=17>
VW,context=Main:1#run:1,pair=Main$Pair:72
FR,context=Main$Pair:72,y
FR,context=Main$Pair:72,dy
VW,context=Main:1#run:1,i=0
FR,context=Main$Pair:72,y
FR,context=Main:1,move
VW,context=Main:1#run:1,nty=0
FR,context=Main$Pair:72,x
FR,context=Main:1,move
VW,context=Main:1#run:1,ntx=4
FR,context=Main$Pair:72,dy
FR,context=Main:1,move
VW,context=Main:1#run:1,nky=6
FR,context=Main$Pair:72,dx
FR,context=Main:1,move
VW,context=Main:1#run:1,nkx=3
FR,context=Main$Pair:72,y
VW,context=Main:1#run:1,nty=1
FR,context=Main$Pair:72,x
VW,context=Main:1#run:1,ntx=4
VW,context=Main:1#run:1,mem=boolean[][][][]:1
NO,object=Main$Pair:151
MC,caller=Main:1#run:1,target=Main$Pair:151#Main$Pair:101
VW,context=Main$Pair:151#Main$Pair:101,y=1
VW,context=Main$Pair:151#Main$Pair:101,x=4
FW,context=Main$Pair:151,y=1
FW,context=Main$Pair:151,x=4
ME,returner=Main$Pair:151#Main$Pair:101,value=<void>
NO,object=Main$Pair:152
MC,caller=Main:1#run:1,target=Main$Pair:152#Main$Pair:102
VW,context=Main$Pair:152#Main$Pair:102,y=6
VW,context=Main$Pair:152#Main$Pair:102,x=3
FW,context=Main$Pair:152,y=6
FW,context=Main$Pair:152,x=3
ME,returner=Main$Pair:152#Main$Pair:102,value=<void>
MC,caller=Main:1#run:1,target=Main:1#dist:51
VW,context=Main:1#dist:51,b=Main$Pair:152
VW,context=Main:1#dist:51,a=Main$Pair:151
FR,context=Main$Pair:151,x
FR,context=Main$Pair:152,x
FR,context=Main$Pair:151,y
FR,context=Main$Pair:152,y
VW,context=Main:1#dist:51,result=6
ME,returner=Main:1#dist:51,value=6
VW,context=Main:1#run:1,newdis=6
FR,context=Main$Pair:72,cost
FR,context=Main$Pair:72,cost
NO,object=Main$Pair:153
MC,caller=Main:1#run:1,target=Main$Pair:153#Main$Pair:51
VW,context=Main$Pair:153#Main$Pair:51,y=1
VW,context=Main$Pair:153#Main$Pair:51,x=4
VW,context=Main$Pair:153#Main$Pair:51,cost=8
VW,context=Main$Pair:153#Main$Pair:51,md=14
VW,context=Main$Pair:153#Main$Pair:51,dy=6
VW,context=Main$Pair:153#Main$Pair:51,dx=3
FW,context=Main$Pair:153,y=1
FW,context=Main$Pair:153,x=4
FW,context=Main$Pair:153,dy=6
FW,context=Main$Pair:153,dx=3
FW,context=Main$Pair:153,cost=8
FW,context=Main$Pair:153,md=14
ME,returner=Main$Pair:153#Main$Pair:51,value=<void>
VW,context=Main:1#run:1,i=1
VD,method=Main:1#run:1 <name=nty,type=int (id=7),value=<?>,index=18>
VD,method=Main:1#run:1 <name=ntx,type=int (id=7),value=<?>,index=19>
VD,method=Main:1#run:1 <name=nky,type=int (id=7),value=<?>,index=20>
VD,method=Main:1#run:1 <name=nkx,type=int (id=7),value=<?>,index=21>
VD,method=Main:1#run:1 <name=newdis,type=int (id=7),value=<?>,index=22>
FR,context=Main$Pair:72,y
FR,context=Main:1,move
VW,context=Main:1#run:1,nty=1
FR,context=Main$Pair:72,x
FR,context=Main:1,move
VW,context=Main:1#run:1,ntx=3
FR,context=Main$Pair:72,dy
FR,context=Main:1,move
VW,context=Main:1#run:1,nky=5
FR,context=Main$Pair:72,dx
FR,context=Main:1,move
VW,context=Main:1#run:1,nkx=4
VW,context=Main:1#run:1,mem=boolean[][][][]:1
NO,object=Main$Pair:154
MC,caller=Main:1#run:1,target=Main$Pair:154#Main$Pair:103
VW,context=Main$Pair:154#Main$Pair:103,y=1
VW,context=Main$Pair:154#Main$Pair:103,x=3
FW,context=Main$Pair:154,y=1
FW,context=Main$Pair:154,x=3
ME,returner=Main$Pair:154#Main$Pair:103,value=<void>
NO,object=Main$Pair:155
MC,caller=Main:1#run:1,target=Main$Pair:155#Main$Pair:104
VW,context=Main$Pair:155#Main$Pair:104,y=5
VW,context=Main$Pair:155#Main$Pair:104,x=4
FW,context=Main$Pair:155,y=5
FW,context=Main$Pair:155,x=4
ME,returner=Main$Pair:155#Main$Pair:104,value=<void>
MC,caller=Main:1#run:1,target=Main:1#dist:52
VW,context=Main:1#dist:52,b=Main$Pair:155
VW,context=Main:1#dist:52,a=Main$Pair:154
FR,context=Main$Pair:154,x
FR,context=Main$Pair:155,x
FR,context=Main$Pair:154,y
FR,context=Main$Pair:155,y
VW,context=Main:1#dist:52,result=5
ME,returner=Main:1#dist:52,value=5
VW,context=Main:1#run:1,newdis=5
FR,context=Main$Pair:72,cost
FR,context=Main$Pair:72,cost
NO,object=Main$Pair:156
MC,caller=Main:1#run:1,target=Main$Pair:156#Main$Pair:52
VW,context=Main$Pair:156#Main$Pair:52,y=1
VW,context=Main$Pair:156#Main$Pair:52,x=3
VW,context=Main$Pair:156#Main$Pair:52,cost=8
VW,context=Main$Pair:156#Main$Pair:52,md=13
VW,context=Main$Pair:156#Main$Pair:52,dy=5
VW,context=Main$Pair:156#Main$Pair:52,dx=4
FW,context=Main$Pair:156,y=1
FW,context=Main$Pair:156,x=3
FW,context=Main$Pair:156,dy=5
FW,context=Main$Pair:156,dx=4
FW,context=Main$Pair:156,cost=8
FW,context=Main$Pair:156,md=13
ME,returner=Main$Pair:156#Main$Pair:52,value=<void>
VW,context=Main:1#run:1,i=2
VD,method=Main:1#run:1 <name=nty,type=int (id=7),value=<?>,index=18>
VD,method=Main:1#run:1 <name=ntx,type=int (id=7),value=<?>,index=19>
VD,method=Main:1#run:1 <name=nky,type=int (id=7),value=<?>,index=20>
VD,method=Main:1#run:1 <name=nkx,type=int (id=7),value=<?>,index=21>
VD,method=Main:1#run:1 <name=newdis,type=int (id=7),value=<?>,index=22>
FR,context=Main$Pair:72,y
FR,context=Main:1,move
VW,context=Main:1#run:1,nty=2
FR,context=Main$Pair:72,x
FR,context=Main:1,move
VW,context=Main:1#run:1,ntx=4
FR,context=Main$Pair:72,dy
FR,context=Main:1,move
VW,context=Main:1#run:1,nky=4
FR,context=Main$Pair:72,dx
FR,context=Main:1,move
VW,context=Main:1#run:1,nkx=3
VW,context=Main:1#run:1,i=3
VD,method=Main:1#run:1 <name=nty,type=int (id=7),value=<?>,index=18>
VD,method=Main:1#run:1 <name=ntx,type=int (id=7),value=<?>,index=19>
VD,method=Main:1#run:1 <name=nky,type=int (id=7),value=<?>,index=20>
VD,method=Main:1#run:1 <name=nkx,type=int (id=7),value=<?>,index=21>
FR,context=Main$Pair:72,y
FR,context=Main:1,move
VW,context=Main:1#run:1,nty=1
FR,context=Main$Pair:72,x
FR,context=Main:1,move
VW,context=Main:1#run:1,ntx=5
FR,context=Main$Pair:72,dy
FR,context=Main:1,move
VW,context=Main:1#run:1,nky=5
FR,context=Main$Pair:72,dx
FR,context=Main:1,move
VW,context=Main:1#run:1,nkx=2
FR,context=Main$Pair:72,y
VW,context=Main:1#run:1,nty=1
FR,context=Main$Pair:72,x
VW,context=Main:1#run:1,ntx=4
VW,context=Main:1#run:1,mem=boolean[][][][]:1
NO,object=Main$Pair:157
MC,caller=Main:1#run:1,target=Main$Pair:157#Main$Pair:105
VW,context=Main$Pair:157#Main$Pair:105,y=1
VW,context=Main$Pair:157#Main$Pair:105,x=4
FW,context=Main$Pair:157,y=1
FW,context=Main$Pair:157,x=4
ME,returner=Main$Pair:157#Main$Pair:105,value=<void>
NO,object=Main$Pair:158
MC,caller=Main:1#run:1,target=Main$Pair:158#Main$Pair:106
VW,context=Main$Pair:158#Main$Pair:106,y=5
VW,context=Main$Pair:158#Main$Pair:106,x=2
FW,context=Main$Pair:158,y=5
FW,context=Main$Pair:158,x=2
ME,returner=Main$Pair:158#Main$Pair:106,value=<void>
MC,caller=Main:1#run:1,target=Main:1#dist:53
VW,context=Main:1#dist:53,b=Main$Pair:158
VW,context=Main:1#dist:53,a=Main$Pair:157
FR,context=Main$Pair:157,x
FR,context=Main$Pair:158,x
FR,context=Main$Pair:157,y
FR,context=Main$Pair:158,y
VW,context=Main:1#dist:53,result=6
ME,returner=Main:1#dist:53,value=6
VW,context=Main:1#run:1,newdis=6
FR,context=Main$Pair:72,cost
FR,context=Main$Pair:72,cost
NO,object=Main$Pair:159
MC,caller=Main:1#run:1,target=Main$Pair:159#Main$Pair:53
VW,context=Main$Pair:159#Main$Pair:53,y=1
VW,context=Main$Pair:159#Main$Pair:53,x=4
VW,context=Main$Pair:159#Main$Pair:53,cost=8
VW,context=Main$Pair:159#Main$Pair:53,md=14
VW,context=Main$Pair:159#Main$Pair:53,dy=5
VW,context=Main$Pair:159#Main$Pair:53,dx=2
FW,context=Main$Pair:159,y=1
FW,context=Main$Pair:159,x=4
FW,context=Main$Pair:159,dy=5
FW,context=Main$Pair:159,dx=2
FW,context=Main$Pair:159,cost=8
FW,context=Main$Pair:159,md=14
ME,returner=Main$Pair:159#Main$Pair:53,value=<void>
VD,method=Main:1#run:1 <name=nty,type=int (id=7),value=<?>,index=18>
VD,method=Main:1#run:1 <name=ntx,type=int (id=7),value=<?>,index=19>
VD,method=Main:1#run:1 <name=nky,type=int (id=7),value=<?>,index=20>
VD,method=Main:1#run:1 <name=nkx,type=int (id=7),value=<?>,index=21>
VD,method=Main:1#run:1 <name=newdis,type=int (id=7),value=<?>,index=22>
VD,method=Main:1#run:1 <name=pair,type=Main$Pair (id=90),value=<?>,index=16>
VD,method=Main:1#run:1 <name=i,type=int (id=7),value=<?>,index=17>
VW,context=Main:1#run:1,pair=Main$Pair:75
FR,context=Main$Pair:75,y
FR,context=Main$Pair:75,dy
VW,context=Main:1#run:1,i=0
FR,context=Main$Pair:75,y
FR,context=Main:1,move
VW,context=Main:1#run:1,nty=1
FR,context=Main$Pair:75,x
FR,context=Main:1,move
VW,context=Main:1#run:1,ntx=3
FR,context=Main$Pair:75,dy
FR,context=Main:1,move
VW,context=Main:1#run:1,nky=5
FR,context=Main$Pair:75,dx
FR,context=Main:1,move
VW,context=Main:1#run:1,nkx=3
VW,context=Main:1#run:1,mem=boolean[][][][]:1
NO,object=Main$Pair:160
MC,caller=Main:1#run:1,target=Main$Pair:160#Main$Pair:107
VW,context=Main$Pair:160#Main$Pair:107,y=1
VW,context=Main$Pair:160#Main$Pair:107,x=3
FW,context=Main$Pair:160,y=1
FW,context=Main$Pair:160,x=3
ME,returner=Main$Pair:160#Main$Pair:107,value=<void>
NO,object=Main$Pair:161
MC,caller=Main:1#run:1,target=Main$Pair:161#Main$Pair:108
VW,context=Main$Pair:161#Main$Pair:108,y=5
VW,context=Main$Pair:161#Main$Pair:108,x=3
FW,context=Main$Pair:161,y=5
FW,context=Main$Pair:161,x=3
ME,returner=Main$Pair:161#Main$Pair:108,value=<void>
MC,caller=Main:1#run:1,target=Main:1#dist:54
VW,context=Main:1#dist:54,b=Main$Pair:161
VW,context=Main:1#dist:54,a=Main$Pair:160
FR,context=Main$Pair:160,x
FR,context=Main$Pair:161,x
FR,context=Main$Pair:160,y
FR,context=Main$Pair:161,y
VW,context=Main:1#dist:54,result=4
ME,returner=Main:1#dist:54,value=4
VW,context=Main:1#run:1,newdis=4
FR,context=Main$Pair:75,cost
FR,context=Main$Pair:75,cost
NO,object=Main$Pair:162
MC,caller=Main:1#run:1,target=Main$Pair:162#Main$Pair:54
VW,context=Main$Pair:162#Main$Pair:54,y=1
VW,context=Main$Pair:162#Main$Pair:54,x=3
VW,context=Main$Pair:162#Main$Pair:54,cost=8
VW,context=Main$Pair:162#Main$Pair:54,md=12
VW,context=Main$Pair:162#Main$Pair:54,dy=5
VW,context=Main$Pair:162#Main$Pair:54,dx=3
FW,context=Main$Pair:162,y=1
FW,context=Main$Pair:162,x=3
FW,context=Main$Pair:162,dy=5
FW,context=Main$Pair:162,dx=3
FW,context=Main$Pair:162,cost=8
FW,context=Main$Pair:162,md=12
ME,returner=Main$Pair:162#Main$Pair:54,value=<void>
VW,context=Main:1#run:1,i=1
VD,method=Main:1#run:1 <name=nty,type=int (id=7),value=<?>,index=18>
VD,method=Main:1#run:1 <name=ntx,type=int (id=7),value=<?>,index=19>
VD,method=Main:1#run:1 <name=nky,type=int (id=7),value=<?>,index=20>
VD,method=Main:1#run:1 <name=nkx,type=int (id=7),value=<?>,index=21>
VD,method=Main:1#run:1 <name=newdis,type=int (id=7),value=<?>,index=22>
FR,context=Main$Pair:75,y
FR,context=Main:1,move
VW,context=Main:1#run:1,nty=2
FR,context=Main$Pair:75,x
FR,context=Main:1,move
VW,context=Main:1#run:1,ntx=2
FR,context=Main$Pair:75,dy
FR,context=Main:1,move
VW,context=Main:1#run:1,nky=4
FR,context=Main$Pair:75,dx
FR,context=Main:1,move
VW,context=Main:1#run:1,nkx=4
FR,context=Main$Pair:75,y
VW,context=Main:1#run:1,nty=2
FR,context=Main$Pair:75,x
VW,context=Main:1#run:1,ntx=3
FR,context=Main$Pair:75,dy
VW,context=Main:1#run:1,nky=4
FR,context=Main$Pair:75,dx
VW,context=Main:1#run:1,nkx=3
VW,context=Main:1#run:1,i=2
VD,method=Main:1#run:1 <name=nty,type=int (id=7),value=<?>,index=18>
VD,method=Main:1#run:1 <name=ntx,type=int (id=7),value=<?>,index=19>
VD,method=Main:1#run:1 <name=nky,type=int (id=7),value=<?>,index=20>
VD,method=Main:1#run:1 <name=nkx,type=int (id=7),value=<?>,index=21>
FR,context=Main$Pair:75,y
FR,context=Main:1,move
VW,context=Main:1#run:1,nty=3
FR,context=Main$Pair:75,x
FR,context=Main:1,move
VW,context=Main:1#run:1,ntx=3
FR,context=Main$Pair:75,dy
FR,context=Main:1,move
VW,context=Main:1#run:1,nky=3
FR,context=Main$Pair:75,dx
FR,context=Main:1,move
VW,context=Main:1#run:1,nkx=3
VW,context=Main:1#run:1,mem=boolean[][][][]:1
NO,object=Main$Pair:163
MC,caller=Main:1#run:1,target=Main$Pair:163#Main$Pair:109
VW,context=Main$Pair:163#Main$Pair:109,y=3
VW,context=Main$Pair:163#Main$Pair:109,x=3
FW,context=Main$Pair:163,y=3
FW,context=Main$Pair:163,x=3
ME,returner=Main$Pair:163#Main$Pair:109,value=<void>
NO,object=Main$Pair:164
MC,caller=Main:1#run:1,target=Main$Pair:164#Main$Pair:110
VW,context=Main$Pair:164#Main$Pair:110,y=3
VW,context=Main$Pair:164#Main$Pair:110,x=3
FW,context=Main$Pair:164,y=3
FW,context=Main$Pair:164,x=3
ME,returner=Main$Pair:164#Main$Pair:110,value=<void>
MC,caller=Main:1#run:1,target=Main:1#dist:55
VW,context=Main:1#dist:55,b=Main$Pair:164
VW,context=Main:1#dist:55,a=Main$Pair:163
FR,context=Main$Pair:163,x
FR,context=Main$Pair:164,x
FR,context=Main$Pair:163,y
FR,context=Main$Pair:164,y
VW,context=Main:1#dist:55,result=0
ME,returner=Main:1#dist:55,value=0
VW,context=Main:1#run:1,newdis=0
FR,context=Main$Pair:75,cost
FR,context=Main$Pair:75,cost
NO,object=Main$Pair:165
MC,caller=Main:1#run:1,target=Main$Pair:165#Main$Pair:55
VW,context=Main$Pair:165#Main$Pair:55,y=3
VW,context=Main$Pair:165#Main$Pair:55,x=3
VW,context=Main$Pair:165#Main$Pair:55,cost=8
VW,context=Main$Pair:165#Main$Pair:55,md=8
VW,context=Main$Pair:165#Main$Pair:55,dy=3
VW,context=Main$Pair:165#Main$Pair:55,dx=3
FW,context=Main$Pair:165,y=3
FW,context=Main$Pair:165,x=3
FW,context=Main$Pair:165,dy=3
FW,context=Main$Pair:165,dx=3
FW,context=Main$Pair:165,cost=8
FW,context=Main$Pair:165,md=8
ME,returner=Main$Pair:165#Main$Pair:55,value=<void>
VW,context=Main:1#run:1,i=3
VD,method=Main:1#run:1 <name=nty,type=int (id=7),value=<?>,index=18>
VD,method=Main:1#run:1 <name=ntx,type=int (id=7),value=<?>,index=19>
VD,method=Main:1#run:1 <name=nky,type=int (id=7),value=<?>,index=20>
VD,method=Main:1#run:1 <name=nkx,type=int (id=7),value=<?>,index=21>
VD,method=Main:1#run:1 <name=newdis,type=int (id=7),value=<?>,index=22>
FR,context=Main$Pair:75,y
FR,context=Main:1,move
VW,context=Main:1#run:1,nty=2
FR,context=Main$Pair:75,x
FR,context=Main:1,move
VW,context=Main:1#run:1,ntx=4
FR,context=Main$Pair:75,dy
FR,context=Main:1,move
VW,context=Main:1#run:1,nky=4
FR,context=Main$Pair:75,dx
FR,context=Main:1,move
VW,context=Main:1#run:1,nkx=2
VW,context=Main:1#run:1,mem=boolean[][][][]:1
NO,object=Main$Pair:166
MC,caller=Main:1#run:1,target=Main$Pair:166#Main$Pair:111
VW,context=Main$Pair:166#Main$Pair:111,y=2
VW,context=Main$Pair:166#Main$Pair:111,x=4
FW,context=Main$Pair:166,y=2
FW,context=Main$Pair:166,x=4
ME,returner=Main$Pair:166#Main$Pair:111,value=<void>
NO,object=Main$Pair:167
MC,caller=Main:1#run:1,target=Main$Pair:167#Main$Pair:112
VW,context=Main$Pair:167#Main$Pair:112,y=4
VW,context=Main$Pair:167#Main$Pair:112,x=2
FW,context=Main$Pair:167,y=4
FW,context=Main$Pair:167,x=2
ME,returner=Main$Pair:167#Main$Pair:112,value=<void>
MC,caller=Main:1#run:1,target=Main:1#dist:56
VW,context=Main:1#dist:56,b=Main$Pair:167
VW,context=Main:1#dist:56,a=Main$Pair:166
FR,context=Main$Pair:166,x
FR,context=Main$Pair:167,x
FR,context=Main$Pair:166,y
FR,context=Main$Pair:167,y
VW,context=Main:1#dist:56,result=4
ME,returner=Main:1#dist:56,value=4
VW,context=Main:1#run:1,newdis=4
FR,context=Main$Pair:75,cost
FR,context=Main$Pair:75,cost
NO,object=Main$Pair:168
MC,caller=Main:1#run:1,target=Main$Pair:168#Main$Pair:56
VW,context=Main$Pair:168#Main$Pair:56,y=2
VW,context=Main$Pair:168#Main$Pair:56,x=4
VW,context=Main$Pair:168#Main$Pair:56,cost=8
VW,context=Main$Pair:168#Main$Pair:56,md=12
VW,context=Main$Pair:168#Main$Pair:56,dy=4
VW,context=Main$Pair:168#Main$Pair:56,dx=2
FW,context=Main$Pair:168,y=2
FW,context=Main$Pair:168,x=4
FW,context=Main$Pair:168,dy=4
FW,context=Main$Pair:168,dx=2
FW,context=Main$Pair:168,cost=8
FW,context=Main$Pair:168,md=12
ME,returner=Main$Pair:168#Main$Pair:56,value=<void>
VD,method=Main:1#run:1 <name=nty,type=int (id=7),value=<?>,index=18>
VD,method=Main:1#run:1 <name=ntx,type=int (id=7),value=<?>,index=19>
VD,method=Main:1#run:1 <name=nky,type=int (id=7),value=<?>,index=20>
VD,method=Main:1#run:1 <name=nkx,type=int (id=7),value=<?>,index=21>
VD,method=Main:1#run:1 <name=newdis,type=int (id=7),value=<?>,index=22>
VD,method=Main:1#run:1 <name=pair,type=Main$Pair (id=90),value=<?>,index=16>
VD,method=Main:1#run:1 <name=i,type=int (id=7),value=<?>,index=17>
VW,context=Main:1#run:1,pair=Main$Pair:78
FR,context=Main$Pair:78,y
FR,context=Main$Pair:78,dy
FR,context=Main$Pair:78,x
FR,context=Main$Pair:78,dx
VW,context=Main:1#run:1,i=0
FR,context=Main$Pair:78,y
FR,context=Main:1,move
VW,context=Main:1#run:1,nty=2
FR,context=Main$Pair:78,x
FR,context=Main:1,move
VW,context=Main:1#run:1,ntx=4
FR,context=Main$Pair:78,dy
FR,context=Main:1,move
VW,context=Main:1#run:1,nky=4
FR,context=Main$Pair:78,dx
FR,context=Main:1,move
VW,context=Main:1#run:1,nkx=3
VW,context=Main:1#run:1,i=1
VD,method=Main:1#run:1 <name=nty,type=int (id=7),value=<?>,index=18>
VD,method=Main:1#run:1 <name=ntx,type=int (id=7),value=<?>,index=19>
VD,method=Main:1#run:1 <name=nky,type=int (id=7),value=<?>,index=20>
VD,method=Main:1#run:1 <name=nkx,type=int (id=7),value=<?>,index=21>
FR,context=Main$Pair:78,y
FR,context=Main:1,move
VW,context=Main:1#run:1,nty=3
FR,context=Main$Pair:78,x
FR,context=Main:1,move
VW,context=Main:1#run:1,ntx=3
FR,context=Main$Pair:78,dy
FR,context=Main:1,move
VW,context=Main:1#run:1,nky=3
FR,context=Main$Pair:78,dx
FR,context=Main:1,move
VW,context=Main:1#run:1,nkx=4
VW,context=Main:1#run:1,mem=boolean[][][][]:1
NO,object=Main$Pair:169
MC,caller=Main:1#run:1,target=Main$Pair:169#Main$Pair:113
VW,context=Main$Pair:169#Main$Pair:113,y=3
VW,context=Main$Pair:169#Main$Pair:113,x=3
FW,context=Main$Pair:169,y=3
FW,context=Main$Pair:169,x=3
ME,returner=Main$Pair:169#Main$Pair:113,value=<void>
NO,object=Main$Pair:170
MC,caller=Main:1#run:1,target=Main$Pair:170#Main$Pair:114
VW,context=Main$Pair:170#Main$Pair:114,y=3
VW,context=Main$Pair:170#Main$Pair:114,x=4
FW,context=Main$Pair:170,y=3
FW,context=Main$Pair:170,x=4
ME,returner=Main$Pair:170#Main$Pair:114,value=<void>
MC,caller=Main:1#run:1,target=Main:1#dist:57
VW,context=Main:1#dist:57,b=Main$Pair:170
VW,context=Main:1#dist:57,a=Main$Pair:169
FR,context=Main$Pair:169,x
FR,context=Main$Pair:170,x
FR,context=Main$Pair:169,y
FR,context=Main$Pair:170,y
VW,context=Main:1#dist:57,result=1
ME,returner=Main:1#dist:57,value=1
VW,context=Main:1#run:1,newdis=1
FR,context=Main$Pair:78,cost
FR,context=Main$Pair:78,cost
NO,object=Main$Pair:171
MC,caller=Main:1#run:1,target=Main$Pair:171#Main$Pair:57
VW,context=Main$Pair:171#Main$Pair:57,y=3
VW,context=Main$Pair:171#Main$Pair:57,x=3
VW,context=Main$Pair:171#Main$Pair:57,cost=8
VW,context=Main$Pair:171#Main$Pair:57,md=9
VW,context=Main$Pair:171#Main$Pair:57,dy=3
VW,context=Main$Pair:171#Main$Pair:57,dx=4
FW,context=Main$Pair:171,y=3
FW,context=Main$Pair:171,x=3
FW,context=Main$Pair:171,dy=3
FW,context=Main$Pair:171,dx=4
FW,context=Main$Pair:171,cost=8
FW,context=Main$Pair:171,md=9
ME,returner=Main$Pair:171#Main$Pair:57,value=<void>
VW,context=Main:1#run:1,i=2
VD,method=Main:1#run:1 <name=nty,type=int (id=7),value=<?>,index=18>
VD,method=Main:1#run:1 <name=ntx,type=int (id=7),value=<?>,index=19>
VD,method=Main:1#run:1 <name=nky,type=int (id=7),value=<?>,index=20>
VD,method=Main:1#run:1 <name=nkx,type=int (id=7),value=<?>,index=21>
VD,method=Main:1#run:1 <name=newdis,type=int (id=7),value=<?>,index=22>
FR,context=Main$Pair:78,y
FR,context=Main:1,move
VW,context=Main:1#run:1,nty=4
FR,context=Main$Pair:78,x
FR,context=Main:1,move
VW,context=Main:1#run:1,ntx=4
FR,context=Main$Pair:78,dy
FR,context=Main:1,move
VW,context=Main:1#run:1,nky=2
FR,context=Main$Pair:78,dx
FR,context=Main:1,move
VW,context=Main:1#run:1,nkx=3
FR,context=Main$Pair:78,y
VW,context=Main:1#run:1,nty=3
FR,context=Main$Pair:78,x
VW,context=Main:1#run:1,ntx=4
VW,context=Main:1#run:1,mem=boolean[][][][]:1
NO,object=Main$Pair:172
MC,caller=Main:1#run:1,target=Main$Pair:172#Main$Pair:115
VW,context=Main$Pair:172#Main$Pair:115,y=3
VW,context=Main$Pair:172#Main$Pair:115,x=4
FW,context=Main$Pair:172,y=3
FW,context=Main$Pair:172,x=4
ME,returner=Main$Pair:172#Main$Pair:115,value=<void>
NO,object=Main$Pair:173
MC,caller=Main:1#run:1,target=Main$Pair:173#Main$Pair:116
VW,context=Main$Pair:173#Main$Pair:116,y=2
VW,context=Main$Pair:173#Main$Pair:116,x=3
FW,context=Main$Pair:173,y=2
FW,context=Main$Pair:173,x=3
ME,returner=Main$Pair:173#Main$Pair:116,value=<void>
MC,caller=Main:1#run:1,target=Main:1#dist:58
VW,context=Main:1#dist:58,b=Main$Pair:173
VW,context=Main:1#dist:58,a=Main$Pair:172
FR,context=Main$Pair:172,x
FR,context=Main$Pair:173,x
FR,context=Main$Pair:172,y
FR,context=Main$Pair:173,y
VW,context=Main:1#dist:58,result=2
ME,returner=Main:1#dist:58,value=2
VW,context=Main:1#run:1,newdis=2
FR,context=Main$Pair:78,cost
FR,context=Main$Pair:78,cost
NO,object=Main$Pair:174
MC,caller=Main:1#run:1,target=Main$Pair:174#Main$Pair:58
VW,context=Main$Pair:174#Main$Pair:58,y=3
VW,context=Main$Pair:174#Main$Pair:58,x=4
VW,context=Main$Pair:174#Main$Pair:58,cost=8
VW,context=Main$Pair:174#Main$Pair:58,md=10
VW,context=Main$Pair:174#Main$Pair:58,dy=2
VW,context=Main$Pair:174#Main$Pair:58,dx=3
FW,context=Main$Pair:174,y=3
FW,context=Main$Pair:174,x=4
FW,context=Main$Pair:174,dy=2
FW,context=Main$Pair:174,dx=3
FW,context=Main$Pair:174,cost=8
FW,context=Main$Pair:174,md=10
ME,returner=Main$Pair:174#Main$Pair:58,value=<void>
VW,context=Main:1#run:1,i=3
VD,method=Main:1#run:1 <name=nty,type=int (id=7),value=<?>,index=18>
VD,method=Main:1#run:1 <name=ntx,type=int (id=7),value=<?>,index=19>
VD,method=Main:1#run:1 <name=nky,type=int (id=7),value=<?>,index=20>
VD,method=Main:1#run:1 <name=nkx,type=int (id=7),value=<?>,index=21>
VD,method=Main:1#run:1 <name=newdis,type=int (id=7),value=<?>,index=22>
FR,context=Main$Pair:78,y
FR,context=Main:1,move
VW,context=Main:1#run:1,nty=3
FR,context=Main$Pair:78,x
FR,context=Main:1,move
VW,context=Main:1#run:1,ntx=5
FR,context=Main$Pair:78,dy
FR,context=Main:1,move
VW,context=Main:1#run:1,nky=3
FR,context=Main$Pair:78,dx
FR,context=Main:1,move
VW,context=Main:1#run:1,nkx=2
FR,context=Main$Pair:78,dy
VW,context=Main:1#run:1,nky=3
FR,context=Main$Pair:78,dx
VW,context=Main:1#run:1,nkx=3
VD,method=Main:1#run:1 <name=nty,type=int (id=7),value=<?>,index=18>
VD,method=Main:1#run:1 <name=ntx,type=int (id=7),value=<?>,index=19>
VD,method=Main:1#run:1 <name=nky,type=int (id=7),value=<?>,index=20>
VD,method=Main:1#run:1 <name=nkx,type=int (id=7),value=<?>,index=21>
VD,method=Main:1#run:1 <name=pair,type=Main$Pair (id=90),value=<?>,index=16>
VD,method=Main:1#run:1 <name=i,type=int (id=7),value=<?>,index=17>
VW,context=Main:1#run:1,pair=Main$Pair:81
FR,context=Main$Pair:81,y
FR,context=Main$Pair:81,dy
FR,context=Main$Pair:81,x
FR,context=Main$Pair:81,dx
FR,context=Main$Pair:81,cost
VW,context=Main:1#run:1,ans=3
VD,method=Main:1#run:1 <name=pair,type=Main$Pair (id=90),value=<?>,index=16>
VD,method=Main:1#run:1 <name=w,type=int (id=7),value=0,index=1>
VD,method=Main:1#run:1 <name=h,type=int (id=7),value=0,index=2>
VD,method=Main:1#run:1 <name=a,type=int (id=7),value=<?>,index=3>
VD,method=Main:1#run:1 <name=b,type=int (id=7),value=<?>,index=4>
VD,method=Main:1#run:1 <name=c,type=int (id=7),value=<?>,index=5>
VD,method=Main:1#run:1 <name=d,type=int (id=7),value=<?>,index=6>
VD,method=Main:1#run:1 <name=kazuyuki,type=Main$Pair (id=90),value=<?>,index=7>
VD,method=Main:1#run:1 <name=takayuki,type=Main$Pair (id=90),value=<?>,index=8>
VD,method=Main:1#run:1 <name=map,type=boolean[][] (id=134),value=<?>,index=9>
VD,method=Main:1#run:1 <name=pq,type=java.util.Deque (unresolved),value=<?>,index=12>
VD,method=Main:1#run:1 <name=dis,type=int (id=7),value=<?>,index=13>
VD,method=Main:1#run:1 <name=ans,type=java.lang.String (id=25),value=<?>,index=14>
VD,method=Main:1#run:1 <name=mem,type=boolean[][][][] (id=142),value=<?>,index=15>
VW,context=Main:1#run:1,w=3
VW,context=Main:1#run:1,h=3
VW,context=Main:1#run:1,a=1
VW,context=Main:1#run:1,b=1
VW,context=Main:1#run:1,c=3
VW,context=Main:1#run:1,d=3
NO,object=Main$Pair:175
MC,caller=Main:1#run:1,target=Main$Pair:175#Main$Pair:117
VW,context=Main$Pair:175#Main$Pair:117,y=1
VW,context=Main$Pair:175#Main$Pair:117,x=1
FW,context=Main$Pair:175,y=1
FW,context=Main$Pair:175,x=1
ME,returner=Main$Pair:175#Main$Pair:117,value=<void>
VW,context=Main:1#run:1,kazuyuki=Main$Pair:175
NO,object=Main$Pair:176
MC,caller=Main:1#run:1,target=Main$Pair:176#Main$Pair:118
VW,context=Main$Pair:176#Main$Pair:118,y=3
VW,context=Main$Pair:176#Main$Pair:118,x=3
FW,context=Main$Pair:176,y=3
FW,context=Main$Pair:176,x=3
ME,returner=Main$Pair:176#Main$Pair:118,value=<void>
VW,context=Main:1#run:1,takayuki=Main$Pair:176
NO,object=boolean[][]:66
NO,object=boolean[]:521
FW,context=boolean[]:521,0=false
FW,context=boolean[]:521,1=false
FW,context=boolean[]:521,2=false
FW,context=boolean[]:521,3=false
FW,context=boolean[]:521,4=false
FW,context=boolean[][]:66,0=boolean[]:521
NO,object=boolean[]:522
FW,context=boolean[]:522,0=false
FW,context=boolean[]:522,1=false
FW,context=boolean[]:522,2=false
FW,context=boolean[]:522,3=false
FW,context=boolean[]:522,4=false
FW,context=boolean[][]:66,1=boolean[]:522
NO,object=boolean[]:523
FW,context=boolean[]:523,0=false
FW,context=boolean[]:523,1=false
FW,context=boolean[]:523,2=false
FW,context=boolean[]:523,3=false
FW,context=boolean[]:523,4=false
FW,context=boolean[][]:66,2=boolean[]:523
NO,object=boolean[]:524
FW,context=boolean[]:524,0=false
FW,context=boolean[]:524,1=false
FW,context=boolean[]:524,2=false
FW,context=boolean[]:524,3=false
FW,context=boolean[]:524,4=false
FW,context=boolean[][]:66,3=boolean[]:524
NO,object=boolean[]:525
FW,context=boolean[]:525,0=false
FW,context=boolean[]:525,1=false
FW,context=boolean[]:525,2=false
FW,context=boolean[]:525,3=false
FW,context=boolean[]:525,4=false
FW,context=boolean[][]:66,4=boolean[]:525
VW,context=Main:1#run:1,map=boolean[][]:66
VW,context=Main:1#run:1,i=1
VW,context=Main:1#run:1,j=1
VW,context=Main:1#run:1,map=boolean[][]:66
VW,context=Main:1#run:1,j=2
VW,context=Main:1#run:1,map=boolean[][]:66
VW,context=Main:1#run:1,j=3
VW,context=Main:1#run:1,map=boolean[][]:66
VW,context=Main:1#run:1,i=2
VD,method=Main:1#run:1 <name=j,type=int (id=7),value=<?>,index=11>
VW,context=Main:1#run:1,j=1
VW,context=Main:1#run:1,map=boolean[][]:66
VW,context=Main:1#run:1,j=2
VW,context=Main:1#run:1,map=boolean[][]:66
VW,context=Main:1#run:1,j=3
VW,context=Main:1#run:1,map=boolean[][]:66
VW,context=Main:1#run:1,i=3
VD,method=Main:1#run:1 <name=j,type=int (id=7),value=<?>,index=11>
VW,context=Main:1#run:1,j=1
VW,context=Main:1#run:1,map=boolean[][]:66
VW,context=Main:1#run:1,j=2
VW,context=Main:1#run:1,map=boolean[][]:66
VW,context=Main:1#run:1,j=3
VW,context=Main:1#run:1,map=boolean[][]:66
VD,method=Main:1#run:1 <name=j,type=int (id=7),value=<?>,index=11>
VD,method=Main:1#run:1 <name=i,type=int (id=7),value=<?>,index=10>
VW,context=Main:1#run:1,pq=java.util.ArrayDeque (id=843)
MC,caller=Main:1#run:1,target=Main:1#dist:59
VW,context=Main:1#dist:59,b=Main$Pair:175
VW,context=Main:1#dist:59,a=Main$Pair:176
FR,context=Main$Pair:176,x
FR,context=Main$Pair:175,x
FR,context=Main$Pair:176,y
FR,context=Main$Pair:175,y
VW,context=Main:1#dist:59,result=4
ME,returner=Main:1#dist:59,value=4
VW,context=Main:1#run:1,dis=4
FR,context=Main$Pair:176,y
FR,context=Main$Pair:176,x
FR,context=Main$Pair:175,y
FR,context=Main$Pair:175,x
NO,object=Main$Pair:177
MC,caller=Main:1#run:1,target=Main$Pair:177#Main$Pair:59
VW,context=Main$Pair:177#Main$Pair:59,y=3
VW,context=Main$Pair:177#Main$Pair:59,x=3
VW,context=Main$Pair:177#Main$Pair:59,cost=0
VW,context=Main$Pair:177#Main$Pair:59,md=4
VW,context=Main$Pair:177#Main$Pair:59,dy=1
VW,context=Main$Pair:177#Main$Pair:59,dx=1
FW,context=Main$Pair:177,y=3
FW,context=Main$Pair:177,x=3
FW,context=Main$Pair:177,dy=1
FW,context=Main$Pair:177,dx=1
FW,context=Main$Pair:177,cost=0
FW,context=Main$Pair:177,md=4
ME,returner=Main$Pair:177#Main$Pair:59,value=<void>
VW,context=Main:1#run:1,ans=NA
NO,object=boolean[][][][]:2
NO,object=boolean[][][]:9
NO,object=boolean[][]:67
NO,object=boolean[]:526
FW,context=boolean[]:526,0=false
FW,context=boolean[]:526,1=false
FW,context=boolean[]:526,2=false
FW,context=boolean[]:526,3=false
FW,context=boolean[]:526,4=false
FW,context=boolean[][]:67,0=boolean[]:526
NO,object=boolean[]:527
FW,context=boolean[]:527,0=false
FW,context=boolean[]:527,1=false
FW,context=boolean[]:527,2=false
FW,context=boolean[]:527,3=false
FW,context=boolean[]:527,4=false
FW,context=boolean[][]:67,1=boolean[]:527
NO,object=boolean[]:528
FW,context=boolean[]:528,0=false
FW,context=boolean[]:528,1=false
FW,context=boolean[]:528,2=false
FW,context=boolean[]:528,3=false
FW,context=boolean[]:528,4=false
FW,context=boolean[][]:67,2=boolean[]:528
NO,object=boolean[]:529
FW,context=boolean[]:529,0=false
FW,context=boolean[]:529,1=false
FW,context=boolean[]:529,2=false
FW,context=boolean[]:529,3=false
FW,context=boolean[]:529,4=false
FW,context=boolean[][]:67,3=boolean[]:529
NO,object=boolean[]:530
FW,context=boolean[]:530,0=false
FW,context=boolean[]:530,1=false
FW,context=boolean[]:530,2=false
FW,context=boolean[]:530,3=false
FW,context=boolean[]:530,4=false
FW,context=boolean[][]:67,4=boolean[]:530
FW,context=boolean[][][]:9,0=boolean[][]:67
NO,object=boolean[][]:68
NO,object=boolean[]:531
FW,context=boolean[]:531,0=false
FW,context=boolean[]:531,1=false
FW,context=boolean[]:531,2=false
FW,context=boolean[]:531,3=false
FW,context=boolean[]:531,4=false
FW,context=boolean[][]:68,0=boolean[]:531
NO,object=boolean[]:532
FW,context=boolean[]:532,0=false
FW,context=boolean[]:532,1=false
FW,context=boolean[]:532,2=false
FW,context=boolean[]:532,3=false
FW,context=boolean[]:532,4=false
FW,context=boolean[][]:68,1=boolean[]:532
NO,object=boolean[]:533
FW,context=boolean[]:533,0=false
FW,context=boolean[]:533,1=false
FW,context=boolean[]:533,2=false
FW,context=boolean[]:533,3=false
FW,context=boolean[]:533,4=false
FW,context=boolean[][]:68,2=boolean[]:533
NO,object=boolean[]:534
FW,context=boolean[]:534,0=false
FW,context=boolean[]:534,1=false
FW,context=boolean[]:534,2=false
FW,context=boolean[]:534,3=false
FW,context=boolean[]:534,4=false
FW,context=boolean[][]:68,3=boolean[]:534
NO,object=boolean[]:535
FW,context=boolean[]:535,0=false
FW,context=boolean[]:535,1=false
FW,context=boolean[]:535,2=false
FW,context=boolean[]:535,3=false
FW,context=boolean[]:535,4=false
FW,context=boolean[][]:68,4=boolean[]:535
FW,context=boolean[][][]:9,1=boolean[][]:68
NO,object=boolean[][]:69
NO,object=boolean[]:536
FW,context=boolean[]:536,0=false
FW,context=boolean[]:536,1=false
FW,context=boolean[]:536,2=false
FW,context=boolean[]:536,3=false
FW,context=boolean[]:536,4=false
FW,context=boolean[][]:69,0=boolean[]:536
NO,object=boolean[]:537
FW,context=boolean[]:537,0=false
FW,context=boolean[]:537,1=false
FW,context=boolean[]:537,2=false
FW,context=boolean[]:537,3=false
FW,context=boolean[]:537,4=false
FW,context=boolean[][]:69,1=boolean[]:537
NO,object=boolean[]:538
FW,context=boolean[]:538,0=false
FW,context=boolean[]:538,1=false
FW,context=boolean[]:538,2=false
FW,context=boolean[]:538,3=false
FW,context=boolean[]:538,4=false
FW,context=boolean[][]:69,2=boolean[]:538
NO,object=boolean[]:539
FW,context=boolean[]:539,0=false
FW,context=boolean[]:539,1=false
FW,context=boolean[]:539,2=false
FW,context=boolean[]:539,3=false
FW,context=boolean[]:539,4=false
FW,context=boolean[][]:69,3=boolean[]:539
NO,object=boolean[]:540
FW,context=boolean[]:540,0=false
FW,context=boolean[]:540,1=false
FW,context=boolean[]:540,2=false
FW,context=boolean[]:540,3=false
FW,context=boolean[]:540,4=false
FW,context=boolean[][]:69,4=boolean[]:540
FW,context=boolean[][][]:9,2=boolean[][]:69
NO,object=boolean[][]:70
NO,object=boolean[]:541
FW,context=boolean[]:541,0=false
FW,context=boolean[]:541,1=false
FW,context=boolean[]:541,2=false
FW,context=boolean[]:541,3=false
FW,context=boolean[]:541,4=false
FW,context=boolean[][]:70,0=boolean[]:541
NO,object=boolean[]:542
FW,context=boolean[]:542,0=false
FW,context=boolean[]:542,1=false
FW,context=boolean[]:542,2=false
FW,context=boolean[]:542,3=false
FW,context=boolean[]:542,4=false
FW,context=boolean[][]:70,1=boolean[]:542
NO,object=boolean[]:543
FW,context=boolean[]:543,0=false
FW,context=boolean[]:543,1=false
FW,context=boolean[]:543,2=false
FW,context=boolean[]:543,3=false
FW,context=boolean[]:543,4=false
FW,context=boolean[][]:70,2=boolean[]:543
NO,object=boolean[]:544
FW,context=boolean[]:544,0=false
FW,context=boolean[]:544,1=false
FW,context=boolean[]:544,2=false
FW,context=boolean[]:544,3=false
FW,context=boolean[]:544,4=false
FW,context=boolean[][]:70,3=boolean[]:544
NO,object=boolean[]:545
FW,context=boolean[]:545,0=false
FW,context=boolean[]:545,1=false
FW,context=boolean[]:545,2=false
FW,context=boolean[]:545,3=false
FW,context=boolean[]:545,4=false
FW,context=boolean[][]:70,4=boolean[]:545
FW,context=boolean[][][]:9,3=boolean[][]:70
NO,object=boolean[][]:71
NO,object=boolean[]:546
FW,context=boolean[]:546,0=false
FW,context=boolean[]:546,1=false
FW,context=boolean[]:546,2=false
FW,context=boolean[]:546,3=false
FW,context=boolean[]:546,4=false
FW,context=boolean[][]:71,0=boolean[]:546
NO,object=boolean[]:547
FW,context=boolean[]:547,0=false
FW,context=boolean[]:547,1=false
FW,context=boolean[]:547,2=false
FW,context=boolean[]:547,3=false
FW,context=boolean[]:547,4=false
FW,context=boolean[][]:71,1=boolean[]:547
NO,object=boolean[]:548
FW,context=boolean[]:548,0=false
FW,context=boolean[]:548,1=false
FW,context=boolean[]:548,2=false
FW,context=boolean[]:548,3=false
FW,context=boolean[]:548,4=false
FW,context=boolean[][]:71,2=boolean[]:548
NO,object=boolean[]:549
FW,context=boolean[]:549,0=false
FW,context=boolean[]:549,1=false
FW,context=boolean[]:549,2=false
FW,context=boolean[]:549,3=false
FW,context=boolean[]:549,4=false
FW,context=boolean[][]:71,3=boolean[]:549
NO,object=boolean[]:550
FW,context=boolean[]:550,0=false
FW,context=boolean[]:550,1=false
FW,context=boolean[]:550,2=false
FW,context=boolean[]:550,3=false
FW,context=boolean[]:550,4=false
FW,context=boolean[][]:71,4=boolean[]:550
FW,context=boolean[][][]:9,4=boolean[][]:71
FW,context=boolean[][][][]:2,0=boolean[][][]:9
NO,object=boolean[][][]:10
NO,object=boolean[][]:72
NO,object=boolean[]:551
FW,context=boolean[]:551,0=false
FW,context=boolean[]:551,1=false
FW,context=boolean[]:551,2=false
FW,context=boolean[]:551,3=false
FW,context=boolean[]:551,4=false
FW,context=boolean[][]:72,0=boolean[]:551
NO,object=boolean[]:552
FW,context=boolean[]:552,0=false
FW,context=boolean[]:552,1=false
FW,context=boolean[]:552,2=false
FW,context=boolean[]:552,3=false
FW,context=boolean[]:552,4=false
FW,context=boolean[][]:72,1=boolean[]:552
NO,object=boolean[]:553
FW,context=boolean[]:553,0=false
FW,context=boolean[]:553,1=false
FW,context=boolean[]:553,2=false
FW,context=boolean[]:553,3=false
FW,context=boolean[]:553,4=false
FW,context=boolean[][]:72,2=boolean[]:553
NO,object=boolean[]:554
FW,context=boolean[]:554,0=false
FW,context=boolean[]:554,1=false
FW,context=boolean[]:554,2=false
FW,context=boolean[]:554,3=false
FW,context=boolean[]:554,4=false
FW,context=boolean[][]:72,3=boolean[]:554
NO,object=boolean[]:555
FW,context=boolean[]:555,0=false
FW,context=boolean[]:555,1=false
FW,context=boolean[]:555,2=false
FW,context=boolean[]:555,3=false
FW,context=boolean[]:555,4=false
FW,context=boolean[][]:72,4=boolean[]:555
FW,context=boolean[][][]:10,0=boolean[][]:72
NO,object=boolean[][]:73
NO,object=boolean[]:556
FW,context=boolean[]:556,0=false
FW,context=boolean[]:556,1=false
FW,context=boolean[]:556,2=false
FW,context=boolean[]:556,3=false
FW,context=boolean[]:556,4=false
FW,context=boolean[][]:73,0=boolean[]:556
NO,object=boolean[]:557
FW,context=boolean[]:557,0=false
FW,context=boolean[]:557,1=false
FW,context=boolean[]:557,2=false
FW,context=boolean[]:557,3=false
FW,context=boolean[]:557,4=false
FW,context=boolean[][]:73,1=boolean[]:557
NO,object=boolean[]:558
FW,context=boolean[]:558,0=false
FW,context=boolean[]:558,1=false
FW,context=boolean[]:558,2=false
FW,context=boolean[]:558,3=false
FW,context=boolean[]:558,4=false
FW,context=boolean[][]:73,2=boolean[]:558
NO,object=boolean[]:559
FW,context=boolean[]:559,0=false
FW,context=boolean[]:559,1=false
FW,context=boolean[]:559,2=false
FW,context=boolean[]:559,3=false
FW,context=boolean[]:559,4=false
FW,context=boolean[][]:73,3=boolean[]:559
NO,object=boolean[]:560
FW,context=boolean[]:560,0=false
FW,context=boolean[]:560,1=false
FW,context=boolean[]:560,2=false
FW,context=boolean[]:560,3=false
FW,context=boolean[]:560,4=false
FW,context=boolean[][]:73,4=boolean[]:560
FW,context=boolean[][][]:10,1=boolean[][]:73
NO,object=boolean[][]:74
NO,object=boolean[]:561
FW,context=boolean[]:561,0=false
FW,context=boolean[]:561,1=false
FW,context=boolean[]:561,2=false
FW,context=boolean[]:561,3=false
FW,context=boolean[]:561,4=false
FW,context=boolean[][]:74,0=boolean[]:561
NO,object=boolean[]:562
FW,context=boolean[]:562,0=false
FW,context=boolean[]:562,1=false
FW,context=boolean[]:562,2=false
FW,context=boolean[]:562,3=false
FW,context=boolean[]:562,4=false
FW,context=boolean[][]:74,1=boolean[]:562
NO,object=boolean[]:563
FW,context=boolean[]:563,0=false
FW,context=boolean[]:563,1=false
FW,context=boolean[]:563,2=false
FW,context=boolean[]:563,3=false
FW,context=boolean[]:563,4=false
FW,context=boolean[][]:74,2=boolean[]:563
NO,object=boolean[]:564
FW,context=boolean[]:564,0=false
FW,context=boolean[]:564,1=false
FW,context=boolean[]:564,2=false
FW,context=boolean[]:564,3=false
FW,context=boolean[]:564,4=false
FW,context=boolean[][]:74,3=boolean[]:564
NO,object=boolean[]:565
FW,context=boolean[]:565,0=false
FW,context=boolean[]:565,1=false
FW,context=boolean[]:565,2=false
FW,context=boolean[]:565,3=false
FW,context=boolean[]:565,4=false
FW,context=boolean[][]:74,4=boolean[]:565
FW,context=boolean[][][]:10,2=boolean[][]:74
NO,object=boolean[][]:75
NO,object=boolean[]:566
FW,context=boolean[]:566,0=false
FW,context=boolean[]:566,1=false
FW,context=boolean[]:566,2=false
FW,context=boolean[]:566,3=false
FW,context=boolean[]:566,4=false
FW,context=boolean[][]:75,0=boolean[]:566
NO,object=boolean[]:567
FW,context=boolean[]:567,0=false
FW,context=boolean[]:567,1=false
FW,context=boolean[]:567,2=false
FW,context=boolean[]:567,3=false
FW,context=boolean[]:567,4=false
FW,context=boolean[][]:75,1=boolean[]:567
NO,object=boolean[]:568
FW,context=boolean[]:568,0=false
FW,context=boolean[]:568,1=false
FW,context=boolean[]:568,2=false
FW,context=boolean[]:568,3=false
FW,context=boolean[]:568,4=false
FW,context=boolean[][]:75,2=boolean[]:568
NO,object=boolean[]:569
FW,context=boolean[]:569,0=false
FW,context=boolean[]:569,1=false
FW,context=boolean[]:569,2=false
FW,context=boolean[]:569,3=false
FW,context=boolean[]:569,4=false
FW,context=boolean[][]:75,3=boolean[]:569
NO,object=boolean[]:570
FW,context=boolean[]:570,0=false
FW,context=boolean[]:570,1=false
FW,context=boolean[]:570,2=false
FW,context=boolean[]:570,3=false
FW,context=boolean[]:570,4=false
FW,context=boolean[][]:75,4=boolean[]:570
FW,context=boolean[][][]:10,3=boolean[][]:75
NO,object=boolean[][]:76
NO,object=boolean[]:571
FW,context=boolean[]:571,0=false
FW,context=boolean[]:571,1=false
FW,context=boolean[]:571,2=false
FW,context=boolean[]:571,3=false
FW,context=boolean[]:571,4=false
FW,context=boolean[][]:76,0=boolean[]:571
NO,object=boolean[]:572
FW,context=boolean[]:572,0=false
FW,context=boolean[]:572,1=false
FW,context=boolean[]:572,2=false
FW,context=boolean[]:572,3=false
FW,context=boolean[]:572,4=false
FW,context=boolean[][]:76,1=boolean[]:572
NO,object=boolean[]:573
FW,context=boolean[]:573,0=false
FW,context=boolean[]:573,1=false
FW,context=boolean[]:573,2=false
FW,context=boolean[]:573,3=false
FW,context=boolean[]:573,4=false
FW,context=boolean[][]:76,2=boolean[]:573
NO,object=boolean[]:574
FW,context=boolean[]:574,0=false
FW,context=boolean[]:574,1=false
FW,context=boolean[]:574,2=false
FW,context=boolean[]:574,3=false
FW,context=boolean[]:574,4=false
FW,context=boolean[][]:76,3=boolean[]:574
NO,object=boolean[]:575
FW,context=boolean[]:575,0=false
FW,context=boolean[]:575,1=false
FW,context=boolean[]:575,2=false
FW,context=boolean[]:575,3=false
FW,context=boolean[]:575,4=false
FW,context=boolean[][]:76,4=boolean[]:575
FW,context=boolean[][][]:10,4=boolean[][]:76
FW,context=boolean[][][][]:2,1=boolean[][][]:10
NO,object=boolean[][][]:11
NO,object=boolean[][]:77
NO,object=boolean[]:576
FW,context=boolean[]:576,0=false
FW,context=boolean[]:576,1=false
FW,context=boolean[]:576,2=false
FW,context=boolean[]:576,3=false
FW,context=boolean[]:576,4=false
FW,context=boolean[][]:77,0=boolean[]:576
NO,object=boolean[]:577
FW,context=boolean[]:577,0=false
FW,context=boolean[]:577,1=false
FW,context=boolean[]:577,2=false
FW,context=boolean[]:577,3=false
FW,context=boolean[]:577,4=false
FW,context=boolean[][]:77,1=boolean[]:577
NO,object=boolean[]:578
FW,context=boolean[]:578,0=false
FW,context=boolean[]:578,1=false
FW,context=boolean[]:578,2=false
FW,context=boolean[]:578,3=false
FW,context=boolean[]:578,4=false
FW,context=boolean[][]:77,2=boolean[]:578
NO,object=boolean[]:579
FW,context=boolean[]:579,0=false
FW,context=boolean[]:579,1=false
FW,context=boolean[]:579,2=false
FW,context=boolean[]:579,3=false
FW,context=boolean[]:579,4=false
FW,context=boolean[][]:77,3=boolean[]:579
NO,object=boolean[]:580
FW,context=boolean[]:580,0=false
FW,context=boolean[]:580,1=false
FW,context=boolean[]:580,2=false
FW,context=boolean[]:580,3=false
FW,context=boolean[]:580,4=false
FW,context=boolean[][]:77,4=boolean[]:580
FW,context=boolean[][][]:11,0=boolean[][]:77
NO,object=boolean[][]:78
NO,object=boolean[]:581
FW,context=boolean[]:581,0=false
FW,context=boolean[]:581,1=false
FW,context=boolean[]:581,2=false
FW,context=boolean[]:581,3=false
FW,context=boolean[]:581,4=false
FW,context=boolean[][]:78,0=boolean[]:581
NO,object=boolean[]:582
FW,context=boolean[]:582,0=false
FW,context=boolean[]:582,1=false
FW,context=boolean[]:582,2=false
FW,context=boolean[]:582,3=false
FW,context=boolean[]:582,4=false
FW,context=boolean[][]:78,1=boolean[]:582
NO,object=boolean[]:583
FW,context=boolean[]:583,0=false
FW,context=boolean[]:583,1=false
FW,context=boolean[]:583,2=false
FW,context=boolean[]:583,3=false
FW,context=boolean[]:583,4=false
FW,context=boolean[][]:78,2=boolean[]:583
NO,object=boolean[]:584
FW,context=boolean[]:584,0=false
FW,context=boolean[]:584,1=false
FW,context=boolean[]:584,2=false
FW,context=boolean[]:584,3=false
FW,context=boolean[]:584,4=false
FW,context=boolean[][]:78,3=boolean[]:584
NO,object=boolean[]:585
FW,context=boolean[]:585,0=false
FW,context=boolean[]:585,1=false
FW,context=boolean[]:585,2=false
FW,context=boolean[]:585,3=false
FW,context=boolean[]:585,4=false
FW,context=boolean[][]:78,4=boolean[]:585
FW,context=boolean[][][]:11,1=boolean[][]:78
NO,object=boolean[][]:79
NO,object=boolean[]:586
FW,context=boolean[]:586,0=false
FW,context=boolean[]:586,1=false
FW,context=boolean[]:586,2=false
FW,context=boolean[]:586,3=false
FW,context=boolean[]:586,4=false
FW,context=boolean[][]:79,0=boolean[]:586
NO,object=boolean[]:587
FW,context=boolean[]:587,0=false
FW,context=boolean[]:587,1=false
FW,context=boolean[]:587,2=false
FW,context=boolean[]:587,3=false
FW,context=boolean[]:587,4=false
FW,context=boolean[][]:79,1=boolean[]:587
NO,object=boolean[]:588
FW,context=boolean[]:588,0=false
FW,context=boolean[]:588,1=false
FW,context=boolean[]:588,2=false
FW,context=boolean[]:588,3=false
FW,context=boolean[]:588,4=false
FW,context=boolean[][]:79,2=boolean[]:588
NO,object=boolean[]:589
FW,context=boolean[]:589,0=false
FW,context=boolean[]:589,1=false
FW,context=boolean[]:589,2=false
FW,context=boolean[]:589,3=false
FW,context=boolean[]:589,4=false
FW,context=boolean[][]:79,3=boolean[]:589
NO,object=boolean[]:590
FW,context=boolean[]:590,0=false
FW,context=boolean[]:590,1=false
FW,context=boolean[]:590,2=false
FW,context=boolean[]:590,3=false
FW,context=boolean[]:590,4=false
FW,context=boolean[][]:79,4=boolean[]:590
FW,context=boolean[][][]:11,2=boolean[][]:79
NO,object=boolean[][]:80
NO,object=boolean[]:591
FW,context=boolean[]:591,0=false
FW,context=boolean[]:591,1=false
FW,context=boolean[]:591,2=false
FW,context=boolean[]:591,3=false
FW,context=boolean[]:591,4=false
FW,context=boolean[][]:80,0=boolean[]:591
NO,object=boolean[]:592
FW,context=boolean[]:592,0=false
FW,context=boolean[]:592,1=false
FW,context=boolean[]:592,2=false
FW,context=boolean[]:592,3=false
FW,context=boolean[]:592,4=false
FW,context=boolean[][]:80,1=boolean[]:592
NO,object=boolean[]:593
FW,context=boolean[]:593,0=false
FW,context=boolean[]:593,1=false
FW,context=boolean[]:593,2=false
FW,context=boolean[]:593,3=false
FW,context=boolean[]:593,4=false
FW,context=boolean[][]:80,2=boolean[]:593
NO,object=boolean[]:594
FW,context=boolean[]:594,0=false
FW,context=boolean[]:594,1=false
FW,context=boolean[]:594,2=false
FW,context=boolean[]:594,3=false
FW,context=boolean[]:594,4=false
FW,context=boolean[][]:80,3=boolean[]:594
NO,object=boolean[]:595
FW,context=boolean[]:595,0=false
FW,context=boolean[]:595,1=false
FW,context=boolean[]:595,2=false
FW,context=boolean[]:595,3=false
FW,context=boolean[]:595,4=false
FW,context=boolean[][]:80,4=boolean[]:595
FW,context=boolean[][][]:11,3=boolean[][]:80
NO,object=boolean[][]:81
NO,object=boolean[]:596
FW,context=boolean[]:596,0=false
FW,context=boolean[]:596,1=false
FW,context=boolean[]:596,2=false
FW,context=boolean[]:596,3=false
FW,context=boolean[]:596,4=false
FW,context=boolean[][]:81,0=boolean[]:596
NO,object=boolean[]:597
FW,context=boolean[]:597,0=false
FW,context=boolean[]:597,1=false
FW,context=boolean[]:597,2=false
FW,context=boolean[]:597,3=false
FW,context=boolean[]:597,4=false
FW,context=boolean[][]:81,1=boolean[]:597
NO,object=boolean[]:598
FW,context=boolean[]:598,0=false
FW,context=boolean[]:598,1=false
FW,context=boolean[]:598,2=false
FW,context=boolean[]:598,3=false
FW,context=boolean[]:598,4=false
FW,context=boolean[][]:81,2=boolean[]:598
NO,object=boolean[]:599
FW,context=boolean[]:599,0=false
FW,context=boolean[]:599,1=false
FW,context=boolean[]:599,2=false
FW,context=boolean[]:599,3=false
FW,context=boolean[]:599,4=false
FW,context=boolean[][]:81,3=boolean[]:599
NO,object=boolean[]:600
FW,context=boolean[]:600,0=false
FW,context=boolean[]:600,1=false
FW,context=boolean[]:600,2=false
FW,context=boolean[]:600,3=false
FW,context=boolean[]:600,4=false
FW,context=boolean[][]:81,4=boolean[]:600
FW,context=boolean[][][]:11,4=boolean[][]:81
FW,context=boolean[][][][]:2,2=boolean[][][]:11
NO,object=boolean[][][]:12
NO,object=boolean[][]:82
NO,object=boolean[]:601
FW,context=boolean[]:601,0=false
FW,context=boolean[]:601,1=false
FW,context=boolean[]:601,2=false
FW,context=boolean[]:601,3=false
FW,context=boolean[]:601,4=false
FW,context=boolean[][]:82,0=boolean[]:601
NO,object=boolean[]:602
FW,context=boolean[]:602,0=false
FW,context=boolean[]:602,1=false
FW,context=boolean[]:602,2=false
FW,context=boolean[]:602,3=false
FW,context=boolean[]:602,4=false
FW,context=boolean[][]:82,1=boolean[]:602
NO,object=boolean[]:603
FW,context=boolean[]:603,0=false
FW,context=boolean[]:603,1=false
FW,context=boolean[]:603,2=false
FW,context=boolean[]:603,3=false
FW,context=boolean[]:603,4=false
FW,context=boolean[][]:82,2=boolean[]:603
NO,object=boolean[]:604
FW,context=boolean[]:604,0=false
FW,context=boolean[]:604,1=false
FW,context=boolean[]:604,2=false
FW,context=boolean[]:604,3=false
FW,context=boolean[]:604,4=false
FW,context=boolean[][]:82,3=boolean[]:604
NO,object=boolean[]:605
FW,context=boolean[]:605,0=false
FW,context=boolean[]:605,1=false
FW,context=boolean[]:605,2=false
FW,context=boolean[]:605,3=false
FW,context=boolean[]:605,4=false
FW,context=boolean[][]:82,4=boolean[]:605
FW,context=boolean[][][]:12,0=boolean[][]:82
NO,object=boolean[][]:83
NO,object=boolean[]:606
FW,context=boolean[]:606,0=false
FW,context=boolean[]:606,1=false
FW,context=boolean[]:606,2=false
FW,context=boolean[]:606,3=false
FW,context=boolean[]:606,4=false
FW,context=boolean[][]:83,0=boolean[]:606
NO,object=boolean[]:607
FW,context=boolean[]:607,0=false
FW,context=boolean[]:607,1=false
FW,context=boolean[]:607,2=false
FW,context=boolean[]:607,3=false
FW,context=boolean[]:607,4=false
FW,context=boolean[][]:83,1=boolean[]:607
NO,object=boolean[]:608
FW,context=boolean[]:608,0=false
FW,context=boolean[]:608,1=false
FW,context=boolean[]:608,2=false
FW,context=boolean[]:608,3=false
FW,context=boolean[]:608,4=false
FW,context=boolean[][]:83,2=boolean[]:608
NO,object=boolean[]:609
FW,context=boolean[]:609,0=false
FW,context=boolean[]:609,1=false
FW,context=boolean[]:609,2=false
FW,context=boolean[]:609,3=false
FW,context=boolean[]:609,4=false
FW,context=boolean[][]:83,3=boolean[]:609
NO,object=boolean[]:610
FW,context=boolean[]:610,0=false
FW,context=boolean[]:610,1=false
FW,context=boolean[]:610,2=false
FW,context=boolean[]:610,3=false
FW,context=boolean[]:610,4=false
FW,context=boolean[][]:83,4=boolean[]:610
FW,context=boolean[][][]:12,1=boolean[][]:83
NO,object=boolean[][]:84
NO,object=boolean[]:611
FW,context=boolean[]:611,0=false
FW,context=boolean[]:611,1=false
FW,context=boolean[]:611,2=false
FW,context=boolean[]:611,3=false
FW,context=boolean[]:611,4=false
FW,context=boolean[][]:84,0=boolean[]:611
NO,object=boolean[]:612
FW,context=boolean[]:612,0=false
FW,context=boolean[]:612,1=false
FW,context=boolean[]:612,2=false
FW,context=boolean[]:612,3=false
FW,context=boolean[]:612,4=false
FW,context=boolean[][]:84,1=boolean[]:612
NO,object=boolean[]:613
FW,context=boolean[]:613,0=false
FW,context=boolean[]:613,1=false
FW,context=boolean[]:613,2=false
FW,context=boolean[]:613,3=false
FW,context=boolean[]:613,4=false
FW,context=boolean[][]:84,2=boolean[]:613
NO,object=boolean[]:614
FW,context=boolean[]:614,0=false
FW,context=boolean[]:614,1=false
FW,context=boolean[]:614,2=false
FW,context=boolean[]:614,3=false
FW,context=boolean[]:614,4=false
FW,context=boolean[][]:84,3=boolean[]:614
NO,object=boolean[]:615
FW,context=boolean[]:615,0=false
FW,context=boolean[]:615,1=false
FW,context=boolean[]:615,2=false
FW,context=boolean[]:615,3=false
FW,context=boolean[]:615,4=false
FW,context=boolean[][]:84,4=boolean[]:615
FW,context=boolean[][][]:12,2=boolean[][]:84
NO,object=boolean[][]:85
NO,object=boolean[]:616
FW,context=boolean[]:616,0=false
FW,context=boolean[]:616,1=false
FW,context=boolean[]:616,2=false
FW,context=boolean[]:616,3=false
FW,context=boolean[]:616,4=false
FW,context=boolean[][]:85,0=boolean[]:616
NO,object=boolean[]:617
FW,context=boolean[]:617,0=false
FW,context=boolean[]:617,1=false
FW,context=boolean[]:617,2=false
FW,context=boolean[]:617,3=false
FW,context=boolean[]:617,4=false
FW,context=boolean[][]:85,1=boolean[]:617
NO,object=boolean[]:618
FW,context=boolean[]:618,0=false
FW,context=boolean[]:618,1=false
FW,context=boolean[]:618,2=false
FW,context=boolean[]:618,3=false
FW,context=boolean[]:618,4=false
FW,context=boolean[][]:85,2=boolean[]:618
NO,object=boolean[]:619
FW,context=boolean[]:619,0=false
FW,context=boolean[]:619,1=false
FW,context=boolean[]:619,2=false
FW,context=boolean[]:619,3=false
FW,context=boolean[]:619,4=false
FW,context=boolean[][]:85,3=boolean[]:619
NO,object=boolean[]:620
FW,context=boolean[]:620,0=false
FW,context=boolean[]:620,1=false
FW,context=boolean[]:620,2=false
FW,context=boolean[]:620,3=false
FW,context=boolean[]:620,4=false
FW,context=boolean[][]:85,4=boolean[]:620
FW,context=boolean[][][]:12,3=boolean[][]:85
NO,object=boolean[][]:86
NO,object=boolean[]:621
FW,context=boolean[]:621,0=false
FW,context=boolean[]:621,1=false
FW,context=boolean[]:621,2=false
FW,context=boolean[]:621,3=false
FW,context=boolean[]:621,4=false
FW,context=boolean[][]:86,0=boolean[]:621
NO,object=boolean[]:622
FW,context=boolean[]:622,0=false
FW,context=boolean[]:622,1=false
FW,context=boolean[]:622,2=false
FW,context=boolean[]:622,3=false
FW,context=boolean[]:622,4=false
FW,context=boolean[][]:86,1=boolean[]:622
NO,object=boolean[]:623
FW,context=boolean[]:623,0=false
FW,context=boolean[]:623,1=false
FW,context=boolean[]:623,2=false
FW,context=boolean[]:623,3=false
FW,context=boolean[]:623,4=false
FW,context=boolean[][]:86,2=boolean[]:623
NO,object=boolean[]:624
FW,context=boolean[]:624,0=false
FW,context=boolean[]:624,1=false
FW,context=boolean[]:624,2=false
FW,context=boolean[]:624,3=false
FW,context=boolean[]:624,4=false
FW,context=boolean[][]:86,3=boolean[]:624
NO,object=boolean[]:625
FW,context=boolean[]:625,0=false
FW,context=boolean[]:625,1=false
FW,context=boolean[]:625,2=false
FW,context=boolean[]:625,3=false
FW,context=boolean[]:625,4=false
FW,context=boolean[][]:86,4=boolean[]:625
FW,context=boolean[][][]:12,4=boolean[][]:86
FW,context=boolean[][][][]:2,3=boolean[][][]:12
NO,object=boolean[][][]:13
NO,object=boolean[][]:87
NO,object=boolean[]:626
FW,context=boolean[]:626,0=false
FW,context=boolean[]:626,1=false
FW,context=boolean[]:626,2=false
FW,context=boolean[]:626,3=false
FW,context=boolean[]:626,4=false
FW,context=boolean[][]:87,0=boolean[]:626
NO,object=boolean[]:627
FW,context=boolean[]:627,0=false
FW,context=boolean[]:627,1=false
FW,context=boolean[]:627,2=false
FW,context=boolean[]:627,3=false
FW,context=boolean[]:627,4=false
FW,context=boolean[][]:87,1=boolean[]:627
NO,object=boolean[]:628
FW,context=boolean[]:628,0=false
FW,context=boolean[]:628,1=false
FW,context=boolean[]:628,2=false
FW,context=boolean[]:628,3=false
FW,context=boolean[]:628,4=false
FW,context=boolean[][]:87,2=boolean[]:628
NO,object=boolean[]:629
FW,context=boolean[]:629,0=false
FW,context=boolean[]:629,1=false
FW,context=boolean[]:629,2=false
FW,context=boolean[]:629,3=false
FW,context=boolean[]:629,4=false
FW,context=boolean[][]:87,3=boolean[]:629
NO,object=boolean[]:630
FW,context=boolean[]:630,0=false
FW,context=boolean[]:630,1=false
FW,context=boolean[]:630,2=false
FW,context=boolean[]:630,3=false
FW,context=boolean[]:630,4=false
FW,context=boolean[][]:87,4=boolean[]:630
FW,context=boolean[][][]:13,0=boolean[][]:87
NO,object=boolean[][]:88
NO,object=boolean[]:631
FW,context=boolean[]:631,0=false
FW,context=boolean[]:631,1=false
FW,context=boolean[]:631,2=false
FW,context=boolean[]:631,3=false
FW,context=boolean[]:631,4=false
FW,context=boolean[][]:88,0=boolean[]:631
NO,object=boolean[]:632
FW,context=boolean[]:632,0=false
FW,context=boolean[]:632,1=false
FW,context=boolean[]:632,2=false
FW,context=boolean[]:632,3=false
FW,context=boolean[]:632,4=false
FW,context=boolean[][]:88,1=boolean[]:632
NO,object=boolean[]:633
FW,context=boolean[]:633,0=false
FW,context=boolean[]:633,1=false
FW,context=boolean[]:633,2=false
FW,context=boolean[]:633,3=false
FW,context=boolean[]:633,4=false
FW,context=boolean[][]:88,2=boolean[]:633
NO,object=boolean[]:634
FW,context=boolean[]:634,0=false
FW,context=boolean[]:634,1=false
FW,context=boolean[]:634,2=false
FW,context=boolean[]:634,3=false
FW,context=boolean[]:634,4=false
FW,context=boolean[][]:88,3=boolean[]:634
NO,object=boolean[]:635
FW,context=boolean[]:635,0=false
FW,context=boolean[]:635,1=false
FW,context=boolean[]:635,2=false
FW,context=boolean[]:635,3=false
FW,context=boolean[]:635,4=false
FW,context=boolean[][]:88,4=boolean[]:635
FW,context=boolean[][][]:13,1=boolean[][]:88
NO,object=boolean[][]:89
NO,object=boolean[]:636
FW,context=boolean[]:636,0=false
FW,context=boolean[]:636,1=false
FW,context=boolean[]:636,2=false
FW,context=boolean[]:636,3=false
FW,context=boolean[]:636,4=false
FW,context=boolean[][]:89,0=boolean[]:636
NO,object=boolean[]:637
FW,context=boolean[]:637,0=false
FW,context=boolean[]:637,1=false
FW,context=boolean[]:637,2=false
FW,context=boolean[]:637,3=false
FW,context=boolean[]:637,4=false
FW,context=boolean[][]:89,1=boolean[]:637
NO,object=boolean[]:638
FW,context=boolean[]:638,0=false
FW,context=boolean[]:638,1=false
FW,context=boolean[]:638,2=false
FW,context=boolean[]:638,3=false
FW,context=boolean[]:638,4=false
FW,context=boolean[][]:89,2=boolean[]:638
NO,object=boolean[]:639
FW,context=boolean[]:639,0=false
FW,context=boolean[]:639,1=false
FW,context=boolean[]:639,2=false
FW,context=boolean[]:639,3=false
FW,context=boolean[]:639,4=false
FW,context=boolean[][]:89,3=boolean[]:639
NO,object=boolean[]:640
FW,context=boolean[]:640,0=false
FW,context=boolean[]:640,1=false
FW,context=boolean[]:640,2=false
FW,context=boolean[]:640,3=false
FW,context=boolean[]:640,4=false
FW,context=boolean[][]:89,4=boolean[]:640
FW,context=boolean[][][]:13,2=boolean[][]:89
NO,object=boolean[][]:90
NO,object=boolean[]:641
FW,context=boolean[]:641,0=false
FW,context=boolean[]:641,1=false
FW,context=boolean[]:641,2=false
FW,context=boolean[]:641,3=false
FW,context=boolean[]:641,4=false
FW,context=boolean[][]:90,0=boolean[]:641
NO,object=boolean[]:642
FW,context=boolean[]:642,0=false
FW,context=boolean[]:642,1=false
FW,context=boolean[]:642,2=false
FW,context=boolean[]:642,3=false
FW,context=boolean[]:642,4=false
FW,context=boolean[][]:90,1=boolean[]:642
NO,object=boolean[]:643
FW,context=boolean[]:643,0=false
FW,context=boolean[]:643,1=false
FW,context=boolean[]:643,2=false
FW,context=boolean[]:643,3=false
FW,context=boolean[]:643,4=false
FW,context=boolean[][]:90,2=boolean[]:643
NO,object=boolean[]:644
FW,context=boolean[]:644,0=false
FW,context=boolean[]:644,1=false
FW,context=boolean[]:644,2=false
FW,context=boolean[]:644,3=false
FW,context=boolean[]:644,4=false
FW,context=boolean[][]:90,3=boolean[]:644
NO,object=boolean[]:645
FW,context=boolean[]:645,0=false
FW,context=boolean[]:645,1=false
FW,context=boolean[]:645,2=false
FW,context=boolean[]:645,3=false
FW,context=boolean[]:645,4=false
FW,context=boolean[][]:90,4=boolean[]:645
FW,context=boolean[][][]:13,3=boolean[][]:90
NO,object=boolean[][]:91
NO,object=boolean[]:646
FW,context=boolean[]:646,0=false
FW,context=boolean[]:646,1=false
FW,context=boolean[]:646,2=false
FW,context=boolean[]:646,3=false
FW,context=boolean[]:646,4=false
FW,context=boolean[][]:91,0=boolean[]:646
NO,object=boolean[]:647
FW,context=boolean[]:647,0=false
FW,context=boolean[]:647,1=false
FW,context=boolean[]:647,2=false
FW,context=boolean[]:647,3=false
FW,context=boolean[]:647,4=false
FW,context=boolean[][]:91,1=boolean[]:647
NO,object=boolean[]:648
FW,context=boolean[]:648,0=false
FW,context=boolean[]:648,1=false
FW,context=boolean[]:648,2=false
FW,context=boolean[]:648,3=false
FW,context=boolean[]:648,4=false
FW,context=boolean[][]:91,2=boolean[]:648
NO,object=boolean[]:649
FW,context=boolean[]:649,0=false
FW,context=boolean[]:649,1=false
FW,context=boolean[]:649,2=false
FW,context=boolean[]:649,3=false
FW,context=boolean[]:649,4=false
FW,context=boolean[][]:91,3=boolean[]:649
NO,object=boolean[]:650
FW,context=boolean[]:650,0=false
FW,context=boolean[]:650,1=false
FW,context=boolean[]:650,2=false
FW,context=boolean[]:650,3=false
FW,context=boolean[]:650,4=false
FW,context=boolean[][]:91,4=boolean[]:650
FW,context=boolean[][][]:13,4=boolean[][]:91
FW,context=boolean[][][][]:2,4=boolean[][][]:13
VW,context=Main:1#run:1,mem=boolean[][][][]:2
FR,context=Main$Pair:176,y
FR,context=Main$Pair:176,x
FR,context=Main$Pair:175,y
FR,context=Main$Pair:175,x
VW,context=Main:1#run:1,mem=boolean[][][][]:2
VW,context=Main:1#run:1,pair=Main$Pair:177
FR,context=Main$Pair:177,y
FR,context=Main$Pair:177,dy
VW,context=Main:1#run:1,i=0
FR,context=Main$Pair:177,y
FR,context=Main:1,move
VW,context=Main:1#run:1,nty=2
FR,context=Main$Pair:177,x
FR,context=Main:1,move
VW,context=Main:1#run:1,ntx=3
FR,context=Main$Pair:177,dy
FR,context=Main:1,move
VW,context=Main:1#run:1,nky=2
FR,context=Main$Pair:177,dx
FR,context=Main:1,move
VW,context=Main:1#run:1,nkx=1
VW,context=Main:1#run:1,mem=boolean[][][][]:2
NO,object=Main$Pair:178
MC,caller=Main:1#run:1,target=Main$Pair:178#Main$Pair:119
VW,context=Main$Pair:178#Main$Pair:119,y=2
VW,context=Main$Pair:178#Main$Pair:119,x=3
FW,context=Main$Pair:178,y=2
FW,context=Main$Pair:178,x=3
ME,returner=Main$Pair:178#Main$Pair:119,value=<void>
NO,object=Main$Pair:179
MC,caller=Main:1#run:1,target=Main$Pair:179#Main$Pair:120
VW,context=Main$Pair:179#Main$Pair:120,y=2
VW,context=Main$Pair:179#Main$Pair:120,x=1
FW,context=Main$Pair:179,y=2
FW,context=Main$Pair:179,x=1
ME,returner=Main$Pair:179#Main$Pair:120,value=<void>
MC,caller=Main:1#run:1,target=Main:1#dist:60
VW,context=Main:1#dist:60,b=Main$Pair:179
VW,context=Main:1#dist:60,a=Main$Pair:178
FR,context=Main$Pair:178,x
FR,context=Main$Pair:179,x
FR,context=Main$Pair:178,y
FR,context=Main$Pair:179,y
VW,context=Main:1#dist:60,result=2
ME,returner=Main:1#dist:60,value=2
VW,context=Main:1#run:1,newdis=2
FR,context=Main$Pair:177,cost
FR,context=Main$Pair:177,cost
NO,object=Main$Pair:180
MC,caller=Main:1#run:1,target=Main$Pair:180#Main$Pair:60
VW,context=Main$Pair:180#Main$Pair:60,y=2
VW,context=Main$Pair:180#Main$Pair:60,x=3
VW,context=Main$Pair:180#Main$Pair:60,cost=2
VW,context=Main$Pair:180#Main$Pair:60,md=4
VW,context=Main$Pair:180#Main$Pair:60,dy=2
VW,context=Main$Pair:180#Main$Pair:60,dx=1
FW,context=Main$Pair:180,y=2
FW,context=Main$Pair:180,x=3
FW,context=Main$Pair:180,dy=2
FW,context=Main$Pair:180,dx=1
FW,context=Main$Pair:180,cost=2
FW,context=Main$Pair:180,md=4
ME,returner=Main$Pair:180#Main$Pair:60,value=<void>
VW,context=Main:1#run:1,i=1
VD,method=Main:1#run:1 <name=nty,type=int (id=7),value=<?>,index=18>
VD,method=Main:1#run:1 <name=ntx,type=int (id=7),value=<?>,index=19>
VD,method=Main:1#run:1 <name=nky,type=int (id=7),value=<?>,index=20>
VD,method=Main:1#run:1 <name=nkx,type=int (id=7),value=<?>,index=21>
VD,method=Main:1#run:1 <name=newdis,type=int (id=7),value=<?>,index=22>
FR,context=Main$Pair:177,y
FR,context=Main:1,move
VW,context=Main:1#run:1,nty=3
FR,context=Main$Pair:177,x
FR,context=Main:1,move
VW,context=Main:1#run:1,ntx=2
FR,context=Main$Pair:177,dy
FR,context=Main:1,move
VW,context=Main:1#run:1,nky=1
FR,context=Main$Pair:177,dx
FR,context=Main:1,move
VW,context=Main:1#run:1,nkx=2
VW,context=Main:1#run:1,mem=boolean[][][][]:2
NO,object=Main$Pair:181
MC,caller=Main:1#run:1,target=Main$Pair:181#Main$Pair:121
VW,context=Main$Pair:181#Main$Pair:121,y=3
VW,context=Main$Pair:181#Main$Pair:121,x=2
FW,context=Main$Pair:181,y=3
FW,context=Main$Pair:181,x=2
ME,returner=Main$Pair:181#Main$Pair:121,value=<void>
NO,object=Main$Pair:182
MC,caller=Main:1#run:1,target=Main$Pair:182#Main$Pair:122
VW,context=Main$Pair:182#Main$Pair:122,y=1
VW,context=Main$Pair:182#Main$Pair:122,x=2
FW,context=Main$Pair:182,y=1
FW,context=Main$Pair:182,x=2
ME,returner=Main$Pair:182#Main$Pair:122,value=<void>
MC,caller=Main:1#run:1,target=Main:1#dist:61
VW,context=Main:1#dist:61,b=Main$Pair:182
VW,context=Main:1#dist:61,a=Main$Pair:181
FR,context=Main$Pair:181,x
FR,context=Main$Pair:182,x
FR,context=Main$Pair:181,y
FR,context=Main$Pair:182,y
VW,context=Main:1#dist:61,result=2
ME,returner=Main:1#dist:61,value=2
VW,context=Main:1#run:1,newdis=2
FR,context=Main$Pair:177,cost
FR,context=Main$Pair:177,cost
NO,object=Main$Pair:183
MC,caller=Main:1#run:1,target=Main$Pair:183#Main$Pair:61
VW,context=Main$Pair:183#Main$Pair:61,y=3
VW,context=Main$Pair:183#Main$Pair:61,x=2
VW,context=Main$Pair:183#Main$Pair:61,cost=2
VW,context=Main$Pair:183#Main$Pair:61,md=4
VW,context=Main$Pair:183#Main$Pair:61,dy=1
VW,context=Main$Pair:183#Main$Pair:61,dx=2
FW,context=Main$Pair:183,y=3
FW,context=Main$Pair:183,x=2
FW,context=Main$Pair:183,dy=1
FW,context=Main$Pair:183,dx=2
FW,context=Main$Pair:183,cost=2
FW,context=Main$Pair:183,md=4
ME,returner=Main$Pair:183#Main$Pair:61,value=<void>
VW,context=Main:1#run:1,i=2
VD,method=Main:1#run:1 <name=nty,type=int (id=7),value=<?>,index=18>
VD,method=Main:1#run:1 <name=ntx,type=int (id=7),value=<?>,index=19>
VD,method=Main:1#run:1 <name=nky,type=int (id=7),value=<?>,index=20>
VD,method=Main:1#run:1 <name=nkx,type=int (id=7),value=<?>,index=21>
VD,method=Main:1#run:1 <name=newdis,type=int (id=7),value=<?>,index=22>
FR,context=Main$Pair:177,y
FR,context=Main:1,move
VW,context=Main:1#run:1,nty=4
FR,context=Main$Pair:177,x
FR,context=Main:1,move
VW,context=Main:1#run:1,ntx=3
FR,context=Main$Pair:177,dy
FR,context=Main:1,move
VW,context=Main:1#run:1,nky=0
FR,context=Main$Pair:177,dx
FR,context=Main:1,move
VW,context=Main:1#run:1,nkx=1
FR,context=Main$Pair:177,y
VW,context=Main:1#run:1,nty=3
FR,context=Main$Pair:177,x
VW,context=Main:1#run:1,ntx=3
FR,context=Main$Pair:177,dy
VW,context=Main:1#run:1,nky=1
FR,context=Main$Pair:177,dx
VW,context=Main:1#run:1,nkx=1
VW,context=Main:1#run:1,i=3
VD,method=Main:1#run:1 <name=nty,type=int (id=7),value=<?>,index=18>
VD,method=Main:1#run:1 <name=ntx,type=int (id=7),value=<?>,index=19>
VD,method=Main:1#run:1 <name=nky,type=int (id=7),value=<?>,index=20>
VD,method=Main:1#run:1 <name=nkx,type=int (id=7),value=<?>,index=21>
FR,context=Main$Pair:177,y
FR,context=Main:1,move
VW,context=Main:1#run:1,nty=3
FR,context=Main$Pair:177,x
FR,context=Main:1,move
VW,context=Main:1#run:1,ntx=4
FR,context=Main$Pair:177,dy
FR,context=Main:1,move
VW,context=Main:1#run:1,nky=1
FR,context=Main$Pair:177,dx
FR,context=Main:1,move
VW,context=Main:1#run:1,nkx=0
FR,context=Main$Pair:177,y
VW,context=Main:1#run:1,nty=3
FR,context=Main$Pair:177,x
VW,context=Main:1#run:1,ntx=3
FR,context=Main$Pair:177,dy
VW,context=Main:1#run:1,nky=1
FR,context=Main$Pair:177,dx
VW,context=Main:1#run:1,nkx=1
VD,method=Main:1#run:1 <name=nty,type=int (id=7),value=<?>,index=18>
VD,method=Main:1#run:1 <name=ntx,type=int (id=7),value=<?>,index=19>
VD,method=Main:1#run:1 <name=nky,type=int (id=7),value=<?>,index=20>
VD,method=Main:1#run:1 <name=nkx,type=int (id=7),value=<?>,index=21>
VD,method=Main:1#run:1 <name=pair,type=Main$Pair (id=90),value=<?>,index=16>
VD,method=Main:1#run:1 <name=i,type=int (id=7),value=<?>,index=17>
VW,context=Main:1#run:1,pair=Main$Pair:180
FR,context=Main$Pair:180,y
FR,context=Main$Pair:180,dy
FR,context=Main$Pair:180,x
FR,context=Main$Pair:180,dx
VW,context=Main:1#run:1,i=0
FR,context=Main$Pair:180,y
FR,context=Main:1,move
VW,context=Main:1#run:1,nty=1
FR,context=Main$Pair:180,x
FR,context=Main:1,move
VW,context=Main:1#run:1,ntx=3
FR,context=Main$Pair:180,dy
FR,context=Main:1,move
VW,context=Main:1#run:1,nky=3
FR,context=Main$Pair:180,dx
FR,context=Main:1,move
VW,context=Main:1#run:1,nkx=1
VW,context=Main:1#run:1,mem=boolean[][][][]:2
NO,object=Main$Pair:184
MC,caller=Main:1#run:1,target=Main$Pair:184#Main$Pair:123
VW,context=Main$Pair:184#Main$Pair:123,y=1
VW,context=Main$Pair:184#Main$Pair:123,x=3
FW,context=Main$Pair:184,y=1
FW,context=Main$Pair:184,x=3
ME,returner=Main$Pair:184#Main$Pair:123,value=<void>
NO,object=Main$Pair:185
MC,caller=Main:1#run:1,target=Main$Pair:185#Main$Pair:124
VW,context=Main$Pair:185#Main$Pair:124,y=3
VW,context=Main$Pair:185#Main$Pair:124,x=1
FW,context=Main$Pair:185,y=3
FW,context=Main$Pair:185,x=1
ME,returner=Main$Pair:185#Main$Pair:124,value=<void>
MC,caller=Main:1#run:1,target=Main:1#dist:62
VW,context=Main:1#dist:62,b=Main$Pair:185
VW,context=Main:1#dist:62,a=Main$Pair:184
FR,context=Main$Pair:184,x
FR,context=Main$Pair:185,x
FR,context=Main$Pair:184,y
FR,context=Main$Pair:185,y
VW,context=Main:1#dist:62,result=4
ME,returner=Main:1#dist:62,value=4
VW,context=Main:1#run:1,newdis=4
FR,context=Main$Pair:180,cost
FR,context=Main$Pair:180,cost
NO,object=Main$Pair:186
MC,caller=Main:1#run:1,target=Main$Pair:186#Main$Pair:62
VW,context=Main$Pair:186#Main$Pair:62,y=1
VW,context=Main$Pair:186#Main$Pair:62,x=3
VW,context=Main$Pair:186#Main$Pair:62,cost=4
VW,context=Main$Pair:186#Main$Pair:62,md=8
VW,context=Main$Pair:186#Main$Pair:62,dy=3
VW,context=Main$Pair:186#Main$Pair:62,dx=1
FW,context=Main$Pair:186,y=1
FW,context=Main$Pair:186,x=3
FW,context=Main$Pair:186,dy=3
FW,context=Main$Pair:186,dx=1
FW,context=Main$Pair:186,cost=4
FW,context=Main$Pair:186,md=8
ME,returner=Main$Pair:186#Main$Pair:62,value=<void>
VW,context=Main:1#run:1,i=1
VD,method=Main:1#run:1 <name=nty,type=int (id=7),value=<?>,index=18>
VD,method=Main:1#run:1 <name=ntx,type=int (id=7),value=<?>,index=19>
VD,method=Main:1#run:1 <name=nky,type=int (id=7),value=<?>,index=20>
VD,method=Main:1#run:1 <name=nkx,type=int (id=7),value=<?>,index=21>
VD,method=Main:1#run:1 <name=newdis,type=int (id=7),value=<?>,index=22>
FR,context=Main$Pair:180,y
FR,context=Main:1,move
VW,context=Main:1#run:1,nty=2
FR,context=Main$Pair:180,x
FR,context=Main:1,move
VW,context=Main:1#run:1,ntx=2
FR,context=Main$Pair:180,dy
FR,context=Main:1,move
VW,context=Main:1#run:1,nky=2
FR,context=Main$Pair:180,dx
FR,context=Main:1,move
VW,context=Main:1#run:1,nkx=2
FR,context=Main$Pair:180,y
VW,context=Main:1#run:1,nty=2
FR,context=Main$Pair:180,x
VW,context=Main:1#run:1,ntx=3
FR,context=Main$Pair:180,dy
VW,context=Main:1#run:1,nky=2
FR,context=Main$Pair:180,dx
VW,context=Main:1#run:1,nkx=1
VW,context=Main:1#run:1,i=2
VD,method=Main:1#run:1 <name=nty,type=int (id=7),value=<?>,index=18>
VD,method=Main:1#run:1 <name=ntx,type=int (id=7),value=<?>,index=19>
VD,method=Main:1#run:1 <name=nky,type=int (id=7),value=<?>,index=20>
VD,method=Main:1#run:1 <name=nkx,type=int (id=7),value=<?>,index=21>
FR,context=Main$Pair:180,y
FR,context=Main:1,move
VW,context=Main:1#run:1,nty=3
FR,context=Main$Pair:180,x
FR,context=Main:1,move
VW,context=Main:1#run:1,ntx=3
FR,context=Main$Pair:180,dy
FR,context=Main:1,move
VW,context=Main:1#run:1,nky=1
FR,context=Main$Pair:180,dx
FR,context=Main:1,move
VW,context=Main:1#run:1,nkx=1
VW,context=Main:1#run:1,i=3
VD,method=Main:1#run:1 <name=nty,type=int (id=7),value=<?>,index=18>
VD,method=Main:1#run:1 <name=ntx,type=int (id=7),value=<?>,index=19>
VD,method=Main:1#run:1 <name=nky,type=int (id=7),value=<?>,index=20>
VD,method=Main:1#run:1 <name=nkx,type=int (id=7),value=<?>,index=21>
FR,context=Main$Pair:180,y
FR,context=Main:1,move
VW,context=Main:1#run:1,nty=2
FR,context=Main$Pair:180,x
FR,context=Main:1,move
VW,context=Main:1#run:1,ntx=4
FR,context=Main$Pair:180,dy
FR,context=Main:1,move
VW,context=Main:1#run:1,nky=2
FR,context=Main$Pair:180,dx
FR,context=Main:1,move
VW,context=Main:1#run:1,nkx=0
FR,context=Main$Pair:180,y
VW,context=Main:1#run:1,nty=2
FR,context=Main$Pair:180,x
VW,context=Main:1#run:1,ntx=3
FR,context=Main$Pair:180,dy
VW,context=Main:1#run:1,nky=2
FR,context=Main$Pair:180,dx
VW,context=Main:1#run:1,nkx=1
VD,method=Main:1#run:1 <name=nty,type=int (id=7),value=<?>,index=18>
VD,method=Main:1#run:1 <name=ntx,type=int (id=7),value=<?>,index=19>
VD,method=Main:1#run:1 <name=nky,type=int (id=7),value=<?>,index=20>
VD,method=Main:1#run:1 <name=nkx,type=int (id=7),value=<?>,index=21>
VD,method=Main:1#run:1 <name=pair,type=Main$Pair (id=90),value=<?>,index=16>
VD,method=Main:1#run:1 <name=i,type=int (id=7),value=<?>,index=17>
VW,context=Main:1#run:1,pair=Main$Pair:183
FR,context=Main$Pair:183,y
FR,context=Main$Pair:183,dy
VW,context=Main:1#run:1,i=0
FR,context=Main$Pair:183,y
FR,context=Main:1,move
VW,context=Main:1#run:1,nty=2
FR,context=Main$Pair:183,x
FR,context=Main:1,move
VW,context=Main:1#run:1,ntx=2
FR,context=Main$Pair:183,dy
FR,context=Main:1,move
VW,context=Main:1#run:1,nky=2
FR,context=Main$Pair:183,dx
FR,context=Main:1,move
VW,context=Main:1#run:1,nkx=2
FR,context=Main$Pair:183,y
VW,context=Main:1#run:1,nty=3
FR,context=Main$Pair:183,x
VW,context=Main:1#run:1,ntx=2
FR,context=Main$Pair:183,dy
VW,context=Main:1#run:1,nky=1
FR,context=Main$Pair:183,dx
VW,context=Main:1#run:1,nkx=2
VW,context=Main:1#run:1,i=1
VD,method=Main:1#run:1 <name=nty,type=int (id=7),value=<?>,index=18>
VD,method=Main:1#run:1 <name=ntx,type=int (id=7),value=<?>,index=19>
VD,method=Main:1#run:1 <name=nky,type=int (id=7),value=<?>,index=20>
VD,method=Main:1#run:1 <name=nkx,type=int (id=7),value=<?>,index=21>
FR,context=Main$Pair:183,y
FR,context=Main:1,move
VW,context=Main:1#run:1,nty=3
FR,context=Main$Pair:183,x
FR,context=Main:1,move
VW,context=Main:1#run:1,ntx=1
FR,context=Main$Pair:183,dy
FR,context=Main:1,move
VW,context=Main:1#run:1,nky=1
FR,context=Main$Pair:183,dx
FR,context=Main:1,move
VW,context=Main:1#run:1,nkx=3
VW,context=Main:1#run:1,mem=boolean[][][][]:2
NO,object=Main$Pair:187
MC,caller=Main:1#run:1,target=Main$Pair:187#Main$Pair:125
VW,context=Main$Pair:187#Main$Pair:125,y=3
VW,context=Main$Pair:187#Main$Pair:125,x=1
FW,context=Main$Pair:187,y=3
FW,context=Main$Pair:187,x=1
ME,returner=Main$Pair:187#Main$Pair:125,value=<void>
NO,object=Main$Pair:188
MC,caller=Main:1#run:1,target=Main$Pair:188#Main$Pair:126
VW,context=Main$Pair:188#Main$Pair:126,y=1
VW,context=Main$Pair:188#Main$Pair:126,x=3
FW,context=Main$Pair:188,y=1
FW,context=Main$Pair:188,x=3
ME,returner=Main$Pair:188#Main$Pair:126,value=<void>
MC,caller=Main:1#run:1,target=Main:1#dist:63
VW,context=Main:1#dist:63,b=Main$Pair:188
VW,context=Main:1#dist:63,a=Main$Pair:187
FR,context=Main$Pair:187,x
FR,context=Main$Pair:188,x
FR,context=Main$Pair:187,y
FR,context=Main$Pair:188,y
VW,context=Main:1#dist:63,result=4
ME,returner=Main:1#dist:63,value=4
VW,context=Main:1#run:1,newdis=4
FR,context=Main$Pair:183,cost
FR,context=Main$Pair:183,cost
NO,object=Main$Pair:189
MC,caller=Main:1#run:1,target=Main$Pair:189#Main$Pair:63
VW,context=Main$Pair:189#Main$Pair:63,y=3
VW,context=Main$Pair:189#Main$Pair:63,x=1
VW,context=Main$Pair:189#Main$Pair:63,cost=4
VW,context=Main$Pair:189#Main$Pair:63,md=8
VW,context=Main$Pair:189#Main$Pair:63,dy=1
VW,context=Main$Pair:189#Main$Pair:63,dx=3
FW,context=Main$Pair:189,y=3
FW,context=Main$Pair:189,x=1
FW,context=Main$Pair:189,dy=1
FW,context=Main$Pair:189,dx=3
FW,context=Main$Pair:189,cost=4
FW,context=Main$Pair:189,md=8
ME,returner=Main$Pair:189#Main$Pair:63,value=<void>
VW,context=Main:1#run:1,i=2
VD,method=Main:1#run:1 <name=nty,type=int (id=7),value=<?>,index=18>
VD,method=Main:1#run:1 <name=ntx,type=int (id=7),value=<?>,index=19>
VD,method=Main:1#run:1 <name=nky,type=int (id=7),value=<?>,index=20>
VD,method=Main:1#run:1 <name=nkx,type=int (id=7),value=<?>,index=21>
VD,method=Main:1#run:1 <name=newdis,type=int (id=7),value=<?>,index=22>
FR,context=Main$Pair:183,y
FR,context=Main:1,move
VW,context=Main:1#run:1,nty=4
FR,context=Main$Pair:183,x
FR,context=Main:1,move
VW,context=Main:1#run:1,ntx=2
FR,context=Main$Pair:183,dy
FR,context=Main:1,move
VW,context=Main:1#run:1,nky=0
FR,context=Main$Pair:183,dx
FR,context=Main:1,move
VW,context=Main:1#run:1,nkx=2
FR,context=Main$Pair:183,y
VW,context=Main:1#run:1,nty=3
FR,context=Main$Pair:183,x
VW,context=Main:1#run:1,ntx=2
FR,context=Main$Pair:183,dy
VW,context=Main:1#run:1,nky=1
FR,context=Main$Pair:183,dx
VW,context=Main:1#run:1,nkx=2
VW,context=Main:1#run:1,i=3
VD,method=Main:1#run:1 <name=nty,type=int (id=7),value=<?>,index=18>
VD,method=Main:1#run:1 <name=ntx,type=int (id=7),value=<?>,index=19>
VD,method=Main:1#run:1 <name=nky,type=int (id=7),value=<?>,index=20>
VD,method=Main:1#run:1 <name=nkx,type=int (id=7),value=<?>,index=21>
FR,context=Main$Pair:183,y
FR,context=Main:1,move
VW,context=Main:1#run:1,nty=3
FR,context=Main$Pair:183,x
FR,context=Main:1,move
VW,context=Main:1#run:1,ntx=3
FR,context=Main$Pair:183,dy
FR,context=Main:1,move
VW,context=Main:1#run:1,nky=1
FR,context=Main$Pair:183,dx
FR,context=Main:1,move
VW,context=Main:1#run:1,nkx=1
VD,method=Main:1#run:1 <name=nty,type=int (id=7),value=<?>,index=18>
VD,method=Main:1#run:1 <name=ntx,type=int (id=7),value=<?>,index=19>
VD,method=Main:1#run:1 <name=nky,type=int (id=7),value=<?>,index=20>
VD,method=Main:1#run:1 <name=nkx,type=int (id=7),value=<?>,index=21>
VD,method=Main:1#run:1 <name=pair,type=Main$Pair (id=90),value=<?>,index=16>
VD,method=Main:1#run:1 <name=i,type=int (id=7),value=<?>,index=17>
VW,context=Main:1#run:1,pair=Main$Pair:186
FR,context=Main$Pair:186,y
FR,context=Main$Pair:186,dy
VW,context=Main:1#run:1,i=0
FR,context=Main$Pair:186,y
FR,context=Main:1,move
VW,context=Main:1#run:1,nty=0
FR,context=Main$Pair:186,x
FR,context=Main:1,move
VW,context=Main:1#run:1,ntx=3
FR,context=Main$Pair:186,dy
FR,context=Main:1,move
VW,context=Main:1#run:1,nky=4
FR,context=Main$Pair:186,dx
FR,context=Main:1,move
VW,context=Main:1#run:1,nkx=1
FR,context=Main$Pair:186,y
VW,context=Main:1#run:1,nty=1
FR,context=Main$Pair:186,x
VW,context=Main:1#run:1,ntx=3
FR,context=Main$Pair:186,dy
VW,context=Main:1#run:1,nky=3
FR,context=Main$Pair:186,dx
VW,context=Main:1#run:1,nkx=1
VW,context=Main:1#run:1,i=1
VD,method=Main:1#run:1 <name=nty,type=int (id=7),value=<?>,index=18>
VD,method=Main:1#run:1 <name=ntx,type=int (id=7),value=<?>,index=19>
VD,method=Main:1#run:1 <name=nky,type=int (id=7),value=<?>,index=20>
VD,method=Main:1#run:1 <name=nkx,type=int (id=7),value=<?>,index=21>
FR,context=Main$Pair:186,y
FR,context=Main:1,move
VW,context=Main:1#run:1,nty=1
FR,context=Main$Pair:186,x
FR,context=Main:1,move
VW,context=Main:1#run:1,ntx=2
FR,context=Main$Pair:186,dy
FR,context=Main:1,move
VW,context=Main:1#run:1,nky=3
FR,context=Main$Pair:186,dx
FR,context=Main:1,move
VW,context=Main:1#run:1,nkx=2
VW,context=Main:1#run:1,mem=boolean[][][][]:2
NO,object=Main$Pair:190
MC,caller=Main:1#run:1,target=Main$Pair:190#Main$Pair:127
VW,context=Main$Pair:190#Main$Pair:127,y=1
VW,context=Main$Pair:190#Main$Pair:127,x=2
FW,context=Main$Pair:190,y=1
FW,context=Main$Pair:190,x=2
ME,returner=Main$Pair:190#Main$Pair:127,value=<void>
NO,object=Main$Pair:191
MC,caller=Main:1#run:1,target=Main$Pair:191#Main$Pair:128
VW,context=Main$Pair:191#Main$Pair:128,y=3
VW,context=Main$Pair:191#Main$Pair:128,x=2
FW,context=Main$Pair:191,y=3
FW,context=Main$Pair:191,x=2
ME,returner=Main$Pair:191#Main$Pair:128,value=<void>
MC,caller=Main:1#run:1,target=Main:1#dist:64
VW,context=Main:1#dist:64,b=Main$Pair:191
VW,context=Main:1#dist:64,a=Main$Pair:190
FR,context=Main$Pair:190,x
FR,context=Main$Pair:191,x
FR,context=Main$Pair:190,y
FR,context=Main$Pair:191,y
VW,context=Main:1#dist:64,result=2
ME,returner=Main:1#dist:64,value=2
VW,context=Main:1#run:1,newdis=2
FR,context=Main$Pair:186,cost
FR,context=Main$Pair:186,cost
NO,object=Main$Pair:192
MC,caller=Main:1#run:1,target=Main$Pair:192#Main$Pair:64
VW,context=Main$Pair:192#Main$Pair:64,y=1
VW,context=Main$Pair:192#Main$Pair:64,x=2
VW,context=Main$Pair:192#Main$Pair:64,cost=6
VW,context=Main$Pair:192#Main$Pair:64,md=8
VW,context=Main$Pair:192#Main$Pair:64,dy=3
VW,context=Main$Pair:192#Main$Pair:64,dx=2
FW,context=Main$Pair:192,y=1
FW,context=Main$Pair:192,x=2
FW,context=Main$Pair:192,dy=3
FW,context=Main$Pair:192,dx=2
FW,context=Main$Pair:192,cost=6
FW,context=Main$Pair:192,md=8
ME,returner=Main$Pair:192#Main$Pair:64,value=<void>
VW,context=Main:1#run:1,i=2
VD,method=Main:1#run:1 <name=nty,type=int (id=7),value=<?>,index=18>
VD,method=Main:1#run:1 <name=ntx,type=int (id=7),value=<?>,index=19>
VD,method=Main:1#run:1 <name=nky,type=int (id=7),value=<?>,index=20>
VD,method=Main:1#run:1 <name=nkx,type=int (id=7),value=<?>,index=21>
VD,method=Main:1#run:1 <name=newdis,type=int (id=7),value=<?>,index=22>
FR,context=Main$Pair:186,y
FR,context=Main:1,move
VW,context=Main:1#run:1,nty=2
FR,context=Main$Pair:186,x
FR,context=Main:1,move
VW,context=Main:1#run:1,ntx=3
FR,context=Main$Pair:186,dy
FR,context=Main:1,move
VW,context=Main:1#run:1,nky=2
FR,context=Main$Pair:186,dx
FR,context=Main:1,move
VW,context=Main:1#run:1,nkx=1
VW,context=Main:1#run:1,i=3
VD,method=Main:1#run:1 <name=nty,type=int (id=7),value=<?>,index=18>
VD,method=Main:1#run:1 <name=ntx,type=int (id=7),value=<?>,index=19>
VD,method=Main:1#run:1 <name=nky,type=int (id=7),value=<?>,index=20>
VD,method=Main:1#run:1 <name=nkx,type=int (id=7),value=<?>,index=21>
FR,context=Main$Pair:186,y
FR,context=Main:1,move
VW,context=Main:1#run:1,nty=1
FR,context=Main$Pair:186,x
FR,context=Main:1,move
VW,context=Main:1#run:1,ntx=4
FR,context=Main$Pair:186,dy
FR,context=Main:1,move
VW,context=Main:1#run:1,nky=3
FR,context=Main$Pair:186,dx
FR,context=Main:1,move
VW,context=Main:1#run:1,nkx=0
FR,context=Main$Pair:186,y
VW,context=Main:1#run:1,nty=1
FR,context=Main$Pair:186,x
VW,context=Main:1#run:1,ntx=3
FR,context=Main$Pair:186,dy
VW,context=Main:1#run:1,nky=3
FR,context=Main$Pair:186,dx
VW,context=Main:1#run:1,nkx=1
VD,method=Main:1#run:1 <name=nty,type=int (id=7),value=<?>,index=18>
VD,method=Main:1#run:1 <name=ntx,type=int (id=7),value=<?>,index=19>
VD,method=Main:1#run:1 <name=nky,type=int (id=7),value=<?>,index=20>
VD,method=Main:1#run:1 <name=nkx,type=int (id=7),value=<?>,index=21>
VD,method=Main:1#run:1 <name=pair,type=Main$Pair (id=90),value=<?>,index=16>
VD,method=Main:1#run:1 <name=i,type=int (id=7),value=<?>,index=17>
VW,context=Main:1#run:1,pair=Main$Pair:189
FR,context=Main$Pair:189,y
FR,context=Main$Pair:189,dy
VW,context=Main:1#run:1,i=0
FR,context=Main$Pair:189,y
FR,context=Main:1,move
VW,context=Main:1#run:1,nty=2
FR,context=Main$Pair:189,x
FR,context=Main:1,move
VW,context=Main:1#run:1,ntx=1
FR,context=Main$Pair:189,dy
FR,context=Main:1,move
VW,context=Main:1#run:1,nky=2
FR,context=Main$Pair:189,dx
FR,context=Main:1,move
VW,context=Main:1#run:1,nkx=3
VW,context=Main:1#run:1,mem=boolean[][][][]:2
NO,object=Main$Pair:193
MC,caller=Main:1#run:1,target=Main$Pair:193#Main$Pair:129
VW,context=Main$Pair:193#Main$Pair:129,y=2
VW,context=Main$Pair:193#Main$Pair:129,x=1
FW,context=Main$Pair:193,y=2
FW,context=Main$Pair:193,x=1
ME,returner=Main$Pair:193#Main$Pair:129,value=<void>
NO,object=Main$Pair:194
MC,caller=Main:1#run:1,target=Main$Pair:194#Main$Pair:130
VW,context=Main$Pair:194#Main$Pair:130,y=2
VW,context=Main$Pair:194#Main$Pair:130,x=3
FW,context=Main$Pair:194,y=2
FW,context=Main$Pair:194,x=3
ME,returner=Main$Pair:194#Main$Pair:130,value=<void>
MC,caller=Main:1#run:1,target=Main:1#dist:65
VW,context=Main:1#dist:65,b=Main$Pair:194
VW,context=Main:1#dist:65,a=Main$Pair:193
FR,context=Main$Pair:193,x
FR,context=Main$Pair:194,x
FR,context=Main$Pair:193,y
FR,context=Main$Pair:194,y
VW,context=Main:1#dist:65,result=2
ME,returner=Main:1#dist:65,value=2
VW,context=Main:1#run:1,newdis=2
FR,context=Main$Pair:189,cost
FR,context=Main$Pair:189,cost
NO,object=Main$Pair:195
MC,caller=Main:1#run:1,target=Main$Pair:195#Main$Pair:65
VW,context=Main$Pair:195#Main$Pair:65,y=2
VW,context=Main$Pair:195#Main$Pair:65,x=1
VW,context=Main$Pair:195#Main$Pair:65,cost=6
VW,context=Main$Pair:195#Main$Pair:65,md=8
VW,context=Main$Pair:195#Main$Pair:65,dy=2
VW,context=Main$Pair:195#Main$Pair:65,dx=3
FW,context=Main$Pair:195,y=2
FW,context=Main$Pair:195,x=1
FW,context=Main$Pair:195,dy=2
FW,context=Main$Pair:195,dx=3
FW,context=Main$Pair:195,cost=6
FW,context=Main$Pair:195,md=8
ME,returner=Main$Pair:195#Main$Pair:65,value=<void>
VW,context=Main:1#run:1,i=1
VD,method=Main:1#run:1 <name=nty,type=int (id=7),value=<?>,index=18>
VD,method=Main:1#run:1 <name=ntx,type=int (id=7),value=<?>,index=19>
VD,method=Main:1#run:1 <name=nky,type=int (id=7),value=<?>,index=20>
VD,method=Main:1#run:1 <name=nkx,type=int (id=7),value=<?>,index=21>
VD,method=Main:1#run:1 <name=newdis,type=int (id=7),value=<?>,index=22>
FR,context=Main$Pair:189,y
FR,context=Main:1,move
VW,context=Main:1#run:1,nty=3
FR,context=Main$Pair:189,x
FR,context=Main:1,move
VW,context=Main:1#run:1,ntx=0
FR,context=Main$Pair:189,dy
FR,context=Main:1,move
VW,context=Main:1#run:1,nky=1
FR,context=Main$Pair:189,dx
FR,context=Main:1,move
VW,context=Main:1#run:1,nkx=4
FR,context=Main$Pair:189,y
VW,context=Main:1#run:1,nty=3
FR,context=Main$Pair:189,x
VW,context=Main:1#run:1,ntx=1
FR,context=Main$Pair:189,dy
VW,context=Main:1#run:1,nky=1
FR,context=Main$Pair:189,dx
VW,context=Main:1#run:1,nkx=3
VW,context=Main:1#run:1,i=2
VD,method=Main:1#run:1 <name=nty,type=int (id=7),value=<?>,index=18>
VD,method=Main:1#run:1 <name=ntx,type=int (id=7),value=<?>,index=19>
VD,method=Main:1#run:1 <name=nky,type=int (id=7),value=<?>,index=20>
VD,method=Main:1#run:1 <name=nkx,type=int (id=7),value=<?>,index=21>
FR,context=Main$Pair:189,y
FR,context=Main:1,move
VW,context=Main:1#run:1,nty=4
FR,context=Main$Pair:189,x
FR,context=Main:1,move
VW,context=Main:1#run:1,ntx=1
FR,context=Main$Pair:189,dy
FR,context=Main:1,move
VW,context=Main:1#run:1,nky=0
FR,context=Main$Pair:189,dx
FR,context=Main:1,move
VW,context=Main:1#run:1,nkx=3
FR,context=Main$Pair:189,y
VW,context=Main:1#run:1,nty=3
FR,context=Main$Pair:189,x
VW,context=Main:1#run:1,ntx=1
FR,context=Main$Pair:189,dy
VW,context=Main:1#run:1,nky=1
FR,context=Main$Pair:189,dx
VW,context=Main:1#run:1,nkx=3
VW,context=Main:1#run:1,i=3
VD,method=Main:1#run:1 <name=nty,type=int (id=7),value=<?>,index=18>
VD,method=Main:1#run:1 <name=ntx,type=int (id=7),value=<?>,index=19>
VD,method=Main:1#run:1 <name=nky,type=int (id=7),value=<?>,index=20>
VD,method=Main:1#run:1 <name=nkx,type=int (id=7),value=<?>,index=21>
FR,context=Main$Pair:189,y
FR,context=Main:1,move
VW,context=Main:1#run:1,nty=3
FR,context=Main$Pair:189,x
FR,context=Main:1,move
VW,context=Main:1#run:1,ntx=2
FR,context=Main$Pair:189,dy
FR,context=Main:1,move
VW,context=Main:1#run:1,nky=1
FR,context=Main$Pair:189,dx
FR,context=Main:1,move
VW,context=Main:1#run:1,nkx=2
VD,method=Main:1#run:1 <name=nty,type=int (id=7),value=<?>,index=18>
VD,method=Main:1#run:1 <name=ntx,type=int (id=7),value=<?>,index=19>
VD,method=Main:1#run:1 <name=nky,type=int (id=7),value=<?>,index=20>
VD,method=Main:1#run:1 <name=nkx,type=int (id=7),value=<?>,index=21>
VD,method=Main:1#run:1 <name=pair,type=Main$Pair (id=90),value=<?>,index=16>
VD,method=Main:1#run:1 <name=i,type=int (id=7),value=<?>,index=17>
VW,context=Main:1#run:1,pair=Main$Pair:192
FR,context=Main$Pair:192,y
FR,context=Main$Pair:192,dy
VW,context=Main:1#run:1,i=0
FR,context=Main$Pair:192,y
FR,context=Main:1,move
VW,context=Main:1#run:1,nty=0
FR,context=Main$Pair:192,x
FR,context=Main:1,move
VW,context=Main:1#run:1,ntx=2
FR,context=Main$Pair:192,dy
FR,context=Main:1,move
VW,context=Main:1#run:1,nky=4
FR,context=Main$Pair:192,dx
FR,context=Main:1,move
VW,context=Main:1#run:1,nkx=2
FR,context=Main$Pair:192,y
VW,context=Main:1#run:1,nty=1
FR,context=Main$Pair:192,x
VW,context=Main:1#run:1,ntx=2
FR,context=Main$Pair:192,dy
VW,context=Main:1#run:1,nky=3
FR,context=Main$Pair:192,dx
VW,context=Main:1#run:1,nkx=2
VW,context=Main:1#run:1,i=1
VD,method=Main:1#run:1 <name=nty,type=int (id=7),value=<?>,index=18>
VD,method=Main:1#run:1 <name=ntx,type=int (id=7),value=<?>,index=19>
VD,method=Main:1#run:1 <name=nky,type=int (id=7),value=<?>,index=20>
VD,method=Main:1#run:1 <name=nkx,type=int (id=7),value=<?>,index=21>
FR,context=Main$Pair:192,y
FR,context=Main:1,move
VW,context=Main:1#run:1,nty=1
FR,context=Main$Pair:192,x
FR,context=Main:1,move
VW,context=Main:1#run:1,ntx=1
FR,context=Main$Pair:192,dy
FR,context=Main:1,move
VW,context=Main:1#run:1,nky=3
FR,context=Main$Pair:192,dx
FR,context=Main:1,move
VW,context=Main:1#run:1,nkx=3
VW,context=Main:1#run:1,mem=boolean[][][][]:2
NO,object=Main$Pair:196
MC,caller=Main:1#run:1,target=Main$Pair:196#Main$Pair:131
VW,context=Main$Pair:196#Main$Pair:131,y=1
VW,context=Main$Pair:196#Main$Pair:131,x=1
FW,context=Main$Pair:196,y=1
FW,context=Main$Pair:196,x=1
ME,returner=Main$Pair:196#Main$Pair:131,value=<void>
NO,object=Main$Pair:197
MC,caller=Main:1#run:1,target=Main$Pair:197#Main$Pair:132
VW,context=Main$Pair:197#Main$Pair:132,y=3
VW,context=Main$Pair:197#Main$Pair:132,x=3
FW,context=Main$Pair:197,y=3
FW,context=Main$Pair:197,x=3
ME,returner=Main$Pair:197#Main$Pair:132,value=<void>
MC,caller=Main:1#run:1,target=Main:1#dist:66
VW,context=Main:1#dist:66,b=Main$Pair:197
VW,context=Main:1#dist:66,a=Main$Pair:196
FR,context=Main$Pair:196,x
FR,context=Main$Pair:197,x
FR,context=Main$Pair:196,y
FR,context=Main$Pair:197,y
VW,context=Main:1#dist:66,result=4
ME,returner=Main:1#dist:66,value=4
VW,context=Main:1#run:1,newdis=4
FR,context=Main$Pair:192,cost
FR,context=Main$Pair:192,cost
NO,object=Main$Pair:198
MC,caller=Main:1#run:1,target=Main$Pair:198#Main$Pair:66
VW,context=Main$Pair:198#Main$Pair:66,y=1
VW,context=Main$Pair:198#Main$Pair:66,x=1
VW,context=Main$Pair:198#Main$Pair:66,cost=8
VW,context=Main$Pair:198#Main$Pair:66,md=12
VW,context=Main$Pair:198#Main$Pair:66,dy=3
VW,context=Main$Pair:198#Main$Pair:66,dx=3
FW,context=Main$Pair:198,y=1
FW,context=Main$Pair:198,x=1
FW,context=Main$Pair:198,dy=3
FW,context=Main$Pair:198,dx=3
FW,context=Main$Pair:198,cost=8
FW,context=Main$Pair:198,md=12
ME,returner=Main$Pair:198#Main$Pair:66,value=<void>
VW,context=Main:1#run:1,i=2
VD,method=Main:1#run:1 <name=nty,type=int (id=7),value=<?>,index=18>
VD,method=Main:1#run:1 <name=ntx,type=int (id=7),value=<?>,index=19>
VD,method=Main:1#run:1 <name=nky,type=int (id=7),value=<?>,index=20>
VD,method=Main:1#run:1 <name=nkx,type=int (id=7),value=<?>,index=21>
VD,method=Main:1#run:1 <name=newdis,type=int (id=7),value=<?>,index=22>
FR,context=Main$Pair:192,y
FR,context=Main:1,move
VW,context=Main:1#run:1,nty=2
FR,context=Main$Pair:192,x
FR,context=Main:1,move
VW,context=Main:1#run:1,ntx=2
FR,context=Main$Pair:192,dy
FR,context=Main:1,move
VW,context=Main:1#run:1,nky=2
FR,context=Main$Pair:192,dx
FR,context=Main:1,move
VW,context=Main:1#run:1,nkx=2
FR,context=Main$Pair:192,y
VW,context=Main:1#run:1,nty=1
FR,context=Main$Pair:192,x
VW,context=Main:1#run:1,ntx=2
FR,context=Main$Pair:192,dy
VW,context=Main:1#run:1,nky=3
FR,context=Main$Pair:192,dx
VW,context=Main:1#run:1,nkx=2
VW,context=Main:1#run:1,i=3
VD,method=Main:1#run:1 <name=nty,type=int (id=7),value=<?>,index=18>
VD,method=Main:1#run:1 <name=ntx,type=int (id=7),value=<?>,index=19>
VD,method=Main:1#run:1 <name=nky,type=int (id=7),value=<?>,index=20>
VD,method=Main:1#run:1 <name=nkx,type=int (id=7),value=<?>,index=21>
FR,context=Main$Pair:192,y
FR,context=Main:1,move
VW,context=Main:1#run:1,nty=1
FR,context=Main$Pair:192,x
FR,context=Main:1,move
VW,context=Main:1#run:1,ntx=3
FR,context=Main$Pair:192,dy
FR,context=Main:1,move
VW,context=Main:1#run:1,nky=3
FR,context=Main$Pair:192,dx
FR,context=Main:1,move
VW,context=Main:1#run:1,nkx=1
VD,method=Main:1#run:1 <name=nty,type=int (id=7),value=<?>,index=18>
VD,method=Main:1#run:1 <name=ntx,type=int (id=7),value=<?>,index=19>
VD,method=Main:1#run:1 <name=nky,type=int (id=7),value=<?>,index=20>
VD,method=Main:1#run:1 <name=nkx,type=int (id=7),value=<?>,index=21>
VD,method=Main:1#run:1 <name=pair,type=Main$Pair (id=90),value=<?>,index=16>
VD,method=Main:1#run:1 <name=i,type=int (id=7),value=<?>,index=17>
VW,context=Main:1#run:1,pair=Main$Pair:195
FR,context=Main$Pair:195,y
FR,context=Main$Pair:195,dy
FR,context=Main$Pair:195,x
FR,context=Main$Pair:195,dx
VW,context=Main:1#run:1,i=0
FR,context=Main$Pair:195,y
FR,context=Main:1,move
VW,context=Main:1#run:1,nty=1
FR,context=Main$Pair:195,x
FR,context=Main:1,move
VW,context=Main:1#run:1,ntx=1
FR,context=Main$Pair:195,dy
FR,context=Main:1,move
VW,context=Main:1#run:1,nky=3
FR,context=Main$Pair:195,dx
FR,context=Main:1,move
VW,context=Main:1#run:1,nkx=3
VW,context=Main:1#run:1,i=1
VD,method=Main:1#run:1 <name=nty,type=int (id=7),value=<?>,index=18>
VD,method=Main:1#run:1 <name=ntx,type=int (id=7),value=<?>,index=19>
VD,method=Main:1#run:1 <name=nky,type=int (id=7),value=<?>,index=20>
VD,method=Main:1#run:1 <name=nkx,type=int (id=7),value=<?>,index=21>
FR,context=Main$Pair:195,y
FR,context=Main:1,move
VW,context=Main:1#run:1,nty=2
FR,context=Main$Pair:195,x
FR,context=Main:1,move
VW,context=Main:1#run:1,ntx=0
FR,context=Main$Pair:195,dy
FR,context=Main:1,move
VW,context=Main:1#run:1,nky=2
FR,context=Main$Pair:195,dx
FR,context=Main:1,move
VW,context=Main:1#run:1,nkx=4
FR,context=Main$Pair:195,y
VW,context=Main:1#run:1,nty=2
FR,context=Main$Pair:195,x
VW,context=Main:1#run:1,ntx=1
FR,context=Main$Pair:195,dy
VW,context=Main:1#run:1,nky=2
FR,context=Main$Pair:195,dx
VW,context=Main:1#run:1,nkx=3
VW,context=Main:1#run:1,i=2
VD,method=Main:1#run:1 <name=nty,type=int (id=7),value=<?>,index=18>
VD,method=Main:1#run:1 <name=ntx,type=int (id=7),value=<?>,index=19>
VD,method=Main:1#run:1 <name=nky,type=int (id=7),value=<?>,index=20>
VD,method=Main:1#run:1 <name=nkx,type=int (id=7),value=<?>,index=21>
FR,context=Main$Pair:195,y
FR,context=Main:1,move
VW,context=Main:1#run:1,nty=3
FR,context=Main$Pair:195,x
FR,context=Main:1,move
VW,context=Main:1#run:1,ntx=1
FR,context=Main$Pair:195,dy
FR,context=Main:1,move
VW,context=Main:1#run:1,nky=1
FR,context=Main$Pair:195,dx
FR,context=Main:1,move
VW,context=Main:1#run:1,nkx=3
VW,context=Main:1#run:1,i=3
VD,method=Main:1#run:1 <name=nty,type=int (id=7),value=<?>,index=18>
VD,method=Main:1#run:1 <name=ntx,type=int (id=7),value=<?>,index=19>
VD,method=Main:1#run:1 <name=nky,type=int (id=7),value=<?>,index=20>
VD,method=Main:1#run:1 <name=nkx,type=int (id=7),value=<?>,index=21>
FR,context=Main$Pair:195,y
FR,context=Main:1,move
VW,context=Main:1#run:1,nty=2
FR,context=Main$Pair:195,x
FR,context=Main:1,move
VW,context=Main:1#run:1,ntx=2
FR,context=Main$Pair:195,dy
FR,context=Main:1,move
VW,context=Main:1#run:1,nky=2
FR,context=Main$Pair:195,dx
FR,context=Main:1,move
VW,context=Main:1#run:1,nkx=2
FR,context=Main$Pair:195,y
VW,context=Main:1#run:1,nty=2
FR,context=Main$Pair:195,x
VW,context=Main:1#run:1,ntx=1
FR,context=Main$Pair:195,dy
VW,context=Main:1#run:1,nky=2
FR,context=Main$Pair:195,dx
VW,context=Main:1#run:1,nkx=3
VD,method=Main:1#run:1 <name=nty,type=int (id=7),value=<?>,index=18>
VD,method=Main:1#run:1 <name=ntx,type=int (id=7),value=<?>,index=19>
VD,method=Main:1#run:1 <name=nky,type=int (id=7),value=<?>,index=20>
VD,method=Main:1#run:1 <name=nkx,type=int (id=7),value=<?>,index=21>
VD,method=Main:1#run:1 <name=pair,type=Main$Pair (id=90),value=<?>,index=16>
VD,method=Main:1#run:1 <name=i,type=int (id=7),value=<?>,index=17>
VW,context=Main:1#run:1,pair=Main$Pair:198
FR,context=Main$Pair:198,y
FR,context=Main$Pair:198,dy
VW,context=Main:1#run:1,i=0
FR,context=Main$Pair:198,y
FR,context=Main:1,move
VW,context=Main:1#run:1,nty=0
FR,context=Main$Pair:198,x
FR,context=Main:1,move
VW,context=Main:1#run:1,ntx=1
FR,context=Main$Pair:198,dy
FR,context=Main:1,move
VW,context=Main:1#run:1,nky=4
FR,context=Main$Pair:198,dx
FR,context=Main:1,move
VW,context=Main:1#run:1,nkx=3
FR,context=Main$Pair:198,y
VW,context=Main:1#run:1,nty=1
FR,context=Main$Pair:198,x
VW,context=Main:1#run:1,ntx=1
FR,context=Main$Pair:198,dy
VW,context=Main:1#run:1,nky=3
FR,context=Main$Pair:198,dx
VW,context=Main:1#run:1,nkx=3
VW,context=Main:1#run:1,i=1
VD,method=Main:1#run:1 <name=nty,type=int (id=7),value=<?>,index=18>
VD,method=Main:1#run:1 <name=ntx,type=int (id=7),value=<?>,index=19>
VD,method=Main:1#run:1 <name=nky,type=int (id=7),value=<?>,index=20>
VD,method=Main:1#run:1 <name=nkx,type=int (id=7),value=<?>,index=21>
FR,context=Main$Pair:198,y
FR,context=Main:1,move
VW,context=Main:1#run:1,nty=1
FR,context=Main$Pair:198,x
FR,context=Main:1,move
VW,context=Main:1#run:1,ntx=0
FR,context=Main$Pair:198,dy
FR,context=Main:1,move
VW,context=Main:1#run:1,nky=3
FR,context=Main$Pair:198,dx
FR,context=Main:1,move
VW,context=Main:1#run:1,nkx=4
FR,context=Main$Pair:198,y
VW,context=Main:1#run:1,nty=1
FR,context=Main$Pair:198,x
VW,context=Main:1#run:1,ntx=1
FR,context=Main$Pair:198,dy
VW,context=Main:1#run:1,nky=3
FR,context=Main$Pair:198,dx
VW,context=Main:1#run:1,nkx=3
VW,context=Main:1#run:1,i=2
VD,method=Main:1#run:1 <name=nty,type=int (id=7),value=<?>,index=18>
VD,method=Main:1#run:1 <name=ntx,type=int (id=7),value=<?>,index=19>
VD,method=Main:1#run:1 <name=nky,type=int (id=7),value=<?>,index=20>
VD,method=Main:1#run:1 <name=nkx,type=int (id=7),value=<?>,index=21>
FR,context=Main$Pair:198,y
FR,context=Main:1,move
VW,context=Main:1#run:1,nty=2
FR,context=Main$Pair:198,x
FR,context=Main:1,move
VW,context=Main:1#run:1,ntx=1
FR,context=Main$Pair:198,dy
FR,context=Main:1,move
VW,context=Main:1#run:1,nky=2
FR,context=Main$Pair:198,dx
FR,context=Main:1,move
VW,context=Main:1#run:1,nkx=3
VW,context=Main:1#run:1,i=3
VD,method=Main:1#run:1 <name=nty,type=int (id=7),value=<?>,index=18>
VD,method=Main:1#run:1 <name=ntx,type=int (id=7),value=<?>,index=19>
VD,method=Main:1#run:1 <name=nky,type=int (id=7),value=<?>,index=20>
VD,method=Main:1#run:1 <name=nkx,type=int (id=7),value=<?>,index=21>
FR,context=Main$Pair:198,y
FR,context=Main:1,move
VW,context=Main:1#run:1,nty=1
FR,context=Main$Pair:198,x
FR,context=Main:1,move
VW,context=Main:1#run:1,ntx=2
FR,context=Main$Pair:198,dy
FR,context=Main:1,move
VW,context=Main:1#run:1,nky=3
FR,context=Main$Pair:198,dx
FR,context=Main:1,move
VW,context=Main:1#run:1,nkx=2
VD,method=Main:1#run:1 <name=nty,type=int (id=7),value=<?>,index=18>
VD,method=Main:1#run:1 <name=ntx,type=int (id=7),value=<?>,index=19>
VD,method=Main:1#run:1 <name=nky,type=int (id=7),value=<?>,index=20>
VD,method=Main:1#run:1 <name=nkx,type=int (id=7),value=<?>,index=21>
VD,method=Main:1#run:1 <name=pair,type=Main$Pair (id=90),value=<?>,index=16>
VD,method=Main:1#run:1 <name=i,type=int (id=7),value=<?>,index=17>
VD,method=Main:1#run:1 <name=w,type=int (id=7),value=0,index=1>
VD,method=Main:1#run:1 <name=h,type=int (id=7),value=0,index=2>
VD,method=Main:1#run:1 <name=a,type=int (id=7),value=<?>,index=3>
VD,method=Main:1#run:1 <name=b,type=int (id=7),value=<?>,index=4>
VD,method=Main:1#run:1 <name=c,type=int (id=7),value=<?>,index=5>
VD,method=Main:1#run:1 <name=d,type=int (id=7),value=<?>,index=6>
VD,method=Main:1#run:1 <name=kazuyuki,type=Main$Pair (id=90),value=<?>,index=7>
VD,method=Main:1#run:1 <name=takayuki,type=Main$Pair (id=90),value=<?>,index=8>
VD,method=Main:1#run:1 <name=map,type=boolean[][] (id=134),value=<?>,index=9>
VD,method=Main:1#run:1 <name=pq,type=java.util.Deque (unresolved),value=<?>,index=12>
VD,method=Main:1#run:1 <name=dis,type=int (id=7),value=<?>,index=13>
VD,method=Main:1#run:1 <name=ans,type=java.lang.String (id=25),value=<?>,index=14>
VD,method=Main:1#run:1 <name=mem,type=boolean[][][][] (id=142),value=<?>,index=15>
VW,context=Main:1#run:1,w=0
VW,context=Main:1#run:1,h=0
ME,returner=Main:1#run:1,value=<void>
ME,returner=Main#main:1,value=<void>
TE,
