TS,main (1)
MC,caller=SYSTEM,target=Main#main:1
NO,object=java.lang.String[]:1
VW,context=Main#main:1,args=java.lang.String[]:1
NO,object=Main:1
MC,caller=Main#main:1,target=Main:1#Main:1
NO,object=Main$MyScanner:1
MC,caller=Main:1#Main:1,target=Main$MyScanner:1#MyScanner:1
ME,returner=Main$MyScanner:1#MyScanner:1,value=<void>
FW,context=Main:1,sc=Main$MyScanner:1
FW,context=Main:1,sc2=java.util.Scanner (id=368)
FW,context=Main:1,mod=1000000007
NO,object=int[]:1
FW,context=int[]:1,0=1
FW,context=int[]:1,1=0
FW,context=int[]:1,2=0
FW,context=int[]:1,3=-1
FW,context=Main:1,dx=int[]:1
NO,object=int[]:2
FW,context=int[]:2,0=0
FW,context=int[]:2,1=1
FW,context=int[]:2,2=-1
FW,context=int[]:2,3=0
FW,context=Main:1,dy=int[]:2
ME,returner=Main:1#Main:1,value=<void>
MC,caller=Main#main:1,target=Main:1#run:1
FR,context=Main:1,sc
MC,caller=Main:1#run:1,target=Main$MyScanner:1#nextInt:1
VW,context=Main$MyScanner:1#nextInt:1,c=49
VW,context=Main$MyScanner:1#nextInt:1,res=0
VW,context=Main$MyScanner:1#nextInt:1,res=0
VW,context=Main$MyScanner:1#nextInt:1,res=1
VW,context=Main$MyScanner:1#nextInt:1,c=32
VW,context=Main$MyScanner:1#nextInt:1,result=1
ME,returner=Main$MyScanner:1#nextInt:1,value=1
VW,context=Main:1#run:1,h=1
FR,context=Main:1,sc
MC,caller=Main:1#run:1,target=Main$MyScanner:1#nextInt:2
VW,context=Main$MyScanner:1#nextInt:2,c=50
VW,context=Main$MyScanner:1#nextInt:2,res=0
VW,context=Main$MyScanner:1#nextInt:2,res=0
VW,context=Main$MyScanner:1#nextInt:2,res=2
VW,context=Main$MyScanner:1#nextInt:2,c=13
VW,context=Main$MyScanner:1#nextInt:2,result=2
ME,returner=Main$MyScanner:1#nextInt:2,value=2
VW,context=Main:1#run:1,w=2
NO,object=int[][]:1
NO,object=int[]:3
FW,context=int[]:3,0=0
FW,context=int[]:3,1=0
FW,context=int[][]:1,0=int[]:3
VW,context=Main:1#run:1,field=int[][]:1
NO,object=int[][][][]:1
NO,object=int[][][]:1
NO,object=int[][]:2
NO,object=int[]:4
FW,context=int[]:4,0=0
FW,context=int[]:4,1=0
FW,context=int[]:4,2=0
FW,context=int[]:4,3=0
FW,context=int[]:4,4=0
FW,context=int[]:4,5=0
FW,context=int[][]:2,0=int[]:4
NO,object=int[]:5
FW,context=int[]:5,0=0
FW,context=int[]:5,1=0
FW,context=int[]:5,2=0
FW,context=int[]:5,3=0
FW,context=int[]:5,4=0
FW,context=int[]:5,5=0
FW,context=int[][]:2,1=int[]:5
NO,object=int[]:6
FW,context=int[]:6,0=0
FW,context=int[]:6,1=0
FW,context=int[]:6,2=0
FW,context=int[]:6,3=0
FW,context=int[]:6,4=0
FW,context=int[]:6,5=0
FW,context=int[][]:2,2=int[]:6
NO,object=int[]:7
FW,context=int[]:7,0=0
FW,context=int[]:7,1=0
FW,context=int[]:7,2=0
FW,context=int[]:7,3=0
FW,context=int[]:7,4=0
FW,context=int[]:7,5=0
FW,context=int[][]:2,3=int[]:7
NO,object=int[]:8
FW,context=int[]:8,0=0
FW,context=int[]:8,1=0
FW,context=int[]:8,2=0
FW,context=int[]:8,3=0
FW,context=int[]:8,4=0
FW,context=int[]:8,5=0
FW,context=int[][]:2,4=int[]:8
NO,object=int[]:9
FW,context=int[]:9,0=0
FW,context=int[]:9,1=0
FW,context=int[]:9,2=0
FW,context=int[]:9,3=0
FW,context=int[]:9,4=0
FW,context=int[]:9,5=0
FW,context=int[][]:2,5=int[]:9
FW,context=int[][][]:1,0=int[][]:2
NO,object=int[][]:3
NO,object=int[]:10
FW,context=int[]:10,0=0
FW,context=int[]:10,1=0
FW,context=int[]:10,2=0
FW,context=int[]:10,3=0
FW,context=int[]:10,4=0
FW,context=int[]:10,5=0
FW,context=int[][]:3,0=int[]:10
NO,object=int[]:11
FW,context=int[]:11,0=0
FW,context=int[]:11,1=0
FW,context=int[]:11,2=0
FW,context=int[]:11,3=0
FW,context=int[]:11,4=0
FW,context=int[]:11,5=0
FW,context=int[][]:3,1=int[]:11
NO,object=int[]:12
FW,context=int[]:12,0=0
FW,context=int[]:12,1=0
FW,context=int[]:12,2=0
FW,context=int[]:12,3=0
FW,context=int[]:12,4=0
FW,context=int[]:12,5=0
FW,context=int[][]:3,2=int[]:12
NO,object=int[]:13
FW,context=int[]:13,0=0
FW,context=int[]:13,1=0
FW,context=int[]:13,2=0
FW,context=int[]:13,3=0
FW,context=int[]:13,4=0
FW,context=int[]:13,5=0
FW,context=int[][]:3,3=int[]:13
NO,object=int[]:14
FW,context=int[]:14,0=0
FW,context=int[]:14,1=0
FW,context=int[]:14,2=0
FW,context=int[]:14,3=0
FW,context=int[]:14,4=0
FW,context=int[]:14,5=0
FW,context=int[][]:3,4=int[]:14
NO,object=int[]:15
FW,context=int[]:15,0=0
FW,context=int[]:15,1=0
FW,context=int[]:15,2=0
FW,context=int[]:15,3=0
FW,context=int[]:15,4=0
FW,context=int[]:15,5=0
FW,context=int[][]:3,5=int[]:15
FW,context=int[][][]:1,1=int[][]:3
FW,context=int[][][][]:1,0=int[][][]:1
VW,context=Main:1#run:1,cost=int[][][][]:1
VW,context=Main:1#run:1,cnt=0
VW,context=Main:1#run:1,i=0
VW,context=Main:1#run:1,j=0
FR,context=Main:1,sc
MC,caller=Main:1#run:1,target=Main$MyScanner:1#nextInt:3
VW,context=Main$MyScanner:1#nextInt:3,c=10
VW,context=Main$MyScanner:1#nextInt:3,c=56
VW,context=Main$MyScanner:1#nextInt:3,res=0
VW,context=Main$MyScanner:1#nextInt:3,res=0
VW,context=Main$MyScanner:1#nextInt:3,res=8
VW,context=Main$MyScanner:1#nextInt:3,c=32
VW,context=Main$MyScanner:1#nextInt:3,result=8
ME,returner=Main$MyScanner:1#nextInt:3,value=8
VW,context=Main:1#run:1,k=0
VW,context=Main:1#run:1,k=1
VW,context=Main:1#run:1,k=2
VW,context=Main:1#run:1,k=3
VW,context=Main:1#run:1,k=4
VW,context=Main:1#run:1,k=5
VW,context=Main:1#run:1,j=1
VD,method=Main:1#run:1 <name=k,type=int (id=7),value=<?>,index=7>
FR,context=Main:1,sc
MC,caller=Main:1#run:1,target=Main$MyScanner:1#nextInt:4
VW,context=Main$MyScanner:1#nextInt:4,c=56
VW,context=Main$MyScanner:1#nextInt:4,res=0
VW,context=Main$MyScanner:1#nextInt:4,res=0
VW,context=Main$MyScanner:1#nextInt:4,res=8
VW,context=Main$MyScanner:1#nextInt:4,c=13
VW,context=Main$MyScanner:1#nextInt:4,result=8
ME,returner=Main$MyScanner:1#nextInt:4,value=8
VW,context=Main:1#run:1,k=0
VW,context=Main:1#run:1,k=1
VW,context=Main:1#run:1,k=2
VW,context=Main:1#run:1,k=3
VW,context=Main:1#run:1,k=4
VW,context=Main:1#run:1,k=5
VD,method=Main:1#run:1 <name=k,type=int (id=7),value=<?>,index=7>
VD,method=Main:1#run:1 <name=j,type=int (id=7),value=<?>,index=6>
FR,context=Main:1,sc
MC,caller=Main:1#run:1,target=Main$MyScanner:1#nextInt:5
VW,context=Main$MyScanner:1#nextInt:5,c=10
VW,context=Main$MyScanner:1#nextInt:5,c=48
VW,context=Main$MyScanner:1#nextInt:5,res=0
VW,context=Main$MyScanner:1#nextInt:5,res=0
VW,context=Main$MyScanner:1#nextInt:5,res=0
VW,context=Main$MyScanner:1#nextInt:5,c=32
VW,context=Main$MyScanner:1#nextInt:5,result=0
ME,returner=Main$MyScanner:1#nextInt:5,value=0
VD,method=Main:1#run:1 <name=i,type=int (id=7),value=<?>,index=5>
VW,context=Main:1#run:1,startH=0
FR,context=Main:1,sc
MC,caller=Main:1#run:1,target=Main$MyScanner:1#nextInt:6
VW,context=Main$MyScanner:1#nextInt:6,c=48
VW,context=Main$MyScanner:1#nextInt:6,res=0
VW,context=Main$MyScanner:1#nextInt:6,res=0
VW,context=Main$MyScanner:1#nextInt:6,res=0
VW,context=Main$MyScanner:1#nextInt:6,c=13
VW,context=Main$MyScanner:1#nextInt:6,result=0
ME,returner=Main$MyScanner:1#nextInt:6,value=0
VW,context=Main:1#run:1,startW=0
FR,context=Main:1,sc
MC,caller=Main:1#run:1,target=Main$MyScanner:1#nextInt:7
VW,context=Main$MyScanner:1#nextInt:7,c=10
VW,context=Main$MyScanner:1#nextInt:7,c=48
VW,context=Main$MyScanner:1#nextInt:7,res=0
VW,context=Main$MyScanner:1#nextInt:7,res=0
VW,context=Main$MyScanner:1#nextInt:7,res=0
VW,context=Main$MyScanner:1#nextInt:7,c=32
VW,context=Main$MyScanner:1#nextInt:7,result=0
ME,returner=Main$MyScanner:1#nextInt:7,value=0
VW,context=Main:1#run:1,destH=0
FR,context=Main:1,sc
MC,caller=Main:1#run:1,target=Main$MyScanner:1#nextInt:8
VW,context=Main$MyScanner:1#nextInt:8,c=49
VW,context=Main$MyScanner:1#nextInt:8,res=0
VW,context=Main$MyScanner:1#nextInt:8,res=0
VW,context=Main$MyScanner:1#nextInt:8,res=1
VW,context=Main$MyScanner:1#nextInt:8,c=13
VW,context=Main$MyScanner:1#nextInt:8,result=1
ME,returner=Main$MyScanner:1#nextInt:8,value=1
VW,context=Main:1#run:1,destW=1
NO,object=Main$Dice:1
MC,caller=Main:1#run:1,target=Main$Dice:1#Main$Dice:1
VW,context=Main$Dice:1#Main$Dice:1,top=1
VW,context=Main$Dice:1#Main$Dice:1,front=2
VW,context=Main$Dice:1#Main$Dice:1,left=4
VW,context=Main$Dice:1#Main$Dice:1,reverse=6
VW,context=Main$Dice:1#Main$Dice:1,right=3
VW,context=Main$Dice:1#Main$Dice:1,back=5
VW,context=Main$Dice:1#Main$Dice:1,cost=0
VW,context=Main$Dice:1#Main$Dice:1,h=0
VW,context=Main$Dice:1#Main$Dice:1,w=0
FW,context=Main$Dice:1,top=1
FW,context=Main$Dice:1,front=2
FW,context=Main$Dice:1,right=3
FW,context=Main$Dice:1,back=5
FW,context=Main$Dice:1,left=4
FW,context=Main$Dice:1,reverse=6
FW,context=Main$Dice:1,h=0
FW,context=Main$Dice:1,w=0
FW,context=Main$Dice:1,cost=0
ME,returner=Main$Dice:1#Main$Dice:1,value=<void>
VW,context=Main:1#run:1,dice=Main$Dice:1
VW,context=Main:1#run:1,que=java.util.LinkedList (id=395)
VW,context=Main:1#run:1,size=1
VW,context=Main:1#run:1,i=0
VW,context=Main:1#run:1,cnt=1
VW,context=Main:1#run:1,now=Main$Dice:1
VW,context=Main:1#run:1,j=0
FR,context=Main$Dice:1,h
FR,context=Main:1,dy
VW,context=Main:1#run:1,nextH=0
FR,context=Main$Dice:1,w
FR,context=Main:1,dx
VW,context=Main:1#run:1,nextW=1
FR,context=Main$Dice:1,top
FR,context=Main$Dice:1,front
FR,context=Main$Dice:1,right
FR,context=Main$Dice:1,back
FR,context=Main$Dice:1,left
FR,context=Main$Dice:1,reverse
FR,context=Main$Dice:1,cost
NO,object=Main$Dice:2
MC,caller=Main:1#run:1,target=Main$Dice:2#Main$Dice:2
VW,context=Main$Dice:2#Main$Dice:2,top=1
VW,context=Main$Dice:2#Main$Dice:2,front=2
VW,context=Main$Dice:2#Main$Dice:2,left=4
VW,context=Main$Dice:2#Main$Dice:2,reverse=6
VW,context=Main$Dice:2#Main$Dice:2,right=3
VW,context=Main$Dice:2#Main$Dice:2,back=5
VW,context=Main$Dice:2#Main$Dice:2,cost=0
VW,context=Main$Dice:2#Main$Dice:2,h=0
VW,context=Main$Dice:2#Main$Dice:2,w=1
FW,context=Main$Dice:2,top=1
FW,context=Main$Dice:2,front=2
FW,context=Main$Dice:2,right=3
FW,context=Main$Dice:2,back=5
FW,context=Main$Dice:2,left=4
FW,context=Main$Dice:2,reverse=6
FW,context=Main$Dice:2,h=0
FW,context=Main$Dice:2,w=1
FW,context=Main$Dice:2,cost=0
ME,returner=Main$Dice:2#Main$Dice:2,value=<void>
VW,context=Main:1#run:1,next=Main$Dice:2
MC,caller=Main:1#run:1,target=Main$Dice:2#roll_right:1
FR,context=Main$Dice:2,top
VW,context=Main$Dice:2#roll_right:1,tmp=1
FR,context=Main$Dice:2,left
FW,context=Main$Dice:2,top=4
FR,context=Main$Dice:2,reverse
FW,context=Main$Dice:2,left=6
FR,context=Main$Dice:2,right
FW,context=Main$Dice:2,reverse=3
FW,context=Main$Dice:2,right=1
ME,returner=Main$Dice:2#roll_right:1,value=<void>
FR,context=Main$Dice:2,cost
FR,context=Main$Dice:2,h
FR,context=Main$Dice:2,w
FR,context=Main$Dice:2,reverse
FW,context=Main$Dice:2,cost=24
FR,context=Main$Dice:2,cost
FR,context=Main$Dice:2,h
FR,context=Main$Dice:2,w
FR,context=Main$Dice:2,top
FR,context=Main$Dice:2,front
FR,context=Main$Dice:2,h
FR,context=Main$Dice:2,w
FR,context=Main$Dice:2,top
FR,context=Main$Dice:2,front
FR,context=Main$Dice:2,cost
VW,context=Main:1#run:1,j=1
VD,method=Main:1#run:1 <name=nextH,type=int (id=7),value=0,index=18>
VD,method=Main:1#run:1 <name=nextW,type=int (id=7),value=0,index=19>
VD,method=Main:1#run:1 <name=next,type=Main$Dice (id=95),value=<?>,index=20>
FR,context=Main$Dice:1,h
FR,context=Main:1,dy
VW,context=Main:1#run:1,nextH=1
FR,context=Main$Dice:1,w
FR,context=Main:1,dx
VW,context=Main:1#run:1,nextW=0
VW,context=Main:1#run:1,j=2
VD,method=Main:1#run:1 <name=nextH,type=int (id=7),value=0,index=18>
VD,method=Main:1#run:1 <name=nextW,type=int (id=7),value=0,index=19>
FR,context=Main$Dice:1,h
FR,context=Main:1,dy
VW,context=Main:1#run:1,nextH=-1
FR,context=Main$Dice:1,w
FR,context=Main:1,dx
VW,context=Main:1#run:1,nextW=0
VW,context=Main:1#run:1,j=3
VD,method=Main:1#run:1 <name=nextH,type=int (id=7),value=0,index=18>
VD,method=Main:1#run:1 <name=nextW,type=int (id=7),value=0,index=19>
FR,context=Main$Dice:1,h
FR,context=Main:1,dy
VW,context=Main:1#run:1,nextH=0
FR,context=Main$Dice:1,w
FR,context=Main:1,dx
VW,context=Main:1#run:1,nextW=-1
VD,method=Main:1#run:1 <name=nextH,type=int (id=7),value=0,index=18>
VD,method=Main:1#run:1 <name=nextW,type=int (id=7),value=0,index=19>
VD,method=Main:1#run:1 <name=now,type=Main$Dice (id=95),value=Main$Dice:18,index=16>
VD,method=Main:1#run:1 <name=j,type=int (id=7),value=2,index=17>
VD,method=Main:1#run:1 <name=size,type=int (id=7),value=8,index=14>
VD,method=Main:1#run:1 <name=i,type=int (id=7),value=3,index=15>
VW,context=Main:1#run:1,size=1
VW,context=Main:1#run:1,i=0
VW,context=Main:1#run:1,cnt=2
VW,context=Main:1#run:1,now=Main$Dice:2
VW,context=Main:1#run:1,j=0
FR,context=Main$Dice:2,h
FR,context=Main:1,dy
VW,context=Main:1#run:1,nextH=0
FR,context=Main$Dice:2,w
FR,context=Main:1,dx
VW,context=Main:1#run:1,nextW=2
VW,context=Main:1#run:1,j=1
VD,method=Main:1#run:1 <name=nextH,type=int (id=7),value=0,index=18>
VD,method=Main:1#run:1 <name=nextW,type=int (id=7),value=0,index=19>
FR,context=Main$Dice:2,h
FR,context=Main:1,dy
VW,context=Main:1#run:1,nextH=1
FR,context=Main$Dice:2,w
FR,context=Main:1,dx
VW,context=Main:1#run:1,nextW=1
VW,context=Main:1#run:1,j=2
VD,method=Main:1#run:1 <name=nextH,type=int (id=7),value=0,index=18>
VD,method=Main:1#run:1 <name=nextW,type=int (id=7),value=0,index=19>
FR,context=Main$Dice:2,h
FR,context=Main:1,dy
VW,context=Main:1#run:1,nextH=-1
FR,context=Main$Dice:2,w
FR,context=Main:1,dx
VW,context=Main:1#run:1,nextW=1
VW,context=Main:1#run:1,j=3
VD,method=Main:1#run:1 <name=nextH,type=int (id=7),value=0,index=18>
VD,method=Main:1#run:1 <name=nextW,type=int (id=7),value=0,index=19>
FR,context=Main$Dice:2,h
FR,context=Main:1,dy
VW,context=Main:1#run:1,nextH=0
FR,context=Main$Dice:2,w
FR,context=Main:1,dx
VW,context=Main:1#run:1,nextW=0
FR,context=Main$Dice:2,top
FR,context=Main$Dice:2,front
FR,context=Main$Dice:2,right
FR,context=Main$Dice:2,back
FR,context=Main$Dice:2,left
FR,context=Main$Dice:2,reverse
FR,context=Main$Dice:2,cost
NO,object=Main$Dice:3
MC,caller=Main:1#run:1,target=Main$Dice:3#Main$Dice:3
VW,context=Main$Dice:3#Main$Dice:3,top=4
VW,context=Main$Dice:3#Main$Dice:3,front=2
VW,context=Main$Dice:3#Main$Dice:3,left=6
VW,context=Main$Dice:3#Main$Dice:3,reverse=3
VW,context=Main$Dice:3#Main$Dice:3,right=1
VW,context=Main$Dice:3#Main$Dice:3,back=5
VW,context=Main$Dice:3#Main$Dice:3,cost=24
VW,context=Main$Dice:3#Main$Dice:3,h=0
VW,context=Main$Dice:3#Main$Dice:3,w=0
FW,context=Main$Dice:3,top=4
FW,context=Main$Dice:3,front=2
FW,context=Main$Dice:3,right=1
FW,context=Main$Dice:3,back=5
FW,context=Main$Dice:3,left=6
FW,context=Main$Dice:3,reverse=3
FW,context=Main$Dice:3,h=0
FW,context=Main$Dice:3,w=0
FW,context=Main$Dice:3,cost=24
ME,returner=Main$Dice:3#Main$Dice:3,value=<void>
VW,context=Main:1#run:1,next=Main$Dice:3
MC,caller=Main:1#run:1,target=Main$Dice:3#roll_left:1
FR,context=Main$Dice:3,top
VW,context=Main$Dice:3#roll_left:1,tmp=4
FR,context=Main$Dice:3,right
FW,context=Main$Dice:3,top=1
FR,context=Main$Dice:3,reverse
FW,context=Main$Dice:3,right=3
FR,context=Main$Dice:3,left
FW,context=Main$Dice:3,reverse=6
FW,context=Main$Dice:3,left=4
ME,returner=Main$Dice:3#roll_left:1,value=<void>
FR,context=Main$Dice:3,cost
FR,context=Main$Dice:3,h
FR,context=Main$Dice:3,w
FR,context=Main$Dice:3,reverse
FW,context=Main$Dice:3,cost=72
FR,context=Main$Dice:3,cost
FR,context=Main$Dice:3,h
FR,context=Main$Dice:3,w
FR,context=Main$Dice:3,top
FR,context=Main$Dice:3,front
VD,method=Main:1#run:1 <name=nextH,type=int (id=7),value=0,index=18>
VD,method=Main:1#run:1 <name=nextW,type=int (id=7),value=0,index=19>
VD,method=Main:1#run:1 <name=next,type=Main$Dice (id=95),value=<?>,index=20>
VD,method=Main:1#run:1 <name=now,type=Main$Dice (id=95),value=Main$Dice:18,index=16>
VD,method=Main:1#run:1 <name=j,type=int (id=7),value=2,index=17>
VD,method=Main:1#run:1 <name=size,type=int (id=7),value=8,index=14>
VD,method=Main:1#run:1 <name=i,type=int (id=7),value=3,index=15>
VW,context=Main:1#run:1,ans=2147483647
VW,context=Main:1#run:1,i=0
VW,context=Main:1#run:1,j=0
VW,context=Main:1#run:1,j=1
VW,context=Main:1#run:1,j=2
VW,context=Main:1#run:1,j=3
VW,context=Main:1#run:1,j=4
VW,context=Main:1#run:1,j=5
VW,context=Main:1#run:1,i=1
VD,method=Main:1#run:1 <name=j,type=int (id=7),value=<?>,index=23>
VW,context=Main:1#run:1,j=0
VW,context=Main:1#run:1,j=1
VW,context=Main:1#run:1,j=2
VW,context=Main:1#run:1,j=3
VW,context=Main:1#run:1,j=4
VW,context=Main:1#run:1,j=5
VW,context=Main:1#run:1,i=2
VD,method=Main:1#run:1 <name=j,type=int (id=7),value=<?>,index=23>
VW,context=Main:1#run:1,j=0
VW,context=Main:1#run:1,j=1
VW,context=Main:1#run:1,j=2
VW,context=Main:1#run:1,j=3
VW,context=Main:1#run:1,j=4
VW,context=Main:1#run:1,j=5
VW,context=Main:1#run:1,i=3
VD,method=Main:1#run:1 <name=j,type=int (id=7),value=<?>,index=23>
VW,context=Main:1#run:1,j=0
VW,context=Main:1#run:1,j=1
VW,context=Main:1#run:1,ans=24
VW,context=Main:1#run:1,j=2
VW,context=Main:1#run:1,j=3
VW,context=Main:1#run:1,j=4
VW,context=Main:1#run:1,j=5
VW,context=Main:1#run:1,i=4
VD,method=Main:1#run:1 <name=j,type=int (id=7),value=<?>,index=23>
VW,context=Main:1#run:1,j=0
VW,context=Main:1#run:1,j=1
VW,context=Main:1#run:1,j=2
VW,context=Main:1#run:1,j=3
VW,context=Main:1#run:1,j=4
VW,context=Main:1#run:1,j=5
VW,context=Main:1#run:1,i=5
VD,method=Main:1#run:1 <name=j,type=int (id=7),value=<?>,index=23>
VW,context=Main:1#run:1,j=0
VW,context=Main:1#run:1,j=1
VW,context=Main:1#run:1,j=2
VW,context=Main:1#run:1,j=3
VW,context=Main:1#run:1,j=4
VW,context=Main:1#run:1,j=5
VD,method=Main:1#run:1 <name=j,type=int (id=7),value=<?>,index=23>
VD,method=Main:1#run:1 <name=i,type=int (id=7),value=<?>,index=22>
VD,method=Main:1#run:1 <name=h,type=int (id=7),value=3,index=0>
VD,method=Main:1#run:1 <name=w,type=int (id=7),value=3,index=1>
VD,method=Main:1#run:1 <name=field,type=int[][] (id=177),value=int[][]:4,index=2>
VD,method=Main:1#run:1 <name=cost,type=int[][][][] (id=179),value=int[][][][]:2,index=3>
VD,method=Main:1#run:1 <name=cnt,type=int (id=7),value=11,index=4>
VD,method=Main:1#run:1 <name=startH,type=int (id=7),value=0,index=8>
VD,method=Main:1#run:1 <name=startW,type=int (id=7),value=0,index=9>
VD,method=Main:1#run:1 <name=destH,type=int (id=7),value=2,index=10>
VD,method=Main:1#run:1 <name=destW,type=int (id=7),value=2,index=11>
VD,method=Main:1#run:1 <name=dice,type=Main$Dice (id=95),value=Main$Dice:4,index=12>
VD,method=Main:1#run:1 <name=que,type=java.util.Queue (unresolved),value=java.util.LinkedList (id=472),index=13>
VD,method=Main:1#run:1 <name=ans,type=int (id=7),value=<?>,index=21>
FR,context=Main:1,sc
MC,caller=Main:1#run:1,target=Main$MyScanner:1#nextInt:9
VW,context=Main$MyScanner:1#nextInt:9,c=10
VW,context=Main$MyScanner:1#nextInt:9,c=51
VW,context=Main$MyScanner:1#nextInt:9,res=0
VW,context=Main$MyScanner:1#nextInt:9,res=0
VW,context=Main$MyScanner:1#nextInt:9,res=3
VW,context=Main$MyScanner:1#nextInt:9,c=32
VW,context=Main$MyScanner:1#nextInt:9,result=3
ME,returner=Main$MyScanner:1#nextInt:9,value=3
VW,context=Main:1#run:1,h=3
FR,context=Main:1,sc
MC,caller=Main:1#run:1,target=Main$MyScanner:1#nextInt:10
VW,context=Main$MyScanner:1#nextInt:10,c=51
VW,context=Main$MyScanner:1#nextInt:10,res=0
VW,context=Main$MyScanner:1#nextInt:10,res=0
VW,context=Main$MyScanner:1#nextInt:10,res=3
VW,context=Main$MyScanner:1#nextInt:10,c=13
VW,context=Main$MyScanner:1#nextInt:10,result=3
ME,returner=Main$MyScanner:1#nextInt:10,value=3
VW,context=Main:1#run:1,w=3
NO,object=int[][]:4
NO,object=int[]:16
FW,context=int[]:16,0=0
FW,context=int[]:16,1=0
FW,context=int[]:16,2=0
FW,context=int[][]:4,0=int[]:16
NO,object=int[]:17
FW,context=int[]:17,0=0
FW,context=int[]:17,1=0
FW,context=int[]:17,2=0
FW,context=int[][]:4,1=int[]:17
NO,object=int[]:18
FW,context=int[]:18,0=0
FW,context=int[]:18,1=0
FW,context=int[]:18,2=0
FW,context=int[][]:4,2=int[]:18
VW,context=Main:1#run:1,field=int[][]:4
NO,object=int[][][][]:2
NO,object=int[][][]:2
NO,object=int[][]:5
NO,object=int[]:19
FW,context=int[]:19,0=0
FW,context=int[]:19,1=0
FW,context=int[]:19,2=0
FW,context=int[]:19,3=0
FW,context=int[]:19,4=0
FW,context=int[]:19,5=0
FW,context=int[][]:5,0=int[]:19
NO,object=int[]:20
FW,context=int[]:20,0=0
FW,context=int[]:20,1=0
FW,context=int[]:20,2=0
FW,context=int[]:20,3=0
FW,context=int[]:20,4=0
FW,context=int[]:20,5=0
FW,context=int[][]:5,1=int[]:20
NO,object=int[]:21
FW,context=int[]:21,0=0
FW,context=int[]:21,1=0
FW,context=int[]:21,2=0
FW,context=int[]:21,3=0
FW,context=int[]:21,4=0
FW,context=int[]:21,5=0
FW,context=int[][]:5,2=int[]:21
NO,object=int[]:22
FW,context=int[]:22,0=0
FW,context=int[]:22,1=0
FW,context=int[]:22,2=0
FW,context=int[]:22,3=0
FW,context=int[]:22,4=0
FW,context=int[]:22,5=0
FW,context=int[][]:5,3=int[]:22
NO,object=int[]:23
FW,context=int[]:23,0=0
FW,context=int[]:23,1=0
FW,context=int[]:23,2=0
FW,context=int[]:23,3=0
FW,context=int[]:23,4=0
FW,context=int[]:23,5=0
FW,context=int[][]:5,4=int[]:23
NO,object=int[]:24
FW,context=int[]:24,0=0
FW,context=int[]:24,1=0
FW,context=int[]:24,2=0
FW,context=int[]:24,3=0
FW,context=int[]:24,4=0
FW,context=int[]:24,5=0
FW,context=int[][]:5,5=int[]:24
FW,context=int[][][]:2,0=int[][]:5
NO,object=int[][]:6
NO,object=int[]:25
FW,context=int[]:25,0=0
FW,context=int[]:25,1=0
FW,context=int[]:25,2=0
FW,context=int[]:25,3=0
FW,context=int[]:25,4=0
FW,context=int[]:25,5=0
FW,context=int[][]:6,0=int[]:25
NO,object=int[]:26
FW,context=int[]:26,0=0
FW,context=int[]:26,1=0
FW,context=int[]:26,2=0
FW,context=int[]:26,3=0
FW,context=int[]:26,4=0
FW,context=int[]:26,5=0
FW,context=int[][]:6,1=int[]:26
NO,object=int[]:27
FW,context=int[]:27,0=0
FW,context=int[]:27,1=0
FW,context=int[]:27,2=0
FW,context=int[]:27,3=0
FW,context=int[]:27,4=0
FW,context=int[]:27,5=0
FW,context=int[][]:6,2=int[]:27
NO,object=int[]:28
FW,context=int[]:28,0=0
FW,context=int[]:28,1=0
FW,context=int[]:28,2=0
FW,context=int[]:28,3=0
FW,context=int[]:28,4=0
FW,context=int[]:28,5=0
FW,context=int[][]:6,3=int[]:28
NO,object=int[]:29
FW,context=int[]:29,0=0
FW,context=int[]:29,1=0
FW,context=int[]:29,2=0
FW,context=int[]:29,3=0
FW,context=int[]:29,4=0
FW,context=int[]:29,5=0
FW,context=int[][]:6,4=int[]:29
NO,object=int[]:30
FW,context=int[]:30,0=0
FW,context=int[]:30,1=0
FW,context=int[]:30,2=0
FW,context=int[]:30,3=0
FW,context=int[]:30,4=0
FW,context=int[]:30,5=0
FW,context=int[][]:6,5=int[]:30
FW,context=int[][][]:2,1=int[][]:6
NO,object=int[][]:7
NO,object=int[]:31
FW,context=int[]:31,0=0
FW,context=int[]:31,1=0
FW,context=int[]:31,2=0
FW,context=int[]:31,3=0
FW,context=int[]:31,4=0
FW,context=int[]:31,5=0
FW,context=int[][]:7,0=int[]:31
NO,object=int[]:32
FW,context=int[]:32,0=0
FW,context=int[]:32,1=0
FW,context=int[]:32,2=0
FW,context=int[]:32,3=0
FW,context=int[]:32,4=0
FW,context=int[]:32,5=0
FW,context=int[][]:7,1=int[]:32
NO,object=int[]:33
FW,context=int[]:33,0=0
FW,context=int[]:33,1=0
FW,context=int[]:33,2=0
FW,context=int[]:33,3=0
FW,context=int[]:33,4=0
FW,context=int[]:33,5=0
FW,context=int[][]:7,2=int[]:33
NO,object=int[]:34
FW,context=int[]:34,0=0
FW,context=int[]:34,1=0
FW,context=int[]:34,2=0
FW,context=int[]:34,3=0
FW,context=int[]:34,4=0
FW,context=int[]:34,5=0
FW,context=int[][]:7,3=int[]:34
NO,object=int[]:35
FW,context=int[]:35,0=0
FW,context=int[]:35,1=0
FW,context=int[]:35,2=0
FW,context=int[]:35,3=0
FW,context=int[]:35,4=0
FW,context=int[]:35,5=0
FW,context=int[][]:7,4=int[]:35
NO,object=int[]:36
FW,context=int[]:36,0=0
FW,context=int[]:36,1=0
FW,context=int[]:36,2=0
FW,context=int[]:36,3=0
FW,context=int[]:36,4=0
FW,context=int[]:36,5=0
FW,context=int[][]:7,5=int[]:36
FW,context=int[][][]:2,2=int[][]:7
FW,context=int[][][][]:2,0=int[][][]:2
NO,object=int[][][]:3
NO,object=int[][]:8
NO,object=int[]:37
FW,context=int[]:37,0=0
FW,context=int[]:37,1=0
FW,context=int[]:37,2=0
FW,context=int[]:37,3=0
FW,context=int[]:37,4=0
FW,context=int[]:37,5=0
FW,context=int[][]:8,0=int[]:37
NO,object=int[]:38
FW,context=int[]:38,0=0
FW,context=int[]:38,1=0
FW,context=int[]:38,2=0
FW,context=int[]:38,3=0
FW,context=int[]:38,4=0
FW,context=int[]:38,5=0
FW,context=int[][]:8,1=int[]:38
NO,object=int[]:39
FW,context=int[]:39,0=0
FW,context=int[]:39,1=0
FW,context=int[]:39,2=0
FW,context=int[]:39,3=0
FW,context=int[]:39,4=0
FW,context=int[]:39,5=0
FW,context=int[][]:8,2=int[]:39
NO,object=int[]:40
FW,context=int[]:40,0=0
FW,context=int[]:40,1=0
FW,context=int[]:40,2=0
FW,context=int[]:40,3=0
FW,context=int[]:40,4=0
FW,context=int[]:40,5=0
FW,context=int[][]:8,3=int[]:40
NO,object=int[]:41
FW,context=int[]:41,0=0
FW,context=int[]:41,1=0
FW,context=int[]:41,2=0
FW,context=int[]:41,3=0
FW,context=int[]:41,4=0
FW,context=int[]:41,5=0
FW,context=int[][]:8,4=int[]:41
NO,object=int[]:42
FW,context=int[]:42,0=0
FW,context=int[]:42,1=0
FW,context=int[]:42,2=0
FW,context=int[]:42,3=0
FW,context=int[]:42,4=0
FW,context=int[]:42,5=0
FW,context=int[][]:8,5=int[]:42
FW,context=int[][][]:3,0=int[][]:8
NO,object=int[][]:9
NO,object=int[]:43
FW,context=int[]:43,0=0
FW,context=int[]:43,1=0
FW,context=int[]:43,2=0
FW,context=int[]:43,3=0
FW,context=int[]:43,4=0
FW,context=int[]:43,5=0
FW,context=int[][]:9,0=int[]:43
NO,object=int[]:44
FW,context=int[]:44,0=0
FW,context=int[]:44,1=0
FW,context=int[]:44,2=0
FW,context=int[]:44,3=0
FW,context=int[]:44,4=0
FW,context=int[]:44,5=0
FW,context=int[][]:9,1=int[]:44
NO,object=int[]:45
FW,context=int[]:45,0=0
FW,context=int[]:45,1=0
FW,context=int[]:45,2=0
FW,context=int[]:45,3=0
FW,context=int[]:45,4=0
FW,context=int[]:45,5=0
FW,context=int[][]:9,2=int[]:45
NO,object=int[]:46
FW,context=int[]:46,0=0
FW,context=int[]:46,1=0
FW,context=int[]:46,2=0
FW,context=int[]:46,3=0
FW,context=int[]:46,4=0
FW,context=int[]:46,5=0
FW,context=int[][]:9,3=int[]:46
NO,object=int[]:47
FW,context=int[]:47,0=0
FW,context=int[]:47,1=0
FW,context=int[]:47,2=0
FW,context=int[]:47,3=0
FW,context=int[]:47,4=0
FW,context=int[]:47,5=0
FW,context=int[][]:9,4=int[]:47
NO,object=int[]:48
FW,context=int[]:48,0=0
FW,context=int[]:48,1=0
FW,context=int[]:48,2=0
FW,context=int[]:48,3=0
FW,context=int[]:48,4=0
FW,context=int[]:48,5=0
FW,context=int[][]:9,5=int[]:48
FW,context=int[][][]:3,1=int[][]:9
NO,object=int[][]:10
NO,object=int[]:49
FW,context=int[]:49,0=0
FW,context=int[]:49,1=0
FW,context=int[]:49,2=0
FW,context=int[]:49,3=0
FW,context=int[]:49,4=0
FW,context=int[]:49,5=0
FW,context=int[][]:10,0=int[]:49
NO,object=int[]:50
FW,context=int[]:50,0=0
FW,context=int[]:50,1=0
FW,context=int[]:50,2=0
FW,context=int[]:50,3=0
FW,context=int[]:50,4=0
FW,context=int[]:50,5=0
FW,context=int[][]:10,1=int[]:50
NO,object=int[]:51
FW,context=int[]:51,0=0
FW,context=int[]:51,1=0
FW,context=int[]:51,2=0
FW,context=int[]:51,3=0
FW,context=int[]:51,4=0
FW,context=int[]:51,5=0
FW,context=int[][]:10,2=int[]:51
NO,object=int[]:52
FW,context=int[]:52,0=0
FW,context=int[]:52,1=0
FW,context=int[]:52,2=0
FW,context=int[]:52,3=0
FW,context=int[]:52,4=0
FW,context=int[]:52,5=0
FW,context=int[][]:10,3=int[]:52
NO,object=int[]:53
FW,context=int[]:53,0=0
FW,context=int[]:53,1=0
FW,context=int[]:53,2=0
FW,context=int[]:53,3=0
FW,context=int[]:53,4=0
FW,context=int[]:53,5=0
FW,context=int[][]:10,4=int[]:53
NO,object=int[]:54
FW,context=int[]:54,0=0
FW,context=int[]:54,1=0
FW,context=int[]:54,2=0
FW,context=int[]:54,3=0
FW,context=int[]:54,4=0
FW,context=int[]:54,5=0
FW,context=int[][]:10,5=int[]:54
FW,context=int[][][]:3,2=int[][]:10
FW,context=int[][][][]:2,1=int[][][]:3
NO,object=int[][][]:4
NO,object=int[][]:11
NO,object=int[]:55
FW,context=int[]:55,0=0
FW,context=int[]:55,1=0
FW,context=int[]:55,2=0
FW,context=int[]:55,3=0
FW,context=int[]:55,4=0
FW,context=int[]:55,5=0
FW,context=int[][]:11,0=int[]:55
NO,object=int[]:56
FW,context=int[]:56,0=0
FW,context=int[]:56,1=0
FW,context=int[]:56,2=0
FW,context=int[]:56,3=0
FW,context=int[]:56,4=0
FW,context=int[]:56,5=0
FW,context=int[][]:11,1=int[]:56
NO,object=int[]:57
FW,context=int[]:57,0=0
FW,context=int[]:57,1=0
FW,context=int[]:57,2=0
FW,context=int[]:57,3=0
FW,context=int[]:57,4=0
FW,context=int[]:57,5=0
FW,context=int[][]:11,2=int[]:57
NO,object=int[]:58
FW,context=int[]:58,0=0
FW,context=int[]:58,1=0
FW,context=int[]:58,2=0
FW,context=int[]:58,3=0
FW,context=int[]:58,4=0
FW,context=int[]:58,5=0
FW,context=int[][]:11,3=int[]:58
NO,object=int[]:59
FW,context=int[]:59,0=0
FW,context=int[]:59,1=0
FW,context=int[]:59,2=0
FW,context=int[]:59,3=0
FW,context=int[]:59,4=0
FW,context=int[]:59,5=0
FW,context=int[][]:11,4=int[]:59
NO,object=int[]:60
FW,context=int[]:60,0=0
FW,context=int[]:60,1=0
FW,context=int[]:60,2=0
FW,context=int[]:60,3=0
FW,context=int[]:60,4=0
FW,context=int[]:60,5=0
FW,context=int[][]:11,5=int[]:60
FW,context=int[][][]:4,0=int[][]:11
NO,object=int[][]:12
NO,object=int[]:61
FW,context=int[]:61,0=0
FW,context=int[]:61,1=0
FW,context=int[]:61,2=0
FW,context=int[]:61,3=0
FW,context=int[]:61,4=0
FW,context=int[]:61,5=0
FW,context=int[][]:12,0=int[]:61
NO,object=int[]:62
FW,context=int[]:62,0=0
FW,context=int[]:62,1=0
FW,context=int[]:62,2=0
FW,context=int[]:62,3=0
FW,context=int[]:62,4=0
FW,context=int[]:62,5=0
FW,context=int[][]:12,1=int[]:62
NO,object=int[]:63
FW,context=int[]:63,0=0
FW,context=int[]:63,1=0
FW,context=int[]:63,2=0
FW,context=int[]:63,3=0
FW,context=int[]:63,4=0
FW,context=int[]:63,5=0
FW,context=int[][]:12,2=int[]:63
NO,object=int[]:64
FW,context=int[]:64,0=0
FW,context=int[]:64,1=0
FW,context=int[]:64,2=0
FW,context=int[]:64,3=0
FW,context=int[]:64,4=0
FW,context=int[]:64,5=0
FW,context=int[][]:12,3=int[]:64
NO,object=int[]:65
FW,context=int[]:65,0=0
FW,context=int[]:65,1=0
FW,context=int[]:65,2=0
FW,context=int[]:65,3=0
FW,context=int[]:65,4=0
FW,context=int[]:65,5=0
FW,context=int[][]:12,4=int[]:65
NO,object=int[]:66
FW,context=int[]:66,0=0
FW,context=int[]:66,1=0
FW,context=int[]:66,2=0
FW,context=int[]:66,3=0
FW,context=int[]:66,4=0
FW,context=int[]:66,5=0
FW,context=int[][]:12,5=int[]:66
FW,context=int[][][]:4,1=int[][]:12
NO,object=int[][]:13
NO,object=int[]:67
FW,context=int[]:67,0=0
FW,context=int[]:67,1=0
FW,context=int[]:67,2=0
FW,context=int[]:67,3=0
FW,context=int[]:67,4=0
FW,context=int[]:67,5=0
FW,context=int[][]:13,0=int[]:67
NO,object=int[]:68
FW,context=int[]:68,0=0
FW,context=int[]:68,1=0
FW,context=int[]:68,2=0
FW,context=int[]:68,3=0
FW,context=int[]:68,4=0
FW,context=int[]:68,5=0
FW,context=int[][]:13,1=int[]:68
NO,object=int[]:69
FW,context=int[]:69,0=0
FW,context=int[]:69,1=0
FW,context=int[]:69,2=0
FW,context=int[]:69,3=0
FW,context=int[]:69,4=0
FW,context=int[]:69,5=0
FW,context=int[][]:13,2=int[]:69
NO,object=int[]:70
FW,context=int[]:70,0=0
FW,context=int[]:70,1=0
FW,context=int[]:70,2=0
FW,context=int[]:70,3=0
FW,context=int[]:70,4=0
FW,context=int[]:70,5=0
FW,context=int[][]:13,3=int[]:70
NO,object=int[]:71
FW,context=int[]:71,0=0
FW,context=int[]:71,1=0
FW,context=int[]:71,2=0
FW,context=int[]:71,3=0
FW,context=int[]:71,4=0
FW,context=int[]:71,5=0
FW,context=int[][]:13,4=int[]:71
NO,object=int[]:72
FW,context=int[]:72,0=0
FW,context=int[]:72,1=0
FW,context=int[]:72,2=0
FW,context=int[]:72,3=0
FW,context=int[]:72,4=0
FW,context=int[]:72,5=0
FW,context=int[][]:13,5=int[]:72
FW,context=int[][][]:4,2=int[][]:13
FW,context=int[][][][]:2,2=int[][][]:4
VW,context=Main:1#run:1,cost=int[][][][]:2
VW,context=Main:1#run:1,cnt=0
VW,context=Main:1#run:1,i=0
VW,context=Main:1#run:1,j=0
FR,context=Main:1,sc
MC,caller=Main:1#run:1,target=Main$MyScanner:1#nextInt:11
VW,context=Main$MyScanner:1#nextInt:11,c=10
VW,context=Main$MyScanner:1#nextInt:11,c=49
VW,context=Main$MyScanner:1#nextInt:11,res=0
VW,context=Main$MyScanner:1#nextInt:11,res=0
VW,context=Main$MyScanner:1#nextInt:11,res=1
VW,context=Main$MyScanner:1#nextInt:11,c=32
VW,context=Main$MyScanner:1#nextInt:11,result=1
ME,returner=Main$MyScanner:1#nextInt:11,value=1
VW,context=Main:1#run:1,k=0
VW,context=Main:1#run:1,k=1
VW,context=Main:1#run:1,k=2
VW,context=Main:1#run:1,k=3
VW,context=Main:1#run:1,k=4
VW,context=Main:1#run:1,k=5
VW,context=Main:1#run:1,j=1
VD,method=Main:1#run:1 <name=k,type=int (id=7),value=<?>,index=7>
FR,context=Main:1,sc
MC,caller=Main:1#run:1,target=Main$MyScanner:1#nextInt:12
VW,context=Main$MyScanner:1#nextInt:12,c=50
VW,context=Main$MyScanner:1#nextInt:12,res=0
VW,context=Main$MyScanner:1#nextInt:12,res=0
VW,context=Main$MyScanner:1#nextInt:12,res=2
VW,context=Main$MyScanner:1#nextInt:12,c=32
VW,context=Main$MyScanner:1#nextInt:12,result=2
ME,returner=Main$MyScanner:1#nextInt:12,value=2
VW,context=Main:1#run:1,k=0
VW,context=Main:1#run:1,k=1
VW,context=Main:1#run:1,k=2
VW,context=Main:1#run:1,k=3
VW,context=Main:1#run:1,k=4
VW,context=Main:1#run:1,k=5
VW,context=Main:1#run:1,j=2
VD,method=Main:1#run:1 <name=k,type=int (id=7),value=<?>,index=7>
FR,context=Main:1,sc
MC,caller=Main:1#run:1,target=Main$MyScanner:1#nextInt:13
VW,context=Main$MyScanner:1#nextInt:13,c=53
VW,context=Main$MyScanner:1#nextInt:13,res=0
VW,context=Main$MyScanner:1#nextInt:13,res=0
VW,context=Main$MyScanner:1#nextInt:13,res=5
VW,context=Main$MyScanner:1#nextInt:13,c=13
VW,context=Main$MyScanner:1#nextInt:13,result=5
ME,returner=Main$MyScanner:1#nextInt:13,value=5
VW,context=Main:1#run:1,k=0
VW,context=Main:1#run:1,k=1
VW,context=Main:1#run:1,k=2
VW,context=Main:1#run:1,k=3
VW,context=Main:1#run:1,k=4
VW,context=Main:1#run:1,k=5
VD,method=Main:1#run:1 <name=k,type=int (id=7),value=<?>,index=7>
VW,context=Main:1#run:1,i=1
VD,method=Main:1#run:1 <name=j,type=int (id=7),value=<?>,index=6>
VW,context=Main:1#run:1,j=0
FR,context=Main:1,sc
MC,caller=Main:1#run:1,target=Main$MyScanner:1#nextInt:14
VW,context=Main$MyScanner:1#nextInt:14,c=10
VW,context=Main$MyScanner:1#nextInt:14,c=50
VW,context=Main$MyScanner:1#nextInt:14,res=0
VW,context=Main$MyScanner:1#nextInt:14,res=0
VW,context=Main$MyScanner:1#nextInt:14,res=2
VW,context=Main$MyScanner:1#nextInt:14,c=32
VW,context=Main$MyScanner:1#nextInt:14,result=2
ME,returner=Main$MyScanner:1#nextInt:14,value=2
VW,context=Main:1#run:1,k=0
VW,context=Main:1#run:1,k=1
VW,context=Main:1#run:1,k=2
VW,context=Main:1#run:1,k=3
VW,context=Main:1#run:1,k=4
VW,context=Main:1#run:1,k=5
VW,context=Main:1#run:1,j=1
VD,method=Main:1#run:1 <name=k,type=int (id=7),value=<?>,index=7>
FR,context=Main:1,sc
MC,caller=Main:1#run:1,target=Main$MyScanner:1#nextInt:15
VW,context=Main$MyScanner:1#nextInt:15,c=56
VW,context=Main$MyScanner:1#nextInt:15,res=0
VW,context=Main$MyScanner:1#nextInt:15,res=0
VW,context=Main$MyScanner:1#nextInt:15,res=8
VW,context=Main$MyScanner:1#nextInt:15,c=32
VW,context=Main$MyScanner:1#nextInt:15,result=8
ME,returner=Main$MyScanner:1#nextInt:15,value=8
VW,context=Main:1#run:1,k=0
VW,context=Main:1#run:1,k=1
VW,context=Main:1#run:1,k=2
VW,context=Main:1#run:1,k=3
VW,context=Main:1#run:1,k=4
VW,context=Main:1#run:1,k=5
VW,context=Main:1#run:1,j=2
VD,method=Main:1#run:1 <name=k,type=int (id=7),value=<?>,index=7>
FR,context=Main:1,sc
MC,caller=Main:1#run:1,target=Main$MyScanner:1#nextInt:16
VW,context=Main$MyScanner:1#nextInt:16,c=51
VW,context=Main$MyScanner:1#nextInt:16,res=0
VW,context=Main$MyScanner:1#nextInt:16,res=0
VW,context=Main$MyScanner:1#nextInt:16,res=3
VW,context=Main$MyScanner:1#nextInt:16,c=13
VW,context=Main$MyScanner:1#nextInt:16,result=3
ME,returner=Main$MyScanner:1#nextInt:16,value=3
VW,context=Main:1#run:1,k=0
VW,context=Main:1#run:1,k=1
VW,context=Main:1#run:1,k=2
VW,context=Main:1#run:1,k=3
VW,context=Main:1#run:1,k=4
VW,context=Main:1#run:1,k=5
VD,method=Main:1#run:1 <name=k,type=int (id=7),value=<?>,index=7>
VW,context=Main:1#run:1,i=2
VD,method=Main:1#run:1 <name=j,type=int (id=7),value=<?>,index=6>
VW,context=Main:1#run:1,j=0
FR,context=Main:1,sc
MC,caller=Main:1#run:1,target=Main$MyScanner:1#nextInt:17
VW,context=Main$MyScanner:1#nextInt:17,c=10
VW,context=Main$MyScanner:1#nextInt:17,c=48
VW,context=Main$MyScanner:1#nextInt:17,res=0
VW,context=Main$MyScanner:1#nextInt:17,res=0
VW,context=Main$MyScanner:1#nextInt:17,res=0
VW,context=Main$MyScanner:1#nextInt:17,c=32
VW,context=Main$MyScanner:1#nextInt:17,result=0
ME,returner=Main$MyScanner:1#nextInt:17,value=0
VW,context=Main:1#run:1,k=0
VW,context=Main:1#run:1,k=1
VW,context=Main:1#run:1,k=2
VW,context=Main:1#run:1,k=3
VW,context=Main:1#run:1,k=4
VW,context=Main:1#run:1,k=5
VW,context=Main:1#run:1,j=1
VD,method=Main:1#run:1 <name=k,type=int (id=7),value=<?>,index=7>
FR,context=Main:1,sc
MC,caller=Main:1#run:1,target=Main$MyScanner:1#nextInt:18
VW,context=Main$MyScanner:1#nextInt:18,c=49
VW,context=Main$MyScanner:1#nextInt:18,res=0
VW,context=Main$MyScanner:1#nextInt:18,res=0
VW,context=Main$MyScanner:1#nextInt:18,res=1
VW,context=Main$MyScanner:1#nextInt:18,c=32
VW,context=Main$MyScanner:1#nextInt:18,result=1
ME,returner=Main$MyScanner:1#nextInt:18,value=1
VW,context=Main:1#run:1,k=0
VW,context=Main:1#run:1,k=1
VW,context=Main:1#run:1,k=2
VW,context=Main:1#run:1,k=3
VW,context=Main:1#run:1,k=4
VW,context=Main:1#run:1,k=5
VW,context=Main:1#run:1,j=2
VD,method=Main:1#run:1 <name=k,type=int (id=7),value=<?>,index=7>
FR,context=Main:1,sc
MC,caller=Main:1#run:1,target=Main$MyScanner:1#nextInt:19
VW,context=Main$MyScanner:1#nextInt:19,c=50
VW,context=Main$MyScanner:1#nextInt:19,res=0
VW,context=Main$MyScanner:1#nextInt:19,res=0
VW,context=Main$MyScanner:1#nextInt:19,res=2
VW,context=Main$MyScanner:1#nextInt:19,c=13
VW,context=Main$MyScanner:1#nextInt:19,result=2
ME,returner=Main$MyScanner:1#nextInt:19,value=2
VW,context=Main:1#run:1,k=0
VW,context=Main:1#run:1,k=1
VW,context=Main:1#run:1,k=2
VW,context=Main:1#run:1,k=3
VW,context=Main:1#run:1,k=4
VW,context=Main:1#run:1,k=5
VD,method=Main:1#run:1 <name=k,type=int (id=7),value=<?>,index=7>
VD,method=Main:1#run:1 <name=j,type=int (id=7),value=<?>,index=6>
FR,context=Main:1,sc
MC,caller=Main:1#run:1,target=Main$MyScanner:1#nextInt:20
VW,context=Main$MyScanner:1#nextInt:20,c=10
VW,context=Main$MyScanner:1#nextInt:20,c=48
VW,context=Main$MyScanner:1#nextInt:20,res=0
VW,context=Main$MyScanner:1#nextInt:20,res=0
VW,context=Main$MyScanner:1#nextInt:20,res=0
VW,context=Main$MyScanner:1#nextInt:20,c=32
VW,context=Main$MyScanner:1#nextInt:20,result=0
ME,returner=Main$MyScanner:1#nextInt:20,value=0
VD,method=Main:1#run:1 <name=i,type=int (id=7),value=<?>,index=5>
VW,context=Main:1#run:1,startH=0
FR,context=Main:1,sc
MC,caller=Main:1#run:1,target=Main$MyScanner:1#nextInt:21
VW,context=Main$MyScanner:1#nextInt:21,c=48
VW,context=Main$MyScanner:1#nextInt:21,res=0
VW,context=Main$MyScanner:1#nextInt:21,res=0
VW,context=Main$MyScanner:1#nextInt:21,res=0
VW,context=Main$MyScanner:1#nextInt:21,c=13
VW,context=Main$MyScanner:1#nextInt:21,result=0
ME,returner=Main$MyScanner:1#nextInt:21,value=0
VW,context=Main:1#run:1,startW=0
FR,context=Main:1,sc
MC,caller=Main:1#run:1,target=Main$MyScanner:1#nextInt:22
VW,context=Main$MyScanner:1#nextInt:22,c=10
VW,context=Main$MyScanner:1#nextInt:22,c=50
VW,context=Main$MyScanner:1#nextInt:22,res=0
VW,context=Main$MyScanner:1#nextInt:22,res=0
VW,context=Main$MyScanner:1#nextInt:22,res=2
VW,context=Main$MyScanner:1#nextInt:22,c=32
VW,context=Main$MyScanner:1#nextInt:22,result=2
ME,returner=Main$MyScanner:1#nextInt:22,value=2
VW,context=Main:1#run:1,destH=2
FR,context=Main:1,sc
MC,caller=Main:1#run:1,target=Main$MyScanner:1#nextInt:23
VW,context=Main$MyScanner:1#nextInt:23,c=50
VW,context=Main$MyScanner:1#nextInt:23,res=0
VW,context=Main$MyScanner:1#nextInt:23,res=0
VW,context=Main$MyScanner:1#nextInt:23,res=2
VW,context=Main$MyScanner:1#nextInt:23,c=13
VW,context=Main$MyScanner:1#nextInt:23,result=2
ME,returner=Main$MyScanner:1#nextInt:23,value=2
VW,context=Main:1#run:1,destW=2
NO,object=Main$Dice:4
MC,caller=Main:1#run:1,target=Main$Dice:4#Main$Dice:4
VW,context=Main$Dice:4#Main$Dice:4,top=1
VW,context=Main$Dice:4#Main$Dice:4,front=2
VW,context=Main$Dice:4#Main$Dice:4,left=4
VW,context=Main$Dice:4#Main$Dice:4,reverse=6
VW,context=Main$Dice:4#Main$Dice:4,right=3
VW,context=Main$Dice:4#Main$Dice:4,back=5
VW,context=Main$Dice:4#Main$Dice:4,cost=0
VW,context=Main$Dice:4#Main$Dice:4,h=0
VW,context=Main$Dice:4#Main$Dice:4,w=0
FW,context=Main$Dice:4,top=1
FW,context=Main$Dice:4,front=2
FW,context=Main$Dice:4,right=3
FW,context=Main$Dice:4,back=5
FW,context=Main$Dice:4,left=4
FW,context=Main$Dice:4,reverse=6
FW,context=Main$Dice:4,h=0
FW,context=Main$Dice:4,w=0
FW,context=Main$Dice:4,cost=0
ME,returner=Main$Dice:4#Main$Dice:4,value=<void>
VW,context=Main:1#run:1,dice=Main$Dice:4
VW,context=Main:1#run:1,que=java.util.LinkedList (id=472)
VW,context=Main:1#run:1,size=1
VW,context=Main:1#run:1,i=0
VW,context=Main:1#run:1,cnt=1
VW,context=Main:1#run:1,now=Main$Dice:4
VW,context=Main:1#run:1,j=0
FR,context=Main$Dice:4,h
FR,context=Main:1,dy
VW,context=Main:1#run:1,nextH=0
FR,context=Main$Dice:4,w
FR,context=Main:1,dx
VW,context=Main:1#run:1,nextW=1
FR,context=Main$Dice:4,top
FR,context=Main$Dice:4,front
FR,context=Main$Dice:4,right
FR,context=Main$Dice:4,back
FR,context=Main$Dice:4,left
FR,context=Main$Dice:4,reverse
FR,context=Main$Dice:4,cost
NO,object=Main$Dice:5
MC,caller=Main:1#run:1,target=Main$Dice:5#Main$Dice:5
VW,context=Main$Dice:5#Main$Dice:5,top=1
VW,context=Main$Dice:5#Main$Dice:5,front=2
VW,context=Main$Dice:5#Main$Dice:5,left=4
VW,context=Main$Dice:5#Main$Dice:5,reverse=6
VW,context=Main$Dice:5#Main$Dice:5,right=3
VW,context=Main$Dice:5#Main$Dice:5,back=5
VW,context=Main$Dice:5#Main$Dice:5,cost=0
VW,context=Main$Dice:5#Main$Dice:5,h=0
VW,context=Main$Dice:5#Main$Dice:5,w=1
FW,context=Main$Dice:5,top=1
FW,context=Main$Dice:5,front=2
FW,context=Main$Dice:5,right=3
FW,context=Main$Dice:5,back=5
FW,context=Main$Dice:5,left=4
FW,context=Main$Dice:5,reverse=6
FW,context=Main$Dice:5,h=0
FW,context=Main$Dice:5,w=1
FW,context=Main$Dice:5,cost=0
ME,returner=Main$Dice:5#Main$Dice:5,value=<void>
VW,context=Main:1#run:1,next=Main$Dice:5
MC,caller=Main:1#run:1,target=Main$Dice:5#roll_right:2
FR,context=Main$Dice:5,top
VW,context=Main$Dice:5#roll_right:2,tmp=1
FR,context=Main$Dice:5,left
FW,context=Main$Dice:5,top=4
FR,context=Main$Dice:5,reverse
FW,context=Main$Dice:5,left=6
FR,context=Main$Dice:5,right
FW,context=Main$Dice:5,reverse=3
FW,context=Main$Dice:5,right=1
ME,returner=Main$Dice:5#roll_right:2,value=<void>
FR,context=Main$Dice:5,cost
FR,context=Main$Dice:5,h
FR,context=Main$Dice:5,w
FR,context=Main$Dice:5,reverse
FW,context=Main$Dice:5,cost=6
FR,context=Main$Dice:5,cost
FR,context=Main$Dice:5,h
FR,context=Main$Dice:5,w
FR,context=Main$Dice:5,top
FR,context=Main$Dice:5,front
FR,context=Main$Dice:5,h
FR,context=Main$Dice:5,w
FR,context=Main$Dice:5,top
FR,context=Main$Dice:5,front
FR,context=Main$Dice:5,cost
VW,context=Main:1#run:1,j=1
VD,method=Main:1#run:1 <name=nextH,type=int (id=7),value=0,index=18>
VD,method=Main:1#run:1 <name=nextW,type=int (id=7),value=0,index=19>
VD,method=Main:1#run:1 <name=next,type=Main$Dice (id=95),value=<?>,index=20>
FR,context=Main$Dice:4,h
FR,context=Main:1,dy
VW,context=Main:1#run:1,nextH=1
FR,context=Main$Dice:4,w
FR,context=Main:1,dx
VW,context=Main:1#run:1,nextW=0
FR,context=Main$Dice:4,top
FR,context=Main$Dice:4,front
FR,context=Main$Dice:4,right
FR,context=Main$Dice:4,back
FR,context=Main$Dice:4,left
FR,context=Main$Dice:4,reverse
FR,context=Main$Dice:4,cost
NO,object=Main$Dice:6
MC,caller=Main:1#run:1,target=Main$Dice:6#Main$Dice:6
VW,context=Main$Dice:6#Main$Dice:6,top=1
VW,context=Main$Dice:6#Main$Dice:6,front=2
VW,context=Main$Dice:6#Main$Dice:6,left=4
VW,context=Main$Dice:6#Main$Dice:6,reverse=6
VW,context=Main$Dice:6#Main$Dice:6,right=3
VW,context=Main$Dice:6#Main$Dice:6,back=5
VW,context=Main$Dice:6#Main$Dice:6,cost=0
VW,context=Main$Dice:6#Main$Dice:6,h=1
VW,context=Main$Dice:6#Main$Dice:6,w=0
FW,context=Main$Dice:6,top=1
FW,context=Main$Dice:6,front=2
FW,context=Main$Dice:6,right=3
FW,context=Main$Dice:6,back=5
FW,context=Main$Dice:6,left=4
FW,context=Main$Dice:6,reverse=6
FW,context=Main$Dice:6,h=1
FW,context=Main$Dice:6,w=0
FW,context=Main$Dice:6,cost=0
ME,returner=Main$Dice:6#Main$Dice:6,value=<void>
VW,context=Main:1#run:1,next=Main$Dice:6
MC,caller=Main:1#run:1,target=Main$Dice:6#roll_front:1
FR,context=Main$Dice:6,top
VW,context=Main$Dice:6#roll_front:1,tmp=1
FR,context=Main$Dice:6,back
FW,context=Main$Dice:6,top=5
FR,context=Main$Dice:6,reverse
FW,context=Main$Dice:6,back=6
FR,context=Main$Dice:6,front
FW,context=Main$Dice:6,reverse=2
FW,context=Main$Dice:6,front=1
ME,returner=Main$Dice:6#roll_front:1,value=<void>
FR,context=Main$Dice:6,cost
FR,context=Main$Dice:6,h
FR,context=Main$Dice:6,w
FR,context=Main$Dice:6,reverse
FW,context=Main$Dice:6,cost=4
FR,context=Main$Dice:6,cost
FR,context=Main$Dice:6,h
FR,context=Main$Dice:6,w
FR,context=Main$Dice:6,top
FR,context=Main$Dice:6,front
FR,context=Main$Dice:6,h
FR,context=Main$Dice:6,w
FR,context=Main$Dice:6,top
FR,context=Main$Dice:6,front
FR,context=Main$Dice:6,cost
VW,context=Main:1#run:1,j=2
VD,method=Main:1#run:1 <name=nextH,type=int (id=7),value=0,index=18>
VD,method=Main:1#run:1 <name=nextW,type=int (id=7),value=0,index=19>
VD,method=Main:1#run:1 <name=next,type=Main$Dice (id=95),value=<?>,index=20>
FR,context=Main$Dice:4,h
FR,context=Main:1,dy
VW,context=Main:1#run:1,nextH=-1
FR,context=Main$Dice:4,w
FR,context=Main:1,dx
VW,context=Main:1#run:1,nextW=0
VW,context=Main:1#run:1,j=3
VD,method=Main:1#run:1 <name=nextH,type=int (id=7),value=0,index=18>
VD,method=Main:1#run:1 <name=nextW,type=int (id=7),value=0,index=19>
FR,context=Main$Dice:4,h
FR,context=Main:1,dy
VW,context=Main:1#run:1,nextH=0
FR,context=Main$Dice:4,w
FR,context=Main:1,dx
VW,context=Main:1#run:1,nextW=-1
VD,method=Main:1#run:1 <name=nextH,type=int (id=7),value=0,index=18>
VD,method=Main:1#run:1 <name=nextW,type=int (id=7),value=0,index=19>
VD,method=Main:1#run:1 <name=now,type=Main$Dice (id=95),value=Main$Dice:18,index=16>
VD,method=Main:1#run:1 <name=j,type=int (id=7),value=2,index=17>
VD,method=Main:1#run:1 <name=size,type=int (id=7),value=8,index=14>
VD,method=Main:1#run:1 <name=i,type=int (id=7),value=3,index=15>
VW,context=Main:1#run:1,size=2
VW,context=Main:1#run:1,i=0
VW,context=Main:1#run:1,cnt=2
VW,context=Main:1#run:1,now=Main$Dice:5
VW,context=Main:1#run:1,j=0
FR,context=Main$Dice:5,h
FR,context=Main:1,dy
VW,context=Main:1#run:1,nextH=0
FR,context=Main$Dice:5,w
FR,context=Main:1,dx
VW,context=Main:1#run:1,nextW=2
FR,context=Main$Dice:5,top
FR,context=Main$Dice:5,front
FR,context=Main$Dice:5,right
FR,context=Main$Dice:5,back
FR,context=Main$Dice:5,left
FR,context=Main$Dice:5,reverse
FR,context=Main$Dice:5,cost
NO,object=Main$Dice:7
MC,caller=Main:1#run:1,target=Main$Dice:7#Main$Dice:7
VW,context=Main$Dice:7#Main$Dice:7,top=4
VW,context=Main$Dice:7#Main$Dice:7,front=2
VW,context=Main$Dice:7#Main$Dice:7,left=6
VW,context=Main$Dice:7#Main$Dice:7,reverse=3
VW,context=Main$Dice:7#Main$Dice:7,right=1
VW,context=Main$Dice:7#Main$Dice:7,back=5
VW,context=Main$Dice:7#Main$Dice:7,cost=6
VW,context=Main$Dice:7#Main$Dice:7,h=0
VW,context=Main$Dice:7#Main$Dice:7,w=2
FW,context=Main$Dice:7,top=4
FW,context=Main$Dice:7,front=2
FW,context=Main$Dice:7,right=1
FW,context=Main$Dice:7,back=5
FW,context=Main$Dice:7,left=6
FW,context=Main$Dice:7,reverse=3
FW,context=Main$Dice:7,h=0
FW,context=Main$Dice:7,w=2
FW,context=Main$Dice:7,cost=6
ME,returner=Main$Dice:7#Main$Dice:7,value=<void>
VW,context=Main:1#run:1,next=Main$Dice:7
MC,caller=Main:1#run:1,target=Main$Dice:7#roll_right:3
FR,context=Main$Dice:7,top
VW,context=Main$Dice:7#roll_right:3,tmp=4
FR,context=Main$Dice:7,left
FW,context=Main$Dice:7,top=6
FR,context=Main$Dice:7,reverse
FW,context=Main$Dice:7,left=3
FR,context=Main$Dice:7,right
FW,context=Main$Dice:7,reverse=1
FW,context=Main$Dice:7,right=4
ME,returner=Main$Dice:7#roll_right:3,value=<void>
FR,context=Main$Dice:7,cost
FR,context=Main$Dice:7,h
FR,context=Main$Dice:7,w
FR,context=Main$Dice:7,reverse
FW,context=Main$Dice:7,cost=11
FR,context=Main$Dice:7,cost
FR,context=Main$Dice:7,h
FR,context=Main$Dice:7,w
FR,context=Main$Dice:7,top
FR,context=Main$Dice:7,front
FR,context=Main$Dice:7,h
FR,context=Main$Dice:7,w
FR,context=Main$Dice:7,top
FR,context=Main$Dice:7,front
FR,context=Main$Dice:7,cost
VW,context=Main:1#run:1,j=1
VD,method=Main:1#run:1 <name=nextH,type=int (id=7),value=0,index=18>
VD,method=Main:1#run:1 <name=nextW,type=int (id=7),value=0,index=19>
VD,method=Main:1#run:1 <name=next,type=Main$Dice (id=95),value=<?>,index=20>
FR,context=Main$Dice:5,h
FR,context=Main:1,dy
VW,context=Main:1#run:1,nextH=1
FR,context=Main$Dice:5,w
FR,context=Main:1,dx
VW,context=Main:1#run:1,nextW=1
FR,context=Main$Dice:5,top
FR,context=Main$Dice:5,front
FR,context=Main$Dice:5,right
FR,context=Main$Dice:5,back
FR,context=Main$Dice:5,left
FR,context=Main$Dice:5,reverse
FR,context=Main$Dice:5,cost
NO,object=Main$Dice:8
MC,caller=Main:1#run:1,target=Main$Dice:8#Main$Dice:8
VW,context=Main$Dice:8#Main$Dice:8,top=4
VW,context=Main$Dice:8#Main$Dice:8,front=2
VW,context=Main$Dice:8#Main$Dice:8,left=6
VW,context=Main$Dice:8#Main$Dice:8,reverse=3
VW,context=Main$Dice:8#Main$Dice:8,right=1
VW,context=Main$Dice:8#Main$Dice:8,back=5
VW,context=Main$Dice:8#Main$Dice:8,cost=6
VW,context=Main$Dice:8#Main$Dice:8,h=1
VW,context=Main$Dice:8#Main$Dice:8,w=1
FW,context=Main$Dice:8,top=4
FW,context=Main$Dice:8,front=2
FW,context=Main$Dice:8,right=1
FW,context=Main$Dice:8,back=5
FW,context=Main$Dice:8,left=6
FW,context=Main$Dice:8,reverse=3
FW,context=Main$Dice:8,h=1
FW,context=Main$Dice:8,w=1
FW,context=Main$Dice:8,cost=6
ME,returner=Main$Dice:8#Main$Dice:8,value=<void>
VW,context=Main:1#run:1,next=Main$Dice:8
MC,caller=Main:1#run:1,target=Main$Dice:8#roll_front:2
FR,context=Main$Dice:8,top
VW,context=Main$Dice:8#roll_front:2,tmp=4
FR,context=Main$Dice:8,back
FW,context=Main$Dice:8,top=5
FR,context=Main$Dice:8,reverse
FW,context=Main$Dice:8,back=3
FR,context=Main$Dice:8,front
FW,context=Main$Dice:8,reverse=2
FW,context=Main$Dice:8,front=4
ME,returner=Main$Dice:8#roll_front:2,value=<void>
FR,context=Main$Dice:8,cost
FR,context=Main$Dice:8,h
FR,context=Main$Dice:8,w
FR,context=Main$Dice:8,reverse
FW,context=Main$Dice:8,cost=22
FR,context=Main$Dice:8,cost
FR,context=Main$Dice:8,h
FR,context=Main$Dice:8,w
FR,context=Main$Dice:8,top
FR,context=Main$Dice:8,front
FR,context=Main$Dice:8,h
FR,context=Main$Dice:8,w
FR,context=Main$Dice:8,top
FR,context=Main$Dice:8,front
FR,context=Main$Dice:8,cost
VW,context=Main:1#run:1,j=2
VD,method=Main:1#run:1 <name=nextH,type=int (id=7),value=0,index=18>
VD,method=Main:1#run:1 <name=nextW,type=int (id=7),value=0,index=19>
VD,method=Main:1#run:1 <name=next,type=Main$Dice (id=95),value=<?>,index=20>
FR,context=Main$Dice:5,h
FR,context=Main:1,dy
VW,context=Main:1#run:1,nextH=-1
FR,context=Main$Dice:5,w
FR,context=Main:1,dx
VW,context=Main:1#run:1,nextW=1
VW,context=Main:1#run:1,j=3
VD,method=Main:1#run:1 <name=nextH,type=int (id=7),value=0,index=18>
VD,method=Main:1#run:1 <name=nextW,type=int (id=7),value=0,index=19>
FR,context=Main$Dice:5,h
FR,context=Main:1,dy
VW,context=Main:1#run:1,nextH=0
FR,context=Main$Dice:5,w
FR,context=Main:1,dx
VW,context=Main:1#run:1,nextW=0
FR,context=Main$Dice:5,top
FR,context=Main$Dice:5,front
FR,context=Main$Dice:5,right
FR,context=Main$Dice:5,back
FR,context=Main$Dice:5,left
FR,context=Main$Dice:5,reverse
FR,context=Main$Dice:5,cost
NO,object=Main$Dice:9
MC,caller=Main:1#run:1,target=Main$Dice:9#Main$Dice:9
VW,context=Main$Dice:9#Main$Dice:9,top=4
VW,context=Main$Dice:9#Main$Dice:9,front=2
VW,context=Main$Dice:9#Main$Dice:9,left=6
VW,context=Main$Dice:9#Main$Dice:9,reverse=3
VW,context=Main$Dice:9#Main$Dice:9,right=1
VW,context=Main$Dice:9#Main$Dice:9,back=5
VW,context=Main$Dice:9#Main$Dice:9,cost=6
VW,context=Main$Dice:9#Main$Dice:9,h=0
VW,context=Main$Dice:9#Main$Dice:9,w=0
FW,context=Main$Dice:9,top=4
FW,context=Main$Dice:9,front=2
FW,context=Main$Dice:9,right=1
FW,context=Main$Dice:9,back=5
FW,context=Main$Dice:9,left=6
FW,context=Main$Dice:9,reverse=3
FW,context=Main$Dice:9,h=0
FW,context=Main$Dice:9,w=0
FW,context=Main$Dice:9,cost=6
ME,returner=Main$Dice:9#Main$Dice:9,value=<void>
VW,context=Main:1#run:1,next=Main$Dice:9
MC,caller=Main:1#run:1,target=Main$Dice:9#roll_left:2
FR,context=Main$Dice:9,top
VW,context=Main$Dice:9#roll_left:2,tmp=4
FR,context=Main$Dice:9,right
FW,context=Main$Dice:9,top=1
FR,context=Main$Dice:9,reverse
FW,context=Main$Dice:9,right=3
FR,context=Main$Dice:9,left
FW,context=Main$Dice:9,reverse=6
FW,context=Main$Dice:9,left=4
ME,returner=Main$Dice:9#roll_left:2,value=<void>
FR,context=Main$Dice:9,cost
FR,context=Main$Dice:9,h
FR,context=Main$Dice:9,w
FR,context=Main$Dice:9,reverse
FW,context=Main$Dice:9,cost=12
FR,context=Main$Dice:9,cost
FR,context=Main$Dice:9,h
FR,context=Main$Dice:9,w
FR,context=Main$Dice:9,top
FR,context=Main$Dice:9,front
VD,method=Main:1#run:1 <name=nextH,type=int (id=7),value=0,index=18>
VD,method=Main:1#run:1 <name=nextW,type=int (id=7),value=0,index=19>
VD,method=Main:1#run:1 <name=next,type=Main$Dice (id=95),value=<?>,index=20>
VW,context=Main:1#run:1,i=1
VD,method=Main:1#run:1 <name=now,type=Main$Dice (id=95),value=Main$Dice:18,index=16>
VD,method=Main:1#run:1 <name=j,type=int (id=7),value=2,index=17>
VW,context=Main:1#run:1,cnt=3
VW,context=Main:1#run:1,now=Main$Dice:6
VW,context=Main:1#run:1,j=0
FR,context=Main$Dice:6,h
FR,context=Main:1,dy
VW,context=Main:1#run:1,nextH=1
FR,context=Main$Dice:6,w
FR,context=Main:1,dx
VW,context=Main:1#run:1,nextW=1
FR,context=Main$Dice:6,top
FR,context=Main$Dice:6,front
FR,context=Main$Dice:6,right
FR,context=Main$Dice:6,back
FR,context=Main$Dice:6,left
FR,context=Main$Dice:6,reverse
FR,context=Main$Dice:6,cost
NO,object=Main$Dice:10
MC,caller=Main:1#run:1,target=Main$Dice:10#Main$Dice:10
VW,context=Main$Dice:10#Main$Dice:10,top=5
VW,context=Main$Dice:10#Main$Dice:10,front=1
VW,context=Main$Dice:10#Main$Dice:10,left=4
VW,context=Main$Dice:10#Main$Dice:10,reverse=2
VW,context=Main$Dice:10#Main$Dice:10,right=3
VW,context=Main$Dice:10#Main$Dice:10,back=6
VW,context=Main$Dice:10#Main$Dice:10,cost=4
VW,context=Main$Dice:10#Main$Dice:10,h=1
VW,context=Main$Dice:10#Main$Dice:10,w=1
FW,context=Main$Dice:10,top=5
FW,context=Main$Dice:10,front=1
FW,context=Main$Dice:10,right=3
FW,context=Main$Dice:10,back=6
FW,context=Main$Dice:10,left=4
FW,context=Main$Dice:10,reverse=2
FW,context=Main$Dice:10,h=1
FW,context=Main$Dice:10,w=1
FW,context=Main$Dice:10,cost=4
ME,returner=Main$Dice:10#Main$Dice:10,value=<void>
VW,context=Main:1#run:1,next=Main$Dice:10
MC,caller=Main:1#run:1,target=Main$Dice:10#roll_right:4
FR,context=Main$Dice:10,top
VW,context=Main$Dice:10#roll_right:4,tmp=5
FR,context=Main$Dice:10,left
FW,context=Main$Dice:10,top=4
FR,context=Main$Dice:10,reverse
FW,context=Main$Dice:10,left=2
FR,context=Main$Dice:10,right
FW,context=Main$Dice:10,reverse=3
FW,context=Main$Dice:10,right=5
ME,returner=Main$Dice:10#roll_right:4,value=<void>
FR,context=Main$Dice:10,cost
FR,context=Main$Dice:10,h
FR,context=Main$Dice:10,w
FR,context=Main$Dice:10,reverse
FW,context=Main$Dice:10,cost=28
FR,context=Main$Dice:10,cost
FR,context=Main$Dice:10,h
FR,context=Main$Dice:10,w
FR,context=Main$Dice:10,top
FR,context=Main$Dice:10,front
FR,context=Main$Dice:10,h
FR,context=Main$Dice:10,w
FR,context=Main$Dice:10,top
FR,context=Main$Dice:10,front
FR,context=Main$Dice:10,cost
VW,context=Main:1#run:1,j=1
VD,method=Main:1#run:1 <name=nextH,type=int (id=7),value=0,index=18>
VD,method=Main:1#run:1 <name=nextW,type=int (id=7),value=0,index=19>
VD,method=Main:1#run:1 <name=next,type=Main$Dice (id=95),value=<?>,index=20>
FR,context=Main$Dice:6,h
FR,context=Main:1,dy
VW,context=Main:1#run:1,nextH=2
FR,context=Main$Dice:6,w
FR,context=Main:1,dx
VW,context=Main:1#run:1,nextW=0
FR,context=Main$Dice:6,top
FR,context=Main$Dice:6,front
FR,context=Main$Dice:6,right
FR,context=Main$Dice:6,back
FR,context=Main$Dice:6,left
FR,context=Main$Dice:6,reverse
FR,context=Main$Dice:6,cost
NO,object=Main$Dice:11
MC,caller=Main:1#run:1,target=Main$Dice:11#Main$Dice:11
VW,context=Main$Dice:11#Main$Dice:11,top=5
VW,context=Main$Dice:11#Main$Dice:11,front=1
VW,context=Main$Dice:11#Main$Dice:11,left=4
VW,context=Main$Dice:11#Main$Dice:11,reverse=2
VW,context=Main$Dice:11#Main$Dice:11,right=3
VW,context=Main$Dice:11#Main$Dice:11,back=6
VW,context=Main$Dice:11#Main$Dice:11,cost=4
VW,context=Main$Dice:11#Main$Dice:11,h=2
VW,context=Main$Dice:11#Main$Dice:11,w=0
FW,context=Main$Dice:11,top=5
FW,context=Main$Dice:11,front=1
FW,context=Main$Dice:11,right=3
FW,context=Main$Dice:11,back=6
FW,context=Main$Dice:11,left=4
FW,context=Main$Dice:11,reverse=2
FW,context=Main$Dice:11,h=2
FW,context=Main$Dice:11,w=0
FW,context=Main$Dice:11,cost=4
ME,returner=Main$Dice:11#Main$Dice:11,value=<void>
VW,context=Main:1#run:1,next=Main$Dice:11
MC,caller=Main:1#run:1,target=Main$Dice:11#roll_front:3
FR,context=Main$Dice:11,top
VW,context=Main$Dice:11#roll_front:3,tmp=5
FR,context=Main$Dice:11,back
FW,context=Main$Dice:11,top=6
FR,context=Main$Dice:11,reverse
FW,context=Main$Dice:11,back=2
FR,context=Main$Dice:11,front
FW,context=Main$Dice:11,reverse=1
FW,context=Main$Dice:11,front=5
ME,returner=Main$Dice:11#roll_front:3,value=<void>
FR,context=Main$Dice:11,cost
FR,context=Main$Dice:11,h
FR,context=Main$Dice:11,w
FR,context=Main$Dice:11,reverse
FW,context=Main$Dice:11,cost=4
FR,context=Main$Dice:11,cost
FR,context=Main$Dice:11,h
FR,context=Main$Dice:11,w
FR,context=Main$Dice:11,top
FR,context=Main$Dice:11,front
FR,context=Main$Dice:11,h
FR,context=Main$Dice:11,w
FR,context=Main$Dice:11,top
FR,context=Main$Dice:11,front
FR,context=Main$Dice:11,cost
VW,context=Main:1#run:1,j=2
VD,method=Main:1#run:1 <name=nextH,type=int (id=7),value=0,index=18>
VD,method=Main:1#run:1 <name=nextW,type=int (id=7),value=0,index=19>
VD,method=Main:1#run:1 <name=next,type=Main$Dice (id=95),value=<?>,index=20>
FR,context=Main$Dice:6,h
FR,context=Main:1,dy
VW,context=Main:1#run:1,nextH=0
FR,context=Main$Dice:6,w
FR,context=Main:1,dx
VW,context=Main:1#run:1,nextW=0
FR,context=Main$Dice:6,top
FR,context=Main$Dice:6,front
FR,context=Main$Dice:6,right
FR,context=Main$Dice:6,back
FR,context=Main$Dice:6,left
FR,context=Main$Dice:6,reverse
FR,context=Main$Dice:6,cost
NO,object=Main$Dice:12
MC,caller=Main:1#run:1,target=Main$Dice:12#Main$Dice:12
VW,context=Main$Dice:12#Main$Dice:12,top=5
VW,context=Main$Dice:12#Main$Dice:12,front=1
VW,context=Main$Dice:12#Main$Dice:12,left=4
VW,context=Main$Dice:12#Main$Dice:12,reverse=2
VW,context=Main$Dice:12#Main$Dice:12,right=3
VW,context=Main$Dice:12#Main$Dice:12,back=6
VW,context=Main$Dice:12#Main$Dice:12,cost=4
VW,context=Main$Dice:12#Main$Dice:12,h=0
VW,context=Main$Dice:12#Main$Dice:12,w=0
FW,context=Main$Dice:12,top=5
FW,context=Main$Dice:12,front=1
FW,context=Main$Dice:12,right=3
FW,context=Main$Dice:12,back=6
FW,context=Main$Dice:12,left=4
FW,context=Main$Dice:12,reverse=2
FW,context=Main$Dice:12,h=0
FW,context=Main$Dice:12,w=0
FW,context=Main$Dice:12,cost=4
ME,returner=Main$Dice:12#Main$Dice:12,value=<void>
VW,context=Main:1#run:1,next=Main$Dice:12
MC,caller=Main:1#run:1,target=Main$Dice:12#roll_back:1
FR,context=Main$Dice:12,top
VW,context=Main$Dice:12#roll_back:1,tmp=5
FR,context=Main$Dice:12,front
FW,context=Main$Dice:12,top=1
FR,context=Main$Dice:12,reverse
FW,context=Main$Dice:12,front=2
FR,context=Main$Dice:12,back
FW,context=Main$Dice:12,reverse=6
FW,context=Main$Dice:12,back=5
ME,returner=Main$Dice:12#roll_back:1,value=<void>
FR,context=Main$Dice:12,cost
FR,context=Main$Dice:12,h
FR,context=Main$Dice:12,w
FR,context=Main$Dice:12,reverse
FW,context=Main$Dice:12,cost=10
FR,context=Main$Dice:12,cost
FR,context=Main$Dice:12,h
FR,context=Main$Dice:12,w
FR,context=Main$Dice:12,top
FR,context=Main$Dice:12,front
VW,context=Main:1#run:1,j=3
VD,method=Main:1#run:1 <name=nextH,type=int (id=7),value=0,index=18>
VD,method=Main:1#run:1 <name=nextW,type=int (id=7),value=0,index=19>
VD,method=Main:1#run:1 <name=next,type=Main$Dice (id=95),value=<?>,index=20>
FR,context=Main$Dice:6,h
FR,context=Main:1,dy
VW,context=Main:1#run:1,nextH=1
FR,context=Main$Dice:6,w
FR,context=Main:1,dx
VW,context=Main:1#run:1,nextW=-1
VD,method=Main:1#run:1 <name=nextH,type=int (id=7),value=0,index=18>
VD,method=Main:1#run:1 <name=nextW,type=int (id=7),value=0,index=19>
VD,method=Main:1#run:1 <name=now,type=Main$Dice (id=95),value=Main$Dice:18,index=16>
VD,method=Main:1#run:1 <name=j,type=int (id=7),value=2,index=17>
VD,method=Main:1#run:1 <name=size,type=int (id=7),value=8,index=14>
VD,method=Main:1#run:1 <name=i,type=int (id=7),value=3,index=15>
VW,context=Main:1#run:1,size=4
VW,context=Main:1#run:1,i=0
VW,context=Main:1#run:1,cnt=4
VW,context=Main:1#run:1,now=Main$Dice:7
VW,context=Main:1#run:1,j=0
FR,context=Main$Dice:7,h
FR,context=Main:1,dy
VW,context=Main:1#run:1,nextH=0
FR,context=Main$Dice:7,w
FR,context=Main:1,dx
VW,context=Main:1#run:1,nextW=3
VW,context=Main:1#run:1,j=1
VD,method=Main:1#run:1 <name=nextH,type=int (id=7),value=0,index=18>
VD,method=Main:1#run:1 <name=nextW,type=int (id=7),value=0,index=19>
FR,context=Main$Dice:7,h
FR,context=Main:1,dy
VW,context=Main:1#run:1,nextH=1
FR,context=Main$Dice:7,w
FR,context=Main:1,dx
VW,context=Main:1#run:1,nextW=2
FR,context=Main$Dice:7,top
FR,context=Main$Dice:7,front
FR,context=Main$Dice:7,right
FR,context=Main$Dice:7,back
FR,context=Main$Dice:7,left
FR,context=Main$Dice:7,reverse
FR,context=Main$Dice:7,cost
NO,object=Main$Dice:13
MC,caller=Main:1#run:1,target=Main$Dice:13#Main$Dice:13
VW,context=Main$Dice:13#Main$Dice:13,top=6
VW,context=Main$Dice:13#Main$Dice:13,front=2
VW,context=Main$Dice:13#Main$Dice:13,left=3
VW,context=Main$Dice:13#Main$Dice:13,reverse=1
VW,context=Main$Dice:13#Main$Dice:13,right=4
VW,context=Main$Dice:13#Main$Dice:13,back=5
VW,context=Main$Dice:13#Main$Dice:13,cost=11
VW,context=Main$Dice:13#Main$Dice:13,h=1
VW,context=Main$Dice:13#Main$Dice:13,w=2
FW,context=Main$Dice:13,top=6
FW,context=Main$Dice:13,front=2
FW,context=Main$Dice:13,right=4
FW,context=Main$Dice:13,back=5
FW,context=Main$Dice:13,left=3
FW,context=Main$Dice:13,reverse=1
FW,context=Main$Dice:13,h=1
FW,context=Main$Dice:13,w=2
FW,context=Main$Dice:13,cost=11
ME,returner=Main$Dice:13#Main$Dice:13,value=<void>
VW,context=Main:1#run:1,next=Main$Dice:13
MC,caller=Main:1#run:1,target=Main$Dice:13#roll_front:4
FR,context=Main$Dice:13,top
VW,context=Main$Dice:13#roll_front:4,tmp=6
FR,context=Main$Dice:13,back
FW,context=Main$Dice:13,top=5
FR,context=Main$Dice:13,reverse
FW,context=Main$Dice:13,back=1
FR,context=Main$Dice:13,front
FW,context=Main$Dice:13,reverse=2
FW,context=Main$Dice:13,front=6
ME,returner=Main$Dice:13#roll_front:4,value=<void>
FR,context=Main$Dice:13,cost
FR,context=Main$Dice:13,h
FR,context=Main$Dice:13,w
FR,context=Main$Dice:13,reverse
FW,context=Main$Dice:13,cost=17
FR,context=Main$Dice:13,cost
FR,context=Main$Dice:13,h
FR,context=Main$Dice:13,w
FR,context=Main$Dice:13,top
FR,context=Main$Dice:13,front
FR,context=Main$Dice:13,h
FR,context=Main$Dice:13,w
FR,context=Main$Dice:13,top
FR,context=Main$Dice:13,front
FR,context=Main$Dice:13,cost
VW,context=Main:1#run:1,j=2
VD,method=Main:1#run:1 <name=nextH,type=int (id=7),value=0,index=18>
VD,method=Main:1#run:1 <name=nextW,type=int (id=7),value=0,index=19>
VD,method=Main:1#run:1 <name=next,type=Main$Dice (id=95),value=<?>,index=20>
FR,context=Main$Dice:7,h
FR,context=Main:1,dy
VW,context=Main:1#run:1,nextH=-1
FR,context=Main$Dice:7,w
FR,context=Main:1,dx
VW,context=Main:1#run:1,nextW=2
VW,context=Main:1#run:1,j=3
VD,method=Main:1#run:1 <name=nextH,type=int (id=7),value=0,index=18>
VD,method=Main:1#run:1 <name=nextW,type=int (id=7),value=0,index=19>
FR,context=Main$Dice:7,h
FR,context=Main:1,dy
VW,context=Main:1#run:1,nextH=0
FR,context=Main$Dice:7,w
FR,context=Main:1,dx
VW,context=Main:1#run:1,nextW=1
FR,context=Main$Dice:7,top
FR,context=Main$Dice:7,front
FR,context=Main$Dice:7,right
FR,context=Main$Dice:7,back
FR,context=Main$Dice:7,left
FR,context=Main$Dice:7,reverse
FR,context=Main$Dice:7,cost
NO,object=Main$Dice:14
MC,caller=Main:1#run:1,target=Main$Dice:14#Main$Dice:14
VW,context=Main$Dice:14#Main$Dice:14,top=6
VW,context=Main$Dice:14#Main$Dice:14,front=2
VW,context=Main$Dice:14#Main$Dice:14,left=3
VW,context=Main$Dice:14#Main$Dice:14,reverse=1
VW,context=Main$Dice:14#Main$Dice:14,right=4
VW,context=Main$Dice:14#Main$Dice:14,back=5
VW,context=Main$Dice:14#Main$Dice:14,cost=11
VW,context=Main$Dice:14#Main$Dice:14,h=0
VW,context=Main$Dice:14#Main$Dice:14,w=1
FW,context=Main$Dice:14,top=6
FW,context=Main$Dice:14,front=2
FW,context=Main$Dice:14,right=4
FW,context=Main$Dice:14,back=5
FW,context=Main$Dice:14,left=3
FW,context=Main$Dice:14,reverse=1
FW,context=Main$Dice:14,h=0
FW,context=Main$Dice:14,w=1
FW,context=Main$Dice:14,cost=11
ME,returner=Main$Dice:14#Main$Dice:14,value=<void>
VW,context=Main:1#run:1,next=Main$Dice:14
MC,caller=Main:1#run:1,target=Main$Dice:14#roll_left:3
FR,context=Main$Dice:14,top
VW,context=Main$Dice:14#roll_left:3,tmp=6
FR,context=Main$Dice:14,right
FW,context=Main$Dice:14,top=4
FR,context=Main$Dice:14,reverse
FW,context=Main$Dice:14,right=1
FR,context=Main$Dice:14,left
FW,context=Main$Dice:14,reverse=3
FW,context=Main$Dice:14,left=6
ME,returner=Main$Dice:14#roll_left:3,value=<void>
FR,context=Main$Dice:14,cost
FR,context=Main$Dice:14,h
FR,context=Main$Dice:14,w
FR,context=Main$Dice:14,reverse
FW,context=Main$Dice:14,cost=17
FR,context=Main$Dice:14,cost
FR,context=Main$Dice:14,h
FR,context=Main$Dice:14,w
FR,context=Main$Dice:14,top
FR,context=Main$Dice:14,front
VD,method=Main:1#run:1 <name=nextH,type=int (id=7),value=0,index=18>
VD,method=Main:1#run:1 <name=nextW,type=int (id=7),value=0,index=19>
VD,method=Main:1#run:1 <name=next,type=Main$Dice (id=95),value=<?>,index=20>
VW,context=Main:1#run:1,i=1
VD,method=Main:1#run:1 <name=now,type=Main$Dice (id=95),value=Main$Dice:18,index=16>
VD,method=Main:1#run:1 <name=j,type=int (id=7),value=2,index=17>
VW,context=Main:1#run:1,cnt=5
VW,context=Main:1#run:1,now=Main$Dice:8
VW,context=Main:1#run:1,j=0
FR,context=Main$Dice:8,h
FR,context=Main:1,dy
VW,context=Main:1#run:1,nextH=1
FR,context=Main$Dice:8,w
FR,context=Main:1,dx
VW,context=Main:1#run:1,nextW=2
FR,context=Main$Dice:8,top
FR,context=Main$Dice:8,front
FR,context=Main$Dice:8,right
FR,context=Main$Dice:8,back
FR,context=Main$Dice:8,left
FR,context=Main$Dice:8,reverse
FR,context=Main$Dice:8,cost
NO,object=Main$Dice:15
MC,caller=Main:1#run:1,target=Main$Dice:15#Main$Dice:15
VW,context=Main$Dice:15#Main$Dice:15,top=5
VW,context=Main$Dice:15#Main$Dice:15,front=4
VW,context=Main$Dice:15#Main$Dice:15,left=6
VW,context=Main$Dice:15#Main$Dice:15,reverse=2
VW,context=Main$Dice:15#Main$Dice:15,right=1
VW,context=Main$Dice:15#Main$Dice:15,back=3
VW,context=Main$Dice:15#Main$Dice:15,cost=22
VW,context=Main$Dice:15#Main$Dice:15,h=1
VW,context=Main$Dice:15#Main$Dice:15,w=2
FW,context=Main$Dice:15,top=5
FW,context=Main$Dice:15,front=4
FW,context=Main$Dice:15,right=1
FW,context=Main$Dice:15,back=3
FW,context=Main$Dice:15,left=6
FW,context=Main$Dice:15,reverse=2
FW,context=Main$Dice:15,h=1
FW,context=Main$Dice:15,w=2
FW,context=Main$Dice:15,cost=22
ME,returner=Main$Dice:15#Main$Dice:15,value=<void>
VW,context=Main:1#run:1,next=Main$Dice:15
MC,caller=Main:1#run:1,target=Main$Dice:15#roll_right:5
FR,context=Main$Dice:15,top
VW,context=Main$Dice:15#roll_right:5,tmp=5
FR,context=Main$Dice:15,left
FW,context=Main$Dice:15,top=6
FR,context=Main$Dice:15,reverse
FW,context=Main$Dice:15,left=2
FR,context=Main$Dice:15,right
FW,context=Main$Dice:15,reverse=1
FW,context=Main$Dice:15,right=5
ME,returner=Main$Dice:15#roll_right:5,value=<void>
FR,context=Main$Dice:15,cost
FR,context=Main$Dice:15,h
FR,context=Main$Dice:15,w
FR,context=Main$Dice:15,reverse
FW,context=Main$Dice:15,cost=25
FR,context=Main$Dice:15,cost
FR,context=Main$Dice:15,h
FR,context=Main$Dice:15,w
FR,context=Main$Dice:15,top
FR,context=Main$Dice:15,front
FR,context=Main$Dice:15,h
FR,context=Main$Dice:15,w
FR,context=Main$Dice:15,top
FR,context=Main$Dice:15,front
FR,context=Main$Dice:15,cost
VW,context=Main:1#run:1,j=1
VD,method=Main:1#run:1 <name=nextH,type=int (id=7),value=0,index=18>
VD,method=Main:1#run:1 <name=nextW,type=int (id=7),value=0,index=19>
VD,method=Main:1#run:1 <name=next,type=Main$Dice (id=95),value=<?>,index=20>
FR,context=Main$Dice:8,h
FR,context=Main:1,dy
VW,context=Main:1#run:1,nextH=2
FR,context=Main$Dice:8,w
FR,context=Main:1,dx
VW,context=Main:1#run:1,nextW=1
FR,context=Main$Dice:8,top
FR,context=Main$Dice:8,front
FR,context=Main$Dice:8,right
FR,context=Main$Dice:8,back
FR,context=Main$Dice:8,left
FR,context=Main$Dice:8,reverse
FR,context=Main$Dice:8,cost
NO,object=Main$Dice:16
MC,caller=Main:1#run:1,target=Main$Dice:16#Main$Dice:16
VW,context=Main$Dice:16#Main$Dice:16,top=5
VW,context=Main$Dice:16#Main$Dice:16,front=4
VW,context=Main$Dice:16#Main$Dice:16,left=6
VW,context=Main$Dice:16#Main$Dice:16,reverse=2
VW,context=Main$Dice:16#Main$Dice:16,right=1
VW,context=Main$Dice:16#Main$Dice:16,back=3
VW,context=Main$Dice:16#Main$Dice:16,cost=22
VW,context=Main$Dice:16#Main$Dice:16,h=2
VW,context=Main$Dice:16#Main$Dice:16,w=1
FW,context=Main$Dice:16,top=5
FW,context=Main$Dice:16,front=4
FW,context=Main$Dice:16,right=1
FW,context=Main$Dice:16,back=3
FW,context=Main$Dice:16,left=6
FW,context=Main$Dice:16,reverse=2
FW,context=Main$Dice:16,h=2
FW,context=Main$Dice:16,w=1
FW,context=Main$Dice:16,cost=22
ME,returner=Main$Dice:16#Main$Dice:16,value=<void>
VW,context=Main:1#run:1,next=Main$Dice:16
MC,caller=Main:1#run:1,target=Main$Dice:16#roll_front:5
FR,context=Main$Dice:16,top
VW,context=Main$Dice:16#roll_front:5,tmp=5
FR,context=Main$Dice:16,back
FW,context=Main$Dice:16,top=3
FR,context=Main$Dice:16,reverse
FW,context=Main$Dice:16,back=2
FR,context=Main$Dice:16,front
FW,context=Main$Dice:16,reverse=4
FW,context=Main$Dice:16,front=5
ME,returner=Main$Dice:16#roll_front:5,value=<void>
FR,context=Main$Dice:16,cost
FR,context=Main$Dice:16,h
FR,context=Main$Dice:16,w
FR,context=Main$Dice:16,reverse
FW,context=Main$Dice:16,cost=26
FR,context=Main$Dice:16,cost
FR,context=Main$Dice:16,h
FR,context=Main$Dice:16,w
FR,context=Main$Dice:16,top
FR,context=Main$Dice:16,front
FR,context=Main$Dice:16,h
FR,context=Main$Dice:16,w
FR,context=Main$Dice:16,top
FR,context=Main$Dice:16,front
FR,context=Main$Dice:16,cost
VW,context=Main:1#run:1,j=2
VD,method=Main:1#run:1 <name=nextH,type=int (id=7),value=0,index=18>
VD,method=Main:1#run:1 <name=nextW,type=int (id=7),value=0,index=19>
VD,method=Main:1#run:1 <name=next,type=Main$Dice (id=95),value=<?>,index=20>
FR,context=Main$Dice:8,h
FR,context=Main:1,dy
VW,context=Main:1#run:1,nextH=0
FR,context=Main$Dice:8,w
FR,context=Main:1,dx
VW,context=Main:1#run:1,nextW=1
FR,context=Main$Dice:8,top
FR,context=Main$Dice:8,front
FR,context=Main$Dice:8,right
FR,context=Main$Dice:8,back
FR,context=Main$Dice:8,left
FR,context=Main$Dice:8,reverse
FR,context=Main$Dice:8,cost
NO,object=Main$Dice:17
MC,caller=Main:1#run:1,target=Main$Dice:17#Main$Dice:17
VW,context=Main$Dice:17#Main$Dice:17,top=5
VW,context=Main$Dice:17#Main$Dice:17,front=4
VW,context=Main$Dice:17#Main$Dice:17,left=6
VW,context=Main$Dice:17#Main$Dice:17,reverse=2
VW,context=Main$Dice:17#Main$Dice:17,right=1
VW,context=Main$Dice:17#Main$Dice:17,back=3
VW,context=Main$Dice:17#Main$Dice:17,cost=22
VW,context=Main$Dice:17#Main$Dice:17,h=0
VW,context=Main$Dice:17#Main$Dice:17,w=1
FW,context=Main$Dice:17,top=5
FW,context=Main$Dice:17,front=4
FW,context=Main$Dice:17,right=1
FW,context=Main$Dice:17,back=3
FW,context=Main$Dice:17,left=6
FW,context=Main$Dice:17,reverse=2
FW,context=Main$Dice:17,h=0
FW,context=Main$Dice:17,w=1
FW,context=Main$Dice:17,cost=22
ME,returner=Main$Dice:17#Main$Dice:17,value=<void>
VW,context=Main:1#run:1,next=Main$Dice:17
MC,caller=Main:1#run:1,target=Main$Dice:17#roll_back:2
FR,context=Main$Dice:17,top
VW,context=Main$Dice:17#roll_back:2,tmp=5
FR,context=Main$Dice:17,front
FW,context=Main$Dice:17,top=4
FR,context=Main$Dice:17,reverse
FW,context=Main$Dice:17,front=2
FR,context=Main$Dice:17,back
FW,context=Main$Dice:17,reverse=3
FW,context=Main$Dice:17,back=5
ME,returner=Main$Dice:17#roll_back:2,value=<void>
FR,context=Main$Dice:17,cost
FR,context=Main$Dice:17,h
FR,context=Main$Dice:17,w
FR,context=Main$Dice:17,reverse
FW,context=Main$Dice:17,cost=28
FR,context=Main$Dice:17,cost
FR,context=Main$Dice:17,h
FR,context=Main$Dice:17,w
FR,context=Main$Dice:17,top
FR,context=Main$Dice:17,front
VW,context=Main:1#run:1,j=3
VD,method=Main:1#run:1 <name=nextH,type=int (id=7),value=0,index=18>
VD,method=Main:1#run:1 <name=nextW,type=int (id=7),value=0,index=19>
VD,method=Main:1#run:1 <name=next,type=Main$Dice (id=95),value=<?>,index=20>
FR,context=Main$Dice:8,h
FR,context=Main:1,dy
VW,context=Main:1#run:1,nextH=1
FR,context=Main$Dice:8,w
FR,context=Main:1,dx
VW,context=Main:1#run:1,nextW=0
FR,context=Main$Dice:8,top
FR,context=Main$Dice:8,front
FR,context=Main$Dice:8,right
FR,context=Main$Dice:8,back
FR,context=Main$Dice:8,left
FR,context=Main$Dice:8,reverse
FR,context=Main$Dice:8,cost
NO,object=Main$Dice:18
MC,caller=Main:1#run:1,target=Main$Dice:18#Main$Dice:18
VW,context=Main$Dice:18#Main$Dice:18,top=5
VW,context=Main$Dice:18#Main$Dice:18,front=4
VW,context=Main$Dice:18#Main$Dice:18,left=6
VW,context=Main$Dice:18#Main$Dice:18,reverse=2
VW,context=Main$Dice:18#Main$Dice:18,right=1
VW,context=Main$Dice:18#Main$Dice:18,back=3
VW,context=Main$Dice:18#Main$Dice:18,cost=22
VW,context=Main$Dice:18#Main$Dice:18,h=1
VW,context=Main$Dice:18#Main$Dice:18,w=0
FW,context=Main$Dice:18,top=5
FW,context=Main$Dice:18,front=4
FW,context=Main$Dice:18,right=1
FW,context=Main$Dice:18,back=3
FW,context=Main$Dice:18,left=6
FW,context=Main$Dice:18,reverse=2
FW,context=Main$Dice:18,h=1
FW,context=Main$Dice:18,w=0
FW,context=Main$Dice:18,cost=22
ME,returner=Main$Dice:18#Main$Dice:18,value=<void>
VW,context=Main:1#run:1,next=Main$Dice:18
MC,caller=Main:1#run:1,target=Main$Dice:18#roll_left:4
FR,context=Main$Dice:18,top
VW,context=Main$Dice:18#roll_left:4,tmp=5
FR,context=Main$Dice:18,right
FW,context=Main$Dice:18,top=1
FR,context=Main$Dice:18,reverse
FW,context=Main$Dice:18,right=2
FR,context=Main$Dice:18,left
FW,context=Main$Dice:18,reverse=6
FW,context=Main$Dice:18,left=5
ME,returner=Main$Dice:18#roll_left:4,value=<void>
FR,context=Main$Dice:18,cost
FR,context=Main$Dice:18,h
FR,context=Main$Dice:18,w
FR,context=Main$Dice:18,reverse
FW,context=Main$Dice:18,cost=34
FR,context=Main$Dice:18,cost
FR,context=Main$Dice:18,h
FR,context=Main$Dice:18,w
FR,context=Main$Dice:18,top
FR,context=Main$Dice:18,front
FR,context=Main$Dice:18,h
FR,context=Main$Dice:18,w
FR,context=Main$Dice:18,top
FR,context=Main$Dice:18,front
FR,context=Main$Dice:18,cost
VD,method=Main:1#run:1 <name=nextH,type=int (id=7),value=0,index=18>
VD,method=Main:1#run:1 <name=nextW,type=int (id=7),value=0,index=19>
VD,method=Main:1#run:1 <name=next,type=Main$Dice (id=95),value=<?>,index=20>
VW,context=Main:1#run:1,i=2
VD,method=Main:1#run:1 <name=now,type=Main$Dice (id=95),value=Main$Dice:18,index=16>
VD,method=Main:1#run:1 <name=j,type=int (id=7),value=2,index=17>
VW,context=Main:1#run:1,cnt=6
VW,context=Main:1#run:1,now=Main$Dice:10
VW,context=Main:1#run:1,j=0
FR,context=Main$Dice:10,h
FR,context=Main:1,dy
VW,context=Main:1#run:1,nextH=1
FR,context=Main$Dice:10,w
FR,context=Main:1,dx
VW,context=Main:1#run:1,nextW=2
FR,context=Main$Dice:10,top
FR,context=Main$Dice:10,front
FR,context=Main$Dice:10,right
FR,context=Main$Dice:10,back
FR,context=Main$Dice:10,left
FR,context=Main$Dice:10,reverse
FR,context=Main$Dice:10,cost
NO,object=Main$Dice:19
MC,caller=Main:1#run:1,target=Main$Dice:19#Main$Dice:19
VW,context=Main$Dice:19#Main$Dice:19,top=4
VW,context=Main$Dice:19#Main$Dice:19,front=1
VW,context=Main$Dice:19#Main$Dice:19,left=2
VW,context=Main$Dice:19#Main$Dice:19,reverse=3
VW,context=Main$Dice:19#Main$Dice:19,right=5
VW,context=Main$Dice:19#Main$Dice:19,back=6
VW,context=Main$Dice:19#Main$Dice:19,cost=28
VW,context=Main$Dice:19#Main$Dice:19,h=1
VW,context=Main$Dice:19#Main$Dice:19,w=2
FW,context=Main$Dice:19,top=4
FW,context=Main$Dice:19,front=1
FW,context=Main$Dice:19,right=5
FW,context=Main$Dice:19,back=6
FW,context=Main$Dice:19,left=2
FW,context=Main$Dice:19,reverse=3
FW,context=Main$Dice:19,h=1
FW,context=Main$Dice:19,w=2
FW,context=Main$Dice:19,cost=28
ME,returner=Main$Dice:19#Main$Dice:19,value=<void>
VW,context=Main:1#run:1,next=Main$Dice:19
MC,caller=Main:1#run:1,target=Main$Dice:19#roll_right:6
FR,context=Main$Dice:19,top
VW,context=Main$Dice:19#roll_right:6,tmp=4
FR,context=Main$Dice:19,left
FW,context=Main$Dice:19,top=2
FR,context=Main$Dice:19,reverse
FW,context=Main$Dice:19,left=3
FR,context=Main$Dice:19,right
FW,context=Main$Dice:19,reverse=5
FW,context=Main$Dice:19,right=4
ME,returner=Main$Dice:19#roll_right:6,value=<void>
FR,context=Main$Dice:19,cost
FR,context=Main$Dice:19,h
FR,context=Main$Dice:19,w
FR,context=Main$Dice:19,reverse
FW,context=Main$Dice:19,cost=43
FR,context=Main$Dice:19,cost
FR,context=Main$Dice:19,h
FR,context=Main$Dice:19,w
FR,context=Main$Dice:19,top
FR,context=Main$Dice:19,front
FR,context=Main$Dice:19,h
FR,context=Main$Dice:19,w
FR,context=Main$Dice:19,top
FR,context=Main$Dice:19,front
FR,context=Main$Dice:19,cost
VW,context=Main:1#run:1,j=1
VD,method=Main:1#run:1 <name=nextH,type=int (id=7),value=0,index=18>
VD,method=Main:1#run:1 <name=nextW,type=int (id=7),value=0,index=19>
VD,method=Main:1#run:1 <name=next,type=Main$Dice (id=95),value=<?>,index=20>
FR,context=Main$Dice:10,h
FR,context=Main:1,dy
VW,context=Main:1#run:1,nextH=2
FR,context=Main$Dice:10,w
FR,context=Main:1,dx
VW,context=Main:1#run:1,nextW=1
FR,context=Main$Dice:10,top
FR,context=Main$Dice:10,front
FR,context=Main$Dice:10,right
FR,context=Main$Dice:10,back
FR,context=Main$Dice:10,left
FR,context=Main$Dice:10,reverse
FR,context=Main$Dice:10,cost
NO,object=Main$Dice:20
MC,caller=Main:1#run:1,target=Main$Dice:20#Main$Dice:20
VW,context=Main$Dice:20#Main$Dice:20,top=4
VW,context=Main$Dice:20#Main$Dice:20,front=1
VW,context=Main$Dice:20#Main$Dice:20,left=2
VW,context=Main$Dice:20#Main$Dice:20,reverse=3
VW,context=Main$Dice:20#Main$Dice:20,right=5
VW,context=Main$Dice:20#Main$Dice:20,back=6
VW,context=Main$Dice:20#Main$Dice:20,cost=28
VW,context=Main$Dice:20#Main$Dice:20,h=2
VW,context=Main$Dice:20#Main$Dice:20,w=1
FW,context=Main$Dice:20,top=4
FW,context=Main$Dice:20,front=1
FW,context=Main$Dice:20,right=5
FW,context=Main$Dice:20,back=6
FW,context=Main$Dice:20,left=2
FW,context=Main$Dice:20,reverse=3
FW,context=Main$Dice:20,h=2
FW,context=Main$Dice:20,w=1
FW,context=Main$Dice:20,cost=28
ME,returner=Main$Dice:20#Main$Dice:20,value=<void>
VW,context=Main:1#run:1,next=Main$Dice:20
MC,caller=Main:1#run:1,target=Main$Dice:20#roll_front:6
FR,context=Main$Dice:20,top
VW,context=Main$Dice:20#roll_front:6,tmp=4
FR,context=Main$Dice:20,back
FW,context=Main$Dice:20,top=6
FR,context=Main$Dice:20,reverse
FW,context=Main$Dice:20,back=3
FR,context=Main$Dice:20,front
FW,context=Main$Dice:20,reverse=1
FW,context=Main$Dice:20,front=4
ME,returner=Main$Dice:20#roll_front:6,value=<void>
FR,context=Main$Dice:20,cost
FR,context=Main$Dice:20,h
FR,context=Main$Dice:20,w
FR,context=Main$Dice:20,reverse
FW,context=Main$Dice:20,cost=29
FR,context=Main$Dice:20,cost
FR,context=Main$Dice:20,h
FR,context=Main$Dice:20,w
FR,context=Main$Dice:20,top
FR,context=Main$Dice:20,front
FR,context=Main$Dice:20,h
FR,context=Main$Dice:20,w
FR,context=Main$Dice:20,top
FR,context=Main$Dice:20,front
FR,context=Main$Dice:20,cost
VW,context=Main:1#run:1,j=2
VD,method=Main:1#run:1 <name=nextH,type=int (id=7),value=0,index=18>
VD,method=Main:1#run:1 <name=nextW,type=int (id=7),value=0,index=19>
VD,method=Main:1#run:1 <name=next,type=Main$Dice (id=95),value=<?>,index=20>
FR,context=Main$Dice:10,h
FR,context=Main:1,dy
VW,context=Main:1#run:1,nextH=0
FR,context=Main$Dice:10,w
FR,context=Main:1,dx
VW,context=Main:1#run:1,nextW=1
FR,context=Main$Dice:10,top
FR,context=Main$Dice:10,front
FR,context=Main$Dice:10,right
FR,context=Main$Dice:10,back
FR,context=Main$Dice:10,left
FR,context=Main$Dice:10,reverse
FR,context=Main$Dice:10,cost
NO,object=Main$Dice:21
MC,caller=Main:1#run:1,target=Main$Dice:21#Main$Dice:21
VW,context=Main$Dice:21#Main$Dice:21,top=4
VW,context=Main$Dice:21#Main$Dice:21,front=1
VW,context=Main$Dice:21#Main$Dice:21,left=2
VW,context=Main$Dice:21#Main$Dice:21,reverse=3
VW,context=Main$Dice:21#Main$Dice:21,right=5
VW,context=Main$Dice:21#Main$Dice:21,back=6
VW,context=Main$Dice:21#Main$Dice:21,cost=28
VW,context=Main$Dice:21#Main$Dice:21,h=0
VW,context=Main$Dice:21#Main$Dice:21,w=1
FW,context=Main$Dice:21,top=4
FW,context=Main$Dice:21,front=1
FW,context=Main$Dice:21,right=5
FW,context=Main$Dice:21,back=6
FW,context=Main$Dice:21,left=2
FW,context=Main$Dice:21,reverse=3
FW,context=Main$Dice:21,h=0
FW,context=Main$Dice:21,w=1
FW,context=Main$Dice:21,cost=28
ME,returner=Main$Dice:21#Main$Dice:21,value=<void>
VW,context=Main:1#run:1,next=Main$Dice:21
MC,caller=Main:1#run:1,target=Main$Dice:21#roll_back:3
FR,context=Main$Dice:21,top
VW,context=Main$Dice:21#roll_back:3,tmp=4
FR,context=Main$Dice:21,front
FW,context=Main$Dice:21,top=1
FR,context=Main$Dice:21,reverse
FW,context=Main$Dice:21,front=3
FR,context=Main$Dice:21,back
FW,context=Main$Dice:21,reverse=6
FW,context=Main$Dice:21,back=4
ME,returner=Main$Dice:21#roll_back:3,value=<void>
FR,context=Main$Dice:21,cost
FR,context=Main$Dice:21,h
FR,context=Main$Dice:21,w
FR,context=Main$Dice:21,reverse
FW,context=Main$Dice:21,cost=40
FR,context=Main$Dice:21,cost
FR,context=Main$Dice:21,h
FR,context=Main$Dice:21,w
FR,context=Main$Dice:21,top
FR,context=Main$Dice:21,front
FR,context=Main$Dice:21,h
FR,context=Main$Dice:21,w
FR,context=Main$Dice:21,top
FR,context=Main$Dice:21,front
FR,context=Main$Dice:21,cost
VW,context=Main:1#run:1,j=3
VD,method=Main:1#run:1 <name=nextH,type=int (id=7),value=0,index=18>
VD,method=Main:1#run:1 <name=nextW,type=int (id=7),value=0,index=19>
VD,method=Main:1#run:1 <name=next,type=Main$Dice (id=95),value=<?>,index=20>
FR,context=Main$Dice:10,h
FR,context=Main:1,dy
VW,context=Main:1#run:1,nextH=1
FR,context=Main$Dice:10,w
FR,context=Main:1,dx
VW,context=Main:1#run:1,nextW=0
FR,context=Main$Dice:10,top
FR,context=Main$Dice:10,front
FR,context=Main$Dice:10,right
FR,context=Main$Dice:10,back
FR,context=Main$Dice:10,left
FR,context=Main$Dice:10,reverse
FR,context=Main$Dice:10,cost
NO,object=Main$Dice:22
MC,caller=Main:1#run:1,target=Main$Dice:22#Main$Dice:22
VW,context=Main$Dice:22#Main$Dice:22,top=4
VW,context=Main$Dice:22#Main$Dice:22,front=1
VW,context=Main$Dice:22#Main$Dice:22,left=2
VW,context=Main$Dice:22#Main$Dice:22,reverse=3
VW,context=Main$Dice:22#Main$Dice:22,right=5
VW,context=Main$Dice:22#Main$Dice:22,back=6
VW,context=Main$Dice:22#Main$Dice:22,cost=28
VW,context=Main$Dice:22#Main$Dice:22,h=1
VW,context=Main$Dice:22#Main$Dice:22,w=0
FW,context=Main$Dice:22,top=4
FW,context=Main$Dice:22,front=1
FW,context=Main$Dice:22,right=5
FW,context=Main$Dice:22,back=6
FW,context=Main$Dice:22,left=2
FW,context=Main$Dice:22,reverse=3
FW,context=Main$Dice:22,h=1
FW,context=Main$Dice:22,w=0
FW,context=Main$Dice:22,cost=28
ME,returner=Main$Dice:22#Main$Dice:22,value=<void>
VW,context=Main:1#run:1,next=Main$Dice:22
MC,caller=Main:1#run:1,target=Main$Dice:22#roll_left:5
FR,context=Main$Dice:22,top
VW,context=Main$Dice:22#roll_left:5,tmp=4
FR,context=Main$Dice:22,right
FW,context=Main$Dice:22,top=5
FR,context=Main$Dice:22,reverse
FW,context=Main$Dice:22,right=3
FR,context=Main$Dice:22,left
FW,context=Main$Dice:22,reverse=2
FW,context=Main$Dice:22,left=4
ME,returner=Main$Dice:22#roll_left:5,value=<void>
FR,context=Main$Dice:22,cost
FR,context=Main$Dice:22,h
FR,context=Main$Dice:22,w
FR,context=Main$Dice:22,reverse
FW,context=Main$Dice:22,cost=32
FR,context=Main$Dice:22,cost
FR,context=Main$Dice:22,h
FR,context=Main$Dice:22,w
FR,context=Main$Dice:22,top
FR,context=Main$Dice:22,front
VD,method=Main:1#run:1 <name=nextH,type=int (id=7),value=0,index=18>
VD,method=Main:1#run:1 <name=nextW,type=int (id=7),value=0,index=19>
VD,method=Main:1#run:1 <name=next,type=Main$Dice (id=95),value=<?>,index=20>
VW,context=Main:1#run:1,i=3
VD,method=Main:1#run:1 <name=now,type=Main$Dice (id=95),value=Main$Dice:18,index=16>
VD,method=Main:1#run:1 <name=j,type=int (id=7),value=2,index=17>
VW,context=Main:1#run:1,cnt=7
VW,context=Main:1#run:1,now=Main$Dice:11
VW,context=Main:1#run:1,j=0
FR,context=Main$Dice:11,h
FR,context=Main:1,dy
VW,context=Main:1#run:1,nextH=2
FR,context=Main$Dice:11,w
FR,context=Main:1,dx
VW,context=Main:1#run:1,nextW=1
FR,context=Main$Dice:11,top
FR,context=Main$Dice:11,front
FR,context=Main$Dice:11,right
FR,context=Main$Dice:11,back
FR,context=Main$Dice:11,left
FR,context=Main$Dice:11,reverse
FR,context=Main$Dice:11,cost
NO,object=Main$Dice:23
MC,caller=Main:1#run:1,target=Main$Dice:23#Main$Dice:23
VW,context=Main$Dice:23#Main$Dice:23,top=6
VW,context=Main$Dice:23#Main$Dice:23,front=5
VW,context=Main$Dice:23#Main$Dice:23,left=4
VW,context=Main$Dice:23#Main$Dice:23,reverse=1
VW,context=Main$Dice:23#Main$Dice:23,right=3
VW,context=Main$Dice:23#Main$Dice:23,back=2
VW,context=Main$Dice:23#Main$Dice:23,cost=4
VW,context=Main$Dice:23#Main$Dice:23,h=2
VW,context=Main$Dice:23#Main$Dice:23,w=1
FW,context=Main$Dice:23,top=6
FW,context=Main$Dice:23,front=5
FW,context=Main$Dice:23,right=3
FW,context=Main$Dice:23,back=2
FW,context=Main$Dice:23,left=4
FW,context=Main$Dice:23,reverse=1
FW,context=Main$Dice:23,h=2
FW,context=Main$Dice:23,w=1
FW,context=Main$Dice:23,cost=4
ME,returner=Main$Dice:23#Main$Dice:23,value=<void>
VW,context=Main:1#run:1,next=Main$Dice:23
MC,caller=Main:1#run:1,target=Main$Dice:23#roll_right:7
FR,context=Main$Dice:23,top
VW,context=Main$Dice:23#roll_right:7,tmp=6
FR,context=Main$Dice:23,left
FW,context=Main$Dice:23,top=4
FR,context=Main$Dice:23,reverse
FW,context=Main$Dice:23,left=1
FR,context=Main$Dice:23,right
FW,context=Main$Dice:23,reverse=3
FW,context=Main$Dice:23,right=6
ME,returner=Main$Dice:23#roll_right:7,value=<void>
FR,context=Main$Dice:23,cost
FR,context=Main$Dice:23,h
FR,context=Main$Dice:23,w
FR,context=Main$Dice:23,reverse
FW,context=Main$Dice:23,cost=7
FR,context=Main$Dice:23,cost
FR,context=Main$Dice:23,h
FR,context=Main$Dice:23,w
FR,context=Main$Dice:23,top
FR,context=Main$Dice:23,front
FR,context=Main$Dice:23,h
FR,context=Main$Dice:23,w
FR,context=Main$Dice:23,top
FR,context=Main$Dice:23,front
FR,context=Main$Dice:23,cost
VW,context=Main:1#run:1,j=1
VD,method=Main:1#run:1 <name=nextH,type=int (id=7),value=0,index=18>
VD,method=Main:1#run:1 <name=nextW,type=int (id=7),value=0,index=19>
VD,method=Main:1#run:1 <name=next,type=Main$Dice (id=95),value=<?>,index=20>
FR,context=Main$Dice:11,h
FR,context=Main:1,dy
VW,context=Main:1#run:1,nextH=3
FR,context=Main$Dice:11,w
FR,context=Main:1,dx
VW,context=Main:1#run:1,nextW=0
VW,context=Main:1#run:1,j=2
VD,method=Main:1#run:1 <name=nextH,type=int (id=7),value=0,index=18>
VD,method=Main:1#run:1 <name=nextW,type=int (id=7),value=0,index=19>
FR,context=Main$Dice:11,h
FR,context=Main:1,dy
VW,context=Main:1#run:1,nextH=1
FR,context=Main$Dice:11,w
FR,context=Main:1,dx
VW,context=Main:1#run:1,nextW=0
FR,context=Main$Dice:11,top
FR,context=Main$Dice:11,front
FR,context=Main$Dice:11,right
FR,context=Main$Dice:11,back
FR,context=Main$Dice:11,left
FR,context=Main$Dice:11,reverse
FR,context=Main$Dice:11,cost
NO,object=Main$Dice:24
MC,caller=Main:1#run:1,target=Main$Dice:24#Main$Dice:24
VW,context=Main$Dice:24#Main$Dice:24,top=6
VW,context=Main$Dice:24#Main$Dice:24,front=5
VW,context=Main$Dice:24#Main$Dice:24,left=4
VW,context=Main$Dice:24#Main$Dice:24,reverse=1
VW,context=Main$Dice:24#Main$Dice:24,right=3
VW,context=Main$Dice:24#Main$Dice:24,back=2
VW,context=Main$Dice:24#Main$Dice:24,cost=4
VW,context=Main$Dice:24#Main$Dice:24,h=1
VW,context=Main$Dice:24#Main$Dice:24,w=0
FW,context=Main$Dice:24,top=6
FW,context=Main$Dice:24,front=5
FW,context=Main$Dice:24,right=3
FW,context=Main$Dice:24,back=2
FW,context=Main$Dice:24,left=4
FW,context=Main$Dice:24,reverse=1
FW,context=Main$Dice:24,h=1
FW,context=Main$Dice:24,w=0
FW,context=Main$Dice:24,cost=4
ME,returner=Main$Dice:24#Main$Dice:24,value=<void>
VW,context=Main:1#run:1,next=Main$Dice:24
MC,caller=Main:1#run:1,target=Main$Dice:24#roll_back:4
FR,context=Main$Dice:24,top
VW,context=Main$Dice:24#roll_back:4,tmp=6
FR,context=Main$Dice:24,front
FW,context=Main$Dice:24,top=5
FR,context=Main$Dice:24,reverse
FW,context=Main$Dice:24,front=1
FR,context=Main$Dice:24,back
FW,context=Main$Dice:24,reverse=2
FW,context=Main$Dice:24,back=6
ME,returner=Main$Dice:24#roll_back:4,value=<void>
FR,context=Main$Dice:24,cost
FR,context=Main$Dice:24,h
FR,context=Main$Dice:24,w
FR,context=Main$Dice:24,reverse
FW,context=Main$Dice:24,cost=8
FR,context=Main$Dice:24,cost
FR,context=Main$Dice:24,h
FR,context=Main$Dice:24,w
FR,context=Main$Dice:24,top
FR,context=Main$Dice:24,front
VW,context=Main:1#run:1,j=3
VD,method=Main:1#run:1 <name=nextH,type=int (id=7),value=0,index=18>
VD,method=Main:1#run:1 <name=nextW,type=int (id=7),value=0,index=19>
VD,method=Main:1#run:1 <name=next,type=Main$Dice (id=95),value=<?>,index=20>
FR,context=Main$Dice:11,h
FR,context=Main:1,dy
VW,context=Main:1#run:1,nextH=2
FR,context=Main$Dice:11,w
FR,context=Main:1,dx
VW,context=Main:1#run:1,nextW=-1
VD,method=Main:1#run:1 <name=nextH,type=int (id=7),value=0,index=18>
VD,method=Main:1#run:1 <name=nextW,type=int (id=7),value=0,index=19>
VD,method=Main:1#run:1 <name=now,type=Main$Dice (id=95),value=Main$Dice:18,index=16>
VD,method=Main:1#run:1 <name=j,type=int (id=7),value=2,index=17>
VD,method=Main:1#run:1 <name=size,type=int (id=7),value=8,index=14>
VD,method=Main:1#run:1 <name=i,type=int (id=7),value=3,index=15>
VW,context=Main:1#run:1,size=8
VW,context=Main:1#run:1,i=0
VW,context=Main:1#run:1,cnt=8
VW,context=Main:1#run:1,now=Main$Dice:13
VW,context=Main:1#run:1,j=0
FR,context=Main$Dice:13,h
FR,context=Main:1,dy
VW,context=Main:1#run:1,nextH=1
FR,context=Main$Dice:13,w
FR,context=Main:1,dx
VW,context=Main:1#run:1,nextW=3
VW,context=Main:1#run:1,j=1
VD,method=Main:1#run:1 <name=nextH,type=int (id=7),value=0,index=18>
VD,method=Main:1#run:1 <name=nextW,type=int (id=7),value=0,index=19>
FR,context=Main$Dice:13,h
FR,context=Main:1,dy
VW,context=Main:1#run:1,nextH=2
FR,context=Main$Dice:13,w
FR,context=Main:1,dx
VW,context=Main:1#run:1,nextW=2
FR,context=Main$Dice:13,top
FR,context=Main$Dice:13,front
FR,context=Main$Dice:13,right
FR,context=Main$Dice:13,back
FR,context=Main$Dice:13,left
FR,context=Main$Dice:13,reverse
FR,context=Main$Dice:13,cost
NO,object=Main$Dice:25
MC,caller=Main:1#run:1,target=Main$Dice:25#Main$Dice:25
VW,context=Main$Dice:25#Main$Dice:25,top=5
VW,context=Main$Dice:25#Main$Dice:25,front=6
VW,context=Main$Dice:25#Main$Dice:25,left=3
VW,context=Main$Dice:25#Main$Dice:25,reverse=2
VW,context=Main$Dice:25#Main$Dice:25,right=4
VW,context=Main$Dice:25#Main$Dice:25,back=1
VW,context=Main$Dice:25#Main$Dice:25,cost=17
VW,context=Main$Dice:25#Main$Dice:25,h=2
VW,context=Main$Dice:25#Main$Dice:25,w=2
FW,context=Main$Dice:25,top=5
FW,context=Main$Dice:25,front=6
FW,context=Main$Dice:25,right=4
FW,context=Main$Dice:25,back=1
FW,context=Main$Dice:25,left=3
FW,context=Main$Dice:25,reverse=2
FW,context=Main$Dice:25,h=2
FW,context=Main$Dice:25,w=2
FW,context=Main$Dice:25,cost=17
ME,returner=Main$Dice:25#Main$Dice:25,value=<void>
VW,context=Main:1#run:1,next=Main$Dice:25
MC,caller=Main:1#run:1,target=Main$Dice:25#roll_front:7
FR,context=Main$Dice:25,top
VW,context=Main$Dice:25#roll_front:7,tmp=5
FR,context=Main$Dice:25,back
FW,context=Main$Dice:25,top=1
FR,context=Main$Dice:25,reverse
FW,context=Main$Dice:25,back=2
FR,context=Main$Dice:25,front
FW,context=Main$Dice:25,reverse=6
FW,context=Main$Dice:25,front=5
ME,returner=Main$Dice:25#roll_front:7,value=<void>
FR,context=Main$Dice:25,cost
FR,context=Main$Dice:25,h
FR,context=Main$Dice:25,w
FR,context=Main$Dice:25,reverse
FW,context=Main$Dice:25,cost=29
FR,context=Main$Dice:25,cost
FR,context=Main$Dice:25,h
FR,context=Main$Dice:25,w
FR,context=Main$Dice:25,top
FR,context=Main$Dice:25,front
FR,context=Main$Dice:25,h
FR,context=Main$Dice:25,w
FR,context=Main$Dice:25,top
FR,context=Main$Dice:25,front
FR,context=Main$Dice:25,cost
VW,context=Main:1#run:1,j=2
VD,method=Main:1#run:1 <name=nextH,type=int (id=7),value=0,index=18>
VD,method=Main:1#run:1 <name=nextW,type=int (id=7),value=0,index=19>
VD,method=Main:1#run:1 <name=next,type=Main$Dice (id=95),value=<?>,index=20>
FR,context=Main$Dice:13,h
FR,context=Main:1,dy
VW,context=Main:1#run:1,nextH=0
FR,context=Main$Dice:13,w
FR,context=Main:1,dx
VW,context=Main:1#run:1,nextW=2
FR,context=Main$Dice:13,top
FR,context=Main$Dice:13,front
FR,context=Main$Dice:13,right
FR,context=Main$Dice:13,back
FR,context=Main$Dice:13,left
FR,context=Main$Dice:13,reverse
FR,context=Main$Dice:13,cost
NO,object=Main$Dice:26
MC,caller=Main:1#run:1,target=Main$Dice:26#Main$Dice:26
VW,context=Main$Dice:26#Main$Dice:26,top=5
VW,context=Main$Dice:26#Main$Dice:26,front=6
VW,context=Main$Dice:26#Main$Dice:26,left=3
VW,context=Main$Dice:26#Main$Dice:26,reverse=2
VW,context=Main$Dice:26#Main$Dice:26,right=4
VW,context=Main$Dice:26#Main$Dice:26,back=1
VW,context=Main$Dice:26#Main$Dice:26,cost=17
VW,context=Main$Dice:26#Main$Dice:26,h=0
VW,context=Main$Dice:26#Main$Dice:26,w=2
FW,context=Main$Dice:26,top=5
FW,context=Main$Dice:26,front=6
FW,context=Main$Dice:26,right=4
FW,context=Main$Dice:26,back=1
FW,context=Main$Dice:26,left=3
FW,context=Main$Dice:26,reverse=2
FW,context=Main$Dice:26,h=0
FW,context=Main$Dice:26,w=2
FW,context=Main$Dice:26,cost=17
ME,returner=Main$Dice:26#Main$Dice:26,value=<void>
VW,context=Main:1#run:1,next=Main$Dice:26
MC,caller=Main:1#run:1,target=Main$Dice:26#roll_back:5
FR,context=Main$Dice:26,top
VW,context=Main$Dice:26#roll_back:5,tmp=5
FR,context=Main$Dice:26,front
FW,context=Main$Dice:26,top=6
FR,context=Main$Dice:26,reverse
FW,context=Main$Dice:26,front=2
FR,context=Main$Dice:26,back
FW,context=Main$Dice:26,reverse=1
FW,context=Main$Dice:26,back=5
ME,returner=Main$Dice:26#roll_back:5,value=<void>
FR,context=Main$Dice:26,cost
FR,context=Main$Dice:26,h
FR,context=Main$Dice:26,w
FR,context=Main$Dice:26,reverse
FW,context=Main$Dice:26,cost=22
FR,context=Main$Dice:26,cost
FR,context=Main$Dice:26,h
FR,context=Main$Dice:26,w
FR,context=Main$Dice:26,top
FR,context=Main$Dice:26,front
VW,context=Main:1#run:1,j=3
VD,method=Main:1#run:1 <name=nextH,type=int (id=7),value=0,index=18>
VD,method=Main:1#run:1 <name=nextW,type=int (id=7),value=0,index=19>
VD,method=Main:1#run:1 <name=next,type=Main$Dice (id=95),value=<?>,index=20>
FR,context=Main$Dice:13,h
FR,context=Main:1,dy
VW,context=Main:1#run:1,nextH=1
FR,context=Main$Dice:13,w
FR,context=Main:1,dx
VW,context=Main:1#run:1,nextW=1
FR,context=Main$Dice:13,top
FR,context=Main$Dice:13,front
FR,context=Main$Dice:13,right
FR,context=Main$Dice:13,back
FR,context=Main$Dice:13,left
FR,context=Main$Dice:13,reverse
FR,context=Main$Dice:13,cost
NO,object=Main$Dice:27
MC,caller=Main:1#run:1,target=Main$Dice:27#Main$Dice:27
VW,context=Main$Dice:27#Main$Dice:27,top=5
VW,context=Main$Dice:27#Main$Dice:27,front=6
VW,context=Main$Dice:27#Main$Dice:27,left=3
VW,context=Main$Dice:27#Main$Dice:27,reverse=2
VW,context=Main$Dice:27#Main$Dice:27,right=4
VW,context=Main$Dice:27#Main$Dice:27,back=1
VW,context=Main$Dice:27#Main$Dice:27,cost=17
VW,context=Main$Dice:27#Main$Dice:27,h=1
VW,context=Main$Dice:27#Main$Dice:27,w=1
FW,context=Main$Dice:27,top=5
FW,context=Main$Dice:27,front=6
FW,context=Main$Dice:27,right=4
FW,context=Main$Dice:27,back=1
FW,context=Main$Dice:27,left=3
FW,context=Main$Dice:27,reverse=2
FW,context=Main$Dice:27,h=1
FW,context=Main$Dice:27,w=1
FW,context=Main$Dice:27,cost=17
ME,returner=Main$Dice:27#Main$Dice:27,value=<void>
VW,context=Main:1#run:1,next=Main$Dice:27
MC,caller=Main:1#run:1,target=Main$Dice:27#roll_left:6
FR,context=Main$Dice:27,top
VW,context=Main$Dice:27#roll_left:6,tmp=5
FR,context=Main$Dice:27,right
FW,context=Main$Dice:27,top=4
FR,context=Main$Dice:27,reverse
FW,context=Main$Dice:27,right=2
FR,context=Main$Dice:27,left
FW,context=Main$Dice:27,reverse=3
FW,context=Main$Dice:27,left=5
ME,returner=Main$Dice:27#roll_left:6,value=<void>
FR,context=Main$Dice:27,cost
FR,context=Main$Dice:27,h
FR,context=Main$Dice:27,w
FR,context=Main$Dice:27,reverse
FW,context=Main$Dice:27,cost=41
FR,context=Main$Dice:27,cost
FR,context=Main$Dice:27,h
FR,context=Main$Dice:27,w
FR,context=Main$Dice:27,top
FR,context=Main$Dice:27,front
FR,context=Main$Dice:27,h
FR,context=Main$Dice:27,w
FR,context=Main$Dice:27,top
FR,context=Main$Dice:27,front
FR,context=Main$Dice:27,cost
VD,method=Main:1#run:1 <name=nextH,type=int (id=7),value=0,index=18>
VD,method=Main:1#run:1 <name=nextW,type=int (id=7),value=0,index=19>
VD,method=Main:1#run:1 <name=next,type=Main$Dice (id=95),value=<?>,index=20>
VW,context=Main:1#run:1,i=1
VD,method=Main:1#run:1 <name=now,type=Main$Dice (id=95),value=Main$Dice:18,index=16>
VD,method=Main:1#run:1 <name=j,type=int (id=7),value=2,index=17>
VW,context=Main:1#run:1,cnt=9
VW,context=Main:1#run:1,now=Main$Dice:15
VW,context=Main:1#run:1,j=0
FR,context=Main$Dice:15,h
FR,context=Main:1,dy
VW,context=Main:1#run:1,nextH=1
FR,context=Main$Dice:15,w
FR,context=Main:1,dx
VW,context=Main:1#run:1,nextW=3
VW,context=Main:1#run:1,j=1
VD,method=Main:1#run:1 <name=nextH,type=int (id=7),value=0,index=18>
VD,method=Main:1#run:1 <name=nextW,type=int (id=7),value=0,index=19>
FR,context=Main$Dice:15,h
FR,context=Main:1,dy
VW,context=Main:1#run:1,nextH=2
FR,context=Main$Dice:15,w
FR,context=Main:1,dx
VW,context=Main:1#run:1,nextW=2
FR,context=Main$Dice:15,top
FR,context=Main$Dice:15,front
FR,context=Main$Dice:15,right
FR,context=Main$Dice:15,back
FR,context=Main$Dice:15,left
FR,context=Main$Dice:15,reverse
FR,context=Main$Dice:15,cost
NO,object=Main$Dice:28
MC,caller=Main:1#run:1,target=Main$Dice:28#Main$Dice:28
VW,context=Main$Dice:28#Main$Dice:28,top=6
VW,context=Main$Dice:28#Main$Dice:28,front=4
VW,context=Main$Dice:28#Main$Dice:28,left=2
VW,context=Main$Dice:28#Main$Dice:28,reverse=1
VW,context=Main$Dice:28#Main$Dice:28,right=5
VW,context=Main$Dice:28#Main$Dice:28,back=3
VW,context=Main$Dice:28#Main$Dice:28,cost=25
VW,context=Main$Dice:28#Main$Dice:28,h=2
VW,context=Main$Dice:28#Main$Dice:28,w=2
FW,context=Main$Dice:28,top=6
FW,context=Main$Dice:28,front=4
FW,context=Main$Dice:28,right=5
FW,context=Main$Dice:28,back=3
FW,context=Main$Dice:28,left=2
FW,context=Main$Dice:28,reverse=1
FW,context=Main$Dice:28,h=2
FW,context=Main$Dice:28,w=2
FW,context=Main$Dice:28,cost=25
ME,returner=Main$Dice:28#Main$Dice:28,value=<void>
VW,context=Main:1#run:1,next=Main$Dice:28
MC,caller=Main:1#run:1,target=Main$Dice:28#roll_front:8
FR,context=Main$Dice:28,top
VW,context=Main$Dice:28#roll_front:8,tmp=6
FR,context=Main$Dice:28,back
FW,context=Main$Dice:28,top=3
FR,context=Main$Dice:28,reverse
FW,context=Main$Dice:28,back=1
FR,context=Main$Dice:28,front
FW,context=Main$Dice:28,reverse=4
FW,context=Main$Dice:28,front=6
ME,returner=Main$Dice:28#roll_front:8,value=<void>
FR,context=Main$Dice:28,cost
FR,context=Main$Dice:28,h
FR,context=Main$Dice:28,w
FR,context=Main$Dice:28,reverse
FW,context=Main$Dice:28,cost=33
FR,context=Main$Dice:28,cost
FR,context=Main$Dice:28,h
FR,context=Main$Dice:28,w
FR,context=Main$Dice:28,top
FR,context=Main$Dice:28,front
FR,context=Main$Dice:28,h
FR,context=Main$Dice:28,w
FR,context=Main$Dice:28,top
FR,context=Main$Dice:28,front
FR,context=Main$Dice:28,cost
VW,context=Main:1#run:1,j=2
VD,method=Main:1#run:1 <name=nextH,type=int (id=7),value=0,index=18>
VD,method=Main:1#run:1 <name=nextW,type=int (id=7),value=0,index=19>
VD,method=Main:1#run:1 <name=next,type=Main$Dice (id=95),value=<?>,index=20>
FR,context=Main$Dice:15,h
FR,context=Main:1,dy
VW,context=Main:1#run:1,nextH=0
FR,context=Main$Dice:15,w
FR,context=Main:1,dx
VW,context=Main:1#run:1,nextW=2
FR,context=Main$Dice:15,top
FR,context=Main$Dice:15,front
FR,context=Main$Dice:15,right
FR,context=Main$Dice:15,back
FR,context=Main$Dice:15,left
FR,context=Main$Dice:15,reverse
FR,context=Main$Dice:15,cost
NO,object=Main$Dice:29
MC,caller=Main:1#run:1,target=Main$Dice:29#Main$Dice:29
VW,context=Main$Dice:29#Main$Dice:29,top=6
VW,context=Main$Dice:29#Main$Dice:29,front=4
VW,context=Main$Dice:29#Main$Dice:29,left=2
VW,context=Main$Dice:29#Main$Dice:29,reverse=1
VW,context=Main$Dice:29#Main$Dice:29,right=5
VW,context=Main$Dice:29#Main$Dice:29,back=3
VW,context=Main$Dice:29#Main$Dice:29,cost=25
VW,context=Main$Dice:29#Main$Dice:29,h=0
VW,context=Main$Dice:29#Main$Dice:29,w=2
FW,context=Main$Dice:29,top=6
FW,context=Main$Dice:29,front=4
FW,context=Main$Dice:29,right=5
FW,context=Main$Dice:29,back=3
FW,context=Main$Dice:29,left=2
FW,context=Main$Dice:29,reverse=1
FW,context=Main$Dice:29,h=0
FW,context=Main$Dice:29,w=2
FW,context=Main$Dice:29,cost=25
ME,returner=Main$Dice:29#Main$Dice:29,value=<void>
VW,context=Main:1#run:1,next=Main$Dice:29
MC,caller=Main:1#run:1,target=Main$Dice:29#roll_back:6
FR,context=Main$Dice:29,top
VW,context=Main$Dice:29#roll_back:6,tmp=6
FR,context=Main$Dice:29,front
FW,context=Main$Dice:29,top=4
FR,context=Main$Dice:29,reverse
FW,context=Main$Dice:29,front=1
FR,context=Main$Dice:29,back
FW,context=Main$Dice:29,reverse=3
FW,context=Main$Dice:29,back=6
ME,returner=Main$Dice:29#roll_back:6,value=<void>
FR,context=Main$Dice:29,cost
FR,context=Main$Dice:29,h
FR,context=Main$Dice:29,w
FR,context=Main$Dice:29,reverse
FW,context=Main$Dice:29,cost=40
FR,context=Main$Dice:29,cost
FR,context=Main$Dice:29,h
FR,context=Main$Dice:29,w
FR,context=Main$Dice:29,top
FR,context=Main$Dice:29,front
FR,context=Main$Dice:29,h
FR,context=Main$Dice:29,w
FR,context=Main$Dice:29,top
FR,context=Main$Dice:29,front
FR,context=Main$Dice:29,cost
VW,context=Main:1#run:1,j=3
VD,method=Main:1#run:1 <name=nextH,type=int (id=7),value=0,index=18>
VD,method=Main:1#run:1 <name=nextW,type=int (id=7),value=0,index=19>
VD,method=Main:1#run:1 <name=next,type=Main$Dice (id=95),value=<?>,index=20>
FR,context=Main$Dice:15,h
FR,context=Main:1,dy
VW,context=Main:1#run:1,nextH=1
FR,context=Main$Dice:15,w
FR,context=Main:1,dx
VW,context=Main:1#run:1,nextW=1
FR,context=Main$Dice:15,top
FR,context=Main$Dice:15,front
FR,context=Main$Dice:15,right
FR,context=Main$Dice:15,back
FR,context=Main$Dice:15,left
FR,context=Main$Dice:15,reverse
FR,context=Main$Dice:15,cost
NO,object=Main$Dice:30
MC,caller=Main:1#run:1,target=Main$Dice:30#Main$Dice:30
VW,context=Main$Dice:30#Main$Dice:30,top=6
VW,context=Main$Dice:30#Main$Dice:30,front=4
VW,context=Main$Dice:30#Main$Dice:30,left=2
VW,context=Main$Dice:30#Main$Dice:30,reverse=1
VW,context=Main$Dice:30#Main$Dice:30,right=5
VW,context=Main$Dice:30#Main$Dice:30,back=3
VW,context=Main$Dice:30#Main$Dice:30,cost=25
VW,context=Main$Dice:30#Main$Dice:30,h=1
VW,context=Main$Dice:30#Main$Dice:30,w=1
FW,context=Main$Dice:30,top=6
FW,context=Main$Dice:30,front=4
FW,context=Main$Dice:30,right=5
FW,context=Main$Dice:30,back=3
FW,context=Main$Dice:30,left=2
FW,context=Main$Dice:30,reverse=1
FW,context=Main$Dice:30,h=1
FW,context=Main$Dice:30,w=1
FW,context=Main$Dice:30,cost=25
ME,returner=Main$Dice:30#Main$Dice:30,value=<void>
VW,context=Main:1#run:1,next=Main$Dice:30
MC,caller=Main:1#run:1,target=Main$Dice:30#roll_left:7
FR,context=Main$Dice:30,top
VW,context=Main$Dice:30#roll_left:7,tmp=6
FR,context=Main$Dice:30,right
FW,context=Main$Dice:30,top=5
FR,context=Main$Dice:30,reverse
FW,context=Main$Dice:30,right=1
FR,context=Main$Dice:30,left
FW,context=Main$Dice:30,reverse=2
FW,context=Main$Dice:30,left=6
ME,returner=Main$Dice:30#roll_left:7,value=<void>
FR,context=Main$Dice:30,cost
FR,context=Main$Dice:30,h
FR,context=Main$Dice:30,w
FR,context=Main$Dice:30,reverse
FW,context=Main$Dice:30,cost=41
FR,context=Main$Dice:30,cost
FR,context=Main$Dice:30,h
FR,context=Main$Dice:30,w
FR,context=Main$Dice:30,top
FR,context=Main$Dice:30,front
VD,method=Main:1#run:1 <name=nextH,type=int (id=7),value=0,index=18>
VD,method=Main:1#run:1 <name=nextW,type=int (id=7),value=0,index=19>
VD,method=Main:1#run:1 <name=next,type=Main$Dice (id=95),value=<?>,index=20>
VW,context=Main:1#run:1,i=2
VD,method=Main:1#run:1 <name=now,type=Main$Dice (id=95),value=Main$Dice:18,index=16>
VD,method=Main:1#run:1 <name=j,type=int (id=7),value=2,index=17>
VW,context=Main:1#run:1,cnt=10
VW,context=Main:1#run:1,now=Main$Dice:16
VW,context=Main:1#run:1,j=0
FR,context=Main$Dice:16,h
FR,context=Main:1,dy
VW,context=Main:1#run:1,nextH=2
FR,context=Main$Dice:16,w
FR,context=Main:1,dx
VW,context=Main:1#run:1,nextW=2
FR,context=Main$Dice:16,top
FR,context=Main$Dice:16,front
FR,context=Main$Dice:16,right
FR,context=Main$Dice:16,back
FR,context=Main$Dice:16,left
FR,context=Main$Dice:16,reverse
FR,context=Main$Dice:16,cost
NO,object=Main$Dice:31
MC,caller=Main:1#run:1,target=Main$Dice:31#Main$Dice:31
VW,context=Main$Dice:31#Main$Dice:31,top=3
VW,context=Main$Dice:31#Main$Dice:31,front=5
VW,context=Main$Dice:31#Main$Dice:31,left=6
VW,context=Main$Dice:31#Main$Dice:31,reverse=4
VW,context=Main$Dice:31#Main$Dice:31,right=1
VW,context=Main$Dice:31#Main$Dice:31,back=2
VW,context=Main$Dice:31#Main$Dice:31,cost=26
VW,context=Main$Dice:31#Main$Dice:31,h=2
VW,context=Main$Dice:31#Main$Dice:31,w=2
FW,context=Main$Dice:31,top=3
FW,context=Main$Dice:31,front=5
FW,context=Main$Dice:31,right=1
FW,context=Main$Dice:31,back=2
FW,context=Main$Dice:31,left=6
FW,context=Main$Dice:31,reverse=4
FW,context=Main$Dice:31,h=2
FW,context=Main$Dice:31,w=2
FW,context=Main$Dice:31,cost=26
ME,returner=Main$Dice:31#Main$Dice:31,value=<void>
VW,context=Main:1#run:1,next=Main$Dice:31
MC,caller=Main:1#run:1,target=Main$Dice:31#roll_right:8
FR,context=Main$Dice:31,top
VW,context=Main$Dice:31#roll_right:8,tmp=3
FR,context=Main$Dice:31,left
FW,context=Main$Dice:31,top=6
FR,context=Main$Dice:31,reverse
FW,context=Main$Dice:31,left=4
FR,context=Main$Dice:31,right
FW,context=Main$Dice:31,reverse=1
FW,context=Main$Dice:31,right=3
ME,returner=Main$Dice:31#roll_right:8,value=<void>
FR,context=Main$Dice:31,cost
FR,context=Main$Dice:31,h
FR,context=Main$Dice:31,w
FR,context=Main$Dice:31,reverse
FW,context=Main$Dice:31,cost=28
FR,context=Main$Dice:31,cost
FR,context=Main$Dice:31,h
FR,context=Main$Dice:31,w
FR,context=Main$Dice:31,top
FR,context=Main$Dice:31,front
FR,context=Main$Dice:31,h
FR,context=Main$Dice:31,w
FR,context=Main$Dice:31,top
FR,context=Main$Dice:31,front
FR,context=Main$Dice:31,cost
VW,context=Main:1#run:1,j=1
VD,method=Main:1#run:1 <name=nextH,type=int (id=7),value=0,index=18>
VD,method=Main:1#run:1 <name=nextW,type=int (id=7),value=0,index=19>
VD,method=Main:1#run:1 <name=next,type=Main$Dice (id=95),value=<?>,index=20>
FR,context=Main$Dice:16,h
FR,context=Main:1,dy
VW,context=Main:1#run:1,nextH=3
FR,context=Main$Dice:16,w
FR,context=Main:1,dx
VW,context=Main:1#run:1,nextW=1
VW,context=Main:1#run:1,j=2
VD,method=Main:1#run:1 <name=nextH,type=int (id=7),value=0,index=18>
VD,method=Main:1#run:1 <name=nextW,type=int (id=7),value=0,index=19>
FR,context=Main$Dice:16,h
FR,context=Main:1,dy
VW,context=Main:1#run:1,nextH=1
FR,context=Main$Dice:16,w
FR,context=Main:1,dx
VW,context=Main:1#run:1,nextW=1
FR,context=Main$Dice:16,top
FR,context=Main$Dice:16,front
FR,context=Main$Dice:16,right
FR,context=Main$Dice:16,back
FR,context=Main$Dice:16,left
FR,context=Main$Dice:16,reverse
FR,context=Main$Dice:16,cost
NO,object=Main$Dice:32
MC,caller=Main:1#run:1,target=Main$Dice:32#Main$Dice:32
VW,context=Main$Dice:32#Main$Dice:32,top=3
VW,context=Main$Dice:32#Main$Dice:32,front=5
VW,context=Main$Dice:32#Main$Dice:32,left=6
VW,context=Main$Dice:32#Main$Dice:32,reverse=4
VW,context=Main$Dice:32#Main$Dice:32,right=1
VW,context=Main$Dice:32#Main$Dice:32,back=2
VW,context=Main$Dice:32#Main$Dice:32,cost=26
VW,context=Main$Dice:32#Main$Dice:32,h=1
VW,context=Main$Dice:32#Main$Dice:32,w=1
FW,context=Main$Dice:32,top=3
FW,context=Main$Dice:32,front=5
FW,context=Main$Dice:32,right=1
FW,context=Main$Dice:32,back=2
FW,context=Main$Dice:32,left=6
FW,context=Main$Dice:32,reverse=4
FW,context=Main$Dice:32,h=1
FW,context=Main$Dice:32,w=1
FW,context=Main$Dice:32,cost=26
ME,returner=Main$Dice:32#Main$Dice:32,value=<void>
VW,context=Main:1#run:1,next=Main$Dice:32
MC,caller=Main:1#run:1,target=Main$Dice:32#roll_back:7
FR,context=Main$Dice:32,top
VW,context=Main$Dice:32#roll_back:7,tmp=3
FR,context=Main$Dice:32,front
FW,context=Main$Dice:32,top=5
FR,context=Main$Dice:32,reverse
FW,context=Main$Dice:32,front=4
FR,context=Main$Dice:32,back
FW,context=Main$Dice:32,reverse=2
FW,context=Main$Dice:32,back=3
ME,returner=Main$Dice:32#roll_back:7,value=<void>
FR,context=Main$Dice:32,cost
FR,context=Main$Dice:32,h
FR,context=Main$Dice:32,w
FR,context=Main$Dice:32,reverse
FW,context=Main$Dice:32,cost=42
FR,context=Main$Dice:32,cost
FR,context=Main$Dice:32,h
FR,context=Main$Dice:32,w
FR,context=Main$Dice:32,top
FR,context=Main$Dice:32,front
VW,context=Main:1#run:1,j=3
VD,method=Main:1#run:1 <name=nextH,type=int (id=7),value=0,index=18>
VD,method=Main:1#run:1 <name=nextW,type=int (id=7),value=0,index=19>
VD,method=Main:1#run:1 <name=next,type=Main$Dice (id=95),value=<?>,index=20>
FR,context=Main$Dice:16,h
FR,context=Main:1,dy
VW,context=Main:1#run:1,nextH=2
FR,context=Main$Dice:16,w
FR,context=Main:1,dx
VW,context=Main:1#run:1,nextW=0
FR,context=Main$Dice:16,top
FR,context=Main$Dice:16,front
FR,context=Main$Dice:16,right
FR,context=Main$Dice:16,back
FR,context=Main$Dice:16,left
FR,context=Main$Dice:16,reverse
FR,context=Main$Dice:16,cost
NO,object=Main$Dice:33
MC,caller=Main:1#run:1,target=Main$Dice:33#Main$Dice:33
VW,context=Main$Dice:33#Main$Dice:33,top=3
VW,context=Main$Dice:33#Main$Dice:33,front=5
VW,context=Main$Dice:33#Main$Dice:33,left=6
VW,context=Main$Dice:33#Main$Dice:33,reverse=4
VW,context=Main$Dice:33#Main$Dice:33,right=1
VW,context=Main$Dice:33#Main$Dice:33,back=2
VW,context=Main$Dice:33#Main$Dice:33,cost=26
VW,context=Main$Dice:33#Main$Dice:33,h=2
VW,context=Main$Dice:33#Main$Dice:33,w=0
FW,context=Main$Dice:33,top=3
FW,context=Main$Dice:33,front=5
FW,context=Main$Dice:33,right=1
FW,context=Main$Dice:33,back=2
FW,context=Main$Dice:33,left=6
FW,context=Main$Dice:33,reverse=4
FW,context=Main$Dice:33,h=2
FW,context=Main$Dice:33,w=0
FW,context=Main$Dice:33,cost=26
ME,returner=Main$Dice:33#Main$Dice:33,value=<void>
VW,context=Main:1#run:1,next=Main$Dice:33
MC,caller=Main:1#run:1,target=Main$Dice:33#roll_left:8
FR,context=Main$Dice:33,top
VW,context=Main$Dice:33#roll_left:8,tmp=3
FR,context=Main$Dice:33,right
FW,context=Main$Dice:33,top=1
FR,context=Main$Dice:33,reverse
FW,context=Main$Dice:33,right=4
FR,context=Main$Dice:33,left
FW,context=Main$Dice:33,reverse=6
FW,context=Main$Dice:33,left=3
ME,returner=Main$Dice:33#roll_left:8,value=<void>
FR,context=Main$Dice:33,cost
FR,context=Main$Dice:33,h
FR,context=Main$Dice:33,w
FR,context=Main$Dice:33,reverse
FW,context=Main$Dice:33,cost=26
FR,context=Main$Dice:33,cost
FR,context=Main$Dice:33,h
FR,context=Main$Dice:33,w
FR,context=Main$Dice:33,top
FR,context=Main$Dice:33,front
FR,context=Main$Dice:33,h
FR,context=Main$Dice:33,w
FR,context=Main$Dice:33,top
FR,context=Main$Dice:33,front
FR,context=Main$Dice:33,cost
VD,method=Main:1#run:1 <name=nextH,type=int (id=7),value=0,index=18>
VD,method=Main:1#run:1 <name=nextW,type=int (id=7),value=0,index=19>
VD,method=Main:1#run:1 <name=next,type=Main$Dice (id=95),value=<?>,index=20>
VW,context=Main:1#run:1,i=3
VD,method=Main:1#run:1 <name=now,type=Main$Dice (id=95),value=Main$Dice:18,index=16>
VD,method=Main:1#run:1 <name=j,type=int (id=7),value=2,index=17>
VW,context=Main:1#run:1,cnt=11
VW,context=Main:1#run:1,now=Main$Dice:18
VW,context=Main:1#run:1,j=0
FR,context=Main$Dice:18,h
FR,context=Main:1,dy
VW,context=Main:1#run:1,nextH=1
FR,context=Main$Dice:18,w
FR,context=Main:1,dx
VW,context=Main:1#run:1,nextW=1
FR,context=Main$Dice:18,top
FR,context=Main$Dice:18,front
FR,context=Main$Dice:18,right
FR,context=Main$Dice:18,back
FR,context=Main$Dice:18,left
FR,context=Main$Dice:18,reverse
FR,context=Main$Dice:18,cost
NO,object=Main$Dice:34
MC,caller=Main:1#run:1,target=Main$Dice:34#Main$Dice:34
VW,context=Main$Dice:34#Main$Dice:34,top=1
VW,context=Main$Dice:34#Main$Dice:34,front=4
VW,context=Main$Dice:34#Main$Dice:34,left=5
VW,context=Main$Dice:34#Main$Dice:34,reverse=6
VW,context=Main$Dice:34#Main$Dice:34,right=2
VW,context=Main$Dice:34#Main$Dice:34,back=3
VW,context=Main$Dice:34#Main$Dice:34,cost=34
VW,context=Main$Dice:34#Main$Dice:34,h=1
VW,context=Main$Dice:34#Main$Dice:34,w=1
FW,context=Main$Dice:34,top=1
FW,context=Main$Dice:34,front=4
FW,context=Main$Dice:34,right=2
FW,context=Main$Dice:34,back=3
FW,context=Main$Dice:34,left=5
FW,context=Main$Dice:34,reverse=6
FW,context=Main$Dice:34,h=1
FW,context=Main$Dice:34,w=1
FW,context=Main$Dice:34,cost=34
ME,returner=Main$Dice:34#Main$Dice:34,value=<void>
VW,context=Main:1#run:1,next=Main$Dice:34
MC,caller=Main:1#run:1,target=Main$Dice:34#roll_right:9
FR,context=Main$Dice:34,top
VW,context=Main$Dice:34#roll_right:9,tmp=1
FR,context=Main$Dice:34,left
FW,context=Main$Dice:34,top=5
FR,context=Main$Dice:34,reverse
FW,context=Main$Dice:34,left=6
FR,context=Main$Dice:34,right
FW,context=Main$Dice:34,reverse=2
FW,context=Main$Dice:34,right=1
ME,returner=Main$Dice:34#roll_right:9,value=<void>
FR,context=Main$Dice:34,cost
FR,context=Main$Dice:34,h
FR,context=Main$Dice:34,w
FR,context=Main$Dice:34,reverse
FW,context=Main$Dice:34,cost=50
FR,context=Main$Dice:34,cost
FR,context=Main$Dice:34,h
FR,context=Main$Dice:34,w
FR,context=Main$Dice:34,top
FR,context=Main$Dice:34,front
VW,context=Main:1#run:1,j=1
VD,method=Main:1#run:1 <name=nextH,type=int (id=7),value=0,index=18>
VD,method=Main:1#run:1 <name=nextW,type=int (id=7),value=0,index=19>
VD,method=Main:1#run:1 <name=next,type=Main$Dice (id=95),value=<?>,index=20>
FR,context=Main$Dice:18,h
FR,context=Main:1,dy
VW,context=Main:1#run:1,nextH=2
FR,context=Main$Dice:18,w
FR,context=Main:1,dx
VW,context=Main:1#run:1,nextW=0
FR,context=Main$Dice:18,top
FR,context=Main$Dice:18,front
FR,context=Main$Dice:18,right
FR,context=Main$Dice:18,back
FR,context=Main$Dice:18,left
FR,context=Main$Dice:18,reverse
FR,context=Main$Dice:18,cost
NO,object=Main$Dice:35
MC,caller=Main:1#run:1,target=Main$Dice:35#Main$Dice:35
VW,context=Main$Dice:35#Main$Dice:35,top=1
VW,context=Main$Dice:35#Main$Dice:35,front=4
VW,context=Main$Dice:35#Main$Dice:35,left=5
VW,context=Main$Dice:35#Main$Dice:35,reverse=6
VW,context=Main$Dice:35#Main$Dice:35,right=2
VW,context=Main$Dice:35#Main$Dice:35,back=3
VW,context=Main$Dice:35#Main$Dice:35,cost=34
VW,context=Main$Dice:35#Main$Dice:35,h=2
VW,context=Main$Dice:35#Main$Dice:35,w=0
FW,context=Main$Dice:35,top=1
FW,context=Main$Dice:35,front=4
FW,context=Main$Dice:35,right=2
FW,context=Main$Dice:35,back=3
FW,context=Main$Dice:35,left=5
FW,context=Main$Dice:35,reverse=6
FW,context=Main$Dice:35,h=2
FW,context=Main$Dice:35,w=0
FW,context=Main$Dice:35,cost=34
ME,returner=Main$Dice:35#Main$Dice:35,value=<void>
VW,context=Main:1#run:1,next=Main$Dice:35
MC,caller=Main:1#run:1,target=Main$Dice:35#roll_front:9
FR,context=Main$Dice:35,top
VW,context=Main$Dice:35#roll_front:9,tmp=1
FR,context=Main$Dice:35,back
FW,context=Main$Dice:35,top=3
FR,context=Main$Dice:35,reverse
FW,context=Main$Dice:35,back=6
FR,context=Main$Dice:35,front
FW,context=Main$Dice:35,reverse=4
FW,context=Main$Dice:35,front=1
ME,returner=Main$Dice:35#roll_front:9,value=<void>
FR,context=Main$Dice:35,cost
FR,context=Main$Dice:35,h
FR,context=Main$Dice:35,w
FR,context=Main$Dice:35,reverse
FW,context=Main$Dice:35,cost=34
FR,context=Main$Dice:35,cost
FR,context=Main$Dice:35,h
FR,context=Main$Dice:35,w
FR,context=Main$Dice:35,top
FR,context=Main$Dice:35,front
FR,context=Main$Dice:35,h
FR,context=Main$Dice:35,w
FR,context=Main$Dice:35,top
FR,context=Main$Dice:35,front
FR,context=Main$Dice:35,cost
VW,context=Main:1#run:1,j=2
VD,method=Main:1#run:1 <name=nextH,type=int (id=7),value=0,index=18>
VD,method=Main:1#run:1 <name=nextW,type=int (id=7),value=0,index=19>
VD,method=Main:1#run:1 <name=next,type=Main$Dice (id=95),value=<?>,index=20>
FR,context=Main$Dice:18,h
FR,context=Main:1,dy
VW,context=Main:1#run:1,nextH=0
FR,context=Main$Dice:18,w
FR,context=Main:1,dx
VW,context=Main:1#run:1,nextW=0
FR,context=Main$Dice:18,top
FR,context=Main$Dice:18,front
FR,context=Main$Dice:18,right
FR,context=Main$Dice:18,back
FR,context=Main$Dice:18,left
FR,context=Main$Dice:18,reverse
FR,context=Main$Dice:18,cost
NO,object=Main$Dice:36
MC,caller=Main:1#run:1,target=Main$Dice:36#Main$Dice:36
VW,context=Main$Dice:36#Main$Dice:36,top=1
VW,context=Main$Dice:36#Main$Dice:36,front=4
VW,context=Main$Dice:36#Main$Dice:36,left=5
VW,context=Main$Dice:36#Main$Dice:36,reverse=6
VW,context=Main$Dice:36#Main$Dice:36,right=2
VW,context=Main$Dice:36#Main$Dice:36,back=3
VW,context=Main$Dice:36#Main$Dice:36,cost=34
VW,context=Main$Dice:36#Main$Dice:36,h=0
VW,context=Main$Dice:36#Main$Dice:36,w=0
FW,context=Main$Dice:36,top=1
FW,context=Main$Dice:36,front=4
FW,context=Main$Dice:36,right=2
FW,context=Main$Dice:36,back=3
FW,context=Main$Dice:36,left=5
FW,context=Main$Dice:36,reverse=6
FW,context=Main$Dice:36,h=0
FW,context=Main$Dice:36,w=0
