TS,main (1)
MC,caller=SYSTEM,target=Main#main:1
NO,object=java.lang.String[]:1
VW,context=Main#main:1,args=java.lang.String[]:1
VW,context=Main#main:1,sc=java.util.Scanner (id=363)
VW,context=Main#main:1,m=3
VW,context=Main#main:1,tt=0
NO,object=boolean[][]:1
NO,object=boolean[]:1
FW,context=boolean[]:1,0=false
FW,context=boolean[]:1,1=false
FW,context=boolean[]:1,2=false
FW,context=boolean[]:1,3=false
FW,context=boolean[]:1,4=false
FW,context=boolean[][]:1,0=boolean[]:1
NO,object=boolean[]:2
FW,context=boolean[]:2,0=false
FW,context=boolean[]:2,1=false
FW,context=boolean[]:2,2=false
FW,context=boolean[]:2,3=false
FW,context=boolean[]:2,4=false
FW,context=boolean[][]:1,1=boolean[]:2
NO,object=boolean[]:3
FW,context=boolean[]:3,0=false
FW,context=boolean[]:3,1=false
FW,context=boolean[]:3,2=false
FW,context=boolean[]:3,3=false
FW,context=boolean[]:3,4=false
FW,context=boolean[][]:1,2=boolean[]:3
NO,object=boolean[]:4
FW,context=boolean[]:4,0=false
FW,context=boolean[]:4,1=false
FW,context=boolean[]:4,2=false
FW,context=boolean[]:4,3=false
FW,context=boolean[]:4,4=false
FW,context=boolean[][]:1,3=boolean[]:4
NO,object=boolean[]:5
FW,context=boolean[]:5,0=false
FW,context=boolean[]:5,1=false
FW,context=boolean[]:5,2=false
FW,context=boolean[]:5,3=false
FW,context=boolean[]:5,4=false
FW,context=boolean[][]:1,4=boolean[]:5
VW,context=Main#main:1,map=boolean[][]:1
VW,context=Main#main:1,i=0
VW,context=Main#main:1,j=0
VW,context=Main#main:1,map=boolean[][]:1
VW,context=Main#main:1,j=1
VW,context=Main#main:1,map=boolean[][]:1
VW,context=Main#main:1,j=2
VW,context=Main#main:1,map=boolean[][]:1
VW,context=Main#main:1,j=3
VW,context=Main#main:1,map=boolean[][]:1
VW,context=Main#main:1,j=4
VW,context=Main#main:1,map=boolean[][]:1
VW,context=Main#main:1,i=1
VD,method=Main#main:1 <name=j,type=int (id=7),value=<?>,index=6>
VW,context=Main#main:1,j=0
VW,context=Main#main:1,map=boolean[][]:1
VW,context=Main#main:1,j=1
VW,context=Main#main:1,map=boolean[][]:1
VW,context=Main#main:1,j=2
VW,context=Main#main:1,map=boolean[][]:1
VW,context=Main#main:1,j=3
VW,context=Main#main:1,map=boolean[][]:1
VW,context=Main#main:1,j=4
VW,context=Main#main:1,map=boolean[][]:1
VW,context=Main#main:1,i=2
VD,method=Main#main:1 <name=j,type=int (id=7),value=<?>,index=6>
VW,context=Main#main:1,j=0
VW,context=Main#main:1,map=boolean[][]:1
VW,context=Main#main:1,j=1
VW,context=Main#main:1,map=boolean[][]:1
VW,context=Main#main:1,j=2
VW,context=Main#main:1,map=boolean[][]:1
VW,context=Main#main:1,j=3
VW,context=Main#main:1,map=boolean[][]:1
VW,context=Main#main:1,j=4
VW,context=Main#main:1,map=boolean[][]:1
VW,context=Main#main:1,i=3
VD,method=Main#main:1 <name=j,type=int (id=7),value=<?>,index=6>
VW,context=Main#main:1,j=0
VW,context=Main#main:1,map=boolean[][]:1
VW,context=Main#main:1,j=1
VW,context=Main#main:1,map=boolean[][]:1
VW,context=Main#main:1,j=2
VW,context=Main#main:1,map=boolean[][]:1
VW,context=Main#main:1,j=3
VW,context=Main#main:1,map=boolean[][]:1
VW,context=Main#main:1,j=4
VW,context=Main#main:1,map=boolean[][]:1
VW,context=Main#main:1,i=4
VD,method=Main#main:1 <name=j,type=int (id=7),value=<?>,index=6>
VW,context=Main#main:1,j=0
VW,context=Main#main:1,map=boolean[][]:1
VW,context=Main#main:1,j=1
VW,context=Main#main:1,map=boolean[][]:1
VW,context=Main#main:1,j=2
VW,context=Main#main:1,map=boolean[][]:1
VW,context=Main#main:1,j=3
VW,context=Main#main:1,map=boolean[][]:1
VW,context=Main#main:1,j=4
VW,context=Main#main:1,map=boolean[][]:1
VD,method=Main#main:1 <name=j,type=int (id=7),value=<?>,index=6>
VD,method=Main#main:1 <name=i,type=int (id=7),value=<?>,index=5>
VW,context=Main#main:1,max=0
VW,context=Main#main:1,i=0
VW,context=Main#main:1,j=0
VW,context=Main#main:1,k=0
VW,context=Main#main:1,l=0
VW,context=Main#main:1,p=0
VW,context=Main#main:1,q=0
VD,method=Main#main:1 <name=q,type=int (id=7),value=<?>,index=13>
VW,context=Main#main:1,max=1
VD,method=Main#main:1 <name=p,type=int (id=7),value=<?>,index=12>
VW,context=Main#main:1,l=1
VW,context=Main#main:1,p=0
VW,context=Main#main:1,q=0
VW,context=Main#main:1,q=1
VD,method=Main#main:1 <name=q,type=int (id=7),value=<?>,index=13>
VW,context=Main#main:1,max=2
VD,method=Main#main:1 <name=p,type=int (id=7),value=<?>,index=12>
VW,context=Main#main:1,l=2
VW,context=Main#main:1,p=0
VW,context=Main#main:1,q=0
VW,context=Main#main:1,q=1
VW,context=Main#main:1,q=2
VW,context=Main#main:1,k=1
VD,method=Main#main:1 <name=l,type=int (id=7),value=<?>,index=11>
VD,method=Main#main:1 <name=p,type=int (id=7),value=<?>,index=12>
VD,method=Main#main:1 <name=q,type=int (id=7),value=<?>,index=13>
VW,context=Main#main:1,l=0
VW,context=Main#main:1,p=0
VW,context=Main#main:1,q=0
VW,context=Main#main:1,p=1
VD,method=Main#main:1 <name=q,type=int (id=7),value=<?>,index=13>
VW,context=Main#main:1,q=0
VW,context=Main#main:1,k=2
VD,method=Main#main:1 <name=l,type=int (id=7),value=<?>,index=11>
VD,method=Main#main:1 <name=p,type=int (id=7),value=<?>,index=12>
VD,method=Main#main:1 <name=q,type=int (id=7),value=<?>,index=13>
VW,context=Main#main:1,l=0
VW,context=Main#main:1,p=0
VW,context=Main#main:1,q=0
VW,context=Main#main:1,p=1
VD,method=Main#main:1 <name=q,type=int (id=7),value=<?>,index=13>
VW,context=Main#main:1,q=0
VW,context=Main#main:1,k=3
VD,method=Main#main:1 <name=l,type=int (id=7),value=<?>,index=11>
VD,method=Main#main:1 <name=p,type=int (id=7),value=<?>,index=12>
VD,method=Main#main:1 <name=q,type=int (id=7),value=<?>,index=13>
VW,context=Main#main:1,l=0
VW,context=Main#main:1,p=0
VW,context=Main#main:1,q=0
VW,context=Main#main:1,p=1
VD,method=Main#main:1 <name=q,type=int (id=7),value=<?>,index=13>
VW,context=Main#main:1,q=0
VW,context=Main#main:1,k=4
VD,method=Main#main:1 <name=l,type=int (id=7),value=<?>,index=11>
VD,method=Main#main:1 <name=p,type=int (id=7),value=<?>,index=12>
VD,method=Main#main:1 <name=q,type=int (id=7),value=<?>,index=13>
VW,context=Main#main:1,l=0
VW,context=Main#main:1,p=0
VW,context=Main#main:1,q=0
VW,context=Main#main:1,p=1
VD,method=Main#main:1 <name=q,type=int (id=7),value=<?>,index=13>
VW,context=Main#main:1,q=0
VD,method=Main#main:1 <name=l,type=int (id=7),value=<?>,index=11>
VD,method=Main#main:1 <name=p,type=int (id=7),value=<?>,index=12>
VD,method=Main#main:1 <name=q,type=int (id=7),value=<?>,index=13>
VW,context=Main#main:1,j=1
VD,method=Main#main:1 <name=k,type=int (id=7),value=<?>,index=10>
VW,context=Main#main:1,k=0
VW,context=Main#main:1,l=1
VW,context=Main#main:1,p=0
VW,context=Main#main:1,q=1
VD,method=Main#main:1 <name=q,type=int (id=7),value=<?>,index=13>
VW,context=Main#main:1,max=2
VD,method=Main#main:1 <name=p,type=int (id=7),value=<?>,index=12>
VW,context=Main#main:1,l=2
VW,context=Main#main:1,p=0
VW,context=Main#main:1,q=1
VW,context=Main#main:1,q=2
VW,context=Main#main:1,k=1
VD,method=Main#main:1 <name=l,type=int (id=7),value=<?>,index=11>
VD,method=Main#main:1 <name=p,type=int (id=7),value=<?>,index=12>
VD,method=Main#main:1 <name=q,type=int (id=7),value=<?>,index=13>
VW,context=Main#main:1,l=1
VW,context=Main#main:1,p=0
VW,context=Main#main:1,q=1
VW,context=Main#main:1,p=1
VD,method=Main#main:1 <name=q,type=int (id=7),value=<?>,index=13>
VW,context=Main#main:1,q=1
VD,method=Main#main:1 <name=q,type=int (id=7),value=<?>,index=13>
VW,context=Main#main:1,max=2
VD,method=Main#main:1 <name=p,type=int (id=7),value=<?>,index=12>
VW,context=Main#main:1,l=2
VW,context=Main#main:1,p=0
VW,context=Main#main:1,q=1
VW,context=Main#main:1,q=2
VW,context=Main#main:1,k=2
VD,method=Main#main:1 <name=l,type=int (id=7),value=<?>,index=11>
VD,method=Main#main:1 <name=p,type=int (id=7),value=<?>,index=12>
VD,method=Main#main:1 <name=q,type=int (id=7),value=<?>,index=13>
VW,context=Main#main:1,l=1
VW,context=Main#main:1,p=0
VW,context=Main#main:1,q=1
VW,context=Main#main:1,p=1
VD,method=Main#main:1 <name=q,type=int (id=7),value=<?>,index=13>
VW,context=Main#main:1,q=1
VW,context=Main#main:1,p=2
VD,method=Main#main:1 <name=q,type=int (id=7),value=<?>,index=13>
VW,context=Main#main:1,q=1
VW,context=Main#main:1,k=3
VD,method=Main#main:1 <name=l,type=int (id=7),value=<?>,index=11>
VD,method=Main#main:1 <name=p,type=int (id=7),value=<?>,index=12>
VD,method=Main#main:1 <name=q,type=int (id=7),value=<?>,index=13>
VW,context=Main#main:1,l=1
VW,context=Main#main:1,p=0
VW,context=Main#main:1,q=1
VW,context=Main#main:1,p=1
VD,method=Main#main:1 <name=q,type=int (id=7),value=<?>,index=13>
VW,context=Main#main:1,q=1
VW,context=Main#main:1,p=2
VD,method=Main#main:1 <name=q,type=int (id=7),value=<?>,index=13>
VW,context=Main#main:1,q=1
VW,context=Main#main:1,k=4
VD,method=Main#main:1 <name=l,type=int (id=7),value=<?>,index=11>
VD,method=Main#main:1 <name=p,type=int (id=7),value=<?>,index=12>
VD,method=Main#main:1 <name=q,type=int (id=7),value=<?>,index=13>
VW,context=Main#main:1,l=1
VW,context=Main#main:1,p=0
VW,context=Main#main:1,q=1
VW,context=Main#main:1,p=1
VD,method=Main#main:1 <name=q,type=int (id=7),value=<?>,index=13>
VW,context=Main#main:1,q=1
VW,context=Main#main:1,p=2
VD,method=Main#main:1 <name=q,type=int (id=7),value=<?>,index=13>
VW,context=Main#main:1,q=1
VD,method=Main#main:1 <name=l,type=int (id=7),value=<?>,index=11>
VD,method=Main#main:1 <name=p,type=int (id=7),value=<?>,index=12>
VD,method=Main#main:1 <name=q,type=int (id=7),value=<?>,index=13>
VW,context=Main#main:1,j=2
VD,method=Main#main:1 <name=k,type=int (id=7),value=<?>,index=10>
VW,context=Main#main:1,k=0
VW,context=Main#main:1,l=2
VW,context=Main#main:1,p=0
VW,context=Main#main:1,q=2
VW,context=Main#main:1,k=1
VD,method=Main#main:1 <name=l,type=int (id=7),value=<?>,index=11>
VD,method=Main#main:1 <name=p,type=int (id=7),value=<?>,index=12>
VD,method=Main#main:1 <name=q,type=int (id=7),value=<?>,index=13>
VW,context=Main#main:1,l=2
VW,context=Main#main:1,p=0
VW,context=Main#main:1,q=2
VW,context=Main#main:1,k=2
VD,method=Main#main:1 <name=l,type=int (id=7),value=<?>,index=11>
VD,method=Main#main:1 <name=p,type=int (id=7),value=<?>,index=12>
VD,method=Main#main:1 <name=q,type=int (id=7),value=<?>,index=13>
VW,context=Main#main:1,l=2
VW,context=Main#main:1,p=0
VW,context=Main#main:1,q=2
VW,context=Main#main:1,k=3
VD,method=Main#main:1 <name=l,type=int (id=7),value=<?>,index=11>
VD,method=Main#main:1 <name=p,type=int (id=7),value=<?>,index=12>
VD,method=Main#main:1 <name=q,type=int (id=7),value=<?>,index=13>
VW,context=Main#main:1,l=2
VW,context=Main#main:1,p=0
VW,context=Main#main:1,q=2
VW,context=Main#main:1,k=4
VD,method=Main#main:1 <name=l,type=int (id=7),value=<?>,index=11>
VD,method=Main#main:1 <name=p,type=int (id=7),value=<?>,index=12>
VD,method=Main#main:1 <name=q,type=int (id=7),value=<?>,index=13>
VW,context=Main#main:1,l=2
VW,context=Main#main:1,p=0
VW,context=Main#main:1,q=2
VD,method=Main#main:1 <name=l,type=int (id=7),value=<?>,index=11>
VD,method=Main#main:1 <name=p,type=int (id=7),value=<?>,index=12>
VD,method=Main#main:1 <name=q,type=int (id=7),value=<?>,index=13>
VW,context=Main#main:1,j=3
VD,method=Main#main:1 <name=k,type=int (id=7),value=<?>,index=10>
VW,context=Main#main:1,k=0
VW,context=Main#main:1,l=3
VW,context=Main#main:1,p=0
VW,context=Main#main:1,q=3
VD,method=Main#main:1 <name=q,type=int (id=7),value=<?>,index=13>
VW,context=Main#main:1,max=2
VD,method=Main#main:1 <name=p,type=int (id=7),value=<?>,index=12>
VW,context=Main#main:1,l=4
VW,context=Main#main:1,p=0
VW,context=Main#main:1,q=3
VW,context=Main#main:1,q=4
VW,context=Main#main:1,k=1
VD,method=Main#main:1 <name=l,type=int (id=7),value=<?>,index=11>
VD,method=Main#main:1 <name=p,type=int (id=7),value=<?>,index=12>
VD,method=Main#main:1 <name=q,type=int (id=7),value=<?>,index=13>
VW,context=Main#main:1,l=3
VW,context=Main#main:1,p=0
VW,context=Main#main:1,q=3
VW,context=Main#main:1,p=1
VD,method=Main#main:1 <name=q,type=int (id=7),value=<?>,index=13>
VW,context=Main#main:1,q=3
VD,method=Main#main:1 <name=q,type=int (id=7),value=<?>,index=13>
VW,context=Main#main:1,max=2
VD,method=Main#main:1 <name=p,type=int (id=7),value=<?>,index=12>
VW,context=Main#main:1,l=4
VW,context=Main#main:1,p=0
VW,context=Main#main:1,q=3
VW,context=Main#main:1,q=4
VW,context=Main#main:1,k=2
VD,method=Main#main:1 <name=l,type=int (id=7),value=<?>,index=11>
VD,method=Main#main:1 <name=p,type=int (id=7),value=<?>,index=12>
VD,method=Main#main:1 <name=q,type=int (id=7),value=<?>,index=13>
VW,context=Main#main:1,l=3
VW,context=Main#main:1,p=0
VW,context=Main#main:1,q=3
VW,context=Main#main:1,p=1
VD,method=Main#main:1 <name=q,type=int (id=7),value=<?>,index=13>
VW,context=Main#main:1,q=3
VW,context=Main#main:1,p=2
VD,method=Main#main:1 <name=q,type=int (id=7),value=<?>,index=13>
VW,context=Main#main:1,q=3
VW,context=Main#main:1,k=3
VD,method=Main#main:1 <name=l,type=int (id=7),value=<?>,index=11>
VD,method=Main#main:1 <name=p,type=int (id=7),value=<?>,index=12>
VD,method=Main#main:1 <name=q,type=int (id=7),value=<?>,index=13>
VW,context=Main#main:1,l=3
VW,context=Main#main:1,p=0
VW,context=Main#main:1,q=3
VW,context=Main#main:1,p=1
VD,method=Main#main:1 <name=q,type=int (id=7),value=<?>,index=13>
VW,context=Main#main:1,q=3
VW,context=Main#main:1,p=2
VD,method=Main#main:1 <name=q,type=int (id=7),value=<?>,index=13>
VW,context=Main#main:1,q=3
VW,context=Main#main:1,k=4
VD,method=Main#main:1 <name=l,type=int (id=7),value=<?>,index=11>
VD,method=Main#main:1 <name=p,type=int (id=7),value=<?>,index=12>
VD,method=Main#main:1 <name=q,type=int (id=7),value=<?>,index=13>
VW,context=Main#main:1,l=3
VW,context=Main#main:1,p=0
VW,context=Main#main:1,q=3
VW,context=Main#main:1,p=1
VD,method=Main#main:1 <name=q,type=int (id=7),value=<?>,index=13>
VW,context=Main#main:1,q=3
VW,context=Main#main:1,p=2
VD,method=Main#main:1 <name=q,type=int (id=7),value=<?>,index=13>
VW,context=Main#main:1,q=3
VD,method=Main#main:1 <name=l,type=int (id=7),value=<?>,index=11>
VD,method=Main#main:1 <name=p,type=int (id=7),value=<?>,index=12>
VD,method=Main#main:1 <name=q,type=int (id=7),value=<?>,index=13>
VW,context=Main#main:1,j=4
VD,method=Main#main:1 <name=k,type=int (id=7),value=<?>,index=10>
VW,context=Main#main:1,k=0
VW,context=Main#main:1,l=4
VW,context=Main#main:1,p=0
VW,context=Main#main:1,q=4
VW,context=Main#main:1,k=1
VD,method=Main#main:1 <name=l,type=int (id=7),value=<?>,index=11>
VD,method=Main#main:1 <name=p,type=int (id=7),value=<?>,index=12>
VD,method=Main#main:1 <name=q,type=int (id=7),value=<?>,index=13>
VW,context=Main#main:1,l=4
VW,context=Main#main:1,p=0
VW,context=Main#main:1,q=4
VW,context=Main#main:1,k=2
VD,method=Main#main:1 <name=l,type=int (id=7),value=<?>,index=11>
VD,method=Main#main:1 <name=p,type=int (id=7),value=<?>,index=12>
VD,method=Main#main:1 <name=q,type=int (id=7),value=<?>,index=13>
VW,context=Main#main:1,l=4
VW,context=Main#main:1,p=0
VW,context=Main#main:1,q=4
VW,context=Main#main:1,k=3
VD,method=Main#main:1 <name=l,type=int (id=7),value=<?>,index=11>
VD,method=Main#main:1 <name=p,type=int (id=7),value=<?>,index=12>
VD,method=Main#main:1 <name=q,type=int (id=7),value=<?>,index=13>
VW,context=Main#main:1,l=4
VW,context=Main#main:1,p=0
VW,context=Main#main:1,q=4
VW,context=Main#main:1,k=4
VD,method=Main#main:1 <name=l,type=int (id=7),value=<?>,index=11>
VD,method=Main#main:1 <name=p,type=int (id=7),value=<?>,index=12>
VD,method=Main#main:1 <name=q,type=int (id=7),value=<?>,index=13>
VW,context=Main#main:1,l=4
VW,context=Main#main:1,p=0
VW,context=Main#main:1,q=4
VD,method=Main#main:1 <name=l,type=int (id=7),value=<?>,index=11>
VD,method=Main#main:1 <name=p,type=int (id=7),value=<?>,index=12>
VD,method=Main#main:1 <name=q,type=int (id=7),value=<?>,index=13>
VD,method=Main#main:1 <name=k,type=int (id=7),value=<?>,index=10>
VW,context=Main#main:1,i=1
VD,method=Main#main:1 <name=j,type=int (id=7),value=<?>,index=9>
VW,context=Main#main:1,j=0
VW,context=Main#main:1,k=1
VW,context=Main#main:1,l=0
VW,context=Main#main:1,p=1
VW,context=Main#main:1,q=0
VW,context=Main#main:1,k=2
VD,method=Main#main:1 <name=l,type=int (id=7),value=<?>,index=11>
VD,method=Main#main:1 <name=p,type=int (id=7),value=<?>,index=12>
VD,method=Main#main:1 <name=q,type=int (id=7),value=<?>,index=13>
VW,context=Main#main:1,l=0
VW,context=Main#main:1,p=1
VW,context=Main#main:1,q=0
VW,context=Main#main:1,k=3
VD,method=Main#main:1 <name=l,type=int (id=7),value=<?>,index=11>
VD,method=Main#main:1 <name=p,type=int (id=7),value=<?>,index=12>
VD,method=Main#main:1 <name=q,type=int (id=7),value=<?>,index=13>
VW,context=Main#main:1,l=0
VW,context=Main#main:1,p=1
VW,context=Main#main:1,q=0
VW,context=Main#main:1,k=4
VD,method=Main#main:1 <name=l,type=int (id=7),value=<?>,index=11>
VD,method=Main#main:1 <name=p,type=int (id=7),value=<?>,index=12>
VD,method=Main#main:1 <name=q,type=int (id=7),value=<?>,index=13>
VW,context=Main#main:1,l=0
VW,context=Main#main:1,p=1
VW,context=Main#main:1,q=0
VD,method=Main#main:1 <name=l,type=int (id=7),value=<?>,index=11>
VD,method=Main#main:1 <name=p,type=int (id=7),value=<?>,index=12>
VD,method=Main#main:1 <name=q,type=int (id=7),value=<?>,index=13>
VW,context=Main#main:1,j=1
VD,method=Main#main:1 <name=k,type=int (id=7),value=<?>,index=10>
VW,context=Main#main:1,k=1
VW,context=Main#main:1,l=1
VW,context=Main#main:1,p=1
VW,context=Main#main:1,q=1
VD,method=Main#main:1 <name=q,type=int (id=7),value=<?>,index=13>
VW,context=Main#main:1,max=2
VD,method=Main#main:1 <name=p,type=int (id=7),value=<?>,index=12>
VW,context=Main#main:1,l=2
VW,context=Main#main:1,p=1
VW,context=Main#main:1,q=1
VW,context=Main#main:1,q=2
VD,method=Main#main:1 <name=q,type=int (id=7),value=<?>,index=13>
VW,context=Main#main:1,max=2
VD,method=Main#main:1 <name=p,type=int (id=7),value=<?>,index=12>
VW,context=Main#main:1,l=3
VW,context=Main#main:1,p=1
VW,context=Main#main:1,q=1
VW,context=Main#main:1,q=2
VW,context=Main#main:1,q=3
VD,method=Main#main:1 <name=q,type=int (id=7),value=<?>,index=13>
VW,context=Main#main:1,max=3
VD,method=Main#main:1 <name=p,type=int (id=7),value=<?>,index=12>
VW,context=Main#main:1,l=4
VW,context=Main#main:1,p=1
VW,context=Main#main:1,q=1
VW,context=Main#main:1,q=2
VW,context=Main#main:1,q=3
VW,context=Main#main:1,q=4
VD,method=Main#main:1 <name=q,type=int (id=7),value=<?>,index=13>
VW,context=Main#main:1,max=4
VD,method=Main#main:1 <name=p,type=int (id=7),value=<?>,index=12>
VW,context=Main#main:1,k=2
VD,method=Main#main:1 <name=l,type=int (id=7),value=<?>,index=11>
VW,context=Main#main:1,l=1
VW,context=Main#main:1,p=1
VW,context=Main#main:1,q=1
VW,context=Main#main:1,p=2
VD,method=Main#main:1 <name=q,type=int (id=7),value=<?>,index=13>
VW,context=Main#main:1,q=1
VW,context=Main#main:1,k=3
VD,method=Main#main:1 <name=l,type=int (id=7),value=<?>,index=11>
VD,method=Main#main:1 <name=p,type=int (id=7),value=<?>,index=12>
VD,method=Main#main:1 <name=q,type=int (id=7),value=<?>,index=13>
VW,context=Main#main:1,l=1
VW,context=Main#main:1,p=1
VW,context=Main#main:1,q=1
VW,context=Main#main:1,p=2
VD,method=Main#main:1 <name=q,type=int (id=7),value=<?>,index=13>
VW,context=Main#main:1,q=1
VW,context=Main#main:1,k=4
VD,method=Main#main:1 <name=l,type=int (id=7),value=<?>,index=11>
VD,method=Main#main:1 <name=p,type=int (id=7),value=<?>,index=12>
VD,method=Main#main:1 <name=q,type=int (id=7),value=<?>,index=13>
VW,context=Main#main:1,l=1
VW,context=Main#main:1,p=1
VW,context=Main#main:1,q=1
VW,context=Main#main:1,p=2
VD,method=Main#main:1 <name=q,type=int (id=7),value=<?>,index=13>
VW,context=Main#main:1,q=1
VD,method=Main#main:1 <name=l,type=int (id=7),value=<?>,index=11>
VD,method=Main#main:1 <name=p,type=int (id=7),value=<?>,index=12>
VD,method=Main#main:1 <name=q,type=int (id=7),value=<?>,index=13>
VW,context=Main#main:1,j=2
VD,method=Main#main:1 <name=k,type=int (id=7),value=<?>,index=10>
VW,context=Main#main:1,k=1
VW,context=Main#main:1,l=2
VW,context=Main#main:1,p=1
VW,context=Main#main:1,q=2
VD,method=Main#main:1 <name=q,type=int (id=7),value=<?>,index=13>
VW,context=Main#main:1,max=4
VD,method=Main#main:1 <name=p,type=int (id=7),value=<?>,index=12>
VW,context=Main#main:1,l=3
VW,context=Main#main:1,p=1
VW,context=Main#main:1,q=2
VW,context=Main#main:1,q=3
VD,method=Main#main:1 <name=q,type=int (id=7),value=<?>,index=13>
VW,context=Main#main:1,max=4
VD,method=Main#main:1 <name=p,type=int (id=7),value=<?>,index=12>
VW,context=Main#main:1,l=4
VW,context=Main#main:1,p=1
VW,context=Main#main:1,q=2
VW,context=Main#main:1,q=3
VW,context=Main#main:1,q=4
VD,method=Main#main:1 <name=q,type=int (id=7),value=<?>,index=13>
VW,context=Main#main:1,max=4
VD,method=Main#main:1 <name=p,type=int (id=7),value=<?>,index=12>
VW,context=Main#main:1,k=2
VD,method=Main#main:1 <name=l,type=int (id=7),value=<?>,index=11>
VW,context=Main#main:1,l=2
VW,context=Main#main:1,p=1
VW,context=Main#main:1,q=2
VW,context=Main#main:1,p=2
VD,method=Main#main:1 <name=q,type=int (id=7),value=<?>,index=13>
VW,context=Main#main:1,q=2
VD,method=Main#main:1 <name=q,type=int (id=7),value=<?>,index=13>
VW,context=Main#main:1,max=4
VD,method=Main#main:1 <name=p,type=int (id=7),value=<?>,index=12>
VW,context=Main#main:1,l=3
VW,context=Main#main:1,p=1
VW,context=Main#main:1,q=2
VW,context=Main#main:1,q=3
VW,context=Main#main:1,p=2
VD,method=Main#main:1 <name=q,type=int (id=7),value=<?>,index=13>
VW,context=Main#main:1,q=2
VW,context=Main#main:1,q=3
VW,context=Main#main:1,k=3
VD,method=Main#main:1 <name=l,type=int (id=7),value=<?>,index=11>
VD,method=Main#main:1 <name=p,type=int (id=7),value=<?>,index=12>
VD,method=Main#main:1 <name=q,type=int (id=7),value=<?>,index=13>
VW,context=Main#main:1,l=2
VW,context=Main#main:1,p=1
VW,context=Main#main:1,q=2
VW,context=Main#main:1,p=2
VD,method=Main#main:1 <name=q,type=int (id=7),value=<?>,index=13>
VW,context=Main#main:1,q=2
VW,context=Main#main:1,p=3
VD,method=Main#main:1 <name=q,type=int (id=7),value=<?>,index=13>
VW,context=Main#main:1,q=2
VD,method=Main#main:1 <name=q,type=int (id=7),value=<?>,index=13>
VW,context=Main#main:1,max=4
VD,method=Main#main:1 <name=p,type=int (id=7),value=<?>,index=12>
VW,context=Main#main:1,l=3
VW,context=Main#main:1,p=1
VW,context=Main#main:1,q=2
VW,context=Main#main:1,q=3
VW,context=Main#main:1,p=2
VD,method=Main#main:1 <name=q,type=int (id=7),value=<?>,index=13>
VW,context=Main#main:1,q=2
VW,context=Main#main:1,q=3
VW,context=Main#main:1,k=4
VD,method=Main#main:1 <name=l,type=int (id=7),value=<?>,index=11>
VD,method=Main#main:1 <name=p,type=int (id=7),value=<?>,index=12>
VD,method=Main#main:1 <name=q,type=int (id=7),value=<?>,index=13>
VW,context=Main#main:1,l=2
VW,context=Main#main:1,p=1
VW,context=Main#main:1,q=2
VW,context=Main#main:1,p=2
VD,method=Main#main:1 <name=q,type=int (id=7),value=<?>,index=13>
VW,context=Main#main:1,q=2
VW,context=Main#main:1,p=3
VD,method=Main#main:1 <name=q,type=int (id=7),value=<?>,index=13>
VW,context=Main#main:1,q=2
VW,context=Main#main:1,p=4
VD,method=Main#main:1 <name=q,type=int (id=7),value=<?>,index=13>
VW,context=Main#main:1,q=2
VD,method=Main#main:1 <name=q,type=int (id=7),value=<?>,index=13>
VW,context=Main#main:1,max=4
VD,method=Main#main:1 <name=p,type=int (id=7),value=<?>,index=12>
VW,context=Main#main:1,l=3
VW,context=Main#main:1,p=1
VW,context=Main#main:1,q=2
VW,context=Main#main:1,q=3
VW,context=Main#main:1,p=2
VD,method=Main#main:1 <name=q,type=int (id=7),value=<?>,index=13>
VW,context=Main#main:1,q=2
VW,context=Main#main:1,q=3
VD,method=Main#main:1 <name=l,type=int (id=7),value=<?>,index=11>
VD,method=Main#main:1 <name=p,type=int (id=7),value=<?>,index=12>
VD,method=Main#main:1 <name=q,type=int (id=7),value=<?>,index=13>
VW,context=Main#main:1,j=3
VD,method=Main#main:1 <name=k,type=int (id=7),value=<?>,index=10>
VW,context=Main#main:1,k=1
VW,context=Main#main:1,l=3
VW,context=Main#main:1,p=1
VW,context=Main#main:1,q=3
VD,method=Main#main:1 <name=q,type=int (id=7),value=<?>,index=13>
VW,context=Main#main:1,max=4
VD,method=Main#main:1 <name=p,type=int (id=7),value=<?>,index=12>
VW,context=Main#main:1,l=4
VW,context=Main#main:1,p=1
VW,context=Main#main:1,q=3
VW,context=Main#main:1,q=4
VD,method=Main#main:1 <name=q,type=int (id=7),value=<?>,index=13>
VW,context=Main#main:1,max=4
VD,method=Main#main:1 <name=p,type=int (id=7),value=<?>,index=12>
VW,context=Main#main:1,k=2
VD,method=Main#main:1 <name=l,type=int (id=7),value=<?>,index=11>
VW,context=Main#main:1,l=3
VW,context=Main#main:1,p=1
VW,context=Main#main:1,q=3
VW,context=Main#main:1,p=2
VD,method=Main#main:1 <name=q,type=int (id=7),value=<?>,index=13>
VW,context=Main#main:1,q=3
VW,context=Main#main:1,k=3
VD,method=Main#main:1 <name=l,type=int (id=7),value=<?>,index=11>
VD,method=Main#main:1 <name=p,type=int (id=7),value=<?>,index=12>
VD,method=Main#main:1 <name=q,type=int (id=7),value=<?>,index=13>
VW,context=Main#main:1,l=3
VW,context=Main#main:1,p=1
VW,context=Main#main:1,q=3
VW,context=Main#main:1,p=2
VD,method=Main#main:1 <name=q,type=int (id=7),value=<?>,index=13>
VW,context=Main#main:1,q=3
VW,context=Main#main:1,k=4
VD,method=Main#main:1 <name=l,type=int (id=7),value=<?>,index=11>
VD,method=Main#main:1 <name=p,type=int (id=7),value=<?>,index=12>
VD,method=Main#main:1 <name=q,type=int (id=7),value=<?>,index=13>
VW,context=Main#main:1,l=3
VW,context=Main#main:1,p=1
VW,context=Main#main:1,q=3
VW,context=Main#main:1,p=2
VD,method=Main#main:1 <name=q,type=int (id=7),value=<?>,index=13>
VW,context=Main#main:1,q=3
VD,method=Main#main:1 <name=l,type=int (id=7),value=<?>,index=11>
VD,method=Main#main:1 <name=p,type=int (id=7),value=<?>,index=12>
VD,method=Main#main:1 <name=q,type=int (id=7),value=<?>,index=13>
VW,context=Main#main:1,j=4
VD,method=Main#main:1 <name=k,type=int (id=7),value=<?>,index=10>
VW,context=Main#main:1,k=1
VW,context=Main#main:1,l=4
VW,context=Main#main:1,p=1
VW,context=Main#main:1,q=4
VD,method=Main#main:1 <name=q,type=int (id=7),value=<?>,index=13>
VW,context=Main#main:1,max=4
VD,method=Main#main:1 <name=p,type=int (id=7),value=<?>,index=12>
VW,context=Main#main:1,k=2
VD,method=Main#main:1 <name=l,type=int (id=7),value=<?>,index=11>
VW,context=Main#main:1,l=4
VW,context=Main#main:1,p=1
VW,context=Main#main:1,q=4
VW,context=Main#main:1,p=2
VD,method=Main#main:1 <name=q,type=int (id=7),value=<?>,index=13>
VW,context=Main#main:1,q=4
VD,method=Main#main:1 <name=q,type=int (id=7),value=<?>,index=13>
VW,context=Main#main:1,max=4
VD,method=Main#main:1 <name=p,type=int (id=7),value=<?>,index=12>
VW,context=Main#main:1,k=3
VD,method=Main#main:1 <name=l,type=int (id=7),value=<?>,index=11>
VW,context=Main#main:1,l=4
VW,context=Main#main:1,p=1
VW,context=Main#main:1,q=4
VW,context=Main#main:1,p=2
VD,method=Main#main:1 <name=q,type=int (id=7),value=<?>,index=13>
VW,context=Main#main:1,q=4
VW,context=Main#main:1,p=3
VD,method=Main#main:1 <name=q,type=int (id=7),value=<?>,index=13>
VW,context=Main#main:1,q=4
VW,context=Main#main:1,k=4
VD,method=Main#main:1 <name=l,type=int (id=7),value=<?>,index=11>
VD,method=Main#main:1 <name=p,type=int (id=7),value=<?>,index=12>
VD,method=Main#main:1 <name=q,type=int (id=7),value=<?>,index=13>
VW,context=Main#main:1,l=4
VW,context=Main#main:1,p=1
VW,context=Main#main:1,q=4
VW,context=Main#main:1,p=2
VD,method=Main#main:1 <name=q,type=int (id=7),value=<?>,index=13>
VW,context=Main#main:1,q=4
VW,context=Main#main:1,p=3
VD,method=Main#main:1 <name=q,type=int (id=7),value=<?>,index=13>
VW,context=Main#main:1,q=4
VD,method=Main#main:1 <name=l,type=int (id=7),value=<?>,index=11>
VD,method=Main#main:1 <name=p,type=int (id=7),value=<?>,index=12>
VD,method=Main#main:1 <name=q,type=int (id=7),value=<?>,index=13>
VD,method=Main#main:1 <name=k,type=int (id=7),value=<?>,index=10>
VW,context=Main#main:1,i=2
VD,method=Main#main:1 <name=j,type=int (id=7),value=<?>,index=9>
VW,context=Main#main:1,j=0
VW,context=Main#main:1,k=2
VW,context=Main#main:1,l=0
VW,context=Main#main:1,p=2
VW,context=Main#main:1,q=0
VD,method=Main#main:1 <name=q,type=int (id=7),value=<?>,index=13>
VW,context=Main#main:1,max=4
VD,method=Main#main:1 <name=p,type=int (id=7),value=<?>,index=12>
VW,context=Main#main:1,l=1
VW,context=Main#main:1,p=2
VW,context=Main#main:1,q=0
VW,context=Main#main:1,q=1
VW,context=Main#main:1,k=3
VD,method=Main#main:1 <name=l,type=int (id=7),value=<?>,index=11>
VD,method=Main#main:1 <name=p,type=int (id=7),value=<?>,index=12>
VD,method=Main#main:1 <name=q,type=int (id=7),value=<?>,index=13>
VW,context=Main#main:1,l=0
VW,context=Main#main:1,p=2
VW,context=Main#main:1,q=0
VW,context=Main#main:1,p=3
VD,method=Main#main:1 <name=q,type=int (id=7),value=<?>,index=13>
VW,context=Main#main:1,q=0
VW,context=Main#main:1,k=4
VD,method=Main#main:1 <name=l,type=int (id=7),value=<?>,index=11>
VD,method=Main#main:1 <name=p,type=int (id=7),value=<?>,index=12>
VD,method=Main#main:1 <name=q,type=int (id=7),value=<?>,index=13>
VW,context=Main#main:1,l=0
VW,context=Main#main:1,p=2
VW,context=Main#main:1,q=0
VW,context=Main#main:1,p=3
VD,method=Main#main:1 <name=q,type=int (id=7),value=<?>,index=13>
VW,context=Main#main:1,q=0
VD,method=Main#main:1 <name=l,type=int (id=7),value=<?>,index=11>
VD,method=Main#main:1 <name=p,type=int (id=7),value=<?>,index=12>
VD,method=Main#main:1 <name=q,type=int (id=7),value=<?>,index=13>
VW,context=Main#main:1,j=1
VD,method=Main#main:1 <name=k,type=int (id=7),value=<?>,index=10>
VW,context=Main#main:1,k=2
VW,context=Main#main:1,l=1
VW,context=Main#main:1,p=2
VW,context=Main#main:1,q=1
VW,context=Main#main:1,k=3
VD,method=Main#main:1 <name=l,type=int (id=7),value=<?>,index=11>
VD,method=Main#main:1 <name=p,type=int (id=7),value=<?>,index=12>
VD,method=Main#main:1 <name=q,type=int (id=7),value=<?>,index=13>
VW,context=Main#main:1,l=1
VW,context=Main#main:1,p=2
VW,context=Main#main:1,q=1
VW,context=Main#main:1,k=4
VD,method=Main#main:1 <name=l,type=int (id=7),value=<?>,index=11>
VD,method=Main#main:1 <name=p,type=int (id=7),value=<?>,index=12>
VD,method=Main#main:1 <name=q,type=int (id=7),value=<?>,index=13>
VW,context=Main#main:1,l=1
VW,context=Main#main:1,p=2
VW,context=Main#main:1,q=1
VD,method=Main#main:1 <name=l,type=int (id=7),value=<?>,index=11>
VD,method=Main#main:1 <name=p,type=int (id=7),value=<?>,index=12>
VD,method=Main#main:1 <name=q,type=int (id=7),value=<?>,index=13>
VW,context=Main#main:1,j=2
VD,method=Main#main:1 <name=k,type=int (id=7),value=<?>,index=10>
VW,context=Main#main:1,k=2
VW,context=Main#main:1,l=2
VW,context=Main#main:1,p=2
VW,context=Main#main:1,q=2
VD,method=Main#main:1 <name=q,type=int (id=7),value=<?>,index=13>
VW,context=Main#main:1,max=4
VD,method=Main#main:1 <name=p,type=int (id=7),value=<?>,index=12>
VW,context=Main#main:1,l=3
VW,context=Main#main:1,p=2
VW,context=Main#main:1,q=2
VW,context=Main#main:1,q=3
VW,context=Main#main:1,k=3
VD,method=Main#main:1 <name=l,type=int (id=7),value=<?>,index=11>
VD,method=Main#main:1 <name=p,type=int (id=7),value=<?>,index=12>
VD,method=Main#main:1 <name=q,type=int (id=7),value=<?>,index=13>
VW,context=Main#main:1,l=2
VW,context=Main#main:1,p=2
VW,context=Main#main:1,q=2
VW,context=Main#main:1,p=3
VD,method=Main#main:1 <name=q,type=int (id=7),value=<?>,index=13>
VW,context=Main#main:1,q=2
VD,method=Main#main:1 <name=q,type=int (id=7),value=<?>,index=13>
VW,context=Main#main:1,max=4
VD,method=Main#main:1 <name=p,type=int (id=7),value=<?>,index=12>
VW,context=Main#main:1,l=3
VW,context=Main#main:1,p=2
VW,context=Main#main:1,q=2
VW,context=Main#main:1,q=3
VW,context=Main#main:1,k=4
VD,method=Main#main:1 <name=l,type=int (id=7),value=<?>,index=11>
VD,method=Main#main:1 <name=p,type=int (id=7),value=<?>,index=12>
VD,method=Main#main:1 <name=q,type=int (id=7),value=<?>,index=13>
VW,context=Main#main:1,l=2
VW,context=Main#main:1,p=2
VW,context=Main#main:1,q=2
VW,context=Main#main:1,p=3
VD,method=Main#main:1 <name=q,type=int (id=7),value=<?>,index=13>
VW,context=Main#main:1,q=2
VW,context=Main#main:1,p=4
VD,method=Main#main:1 <name=q,type=int (id=7),value=<?>,index=13>
VW,context=Main#main:1,q=2
VD,method=Main#main:1 <name=q,type=int (id=7),value=<?>,index=13>
VW,context=Main#main:1,max=4
VD,method=Main#main:1 <name=p,type=int (id=7),value=<?>,index=12>
VW,context=Main#main:1,l=3
VW,context=Main#main:1,p=2
VW,context=Main#main:1,q=2
VW,context=Main#main:1,q=3
VD,method=Main#main:1 <name=l,type=int (id=7),value=<?>,index=11>
VD,method=Main#main:1 <name=p,type=int (id=7),value=<?>,index=12>
VD,method=Main#main:1 <name=q,type=int (id=7),value=<?>,index=13>
VW,context=Main#main:1,j=3
VD,method=Main#main:1 <name=k,type=int (id=7),value=<?>,index=10>
VW,context=Main#main:1,k=2
VW,context=Main#main:1,l=3
VW,context=Main#main:1,p=2
VW,context=Main#main:1,q=3
VW,context=Main#main:1,k=3
VD,method=Main#main:1 <name=l,type=int (id=7),value=<?>,index=11>
VD,method=Main#main:1 <name=p,type=int (id=7),value=<?>,index=12>
VD,method=Main#main:1 <name=q,type=int (id=7),value=<?>,index=13>
VW,context=Main#main:1,l=3
VW,context=Main#main:1,p=2
VW,context=Main#main:1,q=3
VW,context=Main#main:1,k=4
VD,method=Main#main:1 <name=l,type=int (id=7),value=<?>,index=11>
VD,method=Main#main:1 <name=p,type=int (id=7),value=<?>,index=12>
VD,method=Main#main:1 <name=q,type=int (id=7),value=<?>,index=13>
VW,context=Main#main:1,l=3
VW,context=Main#main:1,p=2
VW,context=Main#main:1,q=3
VD,method=Main#main:1 <name=l,type=int (id=7),value=<?>,index=11>
VD,method=Main#main:1 <name=p,type=int (id=7),value=<?>,index=12>
VD,method=Main#main:1 <name=q,type=int (id=7),value=<?>,index=13>
VW,context=Main#main:1,j=4
VD,method=Main#main:1 <name=k,type=int (id=7),value=<?>,index=10>
VW,context=Main#main:1,k=2
VW,context=Main#main:1,l=4
VW,context=Main#main:1,p=2
VW,context=Main#main:1,q=4
VD,method=Main#main:1 <name=q,type=int (id=7),value=<?>,index=13>
VW,context=Main#main:1,max=4
VD,method=Main#main:1 <name=p,type=int (id=7),value=<?>,index=12>
VW,context=Main#main:1,k=3
VD,method=Main#main:1 <name=l,type=int (id=7),value=<?>,index=11>
VW,context=Main#main:1,l=4
VW,context=Main#main:1,p=2
VW,context=Main#main:1,q=4
VW,context=Main#main:1,p=3
VD,method=Main#main:1 <name=q,type=int (id=7),value=<?>,index=13>
VW,context=Main#main:1,q=4
VW,context=Main#main:1,k=4
VD,method=Main#main:1 <name=l,type=int (id=7),value=<?>,index=11>
VD,method=Main#main:1 <name=p,type=int (id=7),value=<?>,index=12>
VD,method=Main#main:1 <name=q,type=int (id=7),value=<?>,index=13>
VW,context=Main#main:1,l=4
VW,context=Main#main:1,p=2
VW,context=Main#main:1,q=4
VW,context=Main#main:1,p=3
VD,method=Main#main:1 <name=q,type=int (id=7),value=<?>,index=13>
VW,context=Main#main:1,q=4
VD,method=Main#main:1 <name=l,type=int (id=7),value=<?>,index=11>
VD,method=Main#main:1 <name=p,type=int (id=7),value=<?>,index=12>
VD,method=Main#main:1 <name=q,type=int (id=7),value=<?>,index=13>
VD,method=Main#main:1 <name=k,type=int (id=7),value=<?>,index=10>
VW,context=Main#main:1,i=3
VD,method=Main#main:1 <name=j,type=int (id=7),value=<?>,index=9>
VW,context=Main#main:1,j=0
VW,context=Main#main:1,k=3
VW,context=Main#main:1,l=0
VW,context=Main#main:1,p=3
VW,context=Main#main:1,q=0
VW,context=Main#main:1,k=4
VD,method=Main#main:1 <name=l,type=int (id=7),value=<?>,index=11>
VD,method=Main#main:1 <name=p,type=int (id=7),value=<?>,index=12>
VD,method=Main#main:1 <name=q,type=int (id=7),value=<?>,index=13>
VW,context=Main#main:1,l=0
VW,context=Main#main:1,p=3
VW,context=Main#main:1,q=0
VD,method=Main#main:1 <name=l,type=int (id=7),value=<?>,index=11>
VD,method=Main#main:1 <name=p,type=int (id=7),value=<?>,index=12>
VD,method=Main#main:1 <name=q,type=int (id=7),value=<?>,index=13>
VW,context=Main#main:1,j=1
VD,method=Main#main:1 <name=k,type=int (id=7),value=<?>,index=10>
VW,context=Main#main:1,k=3
VW,context=Main#main:1,l=1
VW,context=Main#main:1,p=3
VW,context=Main#main:1,q=1
VD,method=Main#main:1 <name=q,type=int (id=7),value=<?>,index=13>
VW,context=Main#main:1,max=4
VD,method=Main#main:1 <name=p,type=int (id=7),value=<?>,index=12>
VW,context=Main#main:1,l=2
VW,context=Main#main:1,p=3
VW,context=Main#main:1,q=1
VW,context=Main#main:1,q=2
VD,method=Main#main:1 <name=q,type=int (id=7),value=<?>,index=13>
VW,context=Main#main:1,max=4
VD,method=Main#main:1 <name=p,type=int (id=7),value=<?>,index=12>
VW,context=Main#main:1,l=3
VW,context=Main#main:1,p=3
VW,context=Main#main:1,q=1
VW,context=Main#main:1,q=2
VW,context=Main#main:1,q=3
VD,method=Main#main:1 <name=q,type=int (id=7),value=<?>,index=13>
VW,context=Main#main:1,max=4
VD,method=Main#main:1 <name=p,type=int (id=7),value=<?>,index=12>
VW,context=Main#main:1,l=4
VW,context=Main#main:1,p=3
VW,context=Main#main:1,q=1
VW,context=Main#main:1,q=2
VW,context=Main#main:1,q=3
VW,context=Main#main:1,q=4
VW,context=Main#main:1,k=4
VD,method=Main#main:1 <name=l,type=int (id=7),value=<?>,index=11>
VD,method=Main#main:1 <name=p,type=int (id=7),value=<?>,index=12>
VD,method=Main#main:1 <name=q,type=int (id=7),value=<?>,index=13>
VW,context=Main#main:1,l=1
VW,context=Main#main:1,p=3
VW,context=Main#main:1,q=1
VW,context=Main#main:1,p=4
VD,method=Main#main:1 <name=q,type=int (id=7),value=<?>,index=13>
VW,context=Main#main:1,q=1
VD,method=Main#main:1 <name=q,type=int (id=7),value=<?>,index=13>
VW,context=Main#main:1,max=4
VD,method=Main#main:1 <name=p,type=int (id=7),value=<?>,index=12>
VW,context=Main#main:1,l=2
VW,context=Main#main:1,p=3
VW,context=Main#main:1,q=1
VW,context=Main#main:1,q=2
VW,context=Main#main:1,p=4
VD,method=Main#main:1 <name=q,type=int (id=7),value=<?>,index=13>
VW,context=Main#main:1,q=1
VW,context=Main#main:1,q=2
VD,method=Main#main:1 <name=q,type=int (id=7),value=<?>,index=13>
VW,context=Main#main:1,max=4
VD,method=Main#main:1 <name=p,type=int (id=7),value=<?>,index=12>
VW,context=Main#main:1,l=3
VW,context=Main#main:1,p=3
VW,context=Main#main:1,q=1
VW,context=Main#main:1,q=2
VW,context=Main#main:1,q=3
VW,context=Main#main:1,p=4
VD,method=Main#main:1 <name=q,type=int (id=7),value=<?>,index=13>
VW,context=Main#main:1,q=1
VW,context=Main#main:1,q=2
VW,context=Main#main:1,q=3
VD,method=Main#main:1 <name=l,type=int (id=7),value=<?>,index=11>
VD,method=Main#main:1 <name=p,type=int (id=7),value=<?>,index=12>
VD,method=Main#main:1 <name=q,type=int (id=7),value=<?>,index=13>
VW,context=Main#main:1,j=2
VD,method=Main#main:1 <name=k,type=int (id=7),value=<?>,index=10>
VW,context=Main#main:1,k=3
VW,context=Main#main:1,l=2
VW,context=Main#main:1,p=3
VW,context=Main#main:1,q=2
VD,method=Main#main:1 <name=q,type=int (id=7),value=<?>,index=13>
VW,context=Main#main:1,max=4
VD,method=Main#main:1 <name=p,type=int (id=7),value=<?>,index=12>
VW,context=Main#main:1,l=3
VW,context=Main#main:1,p=3
VW,context=Main#main:1,q=2
VW,context=Main#main:1,q=3
VD,method=Main#main:1 <name=q,type=int (id=7),value=<?>,index=13>
VW,context=Main#main:1,max=4
VD,method=Main#main:1 <name=p,type=int (id=7),value=<?>,index=12>
VW,context=Main#main:1,l=4
VW,context=Main#main:1,p=3
VW,context=Main#main:1,q=2
VW,context=Main#main:1,q=3
VW,context=Main#main:1,q=4
VW,context=Main#main:1,k=4
VD,method=Main#main:1 <name=l,type=int (id=7),value=<?>,index=11>
VD,method=Main#main:1 <name=p,type=int (id=7),value=<?>,index=12>
VD,method=Main#main:1 <name=q,type=int (id=7),value=<?>,index=13>
VW,context=Main#main:1,l=2
VW,context=Main#main:1,p=3
VW,context=Main#main:1,q=2
VW,context=Main#main:1,p=4
VD,method=Main#main:1 <name=q,type=int (id=7),value=<?>,index=13>
VW,context=Main#main:1,q=2
VD,method=Main#main:1 <name=q,type=int (id=7),value=<?>,index=13>
VW,context=Main#main:1,max=4
VD,method=Main#main:1 <name=p,type=int (id=7),value=<?>,index=12>
VW,context=Main#main:1,l=3
VW,context=Main#main:1,p=3
VW,context=Main#main:1,q=2
VW,context=Main#main:1,q=3
VW,context=Main#main:1,p=4
VD,method=Main#main:1 <name=q,type=int (id=7),value=<?>,index=13>
VW,context=Main#main:1,q=2
VW,context=Main#main:1,q=3
VD,method=Main#main:1 <name=l,type=int (id=7),value=<?>,index=11>
VD,method=Main#main:1 <name=p,type=int (id=7),value=<?>,index=12>
VD,method=Main#main:1 <name=q,type=int (id=7),value=<?>,index=13>
VW,context=Main#main:1,j=3
VD,method=Main#main:1 <name=k,type=int (id=7),value=<?>,index=10>
VW,context=Main#main:1,k=3
VW,context=Main#main:1,l=3
VW,context=Main#main:1,p=3
VW,context=Main#main:1,q=3
VD,method=Main#main:1 <name=q,type=int (id=7),value=<?>,index=13>
VW,context=Main#main:1,max=4
VD,method=Main#main:1 <name=p,type=int (id=7),value=<?>,index=12>
VW,context=Main#main:1,l=4
VW,context=Main#main:1,p=3
VW,context=Main#main:1,q=3
VW,context=Main#main:1,q=4
VW,context=Main#main:1,k=4
VD,method=Main#main:1 <name=l,type=int (id=7),value=<?>,index=11>
VD,method=Main#main:1 <name=p,type=int (id=7),value=<?>,index=12>
VD,method=Main#main:1 <name=q,type=int (id=7),value=<?>,index=13>
VW,context=Main#main:1,l=3
VW,context=Main#main:1,p=3
VW,context=Main#main:1,q=3
VW,context=Main#main:1,p=4
VD,method=Main#main:1 <name=q,type=int (id=7),value=<?>,index=13>
VW,context=Main#main:1,q=3
VD,method=Main#main:1 <name=l,type=int (id=7),value=<?>,index=11>
VD,method=Main#main:1 <name=p,type=int (id=7),value=<?>,index=12>
VD,method=Main#main:1 <name=q,type=int (id=7),value=<?>,index=13>
VW,context=Main#main:1,j=4
VD,method=Main#main:1 <name=k,type=int (id=7),value=<?>,index=10>
VW,context=Main#main:1,k=3
VW,context=Main#main:1,l=4
VW,context=Main#main:1,p=3
VW,context=Main#main:1,q=4
VW,context=Main#main:1,k=4
VD,method=Main#main:1 <name=l,type=int (id=7),value=<?>,index=11>
VD,method=Main#main:1 <name=p,type=int (id=7),value=<?>,index=12>
VD,method=Main#main:1 <name=q,type=int (id=7),value=<?>,index=13>
VW,context=Main#main:1,l=4
VW,context=Main#main:1,p=3
VW,context=Main#main:1,q=4
VD,method=Main#main:1 <name=l,type=int (id=7),value=<?>,index=11>
VD,method=Main#main:1 <name=p,type=int (id=7),value=<?>,index=12>
VD,method=Main#main:1 <name=q,type=int (id=7),value=<?>,index=13>
VD,method=Main#main:1 <name=k,type=int (id=7),value=<?>,index=10>
VW,context=Main#main:1,i=4
VD,method=Main#main:1 <name=j,type=int (id=7),value=<?>,index=9>
VW,context=Main#main:1,j=0
VW,context=Main#main:1,k=4
VW,context=Main#main:1,l=0
VW,context=Main#main:1,p=4
VW,context=Main#main:1,q=0
VD,method=Main#main:1 <name=l,type=int (id=7),value=<?>,index=11>
VD,method=Main#main:1 <name=p,type=int (id=7),value=<?>,index=12>
VD,method=Main#main:1 <name=q,type=int (id=7),value=<?>,index=13>
VW,context=Main#main:1,j=1
VD,method=Main#main:1 <name=k,type=int (id=7),value=<?>,index=10>
VW,context=Main#main:1,k=4
VW,context=Main#main:1,l=1
VW,context=Main#main:1,p=4
VW,context=Main#main:1,q=1
VD,method=Main#main:1 <name=q,type=int (id=7),value=<?>,index=13>
VW,context=Main#main:1,max=4
VD,method=Main#main:1 <name=p,type=int (id=7),value=<?>,index=12>
VW,context=Main#main:1,l=2
VW,context=Main#main:1,p=4
VW,context=Main#main:1,q=1
VW,context=Main#main:1,q=2
VD,method=Main#main:1 <name=q,type=int (id=7),value=<?>,index=13>
VW,context=Main#main:1,max=4
VD,method=Main#main:1 <name=p,type=int (id=7),value=<?>,index=12>
VW,context=Main#main:1,l=3
VW,context=Main#main:1,p=4
VW,context=Main#main:1,q=1
VW,context=Main#main:1,q=2
VW,context=Main#main:1,q=3
VD,method=Main#main:1 <name=l,type=int (id=7),value=<?>,index=11>
VD,method=Main#main:1 <name=p,type=int (id=7),value=<?>,index=12>
VD,method=Main#main:1 <name=q,type=int (id=7),value=<?>,index=13>
VW,context=Main#main:1,j=2
VD,method=Main#main:1 <name=k,type=int (id=7),value=<?>,index=10>
VW,context=Main#main:1,k=4
VW,context=Main#main:1,l=2
VW,context=Main#main:1,p=4
VW,context=Main#main:1,q=2
VD,method=Main#main:1 <name=q,type=int (id=7),value=<?>,index=13>
VW,context=Main#main:1,max=4
VD,method=Main#main:1 <name=p,type=int (id=7),value=<?>,index=12>
VW,context=Main#main:1,l=3
VW,context=Main#main:1,p=4
VW,context=Main#main:1,q=2
VW,context=Main#main:1,q=3
VD,method=Main#main:1 <name=l,type=int (id=7),value=<?>,index=11>
VD,method=Main#main:1 <name=p,type=int (id=7),value=<?>,index=12>
VD,method=Main#main:1 <name=q,type=int (id=7),value=<?>,index=13>
VW,context=Main#main:1,j=3
VD,method=Main#main:1 <name=k,type=int (id=7),value=<?>,index=10>
VW,context=Main#main:1,k=4
VW,context=Main#main:1,l=3
VW,context=Main#main:1,p=4
VW,context=Main#main:1,q=3
VD,method=Main#main:1 <name=l,type=int (id=7),value=<?>,index=11>
VD,method=Main#main:1 <name=p,type=int (id=7),value=<?>,index=12>
VD,method=Main#main:1 <name=q,type=int (id=7),value=<?>,index=13>
VW,context=Main#main:1,j=4
VD,method=Main#main:1 <name=k,type=int (id=7),value=<?>,index=10>
VW,context=Main#main:1,k=4
VW,context=Main#main:1,l=4
VW,context=Main#main:1,p=4
VW,context=Main#main:1,q=4
VD,method=Main#main:1 <name=l,type=int (id=7),value=<?>,index=11>
VD,method=Main#main:1 <name=p,type=int (id=7),value=<?>,index=12>
VD,method=Main#main:1 <name=q,type=int (id=7),value=<?>,index=13>
VD,method=Main#main:1 <name=k,type=int (id=7),value=<?>,index=10>
VD,method=Main#main:1 <name=j,type=int (id=7),value=<?>,index=9>
VD,method=Main#main:1 <name=i,type=int (id=7),value=<?>,index=8>
VW,context=Main#main:1,tt=1
VD,method=Main#main:1 <name=map,type=boolean[][] (id=95),value=<?>,index=4>
VD,method=Main#main:1 <name=max,type=int (id=7),value=<?>,index=7>
NO,object=boolean[][]:2
NO,object=boolean[]:6
FW,context=boolean[]:6,0=false
FW,context=boolean[]:6,1=false
FW,context=boolean[]:6,2=false
FW,context=boolean[]:6,3=false
FW,context=boolean[]:6,4=false
FW,context=boolean[][]:2,0=boolean[]:6
NO,object=boolean[]:7
FW,context=boolean[]:7,0=false
FW,context=boolean[]:7,1=false
FW,context=boolean[]:7,2=false
FW,context=boolean[]:7,3=false
FW,context=boolean[]:7,4=false
FW,context=boolean[][]:2,1=boolean[]:7
NO,object=boolean[]:8
FW,context=boolean[]:8,0=false
FW,context=boolean[]:8,1=false
FW,context=boolean[]:8,2=false
FW,context=boolean[]:8,3=false
FW,context=boolean[]:8,4=false
FW,context=boolean[][]:2,2=boolean[]:8
NO,object=boolean[]:9
FW,context=boolean[]:9,0=false
FW,context=boolean[]:9,1=false
FW,context=boolean[]:9,2=false
FW,context=boolean[]:9,3=false
FW,context=boolean[]:9,4=false
FW,context=boolean[][]:2,3=boolean[]:9
NO,object=boolean[]:10
FW,context=boolean[]:10,0=false
FW,context=boolean[]:10,1=false
FW,context=boolean[]:10,2=false
FW,context=boolean[]:10,3=false
FW,context=boolean[]:10,4=false
FW,context=boolean[][]:2,4=boolean[]:10
VW,context=Main#main:1,map=boolean[][]:2
VW,context=Main#main:1,i=0
VW,context=Main#main:1,j=0
VW,context=Main#main:1,map=boolean[][]:2
VW,context=Main#main:1,j=1
VW,context=Main#main:1,map=boolean[][]:2
VW,context=Main#main:1,j=2
VW,context=Main#main:1,map=boolean[][]:2
VW,context=Main#main:1,j=3
VW,context=Main#main:1,map=boolean[][]:2
VW,context=Main#main:1,j=4
VW,context=Main#main:1,map=boolean[][]:2
VW,context=Main#main:1,i=1
VD,method=Main#main:1 <name=j,type=int (id=7),value=<?>,index=6>
VW,context=Main#main:1,j=0
VW,context=Main#main:1,map=boolean[][]:2
VW,context=Main#main:1,j=1
VW,context=Main#main:1,map=boolean[][]:2
VW,context=Main#main:1,j=2
VW,context=Main#main:1,map=boolean[][]:2
VW,context=Main#main:1,j=3
VW,context=Main#main:1,map=boolean[][]:2
VW,context=Main#main:1,j=4
VW,context=Main#main:1,map=boolean[][]:2
VW,context=Main#main:1,i=2
VD,method=Main#main:1 <name=j,type=int (id=7),value=<?>,index=6>
VW,context=Main#main:1,j=0
VW,context=Main#main:1,map=boolean[][]:2
VW,context=Main#main:1,j=1
VW,context=Main#main:1,map=boolean[][]:2
VW,context=Main#main:1,j=2
VW,context=Main#main:1,map=boolean[][]:2
VW,context=Main#main:1,j=3
VW,context=Main#main:1,map=boolean[][]:2
VW,context=Main#main:1,j=4
VW,context=Main#main:1,map=boolean[][]:2
VW,context=Main#main:1,i=3
VD,method=Main#main:1 <name=j,type=int (id=7),value=<?>,index=6>
VW,context=Main#main:1,j=0
VW,context=Main#main:1,map=boolean[][]:2
VW,context=Main#main:1,j=1
VW,context=Main#main:1,map=boolean[][]:2
VW,context=Main#main:1,j=2
VW,context=Main#main:1,map=boolean[][]:2
VW,context=Main#main:1,j=3
VW,context=Main#main:1,map=boolean[][]:2
VW,context=Main#main:1,j=4
VW,context=Main#main:1,map=boolean[][]:2
VW,context=Main#main:1,i=4
VD,method=Main#main:1 <name=j,type=int (id=7),value=<?>,index=6>
VW,context=Main#main:1,j=0
VW,context=Main#main:1,map=boolean[][]:2
VW,context=Main#main:1,j=1
VW,context=Main#main:1,map=boolean[][]:2
VW,context=Main#main:1,j=2
VW,context=Main#main:1,map=boolean[][]:2
VW,context=Main#main:1,j=3
VW,context=Main#main:1,map=boolean[][]:2
VW,context=Main#main:1,j=4
VW,context=Main#main:1,map=boolean[][]:2
VD,method=Main#main:1 <name=j,type=int (id=7),value=<?>,index=6>
VD,method=Main#main:1 <name=i,type=int (id=7),value=<?>,index=5>
VW,context=Main#main:1,max=0
VW,context=Main#main:1,i=0
VW,context=Main#main:1,j=0
VW,context=Main#main:1,k=0
VW,context=Main#main:1,l=0
VW,context=Main#main:1,p=0
VW,context=Main#main:1,q=0
VW,context=Main#main:1,k=1
VD,method=Main#main:1 <name=l,type=int (id=7),value=<?>,index=11>
VD,method=Main#main:1 <name=p,type=int (id=7),value=<?>,index=12>
VD,method=Main#main:1 <name=q,type=int (id=7),value=<?>,index=13>
VW,context=Main#main:1,l=0
VW,context=Main#main:1,p=0
VW,context=Main#main:1,q=0
VW,context=Main#main:1,k=2
VD,method=Main#main:1 <name=l,type=int (id=7),value=<?>,index=11>
VD,method=Main#main:1 <name=p,type=int (id=7),value=<?>,index=12>
VD,method=Main#main:1 <name=q,type=int (id=7),value=<?>,index=13>
VW,context=Main#main:1,l=0
VW,context=Main#main:1,p=0
VW,context=Main#main:1,q=0
VW,context=Main#main:1,k=3
VD,method=Main#main:1 <name=l,type=int (id=7),value=<?>,index=11>
VD,method=Main#main:1 <name=p,type=int (id=7),value=<?>,index=12>
VD,method=Main#main:1 <name=q,type=int (id=7),value=<?>,index=13>
VW,context=Main#main:1,l=0
VW,context=Main#main:1,p=0
VW,context=Main#main:1,q=0
VW,context=Main#main:1,k=4
VD,method=Main#main:1 <name=l,type=int (id=7),value=<?>,index=11>
VD,method=Main#main:1 <name=p,type=int (id=7),value=<?>,index=12>
VD,method=Main#main:1 <name=q,type=int (id=7),value=<?>,index=13>
VW,context=Main#main:1,l=0
VW,context=Main#main:1,p=0
VW,context=Main#main:1,q=0
VD,method=Main#main:1 <name=l,type=int (id=7),value=<?>,index=11>
VD,method=Main#main:1 <name=p,type=int (id=7),value=<?>,index=12>
VD,method=Main#main:1 <name=q,type=int (id=7),value=<?>,index=13>
VW,context=Main#main:1,j=1
VD,method=Main#main:1 <name=k,type=int (id=7),value=<?>,index=10>
VW,context=Main#main:1,k=0
VW,context=Main#main:1,l=1
VW,context=Main#main:1,p=0
VW,context=Main#main:1,q=1
VD,method=Main#main:1 <name=q,type=int (id=7),value=<?>,index=13>
VW,context=Main#main:1,max=1
VD,method=Main#main:1 <name=p,type=int (id=7),value=<?>,index=12>
VW,context=Main#main:1,l=2
VW,context=Main#main:1,p=0
VW,context=Main#main:1,q=1
VW,context=Main#main:1,q=2
VW,context=Main#main:1,k=1
VD,method=Main#main:1 <name=l,type=int (id=7),value=<?>,index=11>
VD,method=Main#main:1 <name=p,type=int (id=7),value=<?>,index=12>
VD,method=Main#main:1 <name=q,type=int (id=7),value=<?>,index=13>
VW,context=Main#main:1,l=1
VW,context=Main#main:1,p=0
VW,context=Main#main:1,q=1
VW,context=Main#main:1,p=1
VD,method=Main#main:1 <name=q,type=int (id=7),value=<?>,index=13>
VW,context=Main#main:1,q=1
VD,method=Main#main:1 <name=q,type=int (id=7),value=<?>,index=13>
VW,context=Main#main:1,max=2
VD,method=Main#main:1 <name=p,type=int (id=7),value=<?>,index=12>
VW,context=Main#main:1,l=2
VW,context=Main#main:1,p=0
VW,context=Main#main:1,q=1
VW,context=Main#main:1,q=2
VW,context=Main#main:1,k=2
VD,method=Main#main:1 <name=l,type=int (id=7),value=<?>,index=11>
VD,method=Main#main:1 <name=p,type=int (id=7),value=<?>,index=12>
VD,method=Main#main:1 <name=q,type=int (id=7),value=<?>,index=13>
VW,context=Main#main:1,l=1
VW,context=Main#main:1,p=0
VW,context=Main#main:1,q=1
VW,context=Main#main:1,p=1
VD,method=Main#main:1 <name=q,type=int (id=7),value=<?>,index=13>
VW,context=Main#main:1,q=1
VW,context=Main#main:1,p=2
VD,method=Main#main:1 <name=q,type=int (id=7),value=<?>,index=13>
VW,context=Main#main:1,q=1
VW,context=Main#main:1,k=3
VD,method=Main#main:1 <name=l,type=int (id=7),value=<?>,index=11>
VD,method=Main#main:1 <name=p,type=int (id=7),value=<?>,index=12>
VD,method=Main#main:1 <name=q,type=int (id=7),value=<?>,index=13>
VW,context=Main#main:1,l=1
VW,context=Main#main:1,p=0
VW,context=Main#main:1,q=1
VW,context=Main#main:1,p=1
VD,method=Main#main:1 <name=q,type=int (id=7),value=<?>,index=13>
VW,context=Main#main:1,q=1
VW,context=Main#main:1,p=2
VD,method=Main#main:1 <name=q,type=int (id=7),value=<?>,index=13>
VW,context=Main#main:1,q=1
VW,context=Main#main:1,k=4
VD,method=Main#main:1 <name=l,type=int (id=7),value=<?>,index=11>
VD,method=Main#main:1 <name=p,type=int (id=7),value=<?>,index=12>
VD,method=Main#main:1 <name=q,type=int (id=7),value=<?>,index=13>
VW,context=Main#main:1,l=1
VW,context=Main#main:1,p=0
VW,context=Main#main:1,q=1
VW,context=Main#main:1,p=1
VD,method=Main#main:1 <name=q,type=int (id=7),value=<?>,index=13>
VW,context=Main#main:1,q=1
VW,context=Main#main:1,p=2
VD,method=Main#main:1 <name=q,type=int (id=7),value=<?>,index=13>
VW,context=Main#main:1,q=1
VD,method=Main#main:1 <name=l,type=int (id=7),value=<?>,index=11>
VD,method=Main#main:1 <name=p,type=int (id=7),value=<?>,index=12>
VD,method=Main#main:1 <name=q,type=int (id=7),value=<?>,index=13>
VW,context=Main#main:1,j=2
VD,method=Main#main:1 <name=k,type=int (id=7),value=<?>,index=10>
VW,context=Main#main:1,k=0
VW,context=Main#main:1,l=2
VW,context=Main#main:1,p=0
VW,context=Main#main:1,q=2
VW,context=Main#main:1,k=1
VD,method=Main#main:1 <name=l,type=int (id=7),value=<?>,index=11>
VD,method=Main#main:1 <name=p,type=int (id=7),value=<?>,index=12>
VD,method=Main#main:1 <name=q,type=int (id=7),value=<?>,index=13>
VW,context=Main#main:1,l=2
VW,context=Main#main:1,p=0
VW,context=Main#main:1,q=2
VW,context=Main#main:1,k=2
VD,method=Main#main:1 <name=l,type=int (id=7),value=<?>,index=11>
VD,method=Main#main:1 <name=p,type=int (id=7),value=<?>,index=12>
VD,method=Main#main:1 <name=q,type=int (id=7),value=<?>,index=13>
VW,context=Main#main:1,l=2
VW,context=Main#main:1,p=0
VW,context=Main#main:1,q=2
VW,context=Main#main:1,k=3
VD,method=Main#main:1 <name=l,type=int (id=7),value=<?>,index=11>
VD,method=Main#main:1 <name=p,type=int (id=7),value=<?>,index=12>
VD,method=Main#main:1 <name=q,type=int (id=7),value=<?>,index=13>
VW,context=Main#main:1,l=2
VW,context=Main#main:1,p=0
VW,context=Main#main:1,q=2
VW,context=Main#main:1,k=4
VD,method=Main#main:1 <name=l,type=int (id=7),value=<?>,index=11>
VD,method=Main#main:1 <name=p,type=int (id=7),value=<?>,index=12>
VD,method=Main#main:1 <name=q,type=int (id=7),value=<?>,index=13>
VW,context=Main#main:1,l=2
VW,context=Main#main:1,p=0
VW,context=Main#main:1,q=2
VD,method=Main#main:1 <name=l,type=int (id=7),value=<?>,index=11>
VD,method=Main#main:1 <name=p,type=int (id=7),value=<?>,index=12>
VD,method=Main#main:1 <name=q,type=int (id=7),value=<?>,index=13>
VW,context=Main#main:1,j=3
VD,method=Main#main:1 <name=k,type=int (id=7),value=<?>,index=10>
VW,context=Main#main:1,k=0
VW,context=Main#main:1,l=3
VW,context=Main#main:1,p=0
VW,context=Main#main:1,q=3
VD,method=Main#main:1 <name=q,type=int (id=7),value=<?>,index=13>
VW,context=Main#main:1,max=2
VD,method=Main#main:1 <name=p,type=int (id=7),value=<?>,index=12>
VW,context=Main#main:1,l=4
VW,context=Main#main:1,p=0
VW,context=Main#main:1,q=3
VW,context=Main#main:1,q=4
VD,method=Main#main:1 <name=q,type=int (id=7),value=<?>,index=13>
VW,context=Main#main:1,max=2
VD,method=Main#main:1 <name=p,type=int (id=7),value=<?>,index=12>
VW,context=Main#main:1,k=1
VD,method=Main#main:1 <name=l,type=int (id=7),value=<?>,index=11>
VW,context=Main#main:1,l=3
VW,context=Main#main:1,p=0
VW,context=Main#main:1,q=3
VW,context=Main#main:1,p=1
VD,method=Main#main:1 <name=q,type=int (id=7),value=<?>,index=13>
VW,context=Main#main:1,q=3
VD,method=Main#main:1 <name=q,type=int (id=7),value=<?>,index=13>
VW,context=Main#main:1,max=2
VD,method=Main#main:1 <name=p,type=int (id=7),value=<?>,index=12>
VW,context=Main#main:1,l=4
VW,context=Main#main:1,p=0
VW,context=Main#main:1,q=3
VW,context=Main#main:1,q=4
VW,context=Main#main:1,p=1
VD,method=Main#main:1 <name=q,type=int (id=7),value=<?>,index=13>
VW,context=Main#main:1,q=3
VW,context=Main#main:1,q=4
VW,context=Main#main:1,k=2
VD,method=Main#main:1 <name=l,type=int (id=7),value=<?>,index=11>
VD,method=Main#main:1 <name=p,type=int (id=7),value=<?>,index=12>
VD,method=Main#main:1 <name=q,type=int (id=7),value=<?>,index=13>
VW,context=Main#main:1,l=3
VW,context=Main#main:1,p=0
VW,context=Main#main:1,q=3
VW,context=Main#main:1,p=1
VD,method=Main#main:1 <name=q,type=int (id=7),value=<?>,index=13>
VW,context=Main#main:1,q=3
VW,context=Main#main:1,p=2
VD,method=Main#main:1 <name=q,type=int (id=7),value=<?>,index=13>
VW,context=Main#main:1,q=3
VW,context=Main#main:1,k=3
VD,method=Main#main:1 <name=l,type=int (id=7),value=<?>,index=11>
VD,method=Main#main:1 <name=p,type=int (id=7),value=<?>,index=12>
VD,method=Main#main:1 <name=q,type=int (id=7),value=<?>,index=13>
VW,context=Main#main:1,l=3
VW,context=Main#main:1,p=0
VW,context=Main#main:1,q=3
VW,context=Main#main:1,p=1
VD,method=Main#main:1 <name=q,type=int (id=7),value=<?>,index=13>
VW,context=Main#main:1,q=3
VW,context=Main#main:1,p=2
VD,method=Main#main:1 <name=q,type=int (id=7),value=<?>,index=13>
VW,context=Main#main:1,q=3
VW,context=Main#main:1,k=4
VD,method=Main#main:1 <name=l,type=int (id=7),value=<?>,index=11>
VD,method=Main#main:1 <name=p,type=int (id=7),value=<?>,index=12>
VD,method=Main#main:1 <name=q,type=int (id=7),value=<?>,index=13>
VW,context=Main#main:1,l=3
VW,context=Main#main:1,p=0
VW,context=Main#main:1,q=3
VW,context=Main#main:1,p=1
VD,method=Main#main:1 <name=q,type=int (id=7),value=<?>,index=13>
VW,context=Main#main:1,q=3
VW,context=Main#main:1,p=2
VD,method=Main#main:1 <name=q,type=int (id=7),value=<?>,index=13>
VW,context=Main#main:1,q=3
VD,method=Main#main:1 <name=l,type=int (id=7),value=<?>,index=11>
VD,method=Main#main:1 <name=p,type=int (id=7),value=<?>,index=12>
VD,method=Main#main:1 <name=q,type=int (id=7),value=<?>,index=13>
VW,context=Main#main:1,j=4
VD,method=Main#main:1 <name=k,type=int (id=7),value=<?>,index=10>
VW,context=Main#main:1,k=0
VW,context=Main#main:1,l=4
VW,context=Main#main:1,p=0
VW,context=Main#main:1,q=4
VD,method=Main#main:1 <name=q,type=int (id=7),value=<?>,index=13>
VW,context=Main#main:1,max=2
VD,method=Main#main:1 <name=p,type=int (id=7),value=<?>,index=12>
VW,context=Main#main:1,k=1
VD,method=Main#main:1 <name=l,type=int (id=7),value=<?>,index=11>
VW,context=Main#main:1,l=4
VW,context=Main#main:1,p=0
VW,context=Main#main:1,q=4
VW,context=Main#main:1,p=1
VD,method=Main#main:1 <name=q,type=int (id=7),value=<?>,index=13>
VW,context=Main#main:1,q=4
VW,context=Main#main:1,k=2
VD,method=Main#main:1 <name=l,type=int (id=7),value=<?>,index=11>
VD,method=Main#main:1 <name=p,type=int (id=7),value=<?>,index=12>
VD,method=Main#main:1 <name=q,type=int (id=7),value=<?>,index=13>
VW,context=Main#main:1,l=4
VW,context=Main#main:1,p=0
VW,context=Main#main:1,q=4
VW,context=Main#main:1,p=1
VD,method=Main#main:1 <name=q,type=int (id=7),value=<?>,index=13>
VW,context=Main#main:1,q=4
VW,context=Main#main:1,k=3
VD,method=Main#main:1 <name=l,type=int (id=7),value=<?>,index=11>
VD,method=Main#main:1 <name=p,type=int (id=7),value=<?>,index=12>
VD,method=Main#main:1 <name=q,type=int (id=7),value=<?>,index=13>
VW,context=Main#main:1,l=4
VW,context=Main#main:1,p=0
VW,context=Main#main:1,q=4
VW,context=Main#main:1,p=1
VD,method=Main#main:1 <name=q,type=int (id=7),value=<?>,index=13>
VW,context=Main#main:1,q=4
VW,context=Main#main:1,k=4
VD,method=Main#main:1 <name=l,type=int (id=7),value=<?>,index=11>
VD,method=Main#main:1 <name=p,type=int (id=7),value=<?>,index=12>
VD,method=Main#main:1 <name=q,type=int (id=7),value=<?>,index=13>
VW,context=Main#main:1,l=4
VW,context=Main#main:1,p=0
VW,context=Main#main:1,q=4
VW,context=Main#main:1,p=1
VD,method=Main#main:1 <name=q,type=int (id=7),value=<?>,index=13>
VW,context=Main#main:1,q=4
VD,method=Main#main:1 <name=l,type=int (id=7),value=<?>,index=11>
VD,method=Main#main:1 <name=p,type=int (id=7),value=<?>,index=12>
VD,method=Main#main:1 <name=q,type=int (id=7),value=<?>,index=13>
VD,method=Main#main:1 <name=k,type=int (id=7),value=<?>,index=10>
VW,context=Main#main:1,i=1
VD,method=Main#main:1 <name=j,type=int (id=7),value=<?>,index=9>
VW,context=Main#main:1,j=0
VW,context=Main#main:1,k=1
VW,context=Main#main:1,l=0
VW,context=Main#main:1,p=1
VW,context=Main#main:1,q=0
VW,context=Main#main:1,k=2
VD,method=Main#main:1 <name=l,type=int (id=7),value=<?>,index=11>
VD,method=Main#main:1 <name=p,type=int (id=7),value=<?>,index=12>
VD,method=Main#main:1 <name=q,type=int (id=7),value=<?>,index=13>
VW,context=Main#main:1,l=0
VW,context=Main#main:1,p=1
VW,context=Main#main:1,q=0
VW,context=Main#main:1,k=3
VD,method=Main#main:1 <name=l,type=int (id=7),value=<?>,index=11>
VD,method=Main#main:1 <name=p,type=int (id=7),value=<?>,index=12>
VD,method=Main#main:1 <name=q,type=int (id=7),value=<?>,index=13>
VW,context=Main#main:1,l=0
VW,context=Main#main:1,p=1
VW,context=Main#main:1,q=0
VW,context=Main#main:1,k=4
VD,method=Main#main:1 <name=l,type=int (id=7),value=<?>,index=11>
VD,method=Main#main:1 <name=p,type=int (id=7),value=<?>,index=12>
VD,method=Main#main:1 <name=q,type=int (id=7),value=<?>,index=13>
VW,context=Main#main:1,l=0
VW,context=Main#main:1,p=1
VW,context=Main#main:1,q=0
VD,method=Main#main:1 <name=l,type=int (id=7),value=<?>,index=11>
VD,method=Main#main:1 <name=p,type=int (id=7),value=<?>,index=12>
VD,method=Main#main:1 <name=q,type=int (id=7),value=<?>,index=13>
VW,context=Main#main:1,j=1
VD,method=Main#main:1 <name=k,type=int (id=7),value=<?>,index=10>
VW,context=Main#main:1,k=1
VW,context=Main#main:1,l=1
VW,context=Main#main:1,p=1
VW,context=Main#main:1,q=1
VD,method=Main#main:1 <name=q,type=int (id=7),value=<?>,index=13>
VW,context=Main#main:1,max=2
VD,method=Main#main:1 <name=p,type=int (id=7),value=<?>,index=12>
VW,context=Main#main:1,l=2
VW,context=Main#main:1,p=1
VW,context=Main#main:1,q=1
VW,context=Main#main:1,q=2
VW,context=Main#main:1,k=2
VD,method=Main#main:1 <name=l,type=int (id=7),value=<?>,index=11>
VD,method=Main#main:1 <name=p,type=int (id=7),value=<?>,index=12>
VD,method=Main#main:1 <name=q,type=int (id=7),value=<?>,index=13>
VW,context=Main#main:1,l=1
VW,context=Main#main:1,p=1
VW,context=Main#main:1,q=1
VW,context=Main#main:1,p=2
VD,method=Main#main:1 <name=q,type=int (id=7),value=<?>,index=13>
VW,context=Main#main:1,q=1
VW,context=Main#main:1,k=3
VD,method=Main#main:1 <name=l,type=int (id=7),value=<?>,index=11>
VD,method=Main#main:1 <name=p,type=int (id=7),value=<?>,index=12>
VD,method=Main#main:1 <name=q,type=int (id=7),value=<?>,index=13>
VW,context=Main#main:1,l=1
VW,context=Main#main:1,p=1
VW,context=Main#main:1,q=1
VW,context=Main#main:1,p=2
VD,method=Main#main:1 <name=q,type=int (id=7),value=<?>,index=13>
VW,context=Main#main:1,q=1
VW,context=Main#main:1,k=4
VD,method=Main#main:1 <name=l,type=int (id=7),value=<?>,index=11>
VD,method=Main#main:1 <name=p,type=int (id=7),value=<?>,index=12>
VD,method=Main#main:1 <name=q,type=int (id=7),value=<?>,index=13>
VW,context=Main#main:1,l=1
VW,context=Main#main:1,p=1
VW,context=Main#main:1,q=1
VW,context=Main#main:1,p=2
VD,method=Main#main:1 <name=q,type=int (id=7),value=<?>,index=13>
VW,context=Main#main:1,q=1
VD,method=Main#main:1 <name=l,type=int (id=7),value=<?>,index=11>
VD,method=Main#main:1 <name=p,type=int (id=7),value=<?>,index=12>
VD,method=Main#main:1 <name=q,type=int (id=7),value=<?>,index=13>
VW,context=Main#main:1,j=2
VD,method=Main#main:1 <name=k,type=int (id=7),value=<?>,index=10>
VW,context=Main#main:1,k=1
VW,context=Main#main:1,l=2
VW,context=Main#main:1,p=1
VW,context=Main#main:1,q=2
VW,context=Main#main:1,k=2
VD,method=Main#main:1 <name=l,type=int (id=7),value=<?>,index=11>
VD,method=Main#main:1 <name=p,type=int (id=7),value=<?>,index=12>
VD,method=Main#main:1 <name=q,type=int (id=7),value=<?>,index=13>
VW,context=Main#main:1,l=2
VW,context=Main#main:1,p=1
VW,context=Main#main:1,q=2
VW,context=Main#main:1,k=3
VD,method=Main#main:1 <name=l,type=int (id=7),value=<?>,index=11>
VD,method=Main#main:1 <name=p,type=int (id=7),value=<?>,index=12>
VD,method=Main#main:1 <name=q,type=int (id=7),value=<?>,index=13>
VW,context=Main#main:1,l=2
VW,context=Main#main:1,p=1
VW,context=Main#main:1,q=2
VW,context=Main#main:1,k=4
VD,method=Main#main:1 <name=l,type=int (id=7),value=<?>,index=11>
VD,method=Main#main:1 <name=p,type=int (id=7),value=<?>,index=12>
VD,method=Main#main:1 <name=q,type=int (id=7),value=<?>,index=13>
VW,context=Main#main:1,l=2
VW,context=Main#main:1,p=1
VW,context=Main#main:1,q=2
VD,method=Main#main:1 <name=l,type=int (id=7),value=<?>,index=11>
VD,method=Main#main:1 <name=p,type=int (id=7),value=<?>,index=12>
VD,method=Main#main:1 <name=q,type=int (id=7),value=<?>,index=13>
VW,context=Main#main:1,j=3
VD,method=Main#main:1 <name=k,type=int (id=7),value=<?>,index=10>
VW,context=Main#main:1,k=1
VW,context=Main#main:1,l=3
VW,context=Main#main:1,p=1
VW,context=Main#main:1,q=3
VD,method=Main#main:1 <name=q,type=int (id=7),value=<?>,index=13>
VW,context=Main#main:1,max=2
VD,method=Main#main:1 <name=p,type=int (id=7),value=<?>,index=12>
VW,context=Main#main:1,l=4
VW,context=Main#main:1,p=1
VW,context=Main#main:1,q=3
VW,context=Main#main:1,q=4
VW,context=Main#main:1,k=2
VD,method=Main#main:1 <name=l,type=int (id=7),value=<?>,index=11>
VD,method=Main#main:1 <name=p,type=int (id=7),value=<?>,index=12>
VD,method=Main#main:1 <name=q,type=int (id=7),value=<?>,index=13>
VW,context=Main#main:1,l=3
VW,context=Main#main:1,p=1
VW,context=Main#main:1,q=3
VW,context=Main#main:1,p=2
VD,method=Main#main:1 <name=q,type=int (id=7),value=<?>,index=13>
VW,context=Main#main:1,q=3
VW,context=Main#main:1,k=3
VD,method=Main#main:1 <name=l,type=int (id=7),value=<?>,index=11>
VD,method=Main#main:1 <name=p,type=int (id=7),value=<?>,index=12>
VD,method=Main#main:1 <name=q,type=int (id=7),value=<?>,index=13>
VW,context=Main#main:1,l=3
VW,context=Main#main:1,p=1
VW,context=Main#main:1,q=3
VW,context=Main#main:1,p=2
VD,method=Main#main:1 <name=q,type=int (id=7),value=<?>,index=13>
VW,context=Main#main:1,q=3
VW,context=Main#main:1,k=4
VD,method=Main#main:1 <name=l,type=int (id=7),value=<?>,index=11>
VD,method=Main#main:1 <name=p,type=int (id=7),value=<?>,index=12>
VD,method=Main#main:1 <name=q,type=int (id=7),value=<?>,index=13>
VW,context=Main#main:1,l=3
VW,context=Main#main:1,p=1
VW,context=Main#main:1,q=3
VW,context=Main#main:1,p=2
VD,method=Main#main:1 <name=q,type=int (id=7),value=<?>,index=13>
VW,context=Main#main:1,q=3
VD,method=Main#main:1 <name=l,type=int (id=7),value=<?>,index=11>
VD,method=Main#main:1 <name=p,type=int (id=7),value=<?>,index=12>
VD,method=Main#main:1 <name=q,type=int (id=7),value=<?>,index=13>
VW,context=Main#main:1,j=4
VD,method=Main#main:1 <name=k,type=int (id=7),value=<?>,index=10>
VW,context=Main#main:1,k=1
VW,context=Main#main:1,l=4
VW,context=Main#main:1,p=1
VW,context=Main#main:1,q=4
VW,context=Main#main:1,k=2
VD,method=Main#main:1 <name=l,type=int (id=7),value=<?>,index=11>
VD,method=Main#main:1 <name=p,type=int (id=7),value=<?>,index=12>
VD,method=Main#main:1 <name=q,type=int (id=7),value=<?>,index=13>
VW,context=Main#main:1,l=4
VW,context=Main#main:1,p=1
VW,context=Main#main:1,q=4
VW,context=Main#main:1,k=3
VD,method=Main#main:1 <name=l,type=int (id=7),value=<?>,index=11>
VD,method=Main#main:1 <name=p,type=int (id=7),value=<?>,index=12>
VD,method=Main#main:1 <name=q,type=int (id=7),value=<?>,index=13>
VW,context=Main#main:1,l=4
VW,context=Main#main:1,p=1
VW,context=Main#main:1,q=4
VW,context=Main#main:1,k=4
VD,method=Main#main:1 <name=l,type=int (id=7),value=<?>,index=11>
VD,method=Main#main:1 <name=p,type=int (id=7),value=<?>,index=12>
VD,method=Main#main:1 <name=q,type=int (id=7),value=<?>,index=13>
VW,context=Main#main:1,l=4
VW,context=Main#main:1,p=1
VW,context=Main#main:1,q=4
VD,method=Main#main:1 <name=l,type=int (id=7),value=<?>,index=11>
VD,method=Main#main:1 <name=p,type=int (id=7),value=<?>,index=12>
VD,method=Main#main:1 <name=q,type=int (id=7),value=<?>,index=13>
VD,method=Main#main:1 <name=k,type=int (id=7),value=<?>,index=10>
VW,context=Main#main:1,i=2
VD,method=Main#main:1 <name=j,type=int (id=7),value=<?>,index=9>
VW,context=Main#main:1,j=0
VW,context=Main#main:1,k=2
VW,context=Main#main:1,l=0
VW,context=Main#main:1,p=2
VW,context=Main#main:1,q=0
VW,context=Main#main:1,k=3
VD,method=Main#main:1 <name=l,type=int (id=7),value=<?>,index=11>
VD,method=Main#main:1 <name=p,type=int (id=7),value=<?>,index=12>
VD,method=Main#main:1 <name=q,type=int (id=7),value=<?>,index=13>
VW,context=Main#main:1,l=0
VW,context=Main#main:1,p=2
VW,context=Main#main:1,q=0
VW,context=Main#main:1,k=4
VD,method=Main#main:1 <name=l,type=int (id=7),value=<?>,index=11>
VD,method=Main#main:1 <name=p,type=int (id=7),value=<?>,index=12>
VD,method=Main#main:1 <name=q,type=int (id=7),value=<?>,index=13>
VW,context=Main#main:1,l=0
VW,context=Main#main:1,p=2
VW,context=Main#main:1,q=0
VD,method=Main#main:1 <name=l,type=int (id=7),value=<?>,index=11>
VD,method=Main#main:1 <name=p,type=int (id=7),value=<?>,index=12>
VD,method=Main#main:1 <name=q,type=int (id=7),value=<?>,index=13>
VW,context=Main#main:1,j=1
VD,method=Main#main:1 <name=k,type=int (id=7),value=<?>,index=10>
VW,context=Main#main:1,k=2
VW,context=Main#main:1,l=1
VW,context=Main#main:1,p=2
VW,context=Main#main:1,q=1
VW,context=Main#main:1,k=3
VD,method=Main#main:1 <name=l,type=int (id=7),value=<?>,index=11>
VD,method=Main#main:1 <name=p,type=int (id=7),value=<?>,index=12>
VD,method=Main#main:1 <name=q,type=int (id=7),value=<?>,index=13>
VW,context=Main#main:1,l=1
VW,context=Main#main:1,p=2
VW,context=Main#main:1,q=1
VW,context=Main#main:1,k=4
VD,method=Main#main:1 <name=l,type=int (id=7),value=<?>,index=11>
VD,method=Main#main:1 <name=p,type=int (id=7),value=<?>,index=12>
VD,method=Main#main:1 <name=q,type=int (id=7),value=<?>,index=13>
VW,context=Main#main:1,l=1
VW,context=Main#main:1,p=2
VW,context=Main#main:1,q=1
VD,method=Main#main:1 <name=l,type=int (id=7),value=<?>,index=11>
VD,method=Main#main:1 <name=p,type=int (id=7),value=<?>,index=12>
VD,method=Main#main:1 <name=q,type=int (id=7),value=<?>,index=13>
VW,context=Main#main:1,j=2
VD,method=Main#main:1 <name=k,type=int (id=7),value=<?>,index=10>
VW,context=Main#main:1,k=2
VW,context=Main#main:1,l=2
VW,context=Main#main:1,p=2
VW,context=Main#main:1,q=2
VD,method=Main#main:1 <name=q,type=int (id=7),value=<?>,index=13>
VW,context=Main#main:1,max=2
VD,method=Main#main:1 <name=p,type=int (id=7),value=<?>,index=12>
VW,context=Main#main:1,l=3
VW,context=Main#main:1,p=2
VW,context=Main#main:1,q=2
VW,context=Main#main:1,q=3
VW,context=Main#main:1,k=3
VD,method=Main#main:1 <name=l,type=int (id=7),value=<?>,index=11>
VD,method=Main#main:1 <name=p,type=int (id=7),value=<?>,index=12>
VD,method=Main#main:1 <name=q,type=int (id=7),value=<?>,index=13>
VW,context=Main#main:1,l=2
VW,context=Main#main:1,p=2
VW,context=Main#main:1,q=2
VW,context=Main#main:1,p=3
VD,method=Main#main:1 <name=q,type=int (id=7),value=<?>,index=13>
VW,context=Main#main:1,q=2
VD,method=Main#main:1 <name=q,type=int (id=7),value=<?>,index=13>
VW,context=Main#main:1,max=2
VD,method=Main#main:1 <name=p,type=int (id=7),value=<?>,index=12>
VW,context=Main#main:1,l=3
VW,context=Main#main:1,p=2
VW,context=Main#main:1,q=2
VW,context=Main#main:1,q=3
VW,context=Main#main:1,k=4
VD,method=Main#main:1 <name=l,type=int (id=7),value=<?>,index=11>
VD,method=Main#main:1 <name=p,type=int (id=7),value=<?>,index=12>
VD,method=Main#main:1 <name=q,type=int (id=7),value=<?>,index=13>
VW,context=Main#main:1,l=2
VW,context=Main#main:1,p=2
VW,context=Main#main:1,q=2
VW,context=Main#main:1,p=3
VD,method=Main#main:1 <name=q,type=int (id=7),value=<?>,index=13>
VW,context=Main#main:1,q=2
VW,context=Main#main:1,p=4
VD,method=Main#main:1 <name=q,type=int (id=7),value=<?>,index=13>
VW,context=Main#main:1,q=2
VD,method=Main#main:1 <name=q,type=int (id=7),value=<?>,index=13>
VW,context=Main#main:1,max=3
VD,method=Main#main:1 <name=p,type=int (id=7),value=<?>,index=12>
VW,context=Main#main:1,l=3
VW,context=Main#main:1,p=2
VW,context=Main#main:1,q=2
VW,context=Main#main:1,q=3
VD,method=Main#main:1 <name=l,type=int (id=7),value=<?>,index=11>
VD,method=Main#main:1 <name=p,type=int (id=7),value=<?>,index=12>
VD,method=Main#main:1 <name=q,type=int (id=7),value=<?>,index=13>
VW,context=Main#main:1,j=3
VD,method=Main#main:1 <name=k,type=int (id=7),value=<?>,index=10>
VW,context=Main#main:1,k=2
VW,context=Main#main:1,l=3
VW,context=Main#main:1,p=2
VW,context=Main#main:1,q=3
VW,context=Main#main:1,k=3
VD,method=Main#main:1 <name=l,type=int (id=7),value=<?>,index=11>
VD,method=Main#main:1 <name=p,type=int (id=7),value=<?>,index=12>
VD,method=Main#main:1 <name=q,type=int (id=7),value=<?>,index=13>
VW,context=Main#main:1,l=3
VW,context=Main#main:1,p=2
VW,context=Main#main:1,q=3
VW,context=Main#main:1,k=4
VD,method=Main#main:1 <name=l,type=int (id=7),value=<?>,index=11>
VD,method=Main#main:1 <name=p,type=int (id=7),value=<?>,index=12>
VD,method=Main#main:1 <name=q,type=int (id=7),value=<?>,index=13>
VW,context=Main#main:1,l=3
VW,context=Main#main:1,p=2
VW,context=Main#main:1,q=3
VD,method=Main#main:1 <name=l,type=int (id=7),value=<?>,index=11>
VD,method=Main#main:1 <name=p,type=int (id=7),value=<?>,index=12>
VD,method=Main#main:1 <name=q,type=int (id=7),value=<?>,index=13>
VW,context=Main#main:1,j=4
VD,method=Main#main:1 <name=k,type=int (id=7),value=<?>,index=10>
VW,context=Main#main:1,k=2
VW,context=Main#main:1,l=4
VW,context=Main#main:1,p=2
VW,context=Main#main:1,q=4
VW,context=Main#main:1,k=3
VD,method=Main#main:1 <name=l,type=int (id=7),value=<?>,index=11>
VD,method=Main#main:1 <name=p,type=int (id=7),value=<?>,index=12>
VD,method=Main#main:1 <name=q,type=int (id=7),value=<?>,index=13>
VW,context=Main#main:1,l=4
VW,context=Main#main:1,p=2
VW,context=Main#main:1,q=4
VW,context=Main#main:1,k=4
VD,method=Main#main:1 <name=l,type=int (id=7),value=<?>,index=11>
VD,method=Main#main:1 <name=p,type=int (id=7),value=<?>,index=12>
VD,method=Main#main:1 <name=q,type=int (id=7),value=<?>,index=13>
VW,context=Main#main:1,l=4
VW,context=Main#main:1,p=2
VW,context=Main#main:1,q=4
VD,method=Main#main:1 <name=l,type=int (id=7),value=<?>,index=11>
VD,method=Main#main:1 <name=p,type=int (id=7),value=<?>,index=12>
VD,method=Main#main:1 <name=q,type=int (id=7),value=<?>,index=13>
VD,method=Main#main:1 <name=k,type=int (id=7),value=<?>,index=10>
VW,context=Main#main:1,i=3
VD,method=Main#main:1 <name=j,type=int (id=7),value=<?>,index=9>
VW,context=Main#main:1,j=0
VW,context=Main#main:1,k=3
VW,context=Main#main:1,l=0
VW,context=Main#main:1,p=3
VW,context=Main#main:1,q=0
VW,context=Main#main:1,k=4
VD,method=Main#main:1 <name=l,type=int (id=7),value=<?>,index=11>
VD,method=Main#main:1 <name=p,type=int (id=7),value=<?>,index=12>
VD,method=Main#main:1 <name=q,type=int (id=7),value=<?>,index=13>
VW,context=Main#main:1,l=0
VW,context=Main#main:1,p=3
VW,context=Main#main:1,q=0
VD,method=Main#main:1 <name=l,type=int (id=7),value=<?>,index=11>
VD,method=Main#main:1 <name=p,type=int (id=7),value=<?>,index=12>
VD,method=Main#main:1 <name=q,type=int (id=7),value=<?>,index=13>
VW,context=Main#main:1,j=1
VD,method=Main#main:1 <name=k,type=int (id=7),value=<?>,index=10>
VW,context=Main#main:1,k=3
VW,context=Main#main:1,l=1
VW,context=Main#main:1,p=3
VW,context=Main#main:1,q=1
VW,context=Main#main:1,k=4
VD,method=Main#main:1 <name=l,type=int (id=7),value=<?>,index=11>
VD,method=Main#main:1 <name=p,type=int (id=7),value=<?>,index=12>
VD,method=Main#main:1 <name=q,type=int (id=7),value=<?>,index=13>
VW,context=Main#main:1,l=1
VW,context=Main#main:1,p=3
VW,context=Main#main:1,q=1
VD,method=Main#main:1 <name=l,type=int (id=7),value=<?>,index=11>
VD,method=Main#main:1 <name=p,type=int (id=7),value=<?>,index=12>
VD,method=Main#main:1 <name=q,type=int (id=7),value=<?>,index=13>
VW,context=Main#main:1,j=2
VD,method=Main#main:1 <name=k,type=int (id=7),value=<?>,index=10>
VW,context=Main#main:1,k=3
VW,context=Main#main:1,l=2
VW,context=Main#main:1,p=3
VW,context=Main#main:1,q=2
VD,method=Main#main:1 <name=q,type=int (id=7),value=<?>,index=13>
VW,context=Main#main:1,max=3
VD,method=Main#main:1 <name=p,type=int (id=7),value=<?>,index=12>
VW,context=Main#main:1,l=3
VW,context=Main#main:1,p=3
VW,context=Main#main:1,q=2
VW,context=Main#main:1,q=3
VD,method=Main#main:1 <name=q,type=int (id=7),value=<?>,index=13>
VW,context=Main#main:1,max=3
VD,method=Main#main:1 <name=p,type=int (id=7),value=<?>,index=12>
VW,context=Main#main:1,l=4
VW,context=Main#main:1,p=3
VW,context=Main#main:1,q=2
VW,context=Main#main:1,q=3
VW,context=Main#main:1,q=4
VW,context=Main#main:1,k=4
VD,method=Main#main:1 <name=l,type=int (id=7),value=<?>,index=11>
VD,method=Main#main:1 <name=p,type=int (id=7),value=<?>,index=12>
VD,method=Main#main:1 <name=q,type=int (id=7),value=<?>,index=13>
VW,context=Main#main:1,l=2
VW,context=Main#main:1,p=3
VW,context=Main#main:1,q=2
VW,context=Main#main:1,p=4
VD,method=Main#main:1 <name=q,type=int (id=7),value=<?>,index=13>
VW,context=Main#main:1,q=2
VD,method=Main#main:1 <name=q,type=int (id=7),value=<?>,index=13>
VW,context=Main#main:1,max=3
VD,method=Main#main:1 <name=p,type=int (id=7),value=<?>,index=12>
VW,context=Main#main:1,l=3
VW,context=Main#main:1,p=3
VW,context=Main#main:1,q=2
VW,context=Main#main:1,q=3
VW,context=Main#main:1,p=4
VD,method=Main#main:1 <name=q,type=int (id=7),value=<?>,index=13>
VW,context=Main#main:1,q=2
VW,context=Main#main:1,q=3
VD,method=Main#main:1 <name=l,type=int (id=7),value=<?>,index=11>
VD,method=Main#main:1 <name=p,type=int (id=7),value=<?>,index=12>
VD,method=Main#main:1 <name=q,type=int (id=7),value=<?>,index=13>
VW,context=Main#main:1,j=3
VD,method=Main#main:1 <name=k,type=int (id=7),value=<?>,index=10>
VW,context=Main#main:1,k=3
VW,context=Main#main:1,l=3
VW,context=Main#main:1,p=3
VW,context=Main#main:1,q=3
VD,method=Main#main:1 <name=q,type=int (id=7),value=<?>,index=13>
VW,context=Main#main:1,max=3
VD,method=Main#main:1 <name=p,type=int (id=7),value=<?>,index=12>
VW,context=Main#main:1,l=4
VW,context=Main#main:1,p=3
VW,context=Main#main:1,q=3
VW,context=Main#main:1,q=4
VW,context=Main#main:1,k=4
VD,method=Main#main:1 <name=l,type=int (id=7),value=<?>,index=11>
VD,method=Main#main:1 <name=p,type=int (id=7),value=<?>,index=12>
VD,method=Main#main:1 <name=q,type=int (id=7),value=<?>,index=13>
VW,context=Main#main:1,l=3
VW,context=Main#main:1,p=3
VW,context=Main#main:1,q=3
VW,context=Main#main:1,p=4
VD,method=Main#main:1 <name=q,type=int (id=7),value=<?>,index=13>
VW,context=Main#main:1,q=3
VD,method=Main#main:1 <name=l,type=int (id=7),value=<?>,index=11>
VD,method=Main#main:1 <name=p,type=int (id=7),value=<?>,index=12>
VD,method=Main#main:1 <name=q,type=int (id=7),value=<?>,index=13>
VW,context=Main#main:1,j=4
VD,method=Main#main:1 <name=k,type=int (id=7),value=<?>,index=10>
VW,context=Main#main:1,k=3
VW,context=Main#main:1,l=4
VW,context=Main#main:1,p=3
VW,context=Main#main:1,q=4
VW,context=Main#main:1,k=4
VD,method=Main#main:1 <name=l,type=int (id=7),value=<?>,index=11>
VD,method=Main#main:1 <name=p,type=int (id=7),value=<?>,index=12>
VD,method=Main#main:1 <name=q,type=int (id=7),value=<?>,index=13>
VW,context=Main#main:1,l=4
VW,context=Main#main:1,p=3
VW,context=Main#main:1,q=4
VD,method=Main#main:1 <name=l,type=int (id=7),value=<?>,index=11>
VD,method=Main#main:1 <name=p,type=int (id=7),value=<?>,index=12>
VD,method=Main#main:1 <name=q,type=int (id=7),value=<?>,index=13>
VD,method=Main#main:1 <name=k,type=int (id=7),value=<?>,index=10>
VW,context=Main#main:1,i=4
VD,method=Main#main:1 <name=j,type=int (id=7),value=<?>,index=9>
VW,context=Main#main:1,j=0
VW,context=Main#main:1,k=4
VW,context=Main#main:1,l=0
VW,context=Main#main:1,p=4
VW,context=Main#main:1,q=0
VD,method=Main#main:1 <name=q,type=int (id=7),value=<?>,index=13>
VW,context=Main#main:1,max=3
VD,method=Main#main:1 <name=p,type=int (id=7),value=<?>,index=12>
VW,context=Main#main:1,l=1
VW,context=Main#main:1,p=4
VW,context=Main#main:1,q=0
VW,context=Main#main:1,q=1
VD,method=Main#main:1 <name=l,type=int (id=7),value=<?>,index=11>
VD,method=Main#main:1 <name=p,type=int (id=7),value=<?>,index=12>
VD,method=Main#main:1 <name=q,type=int (id=7),value=<?>,index=13>
VW,context=Main#main:1,j=1
VD,method=Main#main:1 <name=k,type=int (id=7),value=<?>,index=10>
VW,context=Main#main:1,k=4
VW,context=Main#main:1,l=1
VW,context=Main#main:1,p=4
VW,context=Main#main:1,q=1
VD,method=Main#main:1 <name=l,type=int (id=7),value=<?>,index=11>
VD,method=Main#main:1 <name=p,type=int (id=7),value=<?>,index=12>
VD,method=Main#main:1 <name=q,type=int (id=7),value=<?>,index=13>
VW,context=Main#main:1,j=2
VD,method=Main#main:1 <name=k,type=int (id=7),value=<?>,index=10>
VW,context=Main#main:1,k=4
VW,context=Main#main:1,l=2
VW,context=Main#main:1,p=4
VW,context=Main#main:1,q=2
VD,method=Main#main:1 <name=q,type=int (id=7),value=<?>,index=13>
VW,context=Main#main:1,max=3
VD,method=Main#main:1 <name=p,type=int (id=7),value=<?>,index=12>
VW,context=Main#main:1,l=3
VW,context=Main#main:1,p=4
VW,context=Main#main:1,q=2
VW,context=Main#main:1,q=3
VD,method=Main#main:1 <name=l,type=int (id=7),value=<?>,index=11>
VD,method=Main#main:1 <name=p,type=int (id=7),value=<?>,index=12>
VD,method=Main#main:1 <name=q,type=int (id=7),value=<?>,index=13>
VW,context=Main#main:1,j=3
VD,method=Main#main:1 <name=k,type=int (id=7),value=<?>,index=10>
VW,context=Main#main:1,k=4
VW,context=Main#main:1,l=3
VW,context=Main#main:1,p=4
VW,context=Main#main:1,q=3
VD,method=Main#main:1 <name=l,type=int (id=7),value=<?>,index=11>
VD,method=Main#main:1 <name=p,type=int (id=7),value=<?>,index=12>
VD,method=Main#main:1 <name=q,type=int (id=7),value=<?>,index=13>
VW,context=Main#main:1,j=4
VD,method=Main#main:1 <name=k,type=int (id=7),value=<?>,index=10>
VW,context=Main#main:1,k=4
VW,context=Main#main:1,l=4
VW,context=Main#main:1,p=4
VW,context=Main#main:1,q=4
VD,method=Main#main:1 <name=l,type=int (id=7),value=<?>,index=11>
VD,method=Main#main:1 <name=p,type=int (id=7),value=<?>,index=12>
VD,method=Main#main:1 <name=q,type=int (id=7),value=<?>,index=13>
VD,method=Main#main:1 <name=k,type=int (id=7),value=<?>,index=10>
VD,method=Main#main:1 <name=j,type=int (id=7),value=<?>,index=9>
VD,method=Main#main:1 <name=i,type=int (id=7),value=<?>,index=8>
VW,context=Main#main:1,tt=2
VD,method=Main#main:1 <name=map,type=boolean[][] (id=95),value=<?>,index=4>
VD,method=Main#main:1 <name=max,type=int (id=7),value=<?>,index=7>
NO,object=boolean[][]:3
NO,object=boolean[]:11
FW,context=boolean[]:11,0=false
FW,context=boolean[]:11,1=false
FW,context=boolean[]:11,2=false
FW,context=boolean[]:11,3=false
FW,context=boolean[]:11,4=false
FW,context=boolean[][]:3,0=boolean[]:11
NO,object=boolean[]:12
FW,context=boolean[]:12,0=false
FW,context=boolean[]:12,1=false
FW,context=boolean[]:12,2=false
FW,context=boolean[]:12,3=false
FW,context=boolean[]:12,4=false
FW,context=boolean[][]:3,1=boolean[]:12
NO,object=boolean[]:13
FW,context=boolean[]:13,0=false
FW,context=boolean[]:13,1=false
FW,context=boolean[]:13,2=false
FW,context=boolean[]:13,3=false
FW,context=boolean[]:13,4=false
FW,context=boolean[][]:3,2=boolean[]:13
NO,object=boolean[]:14
FW,context=boolean[]:14,0=false
FW,context=boolean[]:14,1=false
FW,context=boolean[]:14,2=false
FW,context=boolean[]:14,3=false
FW,context=boolean[]:14,4=false
FW,context=boolean[][]:3,3=boolean[]:14
NO,object=boolean[]:15
FW,context=boolean[]:15,0=false
FW,context=boolean[]:15,1=false
FW,context=boolean[]:15,2=false
FW,context=boolean[]:15,3=false
FW,context=boolean[]:15,4=false
FW,context=boolean[][]:3,4=boolean[]:15
VW,context=Main#main:1,map=boolean[][]:3
VW,context=Main#main:1,i=0
VW,context=Main#main:1,j=0
VW,context=Main#main:1,map=boolean[][]:3
VW,context=Main#main:1,j=1
VW,context=Main#main:1,map=boolean[][]:3
VW,context=Main#main:1,j=2
VW,context=Main#main:1,map=boolean[][]:3
VW,context=Main#main:1,j=3
VW,context=Main#main:1,map=boolean[][]:3
VW,context=Main#main:1,j=4
VW,context=Main#main:1,map=boolean[][]:3
VW,context=Main#main:1,i=1
VD,method=Main#main:1 <name=j,type=int (id=7),value=<?>,index=6>
VW,context=Main#main:1,j=0
VW,context=Main#main:1,map=boolean[][]:3
VW,context=Main#main:1,j=1
VW,context=Main#main:1,map=boolean[][]:3
VW,context=Main#main:1,j=2
VW,context=Main#main:1,map=boolean[][]:3
VW,context=Main#main:1,j=3
VW,context=Main#main:1,map=boolean[][]:3
VW,context=Main#main:1,j=4
VW,context=Main#main:1,map=boolean[][]:3
VW,context=Main#main:1,i=2
VD,method=Main#main:1 <name=j,type=int (id=7),value=<?>,index=6>
VW,context=Main#main:1,j=0
VW,context=Main#main:1,map=boolean[][]:3
VW,context=Main#main:1,j=1
VW,context=Main#main:1,map=boolean[][]:3
VW,context=Main#main:1,j=2
VW,context=Main#main:1,map=boolean[][]:3
VW,context=Main#main:1,j=3
VW,context=Main#main:1,map=boolean[][]:3
VW,context=Main#main:1,j=4
VW,context=Main#main:1,map=boolean[][]:3
VW,context=Main#main:1,i=3
VD,method=Main#main:1 <name=j,type=int (id=7),value=<?>,index=6>
VW,context=Main#main:1,j=0
VW,context=Main#main:1,map=boolean[][]:3
VW,context=Main#main:1,j=1
VW,context=Main#main:1,map=boolean[][]:3
VW,context=Main#main:1,j=2
VW,context=Main#main:1,map=boolean[][]:3
VW,context=Main#main:1,j=3
VW,context=Main#main:1,map=boolean[][]:3
VW,context=Main#main:1,j=4
VW,context=Main#main:1,map=boolean[][]:3
VW,context=Main#main:1,i=4
VD,method=Main#main:1 <name=j,type=int (id=7),value=<?>,index=6>
VW,context=Main#main:1,j=0
VW,context=Main#main:1,map=boolean[][]:3
VW,context=Main#main:1,j=1
VW,context=Main#main:1,map=boolean[][]:3
VW,context=Main#main:1,j=2
VW,context=Main#main:1,map=boolean[][]:3
VW,context=Main#main:1,j=3
VW,context=Main#main:1,map=boolean[][]:3
VW,context=Main#main:1,j=4
VW,context=Main#main:1,map=boolean[][]:3
VD,method=Main#main:1 <name=j,type=int (id=7),value=<?>,index=6>
VD,method=Main#main:1 <name=i,type=int (id=7),value=<?>,index=5>
VW,context=Main#main:1,max=0
VW,context=Main#main:1,i=0
VW,context=Main#main:1,j=0
VW,context=Main#main:1,k=0
VW,context=Main#main:1,l=0
VW,context=Main#main:1,p=0
VW,context=Main#main:1,q=0
VD,method=Main#main:1 <name=q,type=int (id=7),value=<?>,index=13>
VW,context=Main#main:1,max=1
VD,method=Main#main:1 <name=p,type=int (id=7),value=<?>,index=12>
VW,context=Main#main:1,l=1
VW,context=Main#main:1,p=0
VW,context=Main#main:1,q=0
VW,context=Main#main:1,q=1
VD,method=Main#main:1 <name=q,type=int (id=7),value=<?>,index=13>
VW,context=Main#main:1,max=2
VD,method=Main#main:1 <name=p,type=int (id=7),value=<?>,index=12>
VW,context=Main#main:1,l=2
VW,context=Main#main:1,p=0
VW,context=Main#main:1,q=0
VW,context=Main#main:1,q=1
VW,context=Main#main:1,q=2
VD,method=Main#main:1 <name=q,type=int (id=7),value=<?>,index=13>
VW,context=Main#main:1,max=3
VD,method=Main#main:1 <name=p,type=int (id=7),value=<?>,index=12>
VW,context=Main#main:1,l=3
VW,context=Main#main:1,p=0
VW,context=Main#main:1,q=0
VW,context=Main#main:1,q=1
VW,context=Main#main:1,q=2
VW,context=Main#main:1,q=3
VD,method=Main#main:1 <name=q,type=int (id=7),value=<?>,index=13>
VW,context=Main#main:1,max=4
VD,method=Main#main:1 <name=p,type=int (id=7),value=<?>,index=12>
VW,context=Main#main:1,l=4
VW,context=Main#main:1,p=0
VW,context=Main#main:1,q=0
VW,context=Main#main:1,q=1
VW,context=Main#main:1,q=2
VW,context=Main#main:1,q=3
VW,context=Main#main:1,q=4
VW,context=Main#main:1,k=1
VD,method=Main#main:1 <name=l,type=int (id=7),value=<?>,index=11>
VD,method=Main#main:1 <name=p,type=int (id=7),value=<?>,index=12>
VD,method=Main#main:1 <name=q,type=int (id=7),value=<?>,index=13>
VW,context=Main#main:1,l=0
VW,context=Main#main:1,p=0
VW,context=Main#main:1,q=0
VW,context=Main#main:1,p=1
VD,method=Main#main:1 <name=q,type=int (id=7),value=<?>,index=13>
VW,context=Main#main:1,q=0
VW,context=Main#main:1,k=2
VD,method=Main#main:1 <name=l,type=int (id=7),value=<?>,index=11>
VD,method=Main#main:1 <name=p,type=int (id=7),value=<?>,index=12>
VD,method=Main#main:1 <name=q,type=int (id=7),value=<?>,index=13>
VW,context=Main#main:1,l=0
VW,context=Main#main:1,p=0
VW,context=Main#main:1,q=0
VW,context=Main#main:1,p=1
VD,method=Main#main:1 <name=q,type=int (id=7),value=<?>,index=13>
VW,context=Main#main:1,q=0
VW,context=Main#main:1,k=3
VD,method=Main#main:1 <name=l,type=int (id=7),value=<?>,index=11>
VD,method=Main#main:1 <name=p,type=int (id=7),value=<?>,index=12>
VD,method=Main#main:1 <name=q,type=int (id=7),value=<?>,index=13>
VW,context=Main#main:1,l=0
VW,context=Main#main:1,p=0
VW,context=Main#main:1,q=0
VW,context=Main#main:1,p=1
VD,method=Main#main:1 <name=q,type=int (id=7),value=<?>,index=13>
VW,context=Main#main:1,q=0
VW,context=Main#main:1,k=4
VD,method=Main#main:1 <name=l,type=int (id=7),value=<?>,index=11>
VD,method=Main#main:1 <name=p,type=int (id=7),value=<?>,index=12>
VD,method=Main#main:1 <name=q,type=int (id=7),value=<?>,index=13>
VW,context=Main#main:1,l=0
VW,context=Main#main:1,p=0
VW,context=Main#main:1,q=0
VW,context=Main#main:1,p=1
VD,method=Main#main:1 <name=q,type=int (id=7),value=<?>,index=13>
VW,context=Main#main:1,q=0
VD,method=Main#main:1 <name=l,type=int (id=7),value=<?>,index=11>
VD,method=Main#main:1 <name=p,type=int (id=7),value=<?>,index=12>
VD,method=Main#main:1 <name=q,type=int (id=7),value=<?>,index=13>
VW,context=Main#main:1,j=1
VD,method=Main#main:1 <name=k,type=int (id=7),value=<?>,index=10>
VW,context=Main#main:1,k=0
VW,context=Main#main:1,l=1
VW,context=Main#main:1,p=0
VW,context=Main#main:1,q=1
VD,method=Main#main:1 <name=q,type=int (id=7),value=<?>,index=13>
VW,context=Main#main:1,max=4
VD,method=Main#main:1 <name=p,type=int (id=7),value=<?>,index=12>
VW,context=Main#main:1,l=2
VW,context=Main#main:1,p=0
VW,context=Main#main:1,q=1
VW,context=Main#main:1,q=2
VD,method=Main#main:1 <name=q,type=int (id=7),value=<?>,index=13>
VW,context=Main#main:1,max=4
VD,method=Main#main:1 <name=p,type=int (id=7),value=<?>,index=12>
VW,context=Main#main:1,l=3
VW,context=Main#main:1,p=0
VW,context=Main#main:1,q=1
VW,context=Main#main:1,q=2
VW,context=Main#main:1,q=3
VD,method=Main#main:1 <name=q,type=int (id=7),value=<?>,index=13>
VW,context=Main#main:1,max=4
VD,method=Main#main:1 <name=p,type=int (id=7),value=<?>,index=12>
VW,context=Main#main:1,l=4
VW,context=Main#main:1,p=0
VW,context=Main#main:1,q=1
VW,context=Main#main:1,q=2
VW,context=Main#main:1,q=3
VW,context=Main#main:1,q=4
VW,context=Main#main:1,k=1
VD,method=Main#main:1 <name=l,type=int (id=7),value=<?>,index=11>
VD,method=Main#main:1 <name=p,type=int (id=7),value=<?>,index=12>
VD,method=Main#main:1 <name=q,type=int (id=7),value=<?>,index=13>
VW,context=Main#main:1,l=1
VW,context=Main#main:1,p=0
VW,context=Main#main:1,q=1
VW,context=Main#main:1,p=1
VD,method=Main#main:1 <name=q,type=int (id=7),value=<?>,index=13>
VW,context=Main#main:1,q=1
VD,method=Main#main:1 <name=q,type=int (id=7),value=<?>,index=13>
VW,context=Main#main:1,max=4
VD,method=Main#main:1 <name=p,type=int (id=7),value=<?>,index=12>
VW,context=Main#main:1,l=2
VW,context=Main#main:1,p=0
VW,context=Main#main:1,q=1
VW,context=Main#main:1,q=2
VW,context=Main#main:1,p=1
VD,method=Main#main:1 <name=q,type=int (id=7),value=<?>,index=13>
VW,context=Main#main:1,q=1
VW,context=Main#main:1,q=2
VD,method=Main#main:1 <name=q,type=int (id=7),value=<?>,index=13>
VW,context=Main#main:1,max=4
VD,method=Main#main:1 <name=p,type=int (id=7),value=<?>,index=12>
VW,context=Main#main:1,l=3
VW,context=Main#main:1,p=0
VW,context=Main#main:1,q=1
VW,context=Main#main:1,q=2
VW,context=Main#main:1,q=3
VW,context=Main#main:1,p=1
VD,method=Main#main:1 <name=q,type=int (id=7),value=<?>,index=13>
VW,context=Main#main:1,q=1
VW,context=Main#main:1,q=2
VW,context=Main#main:1,q=3
VD,method=Main#main:1 <name=q,type=int (id=7),value=<?>,index=13>
VW,context=Main#main:1,max=6
VD,method=Main#main:1 <name=p,type=int (id=7),value=<?>,index=12>
VW,context=Main#main:1,l=4
VW,context=Main#main:1,p=0
VW,context=Main#main:1,q=1
VW,context=Main#main:1,q=2
VW,context=Main#main:1,q=3
VW,context=Main#main:1,q=4
VW,context=Main#main:1,k=2
VD,method=Main#main:1 <name=l,type=int (id=7),value=<?>,index=11>
VD,method=Main#main:1 <name=p,type=int (id=7),value=<?>,index=12>
VD,method=Main#main:1 <name=q,type=int (id=7),value=<?>,index=13>
VW,context=Main#main:1,l=1
VW,context=Main#main:1,p=0
VW,context=Main#main:1,q=1
VW,context=Main#main:1,p=1
VD,method=Main#main:1 <name=q,type=int (id=7),value=<?>,index=13>
VW,context=Main#main:1,q=1
VW,context=Main#main:1,p=2
VD,method=Main#main:1 <name=q,type=int (id=7),value=<?>,index=13>
VW,context=Main#main:1,q=1
VD,method=Main#main:1 <name=q,type=int (id=7),value=<?>,index=13>
VW,context=Main#main:1,max=6
VD,method=Main#main:1 <name=p,type=int (id=7),value=<?>,index=12>
VW,context=Main#main:1,l=2
VW,context=Main#main:1,p=0
VW,context=Main#main:1,q=1
VW,context=Main#main:1,q=2
VW,context=Main#main:1,p=1
VD,method=Main#main:1 <name=q,type=int (id=7),value=<?>,index=13>
VW,context=Main#main:1,q=1
VW,context=Main#main:1,q=2
VW,context=Main#main:1,p=2
VD,method=Main#main:1 <name=q,type=int (id=7),value=<?>,index=13>
VW,context=Main#main:1,q=1
VW,context=Main#main:1,q=2
VD,method=Main#main:1 <name=q,type=int (id=7),value=<?>,index=13>
VW,context=Main#main:1,max=6
VD,method=Main#main:1 <name=p,type=int (id=7),value=<?>,index=12>
VW,context=Main#main:1,l=3
VW,context=Main#main:1,p=0
VW,context=Main#main:1,q=1
VW,context=Main#main:1,q=2
VW,context=Main#main:1,q=3
VW,context=Main#main:1,p=1
VD,method=Main#main:1 <name=q,type=int (id=7),value=<?>,index=13>
VW,context=Main#main:1,q=1
VW,context=Main#main:1,q=2
VW,context=Main#main:1,q=3
VW,context=Main#main:1,p=2
VD,method=Main#main:1 <name=q,type=int (id=7),value=<?>,index=13>
VW,context=Main#main:1,q=1
VW,context=Main#main:1,q=2
VW,context=Main#main:1,q=3
VW,context=Main#main:1,k=3
VD,method=Main#main:1 <name=l,type=int (id=7),value=<?>,index=11>
VD,method=Main#main:1 <name=p,type=int (id=7),value=<?>,index=12>
VD,method=Main#main:1 <name=q,type=int (id=7),value=<?>,index=13>
VW,context=Main#main:1,l=1
VW,context=Main#main:1,p=0
VW,context=Main#main:1,q=1
VW,context=Main#main:1,p=1
VD,method=Main#main:1 <name=q,type=int (id=7),value=<?>,index=13>
VW,context=Main#main:1,q=1
VW,context=Main#main:1,p=2
VD,method=Main#main:1 <name=q,type=int (id=7),value=<?>,index=13>
VW,context=Main#main:1,q=1
VW,context=Main#main:1,p=3
VD,method=Main#main:1 <name=q,type=int (id=7),value=<?>,index=13>
VW,context=Main#main:1,q=1
VD,method=Main#main:1 <name=q,type=int (id=7),value=<?>,index=13>
VW,context=Main#main:1,max=6
VD,method=Main#main:1 <name=p,type=int (id=7),value=<?>,index=12>
VW,context=Main#main:1,l=2
VW,context=Main#main:1,p=0
VW,context=Main#main:1,q=1
VW,context=Main#main:1,q=2
VW,context=Main#main:1,p=1
VD,method=Main#main:1 <name=q,type=int (id=7),value=<?>,index=13>
VW,context=Main#main:1,q=1
VW,context=Main#main:1,q=2
VW,context=Main#main:1,p=2
VD,method=Main#main:1 <name=q,type=int (id=7),value=<?>,index=13>
VW,context=Main#main:1,q=1
VW,context=Main#main:1,q=2
VW,context=Main#main:1,p=3
VD,method=Main#main:1 <name=q,type=int (id=7),value=<?>,index=13>
VW,context=Main#main:1,q=1
VW,context=Main#main:1,q=2
VD,method=Main#main:1 <name=q,type=int (id=7),value=<?>,index=13>
VW,context=Main#main:1,max=8
VD,method=Main#main:1 <name=p,type=int (id=7),value=<?>,index=12>
VW,context=Main#main:1,l=3
VW,context=Main#main:1,p=0
VW,context=Main#main:1,q=1
VW,context=Main#main:1,q=2
VW,context=Main#main:1,q=3
VW,context=Main#main:1,p=1
VD,method=Main#main:1 <name=q,type=int (id=7),value=<?>,index=13>
VW,context=Main#main:1,q=1
VW,context=Main#main:1,q=2
VW,context=Main#main:1,q=3
VW,context=Main#main:1,p=2
VD,method=Main#main:1 <name=q,type=int (id=7),value=<?>,index=13>
VW,context=Main#main:1,q=1
VW,context=Main#main:1,q=2
VW,context=Main#main:1,q=3
VW,context=Main#main:1,k=4
VD,method=Main#main:1 <name=l,type=int (id=7),value=<?>,index=11>
VD,method=Main#main:1 <name=p,type=int (id=7),value=<?>,index=12>
VD,method=Main#main:1 <name=q,type=int (id=7),value=<?>,index=13>
VW,context=Main#main:1,l=1
VW,context=Main#main:1,p=0
VW,context=Main#main:1,q=1
VW,context=Main#main:1,p=1
VD,method=Main#main:1 <name=q,type=int (id=7),value=<?>,index=13>
VW,context=Main#main:1,q=1
VW,context=Main#main:1,p=2
VD,method=Main#main:1 <name=q,type=int (id=7),value=<?>,index=13>
VW,context=Main#main:1,q=1
VW,context=Main#main:1,p=3
VD,method=Main#main:1 <name=q,type=int (id=7),value=<?>,index=13>
VW,context=Main#main:1,q=1
VW,context=Main#main:1,p=4
VD,method=Main#main:1 <name=q,type=int (id=7),value=<?>,index=13>
VW,context=Main#main:1,q=1
VD,method=Main#main:1 <name=l,type=int (id=7),value=<?>,index=11>
VD,method=Main#main:1 <name=p,type=int (id=7),value=<?>,index=12>
VD,method=Main#main:1 <name=q,type=int (id=7),value=<?>,index=13>
VW,context=Main#main:1,j=2
VD,method=Main#main:1 <name=k,type=int (id=7),value=<?>,index=10>
VW,context=Main#main:1,k=0
VW,context=Main#main:1,l=2
VW,context=Main#main:1,p=0
VW,context=Main#main:1,q=2
VD,method=Main#main:1 <name=q,type=int (id=7),value=<?>,index=13>
VW,context=Main#main:1,max=8
VD,method=Main#main:1 <name=p,type=int (id=7),value=<?>,index=12>
VW,context=Main#main:1,l=3
VW,context=Main#main:1,p=0
VW,context=Main#main:1,q=2
VW,context=Main#main:1,q=3
VD,method=Main#main:1 <name=q,type=int (id=7),value=<?>,index=13>
VW,context=Main#main:1,max=8
VD,method=Main#main:1 <name=p,type=int (id=7),value=<?>,index=12>
VW,context=Main#main:1,l=4
VW,context=Main#main:1,p=0
VW,context=Main#main:1,q=2
VW,context=Main#main:1,q=3
VW,context=Main#main:1,q=4
VW,context=Main#main:1,k=1
VD,method=Main#main:1 <name=l,type=int (id=7),value=<?>,index=11>
VD,method=Main#main:1 <name=p,type=int (id=7),value=<?>,index=12>
VD,method=Main#main:1 <name=q,type=int (id=7),value=<?>,index=13>
VW,context=Main#main:1,l=2
VW,context=Main#main:1,p=0
VW,context=Main#main:1,q=2
VW,context=Main#main:1,p=1
VD,method=Main#main:1 <name=q,type=int (id=7),value=<?>,index=13>
VW,context=Main#main:1,q=2
VD,method=Main#main:1 <name=q,type=int (id=7),value=<?>,index=13>
VW,context=Main#main:1,max=8
VD,method=Main#main:1 <name=p,type=int (id=7),value=<?>,index=12>
VW,context=Main#main:1,l=3
VW,context=Main#main:1,p=0
VW,context=Main#main:1,q=2
VW,context=Main#main:1,q=3
VW,context=Main#main:1,p=1
VD,method=Main#main:1 <name=q,type=int (id=7),value=<?>,index=13>
VW,context=Main#main:1,q=2
VW,context=Main#main:1,q=3
VD,method=Main#main:1 <name=q,type=int (id=7),value=<?>,index=13>
VW,context=Main#main:1,max=8
VD,method=Main#main:1 <name=p,type=int (id=7),value=<?>,index=12>
VW,context=Main#main:1,l=4
VW,context=Main#main:1,p=0
VW,context=Main#main:1,q=2
VW,context=Main#main:1,q=3
VW,context=Main#main:1,q=4
VW,context=Main#main:1,k=2
VD,method=Main#main:1 <name=l,type=int (id=7),value=<?>,index=11>
VD,method=Main#main:1 <name=p,type=int (id=7),value=<?>,index=12>
VD,method=Main#main:1 <name=q,type=int (id=7),value=<?>,index=13>
VW,context=Main#main:1,l=2
VW,context=Main#main:1,p=0
VW,context=Main#main:1,q=2
VW,context=Main#main:1,p=1
VD,method=Main#main:1 <name=q,type=int (id=7),value=<?>,index=13>
VW,context=Main#main:1,q=2
VW,context=Main#main:1,p=2
VD,method=Main#main:1 <name=q,type=int (id=7),value=<?>,index=13>
VW,context=Main#main:1,q=2
VD,method=Main#main:1 <name=q,type=int (id=7),value=<?>,index=13>
VW,context=Main#main:1,max=8
VD,method=Main#main:1 <name=p,type=int (id=7),value=<?>,index=12>
VW,context=Main#main:1,l=3
VW,context=Main#main:1,p=0
VW,context=Main#main:1,q=2
VW,context=Main#main:1,q=3
VW,context=Main#main:1,p=1
VD,method=Main#main:1 <name=q,type=int (id=7),value=<?>,index=13>
VW,context=Main#main:1,q=2
VW,context=Main#main:1,q=3
VW,context=Main#main:1,p=2
VD,method=Main#main:1 <name=q,type=int (id=7),value=<?>,index=13>
VW,context=Main#main:1,q=2
VW,context=Main#main:1,q=3
VW,context=Main#main:1,k=3
VD,method=Main#main:1 <name=l,type=int (id=7),value=<?>,index=11>
VD,method=Main#main:1 <name=p,type=int (id=7),value=<?>,index=12>
VD,method=Main#main:1 <name=q,type=int (id=7),value=<?>,index=13>
VW,context=Main#main:1,l=2
VW,context=Main#main:1,p=0
VW,context=Main#main:1,q=2
VW,context=Main#main:1,p=1
VD,method=Main#main:1 <name=q,type=int (id=7),value=<?>,index=13>
VW,context=Main#main:1,q=2
VW,context=Main#main:1,p=2
VD,method=Main#main:1 <name=q,type=int (id=7),value=<?>,index=13>
VW,context=Main#main:1,q=2
VW,context=Main#main:1,p=3
VD,method=Main#main:1 <name=q,type=int (id=7),value=<?>,index=13>
VW,context=Main#main:1,q=2
VD,method=Main#main:1 <name=q,type=int (id=7),value=<?>,index=13>
VW,context=Main#main:1,max=8
VD,method=Main#main:1 <name=p,type=int (id=7),value=<?>,index=12>
VW,context=Main#main:1,l=3
VW,context=Main#main:1,p=0
VW,context=Main#main:1,q=2
VW,context=Main#main:1,q=3
VW,context=Main#main:1,p=1
VD,method=Main#main:1 <name=q,type=int (id=7),value=<?>,index=13>
VW,context=Main#main:1,q=2
VW,context=Main#main:1,q=3
VW,context=Main#main:1,p=2
VD,method=Main#main:1 <name=q,type=int (id=7),value=<?>,index=13>
VW,context=Main#main:1,q=2
VW,context=Main#main:1,q=3
VW,context=Main#main:1,k=4
VD,method=Main#main:1 <name=l,type=int (id=7),value=<?>,index=11>
VD,method=Main#main:1 <name=p,type=int (id=7),value=<?>,index=12>
VD,method=Main#main:1 <name=q,type=int (id=7),value=<?>,index=13>
VW,context=Main#main:1,l=2
VW,context=Main#main:1,p=0
VW,context=Main#main:1,q=2
VW,context=Main#main:1,p=1
VD,method=Main#main:1 <name=q,type=int (id=7),value=<?>,index=13>
VW,context=Main#main:1,q=2
VW,context=Main#main:1,p=2
VD,method=Main#main:1 <name=q,type=int (id=7),value=<?>,index=13>
VW,context=Main#main:1,q=2
VW,context=Main#main:1,p=3
VD,method=Main#main:1 <name=q,type=int (id=7),value=<?>,index=13>
VW,context=Main#main:1,q=2
VW,context=Main#main:1,p=4
VD,method=Main#main:1 <name=q,type=int (id=7),value=<?>,index=13>
VW,context=Main#main:1,q=2
VD,method=Main#main:1 <name=l,type=int (id=7),value=<?>,index=11>
VD,method=Main#main:1 <name=p,type=int (id=7),value=<?>,index=12>
VD,method=Main#main:1 <name=q,type=int (id=7),value=<?>,index=13>
VW,context=Main#main:1,j=3
VD,method=Main#main:1 <name=k,type=int (id=7),value=<?>,index=10>
VW,context=Main#main:1,k=0
VW,context=Main#main:1,l=3
VW,context=Main#main:1,p=0
VW,context=Main#main:1,q=3
VD,method=Main#main:1 <name=q,type=int (id=7),value=<?>,index=13>
VW,context=Main#main:1,max=8
VD,method=Main#main:1 <name=p,type=int (id=7),value=<?>,index=12>
VW,context=Main#main:1,l=4
VW,context=Main#main:1,p=0
VW,context=Main#main:1,q=3
VW,context=Main#main:1,q=4
VW,context=Main#main:1,k=1
VD,method=Main#main:1 <name=l,type=int (id=7),value=<?>,index=11>
VD,method=Main#main:1 <name=p,type=int (id=7),value=<?>,index=12>
VD,method=Main#main:1 <name=q,type=int (id=7),value=<?>,index=13>
VW,context=Main#main:1,l=3
VW,context=Main#main:1,p=0
VW,context=Main#main:1,q=3
VW,context=Main#main:1,p=1
VD,method=Main#main:1 <name=q,type=int (id=7),value=<?>,index=13>
VW,context=Main#main:1,q=3
VD,method=Main#main:1 <name=q,type=int (id=7),value=<?>,index=13>
VW,context=Main#main:1,max=8
VD,method=Main#main:1 <name=p,type=int (id=7),value=<?>,index=12>
VW,context=Main#main:1,l=4
VW,context=Main#main:1,p=0
VW,context=Main#main:1,q=3
VW,context=Main#main:1,q=4
VW,context=Main#main:1,k=2
VD,method=Main#main:1 <name=l,type=int (id=7),value=<?>,index=11>
VD,method=Main#main:1 <name=p,type=int (id=7),value=<?>,index=12>
VD,method=Main#main:1 <name=q,type=int (id=7),value=<?>,index=13>
VW,context=Main#main:1,l=3
VW,context=Main#main:1,p=0
VW,context=Main#main:1,q=3
VW,context=Main#main:1,p=1
VD,method=Main#main:1 <name=q,type=int (id=7),value=<?>,index=13>
VW,context=Main#main:1,q=3
VW,context=Main#main:1,p=2
VD,method=Main#main:1 <name=q,type=int (id=7),value=<?>,index=13>
VW,context=Main#main:1,q=3
VW,context=Main#main:1,k=3
VD,method=Main#main:1 <name=l,type=int (id=7),value=<?>,index=11>
VD,method=Main#main:1 <name=p,type=int (id=7),value=<?>,index=12>
VD,method=Main#main:1 <name=q,type=int (id=7),value=<?>,index=13>
VW,context=Main#main:1,l=3
VW,context=Main#main:1,p=0
VW,context=Main#main:1,q=3
VW,context=Main#main:1,p=1
VD,method=Main#main:1 <name=q,type=int (id=7),value=<?>,index=13>
VW,context=Main#main:1,q=3
VW,context=Main#main:1,p=2
VD,method=Main#main:1 <name=q,type=int (id=7),value=<?>,index=13>
VW,context=Main#main:1,q=3
VW,context=Main#main:1,k=4
VD,method=Main#main:1 <name=l,type=int (id=7),value=<?>,index=11>
VD,method=Main#main:1 <name=p,type=int (id=7),value=<?>,index=12>
VD,method=Main#main:1 <name=q,type=int (id=7),value=<?>,index=13>
VW,context=Main#main:1,l=3
VW,context=Main#main:1,p=0
VW,context=Main#main:1,q=3
VW,context=Main#main:1,p=1
VD,method=Main#main:1 <name=q,type=int (id=7),value=<?>,index=13>
VW,context=Main#main:1,q=3
VW,context=Main#main:1,p=2
VD,method=Main#main:1 <name=q,type=int (id=7),value=<?>,index=13>
VW,context=Main#main:1,q=3
VD,method=Main#main:1 <name=l,type=int (id=7),value=<?>,index=11>
VD,method=Main#main:1 <name=p,type=int (id=7),value=<?>,index=12>
VD,method=Main#main:1 <name=q,type=int (id=7),value=<?>,index=13>
VW,context=Main#main:1,j=4
VD,method=Main#main:1 <name=k,type=int (id=7),value=<?>,index=10>
VW,context=Main#main:1,k=0
VW,context=Main#main:1,l=4
VW,context=Main#main:1,p=0
VW,context=Main#main:1,q=4
VW,context=Main#main:1,k=1
VD,method=Main#main:1 <name=l,type=int (id=7),value=<?>,index=11>
VD,method=Main#main:1 <name=p,type=int (id=7),value=<?>,index=12>
VD,method=Main#main:1 <name=q,type=int (id=7),value=<?>,index=13>
VW,context=Main#main:1,l=4
VW,context=Main#main:1,p=0
VW,context=Main#main:1,q=4
VW,context=Main#main:1,k=2
VD,method=Main#main:1 <name=l,type=int (id=7),value=<?>,index=11>
VD,method=Main#main:1 <name=p,type=int (id=7),value=<?>,index=12>
VD,method=Main#main:1 <name=q,type=int (id=7),value=<?>,index=13>
VW,context=Main#main:1,l=4
VW,context=Main#main:1,p=0
VW,context=Main#main:1,q=4
VW,context=Main#main:1,k=3
VD,method=Main#main:1 <name=l,type=int (id=7),value=<?>,index=11>
VD,method=Main#main:1 <name=p,type=int (id=7),value=<?>,index=12>
VD,method=Main#main:1 <name=q,type=int (id=7),value=<?>,index=13>
VW,context=Main#main:1,l=4
VW,context=Main#main:1,p=0
VW,context=Main#main:1,q=4
VW,context=Main#main:1,k=4
VD,method=Main#main:1 <name=l,type=int (id=7),value=<?>,index=11>
VD,method=Main#main:1 <name=p,type=int (id=7),value=<?>,index=12>
VD,method=Main#main:1 <name=q,type=int (id=7),value=<?>,index=13>
VW,context=Main#main:1,l=4
VW,context=Main#main:1,p=0
VW,context=Main#main:1,q=4
VD,method=Main#main:1 <name=l,type=int (id=7),value=<?>,index=11>
VD,method=Main#main:1 <name=p,type=int (id=7),value=<?>,index=12>
VD,method=Main#main:1 <name=q,type=int (id=7),value=<?>,index=13>
VD,method=Main#main:1 <name=k,type=int (id=7),value=<?>,index=10>
VW,context=Main#main:1,i=1
VD,method=Main#main:1 <name=j,type=int (id=7),value=<?>,index=9>
VW,context=Main#main:1,j=0
VW,context=Main#main:1,k=1
VW,context=Main#main:1,l=0
VW,context=Main#main:1,p=1
VW,context=Main#main:1,q=0
VW,context=Main#main:1,k=2
VD,method=Main#main:1 <name=l,type=int (id=7),value=<?>,index=11>
VD,method=Main#main:1 <name=p,type=int (id=7),value=<?>,index=12>
VD,method=Main#main:1 <name=q,type=int (id=7),value=<?>,index=13>
VW,context=Main#main:1,l=0
VW,context=Main#main:1,p=1
VW,context=Main#main:1,q=0
VW,context=Main#main:1,k=3
VD,method=Main#main:1 <name=l,type=int (id=7),value=<?>,index=11>
VD,method=Main#main:1 <name=p,type=int (id=7),value=<?>,index=12>
VD,method=Main#main:1 <name=q,type=int (id=7),value=<?>,index=13>
VW,context=Main#main:1,l=0
VW,context=Main#main:1,p=1
VW,context=Main#main:1,q=0
VW,context=Main#main:1,k=4
VD,method=Main#main:1 <name=l,type=int (id=7),value=<?>,index=11>
VD,method=Main#main:1 <name=p,type=int (id=7),value=<?>,index=12>
VD,method=Main#main:1 <name=q,type=int (id=7),value=<?>,index=13>
VW,context=Main#main:1,l=0
VW,context=Main#main:1,p=1
VW,context=Main#main:1,q=0
VD,method=Main#main:1 <name=l,type=int (id=7),value=<?>,index=11>
VD,method=Main#main:1 <name=p,type=int (id=7),value=<?>,index=12>
VD,method=Main#main:1 <name=q,type=int (id=7),value=<?>,index=13>
VW,context=Main#main:1,j=1
VD,method=Main#main:1 <name=k,type=int (id=7),value=<?>,index=10>
VW,context=Main#main:1,k=1
VW,context=Main#main:1,l=1
VW,context=Main#main:1,p=1
VW,context=Main#main:1,q=1
VD,method=Main#main:1 <name=q,type=int (id=7),value=<?>,index=13>
VW,context=Main#main:1,max=8
VD,method=Main#main:1 <name=p,type=int (id=7),value=<?>,index=12>
VW,context=Main#main:1,l=2
VW,context=Main#main:1,p=1
VW,context=Main#main:1,q=1
VW,context=Main#main:1,q=2
VD,method=Main#main:1 <name=q,type=int (id=7),value=<?>,index=13>
VW,context=Main#main:1,max=8
VD,method=Main#main:1 <name=p,type=int (id=7),value=<?>,index=12>
VW,context=Main#main:1,l=3
VW,context=Main#main:1,p=1
VW,context=Main#main:1,q=1
VW,context=Main#main:1,q=2
VW,context=Main#main:1,q=3
VD,method=Main#main:1 <name=q,type=int (id=7),value=<?>,index=13>
VW,context=Main#main:1,max=8
VD,method=Main#main:1 <name=p,type=int (id=7),value=<?>,index=12>
VW,context=Main#main:1,l=4
VW,context=Main#main:1,p=1
VW,context=Main#main:1,q=1
VW,context=Main#main:1,q=2
VW,context=Main#main:1,q=3
VW,context=Main#main:1,q=4
VW,context=Main#main:1,k=2
VD,method=Main#main:1 <name=l,type=int (id=7),value=<?>,index=11>
VD,method=Main#main:1 <name=p,type=int (id=7),value=<?>,index=12>
VD,method=Main#main:1 <name=q,type=int (id=7),value=<?>,index=13>
VW,context=Main#main:1,l=1
VW,context=Main#main:1,p=1
VW,context=Main#main:1,q=1
VW,context=Main#main:1,p=2
VD,method=Main#main:1 <name=q,type=int (id=7),value=<?>,index=13>
VW,context=Main#main:1,q=1
VD,method=Main#main:1 <name=q,type=int (id=7),value=<?>,index=13>
VW,context=Main#main:1,max=8
VD,method=Main#main:1 <name=p,type=int (id=7),value=<?>,index=12>
VW,context=Main#main:1,l=2
VW,context=Main#main:1,p=1
VW,context=Main#main:1,q=1
VW,context=Main#main:1,q=2
VW,context=Main#main:1,p=2
VD,method=Main#main:1 <name=q,type=int (id=7),value=<?>,index=13>
VW,context=Main#main:1,q=1
VW,context=Main#main:1,q=2
VD,method=Main#main:1 <name=q,type=int (id=7),value=<?>,index=13>
VW,context=Main#main:1,max=8
VD,method=Main#main:1 <name=p,type=int (id=7),value=<?>,index=12>
VW,context=Main#main:1,l=3
VW,context=Main#main:1,p=1
VW,context=Main#main:1,q=1
VW,context=Main#main:1,q=2
VW,context=Main#main:1,q=3
VW,context=Main#main:1,p=2
VD,method=Main#main:1 <name=q,type=int (id=7),value=<?>,index=13>
VW,context=Main#main:1,q=1
VW,context=Main#main:1,q=2
VW,context=Main#main:1,q=3
VW,context=Main#main:1,k=3
VD,method=Main#main:1 <name=l,type=int (id=7),value=<?>,index=11>
VD,method=Main#main:1 <name=p,type=int (id=7),value=<?>,index=12>
VD,method=Main#main:1 <name=q,type=int (id=7),value=<?>,index=13>
VW,context=Main#main:1,l=1
VW,context=Main#main:1,p=1
VW,context=Main#main:1,q=1
VW,context=Main#main:1,p=2
VD,method=Main#main:1 <name=q,type=int (id=7),value=<?>,index=13>
VW,context=Main#main:1,q=1
VW,context=Main#main:1,p=3
VD,method=Main#main:1 <name=q,type=int (id=7),value=<?>,index=13>
VW,context=Main#main:1,q=1
VD,method=Main#main:1 <name=q,type=int (id=7),value=<?>,index=13>
VW,context=Main#main:1,max=8
VD,method=Main#main:1 <name=p,type=int (id=7),value=<?>,index=12>
VW,context=Main#main:1,l=2
VW,context=Main#main:1,p=1
VW,context=Main#main:1,q=1
VW,context=Main#main:1,q=2
VW,context=Main#main:1,p=2
VD,method=Main#main:1 <name=q,type=int (id=7),value=<?>,index=13>
VW,context=Main#main:1,q=1
VW,context=Main#main:1,q=2
VW,context=Main#main:1,p=3
VD,method=Main#main:1 <name=q,type=int (id=7),value=<?>,index=13>
VW,context=Main#main:1,q=1
VW,context=Main#main:1,q=2
VD,method=Main#main:1 <name=q,type=int (id=7),value=<?>,index=13>
VW,context=Main#main:1,max=8
VD,method=Main#main:1 <name=p,type=int (id=7),value=<?>,index=12>
VW,context=Main#main:1,l=3
VW,context=Main#main:1,p=1
VW,context=Main#main:1,q=1
VW,context=Main#main:1,q=2
VW,context=Main#main:1,q=3
VW,context=Main#main:1,p=2
VD,method=Main#main:1 <name=q,type=int (id=7),value=<?>,index=13>
VW,context=Main#main:1,q=1
VW,context=Main#main:1,q=2
VW,context=Main#main:1,q=3
VW,context=Main#main:1,k=4
VD,method=Main#main:1 <name=l,type=int (id=7),value=<?>,index=11>
VD,method=Main#main:1 <name=p,type=int (id=7),value=<?>,index=12>
VD,method=Main#main:1 <name=q,type=int (id=7),value=<?>,index=13>
VW,context=Main#main:1,l=1
VW,context=Main#main:1,p=1
VW,context=Main#main:1,q=1
VW,context=Main#main:1,p=2
VD,method=Main#main:1 <name=q,type=int (id=7),value=<?>,index=13>
VW,context=Main#main:1,q=1
VW,context=Main#main:1,p=3
VD,method=Main#main:1 <name=q,type=int (id=7),value=<?>,index=13>
VW,context=Main#main:1,q=1
VW,context=Main#main:1,p=4
VD,method=Main#main:1 <name=q,type=int (id=7),value=<?>,index=13>
VW,context=Main#main:1,q=1
VD,method=Main#main:1 <name=l,type=int (id=7),value=<?>,index=11>
VD,method=Main#main:1 <name=p,type=int (id=7),value=<?>,index=12>
VD,method=Main#main:1 <name=q,type=int (id=7),value=<?>,index=13>
VW,context=Main#main:1,j=2
VD,method=Main#main:1 <name=k,type=int (id=7),value=<?>,index=10>
VW,context=Main#main:1,k=1
VW,context=Main#main:1,l=2
VW,context=Main#main:1,p=1
VW,context=Main#main:1,q=2
VD,method=Main#main:1 <name=q,type=int (id=7),value=<?>,index=13>
VW,context=Main#main:1,max=8
VD,method=Main#main:1 <name=p,type=int (id=7),value=<?>,index=12>
VW,context=Main#main:1,l=3
VW,context=Main#main:1,p=1
VW,context=Main#main:1,q=2
VW,context=Main#main:1,q=3
VD,method=Main#main:1 <name=q,type=int (id=7),value=<?>,index=13>
VW,context=Main#main:1,max=8
VD,method=Main#main:1 <name=p,type=int (id=7),value=<?>,index=12>
VW,context=Main#main:1,l=4
VW,context=Main#main:1,p=1
VW,context=Main#main:1,q=2
VW,context=Main#main:1,q=3
VW,context=Main#main:1,q=4
VW,context=Main#main:1,k=2
VD,method=Main#main:1 <name=l,type=int (id=7),value=<?>,index=11>
VD,method=Main#main:1 <name=p,type=int (id=7),value=<?>,index=12>
VD,method=Main#main:1 <name=q,type=int (id=7),value=<?>,index=13>
VW,context=Main#main:1,l=2
VW,context=Main#main:1,p=1
VW,context=Main#main:1,q=2
VW,context=Main#main:1,p=2
VD,method=Main#main:1 <name=q,type=int (id=7),value=<?>,index=13>
VW,context=Main#main:1,q=2
VD,method=Main#main:1 <name=q,type=int (id=7),value=<?>,index=13>
VW,context=Main#main:1,max=8
VD,method=Main#main:1 <name=p,type=int (id=7),value=<?>,index=12>
VW,context=Main#main:1,l=3
VW,context=Main#main:1,p=1
VW,context=Main#main:1,q=2
VW,context=Main#main:1,q=3
VW,context=Main#main:1,p=2
VD,method=Main#main:1 <name=q,type=int (id=7),value=<?>,index=13>
VW,context=Main#main:1,q=2
VW,context=Main#main:1,q=3
VW,context=Main#main:1,k=3
VD,method=Main#main:1 <name=l,type=int (id=7),value=<?>,index=11>
VD,method=Main#main:1 <name=p,type=int (id=7),value=<?>,index=12>
VD,method=Main#main:1 <name=q,type=int (id=7),value=<?>,index=13>
VW,context=Main#main:1,l=2
VW,context=Main#main:1,p=1
VW,context=Main#main:1,q=2
VW,context=Main#main:1,p=2
VD,method=Main#main:1 <name=q,type=int (id=7),value=<?>,index=13>
VW,context=Main#main:1,q=2
VW,context=Main#main:1,p=3
VD,method=Main#main:1 <name=q,type=int (id=7),value=<?>,index=13>
VW,context=Main#main:1,q=2
VD,method=Main#main:1 <name=q,type=int (id=7),value=<?>,index=13>
VW,context=Main#main:1,max=8
VD,method=Main#main:1 <name=p,type=int (id=7),value=<?>,index=12>
VW,context=Main#main:1,l=3
VW,context=Main#main:1,p=1
VW,context=Main#main:1,q=2
VW,context=Main#main:1,q=3
VW,context=Main#main:1,p=2
VD,method=Main#main:1 <name=q,type=int (id=7),value=<?>,index=13>
VW,context=Main#main:1,q=2
VW,context=Main#main:1,q=3
VW,context=Main#main:1,k=4
VD,method=Main#main:1 <name=l,type=int (id=7),value=<?>,index=11>
VD,method=Main#main:1 <name=p,type=int (id=7),value=<?>,index=12>
VD,method=Main#main:1 <name=q,type=int (id=7),value=<?>,index=13>
VW,context=Main#main:1,l=2
VW,context=Main#main:1,p=1
VW,context=Main#main:1,q=2
VW,context=Main#main:1,p=2
VD,method=Main#main:1 <name=q,type=int (id=7),value=<?>,index=13>
VW,context=Main#main:1,q=2
VW,context=Main#main:1,p=3
VD,method=Main#main:1 <name=q,type=int (id=7),value=<?>,index=13>
VW,context=Main#main:1,q=2
VW,context=Main#main:1,p=4
VD,method=Main#main:1 <name=q,type=int (id=7),value=<?>,index=13>
VW,context=Main#main:1,q=2
VD,method=Main#main:1 <name=l,type=int (id=7),value=<?>,index=11>
VD,method=Main#main:1 <name=p,type=int (id=7),value=<?>,index=12>
VD,method=Main#main:1 <name=q,type=int (id=7),value=<?>,index=13>
VW,context=Main#main:1,j=3
VD,method=Main#main:1 <name=k,type=int (id=7),value=<?>,index=10>
VW,context=Main#main:1,k=1
VW,context=Main#main:1,l=3
VW,context=Main#main:1,p=1
VW,context=Main#main:1,q=3
VD,method=Main#main:1 <name=q,type=int (id=7),value=<?>,index=13>
VW,context=Main#main:1,max=8
VD,method=Main#main:1 <name=p,type=int (id=7),value=<?>,index=12>
VW,context=Main#main:1,l=4
VW,context=Main#main:1,p=1
VW,context=Main#main:1,q=3
VW,context=Main#main:1,q=4
VW,context=Main#main:1,k=2
VD,method=Main#main:1 <name=l,type=int (id=7),value=<?>,index=11>
VD,method=Main#main:1 <name=p,type=int (id=7),value=<?>,index=12>
VD,method=Main#main:1 <name=q,type=int (id=7),value=<?>,index=13>
VW,context=Main#main:1,l=3
VW,context=Main#main:1,p=1
VW,context=Main#main:1,q=3
VW,context=Main#main:1,p=2
VD,method=Main#main:1 <name=q,type=int (id=7),value=<?>,index=13>
VW,context=Main#main:1,q=3
VW,context=Main#main:1,k=3
VD,method=Main#main:1 <name=l,type=int (id=7),value=<?>,index=11>
VD,method=Main#main:1 <name=p,type=int (id=7),value=<?>,index=12>
VD,method=Main#main:1 <name=q,type=int (id=7),value=<?>,index=13>
VW,context=Main#main:1,l=3
VW,context=Main#main:1,p=1
VW,context=Main#main:1,q=3
VW,context=Main#main:1,p=2
VD,method=Main#main:1 <name=q,type=int (id=7),value=<?>,index=13>
VW,context=Main#main:1,q=3
VW,context=Main#main:1,k=4
VD,method=Main#main:1 <name=l,type=int (id=7),value=<?>,index=11>
VD,method=Main#main:1 <name=p,type=int (id=7),value=<?>,index=12>
VD,method=Main#main:1 <name=q,type=int (id=7),value=<?>,index=13>
VW,context=Main#main:1,l=3
VW,context=Main#main:1,p=1
VW,context=Main#main:1,q=3
VW,context=Main#main:1,p=2
VD,method=Main#main:1 <name=q,type=int (id=7),value=<?>,index=13>
VW,context=Main#main:1,q=3
VD,method=Main#main:1 <name=l,type=int (id=7),value=<?>,index=11>
VD,method=Main#main:1 <name=p,type=int (id=7),value=<?>,index=12>
VD,method=Main#main:1 <name=q,type=int (id=7),value=<?>,index=13>
VW,context=Main#main:1,j=4
VD,method=Main#main:1 <name=k,type=int (id=7),value=<?>,index=10>
VW,context=Main#main:1,k=1
VW,context=Main#main:1,l=4
VW,context=Main#main:1,p=1
VW,context=Main#main:1,q=4
VW,context=Main#main:1,k=2
VD,method=Main#main:1 <name=l,type=int (id=7),value=<?>,index=11>
VD,method=Main#main:1 <name=p,type=int (id=7),value=<?>,index=12>
VD,method=Main#main:1 <name=q,type=int (id=7),value=<?>,index=13>
VW,context=Main#main:1,l=4
VW,context=Main#main:1,p=1
VW,context=Main#main:1,q=4
VW,context=Main#main:1,k=3
VD,method=Main#main:1 <name=l,type=int (id=7),value=<?>,index=11>
VD,method=Main#main:1 <name=p,type=int (id=7),value=<?>,index=12>
VD,method=Main#main:1 <name=q,type=int (id=7),value=<?>,index=13>
VW,context=Main#main:1,l=4
VW,context=Main#main:1,p=1
VW,context=Main#main:1,q=4
VW,context=Main#main:1,k=4
VD,method=Main#main:1 <name=l,type=int (id=7),value=<?>,index=11>
VD,method=Main#main:1 <name=p,type=int (id=7),value=<?>,index=12>
VD,method=Main#main:1 <name=q,type=int (id=7),value=<?>,index=13>
VW,context=Main#main:1,l=4
VW,context=Main#main:1,p=1
VW,context=Main#main:1,q=4
VD,method=Main#main:1 <name=l,type=int (id=7),value=<?>,index=11>
VD,method=Main#main:1 <name=p,type=int (id=7),value=<?>,index=12>
VD,method=Main#main:1 <name=q,type=int (id=7),value=<?>,index=13>
VD,method=Main#main:1 <name=k,type=int (id=7),value=<?>,index=10>
VW,context=Main#main:1,i=2
VD,method=Main#main:1 <name=j,type=int (id=7),value=<?>,index=9>
VW,context=Main#main:1,j=0
VW,context=Main#main:1,k=2
VW,context=Main#main:1,l=0
VW,context=Main#main:1,p=2
VW,context=Main#main:1,q=0
VW,context=Main#main:1,k=3
VD,method=Main#main:1 <name=l,type=int (id=7),value=<?>,index=11>
VD,method=Main#main:1 <name=p,type=int (id=7),value=<?>,index=12>
VD,method=Main#main:1 <name=q,type=int (id=7),value=<?>,index=13>
VW,context=Main#main:1,l=0
VW,context=Main#main:1,p=2
VW,context=Main#main:1,q=0
VW,context=Main#main:1,k=4
VD,method=Main#main:1 <name=l,type=int (id=7),value=<?>,index=11>
VD,method=Main#main:1 <name=p,type=int (id=7),value=<?>,index=12>
VD,method=Main#main:1 <name=q,type=int (id=7),value=<?>,index=13>
VW,context=Main#main:1,l=0
VW,context=Main#main:1,p=2
VW,context=Main#main:1,q=0
VD,method=Main#main:1 <name=l,type=int (id=7),value=<?>,index=11>
VD,method=Main#main:1 <name=p,type=int (id=7),value=<?>,index=12>
VD,method=Main#main:1 <name=q,type=int (id=7),value=<?>,index=13>
VW,context=Main#main:1,j=1
VD,method=Main#main:1 <name=k,type=int (id=7),value=<?>,index=10>
VW,context=Main#main:1,k=2
VW,context=Main#main:1,l=1
VW,context=Main#main:1,p=2
VW,context=Main#main:1,q=1
VD,method=Main#main:1 <name=q,type=int (id=7),value=<?>,index=13>
VW,context=Main#main:1,max=8
VD,method=Main#main:1 <name=p,type=int (id=7),value=<?>,index=12>
VW,context=Main#main:1,l=2
VW,context=Main#main:1,p=2
VW,context=Main#main:1,q=1
VW,context=Main#main:1,q=2
VD,method=Main#main:1 <name=q,type=int (id=7),value=<?>,index=13>
VW,context=Main#main:1,max=8
VD,method=Main#main:1 <name=p,type=int (id=7),value=<?>,index=12>
VW,context=Main#main:1,l=3
VW,context=Main#main:1,p=2
VW,context=Main#main:1,q=1
VW,context=Main#main:1,q=2
VW,context=Main#main:1,q=3
VW,context=Main#main:1,k=3
VD,method=Main#main:1 <name=l,type=int (id=7),value=<?>,index=11>
VD,method=Main#main:1 <name=p,type=int (id=7),value=<?>,index=12>
VD,method=Main#main:1 <name=q,type=int (id=7),value=<?>,index=13>
VW,context=Main#main:1,l=1
VW,context=Main#main:1,p=2
VW,context=Main#main:1,q=1
VW,context=Main#main:1,p=3
VD,method=Main#main:1 <name=q,type=int (id=7),value=<?>,index=13>
VW,context=Main#main:1,q=1
VD,method=Main#main:1 <name=q,type=int (id=7),value=<?>,index=13>
VW,context=Main#main:1,max=8
VD,method=Main#main:1 <name=p,type=int (id=7),value=<?>,index=12>
VW,context=Main#main:1,l=2
VW,context=Main#main:1,p=2
VW,context=Main#main:1,q=1
VW,context=Main#main:1,q=2
VW,context=Main#main:1,p=3
VD,method=Main#main:1 <name=q,type=int (id=7),value=<?>,index=13>
VW,context=Main#main:1,q=1
VW,context=Main#main:1,q=2
VD,method=Main#main:1 <name=q,type=int (id=7),value=<?>,index=13>
VW,context=Main#main:1,max=8
VD,method=Main#main:1 <name=p,type=int (id=7),value=<?>,index=12>
VW,context=Main#main:1,l=3
VW,context=Main#main:1,p=2
VW,context=Main#main:1,q=1
VW,context=Main#main:1,q=2
VW,context=Main#main:1,q=3
VW,context=Main#main:1,k=4
VD,method=Main#main:1 <name=l,type=int (id=7),value=<?>,index=11>
VD,method=Main#main:1 <name=p,type=int (id=7),value=<?>,index=12>
VD,method=Main#main:1 <name=q,type=int (id=7),value=<?>,index=13>
VW,context=Main#main:1,l=1
VW,context=Main#main:1,p=2
VW,context=Main#main:1,q=1
VW,context=Main#main:1,p=3
VD,method=Main#main:1 <name=q,type=int (id=7),value=<?>,index=13>
VW,context=Main#main:1,q=1
VW,context=Main#main:1,p=4
VD,method=Main#main:1 <name=q,type=int (id=7),value=<?>,index=13>
VW,context=Main#main:1,q=1
VD,method=Main#main:1 <name=l,type=int (id=7),value=<?>,index=11>
VD,method=Main#main:1 <name=p,type=int (id=7),value=<?>,index=12>
VD,method=Main#main:1 <name=q,type=int (id=7),value=<?>,index=13>
VW,context=Main#main:1,j=2
VD,method=Main#main:1 <name=k,type=int (id=7),value=<?>,index=10>
VW,context=Main#main:1,k=2
VW,context=Main#main:1,l=2
VW,context=Main#main:1,p=2
VW,context=Main#main:1,q=2
VD,method=Main#main:1 <name=q,type=int (id=7),value=<?>,index=13>
VW,context=Main#main:1,max=8
VD,method=Main#main:1 <name=p,type=int (id=7),value=<?>,index=12>
VW,context=Main#main:1,l=3
VW,context=Main#main:1,p=2
VW,context=Main#main:1,q=2
VW,context=Main#main:1,q=3
VW,context=Main#main:1,k=3
VD,method=Main#main:1 <name=l,type=int (id=7),value=<?>,index=11>
VD,method=Main#main:1 <name=p,type=int (id=7),value=<?>,index=12>
VD,method=Main#main:1 <name=q,type=int (id=7),value=<?>,index=13>
VW,context=Main#main:1,l=2
VW,context=Main#main:1,p=2
VW,context=Main#main:1,q=2
VW,context=Main#main:1,p=3
VD,method=Main#main:1 <name=q,type=int (id=7),value=<?>,index=13>
VW,context=Main#main:1,q=2
VD,method=Main#main:1 <name=q,type=int (id=7),value=<?>,index=13>
VW,context=Main#main:1,max=8
VD,method=Main#main:1 <name=p,type=int (id=7),value=<?>,index=12>
VW,context=Main#main:1,l=3
VW,context=Main#main:1,p=2
VW,context=Main#main:1,q=2
VW,context=Main#main:1,q=3
VW,context=Main#main:1,k=4
VD,method=Main#main:1 <name=l,type=int (id=7),value=<?>,index=11>
VD,method=Main#main:1 <name=p,type=int (id=7),value=<?>,index=12>
VD,method=Main#main:1 <name=q,type=int (id=7),value=<?>,index=13>
VW,context=Main#main:1,l=2
VW,context=Main#main:1,p=2
VW,context=Main#main:1,q=2
VW,context=Main#main:1,p=3
VD,method=Main#main:1 <name=q,type=int (id=7),value=<?>,index=13>
VW,context=Main#main:1,q=2
VW,context=Main#main:1,p=4
VD,method=Main#main:1 <name=q,type=int (id=7),value=<?>,index=13>
VW,context=Main#main:1,q=2
VD,method=Main#main:1 <name=l,type=int (id=7),value=<?>,index=11>
VD,method=Main#main:1 <name=p,type=int (id=7),value=<?>,index=12>
VD,method=Main#main:1 <name=q,type=int (id=7),value=<?>,index=13>
VW,context=Main#main:1,j=3
VD,method=Main#main:1 <name=k,type=int (id=7),value=<?>,index=10>
VW,context=Main#main:1,k=2
VW,context=Main#main:1,l=3
VW,context=Main#main:1,p=2
VW,context=Main#main:1,q=3
VW,context=Main#main:1,k=3
VD,method=Main#main:1 <name=l,type=int (id=7),value=<?>,index=11>
VD,method=Main#main:1 <name=p,type=int (id=7),value=<?>,index=12>
VD,method=Main#main:1 <name=q,type=int (id=7),value=<?>,index=13>
VW,context=Main#main:1,l=3
VW,context=Main#main:1,p=2
VW,context=Main#main:1,q=3
VW,context=Main#main:1,k=4
VD,method=Main#main:1 <name=l,type=int (id=7),value=<?>,index=11>
VD,method=Main#main:1 <name=p,type=int (id=7),value=<?>,index=12>
VD,method=Main#main:1 <name=q,type=int (id=7),value=<?>,index=13>
VW,context=Main#main:1,l=3
VW,context=Main#main:1,p=2
VW,context=Main#main:1,q=3
VD,method=Main#main:1 <name=l,type=int (id=7),value=<?>,index=11>
VD,method=Main#main:1 <name=p,type=int (id=7),value=<?>,index=12>
VD,method=Main#main:1 <name=q,type=int (id=7),value=<?>,index=13>
VW,context=Main#main:1,j=4
VD,method=Main#main:1 <name=k,type=int (id=7),value=<?>,index=10>
VW,context=Main#main:1,k=2
VW,context=Main#main:1,l=4
VW,context=Main#main:1,p=2
VW,context=Main#main:1,q=4
VD,method=Main#main:1 <name=q,type=int (id=7),value=<?>,index=13>
VW,context=Main#main:1,max=8
VD,method=Main#main:1 <name=p,type=int (id=7),value=<?>,index=12>
VW,context=Main#main:1,k=3
VD,method=Main#main:1 <name=l,type=int (id=7),value=<?>,index=11>
VW,context=Main#main:1,l=4
VW,context=Main#main:1,p=2
VW,context=Main#main:1,q=4
VW,context=Main#main:1,p=3
VD,method=Main#main:1 <name=q,type=int (id=7),value=<?>,index=13>
VW,context=Main#main:1,q=4
VW,context=Main#main:1,k=4
VD,method=Main#main:1 <name=l,type=int (id=7),value=<?>,index=11>
VD,method=Main#main:1 <name=p,type=int (id=7),value=<?>,index=12>
VD,method=Main#main:1 <name=q,type=int (id=7),value=<?>,index=13>
VW,context=Main#main:1,l=4
VW,context=Main#main:1,p=2
VW,context=Main#main:1,q=4
VW,context=Main#main:1,p=3
VD,method=Main#main:1 <name=q,type=int (id=7),value=<?>,index=13>
VW,context=Main#main:1,q=4
VD,method=Main#main:1 <name=l,type=int (id=7),value=<?>,index=11>
VD,method=Main#main:1 <name=p,type=int (id=7),value=<?>,index=12>
VD,method=Main#main:1 <name=q,type=int (id=7),value=<?>,index=13>
VD,method=Main#main:1 <name=k,type=int (id=7),value=<?>,index=10>
VW,context=Main#main:1,i=3
VD,method=Main#main:1 <name=j,type=int (id=7),value=<?>,index=9>
VW,context=Main#main:1,j=0
VW,context=Main#main:1,k=3
VW,context=Main#main:1,l=0
VW,context=Main#main:1,p=3
VW,context=Main#main:1,q=0
VW,context=Main#main:1,k=4
VD,method=Main#main:1 <name=l,type=int (id=7),value=<?>,index=11>
VD,method=Main#main:1 <name=p,type=int (id=7),value=<?>,index=12>
VD,method=Main#main:1 <name=q,type=int (id=7),value=<?>,index=13>
VW,context=Main#main:1,l=0
VW,context=Main#main:1,p=3
VW,context=Main#main:1,q=0
VD,method=Main#main:1 <name=l,type=int (id=7),value=<?>,index=11>
VD,method=Main#main:1 <name=p,type=int (id=7),value=<?>,index=12>
VD,method=Main#main:1 <name=q,type=int (id=7),value=<?>,index=13>
VW,context=Main#main:1,j=1
VD,method=Main#main:1 <name=k,type=int (id=7),value=<?>,index=10>
VW,context=Main#main:1,k=3
VW,context=Main#main:1,l=1
VW,context=Main#main:1,p=3
VW,context=Main#main:1,q=1
VD,method=Main#main:1 <name=q,type=int (id=7),value=<?>,index=13>
VW,context=Main#main:1,max=8
VD,method=Main#main:1 <name=p,type=int (id=7),value=<?>,index=12>
VW,context=Main#main:1,l=2
VW,context=Main#main:1,p=3
VW,context=Main#main:1,q=1
VW,context=Main#main:1,q=2
VD,method=Main#main:1 <name=q,type=int (id=7),value=<?>,index=13>
VW,context=Main#main:1,max=8
VD,method=Main#main:1 <name=p,type=int (id=7),value=<?>,index=12>
VW,context=Main#main:1,l=3
VW,context=Main#main:1,p=3
VW,context=Main#main:1,q=1
VW,context=Main#main:1,q=2
VW,context=Main#main:1,q=3
VD,method=Main#main:1 <name=q,type=int (id=7),value=<?>,index=13>
VW,context=Main#main:1,max=8
VD,method=Main#main:1 <name=p,type=int (id=7),value=<?>,index=12>
VW,context=Main#main:1,l=4
VW,context=Main#main:1,p=3
VW,context=Main#main:1,q=1
VW,context=Main#main:1,q=2
VW,context=Main#main:1,q=3
VW,context=Main#main:1,q=4
VW,context=Main#main:1,k=4
VD,method=Main#main:1 <name=l,type=int (id=7),value=<?>,index=11>
VD,method=Main#main:1 <name=p,type=int (id=7),value=<?>,index=12>
VD,method=Main#main:1 <name=q,type=int (id=7),value=<?>,index=13>
VW,context=Main#main:1,l=1
VW,context=Main#main:1,p=3
VW,context=Main#main:1,q=1
VW,context=Main#main:1,p=4
VD,method=Main#main:1 <name=q,type=int (id=7),value=<?>,index=13>
VW,context=Main#main:1,q=1
VD,method=Main#main:1 <name=l,type=int (id=7),value=<?>,index=11>
VD,method=Main#main:1 <name=p,type=int (id=7),value=<?>,index=12>
VD,method=Main#main:1 <name=q,type=int (id=7),value=<?>,index=13>
VW,context=Main#main:1,j=2
VD,method=Main#main:1 <name=k,type=int (id=7),value=<?>,index=10>
VW,context=Main#main:1,k=3
VW,context=Main#main:1,l=2
VW,context=Main#main:1,p=3
VW,context=Main#main:1,q=2
VD,method=Main#main:1 <name=q,type=int (id=7),value=<?>,index=13>
VW,context=Main#main:1,max=8
VD,method=Main#main:1 <name=p,type=int (id=7),value=<?>,index=12>
VW,context=Main#main:1,l=3
VW,context=Main#main:1,p=3
VW,context=Main#main:1,q=2
VW,context=Main#main:1,q=3
VD,method=Main#main:1 <name=q,type=int (id=7),value=<?>,index=13>
VW,context=Main#main:1,max=8
VD,method=Main#main:1 <name=p,type=int (id=7),value=<?>,index=12>
VW,context=Main#main:1,l=4
VW,context=Main#main:1,p=3
VW,context=Main#main:1,q=2
VW,context=Main#main:1,q=3
VW,context=Main#main:1,q=4
VW,context=Main#main:1,k=4
VD,method=Main#main:1 <name=l,type=int (id=7),value=<?>,index=11>
VD,method=Main#main:1 <name=p,type=int (id=7),value=<?>,index=12>
VD,method=Main#main:1 <name=q,type=int (id=7),value=<?>,index=13>
VW,context=Main#main:1,l=2
VW,context=Main#main:1,p=3
VW,context=Main#main:1,q=2
VW,context=Main#main:1,p=4
VD,method=Main#main:1 <name=q,type=int (id=7),value=<?>,index=13>
VW,context=Main#main:1,q=2
VD,method=Main#main:1 <name=l,type=int (id=7),value=<?>,index=11>
VD,method=Main#main:1 <name=p,type=int (id=7),value=<?>,index=12>
VD,method=Main#main:1 <name=q,type=int (id=7),value=<?>,index=13>
VW,context=Main#main:1,j=3
VD,method=Main#main:1 <name=k,type=int (id=7),value=<?>,index=10>
VW,context=Main#main:1,k=3
VW,context=Main#main:1,l=3
VW,context=Main#main:1,p=3
VW,context=Main#main:1,q=3
VD,method=Main#main:1 <name=q,type=int (id=7),value=<?>,index=13>
VW,context=Main#main:1,max=8
VD,method=Main#main:1 <name=p,type=int (id=7),value=<?>,index=12>
VW,context=Main#main:1,l=4
VW,context=Main#main:1,p=3
VW,context=Main#main:1,q=3
VW,context=Main#main:1,q=4
VW,context=Main#main:1,k=4
VD,method=Main#main:1 <name=l,type=int (id=7),value=<?>,index=11>
VD,method=Main#main:1 <name=p,type=int (id=7),value=<?>,index=12>
VD,method=Main#main:1 <name=q,type=int (id=7),value=<?>,index=13>
VW,context=Main#main:1,l=3
VW,context=Main#main:1,p=3
VW,context=Main#main:1,q=3
VW,context=Main#main:1,p=4
VD,method=Main#main:1 <name=q,type=int (id=7),value=<?>,index=13>
VW,context=Main#main:1,q=3
VD,method=Main#main:1 <name=l,type=int (id=7),value=<?>,index=11>
VD,method=Main#main:1 <name=p,type=int (id=7),value=<?>,index=12>
VD,method=Main#main:1 <name=q,type=int (id=7),value=<?>,index=13>
VW,context=Main#main:1,j=4
VD,method=Main#main:1 <name=k,type=int (id=7),value=<?>,index=10>
VW,context=Main#main:1,k=3
VW,context=Main#main:1,l=4
VW,context=Main#main:1,p=3
VW,context=Main#main:1,q=4
VW,context=Main#main:1,k=4
VD,method=Main#main:1 <name=l,type=int (id=7),value=<?>,index=11>
VD,method=Main#main:1 <name=p,type=int (id=7),value=<?>,index=12>
VD,method=Main#main:1 <name=q,type=int (id=7),value=<?>,index=13>
VW,context=Main#main:1,l=4
VW,context=Main#main:1,p=3
VW,context=Main#main:1,q=4
VD,method=Main#main:1 <name=l,type=int (id=7),value=<?>,index=11>
VD,method=Main#main:1 <name=p,type=int (id=7),value=<?>,index=12>
VD,method=Main#main:1 <name=q,type=int (id=7),value=<?>,index=13>
VD,method=Main#main:1 <name=k,type=int (id=7),value=<?>,index=10>
VW,context=Main#main:1,i=4
VD,method=Main#main:1 <name=j,type=int (id=7),value=<?>,index=9>
VW,context=Main#main:1,j=0
VW,context=Main#main:1,k=4
VW,context=Main#main:1,l=0
VW,context=Main#main:1,p=4
VW,context=Main#main:1,q=0
VD,method=Main#main:1 <name=l,type=int (id=7),value=<?>,index=11>
VD,method=Main#main:1 <name=p,type=int (id=7),value=<?>,index=12>
VD,method=Main#main:1 <name=q,type=int (id=7),value=<?>,index=13>
VW,context=Main#main:1,j=1
VD,method=Main#main:1 <name=k,type=int (id=7),value=<?>,index=10>
VW,context=Main#main:1,k=4
VW,context=Main#main:1,l=1
VW,context=Main#main:1,p=4
VW,context=Main#main:1,q=1
VD,method=Main#main:1 <name=l,type=int (id=7),value=<?>,index=11>
VD,method=Main#main:1 <name=p,type=int (id=7),value=<?>,index=12>
VD,method=Main#main:1 <name=q,type=int (id=7),value=<?>,index=13>
VW,context=Main#main:1,j=2
VD,method=Main#main:1 <name=k,type=int (id=7),value=<?>,index=10>
VW,context=Main#main:1,k=4
VW,context=Main#main:1,l=2
VW,context=Main#main:1,p=4
VW,context=Main#main:1,q=2
VD,method=Main#main:1 <name=l,type=int (id=7),value=<?>,index=11>
VD,method=Main#main:1 <name=p,type=int (id=7),value=<?>,index=12>
VD,method=Main#main:1 <name=q,type=int (id=7),value=<?>,index=13>
VW,context=Main#main:1,j=3
VD,method=Main#main:1 <name=k,type=int (id=7),value=<?>,index=10>
VW,context=Main#main:1,k=4
VW,context=Main#main:1,l=3
VW,context=Main#main:1,p=4
VW,context=Main#main:1,q=3
VD,method=Main#main:1 <name=l,type=int (id=7),value=<?>,index=11>
VD,method=Main#main:1 <name=p,type=int (id=7),value=<?>,index=12>
VD,method=Main#main:1 <name=q,type=int (id=7),value=<?>,index=13>
VW,context=Main#main:1,j=4
VD,method=Main#main:1 <name=k,type=int (id=7),value=<?>,index=10>
VW,context=Main#main:1,k=4
VW,context=Main#main:1,l=4
VW,context=Main#main:1,p=4
VW,context=Main#main:1,q=4
VD,method=Main#main:1 <name=q,type=int (id=7),value=<?>,index=13>
VW,context=Main#main:1,max=8
VD,method=Main#main:1 <name=p,type=int (id=7),value=<?>,index=12>
VD,method=Main#main:1 <name=l,type=int (id=7),value=<?>,index=11>
VD,method=Main#main:1 <name=k,type=int (id=7),value=<?>,index=10>
VD,method=Main#main:1 <name=j,type=int (id=7),value=<?>,index=9>
VD,method=Main#main:1 <name=i,type=int (id=7),value=<?>,index=8>
VD,method=Main#main:1 <name=map,type=boolean[][] (id=95),value=<?>,index=4>
VD,method=Main#main:1 <name=max,type=int (id=7),value=<?>,index=7>
ME,returner=Main#main:1,value=<void>
TE,
