TS,main (1)
MC,caller=SYSTEM,target=Main#<clinit>:1
FW,context=Main,size=1002
FR,context=Main,size
FW,context=Main,set=500
ME,returner=Main#<clinit>:1,value=<void>
MC,caller=SYSTEM,target=Main#main:1
NO,object=java.lang.String[]:1
VW,context=Main#main:1,args=java.lang.String[]:1
VW,context=Main#main:1,sc=java.util.Scanner (id=363)
MC,caller=Main#main:1,target=Main#prime:1
FW,context=Main,isPrime=boolean[1000001] (id=364)
FR,context=Main,isPrime
FR,context=Main,isPrime
FR,context=Main,isPrime
VW,context=Main#prime:1,i=2
FR,context=Main,isPrime
VW,context=Main#prime:1,j=4
FR,context=Main,isPrime
VW,context=Main#prime:1,j=6
FR,context=Main,isPrime
VW,context=Main#prime:1,j=8
FR,context=Main,isPrime
VW,context=Main#prime:1,j=10
FR,context=Main,isPrime
VW,context=Main#prime:1,j=12
FR,context=Main,isPrime
VW,context=Main#prime:1,j=14
FR,context=Main,isPrime
VW,context=Main#prime:1,j=16
FR,context=Main,isPrime
VW,context=Main#prime:1,j=18
FR,context=Main,isPrime
VW,context=Main#prime:1,j=20
FR,context=Main,isPrime
VW,context=Main#prime:1,j=22
FR,context=Main,isPrime
VW,context=Main#prime:1,j=24
FR,context=Main,isPrime
VW,context=Main#prime:1,j=26
FR,context=Main,isPrime
VW,context=Main#prime:1,j=28
FR,context=Main,isPrime
VW,context=Main#prime:1,j=30
FR,context=Main,isPrime
VW,context=Main#prime:1,j=32
FR,context=Main,isPrime
VW,context=Main#prime:1,j=34
FR,context=Main,isPrime
VW,context=Main#prime:1,j=36
FR,context=Main,isPrime
VW,context=Main#prime:1,j=38
FR,context=Main,isPrime
VW,context=Main#prime:1,j=40
FR,context=Main,isPrime
VW,context=Main#prime:1,j=42
FR,context=Main,isPrime
VW,context=Main#prime:1,j=44
FR,context=Main,isPrime
VW,context=Main#prime:1,j=46
FR,context=Main,isPrime
VW,context=Main#prime:1,j=48
FR,context=Main,isPrime
VW,context=Main#prime:1,j=50
FR,context=Main,isPrime
VW,context=Main#prime:1,j=52
FR,context=Main,isPrime
VW,context=Main#prime:1,j=54
FR,context=Main,isPrime
VW,context=Main#prime:1,j=56
FR,context=Main,isPrime
VW,context=Main#prime:1,j=58
FR,context=Main,isPrime
VW,context=Main#prime:1,j=60
FR,context=Main,isPrime
VW,context=Main#prime:1,j=62
FR,context=Main,isPrime
VW,context=Main#prime:1,j=64
FR,context=Main,isPrime
VW,context=Main#prime:1,j=66
FR,context=Main,isPrime
VW,context=Main#prime:1,j=68
FR,context=Main,isPrime
VW,context=Main#prime:1,j=70
FR,context=Main,isPrime
VW,context=Main#prime:1,j=72
FR,context=Main,isPrime
VW,context=Main#prime:1,j=74
FR,context=Main,isPrime
VW,context=Main#prime:1,j=76
FR,context=Main,isPrime
VW,context=Main#prime:1,j=78
FR,context=Main,isPrime
VW,context=Main#prime:1,j=80
FR,context=Main,isPrime
VW,context=Main#prime:1,j=82
FR,context=Main,isPrime
VW,context=Main#prime:1,j=84
FR,context=Main,isPrime
VW,context=Main#prime:1,j=86
FR,context=Main,isPrime
VW,context=Main#prime:1,j=88
FR,context=Main,isPrime
VW,context=Main#prime:1,j=90
FR,context=Main,isPrime
VW,context=Main#prime:1,j=92
FR,context=Main,isPrime
VW,context=Main#prime:1,j=94
FR,context=Main,isPrime
VW,context=Main#prime:1,j=96
FR,context=Main,isPrime
VW,context=Main#prime:1,j=98
FR,context=Main,isPrime
VW,context=Main#prime:1,j=100
FR,context=Main,isPrime
VW,context=Main#prime:1,j=102
FR,context=Main,isPrime
VW,context=Main#prime:1,j=104
FR,context=Main,isPrime
VW,context=Main#prime:1,j=106
FR,context=Main,isPrime
VW,context=Main#prime:1,j=108
FR,context=Main,isPrime
VW,context=Main#prime:1,j=110
FR,context=Main,isPrime
VW,context=Main#prime:1,j=112
FR,context=Main,isPrime
VW,context=Main#prime:1,j=114
FR,context=Main,isPrime
VW,context=Main#prime:1,j=116
FR,context=Main,isPrime
VW,context=Main#prime:1,j=118
FR,context=Main,isPrime
VW,context=Main#prime:1,j=120
FR,context=Main,isPrime
VW,context=Main#prime:1,j=122
FR,context=Main,isPrime
VW,context=Main#prime:1,j=124
FR,context=Main,isPrime
VW,context=Main#prime:1,j=126
FR,context=Main,isPrime
VW,context=Main#prime:1,j=128
FR,context=Main,isPrime
VW,context=Main#prime:1,j=130
FR,context=Main,isPrime
VW,context=Main#prime:1,j=132
FR,context=Main,isPrime
VW,context=Main#prime:1,j=134
FR,context=Main,isPrime
VW,context=Main#prime:1,j=136
FR,context=Main,isPrime
VW,context=Main#prime:1,j=138
FR,context=Main,isPrime
VW,context=Main#prime:1,j=140
FR,context=Main,isPrime
VW,context=Main#prime:1,j=142
FR,context=Main,isPrime
VW,context=Main#prime:1,j=144
FR,context=Main,isPrime
VW,context=Main#prime:1,j=146
FR,context=Main,isPrime
VW,context=Main#prime:1,j=148
FR,context=Main,isPrime
VW,context=Main#prime:1,j=150
FR,context=Main,isPrime
VW,context=Main#prime:1,j=152
FR,context=Main,isPrime
VW,context=Main#prime:1,j=154
FR,context=Main,isPrime
VW,context=Main#prime:1,j=156
FR,context=Main,isPrime
VW,context=Main#prime:1,j=158
FR,context=Main,isPrime
VW,context=Main#prime:1,j=160
FR,context=Main,isPrime
VW,context=Main#prime:1,j=162
FR,context=Main,isPrime
VW,context=Main#prime:1,j=164
FR,context=Main,isPrime
VW,context=Main#prime:1,j=166
FR,context=Main,isPrime
VW,context=Main#prime:1,j=168
FR,context=Main,isPrime
VW,context=Main#prime:1,j=170
FR,context=Main,isPrime
VW,context=Main#prime:1,j=172
FR,context=Main,isPrime
VW,context=Main#prime:1,j=174
FR,context=Main,isPrime
VW,context=Main#prime:1,j=176
FR,context=Main,isPrime
VW,context=Main#prime:1,j=178
FR,context=Main,isPrime
VW,context=Main#prime:1,j=180
FR,context=Main,isPrime
VW,context=Main#prime:1,j=182
FR,context=Main,isPrime
VW,context=Main#prime:1,j=184
FR,context=Main,isPrime
VW,context=Main#prime:1,j=186
FR,context=Main,isPrime
VW,context=Main#prime:1,j=188
FR,context=Main,isPrime
VW,context=Main#prime:1,j=190
FR,context=Main,isPrime
VW,context=Main#prime:1,j=192
FR,context=Main,isPrime
VW,context=Main#prime:1,j=194
FR,context=Main,isPrime
VW,context=Main#prime:1,j=196
FR,context=Main,isPrime
VW,context=Main#prime:1,j=198
FR,context=Main,isPrime
VW,context=Main#prime:1,j=200
FR,context=Main,isPrime
VW,context=Main#prime:1,j=202
FR,context=Main,isPrime
VW,context=Main#prime:1,j=204
FR,context=Main,isPrime
VW,context=Main#prime:1,j=206
FR,context=Main,isPrime
VW,context=Main#prime:1,j=208
FR,context=Main,isPrime
VW,context=Main#prime:1,j=210
FR,context=Main,isPrime
VW,context=Main#prime:1,j=212
FR,context=Main,isPrime
VW,context=Main#prime:1,j=214
FR,context=Main,isPrime
VW,context=Main#prime:1,j=216
FR,context=Main,isPrime
VW,context=Main#prime:1,j=218
FR,context=Main,isPrime
VW,context=Main#prime:1,j=220
FR,context=Main,isPrime
VW,context=Main#prime:1,j=222
FR,context=Main,isPrime
VW,context=Main#prime:1,j=224
FR,context=Main,isPrime
VW,context=Main#prime:1,j=226
FR,context=Main,isPrime
VW,context=Main#prime:1,j=228
FR,context=Main,isPrime
VW,context=Main#prime:1,j=230
FR,context=Main,isPrime
VW,context=Main#prime:1,j=232
FR,context=Main,isPrime
VW,context=Main#prime:1,j=234
FR,context=Main,isPrime
VW,context=Main#prime:1,j=236
FR,context=Main,isPrime
VW,context=Main#prime:1,j=238
FR,context=Main,isPrime
VW,context=Main#prime:1,j=240
FR,context=Main,isPrime
VW,context=Main#prime:1,j=242
FR,context=Main,isPrime
VW,context=Main#prime:1,j=244
FR,context=Main,isPrime
VW,context=Main#prime:1,j=246
FR,context=Main,isPrime
VW,context=Main#prime:1,j=248
FR,context=Main,isPrime
VW,context=Main#prime:1,j=250
FR,context=Main,isPrime
VW,context=Main#prime:1,j=252
FR,context=Main,isPrime
VW,context=Main#prime:1,j=254
FR,context=Main,isPrime
VW,context=Main#prime:1,j=256
FR,context=Main,isPrime
VW,context=Main#prime:1,j=258
FR,context=Main,isPrime
VW,context=Main#prime:1,j=260
FR,context=Main,isPrime
VW,context=Main#prime:1,j=262
FR,context=Main,isPrime
VW,context=Main#prime:1,j=264
FR,context=Main,isPrime
VW,context=Main#prime:1,j=266
FR,context=Main,isPrime
VW,context=Main#prime:1,j=268
FR,context=Main,isPrime
VW,context=Main#prime:1,j=270
FR,context=Main,isPrime
VW,context=Main#prime:1,j=272
FR,context=Main,isPrime
VW,context=Main#prime:1,j=274
FR,context=Main,isPrime
VW,context=Main#prime:1,j=276
FR,context=Main,isPrime
VW,context=Main#prime:1,j=278
FR,context=Main,isPrime
VW,context=Main#prime:1,j=280
FR,context=Main,isPrime
VW,context=Main#prime:1,j=282
FR,context=Main,isPrime
VW,context=Main#prime:1,j=284
FR,context=Main,isPrime
VW,context=Main#prime:1,j=286
FR,context=Main,isPrime
VW,context=Main#prime:1,j=288
FR,context=Main,isPrime
VW,context=Main#prime:1,j=290
FR,context=Main,isPrime
VW,context=Main#prime:1,j=292
FR,context=Main,isPrime
VW,context=Main#prime:1,j=294
FR,context=Main,isPrime
VW,context=Main#prime:1,j=296
FR,context=Main,isPrime
VW,context=Main#prime:1,j=298
FR,context=Main,isPrime
VW,context=Main#prime:1,j=300
FR,context=Main,isPrime
VW,context=Main#prime:1,j=302
FR,context=Main,isPrime
VW,context=Main#prime:1,j=304
FR,context=Main,isPrime
VW,context=Main#prime:1,j=306
FR,context=Main,isPrime
VW,context=Main#prime:1,j=308
FR,context=Main,isPrime
VW,context=Main#prime:1,j=310
FR,context=Main,isPrime
VW,context=Main#prime:1,j=312
FR,context=Main,isPrime
VW,context=Main#prime:1,j=314
FR,context=Main,isPrime
VW,context=Main#prime:1,j=316
FR,context=Main,isPrime
VW,context=Main#prime:1,j=318
FR,context=Main,isPrime
VW,context=Main#prime:1,j=320
FR,context=Main,isPrime
VW,context=Main#prime:1,j=322
FR,context=Main,isPrime
VW,context=Main#prime:1,j=324
FR,context=Main,isPrime
VW,context=Main#prime:1,j=326
FR,context=Main,isPrime
VW,context=Main#prime:1,j=328
FR,context=Main,isPrime
VW,context=Main#prime:1,j=330
FR,context=Main,isPrime
VW,context=Main#prime:1,j=332
FR,context=Main,isPrime
VW,context=Main#prime:1,j=334
FR,context=Main,isPrime
VW,context=Main#prime:1,j=336
FR,context=Main,isPrime
VW,context=Main#prime:1,j=338
FR,context=Main,isPrime
VW,context=Main#prime:1,j=340
FR,context=Main,isPrime
VW,context=Main#prime:1,j=342
FR,context=Main,isPrime
VW,context=Main#prime:1,j=344
FR,context=Main,isPrime
VW,context=Main#prime:1,j=346
FR,context=Main,isPrime
VW,context=Main#prime:1,j=348
FR,context=Main,isPrime
VW,context=Main#prime:1,j=350
FR,context=Main,isPrime
VW,context=Main#prime:1,j=352
FR,context=Main,isPrime
VW,context=Main#prime:1,j=354
FR,context=Main,isPrime
VW,context=Main#prime:1,j=356
FR,context=Main,isPrime
VW,context=Main#prime:1,j=358
FR,context=Main,isPrime
VW,context=Main#prime:1,j=360
FR,context=Main,isPrime
VW,context=Main#prime:1,j=362
FR,context=Main,isPrime
VW,context=Main#prime:1,j=364
FR,context=Main,isPrime
VW,context=Main#prime:1,j=366
FR,context=Main,isPrime
VW,context=Main#prime:1,j=368
FR,context=Main,isPrime
VW,context=Main#prime:1,j=370
FR,context=Main,isPrime
VW,context=Main#prime:1,j=372
FR,context=Main,isPrime
VW,context=Main#prime:1,j=374
FR,context=Main,isPrime
VW,context=Main#prime:1,j=376
FR,context=Main,isPrime
VW,context=Main#prime:1,j=378
FR,context=Main,isPrime
VW,context=Main#prime:1,j=380
FR,context=Main,isPrime
VW,context=Main#prime:1,j=382
FR,context=Main,isPrime
VW,context=Main#prime:1,j=384
FR,context=Main,isPrime
VW,context=Main#prime:1,j=386
FR,context=Main,isPrime
VW,context=Main#prime:1,j=388
FR,context=Main,isPrime
VW,context=Main#prime:1,j=390
FR,context=Main,isPrime
VW,context=Main#prime:1,j=392
FR,context=Main,isPrime
VW,context=Main#prime:1,j=394
FR,context=Main,isPrime
VW,context=Main#prime:1,j=396
FR,context=Main,isPrime
VW,context=Main#prime:1,j=398
FR,context=Main,isPrime
VW,context=Main#prime:1,j=400
FR,context=Main,isPrime
VW,context=Main#prime:1,j=402
FR,context=Main,isPrime
VW,context=Main#prime:1,j=404
FR,context=Main,isPrime
VW,context=Main#prime:1,j=406
FR,context=Main,isPrime
VW,context=Main#prime:1,j=408
FR,context=Main,isPrime
VW,context=Main#prime:1,j=410
FR,context=Main,isPrime
VW,context=Main#prime:1,j=412
FR,context=Main,isPrime
VW,context=Main#prime:1,j=414
FR,context=Main,isPrime
VW,context=Main#prime:1,j=416
FR,context=Main,isPrime
VW,context=Main#prime:1,j=418
FR,context=Main,isPrime
VW,context=Main#prime:1,j=420
FR,context=Main,isPrime
VW,context=Main#prime:1,j=422
FR,context=Main,isPrime
VW,context=Main#prime:1,j=424
FR,context=Main,isPrime
VW,context=Main#prime:1,j=426
FR,context=Main,isPrime
VW,context=Main#prime:1,j=428
FR,context=Main,isPrime
VW,context=Main#prime:1,j=430
FR,context=Main,isPrime
VW,context=Main#prime:1,j=432
FR,context=Main,isPrime
VW,context=Main#prime:1,j=434
FR,context=Main,isPrime
VW,context=Main#prime:1,j=436
FR,context=Main,isPrime
VW,context=Main#prime:1,j=438
FR,context=Main,isPrime
VW,context=Main#prime:1,j=440
FR,context=Main,isPrime
VW,context=Main#prime:1,j=442
FR,context=Main,isPrime
VW,context=Main#prime:1,j=444
FR,context=Main,isPrime
VW,context=Main#prime:1,j=446
FR,context=Main,isPrime
VW,context=Main#prime:1,j=448
FR,context=Main,isPrime
VW,context=Main#prime:1,j=450
FR,context=Main,isPrime
VW,context=Main#prime:1,j=452
FR,context=Main,isPrime
VW,context=Main#prime:1,j=454
FR,context=Main,isPrime
VW,context=Main#prime:1,j=456
FR,context=Main,isPrime
VW,context=Main#prime:1,j=458
FR,context=Main,isPrime
VW,context=Main#prime:1,j=460
FR,context=Main,isPrime
VW,context=Main#prime:1,j=462
FR,context=Main,isPrime
VW,context=Main#prime:1,j=464
FR,context=Main,isPrime
VW,context=Main#prime:1,j=466
FR,context=Main,isPrime
VW,context=Main#prime:1,j=468
FR,context=Main,isPrime
VW,context=Main#prime:1,j=470
FR,context=Main,isPrime
VW,context=Main#prime:1,j=472
FR,context=Main,isPrime
VW,context=Main#prime:1,j=474
FR,context=Main,isPrime
VW,context=Main#prime:1,j=476
FR,context=Main,isPrime
VW,context=Main#prime:1,j=478
FR,context=Main,isPrime
VW,context=Main#prime:1,j=480
FR,context=Main,isPrime
VW,context=Main#prime:1,j=482
FR,context=Main,isPrime
VW,context=Main#prime:1,j=484
FR,context=Main,isPrime
VW,context=Main#prime:1,j=486
FR,context=Main,isPrime
VW,context=Main#prime:1,j=488
FR,context=Main,isPrime
VW,context=Main#prime:1,j=490
FR,context=Main,isPrime
VW,context=Main#prime:1,j=492
FR,context=Main,isPrime
VW,context=Main#prime:1,j=494
FR,context=Main,isPrime
VW,context=Main#prime:1,j=496
FR,context=Main,isPrime
VW,context=Main#prime:1,j=498
FR,context=Main,isPrime
VW,context=Main#prime:1,j=500
FR,context=Main,isPrime
VW,context=Main#prime:1,j=502
FR,context=Main,isPrime
VW,context=Main#prime:1,j=504
FR,context=Main,isPrime
VW,context=Main#prime:1,j=506
FR,context=Main,isPrime
VW,context=Main#prime:1,j=508
FR,context=Main,isPrime
VW,context=Main#prime:1,j=510
FR,context=Main,isPrime
VW,context=Main#prime:1,j=512
FR,context=Main,isPrime
VW,context=Main#prime:1,j=514
FR,context=Main,isPrime
VW,context=Main#prime:1,j=516
FR,context=Main,isPrime
VW,context=Main#prime:1,j=518
FR,context=Main,isPrime
VW,context=Main#prime:1,j=520
FR,context=Main,isPrime
VW,context=Main#prime:1,j=522
FR,context=Main,isPrime
VW,context=Main#prime:1,j=524
FR,context=Main,isPrime
VW,context=Main#prime:1,j=526
FR,context=Main,isPrime
VW,context=Main#prime:1,j=528
FR,context=Main,isPrime
VW,context=Main#prime:1,j=530
FR,context=Main,isPrime
VW,context=Main#prime:1,j=532
FR,context=Main,isPrime
VW,context=Main#prime:1,j=534
FR,context=Main,isPrime
VW,context=Main#prime:1,j=536
FR,context=Main,isPrime
VW,context=Main#prime:1,j=538
FR,context=Main,isPrime
VW,context=Main#prime:1,j=540
FR,context=Main,isPrime
VW,context=Main#prime:1,j=542
FR,context=Main,isPrime
VW,context=Main#prime:1,j=544
FR,context=Main,isPrime
VW,context=Main#prime:1,j=546
FR,context=Main,isPrime
VW,context=Main#prime:1,j=548
FR,context=Main,isPrime
VW,context=Main#prime:1,j=550
FR,context=Main,isPrime
VW,context=Main#prime:1,j=552
FR,context=Main,isPrime
VW,context=Main#prime:1,j=554
FR,context=Main,isPrime
VW,context=Main#prime:1,j=556
FR,context=Main,isPrime
VW,context=Main#prime:1,j=558
FR,context=Main,isPrime
VW,context=Main#prime:1,j=560
FR,context=Main,isPrime
VW,context=Main#prime:1,j=562
FR,context=Main,isPrime
VW,context=Main#prime:1,j=564
FR,context=Main,isPrime
VW,context=Main#prime:1,j=566
FR,context=Main,isPrime
VW,context=Main#prime:1,j=568
FR,context=Main,isPrime
VW,context=Main#prime:1,j=570
FR,context=Main,isPrime
VW,context=Main#prime:1,j=572
FR,context=Main,isPrime
VW,context=Main#prime:1,j=574
FR,context=Main,isPrime
VW,context=Main#prime:1,j=576
FR,context=Main,isPrime
VW,context=Main#prime:1,j=578
FR,context=Main,isPrime
VW,context=Main#prime:1,j=580
FR,context=Main,isPrime
VW,context=Main#prime:1,j=582
FR,context=Main,isPrime
VW,context=Main#prime:1,j=584
FR,context=Main,isPrime
VW,context=Main#prime:1,j=586
FR,context=Main,isPrime
VW,context=Main#prime:1,j=588
FR,context=Main,isPrime
VW,context=Main#prime:1,j=590
FR,context=Main,isPrime
VW,context=Main#prime:1,j=592
FR,context=Main,isPrime
VW,context=Main#prime:1,j=594
FR,context=Main,isPrime
VW,context=Main#prime:1,j=596
FR,context=Main,isPrime
VW,context=Main#prime:1,j=598
FR,context=Main,isPrime
VW,context=Main#prime:1,j=600
FR,context=Main,isPrime
VW,context=Main#prime:1,j=602
FR,context=Main,isPrime
VW,context=Main#prime:1,j=604
FR,context=Main,isPrime
VW,context=Main#prime:1,j=606
FR,context=Main,isPrime
VW,context=Main#prime:1,j=608
FR,context=Main,isPrime
VW,context=Main#prime:1,j=610
FR,context=Main,isPrime
VW,context=Main#prime:1,j=612
FR,context=Main,isPrime
VW,context=Main#prime:1,j=614
FR,context=Main,isPrime
VW,context=Main#prime:1,j=616
FR,context=Main,isPrime
VW,context=Main#prime:1,j=618
FR,context=Main,isPrime
VW,context=Main#prime:1,j=620
FR,context=Main,isPrime
VW,context=Main#prime:1,j=622
FR,context=Main,isPrime
VW,context=Main#prime:1,j=624
FR,context=Main,isPrime
VW,context=Main#prime:1,j=626
FR,context=Main,isPrime
VW,context=Main#prime:1,j=628
FR,context=Main,isPrime
VW,context=Main#prime:1,j=630
FR,context=Main,isPrime
VW,context=Main#prime:1,j=632
FR,context=Main,isPrime
VW,context=Main#prime:1,j=634
FR,context=Main,isPrime
VW,context=Main#prime:1,j=636
FR,context=Main,isPrime
VW,context=Main#prime:1,j=638
FR,context=Main,isPrime
VW,context=Main#prime:1,j=640
FR,context=Main,isPrime
VW,context=Main#prime:1,j=642
FR,context=Main,isPrime
VW,context=Main#prime:1,j=644
FR,context=Main,isPrime
VW,context=Main#prime:1,j=646
FR,context=Main,isPrime
VW,context=Main#prime:1,j=648
FR,context=Main,isPrime
VW,context=Main#prime:1,j=650
FR,context=Main,isPrime
VW,context=Main#prime:1,j=652
FR,context=Main,isPrime
VW,context=Main#prime:1,j=654
FR,context=Main,isPrime
VW,context=Main#prime:1,j=656
FR,context=Main,isPrime
VW,context=Main#prime:1,j=658
FR,context=Main,isPrime
VW,context=Main#prime:1,j=660
FR,context=Main,isPrime
VW,context=Main#prime:1,j=662
FR,context=Main,isPrime
VW,context=Main#prime:1,j=664
FR,context=Main,isPrime
VW,context=Main#prime:1,j=666
FR,context=Main,isPrime
VW,context=Main#prime:1,j=668
FR,context=Main,isPrime
VW,context=Main#prime:1,j=670
FR,context=Main,isPrime
VW,context=Main#prime:1,j=672
FR,context=Main,isPrime
VW,context=Main#prime:1,j=674
FR,context=Main,isPrime
VW,context=Main#prime:1,j=676
FR,context=Main,isPrime
VW,context=Main#prime:1,j=678
FR,context=Main,isPrime
VW,context=Main#prime:1,j=680
FR,context=Main,isPrime
VW,context=Main#prime:1,j=682
FR,context=Main,isPrime
VW,context=Main#prime:1,j=684
FR,context=Main,isPrime
VW,context=Main#prime:1,j=686
FR,context=Main,isPrime
VW,context=Main#prime:1,j=688
FR,context=Main,isPrime
VW,context=Main#prime:1,j=690
FR,context=Main,isPrime
VW,context=Main#prime:1,j=692
FR,context=Main,isPrime
VW,context=Main#prime:1,j=694
FR,context=Main,isPrime
VW,context=Main#prime:1,j=696
FR,context=Main,isPrime
VW,context=Main#prime:1,j=698
FR,context=Main,isPrime
VW,context=Main#prime:1,j=700
FR,context=Main,isPrime
VW,context=Main#prime:1,j=702
FR,context=Main,isPrime
VW,context=Main#prime:1,j=704
FR,context=Main,isPrime
VW,context=Main#prime:1,j=706
FR,context=Main,isPrime
VW,context=Main#prime:1,j=708
FR,context=Main,isPrime
VW,context=Main#prime:1,j=710
FR,context=Main,isPrime
VW,context=Main#prime:1,j=712
FR,context=Main,isPrime
VW,context=Main#prime:1,j=714
FR,context=Main,isPrime
VW,context=Main#prime:1,j=716
FR,context=Main,isPrime
VW,context=Main#prime:1,j=718
FR,context=Main,isPrime
VW,context=Main#prime:1,j=720
FR,context=Main,isPrime
VW,context=Main#prime:1,j=722
FR,context=Main,isPrime
VW,context=Main#prime:1,j=724
FR,context=Main,isPrime
VW,context=Main#prime:1,j=726
FR,context=Main,isPrime
VW,context=Main#prime:1,j=728
FR,context=Main,isPrime
VW,context=Main#prime:1,j=730
FR,context=Main,isPrime
VW,context=Main#prime:1,j=732
FR,context=Main,isPrime
VW,context=Main#prime:1,j=734
FR,context=Main,isPrime
VW,context=Main#prime:1,j=736
FR,context=Main,isPrime
VW,context=Main#prime:1,j=738
FR,context=Main,isPrime
VW,context=Main#prime:1,j=740
FR,context=Main,isPrime
VW,context=Main#prime:1,j=742
FR,context=Main,isPrime
VW,context=Main#prime:1,j=744
FR,context=Main,isPrime
VW,context=Main#prime:1,j=746
FR,context=Main,isPrime
VW,context=Main#prime:1,j=748
FR,context=Main,isPrime
VW,context=Main#prime:1,j=750
FR,context=Main,isPrime
VW,context=Main#prime:1,j=752
FR,context=Main,isPrime
VW,context=Main#prime:1,j=754
FR,context=Main,isPrime
VW,context=Main#prime:1,j=756
FR,context=Main,isPrime
VW,context=Main#prime:1,j=758
FR,context=Main,isPrime
VW,context=Main#prime:1,j=760
FR,context=Main,isPrime
VW,context=Main#prime:1,j=762
FR,context=Main,isPrime
VW,context=Main#prime:1,j=764
FR,context=Main,isPrime
VW,context=Main#prime:1,j=766
FR,context=Main,isPrime
VW,context=Main#prime:1,j=768
FR,context=Main,isPrime
VW,context=Main#prime:1,j=770
FR,context=Main,isPrime
VW,context=Main#prime:1,j=772
FR,context=Main,isPrime
VW,context=Main#prime:1,j=774
FR,context=Main,isPrime
VW,context=Main#prime:1,j=776
FR,context=Main,isPrime
VW,context=Main#prime:1,j=778
FR,context=Main,isPrime
VW,context=Main#prime:1,j=780
FR,context=Main,isPrime
VW,context=Main#prime:1,j=782
FR,context=Main,isPrime
VW,context=Main#prime:1,j=784
FR,context=Main,isPrime
VW,context=Main#prime:1,j=786
FR,context=Main,isPrime
VW,context=Main#prime:1,j=788
FR,context=Main,isPrime
VW,context=Main#prime:1,j=790
FR,context=Main,isPrime
VW,context=Main#prime:1,j=792
FR,context=Main,isPrime
VW,context=Main#prime:1,j=794
FR,context=Main,isPrime
VW,context=Main#prime:1,j=796
FR,context=Main,isPrime
VW,context=Main#prime:1,j=798
FR,context=Main,isPrime
VW,context=Main#prime:1,j=800
FR,context=Main,isPrime
VW,context=Main#prime:1,j=802
FR,context=Main,isPrime
VW,context=Main#prime:1,j=804
FR,context=Main,isPrime
VW,context=Main#prime:1,j=806
FR,context=Main,isPrime
VW,context=Main#prime:1,j=808
FR,context=Main,isPrime
VW,context=Main#prime:1,j=810
FR,context=Main,isPrime
VW,context=Main#prime:1,j=812
FR,context=Main,isPrime
VW,context=Main#prime:1,j=814
FR,context=Main,isPrime
VW,context=Main#prime:1,j=816
FR,context=Main,isPrime
VW,context=Main#prime:1,j=818
FR,context=Main,isPrime
VW,context=Main#prime:1,j=820
FR,context=Main,isPrime
VW,context=Main#prime:1,j=822
FR,context=Main,isPrime
VW,context=Main#prime:1,j=824
FR,context=Main,isPrime
VW,context=Main#prime:1,j=826
FR,context=Main,isPrime
VW,context=Main#prime:1,j=828
FR,context=Main,isPrime
VW,context=Main#prime:1,j=830
FR,context=Main,isPrime
VW,context=Main#prime:1,j=832
FR,context=Main,isPrime
VW,context=Main#prime:1,j=834
FR,context=Main,isPrime
VW,context=Main#prime:1,j=836
FR,context=Main,isPrime
VW,context=Main#prime:1,j=838
FR,context=Main,isPrime
VW,context=Main#prime:1,j=840
FR,context=Main,isPrime
VW,context=Main#prime:1,j=842
FR,context=Main,isPrime
VW,context=Main#prime:1,j=844
FR,context=Main,isPrime
VW,context=Main#prime:1,j=846
FR,context=Main,isPrime
VW,context=Main#prime:1,j=848
FR,context=Main,isPrime
VW,context=Main#prime:1,j=850
FR,context=Main,isPrime
VW,context=Main#prime:1,j=852
FR,context=Main,isPrime
VW,context=Main#prime:1,j=854
FR,context=Main,isPrime
VW,context=Main#prime:1,j=856
FR,context=Main,isPrime
VW,context=Main#prime:1,j=858
FR,context=Main,isPrime
VW,context=Main#prime:1,j=860
FR,context=Main,isPrime
VW,context=Main#prime:1,j=862
FR,context=Main,isPrime
VW,context=Main#prime:1,j=864
FR,context=Main,isPrime
VW,context=Main#prime:1,j=866
FR,context=Main,isPrime
VW,context=Main#prime:1,j=868
FR,context=Main,isPrime
VW,context=Main#prime:1,j=870
FR,context=Main,isPrime
VW,context=Main#prime:1,j=872
FR,context=Main,isPrime
VW,context=Main#prime:1,j=874
FR,context=Main,isPrime
VW,context=Main#prime:1,j=876
FR,context=Main,isPrime
VW,context=Main#prime:1,j=878
FR,context=Main,isPrime
VW,context=Main#prime:1,j=880
FR,context=Main,isPrime
VW,context=Main#prime:1,j=882
FR,context=Main,isPrime
VW,context=Main#prime:1,j=884
FR,context=Main,isPrime
VW,context=Main#prime:1,j=886
FR,context=Main,isPrime
VW,context=Main#prime:1,j=888
FR,context=Main,isPrime
VW,context=Main#prime:1,j=890
FR,context=Main,isPrime
VW,context=Main#prime:1,j=892
FR,context=Main,isPrime
VW,context=Main#prime:1,j=894
FR,context=Main,isPrime
VW,context=Main#prime:1,j=896
FR,context=Main,isPrime
VW,context=Main#prime:1,j=898
FR,context=Main,isPrime
VW,context=Main#prime:1,j=900
FR,context=Main,isPrime
VW,context=Main#prime:1,j=902
FR,context=Main,isPrime
VW,context=Main#prime:1,j=904
FR,context=Main,isPrime
VW,context=Main#prime:1,j=906
FR,context=Main,isPrime
VW,context=Main#prime:1,j=908
FR,context=Main,isPrime
VW,context=Main#prime:1,j=910
FR,context=Main,isPrime
VW,context=Main#prime:1,j=912
FR,context=Main,isPrime
VW,context=Main#prime:1,j=914
FR,context=Main,isPrime
VW,context=Main#prime:1,j=916
FR,context=Main,isPrime
VW,context=Main#prime:1,j=918
FR,context=Main,isPrime
VW,context=Main#prime:1,j=920
FR,context=Main,isPrime
VW,context=Main#prime:1,j=922
FR,context=Main,isPrime
VW,context=Main#prime:1,j=924
FR,context=Main,isPrime
VW,context=Main#prime:1,j=926
FR,context=Main,isPrime
VW,context=Main#prime:1,j=928
FR,context=Main,isPrime
VW,context=Main#prime:1,j=930
FR,context=Main,isPrime
VW,context=Main#prime:1,j=932
FR,context=Main,isPrime
VW,context=Main#prime:1,j=934
FR,context=Main,isPrime
VW,context=Main#prime:1,j=936
FR,context=Main,isPrime
VW,context=Main#prime:1,j=938
FR,context=Main,isPrime
VW,context=Main#prime:1,j=940
FR,context=Main,isPrime
VW,context=Main#prime:1,j=942
FR,context=Main,isPrime
VW,context=Main#prime:1,j=944
FR,context=Main,isPrime
VW,context=Main#prime:1,j=946
FR,context=Main,isPrime
VW,context=Main#prime:1,j=948
FR,context=Main,isPrime
VW,context=Main#prime:1,j=950
FR,context=Main,isPrime
VW,context=Main#prime:1,j=952
FR,context=Main,isPrime
VW,context=Main#prime:1,j=954
FR,context=Main,isPrime
VW,context=Main#prime:1,j=956
FR,context=Main,isPrime
VW,context=Main#prime:1,j=958
FR,context=Main,isPrime
VW,context=Main#prime:1,j=960
FR,context=Main,isPrime
VW,context=Main#prime:1,j=962
FR,context=Main,isPrime
VW,context=Main#prime:1,j=964
FR,context=Main,isPrime
VW,context=Main#prime:1,j=966
FR,context=Main,isPrime
VW,context=Main#prime:1,j=968
FR,context=Main,isPrime
VW,context=Main#prime:1,j=970
FR,context=Main,isPrime
VW,context=Main#prime:1,j=972
FR,context=Main,isPrime
VW,context=Main#prime:1,j=974
FR,context=Main,isPrime
VW,context=Main#prime:1,j=976
FR,context=Main,isPrime
VW,context=Main#prime:1,j=978
FR,context=Main,isPrime
VW,context=Main#prime:1,j=980
FR,context=Main,isPrime
VW,context=Main#prime:1,j=982
FR,context=Main,isPrime
VW,context=Main#prime:1,j=984
FR,context=Main,isPrime
VW,context=Main#prime:1,j=986
FR,context=Main,isPrime
VW,context=Main#prime:1,j=988
FR,context=Main,isPrime
VW,context=Main#prime:1,j=990
FR,context=Main,isPrime
VW,context=Main#prime:1,j=992
FR,context=Main,isPrime
VW,context=Main#prime:1,j=994
FR,context=Main,isPrime
VW,context=Main#prime:1,j=996
FR,context=Main,isPrime
VW,context=Main#prime:1,j=998
FR,context=Main,isPrime
VW,context=Main#prime:1,j=1000
FR,context=Main,isPrime
VW,context=Main#prime:1,j=1002
FR,context=Main,isPrime
VW,context=Main#prime:1,j=1004
FR,context=Main,isPrime
VW,context=Main#prime:1,j=1006
FR,context=Main,isPrime
VW,context=Main#prime:1,j=1008
FR,context=Main,isPrime
VW,context=Main#prime:1,j=1010
FR,context=Main,isPrime
VW,context=Main#prime:1,j=1012
FR,context=Main,isPrime
VW,context=Main#prime:1,j=1014
FR,context=Main,isPrime
VW,context=Main#prime:1,j=1016
FR,context=Main,isPrime
VW,context=Main#prime:1,j=1018
FR,context=Main,isPrime
VW,context=Main#prime:1,j=1020
FR,context=Main,isPrime
VW,context=Main#prime:1,j=1022
FR,context=Main,isPrime
VW,context=Main#prime:1,j=1024
FR,context=Main,isPrime
VW,context=Main#prime:1,j=1026
FR,context=Main,isPrime
VW,context=Main#prime:1,j=1028
FR,context=Main,isPrime
VW,context=Main#prime:1,j=1030
FR,context=Main,isPrime
VW,context=Main#prime:1,j=1032
FR,context=Main,isPrime
VW,context=Main#prime:1,j=1034
FR,context=Main,isPrime
VW,context=Main#prime:1,j=1036
FR,context=Main,isPrime
VW,context=Main#prime:1,j=1038
FR,context=Main,isPrime
VW,context=Main#prime:1,j=1040
FR,context=Main,isPrime
VW,context=Main#prime:1,j=1042
FR,context=Main,isPrime
VW,context=Main#prime:1,j=1044
FR,context=Main,isPrime
VW,context=Main#prime:1,j=1046
FR,context=Main,isPrime
VW,context=Main#prime:1,j=1048
FR,context=Main,isPrime
VW,context=Main#prime:1,j=1050
FR,context=Main,isPrime
VW,context=Main#prime:1,j=1052
FR,context=Main,isPrime
VW,context=Main#prime:1,j=1054
FR,context=Main,isPrime
VW,context=Main#prime:1,j=1056
FR,context=Main,isPrime
VW,context=Main#prime:1,j=1058
FR,context=Main,isPrime
VW,context=Main#prime:1,j=1060
FR,context=Main,isPrime
VW,context=Main#prime:1,j=1062
FR,context=Main,isPrime
VW,context=Main#prime:1,j=1064
FR,context=Main,isPrime
VW,context=Main#prime:1,j=1066
FR,context=Main,isPrime
VW,context=Main#prime:1,j=1068
FR,context=Main,isPrime
VW,context=Main#prime:1,j=1070
FR,context=Main,isPrime
VW,context=Main#prime:1,j=1072
FR,context=Main,isPrime
VW,context=Main#prime:1,j=1074
FR,context=Main,isPrime
VW,context=Main#prime:1,j=1076
FR,context=Main,isPrime
VW,context=Main#prime:1,j=1078
FR,context=Main,isPrime
VW,context=Main#prime:1,j=1080
FR,context=Main,isPrime
VW,context=Main#prime:1,j=1082
FR,context=Main,isPrime
VW,context=Main#prime:1,j=1084
FR,context=Main,isPrime
VW,context=Main#prime:1,j=1086
FR,context=Main,isPrime
VW,context=Main#prime:1,j=1088
FR,context=Main,isPrime
VW,context=Main#prime:1,j=1090
FR,context=Main,isPrime
VW,context=Main#prime:1,j=1092
FR,context=Main,isPrime
VW,context=Main#prime:1,j=1094
FR,context=Main,isPrime
VW,context=Main#prime:1,j=1096
FR,context=Main,isPrime
VW,context=Main#prime:1,j=1098
FR,context=Main,isPrime
VW,context=Main#prime:1,j=1100
FR,context=Main,isPrime
VW,context=Main#prime:1,j=1102
FR,context=Main,isPrime
VW,context=Main#prime:1,j=1104
FR,context=Main,isPrime
VW,context=Main#prime:1,j=1106
FR,context=Main,isPrime
VW,context=Main#prime:1,j=1108
FR,context=Main,isPrime
VW,context=Main#prime:1,j=1110
FR,context=Main,isPrime
VW,context=Main#prime:1,j=1112
FR,context=Main,isPrime
VW,context=Main#prime:1,j=1114
FR,context=Main,isPrime
VW,context=Main#prime:1,j=1116
FR,context=Main,isPrime
VW,context=Main#prime:1,j=1118
FR,context=Main,isPrime
VW,context=Main#prime:1,j=1120
FR,context=Main,isPrime
VW,context=Main#prime:1,j=1122
FR,context=Main,isPrime
VW,context=Main#prime:1,j=1124
FR,context=Main,isPrime
VW,context=Main#prime:1,j=1126
FR,context=Main,isPrime
VW,context=Main#prime:1,j=1128
FR,context=Main,isPrime
VW,context=Main#prime:1,j=1130
FR,context=Main,isPrime
VW,context=Main#prime:1,j=1132
FR,context=Main,isPrime
VW,context=Main#prime:1,j=1134
FR,context=Main,isPrime
VW,context=Main#prime:1,j=1136
FR,context=Main,isPrime
VW,context=Main#prime:1,j=1138
FR,context=Main,isPrime
VW,context=Main#prime:1,j=1140
FR,context=Main,isPrime
VW,context=Main#prime:1,j=1142
FR,context=Main,isPrime
VW,context=Main#prime:1,j=1144
FR,context=Main,isPrime
VW,context=Main#prime:1,j=1146
FR,context=Main,isPrime
VW,context=Main#prime:1,j=1148
FR,context=Main,isPrime
VW,context=Main#prime:1,j=1150
FR,context=Main,isPrime
VW,context=Main#prime:1,j=1152
FR,context=Main,isPrime
VW,context=Main#prime:1,j=1154
FR,context=Main,isPrime
VW,context=Main#prime:1,j=1156
FR,context=Main,isPrime
VW,context=Main#prime:1,j=1158
FR,context=Main,isPrime
VW,context=Main#prime:1,j=1160
FR,context=Main,isPrime
VW,context=Main#prime:1,j=1162
FR,context=Main,isPrime
VW,context=Main#prime:1,j=1164
FR,context=Main,isPrime
VW,context=Main#prime:1,j=1166
FR,context=Main,isPrime
VW,context=Main#prime:1,j=1168
FR,context=Main,isPrime
VW,context=Main#prime:1,j=1170
FR,context=Main,isPrime
VW,context=Main#prime:1,j=1172
FR,context=Main,isPrime
VW,context=Main#prime:1,j=1174
FR,context=Main,isPrime
VW,context=Main#prime:1,j=1176
FR,context=Main,isPrime
VW,context=Main#prime:1,j=1178
FR,context=Main,isPrime
VW,context=Main#prime:1,j=1180
FR,context=Main,isPrime
VW,context=Main#prime:1,j=1182
FR,context=Main,isPrime
VW,context=Main#prime:1,j=1184
FR,context=Main,isPrime
VW,context=Main#prime:1,j=1186
FR,context=Main,isPrime
VW,context=Main#prime:1,j=1188
FR,context=Main,isPrime
VW,context=Main#prime:1,j=1190
FR,context=Main,isPrime
VW,context=Main#prime:1,j=1192
FR,context=Main,isPrime
VW,context=Main#prime:1,j=1194
FR,context=Main,isPrime
VW,context=Main#prime:1,j=1196
FR,context=Main,isPrime
VW,context=Main#prime:1,j=1198
FR,context=Main,isPrime
VW,context=Main#prime:1,j=1200
FR,context=Main,isPrime
VW,context=Main#prime:1,j=1202
FR,context=Main,isPrime
VW,context=Main#prime:1,j=1204
FR,context=Main,isPrime
VW,context=Main#prime:1,j=1206
FR,context=Main,isPrime
VW,context=Main#prime:1,j=1208
FR,context=Main,isPrime
VW,context=Main#prime:1,j=1210
FR,context=Main,isPrime
VW,context=Main#prime:1,j=1212
FR,context=Main,isPrime
VW,context=Main#prime:1,j=1214
FR,context=Main,isPrime
VW,context=Main#prime:1,j=1216
FR,context=Main,isPrime
VW,context=Main#prime:1,j=1218
FR,context=Main,isPrime
VW,context=Main#prime:1,j=1220
FR,context=Main,isPrime
VW,context=Main#prime:1,j=1222
FR,context=Main,isPrime
VW,context=Main#prime:1,j=1224
FR,context=Main,isPrime
VW,context=Main#prime:1,j=1226
FR,context=Main,isPrime
VW,context=Main#prime:1,j=1228
FR,context=Main,isPrime
VW,context=Main#prime:1,j=1230
FR,context=Main,isPrime
VW,context=Main#prime:1,j=1232
FR,context=Main,isPrime
VW,context=Main#prime:1,j=1234
FR,context=Main,isPrime
VW,context=Main#prime:1,j=1236
FR,context=Main,isPrime
VW,context=Main#prime:1,j=1238
FR,context=Main,isPrime
VW,context=Main#prime:1,j=1240
FR,context=Main,isPrime
VW,context=Main#prime:1,j=1242
FR,context=Main,isPrime
VW,context=Main#prime:1,j=1244
FR,context=Main,isPrime
VW,context=Main#prime:1,j=1246
FR,context=Main,isPrime
VW,context=Main#prime:1,j=1248
FR,context=Main,isPrime
VW,context=Main#prime:1,j=1250
FR,context=Main,isPrime
VW,context=Main#prime:1,j=1252
FR,context=Main,isPrime
VW,context=Main#prime:1,j=1254
FR,context=Main,isPrime
VW,context=Main#prime:1,j=1256
FR,context=Main,isPrime
VW,context=Main#prime:1,j=1258
FR,context=Main,isPrime
VW,context=Main#prime:1,j=1260
FR,context=Main,isPrime
VW,context=Main#prime:1,j=1262
FR,context=Main,isPrime
VW,context=Main#prime:1,j=1264
FR,context=Main,isPrime
VW,context=Main#prime:1,j=1266
FR,context=Main,isPrime
VW,context=Main#prime:1,j=1268
FR,context=Main,isPrime
VW,context=Main#prime:1,j=1270
FR,context=Main,isPrime
VW,context=Main#prime:1,j=1272
FR,context=Main,isPrime
VW,context=Main#prime:1,j=1274
FR,context=Main,isPrime
VW,context=Main#prime:1,j=1276
FR,context=Main,isPrime
VW,context=Main#prime:1,j=1278
FR,context=Main,isPrime
VW,context=Main#prime:1,j=1280
FR,context=Main,isPrime
VW,context=Main#prime:1,j=1282
FR,context=Main,isPrime
VW,context=Main#prime:1,j=1284
FR,context=Main,isPrime
VW,context=Main#prime:1,j=1286
FR,context=Main,isPrime
VW,context=Main#prime:1,j=1288
FR,context=Main,isPrime
VW,context=Main#prime:1,j=1290
FR,context=Main,isPrime
VW,context=Main#prime:1,j=1292
FR,context=Main,isPrime
VW,context=Main#prime:1,j=1294
FR,context=Main,isPrime
VW,context=Main#prime:1,j=1296
FR,context=Main,isPrime
VW,context=Main#prime:1,j=1298
FR,context=Main,isPrime
VW,context=Main#prime:1,j=1300
FR,context=Main,isPrime
VW,context=Main#prime:1,j=1302
FR,context=Main,isPrime
VW,context=Main#prime:1,j=1304
FR,context=Main,isPrime
VW,context=Main#prime:1,j=1306
FR,context=Main,isPrime
VW,context=Main#prime:1,j=1308
FR,context=Main,isPrime
VW,context=Main#prime:1,j=1310
FR,context=Main,isPrime
VW,context=Main#prime:1,j=1312
FR,context=Main,isPrime
VW,context=Main#prime:1,j=1314
FR,context=Main,isPrime
VW,context=Main#prime:1,j=1316
FR,context=Main,isPrime
VW,context=Main#prime:1,j=1318
FR,context=Main,isPrime
VW,context=Main#prime:1,j=1320
FR,context=Main,isPrime
VW,context=Main#prime:1,j=1322
FR,context=Main,isPrime
VW,context=Main#prime:1,j=1324
FR,context=Main,isPrime
VW,context=Main#prime:1,j=1326
FR,context=Main,isPrime
VW,context=Main#prime:1,j=1328
FR,context=Main,isPrime
VW,context=Main#prime:1,j=1330
FR,context=Main,isPrime
VW,context=Main#prime:1,j=1332
FR,context=Main,isPrime
VW,context=Main#prime:1,j=1334
FR,context=Main,isPrime
VW,context=Main#prime:1,j=1336
FR,context=Main,isPrime
VW,context=Main#prime:1,j=1338
FR,context=Main,isPrime
VW,context=Main#prime:1,j=1340
FR,context=Main,isPrime
VW,context=Main#prime:1,j=1342
FR,context=Main,isPrime
VW,context=Main#prime:1,j=1344
FR,context=Main,isPrime
VW,context=Main#prime:1,j=1346
FR,context=Main,isPrime
VW,context=Main#prime:1,j=1348
FR,context=Main,isPrime
VW,context=Main#prime:1,j=1350
FR,context=Main,isPrime
VW,context=Main#prime:1,j=1352
FR,context=Main,isPrime
VW,context=Main#prime:1,j=1354
FR,context=Main,isPrime
VW,context=Main#prime:1,j=1356
FR,context=Main,isPrime
VW,context=Main#prime:1,j=1358
FR,context=Main,isPrime
VW,context=Main#prime:1,j=1360
FR,context=Main,isPrime
VW,context=Main#prime:1,j=1362
FR,context=Main,isPrime
VW,context=Main#prime:1,j=1364
FR,context=Main,isPrime
VW,context=Main#prime:1,j=1366
FR,context=Main,isPrime
VW,context=Main#prime:1,j=1368
FR,context=Main,isPrime
VW,context=Main#prime:1,j=1370
FR,context=Main,isPrime
VW,context=Main#prime:1,j=1372
FR,context=Main,isPrime
VW,context=Main#prime:1,j=1374
FR,context=Main,isPrime
VW,context=Main#prime:1,j=1376
FR,context=Main,isPrime
VW,context=Main#prime:1,j=1378
FR,context=Main,isPrime
VW,context=Main#prime:1,j=1380
FR,context=Main,isPrime
VW,context=Main#prime:1,j=1382
FR,context=Main,isPrime
VW,context=Main#prime:1,j=1384
FR,context=Main,isPrime
VW,context=Main#prime:1,j=1386
FR,context=Main,isPrime
VW,context=Main#prime:1,j=1388
FR,context=Main,isPrime
VW,context=Main#prime:1,j=1390
FR,context=Main,isPrime
VW,context=Main#prime:1,j=1392
FR,context=Main,isPrime
VW,context=Main#prime:1,j=1394
FR,context=Main,isPrime
VW,context=Main#prime:1,j=1396
FR,context=Main,isPrime
VW,context=Main#prime:1,j=1398
FR,context=Main,isPrime
VW,context=Main#prime:1,j=1400
FR,context=Main,isPrime
VW,context=Main#prime:1,j=1402
FR,context=Main,isPrime
VW,context=Main#prime:1,j=1404
FR,context=Main,isPrime
VW,context=Main#prime:1,j=1406
FR,context=Main,isPrime
VW,context=Main#prime:1,j=1408
FR,context=Main,isPrime
VW,context=Main#prime:1,j=1410
FR,context=Main,isPrime
VW,context=Main#prime:1,j=1412
FR,context=Main,isPrime
VW,context=Main#prime:1,j=1414
FR,context=Main,isPrime
VW,context=Main#prime:1,j=1416
FR,context=Main,isPrime
VW,context=Main#prime:1,j=1418
FR,context=Main,isPrime
VW,context=Main#prime:1,j=1420
FR,context=Main,isPrime
VW,context=Main#prime:1,j=1422
FR,context=Main,isPrime
VW,context=Main#prime:1,j=1424
FR,context=Main,isPrime
VW,context=Main#prime:1,j=1426
FR,context=Main,isPrime
VW,context=Main#prime:1,j=1428
FR,context=Main,isPrime
VW,context=Main#prime:1,j=1430
FR,context=Main,isPrime
VW,context=Main#prime:1,j=1432
FR,context=Main,isPrime
VW,context=Main#prime:1,j=1434
FR,context=Main,isPrime
VW,context=Main#prime:1,j=1436
FR,context=Main,isPrime
VW,context=Main#prime:1,j=1438
FR,context=Main,isPrime
VW,context=Main#prime:1,j=1440
FR,context=Main,isPrime
VW,context=Main#prime:1,j=1442
FR,context=Main,isPrime
VW,context=Main#prime:1,j=1444
FR,context=Main,isPrime
VW,context=Main#prime:1,j=1446
FR,context=Main,isPrime
VW,context=Main#prime:1,j=1448
FR,context=Main,isPrime
VW,context=Main#prime:1,j=1450
FR,context=Main,isPrime
VW,context=Main#prime:1,j=1452
FR,context=Main,isPrime
VW,context=Main#prime:1,j=1454
FR,context=Main,isPrime
VW,context=Main#prime:1,j=1456
FR,context=Main,isPrime
VW,context=Main#prime:1,j=1458
FR,context=Main,isPrime
VW,context=Main#prime:1,j=1460
FR,context=Main,isPrime
VW,context=Main#prime:1,j=1462
FR,context=Main,isPrime
VW,context=Main#prime:1,j=1464
FR,context=Main,isPrime
VW,context=Main#prime:1,j=1466
FR,context=Main,isPrime
VW,context=Main#prime:1,j=1468
FR,context=Main,isPrime
VW,context=Main#prime:1,j=1470
FR,context=Main,isPrime
VW,context=Main#prime:1,j=1472
FR,context=Main,isPrime
VW,context=Main#prime:1,j=1474
FR,context=Main,isPrime
VW,context=Main#prime:1,j=1476
FR,context=Main,isPrime
VW,context=Main#prime:1,j=1478
FR,context=Main,isPrime
VW,context=Main#prime:1,j=1480
FR,context=Main,isPrime
VW,context=Main#prime:1,j=1482
FR,context=Main,isPrime
VW,context=Main#prime:1,j=1484
FR,context=Main,isPrime
VW,context=Main#prime:1,j=1486
FR,context=Main,isPrime
VW,context=Main#prime:1,j=1488
FR,context=Main,isPrime
VW,context=Main#prime:1,j=1490
FR,context=Main,isPrime
VW,context=Main#prime:1,j=1492
FR,context=Main,isPrime
VW,context=Main#prime:1,j=1494
FR,context=Main,isPrime
VW,context=Main#prime:1,j=1496
FR,context=Main,isPrime
VW,context=Main#prime:1,j=1498
FR,context=Main,isPrime
VW,context=Main#prime:1,j=1500
FR,context=Main,isPrime
VW,context=Main#prime:1,j=1502
FR,context=Main,isPrime
VW,context=Main#prime:1,j=1504
FR,context=Main,isPrime
VW,context=Main#prime:1,j=1506
FR,context=Main,isPrime
VW,context=Main#prime:1,j=1508
FR,context=Main,isPrime
VW,context=Main#prime:1,j=1510
FR,context=Main,isPrime
VW,context=Main#prime:1,j=1512
FR,context=Main,isPrime
VW,context=Main#prime:1,j=1514
FR,context=Main,isPrime
VW,context=Main#prime:1,j=1516
FR,context=Main,isPrime
VW,context=Main#prime:1,j=1518
FR,context=Main,isPrime
VW,context=Main#prime:1,j=1520
FR,context=Main,isPrime
VW,context=Main#prime:1,j=1522
FR,context=Main,isPrime
VW,context=Main#prime:1,j=1524
FR,context=Main,isPrime
VW,context=Main#prime:1,j=1526
FR,context=Main,isPrime
VW,context=Main#prime:1,j=1528
FR,context=Main,isPrime
VW,context=Main#prime:1,j=1530
FR,context=Main,isPrime
VW,context=Main#prime:1,j=1532
FR,context=Main,isPrime
VW,context=Main#prime:1,j=1534
FR,context=Main,isPrime
VW,context=Main#prime:1,j=1536
FR,context=Main,isPrime
VW,context=Main#prime:1,j=1538
FR,context=Main,isPrime
VW,context=Main#prime:1,j=1540
FR,context=Main,isPrime
VW,context=Main#prime:1,j=1542
FR,context=Main,isPrime
VW,context=Main#prime:1,j=1544
FR,context=Main,isPrime
VW,context=Main#prime:1,j=1546
FR,context=Main,isPrime
VW,context=Main#prime:1,j=1548
FR,context=Main,isPrime
VW,context=Main#prime:1,j=1550
FR,context=Main,isPrime
VW,context=Main#prime:1,j=1552
FR,context=Main,isPrime
VW,context=Main#prime:1,j=1554
FR,context=Main,isPrime
VW,context=Main#prime:1,j=1556
FR,context=Main,isPrime
VW,context=Main#prime:1,j=1558
FR,context=Main,isPrime
VW,context=Main#prime:1,j=1560
FR,context=Main,isPrime
VW,context=Main#prime:1,j=1562
FR,context=Main,isPrime
VW,context=Main#prime:1,j=1564
FR,context=Main,isPrime
VW,context=Main#prime:1,j=1566
FR,context=Main,isPrime
VW,context=Main#prime:1,j=1568
FR,context=Main,isPrime
VW,context=Main#prime:1,j=1570
FR,context=Main,isPrime
VW,context=Main#prime:1,j=1572
FR,context=Main,isPrime
VW,context=Main#prime:1,j=1574
FR,context=Main,isPrime
VW,context=Main#prime:1,j=1576
FR,context=Main,isPrime
VW,context=Main#prime:1,j=1578
FR,context=Main,isPrime
VW,context=Main#prime:1,j=1580
FR,context=Main,isPrime
VW,context=Main#prime:1,j=1582
FR,context=Main,isPrime
VW,context=Main#prime:1,j=1584
FR,context=Main,isPrime
VW,context=Main#prime:1,j=1586
FR,context=Main,isPrime
VW,context=Main#prime:1,j=1588
FR,context=Main,isPrime
VW,context=Main#prime:1,j=1590
FR,context=Main,isPrime
VW,context=Main#prime:1,j=1592
FR,context=Main,isPrime
VW,context=Main#prime:1,j=1594
FR,context=Main,isPrime
VW,context=Main#prime:1,j=1596
FR,context=Main,isPrime
VW,context=Main#prime:1,j=1598
FR,context=Main,isPrime
VW,context=Main#prime:1,j=1600
FR,context=Main,isPrime
VW,context=Main#prime:1,j=1602
FR,context=Main,isPrime
VW,context=Main#prime:1,j=1604
FR,context=Main,isPrime
VW,context=Main#prime:1,j=1606
FR,context=Main,isPrime
VW,context=Main#prime:1,j=1608
FR,context=Main,isPrime
VW,context=Main#prime:1,j=1610
FR,context=Main,isPrime
VW,context=Main#prime:1,j=1612
FR,context=Main,isPrime
VW,context=Main#prime:1,j=1614
FR,context=Main,isPrime
VW,context=Main#prime:1,j=1616
FR,context=Main,isPrime
VW,context=Main#prime:1,j=1618
FR,context=Main,isPrime
VW,context=Main#prime:1,j=1620
FR,context=Main,isPrime
VW,context=Main#prime:1,j=1622
FR,context=Main,isPrime
VW,context=Main#prime:1,j=1624
FR,context=Main,isPrime
VW,context=Main#prime:1,j=1626
FR,context=Main,isPrime
VW,context=Main#prime:1,j=1628
FR,context=Main,isPrime
VW,context=Main#prime:1,j=1630
FR,context=Main,isPrime
VW,context=Main#prime:1,j=1632
FR,context=Main,isPrime
VW,context=Main#prime:1,j=1634
FR,context=Main,isPrime
VW,context=Main#prime:1,j=1636
FR,context=Main,isPrime
VW,context=Main#prime:1,j=1638
FR,context=Main,isPrime
VW,context=Main#prime:1,j=1640
FR,context=Main,isPrime
VW,context=Main#prime:1,j=1642
FR,context=Main,isPrime
VW,context=Main#prime:1,j=1644
FR,context=Main,isPrime
VW,context=Main#prime:1,j=1646
FR,context=Main,isPrime
VW,context=Main#prime:1,j=1648
FR,context=Main,isPrime
VW,context=Main#prime:1,j=1650
FR,context=Main,isPrime
VW,context=Main#prime:1,j=1652
FR,context=Main,isPrime
VW,context=Main#prime:1,j=1654
FR,context=Main,isPrime
VW,context=Main#prime:1,j=1656
FR,context=Main,isPrime
VW,context=Main#prime:1,j=1658
FR,context=Main,isPrime
VW,context=Main#prime:1,j=1660
FR,context=Main,isPrime
VW,context=Main#prime:1,j=1662
FR,context=Main,isPrime
VW,context=Main#prime:1,j=1664
FR,context=Main,isPrime
VW,context=Main#prime:1,j=1666
FR,context=Main,isPrime
VW,context=Main#prime:1,j=1668
FR,context=Main,isPrime
VW,context=Main#prime:1,j=1670
FR,context=Main,isPrime
VW,context=Main#prime:1,j=1672
FR,context=Main,isPrime
VW,context=Main#prime:1,j=1674
FR,context=Main,isPrime
VW,context=Main#prime:1,j=1676
FR,context=Main,isPrime
VW,context=Main#prime:1,j=1678
FR,context=Main,isPrime
VW,context=Main#prime:1,j=1680
FR,context=Main,isPrime
VW,context=Main#prime:1,j=1682
FR,context=Main,isPrime
VW,context=Main#prime:1,j=1684
FR,context=Main,isPrime
VW,context=Main#prime:1,j=1686
FR,context=Main,isPrime
VW,context=Main#prime:1,j=1688
FR,context=Main,isPrime
VW,context=Main#prime:1,j=1690
FR,context=Main,isPrime
VW,context=Main#prime:1,j=1692
FR,context=Main,isPrime
VW,context=Main#prime:1,j=1694
FR,context=Main,isPrime
VW,context=Main#prime:1,j=1696
FR,context=Main,isPrime
VW,context=Main#prime:1,j=1698
FR,context=Main,isPrime
VW,context=Main#prime:1,j=1700
FR,context=Main,isPrime
VW,context=Main#prime:1,j=1702
FR,context=Main,isPrime
VW,context=Main#prime:1,j=1704
FR,context=Main,isPrime
VW,context=Main#prime:1,j=1706
FR,context=Main,isPrime
VW,context=Main#prime:1,j=1708
FR,context=Main,isPrime
VW,context=Main#prime:1,j=1710
FR,context=Main,isPrime
VW,context=Main#prime:1,j=1712
FR,context=Main,isPrime
VW,context=Main#prime:1,j=1714
FR,context=Main,isPrime
VW,context=Main#prime:1,j=1716
FR,context=Main,isPrime
VW,context=Main#prime:1,j=1718
FR,context=Main,isPrime
VW,context=Main#prime:1,j=1720
FR,context=Main,isPrime
VW,context=Main#prime:1,j=1722
FR,context=Main,isPrime
VW,context=Main#prime:1,j=1724
FR,context=Main,isPrime
VW,context=Main#prime:1,j=1726
FR,context=Main,isPrime
VW,context=Main#prime:1,j=1728
FR,context=Main,isPrime
VW,context=Main#prime:1,j=1730
FR,context=Main,isPrime
VW,context=Main#prime:1,j=1732
FR,context=Main,isPrime
VW,context=Main#prime:1,j=1734
FR,context=Main,isPrime
VW,context=Main#prime:1,j=1736
FR,context=Main,isPrime
VW,context=Main#prime:1,j=1738
FR,context=Main,isPrime
VW,context=Main#prime:1,j=1740
FR,context=Main,isPrime
VW,context=Main#prime:1,j=1742
FR,context=Main,isPrime
VW,context=Main#prime:1,j=1744
FR,context=Main,isPrime
VW,context=Main#prime:1,j=1746
FR,context=Main,isPrime
VW,context=Main#prime:1,j=1748
FR,context=Main,isPrime
VW,context=Main#prime:1,j=1750
FR,context=Main,isPrime
VW,context=Main#prime:1,j=1752
FR,context=Main,isPrime
VW,context=Main#prime:1,j=1754
FR,context=Main,isPrime
VW,context=Main#prime:1,j=1756
FR,context=Main,isPrime
VW,context=Main#prime:1,j=1758
FR,context=Main,isPrime
VW,context=Main#prime:1,j=1760
FR,context=Main,isPrime
VW,context=Main#prime:1,j=1762
FR,context=Main,isPrime
VW,context=Main#prime:1,j=1764
FR,context=Main,isPrime
VW,context=Main#prime:1,j=1766
FR,context=Main,isPrime
VW,context=Main#prime:1,j=1768
FR,context=Main,isPrime
VW,context=Main#prime:1,j=1770
FR,context=Main,isPrime
VW,context=Main#prime:1,j=1772
FR,context=Main,isPrime
VW,context=Main#prime:1,j=1774
FR,context=Main,isPrime
VW,context=Main#prime:1,j=1776
FR,context=Main,isPrime
VW,context=Main#prime:1,j=1778
FR,context=Main,isPrime
VW,context=Main#prime:1,j=1780
FR,context=Main,isPrime
VW,context=Main#prime:1,j=1782
FR,context=Main,isPrime
VW,context=Main#prime:1,j=1784
FR,context=Main,isPrime
VW,context=Main#prime:1,j=1786
FR,context=Main,isPrime
VW,context=Main#prime:1,j=1788
FR,context=Main,isPrime
VW,context=Main#prime:1,j=1790
FR,context=Main,isPrime
VW,context=Main#prime:1,j=1792
FR,context=Main,isPrime
VW,context=Main#prime:1,j=1794
FR,context=Main,isPrime
VW,context=Main#prime:1,j=1796
FR,context=Main,isPrime
VW,context=Main#prime:1,j=1798
FR,context=Main,isPrime
VW,context=Main#prime:1,j=1800
FR,context=Main,isPrime
VW,context=Main#prime:1,j=1802
FR,context=Main,isPrime
VW,context=Main#prime:1,j=1804
FR,context=Main,isPrime
VW,context=Main#prime:1,j=1806
FR,context=Main,isPrime
VW,context=Main#prime:1,j=1808
FR,context=Main,isPrime
VW,context=Main#prime:1,j=1810
FR,context=Main,isPrime
VW,context=Main#prime:1,j=1812
FR,context=Main,isPrime
VW,context=Main#prime:1,j=1814
FR,context=Main,isPrime
VW,context=Main#prime:1,j=1816
FR,context=Main,isPrime
VW,context=Main#prime:1,j=1818
FR,context=Main,isPrime
VW,context=Main#prime:1,j=1820
FR,context=Main,isPrime
VW,context=Main#prime:1,j=1822
FR,context=Main,isPrime
VW,context=Main#prime:1,j=1824
FR,context=Main,isPrime
VW,context=Main#prime:1,j=1826
FR,context=Main,isPrime
VW,context=Main#prime:1,j=1828
FR,context=Main,isPrime
VW,context=Main#prime:1,j=1830
FR,context=Main,isPrime
VW,context=Main#prime:1,j=1832
FR,context=Main,isPrime
VW,context=Main#prime:1,j=1834
FR,context=Main,isPrime
VW,context=Main#prime:1,j=1836
FR,context=Main,isPrime
VW,context=Main#prime:1,j=1838
FR,context=Main,isPrime
VW,context=Main#prime:1,j=1840
FR,context=Main,isPrime
VW,context=Main#prime:1,j=1842
FR,context=Main,isPrime
VW,context=Main#prime:1,j=1844
FR,context=Main,isPrime
VW,context=Main#prime:1,j=1846
FR,context=Main,isPrime
VW,context=Main#prime:1,j=1848
FR,context=Main,isPrime
VW,context=Main#prime:1,j=1850
FR,context=Main,isPrime
VW,context=Main#prime:1,j=1852
FR,context=Main,isPrime
VW,context=Main#prime:1,j=1854
FR,context=Main,isPrime
VW,context=Main#prime:1,j=1856
FR,context=Main,isPrime
VW,context=Main#prime:1,j=1858
FR,context=Main,isPrime
VW,context=Main#prime:1,j=1860
FR,context=Main,isPrime
VW,context=Main#prime:1,j=1862
FR,context=Main,isPrime
VW,context=Main#prime:1,j=1864
FR,context=Main,isPrime
VW,context=Main#prime:1,j=1866
FR,context=Main,isPrime
VW,context=Main#prime:1,j=1868
FR,context=Main,isPrime
VW,context=Main#prime:1,j=1870
FR,context=Main,isPrime
VW,context=Main#prime:1,j=1872
FR,context=Main,isPrime
VW,context=Main#prime:1,j=1874
FR,context=Main,isPrime
VW,context=Main#prime:1,j=1876
FR,context=Main,isPrime
VW,context=Main#prime:1,j=1878
FR,context=Main,isPrime
VW,context=Main#prime:1,j=1880
FR,context=Main,isPrime
VW,context=Main#prime:1,j=1882
FR,context=Main,isPrime
VW,context=Main#prime:1,j=1884
FR,context=Main,isPrime
VW,context=Main#prime:1,j=1886
FR,context=Main,isPrime
VW,context=Main#prime:1,j=1888
FR,context=Main,isPrime
VW,context=Main#prime:1,j=1890
FR,context=Main,isPrime
VW,context=Main#prime:1,j=1892
FR,context=Main,isPrime
VW,context=Main#prime:1,j=1894
FR,context=Main,isPrime
VW,context=Main#prime:1,j=1896
FR,context=Main,isPrime
VW,context=Main#prime:1,j=1898
FR,context=Main,isPrime
VW,context=Main#prime:1,j=1900
FR,context=Main,isPrime
VW,context=Main#prime:1,j=1902
FR,context=Main,isPrime
VW,context=Main#prime:1,j=1904
FR,context=Main,isPrime
VW,context=Main#prime:1,j=1906
FR,context=Main,isPrime
VW,context=Main#prime:1,j=1908
FR,context=Main,isPrime
VW,context=Main#prime:1,j=1910
FR,context=Main,isPrime
VW,context=Main#prime:1,j=1912
FR,context=Main,isPrime
VW,context=Main#prime:1,j=1914
FR,context=Main,isPrime
VW,context=Main#prime:1,j=1916
FR,context=Main,isPrime
VW,context=Main#prime:1,j=1918
FR,context=Main,isPrime
VW,context=Main#prime:1,j=1920
FR,context=Main,isPrime
VW,context=Main#prime:1,j=1922
FR,context=Main,isPrime
VW,context=Main#prime:1,j=1924
FR,context=Main,isPrime
VW,context=Main#prime:1,j=1926
FR,context=Main,isPrime
VW,context=Main#prime:1,j=1928
FR,context=Main,isPrime
VW,context=Main#prime:1,j=1930
FR,context=Main,isPrime
VW,context=Main#prime:1,j=1932
FR,context=Main,isPrime
VW,context=Main#prime:1,j=1934
FR,context=Main,isPrime
VW,context=Main#prime:1,j=1936
FR,context=Main,isPrime
VW,context=Main#prime:1,j=1938
FR,context=Main,isPrime
VW,context=Main#prime:1,j=1940
FR,context=Main,isPrime
VW,context=Main#prime:1,j=1942
FR,context=Main,isPrime
VW,context=Main#prime:1,j=1944
FR,context=Main,isPrime
VW,context=Main#prime:1,j=1946
FR,context=Main,isPrime
VW,context=Main#prime:1,j=1948
FR,context=Main,isPrime
VW,context=Main#prime:1,j=1950
FR,context=Main,isPrime
VW,context=Main#prime:1,j=1952
FR,context=Main,isPrime
VW,context=Main#prime:1,j=1954
FR,context=Main,isPrime
VW,context=Main#prime:1,j=1956
FR,context=Main,isPrime
VW,context=Main#prime:1,j=1958
FR,context=Main,isPrime
VW,context=Main#prime:1,j=1960
FR,context=Main,isPrime
VW,context=Main#prime:1,j=1962
FR,context=Main,isPrime
VW,context=Main#prime:1,j=1964
FR,context=Main,isPrime
VW,context=Main#prime:1,j=1966
FR,context=Main,isPrime
VW,context=Main#prime:1,j=1968
FR,context=Main,isPrime
VW,context=Main#prime:1,j=1970
FR,context=Main,isPrime
VW,context=Main#prime:1,j=1972
FR,context=Main,isPrime
VW,context=Main#prime:1,j=1974
FR,context=Main,isPrime
VW,context=Main#prime:1,j=1976
FR,context=Main,isPrime
VW,context=Main#prime:1,j=1978
FR,context=Main,isPrime
VW,context=Main#prime:1,j=1980
FR,context=Main,isPrime
VW,context=Main#prime:1,j=1982
FR,context=Main,isPrime
VW,context=Main#prime:1,j=1984
FR,context=Main,isPrime
VW,context=Main#prime:1,j=1986
FR,context=Main,isPrime
VW,context=Main#prime:1,j=1988
FR,context=Main,isPrime
VW,context=Main#prime:1,j=1990
FR,context=Main,isPrime
VW,context=Main#prime:1,j=1992
FR,context=Main,isPrime
VW,context=Main#prime:1,j=1994
FR,context=Main,isPrime
VW,context=Main#prime:1,j=1996
FR,context=Main,isPrime
VW,context=Main#prime:1,j=1998
FR,context=Main,isPrime
VW,context=Main#prime:1,j=2000
FR,context=Main,isPrime
VW,context=Main#prime:1,j=2002
FR,context=Main,isPrime
VW,context=Main#prime:1,j=2004
FR,context=Main,isPrime
VW,context=Main#prime:1,j=2006
FR,context=Main,isPrime
VW,context=Main#prime:1,j=2008
FR,context=Main,isPrime
VW,context=Main#prime:1,j=2010
FR,context=Main,isPrime
VW,context=Main#prime:1,j=2012
FR,context=Main,isPrime
VW,context=Main#prime:1,j=2014
FR,context=Main,isPrime
VW,context=Main#prime:1,j=2016
FR,context=Main,isPrime
VW,context=Main#prime:1,j=2018
FR,context=Main,isPrime
VW,context=Main#prime:1,j=2020
FR,context=Main,isPrime
VW,context=Main#prime:1,j=2022
FR,context=Main,isPrime
VW,context=Main#prime:1,j=2024
FR,context=Main,isPrime
VW,context=Main#prime:1,j=2026
FR,context=Main,isPrime
VW,context=Main#prime:1,j=2028
FR,context=Main,isPrime
VW,context=Main#prime:1,j=2030
FR,context=Main,isPrime
VW,context=Main#prime:1,j=2032
FR,context=Main,isPrime
VW,context=Main#prime:1,j=2034
FR,context=Main,isPrime
VW,context=Main#prime:1,j=2036
FR,context=Main,isPrime
VW,context=Main#prime:1,j=2038
FR,context=Main,isPrime
VW,context=Main#prime:1,j=2040
FR,context=Main,isPrime
VW,context=Main#prime:1,j=2042
FR,context=Main,isPrime
VW,context=Main#prime:1,j=2044
FR,context=Main,isPrime
VW,context=Main#prime:1,j=2046
FR,context=Main,isPrime
VW,context=Main#prime:1,j=2048
FR,context=Main,isPrime
VW,context=Main#prime:1,j=2050
FR,context=Main,isPrime
VW,context=Main#prime:1,j=2052
FR,context=Main,isPrime
VW,context=Main#prime:1,j=2054
FR,context=Main,isPrime
VW,context=Main#prime:1,j=2056
FR,context=Main,isPrime
VW,context=Main#prime:1,j=2058
FR,context=Main,isPrime
VW,context=Main#prime:1,j=2060
FR,context=Main,isPrime
VW,context=Main#prime:1,j=2062
FR,context=Main,isPrime
VW,context=Main#prime:1,j=2064
FR,context=Main,isPrime
VW,context=Main#prime:1,j=2066
FR,context=Main,isPrime
VW,context=Main#prime:1,j=2068
FR,context=Main,isPrime
VW,context=Main#prime:1,j=2070
FR,context=Main,isPrime
VW,context=Main#prime:1,j=2072
FR,context=Main,isPrime
VW,context=Main#prime:1,j=2074
FR,context=Main,isPrime
VW,context=Main#prime:1,j=2076
FR,context=Main,isPrime
VW,context=Main#prime:1,j=2078
FR,context=Main,isPrime
VW,context=Main#prime:1,j=2080
FR,context=Main,isPrime
VW,context=Main#prime:1,j=2082
FR,context=Main,isPrime
VW,context=Main#prime:1,j=2084
FR,context=Main,isPrime
VW,context=Main#prime:1,j=2086
FR,context=Main,isPrime
VW,context=Main#prime:1,j=2088
FR,context=Main,isPrime
VW,context=Main#prime:1,j=2090
FR,context=Main,isPrime
VW,context=Main#prime:1,j=2092
FR,context=Main,isPrime
VW,context=Main#prime:1,j=2094
FR,context=Main,isPrime
VW,context=Main#prime:1,j=2096
FR,context=Main,isPrime
VW,context=Main#prime:1,j=2098
FR,context=Main,isPrime
VW,context=Main#prime:1,j=2100
FR,context=Main,isPrime
VW,context=Main#prime:1,j=2102
FR,context=Main,isPrime
VW,context=Main#prime:1,j=2104
FR,context=Main,isPrime
VW,context=Main#prime:1,j=2106
FR,context=Main,isPrime
VW,context=Main#prime:1,j=2108
FR,context=Main,isPrime
VW,context=Main#prime:1,j=2110
FR,context=Main,isPrime
VW,context=Main#prime:1,j=2112
FR,context=Main,isPrime
VW,context=Main#prime:1,j=2114
FR,context=Main,isPrime
VW,context=Main#prime:1,j=2116
FR,context=Main,isPrime
VW,context=Main#prime:1,j=2118
FR,context=Main,isPrime
VW,context=Main#prime:1,j=2120
FR,context=Main,isPrime
VW,context=Main#prime:1,j=2122
FR,context=Main,isPrime
VW,context=Main#prime:1,j=2124
FR,context=Main,isPrime
VW,context=Main#prime:1,j=2126
FR,context=Main,isPrime
VW,context=Main#prime:1,j=2128
FR,context=Main,isPrime
VW,context=Main#prime:1,j=2130
FR,context=Main,isPrime
VW,context=Main#prime:1,j=2132
FR,context=Main,isPrime
VW,context=Main#prime:1,j=2134
FR,context=Main,isPrime
VW,context=Main#prime:1,j=2136
FR,context=Main,isPrime
VW,context=Main#prime:1,j=2138
FR,context=Main,isPrime
VW,context=Main#prime:1,j=2140
FR,context=Main,isPrime
VW,context=Main#prime:1,j=2142
FR,context=Main,isPrime
VW,context=Main#prime:1,j=2144
FR,context=Main,isPrime
VW,context=Main#prime:1,j=2146
FR,context=Main,isPrime
VW,context=Main#prime:1,j=2148
FR,context=Main,isPrime
VW,context=Main#prime:1,j=2150
FR,context=Main,isPrime
VW,context=Main#prime:1,j=2152
FR,context=Main,isPrime
VW,context=Main#prime:1,j=2154
FR,context=Main,isPrime
VW,context=Main#prime:1,j=2156
FR,context=Main,isPrime
VW,context=Main#prime:1,j=2158
FR,context=Main,isPrime
VW,context=Main#prime:1,j=2160
FR,context=Main,isPrime
VW,context=Main#prime:1,j=2162
FR,context=Main,isPrime
VW,context=Main#prime:1,j=2164
FR,context=Main,isPrime
VW,context=Main#prime:1,j=2166
FR,context=Main,isPrime
VW,context=Main#prime:1,j=2168
FR,context=Main,isPrime
VW,context=Main#prime:1,j=2170
FR,context=Main,isPrime
VW,context=Main#prime:1,j=2172
FR,context=Main,isPrime
VW,context=Main#prime:1,j=2174
FR,context=Main,isPrime
VW,context=Main#prime:1,j=2176
FR,context=Main,isPrime
VW,context=Main#prime:1,j=2178
FR,context=Main,isPrime
VW,context=Main#prime:1,j=2180
FR,context=Main,isPrime
VW,context=Main#prime:1,j=2182
FR,context=Main,isPrime
VW,context=Main#prime:1,j=2184
FR,context=Main,isPrime
VW,context=Main#prime:1,j=2186
FR,context=Main,isPrime
VW,context=Main#prime:1,j=2188
FR,context=Main,isPrime
VW,context=Main#prime:1,j=2190
FR,context=Main,isPrime
VW,context=Main#prime:1,j=2192
FR,context=Main,isPrime
VW,context=Main#prime:1,j=2194
FR,context=Main,isPrime
VW,context=Main#prime:1,j=2196
FR,context=Main,isPrime
VW,context=Main#prime:1,j=2198
FR,context=Main,isPrime
VW,context=Main#prime:1,j=2200
FR,context=Main,isPrime
VW,context=Main#prime:1,j=2202
FR,context=Main,isPrime
VW,context=Main#prime:1,j=2204
FR,context=Main,isPrime
VW,context=Main#prime:1,j=2206
FR,context=Main,isPrime
VW,context=Main#prime:1,j=2208
FR,context=Main,isPrime
VW,context=Main#prime:1,j=2210
FR,context=Main,isPrime
VW,context=Main#prime:1,j=2212
FR,context=Main,isPrime
VW,context=Main#prime:1,j=2214
FR,context=Main,isPrime
VW,context=Main#prime:1,j=2216
FR,context=Main,isPrime
VW,context=Main#prime:1,j=2218
FR,context=Main,isPrime
VW,context=Main#prime:1,j=2220
FR,context=Main,isPrime
VW,context=Main#prime:1,j=2222
FR,context=Main,isPrime
VW,context=Main#prime:1,j=2224
FR,context=Main,isPrime
VW,context=Main#prime:1,j=2226
FR,context=Main,isPrime
VW,context=Main#prime:1,j=2228
FR,context=Main,isPrime
VW,context=Main#prime:1,j=2230
FR,context=Main,isPrime
VW,context=Main#prime:1,j=2232
FR,context=Main,isPrime
VW,context=Main#prime:1,j=2234
FR,context=Main,isPrime
VW,context=Main#prime:1,j=2236
FR,context=Main,isPrime
VW,context=Main#prime:1,j=2238
FR,context=Main,isPrime
VW,context=Main#prime:1,j=2240
FR,context=Main,isPrime
VW,context=Main#prime:1,j=2242
FR,context=Main,isPrime
VW,context=Main#prime:1,j=2244
FR,context=Main,isPrime
VW,context=Main#prime:1,j=2246
FR,context=Main,isPrime
VW,context=Main#prime:1,j=2248
FR,context=Main,isPrime
VW,context=Main#prime:1,j=2250
FR,context=Main,isPrime
VW,context=Main#prime:1,j=2252
FR,context=Main,isPrime
VW,context=Main#prime:1,j=2254
FR,context=Main,isPrime
VW,context=Main#prime:1,j=2256
FR,context=Main,isPrime
VW,context=Main#prime:1,j=2258
FR,context=Main,isPrime
VW,context=Main#prime:1,j=2260
FR,context=Main,isPrime
VW,context=Main#prime:1,j=2262
FR,context=Main,isPrime
VW,context=Main#prime:1,j=2264
FR,context=Main,isPrime
VW,context=Main#prime:1,j=2266
FR,context=Main,isPrime
VW,context=Main#prime:1,j=2268
FR,context=Main,isPrime
VW,context=Main#prime:1,j=2270
FR,context=Main,isPrime
VW,context=Main#prime:1,j=2272
FR,context=Main,isPrime
VW,context=Main#prime:1,j=2274
FR,context=Main,isPrime
VW,context=Main#prime:1,j=2276
FR,context=Main,isPrime
VW,context=Main#prime:1,j=2278
FR,context=Main,isPrime
VW,context=Main#prime:1,j=2280
FR,context=Main,isPrime
VW,context=Main#prime:1,j=2282
FR,context=Main,isPrime
VW,context=Main#prime:1,j=2284
FR,context=Main,isPrime
VW,context=Main#prime:1,j=2286
FR,context=Main,isPrime
VW,context=Main#prime:1,j=2288
FR,context=Main,isPrime
VW,context=Main#prime:1,j=2290
FR,context=Main,isPrime
VW,context=Main#prime:1,j=2292
FR,context=Main,isPrime
VW,context=Main#prime:1,j=2294
FR,context=Main,isPrime
VW,context=Main#prime:1,j=2296
FR,context=Main,isPrime
VW,context=Main#prime:1,j=2298
FR,context=Main,isPrime
VW,context=Main#prime:1,j=2300
FR,context=Main,isPrime
VW,context=Main#prime:1,j=2302
FR,context=Main,isPrime
VW,context=Main#prime:1,j=2304
FR,context=Main,isPrime
VW,context=Main#prime:1,j=2306
FR,context=Main,isPrime
VW,context=Main#prime:1,j=2308
FR,context=Main,isPrime
VW,context=Main#prime:1,j=2310
FR,context=Main,isPrime
VW,context=Main#prime:1,j=2312
FR,context=Main,isPrime
VW,context=Main#prime:1,j=2314
FR,context=Main,isPrime
VW,context=Main#prime:1,j=2316
FR,context=Main,isPrime
VW,context=Main#prime:1,j=2318
FR,context=Main,isPrime
VW,context=Main#prime:1,j=2320
FR,context=Main,isPrime
VW,context=Main#prime:1,j=2322
FR,context=Main,isPrime
VW,context=Main#prime:1,j=2324
FR,context=Main,isPrime
VW,context=Main#prime:1,j=2326
FR,context=Main,isPrime
VW,context=Main#prime:1,j=2328
FR,context=Main,isPrime
VW,context=Main#prime:1,j=2330
FR,context=Main,isPrime
VW,context=Main#prime:1,j=2332
FR,context=Main,isPrime
VW,context=Main#prime:1,j=2334
FR,context=Main,isPrime
VW,context=Main#prime:1,j=2336
FR,context=Main,isPrime
VW,context=Main#prime:1,j=2338
FR,context=Main,isPrime
VW,context=Main#prime:1,j=2340
FR,context=Main,isPrime
VW,context=Main#prime:1,j=2342
FR,context=Main,isPrime
VW,context=Main#prime:1,j=2344
FR,context=Main,isPrime
VW,context=Main#prime:1,j=2346
FR,context=Main,isPrime
VW,context=Main#prime:1,j=2348
FR,context=Main,isPrime
VW,context=Main#prime:1,j=2350
FR,context=Main,isPrime
VW,context=Main#prime:1,j=2352
FR,context=Main,isPrime
VW,context=Main#prime:1,j=2354
FR,context=Main,isPrime
VW,context=Main#prime:1,j=2356
FR,context=Main,isPrime
VW,context=Main#prime:1,j=2358
FR,context=Main,isPrime
VW,context=Main#prime:1,j=2360
FR,context=Main,isPrime
VW,context=Main#prime:1,j=2362
FR,context=Main,isPrime
VW,context=Main#prime:1,j=2364
FR,context=Main,isPrime
VW,context=Main#prime:1,j=2366
FR,context=Main,isPrime
VW,context=Main#prime:1,j=2368
FR,context=Main,isPrime
VW,context=Main#prime:1,j=2370
FR,context=Main,isPrime
VW,context=Main#prime:1,j=2372
FR,context=Main,isPrime
VW,context=Main#prime:1,j=2374
FR,context=Main,isPrime
VW,context=Main#prime:1,j=2376
FR,context=Main,isPrime
VW,context=Main#prime:1,j=2378
FR,context=Main,isPrime
VW,context=Main#prime:1,j=2380
FR,context=Main,isPrime
VW,context=Main#prime:1,j=2382
FR,context=Main,isPrime
VW,context=Main#prime:1,j=2384
FR,context=Main,isPrime
VW,context=Main#prime:1,j=2386
FR,context=Main,isPrime
VW,context=Main#prime:1,j=2388
FR,context=Main,isPrime
VW,context=Main#prime:1,j=2390
FR,context=Main,isPrime
VW,context=Main#prime:1,j=2392
FR,context=Main,isPrime
VW,context=Main#prime:1,j=2394
FR,context=Main,isPrime
VW,context=Main#prime:1,j=2396
FR,context=Main,isPrime
VW,context=Main#prime:1,j=2398
FR,context=Main,isPrime
VW,context=Main#prime:1,j=2400
FR,context=Main,isPrime
VW,context=Main#prime:1,j=2402
FR,context=Main,isPrime
VW,context=Main#prime:1,j=2404
FR,context=Main,isPrime
VW,context=Main#prime:1,j=2406
FR,context=Main,isPrime
VW,context=Main#prime:1,j=2408
FR,context=Main,isPrime
VW,context=Main#prime:1,j=2410
FR,context=Main,isPrime
VW,context=Main#prime:1,j=2412
FR,context=Main,isPrime
VW,context=Main#prime:1,j=2414
FR,context=Main,isPrime
VW,context=Main#prime:1,j=2416
FR,context=Main,isPrime
VW,context=Main#prime:1,j=2418
FR,context=Main,isPrime
VW,context=Main#prime:1,j=2420
FR,context=Main,isPrime
VW,context=Main#prime:1,j=2422
FR,context=Main,isPrime
VW,context=Main#prime:1,j=2424
FR,context=Main,isPrime
VW,context=Main#prime:1,j=2426
FR,context=Main,isPrime
VW,context=Main#prime:1,j=2428
FR,context=Main,isPrime
VW,context=Main#prime:1,j=2430
FR,context=Main,isPrime
VW,context=Main#prime:1,j=2432
FR,context=Main,isPrime
VW,context=Main#prime:1,j=2434
FR,context=Main,isPrime
VW,context=Main#prime:1,j=2436
FR,context=Main,isPrime
VW,context=Main#prime:1,j=2438
FR,context=Main,isPrime
VW,context=Main#prime:1,j=2440
FR,context=Main,isPrime
VW,context=Main#prime:1,j=2442
FR,context=Main,isPrime
VW,context=Main#prime:1,j=2444
FR,context=Main,isPrime
VW,context=Main#prime:1,j=2446
FR,context=Main,isPrime
VW,context=Main#prime:1,j=2448
FR,context=Main,isPrime
VW,context=Main#prime:1,j=2450
FR,context=Main,isPrime
VW,context=Main#prime:1,j=2452
FR,context=Main,isPrime
VW,context=Main#prime:1,j=2454
FR,context=Main,isPrime
VW,context=Main#prime:1,j=2456
FR,context=Main,isPrime
VW,context=Main#prime:1,j=2458
FR,context=Main,isPrime
VW,context=Main#prime:1,j=2460
FR,context=Main,isPrime
VW,context=Main#prime:1,j=2462
FR,context=Main,isPrime
VW,context=Main#prime:1,j=2464
FR,context=Main,isPrime
VW,context=Main#prime:1,j=2466
FR,context=Main,isPrime
VW,context=Main#prime:1,j=2468
FR,context=Main,isPrime
VW,context=Main#prime:1,j=2470
FR,context=Main,isPrime
VW,context=Main#prime:1,j=2472
FR,context=Main,isPrime
VW,context=Main#prime:1,j=2474
FR,context=Main,isPrime
VW,context=Main#prime:1,j=2476
FR,context=Main,isPrime
VW,context=Main#prime:1,j=2478
FR,context=Main,isPrime
VW,context=Main#prime:1,j=2480
FR,context=Main,isPrime
VW,context=Main#prime:1,j=2482
FR,context=Main,isPrime
VW,context=Main#prime:1,j=2484
FR,context=Main,isPrime
VW,context=Main#prime:1,j=2486
FR,context=Main,isPrime
VW,context=Main#prime:1,j=2488
FR,context=Main,isPrime
VW,context=Main#prime:1,j=2490
FR,context=Main,isPrime
VW,context=Main#prime:1,j=2492
FR,context=Main,isPrime
VW,context=Main#prime:1,j=2494
FR,context=Main,isPrime
VW,context=Main#prime:1,j=2496
FR,context=Main,isPrime
VW,context=Main#prime:1,j=2498
FR,context=Main,isPrime
VW,context=Main#prime:1,j=2500
FR,context=Main,isPrime
VW,context=Main#prime:1,j=2502
FR,context=Main,isPrime
VW,context=Main#prime:1,j=2504
FR,context=Main,isPrime
VW,context=Main#prime:1,j=2506
FR,context=Main,isPrime
VW,context=Main#prime:1,j=2508
FR,context=Main,isPrime
VW,context=Main#prime:1,j=2510
FR,context=Main,isPrime
VW,context=Main#prime:1,j=2512
FR,context=Main,isPrime
VW,context=Main#prime:1,j=2514
FR,context=Main,isPrime
VW,context=Main#prime:1,j=2516
FR,context=Main,isPrime
VW,context=Main#prime:1,j=2518
FR,context=Main,isPrime
VW,context=Main#prime:1,j=2520
FR,context=Main,isPrime
VW,context=Main#prime:1,j=2522
FR,context=Main,isPrime
VW,context=Main#prime:1,j=2524
FR,context=Main,isPrime
VW,context=Main#prime:1,j=2526
FR,context=Main,isPrime
VW,context=Main#prime:1,j=2528
FR,context=Main,isPrime
VW,context=Main#prime:1,j=2530
FR,context=Main,isPrime
VW,context=Main#prime:1,j=2532
FR,context=Main,isPrime
VW,context=Main#prime:1,j=2534
FR,context=Main,isPrime
VW,context=Main#prime:1,j=2536
FR,context=Main,isPrime
VW,context=Main#prime:1,j=2538
FR,context=Main,isPrime
VW,context=Main#prime:1,j=2540
FR,context=Main,isPrime
VW,context=Main#prime:1,j=2542
FR,context=Main,isPrime
VW,context=Main#prime:1,j=2544
FR,context=Main,isPrime
VW,context=Main#prime:1,j=2546
FR,context=Main,isPrime
VW,context=Main#prime:1,j=2548
FR,context=Main,isPrime
VW,context=Main#prime:1,j=2550
FR,context=Main,isPrime
VW,context=Main#prime:1,j=2552
FR,context=Main,isPrime
VW,context=Main#prime:1,j=2554
FR,context=Main,isPrime
VW,context=Main#prime:1,j=2556
FR,context=Main,isPrime
VW,context=Main#prime:1,j=2558
FR,context=Main,isPrime
VW,context=Main#prime:1,j=2560
FR,context=Main,isPrime
VW,context=Main#prime:1,j=2562
FR,context=Main,isPrime
VW,context=Main#prime:1,j=2564
FR,context=Main,isPrime
VW,context=Main#prime:1,j=2566
FR,context=Main,isPrime
VW,context=Main#prime:1,j=2568
FR,context=Main,isPrime
VW,context=Main#prime:1,j=2570
FR,context=Main,isPrime
VW,context=Main#prime:1,j=2572
FR,context=Main,isPrime
VW,context=Main#prime:1,j=2574
FR,context=Main,isPrime
VW,context=Main#prime:1,j=2576
FR,context=Main,isPrime
VW,context=Main#prime:1,j=2578
FR,context=Main,isPrime
VW,context=Main#prime:1,j=2580
FR,context=Main,isPrime
VW,context=Main#prime:1,j=2582
FR,context=Main,isPrime
VW,context=Main#prime:1,j=2584
FR,context=Main,isPrime
VW,context=Main#prime:1,j=2586
FR,context=Main,isPrime
VW,context=Main#prime:1,j=2588
FR,context=Main,isPrime
VW,context=Main#prime:1,j=2590
FR,context=Main,isPrime
VW,context=Main#prime:1,j=2592
FR,context=Main,isPrime
VW,context=Main#prime:1,j=2594
FR,context=Main,isPrime
VW,context=Main#prime:1,j=2596
FR,context=Main,isPrime
VW,context=Main#prime:1,j=2598
FR,context=Main,isPrime
VW,context=Main#prime:1,j=2600
FR,context=Main,isPrime
VW,context=Main#prime:1,j=2602
FR,context=Main,isPrime
VW,context=Main#prime:1,j=2604
FR,context=Main,isPrime
VW,context=Main#prime:1,j=2606
FR,context=Main,isPrime
VW,context=Main#prime:1,j=2608
FR,context=Main,isPrime
VW,context=Main#prime:1,j=2610
FR,context=Main,isPrime
VW,context=Main#prime:1,j=2612
FR,context=Main,isPrime
VW,context=Main#prime:1,j=2614
FR,context=Main,isPrime
VW,context=Main#prime:1,j=2616
FR,context=Main,isPrime
VW,context=Main#prime:1,j=2618
FR,context=Main,isPrime
VW,context=Main#prime:1,j=2620
FR,context=Main,isPrime
VW,context=Main#prime:1,j=2622
FR,context=Main,isPrime
VW,context=Main#prime:1,j=2624
FR,context=Main,isPrime
VW,context=Main#prime:1,j=2626
FR,context=Main,isPrime
VW,context=Main#prime:1,j=2628
FR,context=Main,isPrime
VW,context=Main#prime:1,j=2630
FR,context=Main,isPrime
VW,context=Main#prime:1,j=2632
FR,context=Main,isPrime
VW,context=Main#prime:1,j=2634
FR,context=Main,isPrime
VW,context=Main#prime:1,j=2636
FR,context=Main,isPrime
VW,context=Main#prime:1,j=2638
FR,context=Main,isPrime
VW,context=Main#prime:1,j=2640
FR,context=Main,isPrime
VW,context=Main#prime:1,j=2642
FR,context=Main,isPrime
VW,context=Main#prime:1,j=2644
FR,context=Main,isPrime
VW,context=Main#prime:1,j=2646
FR,context=Main,isPrime
VW,context=Main#prime:1,j=2648
FR,context=Main,isPrime
VW,context=Main#prime:1,j=2650
FR,context=Main,isPrime
VW,context=Main#prime:1,j=2652
FR,context=Main,isPrime
VW,context=Main#prime:1,j=2654
FR,context=Main,isPrime
VW,context=Main#prime:1,j=2656
FR,context=Main,isPrime
VW,context=Main#prime:1,j=2658
FR,context=Main,isPrime
VW,context=Main#prime:1,j=2660
FR,context=Main,isPrime
VW,context=Main#prime:1,j=2662
FR,context=Main,isPrime
VW,context=Main#prime:1,j=2664
FR,context=Main,isPrime
VW,context=Main#prime:1,j=2666
FR,context=Main,isPrime
VW,context=Main#prime:1,j=2668
FR,context=Main,isPrime
VW,context=Main#prime:1,j=2670
FR,context=Main,isPrime
VW,context=Main#prime:1,j=2672
FR,context=Main,isPrime
VW,context=Main#prime:1,j=2674
FR,context=Main,isPrime
VW,context=Main#prime:1,j=2676
FR,context=Main,isPrime
VW,context=Main#prime:1,j=2678
FR,context=Main,isPrime
VW,context=Main#prime:1,j=2680
FR,context=Main,isPrime
VW,context=Main#prime:1,j=2682
FR,context=Main,isPrime
VW,context=Main#prime:1,j=2684
FR,context=Main,isPrime
VW,context=Main#prime:1,j=2686
FR,context=Main,isPrime
VW,context=Main#prime:1,j=2688
FR,context=Main,isPrime
VW,context=Main#prime:1,j=2690
FR,context=Main,isPrime
VW,context=Main#prime:1,j=2692
FR,context=Main,isPrime
VW,context=Main#prime:1,j=2694
FR,context=Main,isPrime
VW,context=Main#prime:1,j=2696
FR,context=Main,isPrime
VW,context=Main#prime:1,j=2698
FR,context=Main,isPrime
VW,context=Main#prime:1,j=2700
FR,context=Main,isPrime
VW,context=Main#prime:1,j=2702
FR,context=Main,isPrime
VW,context=Main#prime:1,j=2704
FR,context=Main,isPrime
VW,context=Main#prime:1,j=2706
FR,context=Main,isPrime
VW,context=Main#prime:1,j=2708
FR,context=Main,isPrime
VW,context=Main#prime:1,j=2710
FR,context=Main,isPrime
VW,context=Main#prime:1,j=2712
FR,context=Main,isPrime
VW,context=Main#prime:1,j=2714
FR,context=Main,isPrime
VW,context=Main#prime:1,j=2716
FR,context=Main,isPrime
VW,context=Main#prime:1,j=2718
FR,context=Main,isPrime
VW,context=Main#prime:1,j=2720
FR,context=Main,isPrime
VW,context=Main#prime:1,j=2722
FR,context=Main,isPrime
VW,context=Main#prime:1,j=2724
FR,context=Main,isPrime
VW,context=Main#prime:1,j=2726
FR,context=Main,isPrime
VW,context=Main#prime:1,j=2728
FR,context=Main,isPrime
VW,context=Main#prime:1,j=2730
FR,context=Main,isPrime
VW,context=Main#prime:1,j=2732
FR,context=Main,isPrime
VW,context=Main#prime:1,j=2734
FR,context=Main,isPrime
VW,context=Main#prime:1,j=2736
FR,context=Main,isPrime
VW,context=Main#prime:1,j=2738
FR,context=Main,isPrime
VW,context=Main#prime:1,j=2740
FR,context=Main,isPrime
VW,context=Main#prime:1,j=2742
FR,context=Main,isPrime
VW,context=Main#prime:1,j=2744
FR,context=Main,isPrime
VW,context=Main#prime:1,j=2746
FR,context=Main,isPrime
VW,context=Main#prime:1,j=2748
FR,context=Main,isPrime
VW,context=Main#prime:1,j=2750
FR,context=Main,isPrime
VW,context=Main#prime:1,j=2752
FR,context=Main,isPrime
VW,context=Main#prime:1,j=2754
FR,context=Main,isPrime
VW,context=Main#prime:1,j=2756
FR,context=Main,isPrime
VW,context=Main#prime:1,j=2758
FR,context=Main,isPrime
VW,context=Main#prime:1,j=2760
FR,context=Main,isPrime
VW,context=Main#prime:1,j=2762
FR,context=Main,isPrime
VW,context=Main#prime:1,j=2764
FR,context=Main,isPrime
VW,context=Main#prime:1,j=2766
FR,context=Main,isPrime
VW,context=Main#prime:1,j=2768
FR,context=Main,isPrime
VW,context=Main#prime:1,j=2770
FR,context=Main,isPrime
VW,context=Main#prime:1,j=2772
FR,context=Main,isPrime
VW,context=Main#prime:1,j=2774
FR,context=Main,isPrime
VW,context=Main#prime:1,j=2776
FR,context=Main,isPrime
VW,context=Main#prime:1,j=2778
FR,context=Main,isPrime
VW,context=Main#prime:1,j=2780
FR,context=Main,isPrime
VW,context=Main#prime:1,j=2782
FR,context=Main,isPrime
VW,context=Main#prime:1,j=2784
FR,context=Main,isPrime
VW,context=Main#prime:1,j=2786
FR,context=Main,isPrime
VW,context=Main#prime:1,j=2788
FR,context=Main,isPrime
VW,context=Main#prime:1,j=2790
FR,context=Main,isPrime
VW,context=Main#prime:1,j=2792
FR,context=Main,isPrime
VW,context=Main#prime:1,j=2794
FR,context=Main,isPrime
VW,context=Main#prime:1,j=2796
FR,context=Main,isPrime
VW,context=Main#prime:1,j=2798
FR,context=Main,isPrime
VW,context=Main#prime:1,j=2800
FR,context=Main,isPrime
VW,context=Main#prime:1,j=2802
FR,context=Main,isPrime
VW,context=Main#prime:1,j=2804
FR,context=Main,isPrime
VW,context=Main#prime:1,j=2806
FR,context=Main,isPrime
VW,context=Main#prime:1,j=2808
FR,context=Main,isPrime
VW,context=Main#prime:1,j=2810
FR,context=Main,isPrime
VW,context=Main#prime:1,j=2812
FR,context=Main,isPrime
VW,context=Main#prime:1,j=2814
FR,context=Main,isPrime
VW,context=Main#prime:1,j=2816
FR,context=Main,isPrime
VW,context=Main#prime:1,j=2818
FR,context=Main,isPrime
VW,context=Main#prime:1,j=2820
FR,context=Main,isPrime
VW,context=Main#prime:1,j=2822
FR,context=Main,isPrime
VW,context=Main#prime:1,j=2824
FR,context=Main,isPrime
VW,context=Main#prime:1,j=2826
FR,context=Main,isPrime
VW,context=Main#prime:1,j=2828
FR,context=Main,isPrime
VW,context=Main#prime:1,j=2830
FR,context=Main,isPrime
VW,context=Main#prime:1,j=2832
FR,context=Main,isPrime
VW,context=Main#prime:1,j=2834
FR,context=Main,isPrime
VW,context=Main#prime:1,j=2836
FR,context=Main,isPrime
VW,context=Main#prime:1,j=2838
FR,context=Main,isPrime
VW,context=Main#prime:1,j=2840
FR,context=Main,isPrime
VW,context=Main#prime:1,j=2842
FR,context=Main,isPrime
VW,context=Main#prime:1,j=2844
FR,context=Main,isPrime
VW,context=Main#prime:1,j=2846
FR,context=Main,isPrime
VW,context=Main#prime:1,j=2848
FR,context=Main,isPrime
VW,context=Main#prime:1,j=2850
FR,context=Main,isPrime
VW,context=Main#prime:1,j=2852
FR,context=Main,isPrime
VW,context=Main#prime:1,j=2854
FR,context=Main,isPrime
VW,context=Main#prime:1,j=2856
FR,context=Main,isPrime
VW,context=Main#prime:1,j=2858
FR,context=Main,isPrime
VW,context=Main#prime:1,j=2860
FR,context=Main,isPrime
VW,context=Main#prime:1,j=2862
FR,context=Main,isPrime
VW,context=Main#prime:1,j=2864
FR,context=Main,isPrime
VW,context=Main#prime:1,j=2866
FR,context=Main,isPrime
VW,context=Main#prime:1,j=2868
FR,context=Main,isPrime
VW,context=Main#prime:1,j=2870
FR,context=Main,isPrime
VW,context=Main#prime:1,j=2872
FR,context=Main,isPrime
VW,context=Main#prime:1,j=2874
FR,context=Main,isPrime
VW,context=Main#prime:1,j=2876
FR,context=Main,isPrime
VW,context=Main#prime:1,j=2878
FR,context=Main,isPrime
VW,context=Main#prime:1,j=2880
FR,context=Main,isPrime
VW,context=Main#prime:1,j=2882
FR,context=Main,isPrime
VW,context=Main#prime:1,j=2884
FR,context=Main,isPrime
VW,context=Main#prime:1,j=2886
FR,context=Main,isPrime
VW,context=Main#prime:1,j=2888
FR,context=Main,isPrime
VW,context=Main#prime:1,j=2890
FR,context=Main,isPrime
VW,context=Main#prime:1,j=2892
FR,context=Main,isPrime
VW,context=Main#prime:1,j=2894
FR,context=Main,isPrime
VW,context=Main#prime:1,j=2896
FR,context=Main,isPrime
VW,context=Main#prime:1,j=2898
FR,context=Main,isPrime
VW,context=Main#prime:1,j=2900
FR,context=Main,isPrime
VW,context=Main#prime:1,j=2902
FR,context=Main,isPrime
VW,context=Main#prime:1,j=2904
FR,context=Main,isPrime
VW,context=Main#prime:1,j=2906
FR,context=Main,isPrime
VW,context=Main#prime:1,j=2908
FR,context=Main,isPrime
VW,context=Main#prime:1,j=2910
FR,context=Main,isPrime
VW,context=Main#prime:1,j=2912
FR,context=Main,isPrime
VW,context=Main#prime:1,j=2914
FR,context=Main,isPrime
VW,context=Main#prime:1,j=2916
FR,context=Main,isPrime
VW,context=Main#prime:1,j=2918
FR,context=Main,isPrime
VW,context=Main#prime:1,j=2920
FR,context=Main,isPrime
VW,context=Main#prime:1,j=2922
FR,context=Main,isPrime
VW,context=Main#prime:1,j=2924
FR,context=Main,isPrime
VW,context=Main#prime:1,j=2926
FR,context=Main,isPrime
VW,context=Main#prime:1,j=2928
FR,context=Main,isPrime
VW,context=Main#prime:1,j=2930
FR,context=Main,isPrime
VW,context=Main#prime:1,j=2932
FR,context=Main,isPrime
VW,context=Main#prime:1,j=2934
FR,context=Main,isPrime
VW,context=Main#prime:1,j=2936
FR,context=Main,isPrime
VW,context=Main#prime:1,j=2938
FR,context=Main,isPrime
VW,context=Main#prime:1,j=2940
FR,context=Main,isPrime
VW,context=Main#prime:1,j=2942
FR,context=Main,isPrime
VW,context=Main#prime:1,j=2944
FR,context=Main,isPrime
VW,context=Main#prime:1,j=2946
FR,context=Main,isPrime
VW,context=Main#prime:1,j=2948
FR,context=Main,isPrime
VW,context=Main#prime:1,j=2950
FR,context=Main,isPrime
VW,context=Main#prime:1,j=2952
FR,context=Main,isPrime
VW,context=Main#prime:1,j=2954
FR,context=Main,isPrime
VW,context=Main#prime:1,j=2956
FR,context=Main,isPrime
VW,context=Main#prime:1,j=2958
FR,context=Main,isPrime
VW,context=Main#prime:1,j=2960
FR,context=Main,isPrime
VW,context=Main#prime:1,j=2962
FR,context=Main,isPrime
VW,context=Main#prime:1,j=2964
FR,context=Main,isPrime
VW,context=Main#prime:1,j=2966
FR,context=Main,isPrime
VW,context=Main#prime:1,j=2968
FR,context=Main,isPrime
VW,context=Main#prime:1,j=2970
FR,context=Main,isPrime
VW,context=Main#prime:1,j=2972
FR,context=Main,isPrime
VW,context=Main#prime:1,j=2974
FR,context=Main,isPrime
VW,context=Main#prime:1,j=2976
FR,context=Main,isPrime
VW,context=Main#prime:1,j=2978
FR,context=Main,isPrime
VW,context=Main#prime:1,j=2980
FR,context=Main,isPrime
VW,context=Main#prime:1,j=2982
FR,context=Main,isPrime
VW,context=Main#prime:1,j=2984
FR,context=Main,isPrime
VW,context=Main#prime:1,j=2986
FR,context=Main,isPrime
VW,context=Main#prime:1,j=2988
FR,context=Main,isPrime
VW,context=Main#prime:1,j=2990
FR,context=Main,isPrime
VW,context=Main#prime:1,j=2992
FR,context=Main,isPrime
VW,context=Main#prime:1,j=2994
FR,context=Main,isPrime
VW,context=Main#prime:1,j=2996
FR,context=Main,isPrime
VW,context=Main#prime:1,j=2998
FR,context=Main,isPrime
VW,context=Main#prime:1,j=3000
FR,context=Main,isPrime
VW,context=Main#prime:1,j=3002
FR,context=Main,isPrime
VW,context=Main#prime:1,j=3004
FR,context=Main,isPrime
VW,context=Main#prime:1,j=3006
FR,context=Main,isPrime
VW,context=Main#prime:1,j=3008
FR,context=Main,isPrime
VW,context=Main#prime:1,j=3010
FR,context=Main,isPrime
VW,context=Main#prime:1,j=3012
FR,context=Main,isPrime
VW,context=Main#prime:1,j=3014
FR,context=Main,isPrime
VW,context=Main#prime:1,j=3016
FR,context=Main,isPrime
VW,context=Main#prime:1,j=3018
FR,context=Main,isPrime
VW,context=Main#prime:1,j=3020
FR,context=Main,isPrime
VW,context=Main#prime:1,j=3022
FR,context=Main,isPrime
VW,context=Main#prime:1,j=3024
FR,context=Main,isPrime
VW,context=Main#prime:1,j=3026
FR,context=Main,isPrime
VW,context=Main#prime:1,j=3028
FR,context=Main,isPrime
VW,context=Main#prime:1,j=3030
FR,context=Main,isPrime
VW,context=Main#prime:1,j=3032
FR,context=Main,isPrime
VW,context=Main#prime:1,j=3034
FR,context=Main,isPrime
VW,context=Main#prime:1,j=3036
FR,context=Main,isPrime
VW,context=Main#prime:1,j=3038
FR,context=Main,isPrime
VW,context=Main#prime:1,j=3040
FR,context=Main,isPrime
VW,context=Main#prime:1,j=3042
FR,context=Main,isPrime
VW,context=Main#prime:1,j=3044
FR,context=Main,isPrime
VW,context=Main#prime:1,j=3046
FR,context=Main,isPrime
VW,context=Main#prime:1,j=3048
FR,context=Main,isPrime
VW,context=Main#prime:1,j=3050
FR,context=Main,isPrime
VW,context=Main#prime:1,j=3052
FR,context=Main,isPrime
VW,context=Main#prime:1,j=3054
FR,context=Main,isPrime
VW,context=Main#prime:1,j=3056
FR,context=Main,isPrime
VW,context=Main#prime:1,j=3058
FR,context=Main,isPrime
VW,context=Main#prime:1,j=3060
FR,context=Main,isPrime
VW,context=Main#prime:1,j=3062
FR,context=Main,isPrime
VW,context=Main#prime:1,j=3064
FR,context=Main,isPrime
VW,context=Main#prime:1,j=3066
FR,context=Main,isPrime
VW,context=Main#prime:1,j=3068
FR,context=Main,isPrime
VW,context=Main#prime:1,j=3070
FR,context=Main,isPrime
VW,context=Main#prime:1,j=3072
FR,context=Main,isPrime
VW,context=Main#prime:1,j=3074
FR,context=Main,isPrime
VW,context=Main#prime:1,j=3076
FR,context=Main,isPrime
VW,context=Main#prime:1,j=3078
FR,context=Main,isPrime
VW,context=Main#prime:1,j=3080
FR,context=Main,isPrime
VW,context=Main#prime:1,j=3082
FR,context=Main,isPrime
VW,context=Main#prime:1,j=3084
FR,context=Main,isPrime
VW,context=Main#prime:1,j=3086
FR,context=Main,isPrime
VW,context=Main#prime:1,j=3088
FR,context=Main,isPrime
VW,context=Main#prime:1,j=3090
FR,context=Main,isPrime
VW,context=Main#prime:1,j=3092
FR,context=Main,isPrime
VW,context=Main#prime:1,j=3094
FR,context=Main,isPrime
VW,context=Main#prime:1,j=3096
FR,context=Main,isPrime
VW,context=Main#prime:1,j=3098
FR,context=Main,isPrime
VW,context=Main#prime:1,j=3100
FR,context=Main,isPrime
VW,context=Main#prime:1,j=3102
FR,context=Main,isPrime
VW,context=Main#prime:1,j=3104
FR,context=Main,isPrime
VW,context=Main#prime:1,j=3106
FR,context=Main,isPrime
VW,context=Main#prime:1,j=3108
FR,context=Main,isPrime
VW,context=Main#prime:1,j=3110
FR,context=Main,isPrime
VW,context=Main#prime:1,j=3112
FR,context=Main,isPrime
VW,context=Main#prime:1,j=3114
FR,context=Main,isPrime
VW,context=Main#prime:1,j=3116
FR,context=Main,isPrime
VW,context=Main#prime:1,j=3118
FR,context=Main,isPrime
VW,context=Main#prime:1,j=3120
FR,context=Main,isPrime
VW,context=Main#prime:1,j=3122
FR,context=Main,isPrime
VW,context=Main#prime:1,j=3124
FR,context=Main,isPrime
VW,context=Main#prime:1,j=3126
FR,context=Main,isPrime
VW,context=Main#prime:1,j=3128
FR,context=Main,isPrime
VW,context=Main#prime:1,j=3130
FR,context=Main,isPrime
VW,context=Main#prime:1,j=3132
FR,context=Main,isPrime
VW,context=Main#prime:1,j=3134
FR,context=Main,isPrime
VW,context=Main#prime:1,j=3136
FR,context=Main,isPrime
VW,context=Main#prime:1,j=3138
FR,context=Main,isPrime
VW,context=Main#prime:1,j=3140
FR,context=Main,isPrime
VW,context=Main#prime:1,j=3142
FR,context=Main,isPrime
VW,context=Main#prime:1,j=3144
FR,context=Main,isPrime
VW,context=Main#prime:1,j=3146
FR,context=Main,isPrime
VW,context=Main#prime:1,j=3148
FR,context=Main,isPrime
VW,context=Main#prime:1,j=3150
FR,context=Main,isPrime
VW,context=Main#prime:1,j=3152
FR,context=Main,isPrime
VW,context=Main#prime:1,j=3154
FR,context=Main,isPrime
VW,context=Main#prime:1,j=3156
FR,context=Main,isPrime
VW,context=Main#prime:1,j=3158
FR,context=Main,isPrime
VW,context=Main#prime:1,j=3160
FR,context=Main,isPrime
VW,context=Main#prime:1,j=3162
FR,context=Main,isPrime
VW,context=Main#prime:1,j=3164
FR,context=Main,isPrime
VW,context=Main#prime:1,j=3166
FR,context=Main,isPrime
VW,context=Main#prime:1,j=3168
FR,context=Main,isPrime
VW,context=Main#prime:1,j=3170
FR,context=Main,isPrime
VW,context=Main#prime:1,j=3172
FR,context=Main,isPrime
VW,context=Main#prime:1,j=3174
FR,context=Main,isPrime
VW,context=Main#prime:1,j=3176
FR,context=Main,isPrime
VW,context=Main#prime:1,j=3178
FR,context=Main,isPrime
VW,context=Main#prime:1,j=3180
FR,context=Main,isPrime
VW,context=Main#prime:1,j=3182
FR,context=Main,isPrime
VW,context=Main#prime:1,j=3184
FR,context=Main,isPrime
VW,context=Main#prime:1,j=3186
FR,context=Main,isPrime
VW,context=Main#prime:1,j=3188
FR,context=Main,isPrime
VW,context=Main#prime:1,j=3190
FR,context=Main,isPrime
VW,context=Main#prime:1,j=3192
FR,context=Main,isPrime
VW,context=Main#prime:1,j=3194
FR,context=Main,isPrime
VW,context=Main#prime:1,j=3196
FR,context=Main,isPrime
VW,context=Main#prime:1,j=3198
FR,context=Main,isPrime
VW,context=Main#prime:1,j=3200
FR,context=Main,isPrime
VW,context=Main#prime:1,j=3202
FR,context=Main,isPrime
VW,context=Main#prime:1,j=3204
FR,context=Main,isPrime
VW,context=Main#prime:1,j=3206
FR,context=Main,isPrime
VW,context=Main#prime:1,j=3208
FR,context=Main,isPrime
VW,context=Main#prime:1,j=3210
FR,context=Main,isPrime
VW,context=Main#prime:1,j=3212
FR,context=Main,isPrime
VW,context=Main#prime:1,j=3214
FR,context=Main,isPrime
VW,context=Main#prime:1,j=3216
FR,context=Main,isPrime
VW,context=Main#prime:1,j=3218
FR,context=Main,isPrime
VW,context=Main#prime:1,j=3220
FR,context=Main,isPrime
VW,context=Main#prime:1,j=3222
FR,context=Main,isPrime
VW,context=Main#prime:1,j=3224
FR,context=Main,isPrime
VW,context=Main#prime:1,j=3226
FR,context=Main,isPrime
VW,context=Main#prime:1,j=3228
FR,context=Main,isPrime
VW,context=Main#prime:1,j=3230
FR,context=Main,isPrime
VW,context=Main#prime:1,j=3232
FR,context=Main,isPrime
VW,context=Main#prime:1,j=3234
FR,context=Main,isPrime
VW,context=Main#prime:1,j=3236
FR,context=Main,isPrime
VW,context=Main#prime:1,j=3238
FR,context=Main,isPrime
VW,context=Main#prime:1,j=3240
FR,context=Main,isPrime
VW,context=Main#prime:1,j=3242
FR,context=Main,isPrime
VW,context=Main#prime:1,j=3244
FR,context=Main,isPrime
VW,context=Main#prime:1,j=3246
FR,context=Main,isPrime
VW,context=Main#prime:1,j=3248
FR,context=Main,isPrime
VW,context=Main#prime:1,j=3250
FR,context=Main,isPrime
VW,context=Main#prime:1,j=3252
FR,context=Main,isPrime
VW,context=Main#prime:1,j=3254
FR,context=Main,isPrime
VW,context=Main#prime:1,j=3256
FR,context=Main,isPrime
VW,context=Main#prime:1,j=3258
FR,context=Main,isPrime
VW,context=Main#prime:1,j=3260
FR,context=Main,isPrime
VW,context=Main#prime:1,j=3262
FR,context=Main,isPrime
VW,context=Main#prime:1,j=3264
FR,context=Main,isPrime
VW,context=Main#prime:1,j=3266
FR,context=Main,isPrime
VW,context=Main#prime:1,j=3268
FR,context=Main,isPrime
VW,context=Main#prime:1,j=3270
FR,context=Main,isPrime
VW,context=Main#prime:1,j=3272
FR,context=Main,isPrime
VW,context=Main#prime:1,j=3274
FR,context=Main,isPrime
VW,context=Main#prime:1,j=3276
FR,context=Main,isPrime
VW,context=Main#prime:1,j=3278
FR,context=Main,isPrime
VW,context=Main#prime:1,j=3280
FR,context=Main,isPrime
VW,context=Main#prime:1,j=3282
FR,context=Main,isPrime
VW,context=Main#prime:1,j=3284
FR,context=Main,isPrime
VW,context=Main#prime:1,j=3286
FR,context=Main,isPrime
VW,context=Main#prime:1,j=3288
FR,context=Main,isPrime
VW,context=Main#prime:1,j=3290
FR,context=Main,isPrime
VW,context=Main#prime:1,j=3292
FR,context=Main,isPrime
VW,context=Main#prime:1,j=3294
FR,context=Main,isPrime
VW,context=Main#prime:1,j=3296
FR,context=Main,isPrime
VW,context=Main#prime:1,j=3298
FR,context=Main,isPrime
VW,context=Main#prime:1,j=3300
FR,context=Main,isPrime
VW,context=Main#prime:1,j=3302
FR,context=Main,isPrime
VW,context=Main#prime:1,j=3304
FR,context=Main,isPrime
VW,context=Main#prime:1,j=3306
FR,context=Main,isPrime
VW,context=Main#prime:1,j=3308
FR,context=Main,isPrime
VW,context=Main#prime:1,j=3310
FR,context=Main,isPrime
VW,context=Main#prime:1,j=3312
FR,context=Main,isPrime
VW,context=Main#prime:1,j=3314
FR,context=Main,isPrime
VW,context=Main#prime:1,j=3316
FR,context=Main,isPrime
VW,context=Main#prime:1,j=3318
FR,context=Main,isPrime
VW,context=Main#prime:1,j=3320
FR,context=Main,isPrime
VW,context=Main#prime:1,j=3322
FR,context=Main,isPrime
VW,context=Main#prime:1,j=3324
FR,context=Main,isPrime
VW,context=Main#prime:1,j=3326
FR,context=Main,isPrime
VW,context=Main#prime:1,j=3328
FR,context=Main,isPrime
VW,context=Main#prime:1,j=3330
FR,context=Main,isPrime
VW,context=Main#prime:1,j=3332
FR,context=Main,isPrime
VW,context=Main#prime:1,j=3334
FR,context=Main,isPrime
VW,context=Main#prime:1,j=3336
FR,context=Main,isPrime
VW,context=Main#prime:1,j=3338
FR,context=Main,isPrime
VW,context=Main#prime:1,j=3340
FR,context=Main,isPrime
VW,context=Main#prime:1,j=3342
FR,context=Main,isPrime
VW,context=Main#prime:1,j=3344
FR,context=Main,isPrime
VW,context=Main#prime:1,j=3346
FR,context=Main,isPrime
VW,context=Main#prime:1,j=3348
FR,context=Main,isPrime
VW,context=Main#prime:1,j=3350
FR,context=Main,isPrime
VW,context=Main#prime:1,j=3352
FR,context=Main,isPrime
VW,context=Main#prime:1,j=3354
FR,context=Main,isPrime
VW,context=Main#prime:1,j=3356
FR,context=Main,isPrime
VW,context=Main#prime:1,j=3358
FR,context=Main,isPrime
VW,context=Main#prime:1,j=3360
FR,context=Main,isPrime
VW,context=Main#prime:1,j=3362
FR,context=Main,isPrime
VW,context=Main#prime:1,j=3364
FR,context=Main,isPrime
VW,context=Main#prime:1,j=3366
FR,context=Main,isPrime
VW,context=Main#prime:1,j=3368
FR,context=Main,isPrime
VW,context=Main#prime:1,j=3370
FR,context=Main,isPrime
VW,context=Main#prime:1,j=3372
FR,context=Main,isPrime
VW,context=Main#prime:1,j=3374
FR,context=Main,isPrime
VW,context=Main#prime:1,j=3376
FR,context=Main,isPrime
VW,context=Main#prime:1,j=3378
FR,context=Main,isPrime
VW,context=Main#prime:1,j=3380
FR,context=Main,isPrime
VW,context=Main#prime:1,j=3382
FR,context=Main,isPrime
VW,context=Main#prime:1,j=3384
FR,context=Main,isPrime
VW,context=Main#prime:1,j=3386
FR,context=Main,isPrime
VW,context=Main#prime:1,j=3388
FR,context=Main,isPrime
VW,context=Main#prime:1,j=3390
FR,context=Main,isPrime
VW,context=Main#prime:1,j=3392
FR,context=Main,isPrime
VW,context=Main#prime:1,j=3394
FR,context=Main,isPrime
VW,context=Main#prime:1,j=3396
FR,context=Main,isPrime
VW,context=Main#prime:1,j=3398
FR,context=Main,isPrime
VW,context=Main#prime:1,j=3400
FR,context=Main,isPrime
VW,context=Main#prime:1,j=3402
FR,context=Main,isPrime
VW,context=Main#prime:1,j=3404
FR,context=Main,isPrime
VW,context=Main#prime:1,j=3406
FR,context=Main,isPrime
VW,context=Main#prime:1,j=3408
FR,context=Main,isPrime
VW,context=Main#prime:1,j=3410
FR,context=Main,isPrime
VW,context=Main#prime:1,j=3412
FR,context=Main,isPrime
VW,context=Main#prime:1,j=3414
FR,context=Main,isPrime
VW,context=Main#prime:1,j=3416
FR,context=Main,isPrime
VW,context=Main#prime:1,j=3418
FR,context=Main,isPrime
VW,context=Main#prime:1,j=3420
FR,context=Main,isPrime
VW,context=Main#prime:1,j=3422
FR,context=Main,isPrime
VW,context=Main#prime:1,j=3424
FR,context=Main,isPrime
VW,context=Main#prime:1,j=3426
FR,context=Main,isPrime
VW,context=Main#prime:1,j=3428
FR,context=Main,isPrime
VW,context=Main#prime:1,j=3430
FR,context=Main,isPrime
VW,context=Main#prime:1,j=3432
FR,context=Main,isPrime
VW,context=Main#prime:1,j=3434
FR,context=Main,isPrime
VW,context=Main#prime:1,j=3436
FR,context=Main,isPrime
VW,context=Main#prime:1,j=3438
FR,context=Main,isPrime
VW,context=Main#prime:1,j=3440
FR,context=Main,isPrime
VW,context=Main#prime:1,j=3442
FR,context=Main,isPrime
VW,context=Main#prime:1,j=3444
FR,context=Main,isPrime
VW,context=Main#prime:1,j=3446
FR,context=Main,isPrime
VW,context=Main#prime:1,j=3448
FR,context=Main,isPrime
VW,context=Main#prime:1,j=3450
FR,context=Main,isPrime
VW,context=Main#prime:1,j=3452
FR,context=Main,isPrime
VW,context=Main#prime:1,j=3454
FR,context=Main,isPrime
VW,context=Main#prime:1,j=3456
FR,context=Main,isPrime
VW,context=Main#prime:1,j=3458
FR,context=Main,isPrime
VW,context=Main#prime:1,j=3460
FR,context=Main,isPrime
VW,context=Main#prime:1,j=3462
FR,context=Main,isPrime
VW,context=Main#prime:1,j=3464
FR,context=Main,isPrime
VW,context=Main#prime:1,j=3466
FR,context=Main,isPrime
VW,context=Main#prime:1,j=3468
FR,context=Main,isPrime
VW,context=Main#prime:1,j=3470
FR,context=Main,isPrime
VW,context=Main#prime:1,j=3472
FR,context=Main,isPrime
VW,context=Main#prime:1,j=3474
FR,context=Main,isPrime
VW,context=Main#prime:1,j=3476
FR,context=Main,isPrime
VW,context=Main#prime:1,j=3478
FR,context=Main,isPrime
VW,context=Main#prime:1,j=3480
FR,context=Main,isPrime
VW,context=Main#prime:1,j=3482
FR,context=Main,isPrime
VW,context=Main#prime:1,j=3484
FR,context=Main,isPrime
VW,context=Main#prime:1,j=3486
FR,context=Main,isPrime
VW,context=Main#prime:1,j=3488
FR,context=Main,isPrime
VW,context=Main#prime:1,j=3490
FR,context=Main,isPrime
VW,context=Main#prime:1,j=3492
FR,context=Main,isPrime
VW,context=Main#prime:1,j=3494
FR,context=Main,isPrime
VW,context=Main#prime:1,j=3496
FR,context=Main,isPrime
VW,context=Main#prime:1,j=3498
FR,context=Main,isPrime
VW,context=Main#prime:1,j=3500
FR,context=Main,isPrime
VW,context=Main#prime:1,j=3502
FR,context=Main,isPrime
VW,context=Main#prime:1,j=3504
FR,context=Main,isPrime
VW,context=Main#prime:1,j=3506
FR,context=Main,isPrime
VW,context=Main#prime:1,j=3508
FR,context=Main,isPrime
VW,context=Main#prime:1,j=3510
FR,context=Main,isPrime
VW,context=Main#prime:1,j=3512
FR,context=Main,isPrime
VW,context=Main#prime:1,j=3514
FR,context=Main,isPrime
VW,context=Main#prime:1,j=3516
FR,context=Main,isPrime
VW,context=Main#prime:1,j=3518
FR,context=Main,isPrime
VW,context=Main#prime:1,j=3520
FR,context=Main,isPrime
VW,context=Main#prime:1,j=3522
FR,context=Main,isPrime
VW,context=Main#prime:1,j=3524
FR,context=Main,isPrime
VW,context=Main#prime:1,j=3526
FR,context=Main,isPrime
VW,context=Main#prime:1,j=3528
FR,context=Main,isPrime
VW,context=Main#prime:1,j=3530
FR,context=Main,isPrime
VW,context=Main#prime:1,j=3532
FR,context=Main,isPrime
VW,context=Main#prime:1,j=3534
FR,context=Main,isPrime
VW,context=Main#prime:1,j=3536
FR,context=Main,isPrime
VW,context=Main#prime:1,j=3538
FR,context=Main,isPrime
VW,context=Main#prime:1,j=3540
FR,context=Main,isPrime
VW,context=Main#prime:1,j=3542
FR,context=Main,isPrime
VW,context=Main#prime:1,j=3544
FR,context=Main,isPrime
VW,context=Main#prime:1,j=3546
FR,context=Main,isPrime
VW,context=Main#prime:1,j=3548
FR,context=Main,isPrime
VW,context=Main#prime:1,j=3550
FR,context=Main,isPrime
VW,context=Main#prime:1,j=3552
FR,context=Main,isPrime
VW,context=Main#prime:1,j=3554
FR,context=Main,isPrime
VW,context=Main#prime:1,j=3556
FR,context=Main,isPrime
VW,context=Main#prime:1,j=3558
FR,context=Main,isPrime
VW,context=Main#prime:1,j=3560
FR,context=Main,isPrime
VW,context=Main#prime:1,j=3562
FR,context=Main,isPrime
VW,context=Main#prime:1,j=3564
FR,context=Main,isPrime
VW,context=Main#prime:1,j=3566
FR,context=Main,isPrime
VW,context=Main#prime:1,j=3568
FR,context=Main,isPrime
VW,context=Main#prime:1,j=3570
FR,context=Main,isPrime
VW,context=Main#prime:1,j=3572
FR,context=Main,isPrime
VW,context=Main#prime:1,j=3574
FR,context=Main,isPrime
VW,context=Main#prime:1,j=3576
FR,context=Main,isPrime
VW,context=Main#prime:1,j=3578
FR,context=Main,isPrime
VW,context=Main#prime:1,j=3580
FR,context=Main,isPrime
VW,context=Main#prime:1,j=3582
FR,context=Main,isPrime
VW,context=Main#prime:1,j=3584
FR,context=Main,isPrime
VW,context=Main#prime:1,j=3586
FR,context=Main,isPrime
VW,context=Main#prime:1,j=3588
FR,context=Main,isPrime
VW,context=Main#prime:1,j=3590
FR,context=Main,isPrime
VW,context=Main#prime:1,j=3592
FR,context=Main,isPrime
VW,context=Main#prime:1,j=3594
FR,context=Main,isPrime
VW,context=Main#prime:1,j=3596
FR,context=Main,isPrime
VW,context=Main#prime:1,j=3598
FR,context=Main,isPrime
VW,context=Main#prime:1,j=3600
FR,context=Main,isPrime
VW,context=Main#prime:1,j=3602
FR,context=Main,isPrime
VW,context=Main#prime:1,j=3604
FR,context=Main,isPrime
VW,context=Main#prime:1,j=3606
FR,context=Main,isPrime
VW,context=Main#prime:1,j=3608
FR,context=Main,isPrime
VW,context=Main#prime:1,j=3610
FR,context=Main,isPrime
VW,context=Main#prime:1,j=3612
FR,context=Main,isPrime
VW,context=Main#prime:1,j=3614
FR,context=Main,isPrime
VW,context=Main#prime:1,j=3616
FR,context=Main,isPrime
VW,context=Main#prime:1,j=3618
FR,context=Main,isPrime
VW,context=Main#prime:1,j=3620
FR,context=Main,isPrime
VW,context=Main#prime:1,j=3622
FR,context=Main,isPrime
VW,context=Main#prime:1,j=3624
FR,context=Main,isPrime
VW,context=Main#prime:1,j=3626
FR,context=Main,isPrime
VW,context=Main#prime:1,j=3628
FR,context=Main,isPrime
VW,context=Main#prime:1,j=3630
FR,context=Main,isPrime
VW,context=Main#prime:1,j=3632
FR,context=Main,isPrime
VW,context=Main#prime:1,j=3634
FR,context=Main,isPrime
VW,context=Main#prime:1,j=3636
FR,context=Main,isPrime
VW,context=Main#prime:1,j=3638
FR,context=Main,isPrime
VW,context=Main#prime:1,j=3640
FR,context=Main,isPrime
VW,context=Main#prime:1,j=3642
FR,context=Main,isPrime
VW,context=Main#prime:1,j=3644
FR,context=Main,isPrime
VW,context=Main#prime:1,j=3646
FR,context=Main,isPrime
VW,context=Main#prime:1,j=3648
FR,context=Main,isPrime
VW,context=Main#prime:1,j=3650
FR,context=Main,isPrime
VW,context=Main#prime:1,j=3652
FR,context=Main,isPrime
VW,context=Main#prime:1,j=3654
FR,context=Main,isPrime
VW,context=Main#prime:1,j=3656
FR,context=Main,isPrime
VW,context=Main#prime:1,j=3658
FR,context=Main,isPrime
VW,context=Main#prime:1,j=3660
FR,context=Main,isPrime
VW,context=Main#prime:1,j=3662
FR,context=Main,isPrime
VW,context=Main#prime:1,j=3664
FR,context=Main,isPrime
VW,context=Main#prime:1,j=3666
FR,context=Main,isPrime
VW,context=Main#prime:1,j=3668
FR,context=Main,isPrime
VW,context=Main#prime:1,j=3670
FR,context=Main,isPrime
VW,context=Main#prime:1,j=3672
FR,context=Main,isPrime
VW,context=Main#prime:1,j=3674
FR,context=Main,isPrime
VW,context=Main#prime:1,j=3676
FR,context=Main,isPrime
VW,context=Main#prime:1,j=3678
FR,context=Main,isPrime
VW,context=Main#prime:1,j=3680
FR,context=Main,isPrime
VW,context=Main#prime:1,j=3682
FR,context=Main,isPrime
VW,context=Main#prime:1,j=3684
FR,context=Main,isPrime
VW,context=Main#prime:1,j=3686
FR,context=Main,isPrime
VW,context=Main#prime:1,j=3688
FR,context=Main,isPrime
VW,context=Main#prime:1,j=3690
FR,context=Main,isPrime
VW,context=Main#prime:1,j=3692
FR,context=Main,isPrime
VW,context=Main#prime:1,j=3694
FR,context=Main,isPrime
VW,context=Main#prime:1,j=3696
FR,context=Main,isPrime
VW,context=Main#prime:1,j=3698
FR,context=Main,isPrime
VW,context=Main#prime:1,j=3700
FR,context=Main,isPrime
VW,context=Main#prime:1,j=3702
FR,context=Main,isPrime
VW,context=Main#prime:1,j=3704
FR,context=Main,isPrime
VW,context=Main#prime:1,j=3706
FR,context=Main,isPrime
VW,context=Main#prime:1,j=3708
FR,context=Main,isPrime
VW,context=Main#prime:1,j=3710
FR,context=Main,isPrime
VW,context=Main#prime:1,j=3712
FR,context=Main,isPrime
VW,context=Main#prime:1,j=3714
FR,context=Main,isPrime
VW,context=Main#prime:1,j=3716
FR,context=Main,isPrime
VW,context=Main#prime:1,j=3718
FR,context=Main,isPrime
VW,context=Main#prime:1,j=3720
FR,context=Main,isPrime
VW,context=Main#prime:1,j=3722
FR,context=Main,isPrime
VW,context=Main#prime:1,j=3724
FR,context=Main,isPrime
VW,context=Main#prime:1,j=3726
FR,context=Main,isPrime
VW,context=Main#prime:1,j=3728
FR,context=Main,isPrime
VW,context=Main#prime:1,j=3730
FR,context=Main,isPrime
VW,context=Main#prime:1,j=3732
FR,context=Main,isPrime
VW,context=Main#prime:1,j=3734
FR,context=Main,isPrime
VW,context=Main#prime:1,j=3736
FR,context=Main,isPrime
VW,context=Main#prime:1,j=3738
FR,context=Main,isPrime
VW,context=Main#prime:1,j=3740
FR,context=Main,isPrime
VW,context=Main#prime:1,j=3742
FR,context=Main,isPrime
VW,context=Main#prime:1,j=3744
FR,context=Main,isPrime
VW,context=Main#prime:1,j=3746
FR,context=Main,isPrime
VW,context=Main#prime:1,j=3748
FR,context=Main,isPrime
VW,context=Main#prime:1,j=3750
FR,context=Main,isPrime
VW,context=Main#prime:1,j=3752
FR,context=Main,isPrime
VW,context=Main#prime:1,j=3754
FR,context=Main,isPrime
VW,context=Main#prime:1,j=3756
FR,context=Main,isPrime
VW,context=Main#prime:1,j=3758
FR,context=Main,isPrime
VW,context=Main#prime:1,j=3760
FR,context=Main,isPrime
VW,context=Main#prime:1,j=3762
FR,context=Main,isPrime
VW,context=Main#prime:1,j=3764
FR,context=Main,isPrime
VW,context=Main#prime:1,j=3766
FR,context=Main,isPrime
VW,context=Main#prime:1,j=3768
FR,context=Main,isPrime
VW,context=Main#prime:1,j=3770
FR,context=Main,isPrime
VW,context=Main#prime:1,j=3772
FR,context=Main,isPrime
VW,context=Main#prime:1,j=3774
FR,context=Main,isPrime
VW,context=Main#prime:1,j=3776
FR,context=Main,isPrime
VW,context=Main#prime:1,j=3778
FR,context=Main,isPrime
VW,context=Main#prime:1,j=3780
FR,context=Main,isPrime
VW,context=Main#prime:1,j=3782
FR,context=Main,isPrime
VW,context=Main#prime:1,j=3784
FR,context=Main,isPrime
VW,context=Main#prime:1,j=3786
FR,context=Main,isPrime
VW,context=Main#prime:1,j=3788
FR,context=Main,isPrime
VW,context=Main#prime:1,j=3790
FR,context=Main,isPrime
VW,context=Main#prime:1,j=3792
FR,context=Main,isPrime
VW,context=Main#prime:1,j=3794
FR,context=Main,isPrime
VW,context=Main#prime:1,j=3796
FR,context=Main,isPrime
VW,context=Main#prime:1,j=3798
FR,context=Main,isPrime
VW,context=Main#prime:1,j=3800
FR,context=Main,isPrime
VW,context=Main#prime:1,j=3802
FR,context=Main,isPrime
VW,context=Main#prime:1,j=3804
FR,context=Main,isPrime
VW,context=Main#prime:1,j=3806
FR,context=Main,isPrime
VW,context=Main#prime:1,j=3808
FR,context=Main,isPrime
VW,context=Main#prime:1,j=3810
FR,context=Main,isPrime
VW,context=Main#prime:1,j=3812
FR,context=Main,isPrime
VW,context=Main#prime:1,j=3814
FR,context=Main,isPrime
VW,context=Main#prime:1,j=3816
FR,context=Main,isPrime
VW,context=Main#prime:1,j=3818
FR,context=Main,isPrime
VW,context=Main#prime:1,j=3820
FR,context=Main,isPrime
VW,context=Main#prime:1,j=3822
FR,context=Main,isPrime
VW,context=Main#prime:1,j=3824
FR,context=Main,isPrime
VW,context=Main#prime:1,j=3826
FR,context=Main,isPrime
VW,context=Main#prime:1,j=3828
FR,context=Main,isPrime
VW,context=Main#prime:1,j=3830
FR,context=Main,isPrime
VW,context=Main#prime:1,j=3832
FR,context=Main,isPrime
VW,context=Main#prime:1,j=3834
FR,context=Main,isPrime
VW,context=Main#prime:1,j=3836
FR,context=Main,isPrime
VW,context=Main#prime:1,j=3838
FR,context=Main,isPrime
VW,context=Main#prime:1,j=3840
FR,context=Main,isPrime
VW,context=Main#prime:1,j=3842
FR,context=Main,isPrime
VW,context=Main#prime:1,j=3844
FR,context=Main,isPrime
VW,context=Main#prime:1,j=3846
FR,context=Main,isPrime
VW,context=Main#prime:1,j=3848
FR,context=Main,isPrime
VW,context=Main#prime:1,j=3850
FR,context=Main,isPrime
VW,context=Main#prime:1,j=3852
FR,context=Main,isPrime
VW,context=Main#prime:1,j=3854
FR,context=Main,isPrime
VW,context=Main#prime:1,j=3856
FR,context=Main,isPrime
VW,context=Main#prime:1,j=3858
FR,context=Main,isPrime
VW,context=Main#prime:1,j=3860
FR,context=Main,isPrime
VW,context=Main#prime:1,j=3862
FR,context=Main,isPrime
VW,context=Main#prime:1,j=3864
FR,context=Main,isPrime
VW,context=Main#prime:1,j=3866
FR,context=Main,isPrime
VW,context=Main#prime:1,j=3868
FR,context=Main,isPrime
VW,context=Main#prime:1,j=3870
FR,context=Main,isPrime
VW,context=Main#prime:1,j=3872
FR,context=Main,isPrime
VW,context=Main#prime:1,j=3874
FR,context=Main,isPrime
VW,context=Main#prime:1,j=3876
FR,context=Main,isPrime
VW,context=Main#prime:1,j=3878
FR,context=Main,isPrime
VW,context=Main#prime:1,j=3880
FR,context=Main,isPrime
VW,context=Main#prime:1,j=3882
FR,context=Main,isPrime
VW,context=Main#prime:1,j=3884
FR,context=Main,isPrime
VW,context=Main#prime:1,j=3886
FR,context=Main,isPrime
VW,context=Main#prime:1,j=3888
FR,context=Main,isPrime
VW,context=Main#prime:1,j=3890
FR,context=Main,isPrime
VW,context=Main#prime:1,j=3892
FR,context=Main,isPrime
VW,context=Main#prime:1,j=3894
FR,context=Main,isPrime
VW,context=Main#prime:1,j=3896
FR,context=Main,isPrime
VW,context=Main#prime:1,j=3898
FR,context=Main,isPrime
VW,context=Main#prime:1,j=3900
FR,context=Main,isPrime
VW,context=Main#prime:1,j=3902
FR,context=Main,isPrime
VW,context=Main#prime:1,j=3904
FR,context=Main,isPrime
VW,context=Main#prime:1,j=3906
FR,context=Main,isPrime
VW,context=Main#prime:1,j=3908
FR,context=Main,isPrime
VW,context=Main#prime:1,j=3910
FR,context=Main,isPrime
VW,context=Main#prime:1,j=3912
FR,context=Main,isPrime
VW,context=Main#prime:1,j=3914
FR,context=Main,isPrime
VW,context=Main#prime:1,j=3916
FR,context=Main,isPrime
VW,context=Main#prime:1,j=3918
FR,context=Main,isPrime
VW,context=Main#prime:1,j=3920
FR,context=Main,isPrime
VW,context=Main#prime:1,j=3922
FR,context=Main,isPrime
VW,context=Main#prime:1,j=3924
FR,context=Main,isPrime
VW,context=Main#prime:1,j=3926
FR,context=Main,isPrime
VW,context=Main#prime:1,j=3928
FR,context=Main,isPrime
VW,context=Main#prime:1,j=3930
FR,context=Main,isPrime
VW,context=Main#prime:1,j=3932
FR,context=Main,isPrime
VW,context=Main#prime:1,j=3934
FR,context=Main,isPrime
VW,context=Main#prime:1,j=3936
FR,context=Main,isPrime
VW,context=Main#prime:1,j=3938
FR,context=Main,isPrime
VW,context=Main#prime:1,j=3940
FR,context=Main,isPrime
VW,context=Main#prime:1,j=3942
FR,context=Main,isPrime
VW,context=Main#prime:1,j=3944
FR,context=Main,isPrime
VW,context=Main#prime:1,j=3946
FR,context=Main,isPrime
VW,context=Main#prime:1,j=3948
FR,context=Main,isPrime
VW,context=Main#prime:1,j=3950
FR,context=Main,isPrime
VW,context=Main#prime:1,j=3952
FR,context=Main,isPrime
VW,context=Main#prime:1,j=3954
FR,context=Main,isPrime
VW,context=Main#prime:1,j=3956
FR,context=Main,isPrime
VW,context=Main#prime:1,j=3958
FR,context=Main,isPrime
VW,context=Main#prime:1,j=3960
FR,context=Main,isPrime
VW,context=Main#prime:1,j=3962
FR,context=Main,isPrime
VW,context=Main#prime:1,j=3964
FR,context=Main,isPrime
VW,context=Main#prime:1,j=3966
FR,context=Main,isPrime
VW,context=Main#prime:1,j=3968
FR,context=Main,isPrime
VW,context=Main#prime:1,j=3970
FR,context=Main,isPrime
VW,context=Main#prime:1,j=3972
FR,context=Main,isPrime
VW,context=Main#prime:1,j=3974
FR,context=Main,isPrime
VW,context=Main#prime:1,j=3976
FR,context=Main,isPrime
VW,context=Main#prime:1,j=3978
FR,context=Main,isPrime
VW,context=Main#prime:1,j=3980
FR,context=Main,isPrime
VW,context=Main#prime:1,j=3982
FR,context=Main,isPrime
VW,context=Main#prime:1,j=3984
FR,context=Main,isPrime
VW,context=Main#prime:1,j=3986
FR,context=Main,isPrime
VW,context=Main#prime:1,j=3988
FR,context=Main,isPrime
VW,context=Main#prime:1,j=3990
FR,context=Main,isPrime
VW,context=Main#prime:1,j=3992
FR,context=Main,isPrime
VW,context=Main#prime:1,j=3994
FR,context=Main,isPrime
VW,context=Main#prime:1,j=3996
FR,context=Main,isPrime
VW,context=Main#prime:1,j=3998
FR,context=Main,isPrime
VW,context=Main#prime:1,j=4000
FR,context=Main,isPrime
VW,context=Main#prime:1,j=4002
FR,context=Main,isPrime
VW,context=Main#prime:1,j=4004
FR,context=Main,isPrime
VW,context=Main#prime:1,j=4006
FR,context=Main,isPrime
VW,context=Main#prime:1,j=4008
FR,context=Main,isPrime
VW,context=Main#prime:1,j=4010
FR,context=Main,isPrime
VW,context=Main#prime:1,j=4012
FR,context=Main,isPrime
VW,context=Main#prime:1,j=4014
FR,context=Main,isPrime
VW,context=Main#prime:1,j=4016
FR,context=Main,isPrime
VW,context=Main#prime:1,j=4018
FR,context=Main,isPrime
VW,context=Main#prime:1,j=4020
FR,context=Main,isPrime
VW,context=Main#prime:1,j=4022
FR,context=Main,isPrime
VW,context=Main#prime:1,j=4024
FR,context=Main,isPrime
VW,context=Main#prime:1,j=4026
FR,context=Main,isPrime
VW,context=Main#prime:1,j=4028
FR,context=Main,isPrime
VW,context=Main#prime:1,j=4030
FR,context=Main,isPrime
VW,context=Main#prime:1,j=4032
FR,context=Main,isPrime
VW,context=Main#prime:1,j=4034
FR,context=Main,isPrime
VW,context=Main#prime:1,j=4036
FR,context=Main,isPrime
VW,context=Main#prime:1,j=4038
FR,context=Main,isPrime
VW,context=Main#prime:1,j=4040
FR,context=Main,isPrime
VW,context=Main#prime:1,j=4042
FR,context=Main,isPrime
VW,context=Main#prime:1,j=4044
FR,context=Main,isPrime
VW,context=Main#prime:1,j=4046
FR,context=Main,isPrime
VW,context=Main#prime:1,j=4048
FR,context=Main,isPrime
VW,context=Main#prime:1,j=4050
FR,context=Main,isPrime
VW,context=Main#prime:1,j=4052
FR,context=Main,isPrime
VW,context=Main#prime:1,j=4054
FR,context=Main,isPrime
VW,context=Main#prime:1,j=4056
FR,context=Main,isPrime
VW,context=Main#prime:1,j=4058
FR,context=Main,isPrime
VW,context=Main#prime:1,j=4060
FR,context=Main,isPrime
VW,context=Main#prime:1,j=4062
FR,context=Main,isPrime
VW,context=Main#prime:1,j=4064
FR,context=Main,isPrime
VW,context=Main#prime:1,j=4066
FR,context=Main,isPrime
VW,context=Main#prime:1,j=4068
FR,context=Main,isPrime
VW,context=Main#prime:1,j=4070
FR,context=Main,isPrime
VW,context=Main#prime:1,j=4072
FR,context=Main,isPrime
VW,context=Main#prime:1,j=4074
FR,context=Main,isPrime
VW,context=Main#prime:1,j=4076
FR,context=Main,isPrime
VW,context=Main#prime:1,j=4078
FR,context=Main,isPrime
VW,context=Main#prime:1,j=4080
FR,context=Main,isPrime
VW,context=Main#prime:1,j=4082
FR,context=Main,isPrime
VW,context=Main#prime:1,j=4084
FR,context=Main,isPrime
VW,context=Main#prime:1,j=4086
FR,context=Main,isPrime
VW,context=Main#prime:1,j=4088
FR,context=Main,isPrime
VW,context=Main#prime:1,j=4090
FR,context=Main,isPrime
VW,context=Main#prime:1,j=4092
FR,context=Main,isPrime
VW,context=Main#prime:1,j=4094
FR,context=Main,isPrime
VW,context=Main#prime:1,j=4096
FR,context=Main,isPrime
VW,context=Main#prime:1,j=4098
FR,context=Main,isPrime
VW,context=Main#prime:1,j=4100
FR,context=Main,isPrime
VW,context=Main#prime:1,j=4102
FR,context=Main,isPrime
VW,context=Main#prime:1,j=4104
FR,context=Main,isPrime
VW,context=Main#prime:1,j=4106
FR,context=Main,isPrime
VW,context=Main#prime:1,j=4108
FR,context=Main,isPrime
VW,context=Main#prime:1,j=4110
FR,context=Main,isPrime
VW,context=Main#prime:1,j=4112
FR,context=Main,isPrime
VW,context=Main#prime:1,j=4114
FR,context=Main,isPrime
VW,context=Main#prime:1,j=4116
FR,context=Main,isPrime
VW,context=Main#prime:1,j=4118
FR,context=Main,isPrime
VW,context=Main#prime:1,j=4120
FR,context=Main,isPrime
VW,context=Main#prime:1,j=4122
FR,context=Main,isPrime
VW,context=Main#prime:1,j=4124
FR,context=Main,isPrime
VW,context=Main#prime:1,j=4126
FR,context=Main,isPrime
VW,context=Main#prime:1,j=4128
FR,context=Main,isPrime
VW,context=Main#prime:1,j=4130
FR,context=Main,isPrime
VW,context=Main#prime:1,j=4132
FR,context=Main,isPrime
VW,context=Main#prime:1,j=4134
FR,context=Main,isPrime
VW,context=Main#prime:1,j=4136
FR,context=Main,isPrime
VW,context=Main#prime:1,j=4138
FR,context=Main,isPrime
VW,context=Main#prime:1,j=4140
FR,context=Main,isPrime
VW,context=Main#prime:1,j=4142
FR,context=Main,isPrime
VW,context=Main#prime:1,j=4144
FR,context=Main,isPrime
VW,context=Main#prime:1,j=4146
FR,context=Main,isPrime
VW,context=Main#prime:1,j=4148
FR,context=Main,isPrime
VW,context=Main#prime:1,j=4150
FR,context=Main,isPrime
VW,context=Main#prime:1,j=4152
FR,context=Main,isPrime
VW,context=Main#prime:1,j=4154
FR,context=Main,isPrime
VW,context=Main#prime:1,j=4156
FR,context=Main,isPrime
VW,context=Main#prime:1,j=4158
FR,context=Main,isPrime
VW,context=Main#prime:1,j=4160
FR,context=Main,isPrime
VW,context=Main#prime:1,j=4162
FR,context=Main,isPrime
VW,context=Main#prime:1,j=4164
FR,context=Main,isPrime
VW,context=Main#prime:1,j=4166
FR,context=Main,isPrime
VW,context=Main#prime:1,j=4168
FR,context=Main,isPrime
VW,context=Main#prime:1,j=4170
FR,context=Main,isPrime
VW,context=Main#prime:1,j=4172
FR,context=Main,isPrime
VW,context=Main#prime:1,j=4174
FR,context=Main,isPrime
VW,context=Main#prime:1,j=4176
FR,context=Main,isPrime
VW,context=Main#prime:1,j=4178
FR,context=Main,isPrime
VW,context=Main#prime:1,j=4180
FR,context=Main,isPrime
VW,context=Main#prime:1,j=4182
FR,context=Main,isPrime
VW,context=Main#prime:1,j=4184
FR,context=Main,isPrime
VW,context=Main#prime:1,j=4186
FR,context=Main,isPrime
VW,context=Main#prime:1,j=4188
FR,context=Main,isPrime
VW,context=Main#prime:1,j=4190
FR,context=Main,isPrime
VW,context=Main#prime:1,j=4192
FR,context=Main,isPrime
VW,context=Main#prime:1,j=4194
FR,context=Main,isPrime
VW,context=Main#prime:1,j=4196
FR,context=Main,isPrime
VW,context=Main#prime:1,j=4198
FR,context=Main,isPrime
VW,context=Main#prime:1,j=4200
FR,context=Main,isPrime
VW,context=Main#prime:1,j=4202
FR,context=Main,isPrime
VW,context=Main#prime:1,j=4204
FR,context=Main,isPrime
VW,context=Main#prime:1,j=4206
FR,context=Main,isPrime
VW,context=Main#prime:1,j=4208
FR,context=Main,isPrime
VW,context=Main#prime:1,j=4210
FR,context=Main,isPrime
VW,context=Main#prime:1,j=4212
FR,context=Main,isPrime
VW,context=Main#prime:1,j=4214
FR,context=Main,isPrime
VW,context=Main#prime:1,j=4216
FR,context=Main,isPrime
VW,context=Main#prime:1,j=4218
FR,context=Main,isPrime
VW,context=Main#prime:1,j=4220
FR,context=Main,isPrime
VW,context=Main#prime:1,j=4222
FR,context=Main,isPrime
VW,context=Main#prime:1,j=4224
FR,context=Main,isPrime
VW,context=Main#prime:1,j=4226
FR,context=Main,isPrime
VW,context=Main#prime:1,j=4228
FR,context=Main,isPrime
VW,context=Main#prime:1,j=4230
FR,context=Main,isPrime
VW,context=Main#prime:1,j=4232
FR,context=Main,isPrime
VW,context=Main#prime:1,j=4234
FR,context=Main,isPrime
VW,context=Main#prime:1,j=4236
FR,context=Main,isPrime
VW,context=Main#prime:1,j=4238
FR,context=Main,isPrime
VW,context=Main#prime:1,j=4240
FR,context=Main,isPrime
VW,context=Main#prime:1,j=4242
FR,context=Main,isPrime
VW,context=Main#prime:1,j=4244
FR,context=Main,isPrime
VW,context=Main#prime:1,j=4246
FR,context=Main,isPrime
VW,context=Main#prime:1,j=4248
FR,context=Main,isPrime
VW,context=Main#prime:1,j=4250
FR,context=Main,isPrime
VW,context=Main#prime:1,j=4252
FR,context=Main,isPrime
VW,context=Main#prime:1,j=4254
FR,context=Main,isPrime
VW,context=Main#prime:1,j=4256
FR,context=Main,isPrime
VW,context=Main#prime:1,j=4258
FR,context=Main,isPrime
VW,context=Main#prime:1,j=4260
FR,context=Main,isPrime
VW,context=Main#prime:1,j=4262
FR,context=Main,isPrime
VW,context=Main#prime:1,j=4264
FR,context=Main,isPrime
VW,context=Main#prime:1,j=4266
FR,context=Main,isPrime
VW,context=Main#prime:1,j=4268
FR,context=Main,isPrime
VW,context=Main#prime:1,j=4270
FR,context=Main,isPrime
VW,context=Main#prime:1,j=4272
FR,context=Main,isPrime
VW,context=Main#prime:1,j=4274
FR,context=Main,isPrime
VW,context=Main#prime:1,j=4276
FR,context=Main,isPrime
VW,context=Main#prime:1,j=4278
FR,context=Main,isPrime
VW,context=Main#prime:1,j=4280
FR,context=Main,isPrime
VW,context=Main#prime:1,j=4282
FR,context=Main,isPrime
VW,context=Main#prime:1,j=4284
FR,context=Main,isPrime
VW,context=Main#prime:1,j=4286
FR,context=Main,isPrime
VW,context=Main#prime:1,j=4288
FR,context=Main,isPrime
VW,context=Main#prime:1,j=4290
FR,context=Main,isPrime
VW,context=Main#prime:1,j=4292
FR,context=Main,isPrime
VW,context=Main#prime:1,j=4294
FR,context=Main,isPrime
VW,context=Main#prime:1,j=4296
FR,context=Main,isPrime
VW,context=Main#prime:1,j=4298
FR,context=Main,isPrime
VW,context=Main#prime:1,j=4300
FR,context=Main,isPrime
VW,context=Main#prime:1,j=4302
FR,context=Main,isPrime
VW,context=Main#prime:1,j=4304
FR,context=Main,isPrime
VW,context=Main#prime:1,j=4306
FR,context=Main,isPrime
VW,context=Main#prime:1,j=4308
FR,context=Main,isPrime
VW,context=Main#prime:1,j=4310
FR,context=Main,isPrime
VW,context=Main#prime:1,j=4312
FR,context=Main,isPrime
VW,context=Main#prime:1,j=4314
FR,context=Main,isPrime
VW,context=Main#prime:1,j=4316
FR,context=Main,isPrime
VW,context=Main#prime:1,j=4318
FR,context=Main,isPrime
VW,context=Main#prime:1,j=4320
FR,context=Main,isPrime
VW,context=Main#prime:1,j=4322
FR,context=Main,isPrime
VW,context=Main#prime:1,j=4324
FR,context=Main,isPrime
VW,context=Main#prime:1,j=4326
FR,context=Main,isPrime
VW,context=Main#prime:1,j=4328
FR,context=Main,isPrime
VW,context=Main#prime:1,j=4330
FR,context=Main,isPrime
VW,context=Main#prime:1,j=4332
FR,context=Main,isPrime
VW,context=Main#prime:1,j=4334
FR,context=Main,isPrime
VW,context=Main#prime:1,j=4336
FR,context=Main,isPrime
VW,context=Main#prime:1,j=4338
FR,context=Main,isPrime
VW,context=Main#prime:1,j=4340
FR,context=Main,isPrime
VW,context=Main#prime:1,j=4342
FR,context=Main,isPrime
VW,context=Main#prime:1,j=4344
FR,context=Main,isPrime
VW,context=Main#prime:1,j=4346
FR,context=Main,isPrime
VW,context=Main#prime:1,j=4348
FR,context=Main,isPrime
VW,context=Main#prime:1,j=4350
FR,context=Main,isPrime
VW,context=Main#prime:1,j=4352
FR,context=Main,isPrime
VW,context=Main#prime:1,j=4354
FR,context=Main,isPrime
VW,context=Main#prime:1,j=4356
FR,context=Main,isPrime
VW,context=Main#prime:1,j=4358
FR,context=Main,isPrime
VW,context=Main#prime:1,j=4360
FR,context=Main,isPrime
VW,context=Main#prime:1,j=4362
FR,context=Main,isPrime
VW,context=Main#prime:1,j=4364
FR,context=Main,isPrime
VW,context=Main#prime:1,j=4366
FR,context=Main,isPrime
VW,context=Main#prime:1,j=4368
FR,context=Main,isPrime
VW,context=Main#prime:1,j=4370
FR,context=Main,isPrime
VW,context=Main#prime:1,j=4372
FR,context=Main,isPrime
VW,context=Main#prime:1,j=4374
FR,context=Main,isPrime
VW,context=Main#prime:1,j=4376
FR,context=Main,isPrime
VW,context=Main#prime:1,j=4378
FR,context=Main,isPrime
VW,context=Main#prime:1,j=4380
FR,context=Main,isPrime
VW,context=Main#prime:1,j=4382
FR,context=Main,isPrime
VW,context=Main#prime:1,j=4384
FR,context=Main,isPrime
VW,context=Main#prime:1,j=4386
FR,context=Main,isPrime
VW,context=Main#prime:1,j=4388
FR,context=Main,isPrime
VW,context=Main#prime:1,j=4390
FR,context=Main,isPrime
VW,context=Main#prime:1,j=4392
FR,context=Main,isPrime
VW,context=Main#prime:1,j=4394
FR,context=Main,isPrime
VW,context=Main#prime:1,j=4396
FR,context=Main,isPrime
VW,context=Main#prime:1,j=4398
FR,context=Main,isPrime
VW,context=Main#prime:1,j=4400
FR,context=Main,isPrime
VW,context=Main#prime:1,j=4402
FR,context=Main,isPrime
VW,context=Main#prime:1,j=4404
FR,context=Main,isPrime
VW,context=Main#prime:1,j=4406
FR,context=Main,isPrime
VW,context=Main#prime:1,j=4408
FR,context=Main,isPrime
VW,context=Main#prime:1,j=4410
FR,context=Main,isPrime
VW,context=Main#prime:1,j=4412
FR,context=Main,isPrime
VW,context=Main#prime:1,j=4414
FR,context=Main,isPrime
VW,context=Main#prime:1,j=4416
FR,context=Main,isPrime
VW,context=Main#prime:1,j=4418
FR,context=Main,isPrime
VW,context=Main#prime:1,j=4420
FR,context=Main,isPrime
VW,context=Main#prime:1,j=4422
FR,context=Main,isPrime
VW,context=Main#prime:1,j=4424
FR,context=Main,isPrime
VW,context=Main#prime:1,j=4426
FR,context=Main,isPrime
VW,context=Main#prime:1,j=4428
FR,context=Main,isPrime
VW,context=Main#prime:1,j=4430
FR,context=Main,isPrime
VW,context=Main#prime:1,j=4432
FR,context=Main,isPrime
VW,context=Main#prime:1,j=4434
FR,context=Main,isPrime
VW,context=Main#prime:1,j=4436
FR,context=Main,isPrime
VW,context=Main#prime:1,j=4438
FR,context=Main,isPrime
VW,context=Main#prime:1,j=4440
FR,context=Main,isPrime
VW,context=Main#prime:1,j=4442
FR,context=Main,isPrime
VW,context=Main#prime:1,j=4444
FR,context=Main,isPrime
VW,context=Main#prime:1,j=4446
FR,context=Main,isPrime
VW,context=Main#prime:1,j=4448
FR,context=Main,isPrime
VW,context=Main#prime:1,j=4450
FR,context=Main,isPrime
VW,context=Main#prime:1,j=4452
FR,context=Main,isPrime
VW,context=Main#prime:1,j=4454
FR,context=Main,isPrime
VW,context=Main#prime:1,j=4456
FR,context=Main,isPrime
VW,context=Main#prime:1,j=4458
FR,context=Main,isPrime
VW,context=Main#prime:1,j=4460
FR,context=Main,isPrime
VW,context=Main#prime:1,j=4462
FR,context=Main,isPrime
VW,context=Main#prime:1,j=4464
FR,context=Main,isPrime
VW,context=Main#prime:1,j=4466
FR,context=Main,isPrime
VW,context=Main#prime:1,j=4468
FR,context=Main,isPrime
VW,context=Main#prime:1,j=4470
FR,context=Main,isPrime
VW,context=Main#prime:1,j=4472
FR,context=Main,isPrime
VW,context=Main#prime:1,j=4474
FR,context=Main,isPrime
VW,context=Main#prime:1,j=4476
FR,context=Main,isPrime
VW,context=Main#prime:1,j=4478
FR,context=Main,isPrime
VW,context=Main#prime:1,j=4480
FR,context=Main,isPrime
VW,context=Main#prime:1,j=4482
FR,context=Main,isPrime
VW,context=Main#prime:1,j=4484
FR,context=Main,isPrime
VW,context=Main#prime:1,j=4486
FR,context=Main,isPrime
VW,context=Main#prime:1,j=4488
FR,context=Main,isPrime
VW,context=Main#prime:1,j=4490
FR,context=Main,isPrime
VW,context=Main#prime:1,j=4492
FR,context=Main,isPrime
VW,context=Main#prime:1,j=4494
FR,context=Main,isPrime
VW,context=Main#prime:1,j=4496
FR,context=Main,isPrime
VW,context=Main#prime:1,j=4498
FR,context=Main,isPrime
VW,context=Main#prime:1,j=4500
FR,context=Main,isPrime
VW,context=Main#prime:1,j=4502
FR,context=Main,isPrime
VW,context=Main#prime:1,j=4504
FR,context=Main,isPrime
VW,context=Main#prime:1,j=4506
FR,context=Main,isPrime
VW,context=Main#prime:1,j=4508
FR,context=Main,isPrime
VW,context=Main#prime:1,j=4510
FR,context=Main,isPrime
VW,context=Main#prime:1,j=4512
FR,context=Main,isPrime
VW,context=Main#prime:1,j=4514
FR,context=Main,isPrime
VW,context=Main#prime:1,j=4516
FR,context=Main,isPrime
VW,context=Main#prime:1,j=4518
FR,context=Main,isPrime
VW,context=Main#prime:1,j=4520
FR,context=Main,isPrime
VW,context=Main#prime:1,j=4522
FR,context=Main,isPrime
VW,context=Main#prime:1,j=4524
FR,context=Main,isPrime
VW,context=Main#prime:1,j=4526
FR,context=Main,isPrime
VW,context=Main#prime:1,j=4528
FR,context=Main,isPrime
VW,context=Main#prime:1,j=4530
FR,context=Main,isPrime
VW,context=Main#prime:1,j=4532
FR,context=Main,isPrime
VW,context=Main#prime:1,j=4534
FR,context=Main,isPrime
VW,context=Main#prime:1,j=4536
FR,context=Main,isPrime
VW,context=Main#prime:1,j=4538
FR,context=Main,isPrime
VW,context=Main#prime:1,j=4540
FR,context=Main,isPrime
VW,context=Main#prime:1,j=4542
FR,context=Main,isPrime
VW,context=Main#prime:1,j=4544
FR,context=Main,isPrime
VW,context=Main#prime:1,j=4546
FR,context=Main,isPrime
VW,context=Main#prime:1,j=4548
FR,context=Main,isPrime
VW,context=Main#prime:1,j=4550
FR,context=Main,isPrime
VW,context=Main#prime:1,j=4552
FR,context=Main,isPrime
VW,context=Main#prime:1,j=4554
FR,context=Main,isPrime
VW,context=Main#prime:1,j=4556
FR,context=Main,isPrime
VW,context=Main#prime:1,j=4558
FR,context=Main,isPrime
VW,context=Main#prime:1,j=4560
FR,context=Main,isPrime
VW,context=Main#prime:1,j=4562
FR,context=Main,isPrime
VW,context=Main#prime:1,j=4564
FR,context=Main,isPrime
VW,context=Main#prime:1,j=4566
FR,context=Main,isPrime
VW,context=Main#prime:1,j=4568
FR,context=Main,isPrime
VW,context=Main#prime:1,j=4570
FR,context=Main,isPrime
VW,context=Main#prime:1,j=4572
FR,context=Main,isPrime
VW,context=Main#prime:1,j=4574
FR,context=Main,isPrime
VW,context=Main#prime:1,j=4576
FR,context=Main,isPrime
VW,context=Main#prime:1,j=4578
FR,context=Main,isPrime
VW,context=Main#prime:1,j=4580
FR,context=Main,isPrime
VW,context=Main#prime:1,j=4582
FR,context=Main,isPrime
VW,context=Main#prime:1,j=4584
FR,context=Main,isPrime
VW,context=Main#prime:1,j=4586
FR,context=Main,isPrime
VW,context=Main#prime:1,j=4588
FR,context=Main,isPrime
VW,context=Main#prime:1,j=4590
FR,context=Main,isPrime
VW,context=Main#prime:1,j=4592
FR,context=Main,isPrime
VW,context=Main#prime:1,j=4594
FR,context=Main,isPrime
VW,context=Main#prime:1,j=4596
FR,context=Main,isPrime
VW,context=Main#prime:1,j=4598
FR,context=Main,isPrime
VW,context=Main#prime:1,j=4600
FR,context=Main,isPrime
VW,context=Main#prime:1,j=4602
FR,context=Main,isPrime
VW,context=Main#prime:1,j=4604
FR,context=Main,isPrime
VW,context=Main#prime:1,j=4606
FR,context=Main,isPrime
VW,context=Main#prime:1,j=4608
FR,context=Main,isPrime
VW,context=Main#prime:1,j=4610
FR,context=Main,isPrime
VW,context=Main#prime:1,j=4612
FR,context=Main,isPrime
VW,context=Main#prime:1,j=4614
FR,context=Main,isPrime
VW,context=Main#prime:1,j=4616
FR,context=Main,isPrime
VW,context=Main#prime:1,j=4618
FR,context=Main,isPrime
VW,context=Main#prime:1,j=4620
FR,context=Main,isPrime
VW,context=Main#prime:1,j=4622
FR,context=Main,isPrime
VW,context=Main#prime:1,j=4624
FR,context=Main,isPrime
VW,context=Main#prime:1,j=4626
FR,context=Main,isPrime
VW,context=Main#prime:1,j=4628
FR,context=Main,isPrime
VW,context=Main#prime:1,j=4630
FR,context=Main,isPrime
VW,context=Main#prime:1,j=4632
FR,context=Main,isPrime
VW,context=Main#prime:1,j=4634
FR,context=Main,isPrime
VW,context=Main#prime:1,j=4636
FR,context=Main,isPrime
VW,context=Main#prime:1,j=4638
FR,context=Main,isPrime
VW,context=Main#prime:1,j=4640
FR,context=Main,isPrime
VW,context=Main#prime:1,j=4642
FR,context=Main,isPrime
VW,context=Main#prime:1,j=4644
FR,context=Main,isPrime
VW,context=Main#prime:1,j=4646
FR,context=Main,isPrime
VW,context=Main#prime:1,j=4648
FR,context=Main,isPrime
VW,context=Main#prime:1,j=4650
FR,context=Main,isPrime
VW,context=Main#prime:1,j=4652
FR,context=Main,isPrime
VW,context=Main#prime:1,j=4654
FR,context=Main,isPrime
VW,context=Main#prime:1,j=4656
FR,context=Main,isPrime
VW,context=Main#prime:1,j=4658
FR,context=Main,isPrime
VW,context=Main#prime:1,j=4660
FR,context=Main,isPrime
VW,context=Main#prime:1,j=4662
FR,context=Main,isPrime
VW,context=Main#prime:1,j=4664
FR,context=Main,isPrime
VW,context=Main#prime:1,j=4666
FR,context=Main,isPrime
VW,context=Main#prime:1,j=4668
FR,context=Main,isPrime
VW,context=Main#prime:1,j=4670
FR,context=Main,isPrime
VW,context=Main#prime:1,j=4672
FR,context=Main,isPrime
VW,context=Main#prime:1,j=4674
FR,context=Main,isPrime
VW,context=Main#prime:1,j=4676
FR,context=Main,isPrime
VW,context=Main#prime:1,j=4678
FR,context=Main,isPrime
VW,context=Main#prime:1,j=4680
FR,context=Main,isPrime
VW,context=Main#prime:1,j=4682
FR,context=Main,isPrime
VW,context=Main#prime:1,j=4684
FR,context=Main,isPrime
VW,context=Main#prime:1,j=4686
FR,context=Main,isPrime
VW,context=Main#prime:1,j=4688
FR,context=Main,isPrime
VW,context=Main#prime:1,j=4690
FR,context=Main,isPrime
VW,context=Main#prime:1,j=4692
FR,context=Main,isPrime
VW,context=Main#prime:1,j=4694
FR,context=Main,isPrime
VW,context=Main#prime:1,j=4696
FR,context=Main,isPrime
VW,context=Main#prime:1,j=4698
FR,context=Main,isPrime
VW,context=Main#prime:1,j=4700
FR,context=Main,isPrime
VW,context=Main#prime:1,j=4702
FR,context=Main,isPrime
VW,context=Main#prime:1,j=4704
FR,context=Main,isPrime
VW,context=Main#prime:1,j=4706
FR,context=Main,isPrime
VW,context=Main#prime:1,j=4708
FR,context=Main,isPrime
VW,context=Main#prime:1,j=4710
FR,context=Main,isPrime
VW,context=Main#prime:1,j=4712
FR,context=Main,isPrime
VW,context=Main#prime:1,j=4714
FR,context=Main,isPrime
VW,context=Main#prime:1,j=4716
FR,context=Main,isPrime
VW,context=Main#prime:1,j=4718
FR,context=Main,isPrime
VW,context=Main#prime:1,j=4720
FR,context=Main,isPrime
VW,context=Main#prime:1,j=4722
FR,context=Main,isPrime
VW,context=Main#prime:1,j=4724
FR,context=Main,isPrime
VW,context=Main#prime:1,j=4726
FR,context=Main,isPrime
VW,context=Main#prime:1,j=4728
FR,context=Main,isPrime
VW,context=Main#prime:1,j=4730
FR,context=Main,isPrime
VW,context=Main#prime:1,j=4732
FR,context=Main,isPrime
VW,context=Main#prime:1,j=4734
FR,context=Main,isPrime
VW,context=Main#prime:1,j=4736
FR,context=Main,isPrime
VW,context=Main#prime:1,j=4738
FR,context=Main,isPrime
VW,context=Main#prime:1,j=4740
FR,context=Main,isPrime
VW,context=Main#prime:1,j=4742
FR,context=Main,isPrime
VW,context=Main#prime:1,j=4744
FR,context=Main,isPrime
VW,context=Main#prime:1,j=4746
FR,context=Main,isPrime
VW,context=Main#prime:1,j=4748
FR,context=Main,isPrime
VW,context=Main#prime:1,j=4750
FR,context=Main,isPrime
VW,context=Main#prime:1,j=4752
FR,context=Main,isPrime
VW,context=Main#prime:1,j=4754
FR,context=Main,isPrime
VW,context=Main#prime:1,j=4756
FR,context=Main,isPrime
VW,context=Main#prime:1,j=4758
FR,context=Main,isPrime
VW,context=Main#prime:1,j=4760
FR,context=Main,isPrime
VW,context=Main#prime:1,j=4762
FR,context=Main,isPrime
VW,context=Main#prime:1,j=4764
FR,context=Main,isPrime
VW,context=Main#prime:1,j=4766
FR,context=Main,isPrime
VW,context=Main#prime:1,j=4768
FR,context=Main,isPrime
VW,context=Main#prime:1,j=4770
FR,context=Main,isPrime
VW,context=Main#prime:1,j=4772
FR,context=Main,isPrime
VW,context=Main#prime:1,j=4774
FR,context=Main,isPrime
VW,context=Main#prime:1,j=4776
FR,context=Main,isPrime
VW,context=Main#prime:1,j=4778
FR,context=Main,isPrime
VW,context=Main#prime:1,j=4780
FR,context=Main,isPrime
VW,context=Main#prime:1,j=4782
FR,context=Main,isPrime
VW,context=Main#prime:1,j=4784
FR,context=Main,isPrime
VW,context=Main#prime:1,j=4786
FR,context=Main,isPrime
VW,context=Main#prime:1,j=4788
FR,context=Main,isPrime
VW,context=Main#prime:1,j=4790
FR,context=Main,isPrime
VW,context=Main#prime:1,j=4792
FR,context=Main,isPrime
VW,context=Main#prime:1,j=4794
FR,context=Main,isPrime
VW,context=Main#prime:1,j=4796
FR,context=Main,isPrime
VW,context=Main#prime:1,j=4798
FR,context=Main,isPrime
VW,context=Main#prime:1,j=4800
FR,context=Main,isPrime
VW,context=Main#prime:1,j=4802
FR,context=Main,isPrime
VW,context=Main#prime:1,j=4804
FR,context=Main,isPrime
VW,context=Main#prime:1,j=4806
FR,context=Main,isPrime
VW,context=Main#prime:1,j=4808
FR,context=Main,isPrime
VW,context=Main#prime:1,j=4810
FR,context=Main,isPrime
VW,context=Main#prime:1,j=4812
FR,context=Main,isPrime
VW,context=Main#prime:1,j=4814
FR,context=Main,isPrime
VW,context=Main#prime:1,j=4816
FR,context=Main,isPrime
VW,context=Main#prime:1,j=4818
FR,context=Main,isPrime
VW,context=Main#prime:1,j=4820
FR,context=Main,isPrime
VW,context=Main#prime:1,j=4822
FR,context=Main,isPrime
VW,context=Main#prime:1,j=4824
FR,context=Main,isPrime
VW,context=Main#prime:1,j=4826
FR,context=Main,isPrime
VW,context=Main#prime:1,j=4828
FR,context=Main,isPrime
VW,context=Main#prime:1,j=4830
FR,context=Main,isPrime
VW,context=Main#prime:1,j=4832
FR,context=Main,isPrime
VW,context=Main#prime:1,j=4834
FR,context=Main,isPrime
VW,context=Main#prime:1,j=4836
FR,context=Main,isPrime
VW,context=Main#prime:1,j=4838
FR,context=Main,isPrime
VW,context=Main#prime:1,j=4840
FR,context=Main,isPrime
VW,context=Main#prime:1,j=4842
FR,context=Main,isPrime
VW,context=Main#prime:1,j=4844
FR,context=Main,isPrime
VW,context=Main#prime:1,j=4846
FR,context=Main,isPrime
VW,context=Main#prime:1,j=4848
FR,context=Main,isPrime
VW,context=Main#prime:1,j=4850
FR,context=Main,isPrime
VW,context=Main#prime:1,j=4852
FR,context=Main,isPrime
VW,context=Main#prime:1,j=4854
FR,context=Main,isPrime
VW,context=Main#prime:1,j=4856
FR,context=Main,isPrime
VW,context=Main#prime:1,j=4858
FR,context=Main,isPrime
VW,context=Main#prime:1,j=4860
FR,context=Main,isPrime
VW,context=Main#prime:1,j=4862
FR,context=Main,isPrime
VW,context=Main#prime:1,j=4864
FR,context=Main,isPrime
VW,context=Main#prime:1,j=4866
FR,context=Main,isPrime
VW,context=Main#prime:1,j=4868
FR,context=Main,isPrime
VW,context=Main#prime:1,j=4870
FR,context=Main,isPrime
VW,context=Main#prime:1,j=4872
FR,context=Main,isPrime
VW,context=Main#prime:1,j=4874
FR,context=Main,isPrime
VW,context=Main#prime:1,j=4876
FR,context=Main,isPrime
VW,context=Main#prime:1,j=4878
FR,context=Main,isPrime
VW,context=Main#prime:1,j=4880
FR,context=Main,isPrime
VW,context=Main#prime:1,j=4882
FR,context=Main,isPrime
VW,context=Main#prime:1,j=4884
FR,context=Main,isPrime
VW,context=Main#prime:1,j=4886
FR,context=Main,isPrime
VW,context=Main#prime:1,j=4888
FR,context=Main,isPrime
VW,context=Main#prime:1,j=4890
FR,context=Main,isPrime
VW,context=Main#prime:1,j=4892
FR,context=Main,isPrime
VW,context=Main#prime:1,j=4894
FR,context=Main,isPrime
VW,context=Main#prime:1,j=4896
FR,context=Main,isPrime
VW,context=Main#prime:1,j=4898
FR,context=Main,isPrime
VW,context=Main#prime:1,j=4900
FR,context=Main,isPrime
VW,context=Main#prime:1,j=4902
FR,context=Main,isPrime
VW,context=Main#prime:1,j=4904
FR,context=Main,isPrime
VW,context=Main#prime:1,j=4906
FR,context=Main,isPrime
VW,context=Main#prime:1,j=4908
FR,context=Main,isPrime
VW,context=Main#prime:1,j=4910
FR,context=Main,isPrime
VW,context=Main#prime:1,j=4912
FR,context=Main,isPrime
VW,context=Main#prime:1,j=4914
FR,context=Main,isPrime
VW,context=Main#prime:1,j=4916
FR,context=Main,isPrime
VW,context=Main#prime:1,j=4918
FR,context=Main,isPrime
VW,context=Main#prime:1,j=4920
FR,context=Main,isPrime
VW,context=Main#prime:1,j=4922
FR,context=Main,isPrime
VW,context=Main#prime:1,j=4924
FR,context=Main,isPrime
VW,context=Main#prime:1,j=4926
FR,context=Main,isPrime
VW,context=Main#prime:1,j=4928
FR,context=Main,isPrime
VW,context=Main#prime:1,j=4930
FR,context=Main,isPrime
VW,context=Main#prime:1,j=4932
FR,context=Main,isPrime
VW,context=Main#prime:1,j=4934
FR,context=Main,isPrime
VW,context=Main#prime:1,j=4936
FR,context=Main,isPrime
VW,context=Main#prime:1,j=4938
FR,context=Main,isPrime
VW,context=Main#prime:1,j=4940
FR,context=Main,isPrime
VW,context=Main#prime:1,j=4942
FR,context=Main,isPrime
VW,context=Main#prime:1,j=4944
FR,context=Main,isPrime
VW,context=Main#prime:1,j=4946
FR,context=Main,isPrime
VW,context=Main#prime:1,j=4948
FR,context=Main,isPrime
VW,context=Main#prime:1,j=4950
FR,context=Main,isPrime
VW,context=Main#prime:1,j=4952
FR,context=Main,isPrime
VW,context=Main#prime:1,j=4954
FR,context=Main,isPrime
VW,context=Main#prime:1,j=4956
FR,context=Main,isPrime
VW,context=Main#prime:1,j=4958
FR,context=Main,isPrime
VW,context=Main#prime:1,j=4960
FR,context=Main,isPrime
VW,context=Main#prime:1,j=4962
FR,context=Main,isPrime
VW,context=Main#prime:1,j=4964
FR,context=Main,isPrime
VW,context=Main#prime:1,j=4966
FR,context=Main,isPrime
VW,context=Main#prime:1,j=4968
FR,context=Main,isPrime
VW,context=Main#prime:1,j=4970
FR,context=Main,isPrime
VW,context=Main#prime:1,j=4972
FR,context=Main,isPrime
VW,context=Main#prime:1,j=4974
FR,context=Main,isPrime
VW,context=Main#prime:1,j=4976
FR,context=Main,isPrime
VW,context=Main#prime:1,j=4978
FR,context=Main,isPrime
VW,context=Main#prime:1,j=4980
FR,context=Main,isPrime
VW,context=Main#prime:1,j=4982
FR,context=Main,isPrime
VW,context=Main#prime:1,j=4984
FR,context=Main,isPrime
VW,context=Main#prime:1,j=4986
FR,context=Main,isPrime
VW,context=Main#prime:1,j=4988
FR,context=Main,isPrime
VW,context=Main#prime:1,j=4990
FR,context=Main,isPrime
VW,context=Main#prime:1,j=4992
FR,context=Main,isPrime
VW,context=Main#prime:1,j=4994
FR,context=Main,isPrime
VW,context=Main#prime:1,j=4996
FR,context=Main,isPrime
VW,context=Main#prime:1,j=4998
FR,context=Main,isPrime
VW,context=Main#prime:1,j=5000
FR,context=Main,isPrime
VW,context=Main#prime:1,j=5002
FR,context=Main,isPrime
VW,context=Main#prime:1,j=5004
FR,context=Main,isPrime
VW,context=Main#prime:1,j=5006
FR,context=Main,isPrime
VW,context=Main#prime:1,j=5008
FR,context=Main,isPrime
VW,context=Main#prime:1,j=5010
FR,context=Main,isPrime
VW,context=Main#prime:1,j=5012
FR,context=Main,isPrime
VW,context=Main#prime:1,j=5014
FR,context=Main,isPrime
VW,context=Main#prime:1,j=5016
FR,context=Main,isPrime
VW,context=Main#prime:1,j=5018
FR,context=Main,isPrime
VW,context=Main#prime:1,j=5020
FR,context=Main,isPrime
VW,context=Main#prime:1,j=5022
FR,context=Main,isPrime
VW,context=Main#prime:1,j=5024
FR,context=Main,isPrime
VW,context=Main#prime:1,j=5026
FR,context=Main,isPrime
VW,context=Main#prime:1,j=5028
FR,context=Main,isPrime
VW,context=Main#prime:1,j=5030
FR,context=Main,isPrime
VW,context=Main#prime:1,j=5032
FR,context=Main,isPrime
VW,context=Main#prime:1,j=5034
FR,context=Main,isPrime
VW,context=Main#prime:1,j=5036
FR,context=Main,isPrime
VW,context=Main#prime:1,j=5038
FR,context=Main,isPrime
VW,context=Main#prime:1,j=5040
FR,context=Main,isPrime
VW,context=Main#prime:1,j=5042
FR,context=Main,isPrime
VW,context=Main#prime:1,j=5044
FR,context=Main,isPrime
VW,context=Main#prime:1,j=5046
FR,context=Main,isPrime
VW,context=Main#prime:1,j=5048
FR,context=Main,isPrime
VW,context=Main#prime:1,j=5050
FR,context=Main,isPrime
VW,context=Main#prime:1,j=5052
FR,context=Main,isPrime
VW,context=Main#prime:1,j=5054
FR,context=Main,isPrime
VW,context=Main#prime:1,j=5056
FR,context=Main,isPrime
VW,context=Main#prime:1,j=5058
FR,context=Main,isPrime
VW,context=Main#prime:1,j=5060
FR,context=Main,isPrime
VW,context=Main#prime:1,j=5062
FR,context=Main,isPrime
VW,context=Main#prime:1,j=5064
FR,context=Main,isPrime
VW,context=Main#prime:1,j=5066
FR,context=Main,isPrime
VW,context=Main#prime:1,j=5068
FR,context=Main,isPrime
VW,context=Main#prime:1,j=5070
FR,context=Main,isPrime
VW,context=Main#prime:1,j=5072
FR,context=Main,isPrime
VW,context=Main#prime:1,j=5074
FR,context=Main,isPrime
VW,context=Main#prime:1,j=5076
FR,context=Main,isPrime
VW,context=Main#prime:1,j=5078
FR,context=Main,isPrime
VW,context=Main#prime:1,j=5080
FR,context=Main,isPrime
VW,context=Main#prime:1,j=5082
FR,context=Main,isPrime
VW,context=Main#prime:1,j=5084
FR,context=Main,isPrime
VW,context=Main#prime:1,j=5086
FR,context=Main,isPrime
VW,context=Main#prime:1,j=5088
FR,context=Main,isPrime
VW,context=Main#prime:1,j=5090
FR,context=Main,isPrime
VW,context=Main#prime:1,j=5092
FR,context=Main,isPrime
VW,context=Main#prime:1,j=5094
FR,context=Main,isPrime
VW,context=Main#prime:1,j=5096
FR,context=Main,isPrime
VW,context=Main#prime:1,j=5098
FR,context=Main,isPrime
VW,context=Main#prime:1,j=5100
FR,context=Main,isPrime
VW,context=Main#prime:1,j=5102
FR,context=Main,isPrime
VW,context=Main#prime:1,j=5104
FR,context=Main,isPrime
VW,context=Main#prime:1,j=5106
FR,context=Main,isPrime
VW,context=Main#prime:1,j=5108
FR,context=Main,isPrime
VW,context=Main#prime:1,j=5110
FR,context=Main,isPrime
VW,context=Main#prime:1,j=5112
FR,context=Main,isPrime
VW,context=Main#prime:1,j=5114
FR,context=Main,isPrime
VW,context=Main#prime:1,j=5116
FR,context=Main,isPrime
VW,context=Main#prime:1,j=5118
FR,context=Main,isPrime
VW,context=Main#prime:1,j=5120
FR,context=Main,isPrime
VW,context=Main#prime:1,j=5122
FR,context=Main,isPrime
VW,context=Main#prime:1,j=5124
FR,context=Main,isPrime
VW,context=Main#prime:1,j=5126
FR,context=Main,isPrime
VW,context=Main#prime:1,j=5128
FR,context=Main,isPrime
VW,context=Main#prime:1,j=5130
FR,context=Main,isPrime
VW,context=Main#prime:1,j=5132
FR,context=Main,isPrime
VW,context=Main#prime:1,j=5134
FR,context=Main,isPrime
VW,context=Main#prime:1,j=5136
FR,context=Main,isPrime
VW,context=Main#prime:1,j=5138
FR,context=Main,isPrime
VW,context=Main#prime:1,j=5140
FR,context=Main,isPrime
VW,context=Main#prime:1,j=5142
FR,context=Main,isPrime
VW,context=Main#prime:1,j=5144
FR,context=Main,isPrime
VW,context=Main#prime:1,j=5146
FR,context=Main,isPrime
VW,context=Main#prime:1,j=5148
FR,context=Main,isPrime
VW,context=Main#prime:1,j=5150
FR,context=Main,isPrime
VW,context=Main#prime:1,j=5152
FR,context=Main,isPrime
VW,context=Main#prime:1,j=5154
FR,context=Main,isPrime
VW,context=Main#prime:1,j=5156
FR,context=Main,isPrime
VW,context=Main#prime:1,j=5158
FR,context=Main,isPrime
VW,context=Main#prime:1,j=5160
FR,context=Main,isPrime
VW,context=Main#prime:1,j=5162
FR,context=Main,isPrime
VW,context=Main#prime:1,j=5164
FR,context=Main,isPrime
VW,context=Main#prime:1,j=5166
FR,context=Main,isPrime
VW,context=Main#prime:1,j=5168
FR,context=Main,isPrime
VW,context=Main#prime:1,j=5170
FR,context=Main,isPrime
VW,context=Main#prime:1,j=5172
FR,context=Main,isPrime
VW,context=Main#prime:1,j=5174
FR,context=Main,isPrime
VW,context=Main#prime:1,j=5176
FR,context=Main,isPrime
VW,context=Main#prime:1,j=5178
FR,context=Main,isPrime
VW,context=Main#prime:1,j=5180
FR,context=Main,isPrime
VW,context=Main#prime:1,j=5182
FR,context=Main,isPrime
VW,context=Main#prime:1,j=5184
FR,context=Main,isPrime
VW,context=Main#prime:1,j=5186
FR,context=Main,isPrime
VW,context=Main#prime:1,j=5188
FR,context=Main,isPrime
VW,context=Main#prime:1,j=5190
FR,context=Main,isPrime
VW,context=Main#prime:1,j=5192
FR,context=Main,isPrime
VW,context=Main#prime:1,j=5194
FR,context=Main,isPrime
VW,context=Main#prime:1,j=5196
FR,context=Main,isPrime
VW,context=Main#prime:1,j=5198
FR,context=Main,isPrime
VW,context=Main#prime:1,j=5200
FR,context=Main,isPrime
VW,context=Main#prime:1,j=5202
FR,context=Main,isPrime
VW,context=Main#prime:1,j=5204
FR,context=Main,isPrime
VW,context=Main#prime:1,j=5206
FR,context=Main,isPrime
VW,context=Main#prime:1,j=5208
FR,context=Main,isPrime
VW,context=Main#prime:1,j=5210
FR,context=Main,isPrime
VW,context=Main#prime:1,j=5212
FR,context=Main,isPrime
VW,context=Main#prime:1,j=5214
FR,context=Main,isPrime
VW,context=Main#prime:1,j=5216
FR,context=Main,isPrime
VW,context=Main#prime:1,j=5218
FR,context=Main,isPrime
VW,context=Main#prime:1,j=5220
FR,context=Main,isPrime
VW,context=Main#prime:1,j=5222
FR,context=Main,isPrime
VW,context=Main#prime:1,j=5224
FR,context=Main,isPrime
VW,context=Main#prime:1,j=5226
FR,context=Main,isPrime
VW,context=Main#prime:1,j=5228
FR,context=Main,isPrime
VW,context=Main#prime:1,j=5230
FR,context=Main,isPrime
VW,context=Main#prime:1,j=5232
FR,context=Main,isPrime
VW,context=Main#prime:1,j=5234
FR,context=Main,isPrime
VW,context=Main#prime:1,j=5236
FR,context=Main,isPrime
VW,context=Main#prime:1,j=5238
FR,context=Main,isPrime
VW,context=Main#prime:1,j=5240
FR,context=Main,isPrime
VW,context=Main#prime:1,j=5242
FR,context=Main,isPrime
VW,context=Main#prime:1,j=5244
FR,context=Main,isPrime
VW,context=Main#prime:1,j=5246
FR,context=Main,isPrime
VW,context=Main#prime:1,j=5248
FR,context=Main,isPrime
VW,context=Main#prime:1,j=5250
FR,context=Main,isPrime
VW,context=Main#prime:1,j=5252
FR,context=Main,isPrime
VW,context=Main#prime:1,j=5254
FR,context=Main,isPrime
VW,context=Main#prime:1,j=5256
FR,context=Main,isPrime
VW,context=Main#prime:1,j=5258
FR,context=Main,isPrime
VW,context=Main#prime:1,j=5260
FR,context=Main,isPrime
VW,context=Main#prime:1,j=5262
FR,context=Main,isPrime
VW,context=Main#prime:1,j=5264
FR,context=Main,isPrime
VW,context=Main#prime:1,j=5266
FR,context=Main,isPrime
VW,context=Main#prime:1,j=5268
FR,context=Main,isPrime
VW,context=Main#prime:1,j=5270
FR,context=Main,isPrime
VW,context=Main#prime:1,j=5272
FR,context=Main,isPrime
VW,context=Main#prime:1,j=5274
FR,context=Main,isPrime
VW,context=Main#prime:1,j=5276
FR,context=Main,isPrime
VW,context=Main#prime:1,j=5278
FR,context=Main,isPrime
VW,context=Main#prime:1,j=5280
FR,context=Main,isPrime
VW,context=Main#prime:1,j=5282
FR,context=Main,isPrime
VW,context=Main#prime:1,j=5284
FR,context=Main,isPrime
VW,context=Main#prime:1,j=5286
FR,context=Main,isPrime
VW,context=Main#prime:1,j=5288
FR,context=Main,isPrime
VW,context=Main#prime:1,j=5290
FR,context=Main,isPrime
VW,context=Main#prime:1,j=5292
FR,context=Main,isPrime
VW,context=Main#prime:1,j=5294
FR,context=Main,isPrime
VW,context=Main#prime:1,j=5296
FR,context=Main,isPrime
VW,context=Main#prime:1,j=5298
FR,context=Main,isPrime
VW,context=Main#prime:1,j=5300
FR,context=Main,isPrime
VW,context=Main#prime:1,j=5302
FR,context=Main,isPrime
VW,context=Main#prime:1,j=5304
FR,context=Main,isPrime
VW,context=Main#prime:1,j=5306
FR,context=Main,isPrime
VW,context=Main#prime:1,j=5308
FR,context=Main,isPrime
VW,context=Main#prime:1,j=5310
FR,context=Main,isPrime
VW,context=Main#prime:1,j=5312
FR,context=Main,isPrime
VW,context=Main#prime:1,j=5314
FR,context=Main,isPrime
VW,context=Main#prime:1,j=5316
FR,context=Main,isPrime
VW,context=Main#prime:1,j=5318
FR,context=Main,isPrime
VW,context=Main#prime:1,j=5320
FR,context=Main,isPrime
VW,context=Main#prime:1,j=5322
FR,context=Main,isPrime
VW,context=Main#prime:1,j=5324
FR,context=Main,isPrime
VW,context=Main#prime:1,j=5326
FR,context=Main,isPrime
VW,context=Main#prime:1,j=5328
FR,context=Main,isPrime
VW,context=Main#prime:1,j=5330
FR,context=Main,isPrime
VW,context=Main#prime:1,j=5332
FR,context=Main,isPrime
VW,context=Main#prime:1,j=5334
FR,context=Main,isPrime
VW,context=Main#prime:1,j=5336
FR,context=Main,isPrime
VW,context=Main#prime:1,j=5338
FR,context=Main,isPrime
VW,context=Main#prime:1,j=5340
FR,context=Main,isPrime
VW,context=Main#prime:1,j=5342
FR,context=Main,isPrime
VW,context=Main#prime:1,j=5344
FR,context=Main,isPrime
VW,context=Main#prime:1,j=5346
FR,context=Main,isPrime
VW,context=Main#prime:1,j=5348
FR,context=Main,isPrime
VW,context=Main#prime:1,j=5350
FR,context=Main,isPrime
VW,context=Main#prime:1,j=5352
FR,context=Main,isPrime
VW,context=Main#prime:1,j=5354
FR,context=Main,isPrime
VW,context=Main#prime:1,j=5356
FR,context=Main,isPrime
VW,context=Main#prime:1,j=5358
FR,context=Main,isPrime
VW,context=Main#prime:1,j=5360
FR,context=Main,isPrime
VW,context=Main#prime:1,j=5362
FR,context=Main,isPrime
VW,context=Main#prime:1,j=5364
FR,context=Main,isPrime
VW,context=Main#prime:1,j=5366
FR,context=Main,isPrime
VW,context=Main#prime:1,j=5368
FR,context=Main,isPrime
VW,context=Main#prime:1,j=5370
FR,context=Main,isPrime
VW,context=Main#prime:1,j=5372
FR,context=Main,isPrime
VW,context=Main#prime:1,j=5374
FR,context=Main,isPrime
VW,context=Main#prime:1,j=5376
FR,context=Main,isPrime
VW,context=Main#prime:1,j=5378
FR,context=Main,isPrime
VW,context=Main#prime:1,j=5380
FR,context=Main,isPrime
VW,context=Main#prime:1,j=5382
FR,context=Main,isPrime
VW,context=Main#prime:1,j=5384
FR,context=Main,isPrime
VW,context=Main#prime:1,j=5386
FR,context=Main,isPrime
VW,context=Main#prime:1,j=5388
FR,context=Main,isPrime
VW,context=Main#prime:1,j=5390
FR,context=Main,isPrime
VW,context=Main#prime:1,j=5392
FR,context=Main,isPrime
VW,context=Main#prime:1,j=5394
FR,context=Main,isPrime
VW,context=Main#prime:1,j=5396
FR,context=Main,isPrime
VW,context=Main#prime:1,j=5398
FR,context=Main,isPrime
VW,context=Main#prime:1,j=5400
FR,context=Main,isPrime
VW,context=Main#prime:1,j=5402
FR,context=Main,isPrime
VW,context=Main#prime:1,j=5404
FR,context=Main,isPrime
VW,context=Main#prime:1,j=5406
FR,context=Main,isPrime
VW,context=Main#prime:1,j=5408
FR,context=Main,isPrime
VW,context=Main#prime:1,j=5410
FR,context=Main,isPrime
VW,context=Main#prime:1,j=5412
FR,context=Main,isPrime
VW,context=Main#prime:1,j=5414
FR,context=Main,isPrime
VW,context=Main#prime:1,j=5416
FR,context=Main,isPrime
VW,context=Main#prime:1,j=5418
FR,context=Main,isPrime
VW,context=Main#prime:1,j=5420
FR,context=Main,isPrime
VW,context=Main#prime:1,j=5422
FR,context=Main,isPrime
VW,context=Main#prime:1,j=5424
FR,context=Main,isPrime
VW,context=Main#prime:1,j=5426
FR,context=Main,isPrime
VW,context=Main#prime:1,j=5428
FR,context=Main,isPrime
VW,context=Main#prime:1,j=5430
FR,context=Main,isPrime
VW,context=Main#prime:1,j=5432
FR,context=Main,isPrime
VW,context=Main#prime:1,j=5434
FR,context=Main,isPrime
VW,context=Main#prime:1,j=5436
FR,context=Main,isPrime
VW,context=Main#prime:1,j=5438
FR,context=Main,isPrime
VW,context=Main#prime:1,j=5440
FR,context=Main,isPrime
VW,context=Main#prime:1,j=5442
FR,context=Main,isPrime
VW,context=Main#prime:1,j=5444
FR,context=Main,isPrime
VW,context=Main#prime:1,j=5446
FR,context=Main,isPrime
VW,context=Main#prime:1,j=5448
FR,context=Main,isPrime
VW,context=Main#prime:1,j=5450
FR,context=Main,isPrime
VW,context=Main#prime:1,j=5452
FR,context=Main,isPrime
VW,context=Main#prime:1,j=5454
FR,context=Main,isPrime
VW,context=Main#prime:1,j=5456
FR,context=Main,isPrime
VW,context=Main#prime:1,j=5458
FR,context=Main,isPrime
VW,context=Main#prime:1,j=5460
FR,context=Main,isPrime
VW,context=Main#prime:1,j=5462
FR,context=Main,isPrime
VW,context=Main#prime:1,j=5464
FR,context=Main,isPrime
VW,context=Main#prime:1,j=5466
FR,context=Main,isPrime
VW,context=Main#prime:1,j=5468
FR,context=Main,isPrime
VW,context=Main#prime:1,j=5470
FR,context=Main,isPrime
VW,context=Main#prime:1,j=5472
FR,context=Main,isPrime
VW,context=Main#prime:1,j=5474
FR,context=Main,isPrime
VW,context=Main#prime:1,j=5476
FR,context=Main,isPrime
VW,context=Main#prime:1,j=5478
FR,context=Main,isPrime
VW,context=Main#prime:1,j=5480
FR,context=Main,isPrime
VW,context=Main#prime:1,j=5482
FR,context=Main,isPrime
VW,context=Main#prime:1,j=5484
FR,context=Main,isPrime
VW,context=Main#prime:1,j=5486
FR,context=Main,isPrime
VW,context=Main#prime:1,j=5488
FR,context=Main,isPrime
VW,context=Main#prime:1,j=5490
FR,context=Main,isPrime
VW,context=Main#prime:1,j=5492
FR,context=Main,isPrime
VW,context=Main#prime:1,j=5494
FR,context=Main,isPrime
VW,context=Main#prime:1,j=5496
FR,context=Main,isPrime
VW,context=Main#prime:1,j=5498
FR,context=Main,isPrime
VW,context=Main#prime:1,j=5500
FR,context=Main,isPrime
VW,context=Main#prime:1,j=5502
FR,context=Main,isPrime
VW,context=Main#prime:1,j=5504
FR,context=Main,isPrime
VW,context=Main#prime:1,j=5506
FR,context=Main,isPrime
VW,context=Main#prime:1,j=5508
FR,context=Main,isPrime
VW,context=Main#prime:1,j=5510
FR,context=Main,isPrime
VW,context=Main#prime:1,j=5512
FR,context=Main,isPrime
VW,context=Main#prime:1,j=5514
FR,context=Main,isPrime
VW,context=Main#prime:1,j=5516
FR,context=Main,isPrime
VW,context=Main#prime:1,j=5518
FR,context=Main,isPrime
VW,context=Main#prime:1,j=5520
FR,context=Main,isPrime
VW,context=Main#prime:1,j=5522
FR,context=Main,isPrime
VW,context=Main#prime:1,j=5524
FR,context=Main,isPrime
VW,context=Main#prime:1,j=5526
FR,context=Main,isPrime
VW,context=Main#prime:1,j=5528
FR,context=Main,isPrime
VW,context=Main#prime:1,j=5530
FR,context=Main,isPrime
VW,context=Main#prime:1,j=5532
FR,context=Main,isPrime
VW,context=Main#prime:1,j=5534
FR,context=Main,isPrime
VW,context=Main#prime:1,j=5536
FR,context=Main,isPrime
VW,context=Main#prime:1,j=5538
FR,context=Main,isPrime
VW,context=Main#prime:1,j=5540
FR,context=Main,isPrime
VW,context=Main#prime:1,j=5542
FR,context=Main,isPrime
VW,context=Main#prime:1,j=5544
FR,context=Main,isPrime
VW,context=Main#prime:1,j=5546
FR,context=Main,isPrime
VW,context=Main#prime:1,j=5548
FR,context=Main,isPrime
VW,context=Main#prime:1,j=5550
FR,context=Main,isPrime
VW,context=Main#prime:1,j=5552
FR,context=Main,isPrime
VW,context=Main#prime:1,j=5554
FR,context=Main,isPrime
VW,context=Main#prime:1,j=5556
FR,context=Main,isPrime
VW,context=Main#prime:1,j=5558
FR,context=Main,isPrime
VW,context=Main#prime:1,j=5560
FR,context=Main,isPrime
VW,context=Main#prime:1,j=5562
FR,context=Main,isPrime
VW,context=Main#prime:1,j=5564
FR,context=Main,isPrime
VW,context=Main#prime:1,j=5566
FR,context=Main,isPrime
VW,context=Main#prime:1,j=5568
FR,context=Main,isPrime
VW,context=Main#prime:1,j=5570
FR,context=Main,isPrime
VW,context=Main#prime:1,j=5572
FR,context=Main,isPrime
VW,context=Main#prime:1,j=5574
FR,context=Main,isPrime
VW,context=Main#prime:1,j=5576
FR,context=Main,isPrime
VW,context=Main#prime:1,j=5578
FR,context=Main,isPrime
VW,context=Main#prime:1,j=5580
FR,context=Main,isPrime
VW,context=Main#prime:1,j=5582
FR,context=Main,isPrime
VW,context=Main#prime:1,j=5584
FR,context=Main,isPrime
VW,context=Main#prime:1,j=5586
FR,context=Main,isPrime
VW,context=Main#prime:1,j=5588
FR,context=Main,isPrime
VW,context=Main#prime:1,j=5590
FR,context=Main,isPrime
VW,context=Main#prime:1,j=5592
FR,context=Main,isPrime
VW,context=Main#prime:1,j=5594
FR,context=Main,isPrime
VW,context=Main#prime:1,j=5596
FR,context=Main,isPrime
VW,context=Main#prime:1,j=5598
FR,context=Main,isPrime
VW,context=Main#prime:1,j=5600
FR,context=Main,isPrime
VW,context=Main#prime:1,j=5602
FR,context=Main,isPrime
VW,context=Main#prime:1,j=5604
FR,context=Main,isPrime
VW,context=Main#prime:1,j=5606
FR,context=Main,isPrime
VW,context=Main#prime:1,j=5608
FR,context=Main,isPrime
VW,context=Main#prime:1,j=5610
FR,context=Main,isPrime
VW,context=Main#prime:1,j=5612
FR,context=Main,isPrime
VW,context=Main#prime:1,j=5614
FR,context=Main,isPrime
VW,context=Main#prime:1,j=5616
FR,context=Main,isPrime
VW,context=Main#prime:1,j=5618
FR,context=Main,isPrime
VW,context=Main#prime:1,j=5620
FR,context=Main,isPrime
VW,context=Main#prime:1,j=5622
FR,context=Main,isPrime
VW,context=Main#prime:1,j=5624
FR,context=Main,isPrime
VW,context=Main#prime:1,j=5626
FR,context=Main,isPrime
VW,context=Main#prime:1,j=5628
FR,context=Main,isPrime
VW,context=Main#prime:1,j=5630
FR,context=Main,isPrime
VW,context=Main#prime:1,j=5632
FR,context=Main,isPrime
VW,context=Main#prime:1,j=5634
FR,context=Main,isPrime
VW,context=Main#prime:1,j=5636
FR,context=Main,isPrime
VW,context=Main#prime:1,j=5638
FR,context=Main,isPrime
VW,context=Main#prime:1,j=5640
FR,context=Main,isPrime
VW,context=Main#prime:1,j=5642
FR,context=Main,isPrime
VW,context=Main#prime:1,j=5644
FR,context=Main,isPrime
VW,context=Main#prime:1,j=5646
FR,context=Main,isPrime
VW,context=Main#prime:1,j=5648
FR,context=Main,isPrime
VW,context=Main#prime:1,j=5650
FR,context=Main,isPrime
VW,context=Main#prime:1,j=5652
FR,context=Main,isPrime
VW,context=Main#prime:1,j=5654
FR,context=Main,isPrime
VW,context=Main#prime:1,j=5656
FR,context=Main,isPrime
VW,context=Main#prime:1,j=5658
FR,context=Main,isPrime
VW,context=Main#prime:1,j=5660
FR,context=Main,isPrime
VW,context=Main#prime:1,j=5662
FR,context=Main,isPrime
VW,context=Main#prime:1,j=5664
FR,context=Main,isPrime
VW,context=Main#prime:1,j=5666
FR,context=Main,isPrime
VW,context=Main#prime:1,j=5668
FR,context=Main,isPrime
VW,context=Main#prime:1,j=5670
FR,context=Main,isPrime
VW,context=Main#prime:1,j=5672
FR,context=Main,isPrime
VW,context=Main#prime:1,j=5674
FR,context=Main,isPrime
VW,context=Main#prime:1,j=5676
FR,context=Main,isPrime
VW,context=Main#prime:1,j=5678
FR,context=Main,isPrime
VW,context=Main#prime:1,j=5680
FR,context=Main,isPrime
VW,context=Main#prime:1,j=5682
FR,context=Main,isPrime
VW,context=Main#prime:1,j=5684
FR,context=Main,isPrime
VW,context=Main#prime:1,j=5686
FR,context=Main,isPrime
VW,context=Main#prime:1,j=5688
FR,context=Main,isPrime
VW,context=Main#prime:1,j=5690
FR,context=Main,isPrime
VW,context=Main#prime:1,j=5692
FR,context=Main,isPrime
VW,context=Main#prime:1,j=5694
FR,context=Main,isPrime
VW,context=Main#prime:1,j=5696
FR,context=Main,isPrime
VW,context=Main#prime:1,j=5698
FR,context=Main,isPrime
VW,context=Main#prime:1,j=5700
FR,context=Main,isPrime
VW,context=Main#prime:1,j=5702
FR,context=Main,isPrime
VW,context=Main#prime:1,j=5704
FR,context=Main,isPrime
VW,context=Main#prime:1,j=5706
FR,context=Main,isPrime
VW,context=Main#prime:1,j=5708
FR,context=Main,isPrime
VW,context=Main#prime:1,j=5710
FR,context=Main,isPrime
VW,context=Main#prime:1,j=5712
FR,context=Main,isPrime
VW,context=Main#prime:1,j=5714
FR,context=Main,isPrime
VW,context=Main#prime:1,j=5716
FR,context=Main,isPrime
VW,context=Main#prime:1,j=5718
FR,context=Main,isPrime
VW,context=Main#prime:1,j=5720
FR,context=Main,isPrime
VW,context=Main#prime:1,j=5722
FR,context=Main,isPrime
VW,context=Main#prime:1,j=5724
FR,context=Main,isPrime
VW,context=Main#prime:1,j=5726
FR,context=Main,isPrime
VW,context=Main#prime:1,j=5728
FR,context=Main,isPrime
VW,context=Main#prime:1,j=5730
FR,context=Main,isPrime
VW,context=Main#prime:1,j=5732
FR,context=Main,isPrime
VW,context=Main#prime:1,j=5734
FR,context=Main,isPrime
VW,context=Main#prime:1,j=5736
FR,context=Main,isPrime
VW,context=Main#prime:1,j=5738
FR,context=Main,isPrime
VW,context=Main#prime:1,j=5740
FR,context=Main,isPrime
VW,context=Main#prime:1,j=5742
FR,context=Main,isPrime
VW,context=Main#prime:1,j=5744
FR,context=Main,isPrime
VW,context=Main#prime:1,j=5746
FR,context=Main,isPrime
VW,context=Main#prime:1,j=5748
FR,context=Main,isPrime
VW,context=Main#prime:1,j=5750
FR,context=Main,isPrime
VW,context=Main#prime:1,j=5752
FR,context=Main,isPrime
VW,context=Main#prime:1,j=5754
FR,context=Main,isPrime
VW,context=Main#prime:1,j=5756
FR,context=Main,isPrime
VW,context=Main#prime:1,j=5758
FR,context=Main,isPrime
VW,context=Main#prime:1,j=5760
FR,context=Main,isPrime
VW,context=Main#prime:1,j=5762
FR,context=Main,isPrime
VW,context=Main#prime:1,j=5764
FR,context=Main,isPrime
VW,context=Main#prime:1,j=5766
FR,context=Main,isPrime
VW,context=Main#prime:1,j=5768
FR,context=Main,isPrime
VW,context=Main#prime:1,j=5770
FR,context=Main,isPrime
VW,context=Main#prime:1,j=5772
FR,context=Main,isPrime
VW,context=Main#prime:1,j=5774
FR,context=Main,isPrime
VW,context=Main#prime:1,j=5776
FR,context=Main,isPrime
VW,context=Main#prime:1,j=5778
FR,context=Main,isPrime
VW,context=Main#prime:1,j=5780
FR,context=Main,isPrime
VW,context=Main#prime:1,j=5782
FR,context=Main,isPrime
VW,context=Main#prime:1,j=5784
FR,context=Main,isPrime
VW,context=Main#prime:1,j=5786
FR,context=Main,isPrime
VW,context=Main#prime:1,j=5788
FR,context=Main,isPrime
VW,context=Main#prime:1,j=5790
FR,context=Main,isPrime
VW,context=Main#prime:1,j=5792
FR,context=Main,isPrime
VW,context=Main#prime:1,j=5794
FR,context=Main,isPrime
VW,context=Main#prime:1,j=5796
FR,context=Main,isPrime
VW,context=Main#prime:1,j=5798
FR,context=Main,isPrime
VW,context=Main#prime:1,j=5800
FR,context=Main,isPrime
VW,context=Main#prime:1,j=5802
FR,context=Main,isPrime
VW,context=Main#prime:1,j=5804
FR,context=Main,isPrime
VW,context=Main#prime:1,j=5806
FR,context=Main,isPrime
VW,context=Main#prime:1,j=5808
FR,context=Main,isPrime
VW,context=Main#prime:1,j=5810
FR,context=Main,isPrime
VW,context=Main#prime:1,j=5812
FR,context=Main,isPrime
VW,context=Main#prime:1,j=5814
FR,context=Main,isPrime
VW,context=Main#prime:1,j=5816
FR,context=Main,isPrime
VW,context=Main#prime:1,j=5818
FR,context=Main,isPrime
VW,context=Main#prime:1,j=5820
FR,context=Main,isPrime
VW,context=Main#prime:1,j=5822
FR,context=Main,isPrime
VW,context=Main#prime:1,j=5824
FR,context=Main,isPrime
VW,context=Main#prime:1,j=5826
FR,context=Main,isPrime
VW,context=Main#prime:1,j=5828
FR,context=Main,isPrime
VW,context=Main#prime:1,j=5830
FR,context=Main,isPrime
VW,context=Main#prime:1,j=5832
FR,context=Main,isPrime
VW,context=Main#prime:1,j=5834
FR,context=Main,isPrime
VW,context=Main#prime:1,j=5836
FR,context=Main,isPrime
VW,context=Main#prime:1,j=5838
FR,context=Main,isPrime
VW,context=Main#prime:1,j=5840
FR,context=Main,isPrime
VW,context=Main#prime:1,j=5842
FR,context=Main,isPrime
VW,context=Main#prime:1,j=5844
FR,context=Main,isPrime
VW,context=Main#prime:1,j=5846
FR,context=Main,isPrime
VW,context=Main#prime:1,j=5848
FR,context=Main,isPrime
VW,context=Main#prime:1,j=5850
FR,context=Main,isPrime
VW,context=Main#prime:1,j=5852
FR,context=Main,isPrime
VW,context=Main#prime:1,j=5854
FR,context=Main,isPrime
VW,context=Main#prime:1,j=5856
FR,context=Main,isPrime
VW,context=Main#prime:1,j=5858
FR,context=Main,isPrime
VW,context=Main#prime:1,j=5860
FR,context=Main,isPrime
VW,context=Main#prime:1,j=5862
FR,context=Main,isPrime
VW,context=Main#prime:1,j=5864
FR,context=Main,isPrime
VW,context=Main#prime:1,j=5866
FR,context=Main,isPrime
VW,context=Main#prime:1,j=5868
FR,context=Main,isPrime
VW,context=Main#prime:1,j=5870
FR,context=Main,isPrime
VW,context=Main#prime:1,j=5872
FR,context=Main,isPrime
VW,context=Main#prime:1,j=5874
FR,context=Main,isPrime
VW,context=Main#prime:1,j=5876
FR,context=Main,isPrime
VW,context=Main#prime:1,j=5878
FR,context=Main,isPrime
VW,context=Main#prime:1,j=5880
FR,context=Main,isPrime
VW,context=Main#prime:1,j=5882
FR,context=Main,isPrime
VW,context=Main#prime:1,j=5884
FR,context=Main,isPrime
VW,context=Main#prime:1,j=5886
FR,context=Main,isPrime
VW,context=Main#prime:1,j=5888
FR,context=Main,isPrime
VW,context=Main#prime:1,j=5890
FR,context=Main,isPrime
VW,context=Main#prime:1,j=5892
FR,context=Main,isPrime
VW,context=Main#prime:1,j=5894
FR,context=Main,isPrime
VW,context=Main#prime:1,j=5896
FR,context=Main,isPrime
VW,context=Main#prime:1,j=5898
FR,context=Main,isPrime
VW,context=Main#prime:1,j=5900
FR,context=Main,isPrime
VW,context=Main#prime:1,j=5902
FR,context=Main,isPrime
VW,context=Main#prime:1,j=5904
FR,context=Main,isPrime
VW,context=Main#prime:1,j=5906
FR,context=Main,isPrime
VW,context=Main#prime:1,j=5908
FR,context=Main,isPrime
VW,context=Main#prime:1,j=5910
FR,context=Main,isPrime
VW,context=Main#prime:1,j=5912
FR,context=Main,isPrime
VW,context=Main#prime:1,j=5914
FR,context=Main,isPrime
VW,context=Main#prime:1,j=5916
FR,context=Main,isPrime
VW,context=Main#prime:1,j=5918
FR,context=Main,isPrime
VW,context=Main#prime:1,j=5920
FR,context=Main,isPrime
VW,context=Main#prime:1,j=5922
FR,context=Main,isPrime
VW,context=Main#prime:1,j=5924
FR,context=Main,isPrime
VW,context=Main#prime:1,j=5926
FR,context=Main,isPrime
VW,context=Main#prime:1,j=5928
FR,context=Main,isPrime
VW,context=Main#prime:1,j=5930
FR,context=Main,isPrime
VW,context=Main#prime:1,j=5932
FR,context=Main,isPrime
VW,context=Main#prime:1,j=5934
FR,context=Main,isPrime
VW,context=Main#prime:1,j=5936
FR,context=Main,isPrime
VW,context=Main#prime:1,j=5938
FR,context=Main,isPrime
VW,context=Main#prime:1,j=5940
FR,context=Main,isPrime
VW,context=Main#prime:1,j=5942
FR,context=Main,isPrime
VW,context=Main#prime:1,j=5944
FR,context=Main,isPrime
VW,context=Main#prime:1,j=5946
FR,context=Main,isPrime
VW,context=Main#prime:1,j=5948
FR,context=Main,isPrime
VW,context=Main#prime:1,j=5950
FR,context=Main,isPrime
VW,context=Main#prime:1,j=5952
FR,context=Main,isPrime
VW,context=Main#prime:1,j=5954
FR,context=Main,isPrime
VW,context=Main#prime:1,j=5956
FR,context=Main,isPrime
VW,context=Main#prime:1,j=5958
FR,context=Main,isPrime
VW,context=Main#prime:1,j=5960
FR,context=Main,isPrime
VW,context=Main#prime:1,j=5962
FR,context=Main,isPrime
VW,context=Main#prime:1,j=5964
FR,context=Main,isPrime
VW,context=Main#prime:1,j=5966
FR,context=Main,isPrime
VW,context=Main#prime:1,j=5968
FR,context=Main,isPrime
VW,context=Main#prime:1,j=5970
FR,context=Main,isPrime
VW,context=Main#prime:1,j=5972
FR,context=Main,isPrime
VW,context=Main#prime:1,j=5974
FR,context=Main,isPrime
VW,context=Main#prime:1,j=5976
FR,context=Main,isPrime
VW,context=Main#prime:1,j=5978
FR,context=Main,isPrime
VW,context=Main#prime:1,j=5980
FR,context=Main,isPrime
VW,context=Main#prime:1,j=5982
FR,context=Main,isPrime
VW,context=Main#prime:1,j=5984
FR,context=Main,isPrime
VW,context=Main#prime:1,j=5986
FR,context=Main,isPrime
VW,context=Main#prime:1,j=5988
FR,context=Main,isPrime
VW,context=Main#prime:1,j=5990
FR,context=Main,isPrime
VW,context=Main#prime:1,j=5992
FR,context=Main,isPrime
VW,context=Main#prime:1,j=5994
FR,context=Main,isPrime
VW,context=Main#prime:1,j=5996
FR,context=Main,isPrime
VW,context=Main#prime:1,j=5998
FR,context=Main,isPrime
VW,context=Main#prime:1,j=6000
FR,context=Main,isPrime
VW,context=Main#prime:1,j=6002
FR,context=Main,isPrime
VW,context=Main#prime:1,j=6004
FR,context=Main,isPrime
VW,context=Main#prime:1,j=6006
FR,context=Main,isPrime
VW,context=Main#prime:1,j=6008
FR,context=Main,isPrime
VW,context=Main#prime:1,j=6010
FR,context=Main,isPrime
VW,context=Main#prime:1,j=6012
FR,context=Main,isPrime
VW,context=Main#prime:1,j=6014
FR,context=Main,isPrime
VW,context=Main#prime:1,j=6016
FR,context=Main,isPrime
VW,context=Main#prime:1,j=6018
FR,context=Main,isPrime
VW,context=Main#prime:1,j=6020
FR,context=Main,isPrime
VW,context=Main#prime:1,j=6022
FR,context=Main,isPrime
VW,context=Main#prime:1,j=6024
FR,context=Main,isPrime
VW,context=Main#prime:1,j=6026
FR,context=Main,isPrime
VW,context=Main#prime:1,j=6028
FR,context=Main,isPrime
VW,context=Main#prime:1,j=6030
FR,context=Main,isPrime
VW,context=Main#prime:1,j=6032
FR,context=Main,isPrime
VW,context=Main#prime:1,j=6034
FR,context=Main,isPrime
VW,context=Main#prime:1,j=6036
FR,context=Main,isPrime
VW,context=Main#prime:1,j=6038
FR,context=Main,isPrime
VW,context=Main#prime:1,j=6040
FR,context=Main,isPrime
VW,context=Main#prime:1,j=6042
FR,context=Main,isPrime
VW,context=Main#prime:1,j=6044
FR,context=Main,isPrime
VW,context=Main#prime:1,j=6046
FR,context=Main,isPrime
VW,context=Main#prime:1,j=6048
FR,context=Main,isPrime
VW,context=Main#prime:1,j=6050
FR,context=Main,isPrime
VW,context=Main#prime:1,j=6052
FR,context=Main,isPrime
VW,context=Main#prime:1,j=6054
FR,context=Main,isPrime
VW,context=Main#prime:1,j=6056
FR,context=Main,isPrime
VW,context=Main#prime:1,j=6058
FR,context=Main,isPrime
VW,context=Main#prime:1,j=6060
FR,context=Main,isPrime
VW,context=Main#prime:1,j=6062
FR,context=Main,isPrime
VW,context=Main#prime:1,j=6064
FR,context=Main,isPrime
VW,context=Main#prime:1,j=6066
FR,context=Main,isPrime
VW,context=Main#prime:1,j=6068
FR,context=Main,isPrime
VW,context=Main#prime:1,j=6070
FR,context=Main,isPrime
VW,context=Main#prime:1,j=6072
FR,context=Main,isPrime
VW,context=Main#prime:1,j=6074
FR,context=Main,isPrime
VW,context=Main#prime:1,j=6076
FR,context=Main,isPrime
VW,context=Main#prime:1,j=6078
FR,context=Main,isPrime
VW,context=Main#prime:1,j=6080
FR,context=Main,isPrime
VW,context=Main#prime:1,j=6082
FR,context=Main,isPrime
VW,context=Main#prime:1,j=6084
FR,context=Main,isPrime
VW,context=Main#prime:1,j=6086
FR,context=Main,isPrime
VW,context=Main#prime:1,j=6088
FR,context=Main,isPrime
VW,context=Main#prime:1,j=6090
FR,context=Main,isPrime
VW,context=Main#prime:1,j=6092
FR,context=Main,isPrime
VW,context=Main#prime:1,j=6094
FR,context=Main,isPrime
VW,context=Main#prime:1,j=6096
FR,context=Main,isPrime
VW,context=Main#prime:1,j=6098
FR,context=Main,isPrime
VW,context=Main#prime:1,j=6100
FR,context=Main,isPrime
VW,context=Main#prime:1,j=6102
FR,context=Main,isPrime
VW,context=Main#prime:1,j=6104
FR,context=Main,isPrime
VW,context=Main#prime:1,j=6106
FR,context=Main,isPrime
VW,context=Main#prime:1,j=6108
FR,context=Main,isPrime
VW,context=Main#prime:1,j=6110
FR,context=Main,isPrime
VW,context=Main#prime:1,j=6112
FR,context=Main,isPrime
VW,context=Main#prime:1,j=6114
FR,context=Main,isPrime
VW,context=Main#prime:1,j=6116
FR,context=Main,isPrime
VW,context=Main#prime:1,j=6118
FR,context=Main,isPrime
VW,context=Main#prime:1,j=6120
FR,context=Main,isPrime
VW,context=Main#prime:1,j=6122
FR,context=Main,isPrime
VW,context=Main#prime:1,j=6124
FR,context=Main,isPrime
VW,context=Main#prime:1,j=6126
FR,context=Main,isPrime
VW,context=Main#prime:1,j=6128
FR,context=Main,isPrime
VW,context=Main#prime:1,j=6130
FR,context=Main,isPrime
VW,context=Main#prime:1,j=6132
FR,context=Main,isPrime
VW,context=Main#prime:1,j=6134
FR,context=Main,isPrime
VW,context=Main#prime:1,j=6136
FR,context=Main,isPrime
VW,context=Main#prime:1,j=6138
FR,context=Main,isPrime
VW,context=Main#prime:1,j=6140
FR,context=Main,isPrime
VW,context=Main#prime:1,j=6142
FR,context=Main,isPrime
VW,context=Main#prime:1,j=6144
FR,context=Main,isPrime
VW,context=Main#prime:1,j=6146
FR,context=Main,isPrime
VW,context=Main#prime:1,j=6148
FR,context=Main,isPrime
VW,context=Main#prime:1,j=6150
FR,context=Main,isPrime
VW,context=Main#prime:1,j=6152
FR,context=Main,isPrime
VW,context=Main#prime:1,j=6154
FR,context=Main,isPrime
VW,context=Main#prime:1,j=6156
FR,context=Main,isPrime
VW,context=Main#prime:1,j=6158
FR,context=Main,isPrime
VW,context=Main#prime:1,j=6160
FR,context=Main,isPrime
VW,context=Main#prime:1,j=6162
FR,context=Main,isPrime
VW,context=Main#prime:1,j=6164
FR,context=Main,isPrime
VW,context=Main#prime:1,j=6166
FR,context=Main,isPrime
VW,context=Main#prime:1,j=6168
FR,context=Main,isPrime
VW,context=Main#prime:1,j=6170
FR,context=Main,isPrime
VW,context=Main#prime:1,j=6172
FR,context=Main,isPrime
VW,context=Main#prime:1,j=6174
FR,context=Main,isPrime
VW,context=Main#prime:1,j=6176
FR,context=Main,isPrime
VW,context=Main#prime:1,j=6178
FR,context=Main,isPrime
VW,context=Main#prime:1,j=6180
FR,context=Main,isPrime
VW,context=Main#prime:1,j=6182
FR,context=Main,isPrime
VW,context=Main#prime:1,j=6184
FR,context=Main,isPrime
VW,context=Main#prime:1,j=6186
FR,context=Main,isPrime
VW,context=Main#prime:1,j=6188
FR,context=Main,isPrime
VW,context=Main#prime:1,j=6190
FR,context=Main,isPrime
VW,context=Main#prime:1,j=6192
FR,context=Main,isPrime
VW,context=Main#prime:1,j=6194
FR,context=Main,isPrime
VW,context=Main#prime:1,j=6196
FR,context=Main,isPrime
VW,context=Main#prime:1,j=6198
FR,context=Main,isPrime
VW,context=Main#prime:1,j=6200
FR,context=Main,isPrime
VW,context=Main#prime:1,j=6202
FR,context=Main,isPrime
VW,context=Main#prime:1,j=6204
FR,context=Main,isPrime
VW,context=Main#prime:1,j=6206
FR,context=Main,isPrime
VW,context=Main#prime:1,j=6208
FR,context=Main,isPrime
VW,context=Main#prime:1,j=6210
FR,context=Main,isPrime
VW,context=Main#prime:1,j=6212
FR,context=Main,isPrime
VW,context=Main#prime:1,j=6214
FR,context=Main,isPrime
VW,context=Main#prime:1,j=6216
FR,context=Main,isPrime
VW,context=Main#prime:1,j=6218
FR,context=Main,isPrime
VW,context=Main#prime:1,j=6220
FR,context=Main,isPrime
VW,context=Main#prime:1,j=6222
FR,context=Main,isPrime
VW,context=Main#prime:1,j=6224
FR,context=Main,isPrime
VW,context=Main#prime:1,j=6226
FR,context=Main,isPrime
VW,context=Main#prime:1,j=6228
FR,context=Main,isPrime
VW,context=Main#prime:1,j=6230
FR,context=Main,isPrime
VW,context=Main#prime:1,j=6232
FR,context=Main,isPrime
VW,context=Main#prime:1,j=6234
FR,context=Main,isPrime
VW,context=Main#prime:1,j=6236
FR,context=Main,isPrime
VW,context=Main#prime:1,j=6238
FR,context=Main,isPrime
VW,context=Main#prime:1,j=6240
FR,context=Main,isPrime
VW,context=Main#prime:1,j=6242
FR,context=Main,isPrime
VW,context=Main#prime:1,j=6244
FR,context=Main,isPrime
VW,context=Main#prime:1,j=6246
FR,context=Main,isPrime
VW,context=Main#prime:1,j=6248
FR,context=Main,isPrime
VW,context=Main#prime:1,j=6250
FR,context=Main,isPrime
VW,context=Main#prime:1,j=6252
FR,context=Main,isPrime
VW,context=Main#prime:1,j=6254
FR,context=Main,isPrime
VW,context=Main#prime:1,j=6256
FR,context=Main,isPrime
VW,context=Main#prime:1,j=6258
FR,context=Main,isPrime
VW,context=Main#prime:1,j=6260
FR,context=Main,isPrime
VW,context=Main#prime:1,j=6262
FR,context=Main,isPrime
VW,context=Main#prime:1,j=6264
FR,context=Main,isPrime
VW,context=Main#prime:1,j=6266
FR,context=Main,isPrime
VW,context=Main#prime:1,j=6268
FR,context=Main,isPrime
VW,context=Main#prime:1,j=6270
FR,context=Main,isPrime
VW,context=Main#prime:1,j=6272
FR,context=Main,isPrime
VW,context=Main#prime:1,j=6274
FR,context=Main,isPrime
VW,context=Main#prime:1,j=6276
FR,context=Main,isPrime
VW,context=Main#prime:1,j=6278
FR,context=Main,isPrime
VW,context=Main#prime:1,j=6280
FR,context=Main,isPrime
VW,context=Main#prime:1,j=6282
FR,context=Main,isPrime
VW,context=Main#prime:1,j=6284
FR,context=Main,isPrime
VW,context=Main#prime:1,j=6286
FR,context=Main,isPrime
VW,context=Main#prime:1,j=6288
FR,context=Main,isPrime
VW,context=Main#prime:1,j=6290
FR,context=Main,isPrime
VW,context=Main#prime:1,j=6292
FR,context=Main,isPrime
VW,context=Main#prime:1,j=6294
FR,context=Main,isPrime
VW,context=Main#prime:1,j=6296
FR,context=Main,isPrime
VW,context=Main#prime:1,j=6298
FR,context=Main,isPrime
VW,context=Main#prime:1,j=6300
FR,context=Main,isPrime
VW,context=Main#prime:1,j=6302
FR,context=Main,isPrime
VW,context=Main#prime:1,j=6304
FR,context=Main,isPrime
VW,context=Main#prime:1,j=6306
FR,context=Main,isPrime
VW,context=Main#prime:1,j=6308
FR,context=Main,isPrime
VW,context=Main#prime:1,j=6310
FR,context=Main,isPrime
VW,context=Main#prime:1,j=6312
FR,context=Main,isPrime
VW,context=Main#prime:1,j=6314
FR,context=Main,isPrime
VW,context=Main#prime:1,j=6316
FR,context=Main,isPrime
VW,context=Main#prime:1,j=6318
FR,context=Main,isPrime
VW,context=Main#prime:1,j=6320
FR,context=Main,isPrime
VW,context=Main#prime:1,j=6322
FR,context=Main,isPrime
VW,context=Main#prime:1,j=6324
FR,context=Main,isPrime
VW,context=Main#prime:1,j=6326
FR,context=Main,isPrime
VW,context=Main#prime:1,j=6328
FR,context=Main,isPrime
VW,context=Main#prime:1,j=6330
FR,context=Main,isPrime
VW,context=Main#prime:1,j=6332
FR,context=Main,isPrime
VW,context=Main#prime:1,j=6334
FR,context=Main,isPrime
VW,context=Main#prime:1,j=6336
FR,context=Main,isPrime
VW,context=Main#prime:1,j=6338
FR,context=Main,isPrime
VW,context=Main#prime:1,j=6340
FR,context=Main,isPrime
VW,context=Main#prime:1,j=6342
FR,context=Main,isPrime
VW,context=Main#prime:1,j=6344
FR,context=Main,isPrime
VW,context=Main#prime:1,j=6346
FR,context=Main,isPrime
VW,context=Main#prime:1,j=6348
FR,context=Main,isPrime
VW,context=Main#prime:1,j=6350
FR,context=Main,isPrime
VW,context=Main#prime:1,j=6352
FR,context=Main,isPrime
VW,context=Main#prime:1,j=6354
FR,context=Main,isPrime
VW,context=Main#prime:1,j=6356
FR,context=Main,isPrime
VW,context=Main#prime:1,j=6358
FR,context=Main,isPrime
VW,context=Main#prime:1,j=6360
FR,context=Main,isPrime
VW,context=Main#prime:1,j=6362
FR,context=Main,isPrime
VW,context=Main#prime:1,j=6364
FR,context=Main,isPrime
VW,context=Main#prime:1,j=6366
FR,context=Main,isPrime
VW,context=Main#prime:1,j=6368
FR,context=Main,isPrime
VW,context=Main#prime:1,j=6370
FR,context=Main,isPrime
VW,context=Main#prime:1,j=6372
FR,context=Main,isPrime
VW,context=Main#prime:1,j=6374
FR,context=Main,isPrime
VW,context=Main#prime:1,j=6376
FR,context=Main,isPrime
VW,context=Main#prime:1,j=6378
FR,context=Main,isPrime
VW,context=Main#prime:1,j=6380
FR,context=Main,isPrime
VW,context=Main#prime:1,j=6382
FR,context=Main,isPrime
VW,context=Main#prime:1,j=6384
FR,context=Main,isPrime
VW,context=Main#prime:1,j=6386
FR,context=Main,isPrime
VW,context=Main#prime:1,j=6388
FR,context=Main,isPrime
VW,context=Main#prime:1,j=6390
FR,context=Main,isPrime
VW,context=Main#prime:1,j=6392
FR,context=Main,isPrime
VW,context=Main#prime:1,j=6394
FR,context=Main,isPrime
VW,context=Main#prime:1,j=6396
FR,context=Main,isPrime
VW,context=Main#prime:1,j=6398
FR,context=Main,isPrime
VW,context=Main#prime:1,j=6400
FR,context=Main,isPrime
VW,context=Main#prime:1,j=6402
FR,context=Main,isPrime
VW,context=Main#prime:1,j=6404
FR,context=Main,isPrime
VW,context=Main#prime:1,j=6406
FR,context=Main,isPrime
VW,context=Main#prime:1,j=6408
FR,context=Main,isPrime
VW,context=Main#prime:1,j=6410
FR,context=Main,isPrime
VW,context=Main#prime:1,j=6412
FR,context=Main,isPrime
VW,context=Main#prime:1,j=6414
FR,context=Main,isPrime
VW,context=Main#prime:1,j=6416
FR,context=Main,isPrime
VW,context=Main#prime:1,j=6418
FR,context=Main,isPrime
VW,context=Main#prime:1,j=6420
FR,context=Main,isPrime
VW,context=Main#prime:1,j=6422
FR,context=Main,isPrime
VW,context=Main#prime:1,j=6424
FR,context=Main,isPrime
VW,context=Main#prime:1,j=6426
FR,context=Main,isPrime
VW,context=Main#prime:1,j=6428
FR,context=Main,isPrime
VW,context=Main#prime:1,j=6430
FR,context=Main,isPrime
VW,context=Main#prime:1,j=6432
FR,context=Main,isPrime
VW,context=Main#prime:1,j=6434
FR,context=Main,isPrime
VW,context=Main#prime:1,j=6436
FR,context=Main,isPrime
VW,context=Main#prime:1,j=6438
FR,context=Main,isPrime
VW,context=Main#prime:1,j=6440
FR,context=Main,isPrime
VW,context=Main#prime:1,j=6442
FR,context=Main,isPrime
VW,context=Main#prime:1,j=6444
FR,context=Main,isPrime
VW,context=Main#prime:1,j=6446
FR,context=Main,isPrime
VW,context=Main#prime:1,j=6448
FR,context=Main,isPrime
VW,context=Main#prime:1,j=6450
FR,context=Main,isPrime
VW,context=Main#prime:1,j=6452
FR,context=Main,isPrime
VW,context=Main#prime:1,j=6454
FR,context=Main,isPrime
VW,context=Main#prime:1,j=6456
FR,context=Main,isPrime
VW,context=Main#prime:1,j=6458
FR,context=Main,isPrime
VW,context=Main#prime:1,j=6460
FR,context=Main,isPrime
VW,context=Main#prime:1,j=6462
FR,context=Main,isPrime
VW,context=Main#prime:1,j=6464
FR,context=Main,isPrime
VW,context=Main#prime:1,j=6466
FR,context=Main,isPrime
VW,context=Main#prime:1,j=6468
FR,context=Main,isPrime
VW,context=Main#prime:1,j=6470
FR,context=Main,isPrime
VW,context=Main#prime:1,j=6472
FR,context=Main,isPrime
VW,context=Main#prime:1,j=6474
FR,context=Main,isPrime
VW,context=Main#prime:1,j=6476
FR,context=Main,isPrime
VW,context=Main#prime:1,j=6478
FR,context=Main,isPrime
VW,context=Main#prime:1,j=6480
FR,context=Main,isPrime
VW,context=Main#prime:1,j=6482
FR,context=Main,isPrime
VW,context=Main#prime:1,j=6484
FR,context=Main,isPrime
VW,context=Main#prime:1,j=6486
FR,context=Main,isPrime
VW,context=Main#prime:1,j=6488
FR,context=Main,isPrime
VW,context=Main#prime:1,j=6490
FR,context=Main,isPrime
VW,context=Main#prime:1,j=6492
FR,context=Main,isPrime
VW,context=Main#prime:1,j=6494
FR,context=Main,isPrime
VW,context=Main#prime:1,j=6496
FR,context=Main,isPrime
VW,context=Main#prime:1,j=6498
FR,context=Main,isPrime
VW,context=Main#prime:1,j=6500
FR,context=Main,isPrime
VW,context=Main#prime:1,j=6502
FR,context=Main,isPrime
VW,context=Main#prime:1,j=6504
FR,context=Main,isPrime
VW,context=Main#prime:1,j=6506
FR,context=Main,isPrime
VW,context=Main#prime:1,j=6508
FR,context=Main,isPrime
VW,context=Main#prime:1,j=6510
FR,context=Main,isPrime
VW,context=Main#prime:1,j=6512
FR,context=Main,isPrime
VW,context=Main#prime:1,j=6514
FR,context=Main,isPrime
VW,context=Main#prime:1,j=6516
FR,context=Main,isPrime
VW,context=Main#prime:1,j=6518
FR,context=Main,isPrime
VW,context=Main#prime:1,j=6520
FR,context=Main,isPrime
VW,context=Main#prime:1,j=6522
FR,context=Main,isPrime
VW,context=Main#prime:1,j=6524
FR,context=Main,isPrime
VW,context=Main#prime:1,j=6526
FR,context=Main,isPrime
VW,context=Main#prime:1,j=6528
FR,context=Main,isPrime
VW,context=Main#prime:1,j=6530
FR,context=Main,isPrime
VW,context=Main#prime:1,j=6532
FR,context=Main,isPrime
VW,context=Main#prime:1,j=6534
FR,context=Main,isPrime
VW,context=Main#prime:1,j=6536
FR,context=Main,isPrime
VW,context=Main#prime:1,j=6538
FR,context=Main,isPrime
VW,context=Main#prime:1,j=6540
FR,context=Main,isPrime
VW,context=Main#prime:1,j=6542
FR,context=Main,isPrime
VW,context=Main#prime:1,j=6544
FR,context=Main,isPrime
VW,context=Main#prime:1,j=6546
FR,context=Main,isPrime
VW,context=Main#prime:1,j=6548
FR,context=Main,isPrime
VW,context=Main#prime:1,j=6550
FR,context=Main,isPrime
VW,context=Main#prime:1,j=6552
FR,context=Main,isPrime
VW,context=Main#prime:1,j=6554
FR,context=Main,isPrime
VW,context=Main#prime:1,j=6556
FR,context=Main,isPrime
VW,context=Main#prime:1,j=6558
FR,context=Main,isPrime
VW,context=Main#prime:1,j=6560
FR,context=Main,isPrime
VW,context=Main#prime:1,j=6562
FR,context=Main,isPrime
VW,context=Main#prime:1,j=6564
FR,context=Main,isPrime
VW,context=Main#prime:1,j=6566
FR,context=Main,isPrime
VW,context=Main#prime:1,j=6568
FR,context=Main,isPrime
VW,context=Main#prime:1,j=6570
FR,context=Main,isPrime
VW,context=Main#prime:1,j=6572
FR,context=Main,isPrime
VW,context=Main#prime:1,j=6574
FR,context=Main,isPrime
VW,context=Main#prime:1,j=6576
FR,context=Main,isPrime
VW,context=Main#prime:1,j=6578
FR,context=Main,isPrime
VW,context=Main#prime:1,j=6580
FR,context=Main,isPrime
VW,context=Main#prime:1,j=6582
FR,context=Main,isPrime
VW,context=Main#prime:1,j=6584
FR,context=Main,isPrime
VW,context=Main#prime:1,j=6586
FR,context=Main,isPrime
VW,context=Main#prime:1,j=6588
FR,context=Main,isPrime
VW,context=Main#prime:1,j=6590
FR,context=Main,isPrime
VW,context=Main#prime:1,j=6592
FR,context=Main,isPrime
VW,context=Main#prime:1,j=6594
FR,context=Main,isPrime
VW,context=Main#prime:1,j=6596
FR,context=Main,isPrime
VW,context=Main#prime:1,j=6598
FR,context=Main,isPrime
VW,context=Main#prime:1,j=6600
FR,context=Main,isPrime
VW,context=Main#prime:1,j=6602
FR,context=Main,isPrime
VW,context=Main#prime:1,j=6604
FR,context=Main,isPrime
VW,context=Main#prime:1,j=6606
FR,context=Main,isPrime
VW,context=Main#prime:1,j=6608
FR,context=Main,isPrime
VW,context=Main#prime:1,j=6610
FR,context=Main,isPrime
VW,context=Main#prime:1,j=6612
FR,context=Main,isPrime
VW,context=Main#prime:1,j=6614
FR,context=Main,isPrime
VW,context=Main#prime:1,j=6616
FR,context=Main,isPrime
VW,context=Main#prime:1,j=6618
FR,context=Main,isPrime
VW,context=Main#prime:1,j=6620
FR,context=Main,isPrime
VW,context=Main#prime:1,j=6622
FR,context=Main,isPrime
VW,context=Main#prime:1,j=6624
FR,context=Main,isPrime
VW,context=Main#prime:1,j=6626
FR,context=Main,isPrime
VW,context=Main#prime:1,j=6628
FR,context=Main,isPrime
VW,context=Main#prime:1,j=6630
FR,context=Main,isPrime
VW,context=Main#prime:1,j=6632
FR,context=Main,isPrime
VW,context=Main#prime:1,j=6634
FR,context=Main,isPrime
VW,context=Main#prime:1,j=6636
FR,context=Main,isPrime
VW,context=Main#prime:1,j=6638
FR,context=Main,isPrime
VW,context=Main#prime:1,j=6640
FR,context=Main,isPrime
VW,context=Main#prime:1,j=6642
FR,context=Main,isPrime
VW,context=Main#prime:1,j=6644
FR,context=Main,isPrime
VW,context=Main#prime:1,j=6646
FR,context=Main,isPrime
VW,context=Main#prime:1,j=6648
FR,context=Main,isPrime
VW,context=Main#prime:1,j=6650
FR,context=Main,isPrime
VW,context=Main#prime:1,j=6652
FR,context=Main,isPrime
VW,context=Main#prime:1,j=6654
FR,context=Main,isPrime
VW,context=Main#prime:1,j=6656
FR,context=Main,isPrime
VW,context=Main#prime:1,j=6658
FR,context=Main,isPrime
VW,context=Main#prime:1,j=6660
FR,context=Main,isPrime
VW,context=Main#prime:1,j=6662
FR,context=Main,isPrime
VW,context=Main#prime:1,j=6664
FR,context=Main,isPrime
VW,context=Main#prime:1,j=6666
FR,context=Main,isPrime
VW,context=Main#prime:1,j=6668
FR,context=Main,isPrime
VW,context=Main#prime:1,j=6670
FR,context=Main,isPrime
VW,context=Main#prime:1,j=6672
FR,context=Main,isPrime
VW,context=Main#prime:1,j=6674
FR,context=Main,isPrime
