TS,main (1)
MC,caller=SYSTEM,target=Main#main:1
NO,object=java.lang.String[]:1
VW,context=Main#main:1,args=java.lang.String[]:1
NO,object=Main:1
MC,caller=Main#main:1,target=Main:1#Main:1
ME,returner=Main:1#Main:1,value=<void>
MC,caller=Main#main:1,target=Main:1#run:1
VW,context=Main:1#run:1,sc=java.util.Scanner (id=365)
VW,context=Main:1#run:1,n=1
VW,context=Main:1#run:1,s=101
NO,object=int[]:1
FW,context=int[]:1,0=0
FW,context=int[]:1,1=0
VW,context=Main:1#run:1,m=int[]:1
NO,object=boolean[][]:1
FW,context=boolean[][]:1,0=boolean[102] (id=369)
FW,context=boolean[][]:1,1=boolean[102] (id=370)
VW,context=Main:1#run:1,dp=boolean[][]:1
VW,context=Main:1#run:1,j=2
VW,context=Main:1#run:1,i=0
VW,context=Main:1#run:1,w=false
VW,context=Main:1#run:1,p=1
VW,context=Main:1#run:1,w=true
VW,context=Main:1#run:1,p=2
VD,method=Main:1#run:1 <name=p,type=int (id=7),value=1,index=9>
VW,context=Main:1#run:1,i=1
VD,method=Main:1#run:1 <name=w,type=boolean (id=2),value=false,index=8>
VW,context=Main:1#run:1,w=false
VW,context=Main:1#run:1,p=1
VW,context=Main:1#run:1,w=true
VW,context=Main:1#run:1,p=2
VD,method=Main:1#run:1 <name=p,type=int (id=7),value=1,index=9>
VW,context=Main:1#run:1,j=3
VW,context=Main:1#run:1,i=0
VD,method=Main:1#run:1 <name=w,type=boolean (id=2),value=false,index=8>
VW,context=Main:1#run:1,w=false
VW,context=Main:1#run:1,p=1
VW,context=Main:1#run:1,p=2
VW,context=Main:1#run:1,w=true
VW,context=Main:1#run:1,p=3
VD,method=Main:1#run:1 <name=p,type=int (id=7),value=1,index=9>
VW,context=Main:1#run:1,i=1
VD,method=Main:1#run:1 <name=w,type=boolean (id=2),value=false,index=8>
VW,context=Main:1#run:1,w=false
VW,context=Main:1#run:1,p=1
VW,context=Main:1#run:1,p=2
VW,context=Main:1#run:1,w=true
VW,context=Main:1#run:1,p=3
VD,method=Main:1#run:1 <name=p,type=int (id=7),value=1,index=9>
VW,context=Main:1#run:1,j=4
VW,context=Main:1#run:1,i=0
VD,method=Main:1#run:1 <name=w,type=boolean (id=2),value=false,index=8>
VW,context=Main:1#run:1,w=false
VW,context=Main:1#run:1,p=1
VW,context=Main:1#run:1,p=2
VW,context=Main:1#run:1,p=3
VW,context=Main:1#run:1,w=true
VW,context=Main:1#run:1,p=4
VD,method=Main:1#run:1 <name=p,type=int (id=7),value=1,index=9>
VW,context=Main:1#run:1,i=1
VD,method=Main:1#run:1 <name=w,type=boolean (id=2),value=false,index=8>
VW,context=Main:1#run:1,w=false
VW,context=Main:1#run:1,p=1
VW,context=Main:1#run:1,p=2
VW,context=Main:1#run:1,p=3
VW,context=Main:1#run:1,w=true
VW,context=Main:1#run:1,p=4
VD,method=Main:1#run:1 <name=p,type=int (id=7),value=1,index=9>
VW,context=Main:1#run:1,j=5
VW,context=Main:1#run:1,i=0
VD,method=Main:1#run:1 <name=w,type=boolean (id=2),value=false,index=8>
VW,context=Main:1#run:1,w=false
VW,context=Main:1#run:1,p=1
VW,context=Main:1#run:1,p=2
VW,context=Main:1#run:1,p=3
VW,context=Main:1#run:1,p=4
VW,context=Main:1#run:1,w=true
VD,method=Main:1#run:1 <name=p,type=int (id=7),value=1,index=9>
VW,context=Main:1#run:1,i=1
VD,method=Main:1#run:1 <name=w,type=boolean (id=2),value=false,index=8>
VW,context=Main:1#run:1,w=false
VW,context=Main:1#run:1,p=1
VW,context=Main:1#run:1,p=2
VW,context=Main:1#run:1,p=3
VW,context=Main:1#run:1,p=4
VW,context=Main:1#run:1,w=true
VD,method=Main:1#run:1 <name=p,type=int (id=7),value=1,index=9>
VW,context=Main:1#run:1,j=6
VW,context=Main:1#run:1,i=0
VD,method=Main:1#run:1 <name=w,type=boolean (id=2),value=false,index=8>
VW,context=Main:1#run:1,w=false
VW,context=Main:1#run:1,p=1
VW,context=Main:1#run:1,p=2
VW,context=Main:1#run:1,p=3
VW,context=Main:1#run:1,p=4
VD,method=Main:1#run:1 <name=p,type=int (id=7),value=1,index=9>
VW,context=Main:1#run:1,i=1
VD,method=Main:1#run:1 <name=w,type=boolean (id=2),value=false,index=8>
VW,context=Main:1#run:1,w=false
VW,context=Main:1#run:1,p=1
VW,context=Main:1#run:1,p=2
VW,context=Main:1#run:1,p=3
VW,context=Main:1#run:1,p=4
VD,method=Main:1#run:1 <name=p,type=int (id=7),value=1,index=9>
VW,context=Main:1#run:1,j=7
VW,context=Main:1#run:1,i=0
VD,method=Main:1#run:1 <name=w,type=boolean (id=2),value=false,index=8>
VW,context=Main:1#run:1,w=false
VW,context=Main:1#run:1,p=1
VW,context=Main:1#run:1,w=true
VW,context=Main:1#run:1,p=2
VW,context=Main:1#run:1,p=3
VW,context=Main:1#run:1,p=4
VD,method=Main:1#run:1 <name=p,type=int (id=7),value=1,index=9>
VW,context=Main:1#run:1,i=1
VD,method=Main:1#run:1 <name=w,type=boolean (id=2),value=false,index=8>
VW,context=Main:1#run:1,w=false
VW,context=Main:1#run:1,p=1
VW,context=Main:1#run:1,w=true
VW,context=Main:1#run:1,p=2
VW,context=Main:1#run:1,p=3
VW,context=Main:1#run:1,p=4
VD,method=Main:1#run:1 <name=p,type=int (id=7),value=1,index=9>
VW,context=Main:1#run:1,j=8
VW,context=Main:1#run:1,i=0
VD,method=Main:1#run:1 <name=w,type=boolean (id=2),value=false,index=8>
VW,context=Main:1#run:1,w=false
VW,context=Main:1#run:1,p=1
VW,context=Main:1#run:1,p=2
VW,context=Main:1#run:1,w=true
VW,context=Main:1#run:1,p=3
VW,context=Main:1#run:1,p=4
VD,method=Main:1#run:1 <name=p,type=int (id=7),value=1,index=9>
VW,context=Main:1#run:1,i=1
VD,method=Main:1#run:1 <name=w,type=boolean (id=2),value=false,index=8>
VW,context=Main:1#run:1,w=false
VW,context=Main:1#run:1,p=1
VW,context=Main:1#run:1,p=2
VW,context=Main:1#run:1,w=true
VW,context=Main:1#run:1,p=3
VW,context=Main:1#run:1,p=4
VD,method=Main:1#run:1 <name=p,type=int (id=7),value=1,index=9>
VW,context=Main:1#run:1,j=9
VW,context=Main:1#run:1,i=0
VD,method=Main:1#run:1 <name=w,type=boolean (id=2),value=false,index=8>
VW,context=Main:1#run:1,w=false
VW,context=Main:1#run:1,p=1
VW,context=Main:1#run:1,p=2
VW,context=Main:1#run:1,p=3
VW,context=Main:1#run:1,w=true
VW,context=Main:1#run:1,p=4
VD,method=Main:1#run:1 <name=p,type=int (id=7),value=1,index=9>
VW,context=Main:1#run:1,i=1
VD,method=Main:1#run:1 <name=w,type=boolean (id=2),value=false,index=8>
VW,context=Main:1#run:1,w=false
VW,context=Main:1#run:1,p=1
VW,context=Main:1#run:1,p=2
VW,context=Main:1#run:1,p=3
VW,context=Main:1#run:1,w=true
VW,context=Main:1#run:1,p=4
VD,method=Main:1#run:1 <name=p,type=int (id=7),value=1,index=9>
VW,context=Main:1#run:1,j=10
VW,context=Main:1#run:1,i=0
VD,method=Main:1#run:1 <name=w,type=boolean (id=2),value=false,index=8>
VW,context=Main:1#run:1,w=false
VW,context=Main:1#run:1,p=1
VW,context=Main:1#run:1,p=2
VW,context=Main:1#run:1,p=3
VW,context=Main:1#run:1,p=4
VW,context=Main:1#run:1,w=true
VD,method=Main:1#run:1 <name=p,type=int (id=7),value=1,index=9>
VW,context=Main:1#run:1,i=1
VD,method=Main:1#run:1 <name=w,type=boolean (id=2),value=false,index=8>
VW,context=Main:1#run:1,w=false
VW,context=Main:1#run:1,p=1
VW,context=Main:1#run:1,p=2
VW,context=Main:1#run:1,p=3
VW,context=Main:1#run:1,p=4
VW,context=Main:1#run:1,w=true
VD,method=Main:1#run:1 <name=p,type=int (id=7),value=1,index=9>
VW,context=Main:1#run:1,j=11
VW,context=Main:1#run:1,i=0
VD,method=Main:1#run:1 <name=w,type=boolean (id=2),value=false,index=8>
VW,context=Main:1#run:1,w=false
VW,context=Main:1#run:1,p=1
VW,context=Main:1#run:1,p=2
VW,context=Main:1#run:1,p=3
VW,context=Main:1#run:1,p=4
VD,method=Main:1#run:1 <name=p,type=int (id=7),value=1,index=9>
VW,context=Main:1#run:1,i=1
VD,method=Main:1#run:1 <name=w,type=boolean (id=2),value=false,index=8>
VW,context=Main:1#run:1,w=false
VW,context=Main:1#run:1,p=1
VW,context=Main:1#run:1,p=2
VW,context=Main:1#run:1,p=3
VW,context=Main:1#run:1,p=4
VD,method=Main:1#run:1 <name=p,type=int (id=7),value=1,index=9>
VW,context=Main:1#run:1,j=12
VW,context=Main:1#run:1,i=0
VD,method=Main:1#run:1 <name=w,type=boolean (id=2),value=false,index=8>
VW,context=Main:1#run:1,w=false
VW,context=Main:1#run:1,p=1
VW,context=Main:1#run:1,w=true
VW,context=Main:1#run:1,p=2
VW,context=Main:1#run:1,p=3
VW,context=Main:1#run:1,p=4
VD,method=Main:1#run:1 <name=p,type=int (id=7),value=1,index=9>
VW,context=Main:1#run:1,i=1
VD,method=Main:1#run:1 <name=w,type=boolean (id=2),value=false,index=8>
VW,context=Main:1#run:1,w=false
VW,context=Main:1#run:1,p=1
VW,context=Main:1#run:1,w=true
VW,context=Main:1#run:1,p=2
VW,context=Main:1#run:1,p=3
VW,context=Main:1#run:1,p=4
VD,method=Main:1#run:1 <name=p,type=int (id=7),value=1,index=9>
VW,context=Main:1#run:1,j=13
VW,context=Main:1#run:1,i=0
VD,method=Main:1#run:1 <name=w,type=boolean (id=2),value=false,index=8>
VW,context=Main:1#run:1,w=false
VW,context=Main:1#run:1,p=1
VW,context=Main:1#run:1,p=2
VW,context=Main:1#run:1,w=true
VW,context=Main:1#run:1,p=3
VW,context=Main:1#run:1,p=4
VD,method=Main:1#run:1 <name=p,type=int (id=7),value=1,index=9>
VW,context=Main:1#run:1,i=1
VD,method=Main:1#run:1 <name=w,type=boolean (id=2),value=false,index=8>
VW,context=Main:1#run:1,w=false
VW,context=Main:1#run:1,p=1
VW,context=Main:1#run:1,p=2
VW,context=Main:1#run:1,w=true
VW,context=Main:1#run:1,p=3
VW,context=Main:1#run:1,p=4
VD,method=Main:1#run:1 <name=p,type=int (id=7),value=1,index=9>
VW,context=Main:1#run:1,j=14
VW,context=Main:1#run:1,i=0
VD,method=Main:1#run:1 <name=w,type=boolean (id=2),value=false,index=8>
VW,context=Main:1#run:1,w=false
VW,context=Main:1#run:1,p=1
VW,context=Main:1#run:1,p=2
VW,context=Main:1#run:1,p=3
VW,context=Main:1#run:1,w=true
VW,context=Main:1#run:1,p=4
VD,method=Main:1#run:1 <name=p,type=int (id=7),value=1,index=9>
VW,context=Main:1#run:1,i=1
VD,method=Main:1#run:1 <name=w,type=boolean (id=2),value=false,index=8>
VW,context=Main:1#run:1,w=false
VW,context=Main:1#run:1,p=1
VW,context=Main:1#run:1,p=2
VW,context=Main:1#run:1,p=3
VW,context=Main:1#run:1,w=true
VW,context=Main:1#run:1,p=4
VD,method=Main:1#run:1 <name=p,type=int (id=7),value=1,index=9>
VW,context=Main:1#run:1,j=15
VW,context=Main:1#run:1,i=0
VD,method=Main:1#run:1 <name=w,type=boolean (id=2),value=false,index=8>
VW,context=Main:1#run:1,w=false
VW,context=Main:1#run:1,p=1
VW,context=Main:1#run:1,p=2
VW,context=Main:1#run:1,p=3
VW,context=Main:1#run:1,p=4
VW,context=Main:1#run:1,w=true
VD,method=Main:1#run:1 <name=p,type=int (id=7),value=1,index=9>
VW,context=Main:1#run:1,i=1
VD,method=Main:1#run:1 <name=w,type=boolean (id=2),value=false,index=8>
VW,context=Main:1#run:1,w=false
VW,context=Main:1#run:1,p=1
VW,context=Main:1#run:1,p=2
VW,context=Main:1#run:1,p=3
VW,context=Main:1#run:1,p=4
VW,context=Main:1#run:1,w=true
VD,method=Main:1#run:1 <name=p,type=int (id=7),value=1,index=9>
VW,context=Main:1#run:1,j=16
VW,context=Main:1#run:1,i=0
VD,method=Main:1#run:1 <name=w,type=boolean (id=2),value=false,index=8>
VW,context=Main:1#run:1,w=false
VW,context=Main:1#run:1,p=1
VW,context=Main:1#run:1,p=2
VW,context=Main:1#run:1,p=3
VW,context=Main:1#run:1,p=4
VD,method=Main:1#run:1 <name=p,type=int (id=7),value=1,index=9>
VW,context=Main:1#run:1,i=1
VD,method=Main:1#run:1 <name=w,type=boolean (id=2),value=false,index=8>
VW,context=Main:1#run:1,w=false
VW,context=Main:1#run:1,p=1
VW,context=Main:1#run:1,p=2
VW,context=Main:1#run:1,p=3
VW,context=Main:1#run:1,p=4
VD,method=Main:1#run:1 <name=p,type=int (id=7),value=1,index=9>
VW,context=Main:1#run:1,j=17
VW,context=Main:1#run:1,i=0
VD,method=Main:1#run:1 <name=w,type=boolean (id=2),value=false,index=8>
VW,context=Main:1#run:1,w=false
VW,context=Main:1#run:1,p=1
VW,context=Main:1#run:1,w=true
VW,context=Main:1#run:1,p=2
VW,context=Main:1#run:1,p=3
VW,context=Main:1#run:1,p=4
VD,method=Main:1#run:1 <name=p,type=int (id=7),value=1,index=9>
VW,context=Main:1#run:1,i=1
VD,method=Main:1#run:1 <name=w,type=boolean (id=2),value=false,index=8>
VW,context=Main:1#run:1,w=false
VW,context=Main:1#run:1,p=1
VW,context=Main:1#run:1,w=true
VW,context=Main:1#run:1,p=2
VW,context=Main:1#run:1,p=3
VW,context=Main:1#run:1,p=4
VD,method=Main:1#run:1 <name=p,type=int (id=7),value=1,index=9>
VW,context=Main:1#run:1,j=18
VW,context=Main:1#run:1,i=0
VD,method=Main:1#run:1 <name=w,type=boolean (id=2),value=false,index=8>
VW,context=Main:1#run:1,w=false
VW,context=Main:1#run:1,p=1
VW,context=Main:1#run:1,p=2
VW,context=Main:1#run:1,w=true
VW,context=Main:1#run:1,p=3
VW,context=Main:1#run:1,p=4
VD,method=Main:1#run:1 <name=p,type=int (id=7),value=1,index=9>
VW,context=Main:1#run:1,i=1
VD,method=Main:1#run:1 <name=w,type=boolean (id=2),value=false,index=8>
VW,context=Main:1#run:1,w=false
VW,context=Main:1#run:1,p=1
VW,context=Main:1#run:1,p=2
VW,context=Main:1#run:1,w=true
VW,context=Main:1#run:1,p=3
VW,context=Main:1#run:1,p=4
VD,method=Main:1#run:1 <name=p,type=int (id=7),value=1,index=9>
VW,context=Main:1#run:1,j=19
VW,context=Main:1#run:1,i=0
VD,method=Main:1#run:1 <name=w,type=boolean (id=2),value=false,index=8>
VW,context=Main:1#run:1,w=false
VW,context=Main:1#run:1,p=1
VW,context=Main:1#run:1,p=2
VW,context=Main:1#run:1,p=3
VW,context=Main:1#run:1,w=true
VW,context=Main:1#run:1,p=4
VD,method=Main:1#run:1 <name=p,type=int (id=7),value=1,index=9>
VW,context=Main:1#run:1,i=1
VD,method=Main:1#run:1 <name=w,type=boolean (id=2),value=false,index=8>
VW,context=Main:1#run:1,w=false
VW,context=Main:1#run:1,p=1
VW,context=Main:1#run:1,p=2
VW,context=Main:1#run:1,p=3
VW,context=Main:1#run:1,w=true
VW,context=Main:1#run:1,p=4
VD,method=Main:1#run:1 <name=p,type=int (id=7),value=1,index=9>
VW,context=Main:1#run:1,j=20
VW,context=Main:1#run:1,i=0
VD,method=Main:1#run:1 <name=w,type=boolean (id=2),value=false,index=8>
VW,context=Main:1#run:1,w=false
VW,context=Main:1#run:1,p=1
VW,context=Main:1#run:1,p=2
VW,context=Main:1#run:1,p=3
VW,context=Main:1#run:1,p=4
VW,context=Main:1#run:1,w=true
VD,method=Main:1#run:1 <name=p,type=int (id=7),value=1,index=9>
VW,context=Main:1#run:1,i=1
VD,method=Main:1#run:1 <name=w,type=boolean (id=2),value=false,index=8>
VW,context=Main:1#run:1,w=false
VW,context=Main:1#run:1,p=1
VW,context=Main:1#run:1,p=2
VW,context=Main:1#run:1,p=3
VW,context=Main:1#run:1,p=4
VW,context=Main:1#run:1,w=true
VD,method=Main:1#run:1 <name=p,type=int (id=7),value=1,index=9>
VW,context=Main:1#run:1,j=21
VW,context=Main:1#run:1,i=0
VD,method=Main:1#run:1 <name=w,type=boolean (id=2),value=false,index=8>
VW,context=Main:1#run:1,w=false
VW,context=Main:1#run:1,p=1
VW,context=Main:1#run:1,p=2
VW,context=Main:1#run:1,p=3
VW,context=Main:1#run:1,p=4
VD,method=Main:1#run:1 <name=p,type=int (id=7),value=1,index=9>
VW,context=Main:1#run:1,i=1
VD,method=Main:1#run:1 <name=w,type=boolean (id=2),value=false,index=8>
VW,context=Main:1#run:1,w=false
VW,context=Main:1#run:1,p=1
VW,context=Main:1#run:1,p=2
VW,context=Main:1#run:1,p=3
VW,context=Main:1#run:1,p=4
VD,method=Main:1#run:1 <name=p,type=int (id=7),value=1,index=9>
VW,context=Main:1#run:1,j=22
VW,context=Main:1#run:1,i=0
VD,method=Main:1#run:1 <name=w,type=boolean (id=2),value=false,index=8>
VW,context=Main:1#run:1,w=false
VW,context=Main:1#run:1,p=1
VW,context=Main:1#run:1,w=true
VW,context=Main:1#run:1,p=2
VW,context=Main:1#run:1,p=3
VW,context=Main:1#run:1,p=4
VD,method=Main:1#run:1 <name=p,type=int (id=7),value=1,index=9>
VW,context=Main:1#run:1,i=1
VD,method=Main:1#run:1 <name=w,type=boolean (id=2),value=false,index=8>
VW,context=Main:1#run:1,w=false
VW,context=Main:1#run:1,p=1
VW,context=Main:1#run:1,w=true
VW,context=Main:1#run:1,p=2
VW,context=Main:1#run:1,p=3
VW,context=Main:1#run:1,p=4
VD,method=Main:1#run:1 <name=p,type=int (id=7),value=1,index=9>
VW,context=Main:1#run:1,j=23
VW,context=Main:1#run:1,i=0
VD,method=Main:1#run:1 <name=w,type=boolean (id=2),value=false,index=8>
VW,context=Main:1#run:1,w=false
VW,context=Main:1#run:1,p=1
VW,context=Main:1#run:1,p=2
VW,context=Main:1#run:1,w=true
VW,context=Main:1#run:1,p=3
VW,context=Main:1#run:1,p=4
VD,method=Main:1#run:1 <name=p,type=int (id=7),value=1,index=9>
VW,context=Main:1#run:1,i=1
VD,method=Main:1#run:1 <name=w,type=boolean (id=2),value=false,index=8>
VW,context=Main:1#run:1,w=false
VW,context=Main:1#run:1,p=1
VW,context=Main:1#run:1,p=2
VW,context=Main:1#run:1,w=true
VW,context=Main:1#run:1,p=3
VW,context=Main:1#run:1,p=4
VD,method=Main:1#run:1 <name=p,type=int (id=7),value=1,index=9>
VW,context=Main:1#run:1,j=24
VW,context=Main:1#run:1,i=0
VD,method=Main:1#run:1 <name=w,type=boolean (id=2),value=false,index=8>
VW,context=Main:1#run:1,w=false
VW,context=Main:1#run:1,p=1
VW,context=Main:1#run:1,p=2
VW,context=Main:1#run:1,p=3
VW,context=Main:1#run:1,w=true
VW,context=Main:1#run:1,p=4
VD,method=Main:1#run:1 <name=p,type=int (id=7),value=1,index=9>
VW,context=Main:1#run:1,i=1
VD,method=Main:1#run:1 <name=w,type=boolean (id=2),value=false,index=8>
VW,context=Main:1#run:1,w=false
VW,context=Main:1#run:1,p=1
VW,context=Main:1#run:1,p=2
VW,context=Main:1#run:1,p=3
VW,context=Main:1#run:1,w=true
VW,context=Main:1#run:1,p=4
VD,method=Main:1#run:1 <name=p,type=int (id=7),value=1,index=9>
VW,context=Main:1#run:1,j=25
VW,context=Main:1#run:1,i=0
VD,method=Main:1#run:1 <name=w,type=boolean (id=2),value=false,index=8>
VW,context=Main:1#run:1,w=false
VW,context=Main:1#run:1,p=1
VW,context=Main:1#run:1,p=2
VW,context=Main:1#run:1,p=3
VW,context=Main:1#run:1,p=4
VW,context=Main:1#run:1,w=true
VD,method=Main:1#run:1 <name=p,type=int (id=7),value=1,index=9>
VW,context=Main:1#run:1,i=1
VD,method=Main:1#run:1 <name=w,type=boolean (id=2),value=false,index=8>
VW,context=Main:1#run:1,w=false
VW,context=Main:1#run:1,p=1
VW,context=Main:1#run:1,p=2
VW,context=Main:1#run:1,p=3
VW,context=Main:1#run:1,p=4
VW,context=Main:1#run:1,w=true
VD,method=Main:1#run:1 <name=p,type=int (id=7),value=1,index=9>
VW,context=Main:1#run:1,j=26
VW,context=Main:1#run:1,i=0
VD,method=Main:1#run:1 <name=w,type=boolean (id=2),value=false,index=8>
VW,context=Main:1#run:1,w=false
VW,context=Main:1#run:1,p=1
VW,context=Main:1#run:1,p=2
VW,context=Main:1#run:1,p=3
VW,context=Main:1#run:1,p=4
VD,method=Main:1#run:1 <name=p,type=int (id=7),value=1,index=9>
VW,context=Main:1#run:1,i=1
VD,method=Main:1#run:1 <name=w,type=boolean (id=2),value=false,index=8>
VW,context=Main:1#run:1,w=false
VW,context=Main:1#run:1,p=1
VW,context=Main:1#run:1,p=2
VW,context=Main:1#run:1,p=3
VW,context=Main:1#run:1,p=4
VD,method=Main:1#run:1 <name=p,type=int (id=7),value=1,index=9>
VW,context=Main:1#run:1,j=27
VW,context=Main:1#run:1,i=0
VD,method=Main:1#run:1 <name=w,type=boolean (id=2),value=false,index=8>
VW,context=Main:1#run:1,w=false
VW,context=Main:1#run:1,p=1
VW,context=Main:1#run:1,w=true
VW,context=Main:1#run:1,p=2
VW,context=Main:1#run:1,p=3
VW,context=Main:1#run:1,p=4
VD,method=Main:1#run:1 <name=p,type=int (id=7),value=1,index=9>
VW,context=Main:1#run:1,i=1
VD,method=Main:1#run:1 <name=w,type=boolean (id=2),value=false,index=8>
VW,context=Main:1#run:1,w=false
VW,context=Main:1#run:1,p=1
VW,context=Main:1#run:1,w=true
VW,context=Main:1#run:1,p=2
VW,context=Main:1#run:1,p=3
VW,context=Main:1#run:1,p=4
VD,method=Main:1#run:1 <name=p,type=int (id=7),value=1,index=9>
VW,context=Main:1#run:1,j=28
VW,context=Main:1#run:1,i=0
VD,method=Main:1#run:1 <name=w,type=boolean (id=2),value=false,index=8>
VW,context=Main:1#run:1,w=false
VW,context=Main:1#run:1,p=1
VW,context=Main:1#run:1,p=2
VW,context=Main:1#run:1,w=true
VW,context=Main:1#run:1,p=3
VW,context=Main:1#run:1,p=4
VD,method=Main:1#run:1 <name=p,type=int (id=7),value=1,index=9>
VW,context=Main:1#run:1,i=1
VD,method=Main:1#run:1 <name=w,type=boolean (id=2),value=false,index=8>
VW,context=Main:1#run:1,w=false
VW,context=Main:1#run:1,p=1
VW,context=Main:1#run:1,p=2
VW,context=Main:1#run:1,w=true
VW,context=Main:1#run:1,p=3
VW,context=Main:1#run:1,p=4
VD,method=Main:1#run:1 <name=p,type=int (id=7),value=1,index=9>
VW,context=Main:1#run:1,j=29
VW,context=Main:1#run:1,i=0
VD,method=Main:1#run:1 <name=w,type=boolean (id=2),value=false,index=8>
VW,context=Main:1#run:1,w=false
VW,context=Main:1#run:1,p=1
VW,context=Main:1#run:1,p=2
VW,context=Main:1#run:1,p=3
VW,context=Main:1#run:1,w=true
VW,context=Main:1#run:1,p=4
VD,method=Main:1#run:1 <name=p,type=int (id=7),value=1,index=9>
VW,context=Main:1#run:1,i=1
VD,method=Main:1#run:1 <name=w,type=boolean (id=2),value=false,index=8>
VW,context=Main:1#run:1,w=false
VW,context=Main:1#run:1,p=1
VW,context=Main:1#run:1,p=2
VW,context=Main:1#run:1,p=3
VW,context=Main:1#run:1,w=true
VW,context=Main:1#run:1,p=4
VD,method=Main:1#run:1 <name=p,type=int (id=7),value=1,index=9>
VW,context=Main:1#run:1,j=30
VW,context=Main:1#run:1,i=0
VD,method=Main:1#run:1 <name=w,type=boolean (id=2),value=false,index=8>
VW,context=Main:1#run:1,w=false
VW,context=Main:1#run:1,p=1
VW,context=Main:1#run:1,p=2
VW,context=Main:1#run:1,p=3
VW,context=Main:1#run:1,p=4
VW,context=Main:1#run:1,w=true
VD,method=Main:1#run:1 <name=p,type=int (id=7),value=1,index=9>
VW,context=Main:1#run:1,i=1
VD,method=Main:1#run:1 <name=w,type=boolean (id=2),value=false,index=8>
VW,context=Main:1#run:1,w=false
VW,context=Main:1#run:1,p=1
VW,context=Main:1#run:1,p=2
VW,context=Main:1#run:1,p=3
VW,context=Main:1#run:1,p=4
VW,context=Main:1#run:1,w=true
VD,method=Main:1#run:1 <name=p,type=int (id=7),value=1,index=9>
VW,context=Main:1#run:1,j=31
VW,context=Main:1#run:1,i=0
VD,method=Main:1#run:1 <name=w,type=boolean (id=2),value=false,index=8>
VW,context=Main:1#run:1,w=false
VW,context=Main:1#run:1,p=1
VW,context=Main:1#run:1,p=2
VW,context=Main:1#run:1,p=3
VW,context=Main:1#run:1,p=4
VD,method=Main:1#run:1 <name=p,type=int (id=7),value=1,index=9>
VW,context=Main:1#run:1,i=1
VD,method=Main:1#run:1 <name=w,type=boolean (id=2),value=false,index=8>
VW,context=Main:1#run:1,w=false
VW,context=Main:1#run:1,p=1
VW,context=Main:1#run:1,p=2
VW,context=Main:1#run:1,p=3
VW,context=Main:1#run:1,p=4
VD,method=Main:1#run:1 <name=p,type=int (id=7),value=1,index=9>
VW,context=Main:1#run:1,j=32
VW,context=Main:1#run:1,i=0
VD,method=Main:1#run:1 <name=w,type=boolean (id=2),value=false,index=8>
VW,context=Main:1#run:1,w=false
VW,context=Main:1#run:1,p=1
VW,context=Main:1#run:1,w=true
VW,context=Main:1#run:1,p=2
VW,context=Main:1#run:1,p=3
VW,context=Main:1#run:1,p=4
VD,method=Main:1#run:1 <name=p,type=int (id=7),value=1,index=9>
VW,context=Main:1#run:1,i=1
VD,method=Main:1#run:1 <name=w,type=boolean (id=2),value=false,index=8>
VW,context=Main:1#run:1,w=false
VW,context=Main:1#run:1,p=1
VW,context=Main:1#run:1,w=true
VW,context=Main:1#run:1,p=2
VW,context=Main:1#run:1,p=3
VW,context=Main:1#run:1,p=4
VD,method=Main:1#run:1 <name=p,type=int (id=7),value=1,index=9>
VW,context=Main:1#run:1,j=33
VW,context=Main:1#run:1,i=0
VD,method=Main:1#run:1 <name=w,type=boolean (id=2),value=false,index=8>
VW,context=Main:1#run:1,w=false
VW,context=Main:1#run:1,p=1
VW,context=Main:1#run:1,p=2
VW,context=Main:1#run:1,w=true
VW,context=Main:1#run:1,p=3
VW,context=Main:1#run:1,p=4
VD,method=Main:1#run:1 <name=p,type=int (id=7),value=1,index=9>
VW,context=Main:1#run:1,i=1
VD,method=Main:1#run:1 <name=w,type=boolean (id=2),value=false,index=8>
VW,context=Main:1#run:1,w=false
VW,context=Main:1#run:1,p=1
VW,context=Main:1#run:1,p=2
VW,context=Main:1#run:1,w=true
VW,context=Main:1#run:1,p=3
VW,context=Main:1#run:1,p=4
VD,method=Main:1#run:1 <name=p,type=int (id=7),value=1,index=9>
VW,context=Main:1#run:1,j=34
VW,context=Main:1#run:1,i=0
VD,method=Main:1#run:1 <name=w,type=boolean (id=2),value=false,index=8>
VW,context=Main:1#run:1,w=false
VW,context=Main:1#run:1,p=1
VW,context=Main:1#run:1,p=2
VW,context=Main:1#run:1,p=3
VW,context=Main:1#run:1,w=true
VW,context=Main:1#run:1,p=4
VD,method=Main:1#run:1 <name=p,type=int (id=7),value=1,index=9>
VW,context=Main:1#run:1,i=1
VD,method=Main:1#run:1 <name=w,type=boolean (id=2),value=false,index=8>
VW,context=Main:1#run:1,w=false
VW,context=Main:1#run:1,p=1
VW,context=Main:1#run:1,p=2
VW,context=Main:1#run:1,p=3
VW,context=Main:1#run:1,w=true
VW,context=Main:1#run:1,p=4
VD,method=Main:1#run:1 <name=p,type=int (id=7),value=1,index=9>
VW,context=Main:1#run:1,j=35
VW,context=Main:1#run:1,i=0
VD,method=Main:1#run:1 <name=w,type=boolean (id=2),value=false,index=8>
VW,context=Main:1#run:1,w=false
VW,context=Main:1#run:1,p=1
VW,context=Main:1#run:1,p=2
VW,context=Main:1#run:1,p=3
VW,context=Main:1#run:1,p=4
VW,context=Main:1#run:1,w=true
VD,method=Main:1#run:1 <name=p,type=int (id=7),value=1,index=9>
VW,context=Main:1#run:1,i=1
VD,method=Main:1#run:1 <name=w,type=boolean (id=2),value=false,index=8>
VW,context=Main:1#run:1,w=false
VW,context=Main:1#run:1,p=1
VW,context=Main:1#run:1,p=2
VW,context=Main:1#run:1,p=3
VW,context=Main:1#run:1,p=4
VW,context=Main:1#run:1,w=true
VD,method=Main:1#run:1 <name=p,type=int (id=7),value=1,index=9>
VW,context=Main:1#run:1,j=36
VW,context=Main:1#run:1,i=0
VD,method=Main:1#run:1 <name=w,type=boolean (id=2),value=false,index=8>
VW,context=Main:1#run:1,w=false
VW,context=Main:1#run:1,p=1
VW,context=Main:1#run:1,p=2
VW,context=Main:1#run:1,p=3
VW,context=Main:1#run:1,p=4
VD,method=Main:1#run:1 <name=p,type=int (id=7),value=1,index=9>
VW,context=Main:1#run:1,i=1
VD,method=Main:1#run:1 <name=w,type=boolean (id=2),value=false,index=8>
VW,context=Main:1#run:1,w=false
VW,context=Main:1#run:1,p=1
VW,context=Main:1#run:1,p=2
VW,context=Main:1#run:1,p=3
VW,context=Main:1#run:1,p=4
VD,method=Main:1#run:1 <name=p,type=int (id=7),value=1,index=9>
VW,context=Main:1#run:1,j=37
VW,context=Main:1#run:1,i=0
VD,method=Main:1#run:1 <name=w,type=boolean (id=2),value=false,index=8>
VW,context=Main:1#run:1,w=false
VW,context=Main:1#run:1,p=1
VW,context=Main:1#run:1,w=true
VW,context=Main:1#run:1,p=2
VW,context=Main:1#run:1,p=3
VW,context=Main:1#run:1,p=4
VD,method=Main:1#run:1 <name=p,type=int (id=7),value=1,index=9>
VW,context=Main:1#run:1,i=1
VD,method=Main:1#run:1 <name=w,type=boolean (id=2),value=false,index=8>
VW,context=Main:1#run:1,w=false
VW,context=Main:1#run:1,p=1
VW,context=Main:1#run:1,w=true
VW,context=Main:1#run:1,p=2
VW,context=Main:1#run:1,p=3
VW,context=Main:1#run:1,p=4
VD,method=Main:1#run:1 <name=p,type=int (id=7),value=1,index=9>
VW,context=Main:1#run:1,j=38
VW,context=Main:1#run:1,i=0
VD,method=Main:1#run:1 <name=w,type=boolean (id=2),value=false,index=8>
VW,context=Main:1#run:1,w=false
VW,context=Main:1#run:1,p=1
VW,context=Main:1#run:1,p=2
VW,context=Main:1#run:1,w=true
VW,context=Main:1#run:1,p=3
VW,context=Main:1#run:1,p=4
VD,method=Main:1#run:1 <name=p,type=int (id=7),value=1,index=9>
VW,context=Main:1#run:1,i=1
VD,method=Main:1#run:1 <name=w,type=boolean (id=2),value=false,index=8>
VW,context=Main:1#run:1,w=false
VW,context=Main:1#run:1,p=1
VW,context=Main:1#run:1,p=2
VW,context=Main:1#run:1,w=true
VW,context=Main:1#run:1,p=3
VW,context=Main:1#run:1,p=4
VD,method=Main:1#run:1 <name=p,type=int (id=7),value=1,index=9>
VW,context=Main:1#run:1,j=39
VW,context=Main:1#run:1,i=0
VD,method=Main:1#run:1 <name=w,type=boolean (id=2),value=false,index=8>
VW,context=Main:1#run:1,w=false
VW,context=Main:1#run:1,p=1
VW,context=Main:1#run:1,p=2
VW,context=Main:1#run:1,p=3
VW,context=Main:1#run:1,w=true
VW,context=Main:1#run:1,p=4
VD,method=Main:1#run:1 <name=p,type=int (id=7),value=1,index=9>
VW,context=Main:1#run:1,i=1
VD,method=Main:1#run:1 <name=w,type=boolean (id=2),value=false,index=8>
VW,context=Main:1#run:1,w=false
VW,context=Main:1#run:1,p=1
VW,context=Main:1#run:1,p=2
VW,context=Main:1#run:1,p=3
VW,context=Main:1#run:1,w=true
VW,context=Main:1#run:1,p=4
VD,method=Main:1#run:1 <name=p,type=int (id=7),value=1,index=9>
VW,context=Main:1#run:1,j=40
VW,context=Main:1#run:1,i=0
VD,method=Main:1#run:1 <name=w,type=boolean (id=2),value=false,index=8>
VW,context=Main:1#run:1,w=false
VW,context=Main:1#run:1,p=1
VW,context=Main:1#run:1,p=2
VW,context=Main:1#run:1,p=3
VW,context=Main:1#run:1,p=4
VW,context=Main:1#run:1,w=true
VD,method=Main:1#run:1 <name=p,type=int (id=7),value=1,index=9>
VW,context=Main:1#run:1,i=1
VD,method=Main:1#run:1 <name=w,type=boolean (id=2),value=false,index=8>
VW,context=Main:1#run:1,w=false
VW,context=Main:1#run:1,p=1
VW,context=Main:1#run:1,p=2
VW,context=Main:1#run:1,p=3
VW,context=Main:1#run:1,p=4
VW,context=Main:1#run:1,w=true
VD,method=Main:1#run:1 <name=p,type=int (id=7),value=1,index=9>
VW,context=Main:1#run:1,j=41
VW,context=Main:1#run:1,i=0
VD,method=Main:1#run:1 <name=w,type=boolean (id=2),value=false,index=8>
VW,context=Main:1#run:1,w=false
VW,context=Main:1#run:1,p=1
VW,context=Main:1#run:1,p=2
VW,context=Main:1#run:1,p=3
VW,context=Main:1#run:1,p=4
VD,method=Main:1#run:1 <name=p,type=int (id=7),value=1,index=9>
VW,context=Main:1#run:1,i=1
VD,method=Main:1#run:1 <name=w,type=boolean (id=2),value=false,index=8>
VW,context=Main:1#run:1,w=false
VW,context=Main:1#run:1,p=1
VW,context=Main:1#run:1,p=2
VW,context=Main:1#run:1,p=3
VW,context=Main:1#run:1,p=4
VD,method=Main:1#run:1 <name=p,type=int (id=7),value=1,index=9>
VW,context=Main:1#run:1,j=42
VW,context=Main:1#run:1,i=0
VD,method=Main:1#run:1 <name=w,type=boolean (id=2),value=false,index=8>
VW,context=Main:1#run:1,w=false
VW,context=Main:1#run:1,p=1
VW,context=Main:1#run:1,w=true
VW,context=Main:1#run:1,p=2
VW,context=Main:1#run:1,p=3
VW,context=Main:1#run:1,p=4
VD,method=Main:1#run:1 <name=p,type=int (id=7),value=1,index=9>
VW,context=Main:1#run:1,i=1
VD,method=Main:1#run:1 <name=w,type=boolean (id=2),value=false,index=8>
VW,context=Main:1#run:1,w=false
VW,context=Main:1#run:1,p=1
VW,context=Main:1#run:1,w=true
VW,context=Main:1#run:1,p=2
VW,context=Main:1#run:1,p=3
VW,context=Main:1#run:1,p=4
VD,method=Main:1#run:1 <name=p,type=int (id=7),value=1,index=9>
VW,context=Main:1#run:1,j=43
VW,context=Main:1#run:1,i=0
VD,method=Main:1#run:1 <name=w,type=boolean (id=2),value=false,index=8>
VW,context=Main:1#run:1,w=false
VW,context=Main:1#run:1,p=1
VW,context=Main:1#run:1,p=2
VW,context=Main:1#run:1,w=true
VW,context=Main:1#run:1,p=3
VW,context=Main:1#run:1,p=4
VD,method=Main:1#run:1 <name=p,type=int (id=7),value=1,index=9>
VW,context=Main:1#run:1,i=1
VD,method=Main:1#run:1 <name=w,type=boolean (id=2),value=false,index=8>
VW,context=Main:1#run:1,w=false
VW,context=Main:1#run:1,p=1
VW,context=Main:1#run:1,p=2
VW,context=Main:1#run:1,w=true
VW,context=Main:1#run:1,p=3
VW,context=Main:1#run:1,p=4
VD,method=Main:1#run:1 <name=p,type=int (id=7),value=1,index=9>
VW,context=Main:1#run:1,j=44
VW,context=Main:1#run:1,i=0
VD,method=Main:1#run:1 <name=w,type=boolean (id=2),value=false,index=8>
VW,context=Main:1#run:1,w=false
VW,context=Main:1#run:1,p=1
VW,context=Main:1#run:1,p=2
VW,context=Main:1#run:1,p=3
VW,context=Main:1#run:1,w=true
VW,context=Main:1#run:1,p=4
VD,method=Main:1#run:1 <name=p,type=int (id=7),value=1,index=9>
VW,context=Main:1#run:1,i=1
VD,method=Main:1#run:1 <name=w,type=boolean (id=2),value=false,index=8>
VW,context=Main:1#run:1,w=false
VW,context=Main:1#run:1,p=1
VW,context=Main:1#run:1,p=2
VW,context=Main:1#run:1,p=3
VW,context=Main:1#run:1,w=true
VW,context=Main:1#run:1,p=4
VD,method=Main:1#run:1 <name=p,type=int (id=7),value=1,index=9>
VW,context=Main:1#run:1,j=45
VW,context=Main:1#run:1,i=0
VD,method=Main:1#run:1 <name=w,type=boolean (id=2),value=false,index=8>
VW,context=Main:1#run:1,w=false
VW,context=Main:1#run:1,p=1
VW,context=Main:1#run:1,p=2
VW,context=Main:1#run:1,p=3
VW,context=Main:1#run:1,p=4
VW,context=Main:1#run:1,w=true
VD,method=Main:1#run:1 <name=p,type=int (id=7),value=1,index=9>
VW,context=Main:1#run:1,i=1
VD,method=Main:1#run:1 <name=w,type=boolean (id=2),value=false,index=8>
VW,context=Main:1#run:1,w=false
VW,context=Main:1#run:1,p=1
VW,context=Main:1#run:1,p=2
VW,context=Main:1#run:1,p=3
VW,context=Main:1#run:1,p=4
VW,context=Main:1#run:1,w=true
VD,method=Main:1#run:1 <name=p,type=int (id=7),value=1,index=9>
VW,context=Main:1#run:1,j=46
VW,context=Main:1#run:1,i=0
VD,method=Main:1#run:1 <name=w,type=boolean (id=2),value=false,index=8>
VW,context=Main:1#run:1,w=false
VW,context=Main:1#run:1,p=1
VW,context=Main:1#run:1,p=2
VW,context=Main:1#run:1,p=3
VW,context=Main:1#run:1,p=4
VD,method=Main:1#run:1 <name=p,type=int (id=7),value=1,index=9>
VW,context=Main:1#run:1,i=1
VD,method=Main:1#run:1 <name=w,type=boolean (id=2),value=false,index=8>
VW,context=Main:1#run:1,w=false
VW,context=Main:1#run:1,p=1
VW,context=Main:1#run:1,p=2
VW,context=Main:1#run:1,p=3
VW,context=Main:1#run:1,p=4
VD,method=Main:1#run:1 <name=p,type=int (id=7),value=1,index=9>
VW,context=Main:1#run:1,j=47
VW,context=Main:1#run:1,i=0
VD,method=Main:1#run:1 <name=w,type=boolean (id=2),value=false,index=8>
VW,context=Main:1#run:1,w=false
VW,context=Main:1#run:1,p=1
VW,context=Main:1#run:1,w=true
VW,context=Main:1#run:1,p=2
VW,context=Main:1#run:1,p=3
VW,context=Main:1#run:1,p=4
VD,method=Main:1#run:1 <name=p,type=int (id=7),value=1,index=9>
VW,context=Main:1#run:1,i=1
VD,method=Main:1#run:1 <name=w,type=boolean (id=2),value=false,index=8>
VW,context=Main:1#run:1,w=false
VW,context=Main:1#run:1,p=1
VW,context=Main:1#run:1,w=true
VW,context=Main:1#run:1,p=2
VW,context=Main:1#run:1,p=3
VW,context=Main:1#run:1,p=4
VD,method=Main:1#run:1 <name=p,type=int (id=7),value=1,index=9>
VW,context=Main:1#run:1,j=48
VW,context=Main:1#run:1,i=0
VD,method=Main:1#run:1 <name=w,type=boolean (id=2),value=false,index=8>
VW,context=Main:1#run:1,w=false
VW,context=Main:1#run:1,p=1
VW,context=Main:1#run:1,p=2
VW,context=Main:1#run:1,w=true
VW,context=Main:1#run:1,p=3
VW,context=Main:1#run:1,p=4
VD,method=Main:1#run:1 <name=p,type=int (id=7),value=1,index=9>
VW,context=Main:1#run:1,i=1
VD,method=Main:1#run:1 <name=w,type=boolean (id=2),value=false,index=8>
VW,context=Main:1#run:1,w=false
VW,context=Main:1#run:1,p=1
VW,context=Main:1#run:1,p=2
VW,context=Main:1#run:1,w=true
VW,context=Main:1#run:1,p=3
VW,context=Main:1#run:1,p=4
VD,method=Main:1#run:1 <name=p,type=int (id=7),value=1,index=9>
VW,context=Main:1#run:1,j=49
VW,context=Main:1#run:1,i=0
VD,method=Main:1#run:1 <name=w,type=boolean (id=2),value=false,index=8>
VW,context=Main:1#run:1,w=false
VW,context=Main:1#run:1,p=1
VW,context=Main:1#run:1,p=2
VW,context=Main:1#run:1,p=3
VW,context=Main:1#run:1,w=true
VW,context=Main:1#run:1,p=4
VD,method=Main:1#run:1 <name=p,type=int (id=7),value=1,index=9>
VW,context=Main:1#run:1,i=1
VD,method=Main:1#run:1 <name=w,type=boolean (id=2),value=false,index=8>
VW,context=Main:1#run:1,w=false
VW,context=Main:1#run:1,p=1
VW,context=Main:1#run:1,p=2
VW,context=Main:1#run:1,p=3
VW,context=Main:1#run:1,w=true
VW,context=Main:1#run:1,p=4
VD,method=Main:1#run:1 <name=p,type=int (id=7),value=1,index=9>
VW,context=Main:1#run:1,j=50
VW,context=Main:1#run:1,i=0
VD,method=Main:1#run:1 <name=w,type=boolean (id=2),value=false,index=8>
VW,context=Main:1#run:1,w=false
VW,context=Main:1#run:1,p=1
VW,context=Main:1#run:1,p=2
VW,context=Main:1#run:1,p=3
VW,context=Main:1#run:1,p=4
VW,context=Main:1#run:1,w=true
VD,method=Main:1#run:1 <name=p,type=int (id=7),value=1,index=9>
VW,context=Main:1#run:1,i=1
VD,method=Main:1#run:1 <name=w,type=boolean (id=2),value=false,index=8>
VW,context=Main:1#run:1,w=false
VW,context=Main:1#run:1,p=1
VW,context=Main:1#run:1,p=2
VW,context=Main:1#run:1,p=3
VW,context=Main:1#run:1,p=4
VW,context=Main:1#run:1,w=true
VD,method=Main:1#run:1 <name=p,type=int (id=7),value=1,index=9>
VW,context=Main:1#run:1,j=51
VW,context=Main:1#run:1,i=0
VD,method=Main:1#run:1 <name=w,type=boolean (id=2),value=false,index=8>
VW,context=Main:1#run:1,w=false
VW,context=Main:1#run:1,p=1
VW,context=Main:1#run:1,p=2
VW,context=Main:1#run:1,p=3
VW,context=Main:1#run:1,p=4
VD,method=Main:1#run:1 <name=p,type=int (id=7),value=1,index=9>
VW,context=Main:1#run:1,i=1
VD,method=Main:1#run:1 <name=w,type=boolean (id=2),value=false,index=8>
VW,context=Main:1#run:1,w=false
VW,context=Main:1#run:1,p=1
VW,context=Main:1#run:1,p=2
VW,context=Main:1#run:1,p=3
VW,context=Main:1#run:1,p=4
VD,method=Main:1#run:1 <name=p,type=int (id=7),value=1,index=9>
VW,context=Main:1#run:1,j=52
VW,context=Main:1#run:1,i=0
VD,method=Main:1#run:1 <name=w,type=boolean (id=2),value=false,index=8>
VW,context=Main:1#run:1,w=false
VW,context=Main:1#run:1,p=1
VW,context=Main:1#run:1,w=true
VW,context=Main:1#run:1,p=2
VW,context=Main:1#run:1,p=3
VW,context=Main:1#run:1,p=4
VD,method=Main:1#run:1 <name=p,type=int (id=7),value=1,index=9>
VW,context=Main:1#run:1,i=1
VD,method=Main:1#run:1 <name=w,type=boolean (id=2),value=false,index=8>
VW,context=Main:1#run:1,w=false
VW,context=Main:1#run:1,p=1
VW,context=Main:1#run:1,w=true
VW,context=Main:1#run:1,p=2
VW,context=Main:1#run:1,p=3
VW,context=Main:1#run:1,p=4
VD,method=Main:1#run:1 <name=p,type=int (id=7),value=1,index=9>
VW,context=Main:1#run:1,j=53
VW,context=Main:1#run:1,i=0
VD,method=Main:1#run:1 <name=w,type=boolean (id=2),value=false,index=8>
VW,context=Main:1#run:1,w=false
VW,context=Main:1#run:1,p=1
VW,context=Main:1#run:1,p=2
VW,context=Main:1#run:1,w=true
VW,context=Main:1#run:1,p=3
VW,context=Main:1#run:1,p=4
VD,method=Main:1#run:1 <name=p,type=int (id=7),value=1,index=9>
VW,context=Main:1#run:1,i=1
VD,method=Main:1#run:1 <name=w,type=boolean (id=2),value=false,index=8>
VW,context=Main:1#run:1,w=false
VW,context=Main:1#run:1,p=1
VW,context=Main:1#run:1,p=2
VW,context=Main:1#run:1,w=true
VW,context=Main:1#run:1,p=3
VW,context=Main:1#run:1,p=4
VD,method=Main:1#run:1 <name=p,type=int (id=7),value=1,index=9>
VW,context=Main:1#run:1,j=54
VW,context=Main:1#run:1,i=0
VD,method=Main:1#run:1 <name=w,type=boolean (id=2),value=false,index=8>
VW,context=Main:1#run:1,w=false
VW,context=Main:1#run:1,p=1
VW,context=Main:1#run:1,p=2
VW,context=Main:1#run:1,p=3
VW,context=Main:1#run:1,w=true
VW,context=Main:1#run:1,p=4
VD,method=Main:1#run:1 <name=p,type=int (id=7),value=1,index=9>
VW,context=Main:1#run:1,i=1
VD,method=Main:1#run:1 <name=w,type=boolean (id=2),value=false,index=8>
VW,context=Main:1#run:1,w=false
VW,context=Main:1#run:1,p=1
VW,context=Main:1#run:1,p=2
VW,context=Main:1#run:1,p=3
VW,context=Main:1#run:1,w=true
VW,context=Main:1#run:1,p=4
VD,method=Main:1#run:1 <name=p,type=int (id=7),value=1,index=9>
VW,context=Main:1#run:1,j=55
VW,context=Main:1#run:1,i=0
VD,method=Main:1#run:1 <name=w,type=boolean (id=2),value=false,index=8>
VW,context=Main:1#run:1,w=false
VW,context=Main:1#run:1,p=1
VW,context=Main:1#run:1,p=2
VW,context=Main:1#run:1,p=3
VW,context=Main:1#run:1,p=4
VW,context=Main:1#run:1,w=true
VD,method=Main:1#run:1 <name=p,type=int (id=7),value=1,index=9>
VW,context=Main:1#run:1,i=1
VD,method=Main:1#run:1 <name=w,type=boolean (id=2),value=false,index=8>
VW,context=Main:1#run:1,w=false
VW,context=Main:1#run:1,p=1
VW,context=Main:1#run:1,p=2
VW,context=Main:1#run:1,p=3
VW,context=Main:1#run:1,p=4
VW,context=Main:1#run:1,w=true
VD,method=Main:1#run:1 <name=p,type=int (id=7),value=1,index=9>
VW,context=Main:1#run:1,j=56
VW,context=Main:1#run:1,i=0
VD,method=Main:1#run:1 <name=w,type=boolean (id=2),value=false,index=8>
VW,context=Main:1#run:1,w=false
VW,context=Main:1#run:1,p=1
VW,context=Main:1#run:1,p=2
VW,context=Main:1#run:1,p=3
VW,context=Main:1#run:1,p=4
VD,method=Main:1#run:1 <name=p,type=int (id=7),value=1,index=9>
VW,context=Main:1#run:1,i=1
VD,method=Main:1#run:1 <name=w,type=boolean (id=2),value=false,index=8>
VW,context=Main:1#run:1,w=false
VW,context=Main:1#run:1,p=1
VW,context=Main:1#run:1,p=2
VW,context=Main:1#run:1,p=3
VW,context=Main:1#run:1,p=4
VD,method=Main:1#run:1 <name=p,type=int (id=7),value=1,index=9>
VW,context=Main:1#run:1,j=57
VW,context=Main:1#run:1,i=0
VD,method=Main:1#run:1 <name=w,type=boolean (id=2),value=false,index=8>
VW,context=Main:1#run:1,w=false
VW,context=Main:1#run:1,p=1
VW,context=Main:1#run:1,w=true
VW,context=Main:1#run:1,p=2
VW,context=Main:1#run:1,p=3
VW,context=Main:1#run:1,p=4
VD,method=Main:1#run:1 <name=p,type=int (id=7),value=1,index=9>
VW,context=Main:1#run:1,i=1
VD,method=Main:1#run:1 <name=w,type=boolean (id=2),value=false,index=8>
VW,context=Main:1#run:1,w=false
VW,context=Main:1#run:1,p=1
VW,context=Main:1#run:1,w=true
VW,context=Main:1#run:1,p=2
VW,context=Main:1#run:1,p=3
VW,context=Main:1#run:1,p=4
VD,method=Main:1#run:1 <name=p,type=int (id=7),value=1,index=9>
VW,context=Main:1#run:1,j=58
VW,context=Main:1#run:1,i=0
VD,method=Main:1#run:1 <name=w,type=boolean (id=2),value=false,index=8>
VW,context=Main:1#run:1,w=false
VW,context=Main:1#run:1,p=1
VW,context=Main:1#run:1,p=2
VW,context=Main:1#run:1,w=true
VW,context=Main:1#run:1,p=3
VW,context=Main:1#run:1,p=4
VD,method=Main:1#run:1 <name=p,type=int (id=7),value=1,index=9>
VW,context=Main:1#run:1,i=1
VD,method=Main:1#run:1 <name=w,type=boolean (id=2),value=false,index=8>
VW,context=Main:1#run:1,w=false
VW,context=Main:1#run:1,p=1
VW,context=Main:1#run:1,p=2
VW,context=Main:1#run:1,w=true
VW,context=Main:1#run:1,p=3
VW,context=Main:1#run:1,p=4
VD,method=Main:1#run:1 <name=p,type=int (id=7),value=1,index=9>
VW,context=Main:1#run:1,j=59
VW,context=Main:1#run:1,i=0
VD,method=Main:1#run:1 <name=w,type=boolean (id=2),value=false,index=8>
VW,context=Main:1#run:1,w=false
VW,context=Main:1#run:1,p=1
VW,context=Main:1#run:1,p=2
VW,context=Main:1#run:1,p=3
VW,context=Main:1#run:1,w=true
VW,context=Main:1#run:1,p=4
VD,method=Main:1#run:1 <name=p,type=int (id=7),value=1,index=9>
VW,context=Main:1#run:1,i=1
VD,method=Main:1#run:1 <name=w,type=boolean (id=2),value=false,index=8>
VW,context=Main:1#run:1,w=false
VW,context=Main:1#run:1,p=1
VW,context=Main:1#run:1,p=2
VW,context=Main:1#run:1,p=3
VW,context=Main:1#run:1,w=true
VW,context=Main:1#run:1,p=4
VD,method=Main:1#run:1 <name=p,type=int (id=7),value=1,index=9>
VW,context=Main:1#run:1,j=60
VW,context=Main:1#run:1,i=0
VD,method=Main:1#run:1 <name=w,type=boolean (id=2),value=false,index=8>
VW,context=Main:1#run:1,w=false
VW,context=Main:1#run:1,p=1
VW,context=Main:1#run:1,p=2
VW,context=Main:1#run:1,p=3
VW,context=Main:1#run:1,p=4
VW,context=Main:1#run:1,w=true
VD,method=Main:1#run:1 <name=p,type=int (id=7),value=1,index=9>
VW,context=Main:1#run:1,i=1
VD,method=Main:1#run:1 <name=w,type=boolean (id=2),value=false,index=8>
VW,context=Main:1#run:1,w=false
VW,context=Main:1#run:1,p=1
VW,context=Main:1#run:1,p=2
VW,context=Main:1#run:1,p=3
VW,context=Main:1#run:1,p=4
VW,context=Main:1#run:1,w=true
VD,method=Main:1#run:1 <name=p,type=int (id=7),value=1,index=9>
VW,context=Main:1#run:1,j=61
VW,context=Main:1#run:1,i=0
VD,method=Main:1#run:1 <name=w,type=boolean (id=2),value=false,index=8>
VW,context=Main:1#run:1,w=false
VW,context=Main:1#run:1,p=1
VW,context=Main:1#run:1,p=2
VW,context=Main:1#run:1,p=3
VW,context=Main:1#run:1,p=4
VD,method=Main:1#run:1 <name=p,type=int (id=7),value=1,index=9>
VW,context=Main:1#run:1,i=1
VD,method=Main:1#run:1 <name=w,type=boolean (id=2),value=false,index=8>
VW,context=Main:1#run:1,w=false
VW,context=Main:1#run:1,p=1
VW,context=Main:1#run:1,p=2
VW,context=Main:1#run:1,p=3
VW,context=Main:1#run:1,p=4
VD,method=Main:1#run:1 <name=p,type=int (id=7),value=1,index=9>
VW,context=Main:1#run:1,j=62
VW,context=Main:1#run:1,i=0
VD,method=Main:1#run:1 <name=w,type=boolean (id=2),value=false,index=8>
VW,context=Main:1#run:1,w=false
VW,context=Main:1#run:1,p=1
VW,context=Main:1#run:1,w=true
VW,context=Main:1#run:1,p=2
VW,context=Main:1#run:1,p=3
VW,context=Main:1#run:1,p=4
VD,method=Main:1#run:1 <name=p,type=int (id=7),value=1,index=9>
VW,context=Main:1#run:1,i=1
VD,method=Main:1#run:1 <name=w,type=boolean (id=2),value=false,index=8>
VW,context=Main:1#run:1,w=false
VW,context=Main:1#run:1,p=1
VW,context=Main:1#run:1,w=true
VW,context=Main:1#run:1,p=2
VW,context=Main:1#run:1,p=3
VW,context=Main:1#run:1,p=4
VD,method=Main:1#run:1 <name=p,type=int (id=7),value=1,index=9>
VW,context=Main:1#run:1,j=63
VW,context=Main:1#run:1,i=0
VD,method=Main:1#run:1 <name=w,type=boolean (id=2),value=false,index=8>
VW,context=Main:1#run:1,w=false
VW,context=Main:1#run:1,p=1
VW,context=Main:1#run:1,p=2
VW,context=Main:1#run:1,w=true
VW,context=Main:1#run:1,p=3
VW,context=Main:1#run:1,p=4
VD,method=Main:1#run:1 <name=p,type=int (id=7),value=1,index=9>
VW,context=Main:1#run:1,i=1
VD,method=Main:1#run:1 <name=w,type=boolean (id=2),value=false,index=8>
VW,context=Main:1#run:1,w=false
VW,context=Main:1#run:1,p=1
VW,context=Main:1#run:1,p=2
VW,context=Main:1#run:1,w=true
VW,context=Main:1#run:1,p=3
VW,context=Main:1#run:1,p=4
VD,method=Main:1#run:1 <name=p,type=int (id=7),value=1,index=9>
VW,context=Main:1#run:1,j=64
VW,context=Main:1#run:1,i=0
VD,method=Main:1#run:1 <name=w,type=boolean (id=2),value=false,index=8>
VW,context=Main:1#run:1,w=false
VW,context=Main:1#run:1,p=1
VW,context=Main:1#run:1,p=2
VW,context=Main:1#run:1,p=3
VW,context=Main:1#run:1,w=true
VW,context=Main:1#run:1,p=4
VD,method=Main:1#run:1 <name=p,type=int (id=7),value=1,index=9>
VW,context=Main:1#run:1,i=1
VD,method=Main:1#run:1 <name=w,type=boolean (id=2),value=false,index=8>
VW,context=Main:1#run:1,w=false
VW,context=Main:1#run:1,p=1
VW,context=Main:1#run:1,p=2
VW,context=Main:1#run:1,p=3
VW,context=Main:1#run:1,w=true
VW,context=Main:1#run:1,p=4
VD,method=Main:1#run:1 <name=p,type=int (id=7),value=1,index=9>
VW,context=Main:1#run:1,j=65
VW,context=Main:1#run:1,i=0
VD,method=Main:1#run:1 <name=w,type=boolean (id=2),value=false,index=8>
VW,context=Main:1#run:1,w=false
VW,context=Main:1#run:1,p=1
VW,context=Main:1#run:1,p=2
VW,context=Main:1#run:1,p=3
VW,context=Main:1#run:1,p=4
VW,context=Main:1#run:1,w=true
VD,method=Main:1#run:1 <name=p,type=int (id=7),value=1,index=9>
VW,context=Main:1#run:1,i=1
VD,method=Main:1#run:1 <name=w,type=boolean (id=2),value=false,index=8>
VW,context=Main:1#run:1,w=false
VW,context=Main:1#run:1,p=1
VW,context=Main:1#run:1,p=2
VW,context=Main:1#run:1,p=3
VW,context=Main:1#run:1,p=4
VW,context=Main:1#run:1,w=true
VD,method=Main:1#run:1 <name=p,type=int (id=7),value=1,index=9>
VW,context=Main:1#run:1,j=66
VW,context=Main:1#run:1,i=0
VD,method=Main:1#run:1 <name=w,type=boolean (id=2),value=false,index=8>
VW,context=Main:1#run:1,w=false
VW,context=Main:1#run:1,p=1
VW,context=Main:1#run:1,p=2
VW,context=Main:1#run:1,p=3
VW,context=Main:1#run:1,p=4
VD,method=Main:1#run:1 <name=p,type=int (id=7),value=1,index=9>
VW,context=Main:1#run:1,i=1
VD,method=Main:1#run:1 <name=w,type=boolean (id=2),value=false,index=8>
VW,context=Main:1#run:1,w=false
VW,context=Main:1#run:1,p=1
VW,context=Main:1#run:1,p=2
VW,context=Main:1#run:1,p=3
VW,context=Main:1#run:1,p=4
VD,method=Main:1#run:1 <name=p,type=int (id=7),value=1,index=9>
VW,context=Main:1#run:1,j=67
VW,context=Main:1#run:1,i=0
VD,method=Main:1#run:1 <name=w,type=boolean (id=2),value=false,index=8>
VW,context=Main:1#run:1,w=false
VW,context=Main:1#run:1,p=1
VW,context=Main:1#run:1,w=true
VW,context=Main:1#run:1,p=2
VW,context=Main:1#run:1,p=3
VW,context=Main:1#run:1,p=4
VD,method=Main:1#run:1 <name=p,type=int (id=7),value=1,index=9>
VW,context=Main:1#run:1,i=1
VD,method=Main:1#run:1 <name=w,type=boolean (id=2),value=false,index=8>
VW,context=Main:1#run:1,w=false
VW,context=Main:1#run:1,p=1
VW,context=Main:1#run:1,w=true
VW,context=Main:1#run:1,p=2
VW,context=Main:1#run:1,p=3
VW,context=Main:1#run:1,p=4
VD,method=Main:1#run:1 <name=p,type=int (id=7),value=1,index=9>
VW,context=Main:1#run:1,j=68
VW,context=Main:1#run:1,i=0
VD,method=Main:1#run:1 <name=w,type=boolean (id=2),value=false,index=8>
VW,context=Main:1#run:1,w=false
VW,context=Main:1#run:1,p=1
VW,context=Main:1#run:1,p=2
VW,context=Main:1#run:1,w=true
VW,context=Main:1#run:1,p=3
VW,context=Main:1#run:1,p=4
VD,method=Main:1#run:1 <name=p,type=int (id=7),value=1,index=9>
VW,context=Main:1#run:1,i=1
VD,method=Main:1#run:1 <name=w,type=boolean (id=2),value=false,index=8>
VW,context=Main:1#run:1,w=false
VW,context=Main:1#run:1,p=1
VW,context=Main:1#run:1,p=2
VW,context=Main:1#run:1,w=true
VW,context=Main:1#run:1,p=3
VW,context=Main:1#run:1,p=4
VD,method=Main:1#run:1 <name=p,type=int (id=7),value=1,index=9>
VW,context=Main:1#run:1,j=69
VW,context=Main:1#run:1,i=0
VD,method=Main:1#run:1 <name=w,type=boolean (id=2),value=false,index=8>
VW,context=Main:1#run:1,w=false
VW,context=Main:1#run:1,p=1
VW,context=Main:1#run:1,p=2
VW,context=Main:1#run:1,p=3
VW,context=Main:1#run:1,w=true
VW,context=Main:1#run:1,p=4
VD,method=Main:1#run:1 <name=p,type=int (id=7),value=1,index=9>
VW,context=Main:1#run:1,i=1
VD,method=Main:1#run:1 <name=w,type=boolean (id=2),value=false,index=8>
VW,context=Main:1#run:1,w=false
VW,context=Main:1#run:1,p=1
VW,context=Main:1#run:1,p=2
VW,context=Main:1#run:1,p=3
VW,context=Main:1#run:1,w=true
VW,context=Main:1#run:1,p=4
VD,method=Main:1#run:1 <name=p,type=int (id=7),value=1,index=9>
VW,context=Main:1#run:1,j=70
VW,context=Main:1#run:1,i=0
VD,method=Main:1#run:1 <name=w,type=boolean (id=2),value=false,index=8>
VW,context=Main:1#run:1,w=false
VW,context=Main:1#run:1,p=1
VW,context=Main:1#run:1,p=2
VW,context=Main:1#run:1,p=3
VW,context=Main:1#run:1,p=4
VW,context=Main:1#run:1,w=true
VD,method=Main:1#run:1 <name=p,type=int (id=7),value=1,index=9>
VW,context=Main:1#run:1,i=1
VD,method=Main:1#run:1 <name=w,type=boolean (id=2),value=false,index=8>
VW,context=Main:1#run:1,w=false
VW,context=Main:1#run:1,p=1
VW,context=Main:1#run:1,p=2
VW,context=Main:1#run:1,p=3
VW,context=Main:1#run:1,p=4
VW,context=Main:1#run:1,w=true
VD,method=Main:1#run:1 <name=p,type=int (id=7),value=1,index=9>
VW,context=Main:1#run:1,j=71
VW,context=Main:1#run:1,i=0
VD,method=Main:1#run:1 <name=w,type=boolean (id=2),value=false,index=8>
VW,context=Main:1#run:1,w=false
VW,context=Main:1#run:1,p=1
VW,context=Main:1#run:1,p=2
VW,context=Main:1#run:1,p=3
VW,context=Main:1#run:1,p=4
VD,method=Main:1#run:1 <name=p,type=int (id=7),value=1,index=9>
VW,context=Main:1#run:1,i=1
VD,method=Main:1#run:1 <name=w,type=boolean (id=2),value=false,index=8>
VW,context=Main:1#run:1,w=false
VW,context=Main:1#run:1,p=1
VW,context=Main:1#run:1,p=2
VW,context=Main:1#run:1,p=3
VW,context=Main:1#run:1,p=4
VD,method=Main:1#run:1 <name=p,type=int (id=7),value=1,index=9>
VW,context=Main:1#run:1,j=72
VW,context=Main:1#run:1,i=0
VD,method=Main:1#run:1 <name=w,type=boolean (id=2),value=false,index=8>
VW,context=Main:1#run:1,w=false
VW,context=Main:1#run:1,p=1
VW,context=Main:1#run:1,w=true
VW,context=Main:1#run:1,p=2
VW,context=Main:1#run:1,p=3
VW,context=Main:1#run:1,p=4
VD,method=Main:1#run:1 <name=p,type=int (id=7),value=1,index=9>
VW,context=Main:1#run:1,i=1
VD,method=Main:1#run:1 <name=w,type=boolean (id=2),value=false,index=8>
VW,context=Main:1#run:1,w=false
VW,context=Main:1#run:1,p=1
VW,context=Main:1#run:1,w=true
VW,context=Main:1#run:1,p=2
VW,context=Main:1#run:1,p=3
VW,context=Main:1#run:1,p=4
VD,method=Main:1#run:1 <name=p,type=int (id=7),value=1,index=9>
VW,context=Main:1#run:1,j=73
VW,context=Main:1#run:1,i=0
VD,method=Main:1#run:1 <name=w,type=boolean (id=2),value=false,index=8>
VW,context=Main:1#run:1,w=false
VW,context=Main:1#run:1,p=1
VW,context=Main:1#run:1,p=2
VW,context=Main:1#run:1,w=true
VW,context=Main:1#run:1,p=3
VW,context=Main:1#run:1,p=4
VD,method=Main:1#run:1 <name=p,type=int (id=7),value=1,index=9>
VW,context=Main:1#run:1,i=1
VD,method=Main:1#run:1 <name=w,type=boolean (id=2),value=false,index=8>
VW,context=Main:1#run:1,w=false
VW,context=Main:1#run:1,p=1
VW,context=Main:1#run:1,p=2
VW,context=Main:1#run:1,w=true
VW,context=Main:1#run:1,p=3
VW,context=Main:1#run:1,p=4
VD,method=Main:1#run:1 <name=p,type=int (id=7),value=1,index=9>
VW,context=Main:1#run:1,j=74
VW,context=Main:1#run:1,i=0
VD,method=Main:1#run:1 <name=w,type=boolean (id=2),value=false,index=8>
VW,context=Main:1#run:1,w=false
VW,context=Main:1#run:1,p=1
VW,context=Main:1#run:1,p=2
VW,context=Main:1#run:1,p=3
VW,context=Main:1#run:1,w=true
VW,context=Main:1#run:1,p=4
VD,method=Main:1#run:1 <name=p,type=int (id=7),value=1,index=9>
VW,context=Main:1#run:1,i=1
VD,method=Main:1#run:1 <name=w,type=boolean (id=2),value=false,index=8>
VW,context=Main:1#run:1,w=false
VW,context=Main:1#run:1,p=1
VW,context=Main:1#run:1,p=2
VW,context=Main:1#run:1,p=3
VW,context=Main:1#run:1,w=true
VW,context=Main:1#run:1,p=4
VD,method=Main:1#run:1 <name=p,type=int (id=7),value=1,index=9>
VW,context=Main:1#run:1,j=75
VW,context=Main:1#run:1,i=0
VD,method=Main:1#run:1 <name=w,type=boolean (id=2),value=false,index=8>
VW,context=Main:1#run:1,w=false
VW,context=Main:1#run:1,p=1
VW,context=Main:1#run:1,p=2
VW,context=Main:1#run:1,p=3
VW,context=Main:1#run:1,p=4
VW,context=Main:1#run:1,w=true
VD,method=Main:1#run:1 <name=p,type=int (id=7),value=1,index=9>
VW,context=Main:1#run:1,i=1
VD,method=Main:1#run:1 <name=w,type=boolean (id=2),value=false,index=8>
VW,context=Main:1#run:1,w=false
VW,context=Main:1#run:1,p=1
VW,context=Main:1#run:1,p=2
VW,context=Main:1#run:1,p=3
VW,context=Main:1#run:1,p=4
VW,context=Main:1#run:1,w=true
VD,method=Main:1#run:1 <name=p,type=int (id=7),value=1,index=9>
VW,context=Main:1#run:1,j=76
VW,context=Main:1#run:1,i=0
VD,method=Main:1#run:1 <name=w,type=boolean (id=2),value=false,index=8>
VW,context=Main:1#run:1,w=false
VW,context=Main:1#run:1,p=1
VW,context=Main:1#run:1,p=2
VW,context=Main:1#run:1,p=3
VW,context=Main:1#run:1,p=4
VD,method=Main:1#run:1 <name=p,type=int (id=7),value=1,index=9>
VW,context=Main:1#run:1,i=1
VD,method=Main:1#run:1 <name=w,type=boolean (id=2),value=false,index=8>
VW,context=Main:1#run:1,w=false
VW,context=Main:1#run:1,p=1
VW,context=Main:1#run:1,p=2
VW,context=Main:1#run:1,p=3
VW,context=Main:1#run:1,p=4
VD,method=Main:1#run:1 <name=p,type=int (id=7),value=1,index=9>
VW,context=Main:1#run:1,j=77
VW,context=Main:1#run:1,i=0
VD,method=Main:1#run:1 <name=w,type=boolean (id=2),value=false,index=8>
VW,context=Main:1#run:1,w=false
VW,context=Main:1#run:1,p=1
VW,context=Main:1#run:1,w=true
VW,context=Main:1#run:1,p=2
VW,context=Main:1#run:1,p=3
VW,context=Main:1#run:1,p=4
VD,method=Main:1#run:1 <name=p,type=int (id=7),value=1,index=9>
VW,context=Main:1#run:1,i=1
VD,method=Main:1#run:1 <name=w,type=boolean (id=2),value=false,index=8>
VW,context=Main:1#run:1,w=false
VW,context=Main:1#run:1,p=1
VW,context=Main:1#run:1,w=true
VW,context=Main:1#run:1,p=2
VW,context=Main:1#run:1,p=3
VW,context=Main:1#run:1,p=4
VD,method=Main:1#run:1 <name=p,type=int (id=7),value=1,index=9>
VW,context=Main:1#run:1,j=78
VW,context=Main:1#run:1,i=0
VD,method=Main:1#run:1 <name=w,type=boolean (id=2),value=false,index=8>
VW,context=Main:1#run:1,w=false
VW,context=Main:1#run:1,p=1
VW,context=Main:1#run:1,p=2
VW,context=Main:1#run:1,w=true
VW,context=Main:1#run:1,p=3
VW,context=Main:1#run:1,p=4
VD,method=Main:1#run:1 <name=p,type=int (id=7),value=1,index=9>
VW,context=Main:1#run:1,i=1
VD,method=Main:1#run:1 <name=w,type=boolean (id=2),value=false,index=8>
VW,context=Main:1#run:1,w=false
VW,context=Main:1#run:1,p=1
VW,context=Main:1#run:1,p=2
VW,context=Main:1#run:1,w=true
VW,context=Main:1#run:1,p=3
VW,context=Main:1#run:1,p=4
VD,method=Main:1#run:1 <name=p,type=int (id=7),value=1,index=9>
VW,context=Main:1#run:1,j=79
VW,context=Main:1#run:1,i=0
VD,method=Main:1#run:1 <name=w,type=boolean (id=2),value=false,index=8>
VW,context=Main:1#run:1,w=false
VW,context=Main:1#run:1,p=1
VW,context=Main:1#run:1,p=2
VW,context=Main:1#run:1,p=3
VW,context=Main:1#run:1,w=true
VW,context=Main:1#run:1,p=4
VD,method=Main:1#run:1 <name=p,type=int (id=7),value=1,index=9>
VW,context=Main:1#run:1,i=1
VD,method=Main:1#run:1 <name=w,type=boolean (id=2),value=false,index=8>
VW,context=Main:1#run:1,w=false
VW,context=Main:1#run:1,p=1
VW,context=Main:1#run:1,p=2
VW,context=Main:1#run:1,p=3
VW,context=Main:1#run:1,w=true
VW,context=Main:1#run:1,p=4
VD,method=Main:1#run:1 <name=p,type=int (id=7),value=1,index=9>
VW,context=Main:1#run:1,j=80
VW,context=Main:1#run:1,i=0
VD,method=Main:1#run:1 <name=w,type=boolean (id=2),value=false,index=8>
VW,context=Main:1#run:1,w=false
VW,context=Main:1#run:1,p=1
VW,context=Main:1#run:1,p=2
VW,context=Main:1#run:1,p=3
VW,context=Main:1#run:1,p=4
VW,context=Main:1#run:1,w=true
VD,method=Main:1#run:1 <name=p,type=int (id=7),value=1,index=9>
VW,context=Main:1#run:1,i=1
VD,method=Main:1#run:1 <name=w,type=boolean (id=2),value=false,index=8>
VW,context=Main:1#run:1,w=false
VW,context=Main:1#run:1,p=1
VW,context=Main:1#run:1,p=2
VW,context=Main:1#run:1,p=3
VW,context=Main:1#run:1,p=4
VW,context=Main:1#run:1,w=true
VD,method=Main:1#run:1 <name=p,type=int (id=7),value=1,index=9>
VW,context=Main:1#run:1,j=81
VW,context=Main:1#run:1,i=0
VD,method=Main:1#run:1 <name=w,type=boolean (id=2),value=false,index=8>
VW,context=Main:1#run:1,w=false
VW,context=Main:1#run:1,p=1
VW,context=Main:1#run:1,p=2
VW,context=Main:1#run:1,p=3
VW,context=Main:1#run:1,p=4
VD,method=Main:1#run:1 <name=p,type=int (id=7),value=1,index=9>
VW,context=Main:1#run:1,i=1
VD,method=Main:1#run:1 <name=w,type=boolean (id=2),value=false,index=8>
VW,context=Main:1#run:1,w=false
VW,context=Main:1#run:1,p=1
VW,context=Main:1#run:1,p=2
VW,context=Main:1#run:1,p=3
VW,context=Main:1#run:1,p=4
VD,method=Main:1#run:1 <name=p,type=int (id=7),value=1,index=9>
VW,context=Main:1#run:1,j=82
VW,context=Main:1#run:1,i=0
VD,method=Main:1#run:1 <name=w,type=boolean (id=2),value=false,index=8>
VW,context=Main:1#run:1,w=false
VW,context=Main:1#run:1,p=1
VW,context=Main:1#run:1,w=true
VW,context=Main:1#run:1,p=2
VW,context=Main:1#run:1,p=3
VW,context=Main:1#run:1,p=4
VD,method=Main:1#run:1 <name=p,type=int (id=7),value=1,index=9>
VW,context=Main:1#run:1,i=1
VD,method=Main:1#run:1 <name=w,type=boolean (id=2),value=false,index=8>
VW,context=Main:1#run:1,w=false
VW,context=Main:1#run:1,p=1
VW,context=Main:1#run:1,w=true
VW,context=Main:1#run:1,p=2
VW,context=Main:1#run:1,p=3
VW,context=Main:1#run:1,p=4
VD,method=Main:1#run:1 <name=p,type=int (id=7),value=1,index=9>
VW,context=Main:1#run:1,j=83
VW,context=Main:1#run:1,i=0
VD,method=Main:1#run:1 <name=w,type=boolean (id=2),value=false,index=8>
VW,context=Main:1#run:1,w=false
VW,context=Main:1#run:1,p=1
VW,context=Main:1#run:1,p=2
VW,context=Main:1#run:1,w=true
VW,context=Main:1#run:1,p=3
VW,context=Main:1#run:1,p=4
VD,method=Main:1#run:1 <name=p,type=int (id=7),value=1,index=9>
VW,context=Main:1#run:1,i=1
VD,method=Main:1#run:1 <name=w,type=boolean (id=2),value=false,index=8>
VW,context=Main:1#run:1,w=false
VW,context=Main:1#run:1,p=1
VW,context=Main:1#run:1,p=2
VW,context=Main:1#run:1,w=true
VW,context=Main:1#run:1,p=3
VW,context=Main:1#run:1,p=4
VD,method=Main:1#run:1 <name=p,type=int (id=7),value=1,index=9>
VW,context=Main:1#run:1,j=84
VW,context=Main:1#run:1,i=0
VD,method=Main:1#run:1 <name=w,type=boolean (id=2),value=false,index=8>
VW,context=Main:1#run:1,w=false
VW,context=Main:1#run:1,p=1
VW,context=Main:1#run:1,p=2
VW,context=Main:1#run:1,p=3
VW,context=Main:1#run:1,w=true
VW,context=Main:1#run:1,p=4
VD,method=Main:1#run:1 <name=p,type=int (id=7),value=1,index=9>
VW,context=Main:1#run:1,i=1
VD,method=Main:1#run:1 <name=w,type=boolean (id=2),value=false,index=8>
VW,context=Main:1#run:1,w=false
VW,context=Main:1#run:1,p=1
VW,context=Main:1#run:1,p=2
VW,context=Main:1#run:1,p=3
VW,context=Main:1#run:1,w=true
VW,context=Main:1#run:1,p=4
VD,method=Main:1#run:1 <name=p,type=int (id=7),value=1,index=9>
VW,context=Main:1#run:1,j=85
VW,context=Main:1#run:1,i=0
VD,method=Main:1#run:1 <name=w,type=boolean (id=2),value=false,index=8>
VW,context=Main:1#run:1,w=false
VW,context=Main:1#run:1,p=1
VW,context=Main:1#run:1,p=2
VW,context=Main:1#run:1,p=3
VW,context=Main:1#run:1,p=4
VW,context=Main:1#run:1,w=true
VD,method=Main:1#run:1 <name=p,type=int (id=7),value=1,index=9>
VW,context=Main:1#run:1,i=1
VD,method=Main:1#run:1 <name=w,type=boolean (id=2),value=false,index=8>
VW,context=Main:1#run:1,w=false
VW,context=Main:1#run:1,p=1
VW,context=Main:1#run:1,p=2
VW,context=Main:1#run:1,p=3
VW,context=Main:1#run:1,p=4
VW,context=Main:1#run:1,w=true
VD,method=Main:1#run:1 <name=p,type=int (id=7),value=1,index=9>
VW,context=Main:1#run:1,j=86
VW,context=Main:1#run:1,i=0
VD,method=Main:1#run:1 <name=w,type=boolean (id=2),value=false,index=8>
VW,context=Main:1#run:1,w=false
VW,context=Main:1#run:1,p=1
VW,context=Main:1#run:1,p=2
VW,context=Main:1#run:1,p=3
VW,context=Main:1#run:1,p=4
VD,method=Main:1#run:1 <name=p,type=int (id=7),value=1,index=9>
VW,context=Main:1#run:1,i=1
VD,method=Main:1#run:1 <name=w,type=boolean (id=2),value=false,index=8>
VW,context=Main:1#run:1,w=false
VW,context=Main:1#run:1,p=1
VW,context=Main:1#run:1,p=2
VW,context=Main:1#run:1,p=3
VW,context=Main:1#run:1,p=4
VD,method=Main:1#run:1 <name=p,type=int (id=7),value=1,index=9>
VW,context=Main:1#run:1,j=87
VW,context=Main:1#run:1,i=0
VD,method=Main:1#run:1 <name=w,type=boolean (id=2),value=false,index=8>
VW,context=Main:1#run:1,w=false
VW,context=Main:1#run:1,p=1
VW,context=Main:1#run:1,w=true
VW,context=Main:1#run:1,p=2
VW,context=Main:1#run:1,p=3
VW,context=Main:1#run:1,p=4
VD,method=Main:1#run:1 <name=p,type=int (id=7),value=1,index=9>
VW,context=Main:1#run:1,i=1
VD,method=Main:1#run:1 <name=w,type=boolean (id=2),value=false,index=8>
VW,context=Main:1#run:1,w=false
VW,context=Main:1#run:1,p=1
VW,context=Main:1#run:1,w=true
VW,context=Main:1#run:1,p=2
VW,context=Main:1#run:1,p=3
VW,context=Main:1#run:1,p=4
VD,method=Main:1#run:1 <name=p,type=int (id=7),value=1,index=9>
VW,context=Main:1#run:1,j=88
VW,context=Main:1#run:1,i=0
VD,method=Main:1#run:1 <name=w,type=boolean (id=2),value=false,index=8>
VW,context=Main:1#run:1,w=false
VW,context=Main:1#run:1,p=1
VW,context=Main:1#run:1,p=2
VW,context=Main:1#run:1,w=true
VW,context=Main:1#run:1,p=3
VW,context=Main:1#run:1,p=4
VD,method=Main:1#run:1 <name=p,type=int (id=7),value=1,index=9>
VW,context=Main:1#run:1,i=1
VD,method=Main:1#run:1 <name=w,type=boolean (id=2),value=false,index=8>
VW,context=Main:1#run:1,w=false
VW,context=Main:1#run:1,p=1
VW,context=Main:1#run:1,p=2
VW,context=Main:1#run:1,w=true
VW,context=Main:1#run:1,p=3
VW,context=Main:1#run:1,p=4
VD,method=Main:1#run:1 <name=p,type=int (id=7),value=1,index=9>
VW,context=Main:1#run:1,j=89
VW,context=Main:1#run:1,i=0
VD,method=Main:1#run:1 <name=w,type=boolean (id=2),value=false,index=8>
VW,context=Main:1#run:1,w=false
VW,context=Main:1#run:1,p=1
VW,context=Main:1#run:1,p=2
VW,context=Main:1#run:1,p=3
VW,context=Main:1#run:1,w=true
VW,context=Main:1#run:1,p=4
VD,method=Main:1#run:1 <name=p,type=int (id=7),value=1,index=9>
VW,context=Main:1#run:1,i=1
VD,method=Main:1#run:1 <name=w,type=boolean (id=2),value=false,index=8>
VW,context=Main:1#run:1,w=false
VW,context=Main:1#run:1,p=1
VW,context=Main:1#run:1,p=2
VW,context=Main:1#run:1,p=3
VW,context=Main:1#run:1,w=true
VW,context=Main:1#run:1,p=4
VD,method=Main:1#run:1 <name=p,type=int (id=7),value=1,index=9>
VW,context=Main:1#run:1,j=90
VW,context=Main:1#run:1,i=0
VD,method=Main:1#run:1 <name=w,type=boolean (id=2),value=false,index=8>
VW,context=Main:1#run:1,w=false
VW,context=Main:1#run:1,p=1
VW,context=Main:1#run:1,p=2
VW,context=Main:1#run:1,p=3
VW,context=Main:1#run:1,p=4
VW,context=Main:1#run:1,w=true
VD,method=Main:1#run:1 <name=p,type=int (id=7),value=1,index=9>
VW,context=Main:1#run:1,i=1
VD,method=Main:1#run:1 <name=w,type=boolean (id=2),value=false,index=8>
VW,context=Main:1#run:1,w=false
VW,context=Main:1#run:1,p=1
VW,context=Main:1#run:1,p=2
VW,context=Main:1#run:1,p=3
VW,context=Main:1#run:1,p=4
VW,context=Main:1#run:1,w=true
VD,method=Main:1#run:1 <name=p,type=int (id=7),value=1,index=9>
VW,context=Main:1#run:1,j=91
VW,context=Main:1#run:1,i=0
VD,method=Main:1#run:1 <name=w,type=boolean (id=2),value=false,index=8>
VW,context=Main:1#run:1,w=false
VW,context=Main:1#run:1,p=1
VW,context=Main:1#run:1,p=2
VW,context=Main:1#run:1,p=3
VW,context=Main:1#run:1,p=4
VD,method=Main:1#run:1 <name=p,type=int (id=7),value=1,index=9>
VW,context=Main:1#run:1,i=1
VD,method=Main:1#run:1 <name=w,type=boolean (id=2),value=false,index=8>
VW,context=Main:1#run:1,w=false
VW,context=Main:1#run:1,p=1
VW,context=Main:1#run:1,p=2
VW,context=Main:1#run:1,p=3
VW,context=Main:1#run:1,p=4
VD,method=Main:1#run:1 <name=p,type=int (id=7),value=1,index=9>
VW,context=Main:1#run:1,j=92
VW,context=Main:1#run:1,i=0
VD,method=Main:1#run:1 <name=w,type=boolean (id=2),value=false,index=8>
VW,context=Main:1#run:1,w=false
VW,context=Main:1#run:1,p=1
VW,context=Main:1#run:1,w=true
VW,context=Main:1#run:1,p=2
VW,context=Main:1#run:1,p=3
VW,context=Main:1#run:1,p=4
VD,method=Main:1#run:1 <name=p,type=int (id=7),value=1,index=9>
VW,context=Main:1#run:1,i=1
VD,method=Main:1#run:1 <name=w,type=boolean (id=2),value=false,index=8>
VW,context=Main:1#run:1,w=false
VW,context=Main:1#run:1,p=1
VW,context=Main:1#run:1,w=true
VW,context=Main:1#run:1,p=2
VW,context=Main:1#run:1,p=3
VW,context=Main:1#run:1,p=4
VD,method=Main:1#run:1 <name=p,type=int (id=7),value=1,index=9>
VW,context=Main:1#run:1,j=93
VW,context=Main:1#run:1,i=0
VD,method=Main:1#run:1 <name=w,type=boolean (id=2),value=false,index=8>
VW,context=Main:1#run:1,w=false
VW,context=Main:1#run:1,p=1
VW,context=Main:1#run:1,p=2
VW,context=Main:1#run:1,w=true
VW,context=Main:1#run:1,p=3
VW,context=Main:1#run:1,p=4
VD,method=Main:1#run:1 <name=p,type=int (id=7),value=1,index=9>
VW,context=Main:1#run:1,i=1
VD,method=Main:1#run:1 <name=w,type=boolean (id=2),value=false,index=8>
VW,context=Main:1#run:1,w=false
VW,context=Main:1#run:1,p=1
VW,context=Main:1#run:1,p=2
VW,context=Main:1#run:1,w=true
VW,context=Main:1#run:1,p=3
VW,context=Main:1#run:1,p=4
VD,method=Main:1#run:1 <name=p,type=int (id=7),value=1,index=9>
VW,context=Main:1#run:1,j=94
VW,context=Main:1#run:1,i=0
VD,method=Main:1#run:1 <name=w,type=boolean (id=2),value=false,index=8>
VW,context=Main:1#run:1,w=false
VW,context=Main:1#run:1,p=1
VW,context=Main:1#run:1,p=2
VW,context=Main:1#run:1,p=3
VW,context=Main:1#run:1,w=true
VW,context=Main:1#run:1,p=4
VD,method=Main:1#run:1 <name=p,type=int (id=7),value=1,index=9>
VW,context=Main:1#run:1,i=1
VD,method=Main:1#run:1 <name=w,type=boolean (id=2),value=false,index=8>
VW,context=Main:1#run:1,w=false
VW,context=Main:1#run:1,p=1
VW,context=Main:1#run:1,p=2
VW,context=Main:1#run:1,p=3
VW,context=Main:1#run:1,w=true
VW,context=Main:1#run:1,p=4
VD,method=Main:1#run:1 <name=p,type=int (id=7),value=1,index=9>
VW,context=Main:1#run:1,j=95
VW,context=Main:1#run:1,i=0
VD,method=Main:1#run:1 <name=w,type=boolean (id=2),value=false,index=8>
VW,context=Main:1#run:1,w=false
VW,context=Main:1#run:1,p=1
VW,context=Main:1#run:1,p=2
VW,context=Main:1#run:1,p=3
VW,context=Main:1#run:1,p=4
VW,context=Main:1#run:1,w=true
VD,method=Main:1#run:1 <name=p,type=int (id=7),value=1,index=9>
VW,context=Main:1#run:1,i=1
VD,method=Main:1#run:1 <name=w,type=boolean (id=2),value=false,index=8>
VW,context=Main:1#run:1,w=false
VW,context=Main:1#run:1,p=1
VW,context=Main:1#run:1,p=2
VW,context=Main:1#run:1,p=3
VW,context=Main:1#run:1,p=4
VW,context=Main:1#run:1,w=true
VD,method=Main:1#run:1 <name=p,type=int (id=7),value=1,index=9>
VW,context=Main:1#run:1,j=96
VW,context=Main:1#run:1,i=0
VD,method=Main:1#run:1 <name=w,type=boolean (id=2),value=false,index=8>
VW,context=Main:1#run:1,w=false
VW,context=Main:1#run:1,p=1
VW,context=Main:1#run:1,p=2
VW,context=Main:1#run:1,p=3
VW,context=Main:1#run:1,p=4
VD,method=Main:1#run:1 <name=p,type=int (id=7),value=1,index=9>
VW,context=Main:1#run:1,i=1
VD,method=Main:1#run:1 <name=w,type=boolean (id=2),value=false,index=8>
VW,context=Main:1#run:1,w=false
VW,context=Main:1#run:1,p=1
VW,context=Main:1#run:1,p=2
VW,context=Main:1#run:1,p=3
VW,context=Main:1#run:1,p=4
VD,method=Main:1#run:1 <name=p,type=int (id=7),value=1,index=9>
VW,context=Main:1#run:1,j=97
VW,context=Main:1#run:1,i=0
VD,method=Main:1#run:1 <name=w,type=boolean (id=2),value=false,index=8>
VW,context=Main:1#run:1,w=false
VW,context=Main:1#run:1,p=1
VW,context=Main:1#run:1,w=true
VW,context=Main:1#run:1,p=2
VW,context=Main:1#run:1,p=3
VW,context=Main:1#run:1,p=4
VD,method=Main:1#run:1 <name=p,type=int (id=7),value=1,index=9>
VW,context=Main:1#run:1,i=1
VD,method=Main:1#run:1 <name=w,type=boolean (id=2),value=false,index=8>
VW,context=Main:1#run:1,w=false
VW,context=Main:1#run:1,p=1
VW,context=Main:1#run:1,w=true
VW,context=Main:1#run:1,p=2
VW,context=Main:1#run:1,p=3
VW,context=Main:1#run:1,p=4
VD,method=Main:1#run:1 <name=p,type=int (id=7),value=1,index=9>
VW,context=Main:1#run:1,j=98
VW,context=Main:1#run:1,i=0
VD,method=Main:1#run:1 <name=w,type=boolean (id=2),value=false,index=8>
VW,context=Main:1#run:1,w=false
VW,context=Main:1#run:1,p=1
VW,context=Main:1#run:1,p=2
VW,context=Main:1#run:1,w=true
VW,context=Main:1#run:1,p=3
VW,context=Main:1#run:1,p=4
VD,method=Main:1#run:1 <name=p,type=int (id=7),value=1,index=9>
VW,context=Main:1#run:1,i=1
VD,method=Main:1#run:1 <name=w,type=boolean (id=2),value=false,index=8>
VW,context=Main:1#run:1,w=false
VW,context=Main:1#run:1,p=1
VW,context=Main:1#run:1,p=2
VW,context=Main:1#run:1,w=true
VW,context=Main:1#run:1,p=3
VW,context=Main:1#run:1,p=4
VD,method=Main:1#run:1 <name=p,type=int (id=7),value=1,index=9>
VW,context=Main:1#run:1,j=99
VW,context=Main:1#run:1,i=0
VD,method=Main:1#run:1 <name=w,type=boolean (id=2),value=false,index=8>
VW,context=Main:1#run:1,w=false
VW,context=Main:1#run:1,p=1
VW,context=Main:1#run:1,p=2
VW,context=Main:1#run:1,p=3
VW,context=Main:1#run:1,w=true
VW,context=Main:1#run:1,p=4
VD,method=Main:1#run:1 <name=p,type=int (id=7),value=1,index=9>
VW,context=Main:1#run:1,i=1
VD,method=Main:1#run:1 <name=w,type=boolean (id=2),value=false,index=8>
VW,context=Main:1#run:1,w=false
VW,context=Main:1#run:1,p=1
VW,context=Main:1#run:1,p=2
VW,context=Main:1#run:1,p=3
VW,context=Main:1#run:1,w=true
VW,context=Main:1#run:1,p=4
VD,method=Main:1#run:1 <name=p,type=int (id=7),value=1,index=9>
VW,context=Main:1#run:1,j=100
VW,context=Main:1#run:1,i=0
VD,method=Main:1#run:1 <name=w,type=boolean (id=2),value=false,index=8>
VW,context=Main:1#run:1,w=false
VW,context=Main:1#run:1,p=1
VW,context=Main:1#run:1,p=2
VW,context=Main:1#run:1,p=3
VW,context=Main:1#run:1,p=4
VW,context=Main:1#run:1,w=true
VD,method=Main:1#run:1 <name=p,type=int (id=7),value=1,index=9>
VW,context=Main:1#run:1,i=1
VD,method=Main:1#run:1 <name=w,type=boolean (id=2),value=false,index=8>
VW,context=Main:1#run:1,w=false
VW,context=Main:1#run:1,p=1
VW,context=Main:1#run:1,p=2
VW,context=Main:1#run:1,p=3
VW,context=Main:1#run:1,p=4
VW,context=Main:1#run:1,w=true
VD,method=Main:1#run:1 <name=p,type=int (id=7),value=1,index=9>
VW,context=Main:1#run:1,j=101
VW,context=Main:1#run:1,i=0
VD,method=Main:1#run:1 <name=w,type=boolean (id=2),value=false,index=8>
VW,context=Main:1#run:1,w=false
VW,context=Main:1#run:1,p=1
VW,context=Main:1#run:1,p=2
VW,context=Main:1#run:1,p=3
VW,context=Main:1#run:1,p=4
VD,method=Main:1#run:1 <name=p,type=int (id=7),value=1,index=9>
VW,context=Main:1#run:1,i=1
VD,method=Main:1#run:1 <name=w,type=boolean (id=2),value=false,index=8>
VW,context=Main:1#run:1,w=false
VW,context=Main:1#run:1,p=1
VW,context=Main:1#run:1,p=2
VW,context=Main:1#run:1,p=3
VW,context=Main:1#run:1,p=4
VD,method=Main:1#run:1 <name=p,type=int (id=7),value=1,index=9>
VD,method=Main:1#run:1 <name=w,type=boolean (id=2),value=false,index=8>
VD,method=Main:1#run:1 <name=j,type=int (id=7),value=6,index=6>
VD,method=Main:1#run:1 <name=i,type=int (id=7),value=5,index=7>
VD,method=Main:1#run:1 <name=n,type=int (id=7),value=3,index=1>
VD,method=Main:1#run:1 <name=s,type=int (id=7),value=97,index=2>
VD,method=Main:1#run:1 <name=m,type=int[] (id=77),value=int[]:3,index=3>
VD,method=Main:1#run:1 <name=dp,type=boolean[][] (id=96),value=boolean[][]:3,index=5>
VW,context=Main:1#run:1,n=1
VW,context=Main:1#run:1,s=100
NO,object=int[]:2
FW,context=int[]:2,0=0
FW,context=int[]:2,1=0
VW,context=Main:1#run:1,m=int[]:2
NO,object=boolean[][]:2
FW,context=boolean[][]:2,0=boolean[101] (id=373)
FW,context=boolean[][]:2,1=boolean[101] (id=374)
VW,context=Main:1#run:1,dp=boolean[][]:2
VW,context=Main:1#run:1,j=2
VW,context=Main:1#run:1,i=0
VW,context=Main:1#run:1,w=false
VW,context=Main:1#run:1,p=1
VW,context=Main:1#run:1,w=true
VW,context=Main:1#run:1,p=2
VD,method=Main:1#run:1 <name=p,type=int (id=7),value=1,index=9>
VW,context=Main:1#run:1,i=1
VD,method=Main:1#run:1 <name=w,type=boolean (id=2),value=false,index=8>
VW,context=Main:1#run:1,w=false
VW,context=Main:1#run:1,p=1
VW,context=Main:1#run:1,w=true
VW,context=Main:1#run:1,p=2
VD,method=Main:1#run:1 <name=p,type=int (id=7),value=1,index=9>
VW,context=Main:1#run:1,j=3
VW,context=Main:1#run:1,i=0
VD,method=Main:1#run:1 <name=w,type=boolean (id=2),value=false,index=8>
VW,context=Main:1#run:1,w=false
VW,context=Main:1#run:1,p=1
VW,context=Main:1#run:1,p=2
VW,context=Main:1#run:1,w=true
VW,context=Main:1#run:1,p=3
VD,method=Main:1#run:1 <name=p,type=int (id=7),value=1,index=9>
VW,context=Main:1#run:1,i=1
VD,method=Main:1#run:1 <name=w,type=boolean (id=2),value=false,index=8>
VW,context=Main:1#run:1,w=false
VW,context=Main:1#run:1,p=1
VW,context=Main:1#run:1,p=2
VW,context=Main:1#run:1,w=true
VW,context=Main:1#run:1,p=3
VD,method=Main:1#run:1 <name=p,type=int (id=7),value=1,index=9>
VW,context=Main:1#run:1,j=4
VW,context=Main:1#run:1,i=0
VD,method=Main:1#run:1 <name=w,type=boolean (id=2),value=false,index=8>
VW,context=Main:1#run:1,w=false
VW,context=Main:1#run:1,p=1
VW,context=Main:1#run:1,p=2
VW,context=Main:1#run:1,p=3
VW,context=Main:1#run:1,w=true
VW,context=Main:1#run:1,p=4
VD,method=Main:1#run:1 <name=p,type=int (id=7),value=1,index=9>
VW,context=Main:1#run:1,i=1
VD,method=Main:1#run:1 <name=w,type=boolean (id=2),value=false,index=8>
VW,context=Main:1#run:1,w=false
VW,context=Main:1#run:1,p=1
VW,context=Main:1#run:1,p=2
VW,context=Main:1#run:1,p=3
VW,context=Main:1#run:1,w=true
VW,context=Main:1#run:1,p=4
VD,method=Main:1#run:1 <name=p,type=int (id=7),value=1,index=9>
VW,context=Main:1#run:1,j=5
VW,context=Main:1#run:1,i=0
VD,method=Main:1#run:1 <name=w,type=boolean (id=2),value=false,index=8>
VW,context=Main:1#run:1,w=false
VW,context=Main:1#run:1,p=1
VW,context=Main:1#run:1,p=2
VW,context=Main:1#run:1,p=3
VW,context=Main:1#run:1,p=4
VW,context=Main:1#run:1,w=true
VD,method=Main:1#run:1 <name=p,type=int (id=7),value=1,index=9>
VW,context=Main:1#run:1,i=1
VD,method=Main:1#run:1 <name=w,type=boolean (id=2),value=false,index=8>
VW,context=Main:1#run:1,w=false
VW,context=Main:1#run:1,p=1
VW,context=Main:1#run:1,p=2
VW,context=Main:1#run:1,p=3
VW,context=Main:1#run:1,p=4
VW,context=Main:1#run:1,w=true
VD,method=Main:1#run:1 <name=p,type=int (id=7),value=1,index=9>
VW,context=Main:1#run:1,j=6
VW,context=Main:1#run:1,i=0
VD,method=Main:1#run:1 <name=w,type=boolean (id=2),value=false,index=8>
VW,context=Main:1#run:1,w=false
VW,context=Main:1#run:1,p=1
VW,context=Main:1#run:1,p=2
VW,context=Main:1#run:1,p=3
VW,context=Main:1#run:1,p=4
VD,method=Main:1#run:1 <name=p,type=int (id=7),value=1,index=9>
VW,context=Main:1#run:1,i=1
VD,method=Main:1#run:1 <name=w,type=boolean (id=2),value=false,index=8>
VW,context=Main:1#run:1,w=false
VW,context=Main:1#run:1,p=1
VW,context=Main:1#run:1,p=2
VW,context=Main:1#run:1,p=3
VW,context=Main:1#run:1,p=4
VD,method=Main:1#run:1 <name=p,type=int (id=7),value=1,index=9>
VW,context=Main:1#run:1,j=7
VW,context=Main:1#run:1,i=0
VD,method=Main:1#run:1 <name=w,type=boolean (id=2),value=false,index=8>
VW,context=Main:1#run:1,w=false
VW,context=Main:1#run:1,p=1
VW,context=Main:1#run:1,w=true
VW,context=Main:1#run:1,p=2
VW,context=Main:1#run:1,p=3
VW,context=Main:1#run:1,p=4
VD,method=Main:1#run:1 <name=p,type=int (id=7),value=1,index=9>
VW,context=Main:1#run:1,i=1
VD,method=Main:1#run:1 <name=w,type=boolean (id=2),value=false,index=8>
VW,context=Main:1#run:1,w=false
VW,context=Main:1#run:1,p=1
VW,context=Main:1#run:1,w=true
VW,context=Main:1#run:1,p=2
VW,context=Main:1#run:1,p=3
VW,context=Main:1#run:1,p=4
VD,method=Main:1#run:1 <name=p,type=int (id=7),value=1,index=9>
VW,context=Main:1#run:1,j=8
VW,context=Main:1#run:1,i=0
VD,method=Main:1#run:1 <name=w,type=boolean (id=2),value=false,index=8>
VW,context=Main:1#run:1,w=false
VW,context=Main:1#run:1,p=1
VW,context=Main:1#run:1,p=2
VW,context=Main:1#run:1,w=true
VW,context=Main:1#run:1,p=3
VW,context=Main:1#run:1,p=4
VD,method=Main:1#run:1 <name=p,type=int (id=7),value=1,index=9>
VW,context=Main:1#run:1,i=1
VD,method=Main:1#run:1 <name=w,type=boolean (id=2),value=false,index=8>
VW,context=Main:1#run:1,w=false
VW,context=Main:1#run:1,p=1
VW,context=Main:1#run:1,p=2
VW,context=Main:1#run:1,w=true
VW,context=Main:1#run:1,p=3
VW,context=Main:1#run:1,p=4
VD,method=Main:1#run:1 <name=p,type=int (id=7),value=1,index=9>
VW,context=Main:1#run:1,j=9
VW,context=Main:1#run:1,i=0
VD,method=Main:1#run:1 <name=w,type=boolean (id=2),value=false,index=8>
VW,context=Main:1#run:1,w=false
VW,context=Main:1#run:1,p=1
VW,context=Main:1#run:1,p=2
VW,context=Main:1#run:1,p=3
VW,context=Main:1#run:1,w=true
VW,context=Main:1#run:1,p=4
VD,method=Main:1#run:1 <name=p,type=int (id=7),value=1,index=9>
VW,context=Main:1#run:1,i=1
VD,method=Main:1#run:1 <name=w,type=boolean (id=2),value=false,index=8>
VW,context=Main:1#run:1,w=false
VW,context=Main:1#run:1,p=1
VW,context=Main:1#run:1,p=2
VW,context=Main:1#run:1,p=3
VW,context=Main:1#run:1,w=true
VW,context=Main:1#run:1,p=4
VD,method=Main:1#run:1 <name=p,type=int (id=7),value=1,index=9>
VW,context=Main:1#run:1,j=10
VW,context=Main:1#run:1,i=0
VD,method=Main:1#run:1 <name=w,type=boolean (id=2),value=false,index=8>
VW,context=Main:1#run:1,w=false
VW,context=Main:1#run:1,p=1
VW,context=Main:1#run:1,p=2
VW,context=Main:1#run:1,p=3
VW,context=Main:1#run:1,p=4
VW,context=Main:1#run:1,w=true
VD,method=Main:1#run:1 <name=p,type=int (id=7),value=1,index=9>
VW,context=Main:1#run:1,i=1
VD,method=Main:1#run:1 <name=w,type=boolean (id=2),value=false,index=8>
VW,context=Main:1#run:1,w=false
VW,context=Main:1#run:1,p=1
VW,context=Main:1#run:1,p=2
VW,context=Main:1#run:1,p=3
VW,context=Main:1#run:1,p=4
VW,context=Main:1#run:1,w=true
VD,method=Main:1#run:1 <name=p,type=int (id=7),value=1,index=9>
VW,context=Main:1#run:1,j=11
VW,context=Main:1#run:1,i=0
VD,method=Main:1#run:1 <name=w,type=boolean (id=2),value=false,index=8>
VW,context=Main:1#run:1,w=false
VW,context=Main:1#run:1,p=1
VW,context=Main:1#run:1,p=2
VW,context=Main:1#run:1,p=3
VW,context=Main:1#run:1,p=4
VD,method=Main:1#run:1 <name=p,type=int (id=7),value=1,index=9>
VW,context=Main:1#run:1,i=1
VD,method=Main:1#run:1 <name=w,type=boolean (id=2),value=false,index=8>
VW,context=Main:1#run:1,w=false
VW,context=Main:1#run:1,p=1
VW,context=Main:1#run:1,p=2
VW,context=Main:1#run:1,p=3
VW,context=Main:1#run:1,p=4
VD,method=Main:1#run:1 <name=p,type=int (id=7),value=1,index=9>
VW,context=Main:1#run:1,j=12
VW,context=Main:1#run:1,i=0
VD,method=Main:1#run:1 <name=w,type=boolean (id=2),value=false,index=8>
VW,context=Main:1#run:1,w=false
VW,context=Main:1#run:1,p=1
VW,context=Main:1#run:1,w=true
VW,context=Main:1#run:1,p=2
VW,context=Main:1#run:1,p=3
VW,context=Main:1#run:1,p=4
VD,method=Main:1#run:1 <name=p,type=int (id=7),value=1,index=9>
VW,context=Main:1#run:1,i=1
VD,method=Main:1#run:1 <name=w,type=boolean (id=2),value=false,index=8>
VW,context=Main:1#run:1,w=false
VW,context=Main:1#run:1,p=1
VW,context=Main:1#run:1,w=true
VW,context=Main:1#run:1,p=2
VW,context=Main:1#run:1,p=3
VW,context=Main:1#run:1,p=4
VD,method=Main:1#run:1 <name=p,type=int (id=7),value=1,index=9>
VW,context=Main:1#run:1,j=13
VW,context=Main:1#run:1,i=0
VD,method=Main:1#run:1 <name=w,type=boolean (id=2),value=false,index=8>
VW,context=Main:1#run:1,w=false
VW,context=Main:1#run:1,p=1
VW,context=Main:1#run:1,p=2
VW,context=Main:1#run:1,w=true
VW,context=Main:1#run:1,p=3
VW,context=Main:1#run:1,p=4
VD,method=Main:1#run:1 <name=p,type=int (id=7),value=1,index=9>
VW,context=Main:1#run:1,i=1
VD,method=Main:1#run:1 <name=w,type=boolean (id=2),value=false,index=8>
VW,context=Main:1#run:1,w=false
VW,context=Main:1#run:1,p=1
VW,context=Main:1#run:1,p=2
VW,context=Main:1#run:1,w=true
VW,context=Main:1#run:1,p=3
VW,context=Main:1#run:1,p=4
VD,method=Main:1#run:1 <name=p,type=int (id=7),value=1,index=9>
VW,context=Main:1#run:1,j=14
VW,context=Main:1#run:1,i=0
VD,method=Main:1#run:1 <name=w,type=boolean (id=2),value=false,index=8>
VW,context=Main:1#run:1,w=false
VW,context=Main:1#run:1,p=1
VW,context=Main:1#run:1,p=2
VW,context=Main:1#run:1,p=3
VW,context=Main:1#run:1,w=true
VW,context=Main:1#run:1,p=4
VD,method=Main:1#run:1 <name=p,type=int (id=7),value=1,index=9>
VW,context=Main:1#run:1,i=1
VD,method=Main:1#run:1 <name=w,type=boolean (id=2),value=false,index=8>
VW,context=Main:1#run:1,w=false
VW,context=Main:1#run:1,p=1
VW,context=Main:1#run:1,p=2
VW,context=Main:1#run:1,p=3
VW,context=Main:1#run:1,w=true
VW,context=Main:1#run:1,p=4
VD,method=Main:1#run:1 <name=p,type=int (id=7),value=1,index=9>
VW,context=Main:1#run:1,j=15
VW,context=Main:1#run:1,i=0
VD,method=Main:1#run:1 <name=w,type=boolean (id=2),value=false,index=8>
VW,context=Main:1#run:1,w=false
VW,context=Main:1#run:1,p=1
VW,context=Main:1#run:1,p=2
VW,context=Main:1#run:1,p=3
VW,context=Main:1#run:1,p=4
VW,context=Main:1#run:1,w=true
VD,method=Main:1#run:1 <name=p,type=int (id=7),value=1,index=9>
VW,context=Main:1#run:1,i=1
VD,method=Main:1#run:1 <name=w,type=boolean (id=2),value=false,index=8>
VW,context=Main:1#run:1,w=false
VW,context=Main:1#run:1,p=1
VW,context=Main:1#run:1,p=2
VW,context=Main:1#run:1,p=3
VW,context=Main:1#run:1,p=4
VW,context=Main:1#run:1,w=true
VD,method=Main:1#run:1 <name=p,type=int (id=7),value=1,index=9>
VW,context=Main:1#run:1,j=16
VW,context=Main:1#run:1,i=0
VD,method=Main:1#run:1 <name=w,type=boolean (id=2),value=false,index=8>
VW,context=Main:1#run:1,w=false
VW,context=Main:1#run:1,p=1
VW,context=Main:1#run:1,p=2
VW,context=Main:1#run:1,p=3
VW,context=Main:1#run:1,p=4
VD,method=Main:1#run:1 <name=p,type=int (id=7),value=1,index=9>
VW,context=Main:1#run:1,i=1
VD,method=Main:1#run:1 <name=w,type=boolean (id=2),value=false,index=8>
VW,context=Main:1#run:1,w=false
VW,context=Main:1#run:1,p=1
VW,context=Main:1#run:1,p=2
VW,context=Main:1#run:1,p=3
VW,context=Main:1#run:1,p=4
VD,method=Main:1#run:1 <name=p,type=int (id=7),value=1,index=9>
VW,context=Main:1#run:1,j=17
VW,context=Main:1#run:1,i=0
VD,method=Main:1#run:1 <name=w,type=boolean (id=2),value=false,index=8>
VW,context=Main:1#run:1,w=false
VW,context=Main:1#run:1,p=1
VW,context=Main:1#run:1,w=true
VW,context=Main:1#run:1,p=2
VW,context=Main:1#run:1,p=3
VW,context=Main:1#run:1,p=4
VD,method=Main:1#run:1 <name=p,type=int (id=7),value=1,index=9>
VW,context=Main:1#run:1,i=1
VD,method=Main:1#run:1 <name=w,type=boolean (id=2),value=false,index=8>
VW,context=Main:1#run:1,w=false
VW,context=Main:1#run:1,p=1
VW,context=Main:1#run:1,w=true
VW,context=Main:1#run:1,p=2
VW,context=Main:1#run:1,p=3
VW,context=Main:1#run:1,p=4
VD,method=Main:1#run:1 <name=p,type=int (id=7),value=1,index=9>
VW,context=Main:1#run:1,j=18
VW,context=Main:1#run:1,i=0
VD,method=Main:1#run:1 <name=w,type=boolean (id=2),value=false,index=8>
VW,context=Main:1#run:1,w=false
VW,context=Main:1#run:1,p=1
VW,context=Main:1#run:1,p=2
VW,context=Main:1#run:1,w=true
VW,context=Main:1#run:1,p=3
VW,context=Main:1#run:1,p=4
VD,method=Main:1#run:1 <name=p,type=int (id=7),value=1,index=9>
VW,context=Main:1#run:1,i=1
VD,method=Main:1#run:1 <name=w,type=boolean (id=2),value=false,index=8>
VW,context=Main:1#run:1,w=false
VW,context=Main:1#run:1,p=1
VW,context=Main:1#run:1,p=2
VW,context=Main:1#run:1,w=true
VW,context=Main:1#run:1,p=3
VW,context=Main:1#run:1,p=4
VD,method=Main:1#run:1 <name=p,type=int (id=7),value=1,index=9>
VW,context=Main:1#run:1,j=19
VW,context=Main:1#run:1,i=0
VD,method=Main:1#run:1 <name=w,type=boolean (id=2),value=false,index=8>
VW,context=Main:1#run:1,w=false
VW,context=Main:1#run:1,p=1
VW,context=Main:1#run:1,p=2
VW,context=Main:1#run:1,p=3
VW,context=Main:1#run:1,w=true
VW,context=Main:1#run:1,p=4
VD,method=Main:1#run:1 <name=p,type=int (id=7),value=1,index=9>
VW,context=Main:1#run:1,i=1
VD,method=Main:1#run:1 <name=w,type=boolean (id=2),value=false,index=8>
VW,context=Main:1#run:1,w=false
VW,context=Main:1#run:1,p=1
VW,context=Main:1#run:1,p=2
VW,context=Main:1#run:1,p=3
VW,context=Main:1#run:1,w=true
VW,context=Main:1#run:1,p=4
VD,method=Main:1#run:1 <name=p,type=int (id=7),value=1,index=9>
VW,context=Main:1#run:1,j=20
VW,context=Main:1#run:1,i=0
VD,method=Main:1#run:1 <name=w,type=boolean (id=2),value=false,index=8>
VW,context=Main:1#run:1,w=false
VW,context=Main:1#run:1,p=1
VW,context=Main:1#run:1,p=2
VW,context=Main:1#run:1,p=3
VW,context=Main:1#run:1,p=4
VW,context=Main:1#run:1,w=true
VD,method=Main:1#run:1 <name=p,type=int (id=7),value=1,index=9>
VW,context=Main:1#run:1,i=1
VD,method=Main:1#run:1 <name=w,type=boolean (id=2),value=false,index=8>
VW,context=Main:1#run:1,w=false
VW,context=Main:1#run:1,p=1
VW,context=Main:1#run:1,p=2
VW,context=Main:1#run:1,p=3
VW,context=Main:1#run:1,p=4
VW,context=Main:1#run:1,w=true
VD,method=Main:1#run:1 <name=p,type=int (id=7),value=1,index=9>
VW,context=Main:1#run:1,j=21
VW,context=Main:1#run:1,i=0
VD,method=Main:1#run:1 <name=w,type=boolean (id=2),value=false,index=8>
VW,context=Main:1#run:1,w=false
VW,context=Main:1#run:1,p=1
VW,context=Main:1#run:1,p=2
VW,context=Main:1#run:1,p=3
VW,context=Main:1#run:1,p=4
VD,method=Main:1#run:1 <name=p,type=int (id=7),value=1,index=9>
VW,context=Main:1#run:1,i=1
VD,method=Main:1#run:1 <name=w,type=boolean (id=2),value=false,index=8>
VW,context=Main:1#run:1,w=false
VW,context=Main:1#run:1,p=1
VW,context=Main:1#run:1,p=2
VW,context=Main:1#run:1,p=3
VW,context=Main:1#run:1,p=4
VD,method=Main:1#run:1 <name=p,type=int (id=7),value=1,index=9>
VW,context=Main:1#run:1,j=22
VW,context=Main:1#run:1,i=0
VD,method=Main:1#run:1 <name=w,type=boolean (id=2),value=false,index=8>
VW,context=Main:1#run:1,w=false
VW,context=Main:1#run:1,p=1
VW,context=Main:1#run:1,w=true
VW,context=Main:1#run:1,p=2
VW,context=Main:1#run:1,p=3
VW,context=Main:1#run:1,p=4
VD,method=Main:1#run:1 <name=p,type=int (id=7),value=1,index=9>
VW,context=Main:1#run:1,i=1
VD,method=Main:1#run:1 <name=w,type=boolean (id=2),value=false,index=8>
VW,context=Main:1#run:1,w=false
VW,context=Main:1#run:1,p=1
VW,context=Main:1#run:1,w=true
VW,context=Main:1#run:1,p=2
VW,context=Main:1#run:1,p=3
VW,context=Main:1#run:1,p=4
VD,method=Main:1#run:1 <name=p,type=int (id=7),value=1,index=9>
VW,context=Main:1#run:1,j=23
VW,context=Main:1#run:1,i=0
VD,method=Main:1#run:1 <name=w,type=boolean (id=2),value=false,index=8>
VW,context=Main:1#run:1,w=false
VW,context=Main:1#run:1,p=1
VW,context=Main:1#run:1,p=2
VW,context=Main:1#run:1,w=true
VW,context=Main:1#run:1,p=3
VW,context=Main:1#run:1,p=4
VD,method=Main:1#run:1 <name=p,type=int (id=7),value=1,index=9>
VW,context=Main:1#run:1,i=1
VD,method=Main:1#run:1 <name=w,type=boolean (id=2),value=false,index=8>
VW,context=Main:1#run:1,w=false
VW,context=Main:1#run:1,p=1
VW,context=Main:1#run:1,p=2
VW,context=Main:1#run:1,w=true
VW,context=Main:1#run:1,p=3
VW,context=Main:1#run:1,p=4
VD,method=Main:1#run:1 <name=p,type=int (id=7),value=1,index=9>
VW,context=Main:1#run:1,j=24
VW,context=Main:1#run:1,i=0
VD,method=Main:1#run:1 <name=w,type=boolean (id=2),value=false,index=8>
VW,context=Main:1#run:1,w=false
VW,context=Main:1#run:1,p=1
VW,context=Main:1#run:1,p=2
VW,context=Main:1#run:1,p=3
VW,context=Main:1#run:1,w=true
VW,context=Main:1#run:1,p=4
VD,method=Main:1#run:1 <name=p,type=int (id=7),value=1,index=9>
VW,context=Main:1#run:1,i=1
VD,method=Main:1#run:1 <name=w,type=boolean (id=2),value=false,index=8>
VW,context=Main:1#run:1,w=false
VW,context=Main:1#run:1,p=1
VW,context=Main:1#run:1,p=2
VW,context=Main:1#run:1,p=3
VW,context=Main:1#run:1,w=true
VW,context=Main:1#run:1,p=4
VD,method=Main:1#run:1 <name=p,type=int (id=7),value=1,index=9>
VW,context=Main:1#run:1,j=25
VW,context=Main:1#run:1,i=0
VD,method=Main:1#run:1 <name=w,type=boolean (id=2),value=false,index=8>
VW,context=Main:1#run:1,w=false
VW,context=Main:1#run:1,p=1
VW,context=Main:1#run:1,p=2
VW,context=Main:1#run:1,p=3
VW,context=Main:1#run:1,p=4
VW,context=Main:1#run:1,w=true
VD,method=Main:1#run:1 <name=p,type=int (id=7),value=1,index=9>
VW,context=Main:1#run:1,i=1
VD,method=Main:1#run:1 <name=w,type=boolean (id=2),value=false,index=8>
VW,context=Main:1#run:1,w=false
VW,context=Main:1#run:1,p=1
VW,context=Main:1#run:1,p=2
VW,context=Main:1#run:1,p=3
VW,context=Main:1#run:1,p=4
VW,context=Main:1#run:1,w=true
VD,method=Main:1#run:1 <name=p,type=int (id=7),value=1,index=9>
VW,context=Main:1#run:1,j=26
VW,context=Main:1#run:1,i=0
VD,method=Main:1#run:1 <name=w,type=boolean (id=2),value=false,index=8>
VW,context=Main:1#run:1,w=false
VW,context=Main:1#run:1,p=1
VW,context=Main:1#run:1,p=2
VW,context=Main:1#run:1,p=3
VW,context=Main:1#run:1,p=4
VD,method=Main:1#run:1 <name=p,type=int (id=7),value=1,index=9>
VW,context=Main:1#run:1,i=1
VD,method=Main:1#run:1 <name=w,type=boolean (id=2),value=false,index=8>
VW,context=Main:1#run:1,w=false
VW,context=Main:1#run:1,p=1
VW,context=Main:1#run:1,p=2
VW,context=Main:1#run:1,p=3
VW,context=Main:1#run:1,p=4
VD,method=Main:1#run:1 <name=p,type=int (id=7),value=1,index=9>
VW,context=Main:1#run:1,j=27
VW,context=Main:1#run:1,i=0
VD,method=Main:1#run:1 <name=w,type=boolean (id=2),value=false,index=8>
VW,context=Main:1#run:1,w=false
VW,context=Main:1#run:1,p=1
VW,context=Main:1#run:1,w=true
VW,context=Main:1#run:1,p=2
VW,context=Main:1#run:1,p=3
VW,context=Main:1#run:1,p=4
VD,method=Main:1#run:1 <name=p,type=int (id=7),value=1,index=9>
VW,context=Main:1#run:1,i=1
VD,method=Main:1#run:1 <name=w,type=boolean (id=2),value=false,index=8>
VW,context=Main:1#run:1,w=false
VW,context=Main:1#run:1,p=1
VW,context=Main:1#run:1,w=true
VW,context=Main:1#run:1,p=2
VW,context=Main:1#run:1,p=3
VW,context=Main:1#run:1,p=4
VD,method=Main:1#run:1 <name=p,type=int (id=7),value=1,index=9>
VW,context=Main:1#run:1,j=28
VW,context=Main:1#run:1,i=0
VD,method=Main:1#run:1 <name=w,type=boolean (id=2),value=false,index=8>
VW,context=Main:1#run:1,w=false
VW,context=Main:1#run:1,p=1
VW,context=Main:1#run:1,p=2
VW,context=Main:1#run:1,w=true
VW,context=Main:1#run:1,p=3
VW,context=Main:1#run:1,p=4
VD,method=Main:1#run:1 <name=p,type=int (id=7),value=1,index=9>
VW,context=Main:1#run:1,i=1
VD,method=Main:1#run:1 <name=w,type=boolean (id=2),value=false,index=8>
VW,context=Main:1#run:1,w=false
VW,context=Main:1#run:1,p=1
VW,context=Main:1#run:1,p=2
VW,context=Main:1#run:1,w=true
VW,context=Main:1#run:1,p=3
VW,context=Main:1#run:1,p=4
VD,method=Main:1#run:1 <name=p,type=int (id=7),value=1,index=9>
VW,context=Main:1#run:1,j=29
VW,context=Main:1#run:1,i=0
VD,method=Main:1#run:1 <name=w,type=boolean (id=2),value=false,index=8>
VW,context=Main:1#run:1,w=false
VW,context=Main:1#run:1,p=1
VW,context=Main:1#run:1,p=2
VW,context=Main:1#run:1,p=3
VW,context=Main:1#run:1,w=true
VW,context=Main:1#run:1,p=4
VD,method=Main:1#run:1 <name=p,type=int (id=7),value=1,index=9>
VW,context=Main:1#run:1,i=1
VD,method=Main:1#run:1 <name=w,type=boolean (id=2),value=false,index=8>
VW,context=Main:1#run:1,w=false
VW,context=Main:1#run:1,p=1
VW,context=Main:1#run:1,p=2
VW,context=Main:1#run:1,p=3
VW,context=Main:1#run:1,w=true
VW,context=Main:1#run:1,p=4
VD,method=Main:1#run:1 <name=p,type=int (id=7),value=1,index=9>
VW,context=Main:1#run:1,j=30
VW,context=Main:1#run:1,i=0
VD,method=Main:1#run:1 <name=w,type=boolean (id=2),value=false,index=8>
VW,context=Main:1#run:1,w=false
VW,context=Main:1#run:1,p=1
VW,context=Main:1#run:1,p=2
VW,context=Main:1#run:1,p=3
VW,context=Main:1#run:1,p=4
VW,context=Main:1#run:1,w=true
VD,method=Main:1#run:1 <name=p,type=int (id=7),value=1,index=9>
VW,context=Main:1#run:1,i=1
VD,method=Main:1#run:1 <name=w,type=boolean (id=2),value=false,index=8>
VW,context=Main:1#run:1,w=false
VW,context=Main:1#run:1,p=1
VW,context=Main:1#run:1,p=2
VW,context=Main:1#run:1,p=3
VW,context=Main:1#run:1,p=4
VW,context=Main:1#run:1,w=true
VD,method=Main:1#run:1 <name=p,type=int (id=7),value=1,index=9>
VW,context=Main:1#run:1,j=31
VW,context=Main:1#run:1,i=0
VD,method=Main:1#run:1 <name=w,type=boolean (id=2),value=false,index=8>
VW,context=Main:1#run:1,w=false
VW,context=Main:1#run:1,p=1
VW,context=Main:1#run:1,p=2
VW,context=Main:1#run:1,p=3
VW,context=Main:1#run:1,p=4
VD,method=Main:1#run:1 <name=p,type=int (id=7),value=1,index=9>
VW,context=Main:1#run:1,i=1
VD,method=Main:1#run:1 <name=w,type=boolean (id=2),value=false,index=8>
VW,context=Main:1#run:1,w=false
VW,context=Main:1#run:1,p=1
VW,context=Main:1#run:1,p=2
VW,context=Main:1#run:1,p=3
VW,context=Main:1#run:1,p=4
VD,method=Main:1#run:1 <name=p,type=int (id=7),value=1,index=9>
VW,context=Main:1#run:1,j=32
VW,context=Main:1#run:1,i=0
VD,method=Main:1#run:1 <name=w,type=boolean (id=2),value=false,index=8>
VW,context=Main:1#run:1,w=false
VW,context=Main:1#run:1,p=1
VW,context=Main:1#run:1,w=true
VW,context=Main:1#run:1,p=2
VW,context=Main:1#run:1,p=3
VW,context=Main:1#run:1,p=4
VD,method=Main:1#run:1 <name=p,type=int (id=7),value=1,index=9>
VW,context=Main:1#run:1,i=1
VD,method=Main:1#run:1 <name=w,type=boolean (id=2),value=false,index=8>
VW,context=Main:1#run:1,w=false
VW,context=Main:1#run:1,p=1
VW,context=Main:1#run:1,w=true
VW,context=Main:1#run:1,p=2
VW,context=Main:1#run:1,p=3
VW,context=Main:1#run:1,p=4
VD,method=Main:1#run:1 <name=p,type=int (id=7),value=1,index=9>
VW,context=Main:1#run:1,j=33
VW,context=Main:1#run:1,i=0
VD,method=Main:1#run:1 <name=w,type=boolean (id=2),value=false,index=8>
VW,context=Main:1#run:1,w=false
VW,context=Main:1#run:1,p=1
VW,context=Main:1#run:1,p=2
VW,context=Main:1#run:1,w=true
VW,context=Main:1#run:1,p=3
VW,context=Main:1#run:1,p=4
VD,method=Main:1#run:1 <name=p,type=int (id=7),value=1,index=9>
VW,context=Main:1#run:1,i=1
VD,method=Main:1#run:1 <name=w,type=boolean (id=2),value=false,index=8>
VW,context=Main:1#run:1,w=false
VW,context=Main:1#run:1,p=1
VW,context=Main:1#run:1,p=2
VW,context=Main:1#run:1,w=true
VW,context=Main:1#run:1,p=3
VW,context=Main:1#run:1,p=4
VD,method=Main:1#run:1 <name=p,type=int (id=7),value=1,index=9>
VW,context=Main:1#run:1,j=34
VW,context=Main:1#run:1,i=0
VD,method=Main:1#run:1 <name=w,type=boolean (id=2),value=false,index=8>
VW,context=Main:1#run:1,w=false
VW,context=Main:1#run:1,p=1
VW,context=Main:1#run:1,p=2
VW,context=Main:1#run:1,p=3
VW,context=Main:1#run:1,w=true
VW,context=Main:1#run:1,p=4
VD,method=Main:1#run:1 <name=p,type=int (id=7),value=1,index=9>
VW,context=Main:1#run:1,i=1
VD,method=Main:1#run:1 <name=w,type=boolean (id=2),value=false,index=8>
VW,context=Main:1#run:1,w=false
VW,context=Main:1#run:1,p=1
VW,context=Main:1#run:1,p=2
VW,context=Main:1#run:1,p=3
VW,context=Main:1#run:1,w=true
VW,context=Main:1#run:1,p=4
VD,method=Main:1#run:1 <name=p,type=int (id=7),value=1,index=9>
VW,context=Main:1#run:1,j=35
VW,context=Main:1#run:1,i=0
VD,method=Main:1#run:1 <name=w,type=boolean (id=2),value=false,index=8>
VW,context=Main:1#run:1,w=false
VW,context=Main:1#run:1,p=1
VW,context=Main:1#run:1,p=2
VW,context=Main:1#run:1,p=3
VW,context=Main:1#run:1,p=4
VW,context=Main:1#run:1,w=true
VD,method=Main:1#run:1 <name=p,type=int (id=7),value=1,index=9>
VW,context=Main:1#run:1,i=1
VD,method=Main:1#run:1 <name=w,type=boolean (id=2),value=false,index=8>
VW,context=Main:1#run:1,w=false
VW,context=Main:1#run:1,p=1
VW,context=Main:1#run:1,p=2
VW,context=Main:1#run:1,p=3
VW,context=Main:1#run:1,p=4
VW,context=Main:1#run:1,w=true
VD,method=Main:1#run:1 <name=p,type=int (id=7),value=1,index=9>
VW,context=Main:1#run:1,j=36
VW,context=Main:1#run:1,i=0
VD,method=Main:1#run:1 <name=w,type=boolean (id=2),value=false,index=8>
VW,context=Main:1#run:1,w=false
VW,context=Main:1#run:1,p=1
VW,context=Main:1#run:1,p=2
VW,context=Main:1#run:1,p=3
VW,context=Main:1#run:1,p=4
VD,method=Main:1#run:1 <name=p,type=int (id=7),value=1,index=9>
VW,context=Main:1#run:1,i=1
VD,method=Main:1#run:1 <name=w,type=boolean (id=2),value=false,index=8>
VW,context=Main:1#run:1,w=false
VW,context=Main:1#run:1,p=1
VW,context=Main:1#run:1,p=2
VW,context=Main:1#run:1,p=3
VW,context=Main:1#run:1,p=4
VD,method=Main:1#run:1 <name=p,type=int (id=7),value=1,index=9>
VW,context=Main:1#run:1,j=37
VW,context=Main:1#run:1,i=0
VD,method=Main:1#run:1 <name=w,type=boolean (id=2),value=false,index=8>
VW,context=Main:1#run:1,w=false
VW,context=Main:1#run:1,p=1
VW,context=Main:1#run:1,w=true
VW,context=Main:1#run:1,p=2
VW,context=Main:1#run:1,p=3
VW,context=Main:1#run:1,p=4
VD,method=Main:1#run:1 <name=p,type=int (id=7),value=1,index=9>
VW,context=Main:1#run:1,i=1
VD,method=Main:1#run:1 <name=w,type=boolean (id=2),value=false,index=8>
VW,context=Main:1#run:1,w=false
VW,context=Main:1#run:1,p=1
VW,context=Main:1#run:1,w=true
VW,context=Main:1#run:1,p=2
VW,context=Main:1#run:1,p=3
VW,context=Main:1#run:1,p=4
VD,method=Main:1#run:1 <name=p,type=int (id=7),value=1,index=9>
VW,context=Main:1#run:1,j=38
VW,context=Main:1#run:1,i=0
VD,method=Main:1#run:1 <name=w,type=boolean (id=2),value=false,index=8>
VW,context=Main:1#run:1,w=false
VW,context=Main:1#run:1,p=1
VW,context=Main:1#run:1,p=2
VW,context=Main:1#run:1,w=true
VW,context=Main:1#run:1,p=3
VW,context=Main:1#run:1,p=4
VD,method=Main:1#run:1 <name=p,type=int (id=7),value=1,index=9>
VW,context=Main:1#run:1,i=1
VD,method=Main:1#run:1 <name=w,type=boolean (id=2),value=false,index=8>
VW,context=Main:1#run:1,w=false
VW,context=Main:1#run:1,p=1
VW,context=Main:1#run:1,p=2
VW,context=Main:1#run:1,w=true
VW,context=Main:1#run:1,p=3
VW,context=Main:1#run:1,p=4
VD,method=Main:1#run:1 <name=p,type=int (id=7),value=1,index=9>
VW,context=Main:1#run:1,j=39
VW,context=Main:1#run:1,i=0
VD,method=Main:1#run:1 <name=w,type=boolean (id=2),value=false,index=8>
VW,context=Main:1#run:1,w=false
VW,context=Main:1#run:1,p=1
VW,context=Main:1#run:1,p=2
VW,context=Main:1#run:1,p=3
VW,context=Main:1#run:1,w=true
VW,context=Main:1#run:1,p=4
VD,method=Main:1#run:1 <name=p,type=int (id=7),value=1,index=9>
VW,context=Main:1#run:1,i=1
VD,method=Main:1#run:1 <name=w,type=boolean (id=2),value=false,index=8>
VW,context=Main:1#run:1,w=false
VW,context=Main:1#run:1,p=1
VW,context=Main:1#run:1,p=2
VW,context=Main:1#run:1,p=3
VW,context=Main:1#run:1,w=true
VW,context=Main:1#run:1,p=4
VD,method=Main:1#run:1 <name=p,type=int (id=7),value=1,index=9>
VW,context=Main:1#run:1,j=40
VW,context=Main:1#run:1,i=0
VD,method=Main:1#run:1 <name=w,type=boolean (id=2),value=false,index=8>
VW,context=Main:1#run:1,w=false
VW,context=Main:1#run:1,p=1
VW,context=Main:1#run:1,p=2
VW,context=Main:1#run:1,p=3
VW,context=Main:1#run:1,p=4
VW,context=Main:1#run:1,w=true
VD,method=Main:1#run:1 <name=p,type=int (id=7),value=1,index=9>
VW,context=Main:1#run:1,i=1
VD,method=Main:1#run:1 <name=w,type=boolean (id=2),value=false,index=8>
VW,context=Main:1#run:1,w=false
VW,context=Main:1#run:1,p=1
VW,context=Main:1#run:1,p=2
VW,context=Main:1#run:1,p=3
VW,context=Main:1#run:1,p=4
VW,context=Main:1#run:1,w=true
VD,method=Main:1#run:1 <name=p,type=int (id=7),value=1,index=9>
VW,context=Main:1#run:1,j=41
VW,context=Main:1#run:1,i=0
VD,method=Main:1#run:1 <name=w,type=boolean (id=2),value=false,index=8>
VW,context=Main:1#run:1,w=false
VW,context=Main:1#run:1,p=1
VW,context=Main:1#run:1,p=2
VW,context=Main:1#run:1,p=3
VW,context=Main:1#run:1,p=4
VD,method=Main:1#run:1 <name=p,type=int (id=7),value=1,index=9>
VW,context=Main:1#run:1,i=1
VD,method=Main:1#run:1 <name=w,type=boolean (id=2),value=false,index=8>
VW,context=Main:1#run:1,w=false
VW,context=Main:1#run:1,p=1
VW,context=Main:1#run:1,p=2
VW,context=Main:1#run:1,p=3
VW,context=Main:1#run:1,p=4
VD,method=Main:1#run:1 <name=p,type=int (id=7),value=1,index=9>
VW,context=Main:1#run:1,j=42
VW,context=Main:1#run:1,i=0
VD,method=Main:1#run:1 <name=w,type=boolean (id=2),value=false,index=8>
VW,context=Main:1#run:1,w=false
VW,context=Main:1#run:1,p=1
VW,context=Main:1#run:1,w=true
VW,context=Main:1#run:1,p=2
VW,context=Main:1#run:1,p=3
VW,context=Main:1#run:1,p=4
VD,method=Main:1#run:1 <name=p,type=int (id=7),value=1,index=9>
VW,context=Main:1#run:1,i=1
VD,method=Main:1#run:1 <name=w,type=boolean (id=2),value=false,index=8>
VW,context=Main:1#run:1,w=false
VW,context=Main:1#run:1,p=1
VW,context=Main:1#run:1,w=true
VW,context=Main:1#run:1,p=2
VW,context=Main:1#run:1,p=3
VW,context=Main:1#run:1,p=4
VD,method=Main:1#run:1 <name=p,type=int (id=7),value=1,index=9>
VW,context=Main:1#run:1,j=43
VW,context=Main:1#run:1,i=0
VD,method=Main:1#run:1 <name=w,type=boolean (id=2),value=false,index=8>
VW,context=Main:1#run:1,w=false
VW,context=Main:1#run:1,p=1
VW,context=Main:1#run:1,p=2
VW,context=Main:1#run:1,w=true
VW,context=Main:1#run:1,p=3
VW,context=Main:1#run:1,p=4
VD,method=Main:1#run:1 <name=p,type=int (id=7),value=1,index=9>
VW,context=Main:1#run:1,i=1
VD,method=Main:1#run:1 <name=w,type=boolean (id=2),value=false,index=8>
VW,context=Main:1#run:1,w=false
VW,context=Main:1#run:1,p=1
VW,context=Main:1#run:1,p=2
VW,context=Main:1#run:1,w=true
VW,context=Main:1#run:1,p=3
VW,context=Main:1#run:1,p=4
VD,method=Main:1#run:1 <name=p,type=int (id=7),value=1,index=9>
VW,context=Main:1#run:1,j=44
VW,context=Main:1#run:1,i=0
VD,method=Main:1#run:1 <name=w,type=boolean (id=2),value=false,index=8>
VW,context=Main:1#run:1,w=false
VW,context=Main:1#run:1,p=1
VW,context=Main:1#run:1,p=2
VW,context=Main:1#run:1,p=3
VW,context=Main:1#run:1,w=true
VW,context=Main:1#run:1,p=4
VD,method=Main:1#run:1 <name=p,type=int (id=7),value=1,index=9>
VW,context=Main:1#run:1,i=1
VD,method=Main:1#run:1 <name=w,type=boolean (id=2),value=false,index=8>
VW,context=Main:1#run:1,w=false
VW,context=Main:1#run:1,p=1
VW,context=Main:1#run:1,p=2
VW,context=Main:1#run:1,p=3
VW,context=Main:1#run:1,w=true
VW,context=Main:1#run:1,p=4
VD,method=Main:1#run:1 <name=p,type=int (id=7),value=1,index=9>
VW,context=Main:1#run:1,j=45
VW,context=Main:1#run:1,i=0
VD,method=Main:1#run:1 <name=w,type=boolean (id=2),value=false,index=8>
VW,context=Main:1#run:1,w=false
VW,context=Main:1#run:1,p=1
VW,context=Main:1#run:1,p=2
VW,context=Main:1#run:1,p=3
VW,context=Main:1#run:1,p=4
VW,context=Main:1#run:1,w=true
VD,method=Main:1#run:1 <name=p,type=int (id=7),value=1,index=9>
VW,context=Main:1#run:1,i=1
VD,method=Main:1#run:1 <name=w,type=boolean (id=2),value=false,index=8>
VW,context=Main:1#run:1,w=false
VW,context=Main:1#run:1,p=1
VW,context=Main:1#run:1,p=2
VW,context=Main:1#run:1,p=3
VW,context=Main:1#run:1,p=4
VW,context=Main:1#run:1,w=true
VD,method=Main:1#run:1 <name=p,type=int (id=7),value=1,index=9>
VW,context=Main:1#run:1,j=46
VW,context=Main:1#run:1,i=0
VD,method=Main:1#run:1 <name=w,type=boolean (id=2),value=false,index=8>
VW,context=Main:1#run:1,w=false
VW,context=Main:1#run:1,p=1
VW,context=Main:1#run:1,p=2
VW,context=Main:1#run:1,p=3
VW,context=Main:1#run:1,p=4
VD,method=Main:1#run:1 <name=p,type=int (id=7),value=1,index=9>
VW,context=Main:1#run:1,i=1
VD,method=Main:1#run:1 <name=w,type=boolean (id=2),value=false,index=8>
VW,context=Main:1#run:1,w=false
VW,context=Main:1#run:1,p=1
VW,context=Main:1#run:1,p=2
VW,context=Main:1#run:1,p=3
VW,context=Main:1#run:1,p=4
VD,method=Main:1#run:1 <name=p,type=int (id=7),value=1,index=9>
VW,context=Main:1#run:1,j=47
VW,context=Main:1#run:1,i=0
VD,method=Main:1#run:1 <name=w,type=boolean (id=2),value=false,index=8>
VW,context=Main:1#run:1,w=false
VW,context=Main:1#run:1,p=1
VW,context=Main:1#run:1,w=true
VW,context=Main:1#run:1,p=2
VW,context=Main:1#run:1,p=3
VW,context=Main:1#run:1,p=4
VD,method=Main:1#run:1 <name=p,type=int (id=7),value=1,index=9>
VW,context=Main:1#run:1,i=1
VD,method=Main:1#run:1 <name=w,type=boolean (id=2),value=false,index=8>
VW,context=Main:1#run:1,w=false
VW,context=Main:1#run:1,p=1
VW,context=Main:1#run:1,w=true
VW,context=Main:1#run:1,p=2
VW,context=Main:1#run:1,p=3
VW,context=Main:1#run:1,p=4
VD,method=Main:1#run:1 <name=p,type=int (id=7),value=1,index=9>
VW,context=Main:1#run:1,j=48
VW,context=Main:1#run:1,i=0
VD,method=Main:1#run:1 <name=w,type=boolean (id=2),value=false,index=8>
VW,context=Main:1#run:1,w=false
VW,context=Main:1#run:1,p=1
VW,context=Main:1#run:1,p=2
VW,context=Main:1#run:1,w=true
VW,context=Main:1#run:1,p=3
VW,context=Main:1#run:1,p=4
VD,method=Main:1#run:1 <name=p,type=int (id=7),value=1,index=9>
VW,context=Main:1#run:1,i=1
VD,method=Main:1#run:1 <name=w,type=boolean (id=2),value=false,index=8>
VW,context=Main:1#run:1,w=false
VW,context=Main:1#run:1,p=1
VW,context=Main:1#run:1,p=2
VW,context=Main:1#run:1,w=true
VW,context=Main:1#run:1,p=3
VW,context=Main:1#run:1,p=4
VD,method=Main:1#run:1 <name=p,type=int (id=7),value=1,index=9>
VW,context=Main:1#run:1,j=49
VW,context=Main:1#run:1,i=0
VD,method=Main:1#run:1 <name=w,type=boolean (id=2),value=false,index=8>
VW,context=Main:1#run:1,w=false
VW,context=Main:1#run:1,p=1
VW,context=Main:1#run:1,p=2
VW,context=Main:1#run:1,p=3
VW,context=Main:1#run:1,w=true
VW,context=Main:1#run:1,p=4
VD,method=Main:1#run:1 <name=p,type=int (id=7),value=1,index=9>
VW,context=Main:1#run:1,i=1
VD,method=Main:1#run:1 <name=w,type=boolean (id=2),value=false,index=8>
VW,context=Main:1#run:1,w=false
VW,context=Main:1#run:1,p=1
VW,context=Main:1#run:1,p=2
VW,context=Main:1#run:1,p=3
VW,context=Main:1#run:1,w=true
VW,context=Main:1#run:1,p=4
VD,method=Main:1#run:1 <name=p,type=int (id=7),value=1,index=9>
VW,context=Main:1#run:1,j=50
VW,context=Main:1#run:1,i=0
VD,method=Main:1#run:1 <name=w,type=boolean (id=2),value=false,index=8>
VW,context=Main:1#run:1,w=false
VW,context=Main:1#run:1,p=1
VW,context=Main:1#run:1,p=2
VW,context=Main:1#run:1,p=3
VW,context=Main:1#run:1,p=4
VW,context=Main:1#run:1,w=true
VD,method=Main:1#run:1 <name=p,type=int (id=7),value=1,index=9>
VW,context=Main:1#run:1,i=1
VD,method=Main:1#run:1 <name=w,type=boolean (id=2),value=false,index=8>
VW,context=Main:1#run:1,w=false
VW,context=Main:1#run:1,p=1
VW,context=Main:1#run:1,p=2
VW,context=Main:1#run:1,p=3
VW,context=Main:1#run:1,p=4
VW,context=Main:1#run:1,w=true
VD,method=Main:1#run:1 <name=p,type=int (id=7),value=1,index=9>
VW,context=Main:1#run:1,j=51
VW,context=Main:1#run:1,i=0
VD,method=Main:1#run:1 <name=w,type=boolean (id=2),value=false,index=8>
VW,context=Main:1#run:1,w=false
VW,context=Main:1#run:1,p=1
VW,context=Main:1#run:1,p=2
VW,context=Main:1#run:1,p=3
VW,context=Main:1#run:1,p=4
VD,method=Main:1#run:1 <name=p,type=int (id=7),value=1,index=9>
VW,context=Main:1#run:1,i=1
VD,method=Main:1#run:1 <name=w,type=boolean (id=2),value=false,index=8>
VW,context=Main:1#run:1,w=false
VW,context=Main:1#run:1,p=1
VW,context=Main:1#run:1,p=2
VW,context=Main:1#run:1,p=3
VW,context=Main:1#run:1,p=4
VD,method=Main:1#run:1 <name=p,type=int (id=7),value=1,index=9>
VW,context=Main:1#run:1,j=52
VW,context=Main:1#run:1,i=0
VD,method=Main:1#run:1 <name=w,type=boolean (id=2),value=false,index=8>
VW,context=Main:1#run:1,w=false
VW,context=Main:1#run:1,p=1
VW,context=Main:1#run:1,w=true
VW,context=Main:1#run:1,p=2
VW,context=Main:1#run:1,p=3
VW,context=Main:1#run:1,p=4
VD,method=Main:1#run:1 <name=p,type=int (id=7),value=1,index=9>
VW,context=Main:1#run:1,i=1
VD,method=Main:1#run:1 <name=w,type=boolean (id=2),value=false,index=8>
VW,context=Main:1#run:1,w=false
VW,context=Main:1#run:1,p=1
VW,context=Main:1#run:1,w=true
VW,context=Main:1#run:1,p=2
VW,context=Main:1#run:1,p=3
VW,context=Main:1#run:1,p=4
VD,method=Main:1#run:1 <name=p,type=int (id=7),value=1,index=9>
VW,context=Main:1#run:1,j=53
VW,context=Main:1#run:1,i=0
VD,method=Main:1#run:1 <name=w,type=boolean (id=2),value=false,index=8>
VW,context=Main:1#run:1,w=false
VW,context=Main:1#run:1,p=1
VW,context=Main:1#run:1,p=2
VW,context=Main:1#run:1,w=true
VW,context=Main:1#run:1,p=3
VW,context=Main:1#run:1,p=4
VD,method=Main:1#run:1 <name=p,type=int (id=7),value=1,index=9>
VW,context=Main:1#run:1,i=1
VD,method=Main:1#run:1 <name=w,type=boolean (id=2),value=false,index=8>
VW,context=Main:1#run:1,w=false
VW,context=Main:1#run:1,p=1
VW,context=Main:1#run:1,p=2
VW,context=Main:1#run:1,w=true
VW,context=Main:1#run:1,p=3
VW,context=Main:1#run:1,p=4
VD,method=Main:1#run:1 <name=p,type=int (id=7),value=1,index=9>
VW,context=Main:1#run:1,j=54
VW,context=Main:1#run:1,i=0
VD,method=Main:1#run:1 <name=w,type=boolean (id=2),value=false,index=8>
VW,context=Main:1#run:1,w=false
VW,context=Main:1#run:1,p=1
VW,context=Main:1#run:1,p=2
VW,context=Main:1#run:1,p=3
VW,context=Main:1#run:1,w=true
VW,context=Main:1#run:1,p=4
VD,method=Main:1#run:1 <name=p,type=int (id=7),value=1,index=9>
VW,context=Main:1#run:1,i=1
VD,method=Main:1#run:1 <name=w,type=boolean (id=2),value=false,index=8>
VW,context=Main:1#run:1,w=false
VW,context=Main:1#run:1,p=1
VW,context=Main:1#run:1,p=2
VW,context=Main:1#run:1,p=3
VW,context=Main:1#run:1,w=true
VW,context=Main:1#run:1,p=4
VD,method=Main:1#run:1 <name=p,type=int (id=7),value=1,index=9>
VW,context=Main:1#run:1,j=55
VW,context=Main:1#run:1,i=0
VD,method=Main:1#run:1 <name=w,type=boolean (id=2),value=false,index=8>
VW,context=Main:1#run:1,w=false
VW,context=Main:1#run:1,p=1
VW,context=Main:1#run:1,p=2
VW,context=Main:1#run:1,p=3
VW,context=Main:1#run:1,p=4
VW,context=Main:1#run:1,w=true
VD,method=Main:1#run:1 <name=p,type=int (id=7),value=1,index=9>
VW,context=Main:1#run:1,i=1
VD,method=Main:1#run:1 <name=w,type=boolean (id=2),value=false,index=8>
VW,context=Main:1#run:1,w=false
VW,context=Main:1#run:1,p=1
VW,context=Main:1#run:1,p=2
VW,context=Main:1#run:1,p=3
VW,context=Main:1#run:1,p=4
VW,context=Main:1#run:1,w=true
VD,method=Main:1#run:1 <name=p,type=int (id=7),value=1,index=9>
VW,context=Main:1#run:1,j=56
VW,context=Main:1#run:1,i=0
VD,method=Main:1#run:1 <name=w,type=boolean (id=2),value=false,index=8>
VW,context=Main:1#run:1,w=false
VW,context=Main:1#run:1,p=1
VW,context=Main:1#run:1,p=2
VW,context=Main:1#run:1,p=3
VW,context=Main:1#run:1,p=4
VD,method=Main:1#run:1 <name=p,type=int (id=7),value=1,index=9>
VW,context=Main:1#run:1,i=1
VD,method=Main:1#run:1 <name=w,type=boolean (id=2),value=false,index=8>
VW,context=Main:1#run:1,w=false
VW,context=Main:1#run:1,p=1
VW,context=Main:1#run:1,p=2
VW,context=Main:1#run:1,p=3
VW,context=Main:1#run:1,p=4
VD,method=Main:1#run:1 <name=p,type=int (id=7),value=1,index=9>
VW,context=Main:1#run:1,j=57
VW,context=Main:1#run:1,i=0
VD,method=Main:1#run:1 <name=w,type=boolean (id=2),value=false,index=8>
VW,context=Main:1#run:1,w=false
VW,context=Main:1#run:1,p=1
VW,context=Main:1#run:1,w=true
VW,context=Main:1#run:1,p=2
VW,context=Main:1#run:1,p=3
VW,context=Main:1#run:1,p=4
VD,method=Main:1#run:1 <name=p,type=int (id=7),value=1,index=9>
VW,context=Main:1#run:1,i=1
VD,method=Main:1#run:1 <name=w,type=boolean (id=2),value=false,index=8>
VW,context=Main:1#run:1,w=false
VW,context=Main:1#run:1,p=1
VW,context=Main:1#run:1,w=true
VW,context=Main:1#run:1,p=2
VW,context=Main:1#run:1,p=3
VW,context=Main:1#run:1,p=4
VD,method=Main:1#run:1 <name=p,type=int (id=7),value=1,index=9>
VW,context=Main:1#run:1,j=58
VW,context=Main:1#run:1,i=0
VD,method=Main:1#run:1 <name=w,type=boolean (id=2),value=false,index=8>
VW,context=Main:1#run:1,w=false
VW,context=Main:1#run:1,p=1
VW,context=Main:1#run:1,p=2
VW,context=Main:1#run:1,w=true
VW,context=Main:1#run:1,p=3
VW,context=Main:1#run:1,p=4
VD,method=Main:1#run:1 <name=p,type=int (id=7),value=1,index=9>
VW,context=Main:1#run:1,i=1
VD,method=Main:1#run:1 <name=w,type=boolean (id=2),value=false,index=8>
VW,context=Main:1#run:1,w=false
VW,context=Main:1#run:1,p=1
VW,context=Main:1#run:1,p=2
VW,context=Main:1#run:1,w=true
VW,context=Main:1#run:1,p=3
VW,context=Main:1#run:1,p=4
VD,method=Main:1#run:1 <name=p,type=int (id=7),value=1,index=9>
VW,context=Main:1#run:1,j=59
VW,context=Main:1#run:1,i=0
VD,method=Main:1#run:1 <name=w,type=boolean (id=2),value=false,index=8>
VW,context=Main:1#run:1,w=false
VW,context=Main:1#run:1,p=1
VW,context=Main:1#run:1,p=2
VW,context=Main:1#run:1,p=3
VW,context=Main:1#run:1,w=true
VW,context=Main:1#run:1,p=4
VD,method=Main:1#run:1 <name=p,type=int (id=7),value=1,index=9>
VW,context=Main:1#run:1,i=1
VD,method=Main:1#run:1 <name=w,type=boolean (id=2),value=false,index=8>
VW,context=Main:1#run:1,w=false
VW,context=Main:1#run:1,p=1
VW,context=Main:1#run:1,p=2
VW,context=Main:1#run:1,p=3
VW,context=Main:1#run:1,w=true
VW,context=Main:1#run:1,p=4
VD,method=Main:1#run:1 <name=p,type=int (id=7),value=1,index=9>
VW,context=Main:1#run:1,j=60
VW,context=Main:1#run:1,i=0
VD,method=Main:1#run:1 <name=w,type=boolean (id=2),value=false,index=8>
VW,context=Main:1#run:1,w=false
VW,context=Main:1#run:1,p=1
VW,context=Main:1#run:1,p=2
VW,context=Main:1#run:1,p=3
VW,context=Main:1#run:1,p=4
VW,context=Main:1#run:1,w=true
VD,method=Main:1#run:1 <name=p,type=int (id=7),value=1,index=9>
VW,context=Main:1#run:1,i=1
VD,method=Main:1#run:1 <name=w,type=boolean (id=2),value=false,index=8>
VW,context=Main:1#run:1,w=false
VW,context=Main:1#run:1,p=1
VW,context=Main:1#run:1,p=2
VW,context=Main:1#run:1,p=3
VW,context=Main:1#run:1,p=4
VW,context=Main:1#run:1,w=true
VD,method=Main:1#run:1 <name=p,type=int (id=7),value=1,index=9>
VW,context=Main:1#run:1,j=61
VW,context=Main:1#run:1,i=0
VD,method=Main:1#run:1 <name=w,type=boolean (id=2),value=false,index=8>
VW,context=Main:1#run:1,w=false
VW,context=Main:1#run:1,p=1
VW,context=Main:1#run:1,p=2
VW,context=Main:1#run:1,p=3
VW,context=Main:1#run:1,p=4
VD,method=Main:1#run:1 <name=p,type=int (id=7),value=1,index=9>
VW,context=Main:1#run:1,i=1
VD,method=Main:1#run:1 <name=w,type=boolean (id=2),value=false,index=8>
VW,context=Main:1#run:1,w=false
VW,context=Main:1#run:1,p=1
VW,context=Main:1#run:1,p=2
VW,context=Main:1#run:1,p=3
VW,context=Main:1#run:1,p=4
VD,method=Main:1#run:1 <name=p,type=int (id=7),value=1,index=9>
VW,context=Main:1#run:1,j=62
VW,context=Main:1#run:1,i=0
VD,method=Main:1#run:1 <name=w,type=boolean (id=2),value=false,index=8>
VW,context=Main:1#run:1,w=false
VW,context=Main:1#run:1,p=1
VW,context=Main:1#run:1,w=true
VW,context=Main:1#run:1,p=2
VW,context=Main:1#run:1,p=3
VW,context=Main:1#run:1,p=4
VD,method=Main:1#run:1 <name=p,type=int (id=7),value=1,index=9>
VW,context=Main:1#run:1,i=1
VD,method=Main:1#run:1 <name=w,type=boolean (id=2),value=false,index=8>
VW,context=Main:1#run:1,w=false
VW,context=Main:1#run:1,p=1
VW,context=Main:1#run:1,w=true
VW,context=Main:1#run:1,p=2
VW,context=Main:1#run:1,p=3
VW,context=Main:1#run:1,p=4
VD,method=Main:1#run:1 <name=p,type=int (id=7),value=1,index=9>
VW,context=Main:1#run:1,j=63
VW,context=Main:1#run:1,i=0
VD,method=Main:1#run:1 <name=w,type=boolean (id=2),value=false,index=8>
VW,context=Main:1#run:1,w=false
VW,context=Main:1#run:1,p=1
VW,context=Main:1#run:1,p=2
VW,context=Main:1#run:1,w=true
VW,context=Main:1#run:1,p=3
VW,context=Main:1#run:1,p=4
VD,method=Main:1#run:1 <name=p,type=int (id=7),value=1,index=9>
VW,context=Main:1#run:1,i=1
VD,method=Main:1#run:1 <name=w,type=boolean (id=2),value=false,index=8>
VW,context=Main:1#run:1,w=false
VW,context=Main:1#run:1,p=1
VW,context=Main:1#run:1,p=2
VW,context=Main:1#run:1,w=true
VW,context=Main:1#run:1,p=3
VW,context=Main:1#run:1,p=4
VD,method=Main:1#run:1 <name=p,type=int (id=7),value=1,index=9>
VW,context=Main:1#run:1,j=64
VW,context=Main:1#run:1,i=0
VD,method=Main:1#run:1 <name=w,type=boolean (id=2),value=false,index=8>
VW,context=Main:1#run:1,w=false
VW,context=Main:1#run:1,p=1
VW,context=Main:1#run:1,p=2
VW,context=Main:1#run:1,p=3
VW,context=Main:1#run:1,w=true
VW,context=Main:1#run:1,p=4
VD,method=Main:1#run:1 <name=p,type=int (id=7),value=1,index=9>
VW,context=Main:1#run:1,i=1
VD,method=Main:1#run:1 <name=w,type=boolean (id=2),value=false,index=8>
VW,context=Main:1#run:1,w=false
VW,context=Main:1#run:1,p=1
VW,context=Main:1#run:1,p=2
VW,context=Main:1#run:1,p=3
VW,context=Main:1#run:1,w=true
VW,context=Main:1#run:1,p=4
VD,method=Main:1#run:1 <name=p,type=int (id=7),value=1,index=9>
VW,context=Main:1#run:1,j=65
VW,context=Main:1#run:1,i=0
VD,method=Main:1#run:1 <name=w,type=boolean (id=2),value=false,index=8>
VW,context=Main:1#run:1,w=false
VW,context=Main:1#run:1,p=1
VW,context=Main:1#run:1,p=2
VW,context=Main:1#run:1,p=3
VW,context=Main:1#run:1,p=4
VW,context=Main:1#run:1,w=true
VD,method=Main:1#run:1 <name=p,type=int (id=7),value=1,index=9>
VW,context=Main:1#run:1,i=1
VD,method=Main:1#run:1 <name=w,type=boolean (id=2),value=false,index=8>
VW,context=Main:1#run:1,w=false
VW,context=Main:1#run:1,p=1
VW,context=Main:1#run:1,p=2
VW,context=Main:1#run:1,p=3
VW,context=Main:1#run:1,p=4
VW,context=Main:1#run:1,w=true
VD,method=Main:1#run:1 <name=p,type=int (id=7),value=1,index=9>
VW,context=Main:1#run:1,j=66
VW,context=Main:1#run:1,i=0
VD,method=Main:1#run:1 <name=w,type=boolean (id=2),value=false,index=8>
VW,context=Main:1#run:1,w=false
VW,context=Main:1#run:1,p=1
VW,context=Main:1#run:1,p=2
VW,context=Main:1#run:1,p=3
VW,context=Main:1#run:1,p=4
VD,method=Main:1#run:1 <name=p,type=int (id=7),value=1,index=9>
VW,context=Main:1#run:1,i=1
VD,method=Main:1#run:1 <name=w,type=boolean (id=2),value=false,index=8>
VW,context=Main:1#run:1,w=false
VW,context=Main:1#run:1,p=1
VW,context=Main:1#run:1,p=2
VW,context=Main:1#run:1,p=3
VW,context=Main:1#run:1,p=4
VD,method=Main:1#run:1 <name=p,type=int (id=7),value=1,index=9>
VW,context=Main:1#run:1,j=67
VW,context=Main:1#run:1,i=0
VD,method=Main:1#run:1 <name=w,type=boolean (id=2),value=false,index=8>
VW,context=Main:1#run:1,w=false
VW,context=Main:1#run:1,p=1
VW,context=Main:1#run:1,w=true
VW,context=Main:1#run:1,p=2
VW,context=Main:1#run:1,p=3
VW,context=Main:1#run:1,p=4
VD,method=Main:1#run:1 <name=p,type=int (id=7),value=1,index=9>
VW,context=Main:1#run:1,i=1
VD,method=Main:1#run:1 <name=w,type=boolean (id=2),value=false,index=8>
VW,context=Main:1#run:1,w=false
VW,context=Main:1#run:1,p=1
VW,context=Main:1#run:1,w=true
VW,context=Main:1#run:1,p=2
VW,context=Main:1#run:1,p=3
VW,context=Main:1#run:1,p=4
VD,method=Main:1#run:1 <name=p,type=int (id=7),value=1,index=9>
VW,context=Main:1#run:1,j=68
VW,context=Main:1#run:1,i=0
VD,method=Main:1#run:1 <name=w,type=boolean (id=2),value=false,index=8>
VW,context=Main:1#run:1,w=false
VW,context=Main:1#run:1,p=1
VW,context=Main:1#run:1,p=2
VW,context=Main:1#run:1,w=true
VW,context=Main:1#run:1,p=3
VW,context=Main:1#run:1,p=4
VD,method=Main:1#run:1 <name=p,type=int (id=7),value=1,index=9>
VW,context=Main:1#run:1,i=1
VD,method=Main:1#run:1 <name=w,type=boolean (id=2),value=false,index=8>
VW,context=Main:1#run:1,w=false
VW,context=Main:1#run:1,p=1
VW,context=Main:1#run:1,p=2
VW,context=Main:1#run:1,w=true
VW,context=Main:1#run:1,p=3
VW,context=Main:1#run:1,p=4
VD,method=Main:1#run:1 <name=p,type=int (id=7),value=1,index=9>
VW,context=Main:1#run:1,j=69
VW,context=Main:1#run:1,i=0
VD,method=Main:1#run:1 <name=w,type=boolean (id=2),value=false,index=8>
VW,context=Main:1#run:1,w=false
VW,context=Main:1#run:1,p=1
VW,context=Main:1#run:1,p=2
VW,context=Main:1#run:1,p=3
VW,context=Main:1#run:1,w=true
VW,context=Main:1#run:1,p=4
VD,method=Main:1#run:1 <name=p,type=int (id=7),value=1,index=9>
VW,context=Main:1#run:1,i=1
VD,method=Main:1#run:1 <name=w,type=boolean (id=2),value=false,index=8>
VW,context=Main:1#run:1,w=false
VW,context=Main:1#run:1,p=1
VW,context=Main:1#run:1,p=2
VW,context=Main:1#run:1,p=3
VW,context=Main:1#run:1,w=true
VW,context=Main:1#run:1,p=4
VD,method=Main:1#run:1 <name=p,type=int (id=7),value=1,index=9>
VW,context=Main:1#run:1,j=70
VW,context=Main:1#run:1,i=0
VD,method=Main:1#run:1 <name=w,type=boolean (id=2),value=false,index=8>
VW,context=Main:1#run:1,w=false
VW,context=Main:1#run:1,p=1
VW,context=Main:1#run:1,p=2
VW,context=Main:1#run:1,p=3
VW,context=Main:1#run:1,p=4
VW,context=Main:1#run:1,w=true
VD,method=Main:1#run:1 <name=p,type=int (id=7),value=1,index=9>
VW,context=Main:1#run:1,i=1
VD,method=Main:1#run:1 <name=w,type=boolean (id=2),value=false,index=8>
VW,context=Main:1#run:1,w=false
VW,context=Main:1#run:1,p=1
VW,context=Main:1#run:1,p=2
VW,context=Main:1#run:1,p=3
VW,context=Main:1#run:1,p=4
VW,context=Main:1#run:1,w=true
VD,method=Main:1#run:1 <name=p,type=int (id=7),value=1,index=9>
VW,context=Main:1#run:1,j=71
VW,context=Main:1#run:1,i=0
VD,method=Main:1#run:1 <name=w,type=boolean (id=2),value=false,index=8>
VW,context=Main:1#run:1,w=false
VW,context=Main:1#run:1,p=1
VW,context=Main:1#run:1,p=2
VW,context=Main:1#run:1,p=3
VW,context=Main:1#run:1,p=4
VD,method=Main:1#run:1 <name=p,type=int (id=7),value=1,index=9>
VW,context=Main:1#run:1,i=1
VD,method=Main:1#run:1 <name=w,type=boolean (id=2),value=false,index=8>
VW,context=Main:1#run:1,w=false
VW,context=Main:1#run:1,p=1
VW,context=Main:1#run:1,p=2
VW,context=Main:1#run:1,p=3
VW,context=Main:1#run:1,p=4
VD,method=Main:1#run:1 <name=p,type=int (id=7),value=1,index=9>
VW,context=Main:1#run:1,j=72
VW,context=Main:1#run:1,i=0
VD,method=Main:1#run:1 <name=w,type=boolean (id=2),value=false,index=8>
VW,context=Main:1#run:1,w=false
VW,context=Main:1#run:1,p=1
VW,context=Main:1#run:1,w=true
VW,context=Main:1#run:1,p=2
VW,context=Main:1#run:1,p=3
VW,context=Main:1#run:1,p=4
VD,method=Main:1#run:1 <name=p,type=int (id=7),value=1,index=9>
VW,context=Main:1#run:1,i=1
VD,method=Main:1#run:1 <name=w,type=boolean (id=2),value=false,index=8>
VW,context=Main:1#run:1,w=false
VW,context=Main:1#run:1,p=1
VW,context=Main:1#run:1,w=true
VW,context=Main:1#run:1,p=2
VW,context=Main:1#run:1,p=3
VW,context=Main:1#run:1,p=4
VD,method=Main:1#run:1 <name=p,type=int (id=7),value=1,index=9>
VW,context=Main:1#run:1,j=73
VW,context=Main:1#run:1,i=0
VD,method=Main:1#run:1 <name=w,type=boolean (id=2),value=false,index=8>
VW,context=Main:1#run:1,w=false
VW,context=Main:1#run:1,p=1
VW,context=Main:1#run:1,p=2
VW,context=Main:1#run:1,w=true
VW,context=Main:1#run:1,p=3
VW,context=Main:1#run:1,p=4
VD,method=Main:1#run:1 <name=p,type=int (id=7),value=1,index=9>
VW,context=Main:1#run:1,i=1
VD,method=Main:1#run:1 <name=w,type=boolean (id=2),value=false,index=8>
VW,context=Main:1#run:1,w=false
VW,context=Main:1#run:1,p=1
VW,context=Main:1#run:1,p=2
VW,context=Main:1#run:1,w=true
VW,context=Main:1#run:1,p=3
VW,context=Main:1#run:1,p=4
VD,method=Main:1#run:1 <name=p,type=int (id=7),value=1,index=9>
VW,context=Main:1#run:1,j=74
VW,context=Main:1#run:1,i=0
VD,method=Main:1#run:1 <name=w,type=boolean (id=2),value=false,index=8>
VW,context=Main:1#run:1,w=false
VW,context=Main:1#run:1,p=1
VW,context=Main:1#run:1,p=2
VW,context=Main:1#run:1,p=3
VW,context=Main:1#run:1,w=true
VW,context=Main:1#run:1,p=4
VD,method=Main:1#run:1 <name=p,type=int (id=7),value=1,index=9>
VW,context=Main:1#run:1,i=1
VD,method=Main:1#run:1 <name=w,type=boolean (id=2),value=false,index=8>
VW,context=Main:1#run:1,w=false
VW,context=Main:1#run:1,p=1
VW,context=Main:1#run:1,p=2
VW,context=Main:1#run:1,p=3
VW,context=Main:1#run:1,w=true
VW,context=Main:1#run:1,p=4
VD,method=Main:1#run:1 <name=p,type=int (id=7),value=1,index=9>
VW,context=Main:1#run:1,j=75
VW,context=Main:1#run:1,i=0
VD,method=Main:1#run:1 <name=w,type=boolean (id=2),value=false,index=8>
VW,context=Main:1#run:1,w=false
VW,context=Main:1#run:1,p=1
VW,context=Main:1#run:1,p=2
VW,context=Main:1#run:1,p=3
VW,context=Main:1#run:1,p=4
VW,context=Main:1#run:1,w=true
VD,method=Main:1#run:1 <name=p,type=int (id=7),value=1,index=9>
VW,context=Main:1#run:1,i=1
VD,method=Main:1#run:1 <name=w,type=boolean (id=2),value=false,index=8>
VW,context=Main:1#run:1,w=false
VW,context=Main:1#run:1,p=1
VW,context=Main:1#run:1,p=2
VW,context=Main:1#run:1,p=3
VW,context=Main:1#run:1,p=4
VW,context=Main:1#run:1,w=true
VD,method=Main:1#run:1 <name=p,type=int (id=7),value=1,index=9>
VW,context=Main:1#run:1,j=76
VW,context=Main:1#run:1,i=0
VD,method=Main:1#run:1 <name=w,type=boolean (id=2),value=false,index=8>
VW,context=Main:1#run:1,w=false
VW,context=Main:1#run:1,p=1
VW,context=Main:1#run:1,p=2
VW,context=Main:1#run:1,p=3
VW,context=Main:1#run:1,p=4
VD,method=Main:1#run:1 <name=p,type=int (id=7),value=1,index=9>
VW,context=Main:1#run:1,i=1
VD,method=Main:1#run:1 <name=w,type=boolean (id=2),value=false,index=8>
VW,context=Main:1#run:1,w=false
VW,context=Main:1#run:1,p=1
VW,context=Main:1#run:1,p=2
VW,context=Main:1#run:1,p=3
VW,context=Main:1#run:1,p=4
VD,method=Main:1#run:1 <name=p,type=int (id=7),value=1,index=9>
VW,context=Main:1#run:1,j=77
VW,context=Main:1#run:1,i=0
VD,method=Main:1#run:1 <name=w,type=boolean (id=2),value=false,index=8>
VW,context=Main:1#run:1,w=false
VW,context=Main:1#run:1,p=1
VW,context=Main:1#run:1,w=true
VW,context=Main:1#run:1,p=2
VW,context=Main:1#run:1,p=3
VW,context=Main:1#run:1,p=4
VD,method=Main:1#run:1 <name=p,type=int (id=7),value=1,index=9>
VW,context=Main:1#run:1,i=1
VD,method=Main:1#run:1 <name=w,type=boolean (id=2),value=false,index=8>
VW,context=Main:1#run:1,w=false
VW,context=Main:1#run:1,p=1
VW,context=Main:1#run:1,w=true
VW,context=Main:1#run:1,p=2
VW,context=Main:1#run:1,p=3
VW,context=Main:1#run:1,p=4
VD,method=Main:1#run:1 <name=p,type=int (id=7),value=1,index=9>
VW,context=Main:1#run:1,j=78
VW,context=Main:1#run:1,i=0
VD,method=Main:1#run:1 <name=w,type=boolean (id=2),value=false,index=8>
VW,context=Main:1#run:1,w=false
VW,context=Main:1#run:1,p=1
VW,context=Main:1#run:1,p=2
VW,context=Main:1#run:1,w=true
VW,context=Main:1#run:1,p=3
VW,context=Main:1#run:1,p=4
VD,method=Main:1#run:1 <name=p,type=int (id=7),value=1,index=9>
VW,context=Main:1#run:1,i=1
VD,method=Main:1#run:1 <name=w,type=boolean (id=2),value=false,index=8>
VW,context=Main:1#run:1,w=false
VW,context=Main:1#run:1,p=1
VW,context=Main:1#run:1,p=2
VW,context=Main:1#run:1,w=true
VW,context=Main:1#run:1,p=3
VW,context=Main:1#run:1,p=4
VD,method=Main:1#run:1 <name=p,type=int (id=7),value=1,index=9>
VW,context=Main:1#run:1,j=79
VW,context=Main:1#run:1,i=0
VD,method=Main:1#run:1 <name=w,type=boolean (id=2),value=false,index=8>
VW,context=Main:1#run:1,w=false
VW,context=Main:1#run:1,p=1
VW,context=Main:1#run:1,p=2
VW,context=Main:1#run:1,p=3
VW,context=Main:1#run:1,w=true
VW,context=Main:1#run:1,p=4
VD,method=Main:1#run:1 <name=p,type=int (id=7),value=1,index=9>
VW,context=Main:1#run:1,i=1
VD,method=Main:1#run:1 <name=w,type=boolean (id=2),value=false,index=8>
VW,context=Main:1#run:1,w=false
VW,context=Main:1#run:1,p=1
VW,context=Main:1#run:1,p=2
VW,context=Main:1#run:1,p=3
VW,context=Main:1#run:1,w=true
VW,context=Main:1#run:1,p=4
VD,method=Main:1#run:1 <name=p,type=int (id=7),value=1,index=9>
VW,context=Main:1#run:1,j=80
VW,context=Main:1#run:1,i=0
VD,method=Main:1#run:1 <name=w,type=boolean (id=2),value=false,index=8>
VW,context=Main:1#run:1,w=false
VW,context=Main:1#run:1,p=1
VW,context=Main:1#run:1,p=2
VW,context=Main:1#run:1,p=3
VW,context=Main:1#run:1,p=4
VW,context=Main:1#run:1,w=true
VD,method=Main:1#run:1 <name=p,type=int (id=7),value=1,index=9>
VW,context=Main:1#run:1,i=1
VD,method=Main:1#run:1 <name=w,type=boolean (id=2),value=false,index=8>
VW,context=Main:1#run:1,w=false
VW,context=Main:1#run:1,p=1
VW,context=Main:1#run:1,p=2
VW,context=Main:1#run:1,p=3
VW,context=Main:1#run:1,p=4
VW,context=Main:1#run:1,w=true
VD,method=Main:1#run:1 <name=p,type=int (id=7),value=1,index=9>
VW,context=Main:1#run:1,j=81
VW,context=Main:1#run:1,i=0
VD,method=Main:1#run:1 <name=w,type=boolean (id=2),value=false,index=8>
VW,context=Main:1#run:1,w=false
VW,context=Main:1#run:1,p=1
VW,context=Main:1#run:1,p=2
VW,context=Main:1#run:1,p=3
VW,context=Main:1#run:1,p=4
VD,method=Main:1#run:1 <name=p,type=int (id=7),value=1,index=9>
VW,context=Main:1#run:1,i=1
VD,method=Main:1#run:1 <name=w,type=boolean (id=2),value=false,index=8>
VW,context=Main:1#run:1,w=false
VW,context=Main:1#run:1,p=1
VW,context=Main:1#run:1,p=2
VW,context=Main:1#run:1,p=3
VW,context=Main:1#run:1,p=4
VD,method=Main:1#run:1 <name=p,type=int (id=7),value=1,index=9>
VW,context=Main:1#run:1,j=82
VW,context=Main:1#run:1,i=0
VD,method=Main:1#run:1 <name=w,type=boolean (id=2),value=false,index=8>
VW,context=Main:1#run:1,w=false
VW,context=Main:1#run:1,p=1
VW,context=Main:1#run:1,w=true
VW,context=Main:1#run:1,p=2
VW,context=Main:1#run:1,p=3
VW,context=Main:1#run:1,p=4
VD,method=Main:1#run:1 <name=p,type=int (id=7),value=1,index=9>
VW,context=Main:1#run:1,i=1
VD,method=Main:1#run:1 <name=w,type=boolean (id=2),value=false,index=8>
VW,context=Main:1#run:1,w=false
VW,context=Main:1#run:1,p=1
VW,context=Main:1#run:1,w=true
VW,context=Main:1#run:1,p=2
VW,context=Main:1#run:1,p=3
VW,context=Main:1#run:1,p=4
VD,method=Main:1#run:1 <name=p,type=int (id=7),value=1,index=9>
VW,context=Main:1#run:1,j=83
VW,context=Main:1#run:1,i=0
VD,method=Main:1#run:1 <name=w,type=boolean (id=2),value=false,index=8>
VW,context=Main:1#run:1,w=false
VW,context=Main:1#run:1,p=1
VW,context=Main:1#run:1,p=2
VW,context=Main:1#run:1,w=true
VW,context=Main:1#run:1,p=3
VW,context=Main:1#run:1,p=4
VD,method=Main:1#run:1 <name=p,type=int (id=7),value=1,index=9>
VW,context=Main:1#run:1,i=1
VD,method=Main:1#run:1 <name=w,type=boolean (id=2),value=false,index=8>
VW,context=Main:1#run:1,w=false
VW,context=Main:1#run:1,p=1
VW,context=Main:1#run:1,p=2
VW,context=Main:1#run:1,w=true
VW,context=Main:1#run:1,p=3
VW,context=Main:1#run:1,p=4
VD,method=Main:1#run:1 <name=p,type=int (id=7),value=1,index=9>
VW,context=Main:1#run:1,j=84
VW,context=Main:1#run:1,i=0
VD,method=Main:1#run:1 <name=w,type=boolean (id=2),value=false,index=8>
VW,context=Main:1#run:1,w=false
VW,context=Main:1#run:1,p=1
VW,context=Main:1#run:1,p=2
VW,context=Main:1#run:1,p=3
VW,context=Main:1#run:1,w=true
VW,context=Main:1#run:1,p=4
VD,method=Main:1#run:1 <name=p,type=int (id=7),value=1,index=9>
VW,context=Main:1#run:1,i=1
VD,method=Main:1#run:1 <name=w,type=boolean (id=2),value=false,index=8>
VW,context=Main:1#run:1,w=false
VW,context=Main:1#run:1,p=1
VW,context=Main:1#run:1,p=2
VW,context=Main:1#run:1,p=3
VW,context=Main:1#run:1,w=true
VW,context=Main:1#run:1,p=4
VD,method=Main:1#run:1 <name=p,type=int (id=7),value=1,index=9>
VW,context=Main:1#run:1,j=85
VW,context=Main:1#run:1,i=0
VD,method=Main:1#run:1 <name=w,type=boolean (id=2),value=false,index=8>
VW,context=Main:1#run:1,w=false
VW,context=Main:1#run:1,p=1
VW,context=Main:1#run:1,p=2
VW,context=Main:1#run:1,p=3
VW,context=Main:1#run:1,p=4
VW,context=Main:1#run:1,w=true
VD,method=Main:1#run:1 <name=p,type=int (id=7),value=1,index=9>
VW,context=Main:1#run:1,i=1
VD,method=Main:1#run:1 <name=w,type=boolean (id=2),value=false,index=8>
VW,context=Main:1#run:1,w=false
VW,context=Main:1#run:1,p=1
VW,context=Main:1#run:1,p=2
VW,context=Main:1#run:1,p=3
VW,context=Main:1#run:1,p=4
VW,context=Main:1#run:1,w=true
VD,method=Main:1#run:1 <name=p,type=int (id=7),value=1,index=9>
VW,context=Main:1#run:1,j=86
VW,context=Main:1#run:1,i=0
VD,method=Main:1#run:1 <name=w,type=boolean (id=2),value=false,index=8>
VW,context=Main:1#run:1,w=false
VW,context=Main:1#run:1,p=1
VW,context=Main:1#run:1,p=2
VW,context=Main:1#run:1,p=3
VW,context=Main:1#run:1,p=4
VD,method=Main:1#run:1 <name=p,type=int (id=7),value=1,index=9>
VW,context=Main:1#run:1,i=1
VD,method=Main:1#run:1 <name=w,type=boolean (id=2),value=false,index=8>
VW,context=Main:1#run:1,w=false
VW,context=Main:1#run:1,p=1
VW,context=Main:1#run:1,p=2
VW,context=Main:1#run:1,p=3
VW,context=Main:1#run:1,p=4
VD,method=Main:1#run:1 <name=p,type=int (id=7),value=1,index=9>
VW,context=Main:1#run:1,j=87
VW,context=Main:1#run:1,i=0
VD,method=Main:1#run:1 <name=w,type=boolean (id=2),value=false,index=8>
VW,context=Main:1#run:1,w=false
VW,context=Main:1#run:1,p=1
VW,context=Main:1#run:1,w=true
VW,context=Main:1#run:1,p=2
VW,context=Main:1#run:1,p=3
VW,context=Main:1#run:1,p=4
VD,method=Main:1#run:1 <name=p,type=int (id=7),value=1,index=9>
VW,context=Main:1#run:1,i=1
VD,method=Main:1#run:1 <name=w,type=boolean (id=2),value=false,index=8>
VW,context=Main:1#run:1,w=false
VW,context=Main:1#run:1,p=1
VW,context=Main:1#run:1,w=true
VW,context=Main:1#run:1,p=2
VW,context=Main:1#run:1,p=3
VW,context=Main:1#run:1,p=4
VD,method=Main:1#run:1 <name=p,type=int (id=7),value=1,index=9>
VW,context=Main:1#run:1,j=88
VW,context=Main:1#run:1,i=0
VD,method=Main:1#run:1 <name=w,type=boolean (id=2),value=false,index=8>
VW,context=Main:1#run:1,w=false
VW,context=Main:1#run:1,p=1
VW,context=Main:1#run:1,p=2
VW,context=Main:1#run:1,w=true
VW,context=Main:1#run:1,p=3
VW,context=Main:1#run:1,p=4
VD,method=Main:1#run:1 <name=p,type=int (id=7),value=1,index=9>
VW,context=Main:1#run:1,i=1
VD,method=Main:1#run:1 <name=w,type=boolean (id=2),value=false,index=8>
VW,context=Main:1#run:1,w=false
VW,context=Main:1#run:1,p=1
VW,context=Main:1#run:1,p=2
VW,context=Main:1#run:1,w=true
VW,context=Main:1#run:1,p=3
VW,context=Main:1#run:1,p=4
VD,method=Main:1#run:1 <name=p,type=int (id=7),value=1,index=9>
VW,context=Main:1#run:1,j=89
VW,context=Main:1#run:1,i=0
VD,method=Main:1#run:1 <name=w,type=boolean (id=2),value=false,index=8>
VW,context=Main:1#run:1,w=false
VW,context=Main:1#run:1,p=1
VW,context=Main:1#run:1,p=2
VW,context=Main:1#run:1,p=3
VW,context=Main:1#run:1,w=true
VW,context=Main:1#run:1,p=4
VD,method=Main:1#run:1 <name=p,type=int (id=7),value=1,index=9>
VW,context=Main:1#run:1,i=1
VD,method=Main:1#run:1 <name=w,type=boolean (id=2),value=false,index=8>
VW,context=Main:1#run:1,w=false
VW,context=Main:1#run:1,p=1
VW,context=Main:1#run:1,p=2
VW,context=Main:1#run:1,p=3
VW,context=Main:1#run:1,w=true
VW,context=Main:1#run:1,p=4
VD,method=Main:1#run:1 <name=p,type=int (id=7),value=1,index=9>
VW,context=Main:1#run:1,j=90
VW,context=Main:1#run:1,i=0
VD,method=Main:1#run:1 <name=w,type=boolean (id=2),value=false,index=8>
VW,context=Main:1#run:1,w=false
VW,context=Main:1#run:1,p=1
VW,context=Main:1#run:1,p=2
VW,context=Main:1#run:1,p=3
VW,context=Main:1#run:1,p=4
VW,context=Main:1#run:1,w=true
VD,method=Main:1#run:1 <name=p,type=int (id=7),value=1,index=9>
VW,context=Main:1#run:1,i=1
VD,method=Main:1#run:1 <name=w,type=boolean (id=2),value=false,index=8>
VW,context=Main:1#run:1,w=false
VW,context=Main:1#run:1,p=1
VW,context=Main:1#run:1,p=2
VW,context=Main:1#run:1,p=3
VW,context=Main:1#run:1,p=4
VW,context=Main:1#run:1,w=true
VD,method=Main:1#run:1 <name=p,type=int (id=7),value=1,index=9>
VW,context=Main:1#run:1,j=91
VW,context=Main:1#run:1,i=0
VD,method=Main:1#run:1 <name=w,type=boolean (id=2),value=false,index=8>
VW,context=Main:1#run:1,w=false
VW,context=Main:1#run:1,p=1
VW,context=Main:1#run:1,p=2
VW,context=Main:1#run:1,p=3
VW,context=Main:1#run:1,p=4
VD,method=Main:1#run:1 <name=p,type=int (id=7),value=1,index=9>
VW,context=Main:1#run:1,i=1
VD,method=Main:1#run:1 <name=w,type=boolean (id=2),value=false,index=8>
VW,context=Main:1#run:1,w=false
VW,context=Main:1#run:1,p=1
VW,context=Main:1#run:1,p=2
VW,context=Main:1#run:1,p=3
VW,context=Main:1#run:1,p=4
VD,method=Main:1#run:1 <name=p,type=int (id=7),value=1,index=9>
VW,context=Main:1#run:1,j=92
VW,context=Main:1#run:1,i=0
VD,method=Main:1#run:1 <name=w,type=boolean (id=2),value=false,index=8>
VW,context=Main:1#run:1,w=false
VW,context=Main:1#run:1,p=1
VW,context=Main:1#run:1,w=true
VW,context=Main:1#run:1,p=2
VW,context=Main:1#run:1,p=3
VW,context=Main:1#run:1,p=4
VD,method=Main:1#run:1 <name=p,type=int (id=7),value=1,index=9>
VW,context=Main:1#run:1,i=1
VD,method=Main:1#run:1 <name=w,type=boolean (id=2),value=false,index=8>
VW,context=Main:1#run:1,w=false
VW,context=Main:1#run:1,p=1
VW,context=Main:1#run:1,w=true
VW,context=Main:1#run:1,p=2
VW,context=Main:1#run:1,p=3
VW,context=Main:1#run:1,p=4
VD,method=Main:1#run:1 <name=p,type=int (id=7),value=1,index=9>
VW,context=Main:1#run:1,j=93
VW,context=Main:1#run:1,i=0
VD,method=Main:1#run:1 <name=w,type=boolean (id=2),value=false,index=8>
VW,context=Main:1#run:1,w=false
VW,context=Main:1#run:1,p=1
VW,context=Main:1#run:1,p=2
VW,context=Main:1#run:1,w=true
VW,context=Main:1#run:1,p=3
VW,context=Main:1#run:1,p=4
VD,method=Main:1#run:1 <name=p,type=int (id=7),value=1,index=9>
VW,context=Main:1#run:1,i=1
VD,method=Main:1#run:1 <name=w,type=boolean (id=2),value=false,index=8>
VW,context=Main:1#run:1,w=false
VW,context=Main:1#run:1,p=1
VW,context=Main:1#run:1,p=2
VW,context=Main:1#run:1,w=true
VW,context=Main:1#run:1,p=3
VW,context=Main:1#run:1,p=4
VD,method=Main:1#run:1 <name=p,type=int (id=7),value=1,index=9>
VW,context=Main:1#run:1,j=94
VW,context=Main:1#run:1,i=0
VD,method=Main:1#run:1 <name=w,type=boolean (id=2),value=false,index=8>
VW,context=Main:1#run:1,w=false
VW,context=Main:1#run:1,p=1
VW,context=Main:1#run:1,p=2
VW,context=Main:1#run:1,p=3
VW,context=Main:1#run:1,w=true
VW,context=Main:1#run:1,p=4
VD,method=Main:1#run:1 <name=p,type=int (id=7),value=1,index=9>
VW,context=Main:1#run:1,i=1
VD,method=Main:1#run:1 <name=w,type=boolean (id=2),value=false,index=8>
VW,context=Main:1#run:1,w=false
VW,context=Main:1#run:1,p=1
VW,context=Main:1#run:1,p=2
VW,context=Main:1#run:1,p=3
VW,context=Main:1#run:1,w=true
VW,context=Main:1#run:1,p=4
VD,method=Main:1#run:1 <name=p,type=int (id=7),value=1,index=9>
VW,context=Main:1#run:1,j=95
VW,context=Main:1#run:1,i=0
VD,method=Main:1#run:1 <name=w,type=boolean (id=2),value=false,index=8>
VW,context=Main:1#run:1,w=false
VW,context=Main:1#run:1,p=1
VW,context=Main:1#run:1,p=2
VW,context=Main:1#run:1,p=3
VW,context=Main:1#run:1,p=4
VW,context=Main:1#run:1,w=true
VD,method=Main:1#run:1 <name=p,type=int (id=7),value=1,index=9>
VW,context=Main:1#run:1,i=1
VD,method=Main:1#run:1 <name=w,type=boolean (id=2),value=false,index=8>
VW,context=Main:1#run:1,w=false
VW,context=Main:1#run:1,p=1
VW,context=Main:1#run:1,p=2
VW,context=Main:1#run:1,p=3
VW,context=Main:1#run:1,p=4
VW,context=Main:1#run:1,w=true
VD,method=Main:1#run:1 <name=p,type=int (id=7),value=1,index=9>
VW,context=Main:1#run:1,j=96
VW,context=Main:1#run:1,i=0
VD,method=Main:1#run:1 <name=w,type=boolean (id=2),value=false,index=8>
VW,context=Main:1#run:1,w=false
VW,context=Main:1#run:1,p=1
VW,context=Main:1#run:1,p=2
VW,context=Main:1#run:1,p=3
VW,context=Main:1#run:1,p=4
VD,method=Main:1#run:1 <name=p,type=int (id=7),value=1,index=9>
VW,context=Main:1#run:1,i=1
VD,method=Main:1#run:1 <name=w,type=boolean (id=2),value=false,index=8>
VW,context=Main:1#run:1,w=false
VW,context=Main:1#run:1,p=1
VW,context=Main:1#run:1,p=2
VW,context=Main:1#run:1,p=3
VW,context=Main:1#run:1,p=4
VD,method=Main:1#run:1 <name=p,type=int (id=7),value=1,index=9>
VW,context=Main:1#run:1,j=97
VW,context=Main:1#run:1,i=0
VD,method=Main:1#run:1 <name=w,type=boolean (id=2),value=false,index=8>
VW,context=Main:1#run:1,w=false
VW,context=Main:1#run:1,p=1
VW,context=Main:1#run:1,w=true
VW,context=Main:1#run:1,p=2
VW,context=Main:1#run:1,p=3
VW,context=Main:1#run:1,p=4
VD,method=Main:1#run:1 <name=p,type=int (id=7),value=1,index=9>
VW,context=Main:1#run:1,i=1
VD,method=Main:1#run:1 <name=w,type=boolean (id=2),value=false,index=8>
VW,context=Main:1#run:1,w=false
VW,context=Main:1#run:1,p=1
VW,context=Main:1#run:1,w=true
VW,context=Main:1#run:1,p=2
VW,context=Main:1#run:1,p=3
VW,context=Main:1#run:1,p=4
VD,method=Main:1#run:1 <name=p,type=int (id=7),value=1,index=9>
VW,context=Main:1#run:1,j=98
VW,context=Main:1#run:1,i=0
VD,method=Main:1#run:1 <name=w,type=boolean (id=2),value=false,index=8>
VW,context=Main:1#run:1,w=false
VW,context=Main:1#run:1,p=1
VW,context=Main:1#run:1,p=2
VW,context=Main:1#run:1,w=true
VW,context=Main:1#run:1,p=3
VW,context=Main:1#run:1,p=4
VD,method=Main:1#run:1 <name=p,type=int (id=7),value=1,index=9>
VW,context=Main:1#run:1,i=1
VD,method=Main:1#run:1 <name=w,type=boolean (id=2),value=false,index=8>
VW,context=Main:1#run:1,w=false
VW,context=Main:1#run:1,p=1
VW,context=Main:1#run:1,p=2
VW,context=Main:1#run:1,w=true
VW,context=Main:1#run:1,p=3
VW,context=Main:1#run:1,p=4
VD,method=Main:1#run:1 <name=p,type=int (id=7),value=1,index=9>
VW,context=Main:1#run:1,j=99
VW,context=Main:1#run:1,i=0
VD,method=Main:1#run:1 <name=w,type=boolean (id=2),value=false,index=8>
VW,context=Main:1#run:1,w=false
VW,context=Main:1#run:1,p=1
VW,context=Main:1#run:1,p=2
VW,context=Main:1#run:1,p=3
VW,context=Main:1#run:1,w=true
VW,context=Main:1#run:1,p=4
VD,method=Main:1#run:1 <name=p,type=int (id=7),value=1,index=9>
VW,context=Main:1#run:1,i=1
VD,method=Main:1#run:1 <name=w,type=boolean (id=2),value=false,index=8>
VW,context=Main:1#run:1,w=false
VW,context=Main:1#run:1,p=1
VW,context=Main:1#run:1,p=2
VW,context=Main:1#run:1,p=3
VW,context=Main:1#run:1,w=true
VW,context=Main:1#run:1,p=4
VD,method=Main:1#run:1 <name=p,type=int (id=7),value=1,index=9>
VW,context=Main:1#run:1,j=100
VW,context=Main:1#run:1,i=0
VD,method=Main:1#run:1 <name=w,type=boolean (id=2),value=false,index=8>
VW,context=Main:1#run:1,w=false
VW,context=Main:1#run:1,p=1
VW,context=Main:1#run:1,p=2
VW,context=Main:1#run:1,p=3
VW,context=Main:1#run:1,p=4
VW,context=Main:1#run:1,w=true
VD,method=Main:1#run:1 <name=p,type=int (id=7),value=1,index=9>
VW,context=Main:1#run:1,i=1
VD,method=Main:1#run:1 <name=w,type=boolean (id=2),value=false,index=8>
VW,context=Main:1#run:1,w=false
VW,context=Main:1#run:1,p=1
VW,context=Main:1#run:1,p=2
VW,context=Main:1#run:1,p=3
VW,context=Main:1#run:1,p=4
VW,context=Main:1#run:1,w=true
VD,method=Main:1#run:1 <name=p,type=int (id=7),value=1,index=9>
VD,method=Main:1#run:1 <name=w,type=boolean (id=2),value=false,index=8>
VD,method=Main:1#run:1 <name=j,type=int (id=7),value=6,index=6>
VD,method=Main:1#run:1 <name=i,type=int (id=7),value=5,index=7>
VD,method=Main:1#run:1 <name=n,type=int (id=7),value=3,index=1>
VD,method=Main:1#run:1 <name=s,type=int (id=7),value=97,index=2>
VD,method=Main:1#run:1 <name=m,type=int[] (id=77),value=int[]:3,index=3>
VD,method=Main:1#run:1 <name=dp,type=boolean[][] (id=96),value=boolean[][]:3,index=5>
VW,context=Main:1#run:1,n=3
VW,context=Main:1#run:1,s=97
NO,object=int[]:3
FW,context=int[]:3,0=0
FW,context=int[]:3,1=0
FW,context=int[]:3,2=0
FW,context=int[]:3,3=0
FW,context=int[]:3,4=0
FW,context=int[]:3,5=0
VW,context=Main:1#run:1,m=int[]:3
NO,object=boolean[][]:3
FW,context=boolean[][]:3,0=boolean[98] (id=377)
FW,context=boolean[][]:3,1=boolean[98] (id=378)
FW,context=boolean[][]:3,2=boolean[98] (id=379)
FW,context=boolean[][]:3,3=boolean[98] (id=380)
FW,context=boolean[][]:3,4=boolean[98] (id=381)
FW,context=boolean[][]:3,5=boolean[98] (id=382)
VW,context=Main:1#run:1,dp=boolean[][]:3
VW,context=Main:1#run:1,j=2
VW,context=Main:1#run:1,i=0
VW,context=Main:1#run:1,w=false
VW,context=Main:1#run:1,p=1
VW,context=Main:1#run:1,w=true
VW,context=Main:1#run:1,p=2
VD,method=Main:1#run:1 <name=p,type=int (id=7),value=1,index=9>
VW,context=Main:1#run:1,i=1
VD,method=Main:1#run:1 <name=w,type=boolean (id=2),value=false,index=8>
VW,context=Main:1#run:1,w=false
VW,context=Main:1#run:1,p=1
VW,context=Main:1#run:1,w=true
VW,context=Main:1#run:1,p=2
VD,method=Main:1#run:1 <name=p,type=int (id=7),value=1,index=9>
VW,context=Main:1#run:1,i=2
VD,method=Main:1#run:1 <name=w,type=boolean (id=2),value=false,index=8>
VW,context=Main:1#run:1,w=false
VW,context=Main:1#run:1,p=1
VW,context=Main:1#run:1,w=true
VW,context=Main:1#run:1,p=2
VD,method=Main:1#run:1 <name=p,type=int (id=7),value=1,index=9>
VW,context=Main:1#run:1,i=3
VD,method=Main:1#run:1 <name=w,type=boolean (id=2),value=false,index=8>
VW,context=Main:1#run:1,w=false
VW,context=Main:1#run:1,p=1
VW,context=Main:1#run:1,w=true
VW,context=Main:1#run:1,p=2
VD,method=Main:1#run:1 <name=p,type=int (id=7),value=1,index=9>
VW,context=Main:1#run:1,i=4
VD,method=Main:1#run:1 <name=w,type=boolean (id=2),value=false,index=8>
VW,context=Main:1#run:1,w=false
VW,context=Main:1#run:1,p=1
VW,context=Main:1#run:1,w=true
VW,context=Main:1#run:1,p=2
VD,method=Main:1#run:1 <name=p,type=int (id=7),value=1,index=9>
VW,context=Main:1#run:1,i=5
VD,method=Main:1#run:1 <name=w,type=boolean (id=2),value=false,index=8>
VW,context=Main:1#run:1,w=false
VW,context=Main:1#run:1,p=1
VW,context=Main:1#run:1,w=true
VW,context=Main:1#run:1,p=2
VD,method=Main:1#run:1 <name=p,type=int (id=7),value=1,index=9>
VW,context=Main:1#run:1,j=3
VW,context=Main:1#run:1,i=0
VD,method=Main:1#run:1 <name=w,type=boolean (id=2),value=false,index=8>
VW,context=Main:1#run:1,w=false
VW,context=Main:1#run:1,p=1
VW,context=Main:1#run:1,p=2
VW,context=Main:1#run:1,w=true
VW,context=Main:1#run:1,p=3
VD,method=Main:1#run:1 <name=p,type=int (id=7),value=1,index=9>
VW,context=Main:1#run:1,i=1
VD,method=Main:1#run:1 <name=w,type=boolean (id=2),value=false,index=8>
VW,context=Main:1#run:1,w=false
VW,context=Main:1#run:1,p=1
VW,context=Main:1#run:1,p=2
VW,context=Main:1#run:1,w=true
VW,context=Main:1#run:1,p=3
VD,method=Main:1#run:1 <name=p,type=int (id=7),value=1,index=9>
VW,context=Main:1#run:1,i=2
VD,method=Main:1#run:1 <name=w,type=boolean (id=2),value=false,index=8>
VW,context=Main:1#run:1,w=false
VW,context=Main:1#run:1,p=1
VW,context=Main:1#run:1,p=2
VW,context=Main:1#run:1,w=true
VW,context=Main:1#run:1,p=3
VD,method=Main:1#run:1 <name=p,type=int (id=7),value=1,index=9>
VW,context=Main:1#run:1,i=3
VD,method=Main:1#run:1 <name=w,type=boolean (id=2),value=false,index=8>
VW,context=Main:1#run:1,w=false
VW,context=Main:1#run:1,p=1
VW,context=Main:1#run:1,p=2
VW,context=Main:1#run:1,w=true
VW,context=Main:1#run:1,p=3
VD,method=Main:1#run:1 <name=p,type=int (id=7),value=1,index=9>
VW,context=Main:1#run:1,i=4
VD,method=Main:1#run:1 <name=w,type=boolean (id=2),value=false,index=8>
VW,context=Main:1#run:1,w=false
VW,context=Main:1#run:1,p=1
VW,context=Main:1#run:1,p=2
VW,context=Main:1#run:1,w=true
VW,context=Main:1#run:1,p=3
VD,method=Main:1#run:1 <name=p,type=int (id=7),value=1,index=9>
VW,context=Main:1#run:1,i=5
VD,method=Main:1#run:1 <name=w,type=boolean (id=2),value=false,index=8>
VW,context=Main:1#run:1,w=false
VW,context=Main:1#run:1,p=1
VW,context=Main:1#run:1,p=2
VW,context=Main:1#run:1,w=true
VW,context=Main:1#run:1,p=3
VD,method=Main:1#run:1 <name=p,type=int (id=7),value=1,index=9>
VW,context=Main:1#run:1,j=4
VW,context=Main:1#run:1,i=0
VD,method=Main:1#run:1 <name=w,type=boolean (id=2),value=false,index=8>
VW,context=Main:1#run:1,w=false
VW,context=Main:1#run:1,p=1
VW,context=Main:1#run:1,p=2
VW,context=Main:1#run:1,p=3
VW,context=Main:1#run:1,w=true
VW,context=Main:1#run:1,p=4
VD,method=Main:1#run:1 <name=p,type=int (id=7),value=1,index=9>
VW,context=Main:1#run:1,i=1
VD,method=Main:1#run:1 <name=w,type=boolean (id=2),value=false,index=8>
VW,context=Main:1#run:1,w=false
VW,context=Main:1#run:1,p=1
VW,context=Main:1#run:1,p=2
VW,context=Main:1#run:1,p=3
VW,context=Main:1#run:1,w=true
VW,context=Main:1#run:1,p=4
VD,method=Main:1#run:1 <name=p,type=int (id=7),value=1,index=9>
VW,context=Main:1#run:1,i=2
VD,method=Main:1#run:1 <name=w,type=boolean (id=2),value=false,index=8>
VW,context=Main:1#run:1,w=false
VW,context=Main:1#run:1,p=1
VW,context=Main:1#run:1,p=2
VW,context=Main:1#run:1,p=3
VW,context=Main:1#run:1,w=true
VW,context=Main:1#run:1,p=4
VD,method=Main:1#run:1 <name=p,type=int (id=7),value=1,index=9>
VW,context=Main:1#run:1,i=3
VD,method=Main:1#run:1 <name=w,type=boolean (id=2),value=false,index=8>
VW,context=Main:1#run:1,w=false
VW,context=Main:1#run:1,p=1
VW,context=Main:1#run:1,p=2
VW,context=Main:1#run:1,p=3
VW,context=Main:1#run:1,w=true
VW,context=Main:1#run:1,p=4
VD,method=Main:1#run:1 <name=p,type=int (id=7),value=1,index=9>
VW,context=Main:1#run:1,i=4
VD,method=Main:1#run:1 <name=w,type=boolean (id=2),value=false,index=8>
VW,context=Main:1#run:1,w=false
VW,context=Main:1#run:1,p=1
VW,context=Main:1#run:1,p=2
VW,context=Main:1#run:1,p=3
VW,context=Main:1#run:1,w=true
VW,context=Main:1#run:1,p=4
VD,method=Main:1#run:1 <name=p,type=int (id=7),value=1,index=9>
VW,context=Main:1#run:1,i=5
VD,method=Main:1#run:1 <name=w,type=boolean (id=2),value=false,index=8>
VW,context=Main:1#run:1,w=false
VW,context=Main:1#run:1,p=1
VW,context=Main:1#run:1,p=2
VW,context=Main:1#run:1,p=3
VW,context=Main:1#run:1,w=true
VD,method=Main:1#run:1 <name=p,type=int (id=7),value=1,index=9>
VW,context=Main:1#run:1,j=5
VW,context=Main:1#run:1,i=0
VD,method=Main:1#run:1 <name=w,type=boolean (id=2),value=false,index=8>
VW,context=Main:1#run:1,w=false
VW,context=Main:1#run:1,p=1
VW,context=Main:1#run:1,p=2
VW,context=Main:1#run:1,p=3
VW,context=Main:1#run:1,p=4
VW,context=Main:1#run:1,w=true
VW,context=Main:1#run:1,p=5
VD,method=Main:1#run:1 <name=p,type=int (id=7),value=1,index=9>
VW,context=Main:1#run:1,i=1
VD,method=Main:1#run:1 <name=w,type=boolean (id=2),value=false,index=8>
VW,context=Main:1#run:1,w=false
VW,context=Main:1#run:1,p=1
VW,context=Main:1#run:1,p=2
VW,context=Main:1#run:1,p=3
VW,context=Main:1#run:1,p=4
VW,context=Main:1#run:1,w=true
VW,context=Main:1#run:1,p=5
VD,method=Main:1#run:1 <name=p,type=int (id=7),value=1,index=9>
VW,context=Main:1#run:1,i=2
VD,method=Main:1#run:1 <name=w,type=boolean (id=2),value=false,index=8>
VW,context=Main:1#run:1,w=false
VW,context=Main:1#run:1,p=1
VW,context=Main:1#run:1,p=2
VW,context=Main:1#run:1,p=3
VW,context=Main:1#run:1,p=4
VW,context=Main:1#run:1,w=true
VW,context=Main:1#run:1,p=5
VD,method=Main:1#run:1 <name=p,type=int (id=7),value=1,index=9>
VW,context=Main:1#run:1,i=3
VD,method=Main:1#run:1 <name=w,type=boolean (id=2),value=false,index=8>
VW,context=Main:1#run:1,w=false
VW,context=Main:1#run:1,p=1
VW,context=Main:1#run:1,p=2
VW,context=Main:1#run:1,p=3
VW,context=Main:1#run:1,p=4
VW,context=Main:1#run:1,w=true
VW,context=Main:1#run:1,p=5
VD,method=Main:1#run:1 <name=p,type=int (id=7),value=1,index=9>
VW,context=Main:1#run:1,i=4
VD,method=Main:1#run:1 <name=w,type=boolean (id=2),value=false,index=8>
VW,context=Main:1#run:1,w=false
VW,context=Main:1#run:1,p=1
VW,context=Main:1#run:1,p=2
VW,context=Main:1#run:1,p=3
VW,context=Main:1#run:1,p=4
VW,context=Main:1#run:1,w=true
VD,method=Main:1#run:1 <name=p,type=int (id=7),value=1,index=9>
VW,context=Main:1#run:1,i=5
VD,method=Main:1#run:1 <name=w,type=boolean (id=2),value=false,index=8>
VW,context=Main:1#run:1,w=false
VW,context=Main:1#run:1,p=1
VW,context=Main:1#run:1,p=2
VW,context=Main:1#run:1,p=3
VD,method=Main:1#run:1 <name=p,type=int (id=7),value=1,index=9>
VW,context=Main:1#run:1,j=6
VW,context=Main:1#run:1,i=0
VD,method=Main:1#run:1 <name=w,type=boolean (id=2),value=false,index=8>
VW,context=Main:1#run:1,w=false
VW,context=Main:1#run:1,p=1
VW,context=Main:1#run:1,p=2
VW,context=Main:1#run:1,p=3
VW,context=Main:1#run:1,p=4
VW,context=Main:1#run:1,p=5
VW,context=Main:1#run:1,w=true
VW,context=Main:1#run:1,p=6
VD,method=Main:1#run:1 <name=p,type=int (id=7),value=1,index=9>
VW,context=Main:1#run:1,i=1
VD,method=Main:1#run:1 <name=w,type=boolean (id=2),value=false,index=8>
VW,context=Main:1#run:1,w=false
VW,context=Main:1#run:1,p=1
VW,context=Main:1#run:1,p=2
VW,context=Main:1#run:1,p=3
VW,context=Main:1#run:1,p=4
VW,context=Main:1#run:1,p=5
VW,context=Main:1#run:1,w=true
VW,context=Main:1#run:1,p=6
VD,method=Main:1#run:1 <name=p,type=int (id=7),value=1,index=9>
VW,context=Main:1#run:1,i=2
VD,method=Main:1#run:1 <name=w,type=boolean (id=2),value=false,index=8>
VW,context=Main:1#run:1,w=false
VW,context=Main:1#run:1,p=1
VW,context=Main:1#run:1,p=2
VW,context=Main:1#run:1,p=3
VW,context=Main:1#run:1,p=4
VW,context=Main:1#run:1,p=5
VW,context=Main:1#run:1,w=true
VW,context=Main:1#run:1,p=6
VD,method=Main:1#run:1 <name=p,type=int (id=7),value=1,index=9>
VW,context=Main:1#run:1,i=3
VD,method=Main:1#run:1 <name=w,type=boolean (id=2),value=false,index=8>
VW,context=Main:1#run:1,w=false
VW,context=Main:1#run:1,p=1
VW,context=Main:1#run:1,p=2
VW,context=Main:1#run:1,p=3
VW,context=Main:1#run:1,p=4
VW,context=Main:1#run:1,p=5
VW,context=Main:1#run:1,w=true
VD,method=Main:1#run:1 <name=p,type=int (id=7),value=1,index=9>
VW,context=Main:1#run:1,i=4
VD,method=Main:1#run:1 <name=w,type=boolean (id=2),value=false,index=8>
VW,context=Main:1#run:1,w=false
VW,context=Main:1#run:1,p=1
VW,context=Main:1#run:1,w=true
VW,context=Main:1#run:1,p=2
VW,context=Main:1#run:1,p=3
VW,context=Main:1#run:1,p=4
VD,method=Main:1#run:1 <name=p,type=int (id=7),value=1,index=9>
VW,context=Main:1#run:1,i=5
VD,method=Main:1#run:1 <name=w,type=boolean (id=2),value=false,index=8>
VW,context=Main:1#run:1,w=false
VW,context=Main:1#run:1,p=1
