TS,main (1)
MC,caller=SYSTEM,target=Main#<clinit>:1
NO,object=Reader:1
MC,caller=Main#<clinit>:1,target=Reader:1#Reader:1
MC,caller=Reader:1#Reader:1,target=Reader:1#Reader:1
VW,context=Reader:1#Reader:1,source=java.io.BufferedInputStream (id=344)
FW,context=Reader:1,buf=byte[1024] (id=345)
FW,context=Reader:1,ptr=0
FW,context=Reader:1,buflen=0
FW,context=Reader:1,in=java.io.BufferedInputStream (id=344)
ME,returner=Reader:1#Reader:1,value=<void>
ME,returner=Reader:1#Reader:1,value=<void>
FW,context=Main,sc=Reader:1
FW,context=Main,out=java.io.PrintWriter (id=346)
ME,returner=Main#<clinit>:1,value=<void>
MC,caller=SYSTEM,target=Main#main:1
NO,object=java.lang.String[]:1
VW,context=Main#main:1,args=java.lang.String[]:1
FR,context=Main,sc
MC,caller=Main#main:1,target=Reader:1#nextInt:1
MC,caller=Reader:1#nextInt:1,target=Reader:1#nextLong:1
MC,caller=Reader:1#nextLong:1,target=Reader:1#hasNext:1
MC,caller=Reader:1#hasNext:1,target=Reader:1#skip:1
MC,caller=Reader:1#skip:1,target=Reader:1#hasNextByte:1
FR,context=Reader:1,ptr
FR,context=Reader:1,buflen
FW,context=Reader:1,ptr=0
FR,context=Reader:1,in
FR,context=Reader:1,buf
FW,context=Reader:1,buflen=154
FR,context=Reader:1,buflen
VW,context=Reader:1#hasNextByte:1,result=true
ME,returner=Reader:1#hasNextByte:1,value=true
FR,context=Reader:1,buf
FR,context=Reader:1,ptr
MC,caller=Reader:1#skip:1,target=Reader:1#isPrintableChar:1
VW,context=Reader:1#isPrintableChar:1,c=51
VW,context=Reader:1#isPrintableChar:1,result=true
ME,returner=Reader:1#isPrintableChar:1,value=true
ME,returner=Reader:1#skip:1,value=<void>
MC,caller=Reader:1#hasNext:1,target=Reader:1#hasNextByte:2
FR,context=Reader:1,ptr
FR,context=Reader:1,buflen
VW,context=Reader:1#hasNextByte:2,result=true
ME,returner=Reader:1#hasNextByte:2,value=true
VW,context=Reader:1#hasNext:1,result=true
ME,returner=Reader:1#hasNext:1,value=true
VW,context=Reader:1#nextLong:1,minus=false
MC,caller=Reader:1#nextLong:1,target=Reader:1#readByte:1
MC,caller=Reader:1#readByte:1,target=Reader:1#hasNextByte:3
FR,context=Reader:1,ptr
FR,context=Reader:1,buflen
VW,context=Reader:1#hasNextByte:3,result=true
ME,returner=Reader:1#hasNextByte:3,value=true
FR,context=Reader:1,buf
FR,context=Reader:1,ptr
FW,context=Reader:1,ptr=1
VW,context=Reader:1#readByte:1,result=51
ME,returner=Reader:1#readByte:1,value=51
VW,context=Reader:1#nextLong:1,num=51
VW,context=Reader:1#nextLong:1,num=3
MC,caller=Reader:1#nextLong:1,target=Reader:1#readByte:2
MC,caller=Reader:1#readByte:2,target=Reader:1#hasNextByte:4
FR,context=Reader:1,ptr
FR,context=Reader:1,buflen
VW,context=Reader:1#hasNextByte:4,result=true
ME,returner=Reader:1#hasNextByte:4,value=true
FR,context=Reader:1,buf
FR,context=Reader:1,ptr
FW,context=Reader:1,ptr=2
VW,context=Reader:1#readByte:2,result=32
ME,returner=Reader:1#readByte:2,value=32
VW,context=Reader:1#nextLong:1,b=32
MC,caller=Reader:1#nextLong:1,target=Reader:1#isPrintableChar:2
VW,context=Reader:1#isPrintableChar:2,c=32
VW,context=Reader:1#isPrintableChar:2,result=false
ME,returner=Reader:1#isPrintableChar:2,value=false
VW,context=Reader:1#nextLong:1,result=3
ME,returner=Reader:1#nextLong:1,value=3
VW,context=Reader:1#nextInt:1,num=3
VW,context=Reader:1#nextInt:1,result=3
ME,returner=Reader:1#nextInt:1,value=3
VW,context=Main#main:1,n=3
FR,context=Main,sc
MC,caller=Main#main:1,target=Reader:1#nextInt:2
MC,caller=Reader:1#nextInt:2,target=Reader:1#nextLong:2
MC,caller=Reader:1#nextLong:2,target=Reader:1#hasNext:2
MC,caller=Reader:1#hasNext:2,target=Reader:1#skip:2
MC,caller=Reader:1#skip:2,target=Reader:1#hasNextByte:5
FR,context=Reader:1,ptr
FR,context=Reader:1,buflen
VW,context=Reader:1#hasNextByte:5,result=true
ME,returner=Reader:1#hasNextByte:5,value=true
FR,context=Reader:1,buf
FR,context=Reader:1,ptr
MC,caller=Reader:1#skip:2,target=Reader:1#isPrintableChar:3
VW,context=Reader:1#isPrintableChar:3,c=51
VW,context=Reader:1#isPrintableChar:3,result=true
ME,returner=Reader:1#isPrintableChar:3,value=true
ME,returner=Reader:1#skip:2,value=<void>
MC,caller=Reader:1#hasNext:2,target=Reader:1#hasNextByte:6
FR,context=Reader:1,ptr
FR,context=Reader:1,buflen
VW,context=Reader:1#hasNextByte:6,result=true
ME,returner=Reader:1#hasNextByte:6,value=true
VW,context=Reader:1#hasNext:2,result=true
ME,returner=Reader:1#hasNext:2,value=true
VW,context=Reader:1#nextLong:2,minus=false
MC,caller=Reader:1#nextLong:2,target=Reader:1#readByte:3
MC,caller=Reader:1#readByte:3,target=Reader:1#hasNextByte:7
FR,context=Reader:1,ptr
FR,context=Reader:1,buflen
VW,context=Reader:1#hasNextByte:7,result=true
ME,returner=Reader:1#hasNextByte:7,value=true
FR,context=Reader:1,buf
FR,context=Reader:1,ptr
FW,context=Reader:1,ptr=3
VW,context=Reader:1#readByte:3,result=51
ME,returner=Reader:1#readByte:3,value=51
VW,context=Reader:1#nextLong:2,num=51
VW,context=Reader:1#nextLong:2,num=3
MC,caller=Reader:1#nextLong:2,target=Reader:1#readByte:4
MC,caller=Reader:1#readByte:4,target=Reader:1#hasNextByte:8
FR,context=Reader:1,ptr
FR,context=Reader:1,buflen
VW,context=Reader:1#hasNextByte:8,result=true
ME,returner=Reader:1#hasNextByte:8,value=true
FR,context=Reader:1,buf
FR,context=Reader:1,ptr
FW,context=Reader:1,ptr=4
VW,context=Reader:1#readByte:4,result=32
ME,returner=Reader:1#readByte:4,value=32
VW,context=Reader:1#nextLong:2,b=32
MC,caller=Reader:1#nextLong:2,target=Reader:1#isPrintableChar:4
VW,context=Reader:1#isPrintableChar:4,c=32
VW,context=Reader:1#isPrintableChar:4,result=false
ME,returner=Reader:1#isPrintableChar:4,value=false
VW,context=Reader:1#nextLong:2,result=3
ME,returner=Reader:1#nextLong:2,value=3
VW,context=Reader:1#nextInt:2,num=3
VW,context=Reader:1#nextInt:2,result=3
ME,returner=Reader:1#nextInt:2,value=3
VW,context=Main#main:1,m=3
FR,context=Main,sc
MC,caller=Main#main:1,target=Reader:1#nextInt:3
MC,caller=Reader:1#nextInt:3,target=Reader:1#nextLong:3
MC,caller=Reader:1#nextLong:3,target=Reader:1#hasNext:3
MC,caller=Reader:1#hasNext:3,target=Reader:1#skip:3
MC,caller=Reader:1#skip:3,target=Reader:1#hasNextByte:9
FR,context=Reader:1,ptr
FR,context=Reader:1,buflen
VW,context=Reader:1#hasNextByte:9,result=true
ME,returner=Reader:1#hasNextByte:9,value=true
FR,context=Reader:1,buf
FR,context=Reader:1,ptr
MC,caller=Reader:1#skip:3,target=Reader:1#isPrintableChar:5
VW,context=Reader:1#isPrintableChar:5,c=51
VW,context=Reader:1#isPrintableChar:5,result=true
ME,returner=Reader:1#isPrintableChar:5,value=true
ME,returner=Reader:1#skip:3,value=<void>
MC,caller=Reader:1#hasNext:3,target=Reader:1#hasNextByte:10
FR,context=Reader:1,ptr
FR,context=Reader:1,buflen
VW,context=Reader:1#hasNextByte:10,result=true
ME,returner=Reader:1#hasNextByte:10,value=true
VW,context=Reader:1#hasNext:3,result=true
ME,returner=Reader:1#hasNext:3,value=true
VW,context=Reader:1#nextLong:3,minus=false
MC,caller=Reader:1#nextLong:3,target=Reader:1#readByte:5
MC,caller=Reader:1#readByte:5,target=Reader:1#hasNextByte:11
FR,context=Reader:1,ptr
FR,context=Reader:1,buflen
VW,context=Reader:1#hasNextByte:11,result=true
ME,returner=Reader:1#hasNextByte:11,value=true
FR,context=Reader:1,buf
FR,context=Reader:1,ptr
FW,context=Reader:1,ptr=5
VW,context=Reader:1#readByte:5,result=51
ME,returner=Reader:1#readByte:5,value=51
VW,context=Reader:1#nextLong:3,num=51
VW,context=Reader:1#nextLong:3,num=3
MC,caller=Reader:1#nextLong:3,target=Reader:1#readByte:6
MC,caller=Reader:1#readByte:6,target=Reader:1#hasNextByte:12
FR,context=Reader:1,ptr
FR,context=Reader:1,buflen
VW,context=Reader:1#hasNextByte:12,result=true
ME,returner=Reader:1#hasNextByte:12,value=true
FR,context=Reader:1,buf
FR,context=Reader:1,ptr
FW,context=Reader:1,ptr=6
VW,context=Reader:1#readByte:6,result=13
ME,returner=Reader:1#readByte:6,value=13
VW,context=Reader:1#nextLong:3,b=13
MC,caller=Reader:1#nextLong:3,target=Reader:1#isPrintableChar:6
VW,context=Reader:1#isPrintableChar:6,c=13
VW,context=Reader:1#isPrintableChar:6,result=false
ME,returner=Reader:1#isPrintableChar:6,value=false
VW,context=Reader:1#nextLong:3,result=3
ME,returner=Reader:1#nextLong:3,value=3
VW,context=Reader:1#nextInt:3,num=3
VW,context=Reader:1#nextInt:3,result=3
ME,returner=Reader:1#nextInt:3,value=3
VW,context=Main#main:1,p=3
NO,object=int[][][]:1
NO,object=int[][]:1
NO,object=int[]:1
FW,context=int[]:1,0=0
FW,context=int[]:1,1=0
FW,context=int[]:1,2=0
FW,context=int[][]:1,0=int[]:1
NO,object=int[]:2
FW,context=int[]:2,0=0
FW,context=int[]:2,1=0
FW,context=int[]:2,2=0
FW,context=int[][]:1,1=int[]:2
NO,object=int[]:3
FW,context=int[]:3,0=0
FW,context=int[]:3,1=0
FW,context=int[]:3,2=0
FW,context=int[][]:1,2=int[]:3
FW,context=int[][][]:1,0=int[][]:1
NO,object=int[][]:2
NO,object=int[]:4
FW,context=int[]:4,0=0
FW,context=int[]:4,1=0
FW,context=int[]:4,2=0
FW,context=int[][]:2,0=int[]:4
NO,object=int[]:5
FW,context=int[]:5,0=0
FW,context=int[]:5,1=0
FW,context=int[]:5,2=0
FW,context=int[][]:2,1=int[]:5
NO,object=int[]:6
FW,context=int[]:6,0=0
FW,context=int[]:6,1=0
FW,context=int[]:6,2=0
FW,context=int[][]:2,2=int[]:6
FW,context=int[][][]:1,1=int[][]:2
NO,object=int[][]:3
NO,object=int[]:7
FW,context=int[]:7,0=0
FW,context=int[]:7,1=0
FW,context=int[]:7,2=0
FW,context=int[][]:3,0=int[]:7
NO,object=int[]:8
FW,context=int[]:8,0=0
FW,context=int[]:8,1=0
FW,context=int[]:8,2=0
FW,context=int[][]:3,1=int[]:8
NO,object=int[]:9
FW,context=int[]:9,0=0
FW,context=int[]:9,1=0
FW,context=int[]:9,2=0
FW,context=int[][]:3,2=int[]:9
FW,context=int[][][]:1,2=int[][]:3
VW,context=Main#main:1,map=int[][][]:1
NO,object=int[]:10
FW,context=int[]:10,0=1
FW,context=int[]:10,1=1
FW,context=int[]:10,2=0
FW,context=int[]:10,3=0
FW,context=int[]:10,4=0
FW,context=int[]:10,5=1
FW,context=int[]:10,6=1
FW,context=int[]:10,7=1
FW,context=int[]:10,8=1
FW,context=int[]:10,9=1
FW,context=int[]:10,10=1
FW,context=int[]:10,11=0
FW,context=int[]:10,12=1
VW,context=Main#main:1,dx=int[]:10
NO,object=int[]:11
FW,context=int[]:11,0=0
FW,context=int[]:11,1=0
FW,context=int[]:11,2=0
FW,context=int[]:11,3=1
FW,context=int[]:11,4=1
FW,context=int[]:11,5=1
FW,context=int[]:11,6=1
FW,context=int[]:11,7=-1
FW,context=int[]:11,8=-1
FW,context=int[]:11,9=1
FW,context=int[]:11,10=-1
FW,context=int[]:11,11=1
FW,context=int[]:11,12=0
VW,context=Main#main:1,dy=int[]:11
NO,object=int[]:12
FW,context=int[]:12,0=0
FW,context=int[]:12,1=1
FW,context=int[]:12,2=1
FW,context=int[]:12,3=1
FW,context=int[]:12,4=0
FW,context=int[]:12,5=0
FW,context=int[]:12,6=1
FW,context=int[]:12,7=1
FW,context=int[]:12,8=-1
FW,context=int[]:12,9=-1
FW,context=int[]:12,10=0
FW,context=int[]:12,11=-1
FW,context=int[]:12,12=-1
VW,context=Main#main:1,dz=int[]:12
NO,object=int[]:13
FW,context=int[]:13,0=0
FW,context=int[]:13,1=0
FW,context=int[]:13,2=0
VW,context=Main#main:1,x=int[]:13
NO,object=int[]:14
FW,context=int[]:14,0=0
FW,context=int[]:14,1=0
FW,context=int[]:14,2=0
VW,context=Main#main:1,y=int[]:14
VW,context=Main#main:1,ans=0
VW,context=Main#main:1,count=0
VW,context=Main#main:1,i=0
FR,context=Main,sc
MC,caller=Main#main:1,target=Reader:1#nextInt:4
MC,caller=Reader:1#nextInt:4,target=Reader:1#nextLong:4
MC,caller=Reader:1#nextLong:4,target=Reader:1#hasNext:4
MC,caller=Reader:1#hasNext:4,target=Reader:1#skip:4
MC,caller=Reader:1#skip:4,target=Reader:1#hasNextByte:13
FR,context=Reader:1,ptr
FR,context=Reader:1,buflen
VW,context=Reader:1#hasNextByte:13,result=true
ME,returner=Reader:1#hasNextByte:13,value=true
FR,context=Reader:1,buf
FR,context=Reader:1,ptr
MC,caller=Reader:1#skip:4,target=Reader:1#isPrintableChar:7
VW,context=Reader:1#isPrintableChar:7,c=10
VW,context=Reader:1#isPrintableChar:7,result=false
ME,returner=Reader:1#isPrintableChar:7,value=false
FR,context=Reader:1,ptr
FW,context=Reader:1,ptr=7
MC,caller=Reader:1#skip:4,target=Reader:1#hasNextByte:14
FR,context=Reader:1,ptr
FR,context=Reader:1,buflen
VW,context=Reader:1#hasNextByte:14,result=true
ME,returner=Reader:1#hasNextByte:14,value=true
FR,context=Reader:1,buf
FR,context=Reader:1,ptr
MC,caller=Reader:1#skip:4,target=Reader:1#isPrintableChar:8
VW,context=Reader:1#isPrintableChar:8,c=49
VW,context=Reader:1#isPrintableChar:8,result=true
ME,returner=Reader:1#isPrintableChar:8,value=true
ME,returner=Reader:1#skip:4,value=<void>
MC,caller=Reader:1#hasNext:4,target=Reader:1#hasNextByte:15
FR,context=Reader:1,ptr
FR,context=Reader:1,buflen
VW,context=Reader:1#hasNextByte:15,result=true
ME,returner=Reader:1#hasNextByte:15,value=true
VW,context=Reader:1#hasNext:4,result=true
ME,returner=Reader:1#hasNext:4,value=true
VW,context=Reader:1#nextLong:4,minus=false
MC,caller=Reader:1#nextLong:4,target=Reader:1#readByte:7
MC,caller=Reader:1#readByte:7,target=Reader:1#hasNextByte:16
FR,context=Reader:1,ptr
FR,context=Reader:1,buflen
VW,context=Reader:1#hasNextByte:16,result=true
ME,returner=Reader:1#hasNextByte:16,value=true
FR,context=Reader:1,buf
FR,context=Reader:1,ptr
FW,context=Reader:1,ptr=8
VW,context=Reader:1#readByte:7,result=49
ME,returner=Reader:1#readByte:7,value=49
VW,context=Reader:1#nextLong:4,num=49
VW,context=Reader:1#nextLong:4,num=1
MC,caller=Reader:1#nextLong:4,target=Reader:1#readByte:8
MC,caller=Reader:1#readByte:8,target=Reader:1#hasNextByte:17
FR,context=Reader:1,ptr
FR,context=Reader:1,buflen
VW,context=Reader:1#hasNextByte:17,result=true
ME,returner=Reader:1#hasNextByte:17,value=true
FR,context=Reader:1,buf
FR,context=Reader:1,ptr
FW,context=Reader:1,ptr=9
VW,context=Reader:1#readByte:8,result=32
ME,returner=Reader:1#readByte:8,value=32
VW,context=Reader:1#nextLong:4,b=32
MC,caller=Reader:1#nextLong:4,target=Reader:1#isPrintableChar:9
VW,context=Reader:1#isPrintableChar:9,c=32
VW,context=Reader:1#isPrintableChar:9,result=false
ME,returner=Reader:1#isPrintableChar:9,value=false
VW,context=Reader:1#nextLong:4,result=1
ME,returner=Reader:1#nextLong:4,value=1
VW,context=Reader:1#nextInt:4,num=1
VW,context=Reader:1#nextInt:4,result=1
ME,returner=Reader:1#nextInt:4,value=1
VW,context=Main#main:1,x=int[]:13
FR,context=Main,sc
MC,caller=Main#main:1,target=Reader:1#nextInt:5
MC,caller=Reader:1#nextInt:5,target=Reader:1#nextLong:5
MC,caller=Reader:1#nextLong:5,target=Reader:1#hasNext:5
MC,caller=Reader:1#hasNext:5,target=Reader:1#skip:5
MC,caller=Reader:1#skip:5,target=Reader:1#hasNextByte:18
FR,context=Reader:1,ptr
FR,context=Reader:1,buflen
VW,context=Reader:1#hasNextByte:18,result=true
ME,returner=Reader:1#hasNextByte:18,value=true
FR,context=Reader:1,buf
FR,context=Reader:1,ptr
MC,caller=Reader:1#skip:5,target=Reader:1#isPrintableChar:10
VW,context=Reader:1#isPrintableChar:10,c=49
VW,context=Reader:1#isPrintableChar:10,result=true
ME,returner=Reader:1#isPrintableChar:10,value=true
ME,returner=Reader:1#skip:5,value=<void>
MC,caller=Reader:1#hasNext:5,target=Reader:1#hasNextByte:19
FR,context=Reader:1,ptr
FR,context=Reader:1,buflen
VW,context=Reader:1#hasNextByte:19,result=true
ME,returner=Reader:1#hasNextByte:19,value=true
VW,context=Reader:1#hasNext:5,result=true
ME,returner=Reader:1#hasNext:5,value=true
VW,context=Reader:1#nextLong:5,minus=false
MC,caller=Reader:1#nextLong:5,target=Reader:1#readByte:9
MC,caller=Reader:1#readByte:9,target=Reader:1#hasNextByte:20
FR,context=Reader:1,ptr
FR,context=Reader:1,buflen
VW,context=Reader:1#hasNextByte:20,result=true
ME,returner=Reader:1#hasNextByte:20,value=true
FR,context=Reader:1,buf
FR,context=Reader:1,ptr
FW,context=Reader:1,ptr=10
VW,context=Reader:1#readByte:9,result=49
ME,returner=Reader:1#readByte:9,value=49
VW,context=Reader:1#nextLong:5,num=49
VW,context=Reader:1#nextLong:5,num=1
MC,caller=Reader:1#nextLong:5,target=Reader:1#readByte:10
MC,caller=Reader:1#readByte:10,target=Reader:1#hasNextByte:21
FR,context=Reader:1,ptr
FR,context=Reader:1,buflen
VW,context=Reader:1#hasNextByte:21,result=true
ME,returner=Reader:1#hasNextByte:21,value=true
FR,context=Reader:1,buf
FR,context=Reader:1,ptr
FW,context=Reader:1,ptr=11
VW,context=Reader:1#readByte:10,result=13
ME,returner=Reader:1#readByte:10,value=13
VW,context=Reader:1#nextLong:5,b=13
MC,caller=Reader:1#nextLong:5,target=Reader:1#isPrintableChar:11
VW,context=Reader:1#isPrintableChar:11,c=13
VW,context=Reader:1#isPrintableChar:11,result=false
ME,returner=Reader:1#isPrintableChar:11,value=false
VW,context=Reader:1#nextLong:5,result=1
ME,returner=Reader:1#nextLong:5,value=1
VW,context=Reader:1#nextInt:5,num=1
VW,context=Reader:1#nextInt:5,result=1
ME,returner=Reader:1#nextInt:5,value=1
VW,context=Main#main:1,y=int[]:14
VW,context=Main#main:1,i=1
FR,context=Main,sc
MC,caller=Main#main:1,target=Reader:1#nextInt:6
MC,caller=Reader:1#nextInt:6,target=Reader:1#nextLong:6
MC,caller=Reader:1#nextLong:6,target=Reader:1#hasNext:6
MC,caller=Reader:1#hasNext:6,target=Reader:1#skip:6
MC,caller=Reader:1#skip:6,target=Reader:1#hasNextByte:22
FR,context=Reader:1,ptr
FR,context=Reader:1,buflen
VW,context=Reader:1#hasNextByte:22,result=true
ME,returner=Reader:1#hasNextByte:22,value=true
FR,context=Reader:1,buf
FR,context=Reader:1,ptr
MC,caller=Reader:1#skip:6,target=Reader:1#isPrintableChar:12
VW,context=Reader:1#isPrintableChar:12,c=10
VW,context=Reader:1#isPrintableChar:12,result=false
ME,returner=Reader:1#isPrintableChar:12,value=false
FR,context=Reader:1,ptr
FW,context=Reader:1,ptr=12
MC,caller=Reader:1#skip:6,target=Reader:1#hasNextByte:23
FR,context=Reader:1,ptr
FR,context=Reader:1,buflen
VW,context=Reader:1#hasNextByte:23,result=true
ME,returner=Reader:1#hasNextByte:23,value=true
FR,context=Reader:1,buf
FR,context=Reader:1,ptr
MC,caller=Reader:1#skip:6,target=Reader:1#isPrintableChar:13
VW,context=Reader:1#isPrintableChar:13,c=49
VW,context=Reader:1#isPrintableChar:13,result=true
ME,returner=Reader:1#isPrintableChar:13,value=true
ME,returner=Reader:1#skip:6,value=<void>
MC,caller=Reader:1#hasNext:6,target=Reader:1#hasNextByte:24
FR,context=Reader:1,ptr
FR,context=Reader:1,buflen
VW,context=Reader:1#hasNextByte:24,result=true
ME,returner=Reader:1#hasNextByte:24,value=true
VW,context=Reader:1#hasNext:6,result=true
ME,returner=Reader:1#hasNext:6,value=true
VW,context=Reader:1#nextLong:6,minus=false
MC,caller=Reader:1#nextLong:6,target=Reader:1#readByte:11
MC,caller=Reader:1#readByte:11,target=Reader:1#hasNextByte:25
FR,context=Reader:1,ptr
FR,context=Reader:1,buflen
VW,context=Reader:1#hasNextByte:25,result=true
ME,returner=Reader:1#hasNextByte:25,value=true
FR,context=Reader:1,buf
FR,context=Reader:1,ptr
FW,context=Reader:1,ptr=13
VW,context=Reader:1#readByte:11,result=49
ME,returner=Reader:1#readByte:11,value=49
VW,context=Reader:1#nextLong:6,num=49
VW,context=Reader:1#nextLong:6,num=1
MC,caller=Reader:1#nextLong:6,target=Reader:1#readByte:12
MC,caller=Reader:1#readByte:12,target=Reader:1#hasNextByte:26
FR,context=Reader:1,ptr
FR,context=Reader:1,buflen
VW,context=Reader:1#hasNextByte:26,result=true
ME,returner=Reader:1#hasNextByte:26,value=true
FR,context=Reader:1,buf
FR,context=Reader:1,ptr
FW,context=Reader:1,ptr=14
VW,context=Reader:1#readByte:12,result=32
ME,returner=Reader:1#readByte:12,value=32
VW,context=Reader:1#nextLong:6,b=32
MC,caller=Reader:1#nextLong:6,target=Reader:1#isPrintableChar:14
VW,context=Reader:1#isPrintableChar:14,c=32
VW,context=Reader:1#isPrintableChar:14,result=false
ME,returner=Reader:1#isPrintableChar:14,value=false
VW,context=Reader:1#nextLong:6,result=1
ME,returner=Reader:1#nextLong:6,value=1
VW,context=Reader:1#nextInt:6,num=1
VW,context=Reader:1#nextInt:6,result=1
ME,returner=Reader:1#nextInt:6,value=1
VW,context=Main#main:1,x=int[]:13
FR,context=Main,sc
MC,caller=Main#main:1,target=Reader:1#nextInt:7
MC,caller=Reader:1#nextInt:7,target=Reader:1#nextLong:7
MC,caller=Reader:1#nextLong:7,target=Reader:1#hasNext:7
MC,caller=Reader:1#hasNext:7,target=Reader:1#skip:7
MC,caller=Reader:1#skip:7,target=Reader:1#hasNextByte:27
FR,context=Reader:1,ptr
FR,context=Reader:1,buflen
VW,context=Reader:1#hasNextByte:27,result=true
ME,returner=Reader:1#hasNextByte:27,value=true
FR,context=Reader:1,buf
FR,context=Reader:1,ptr
MC,caller=Reader:1#skip:7,target=Reader:1#isPrintableChar:15
VW,context=Reader:1#isPrintableChar:15,c=49
VW,context=Reader:1#isPrintableChar:15,result=true
ME,returner=Reader:1#isPrintableChar:15,value=true
ME,returner=Reader:1#skip:7,value=<void>
MC,caller=Reader:1#hasNext:7,target=Reader:1#hasNextByte:28
FR,context=Reader:1,ptr
FR,context=Reader:1,buflen
VW,context=Reader:1#hasNextByte:28,result=true
ME,returner=Reader:1#hasNextByte:28,value=true
VW,context=Reader:1#hasNext:7,result=true
ME,returner=Reader:1#hasNext:7,value=true
VW,context=Reader:1#nextLong:7,minus=false
MC,caller=Reader:1#nextLong:7,target=Reader:1#readByte:13
MC,caller=Reader:1#readByte:13,target=Reader:1#hasNextByte:29
FR,context=Reader:1,ptr
FR,context=Reader:1,buflen
VW,context=Reader:1#hasNextByte:29,result=true
ME,returner=Reader:1#hasNextByte:29,value=true
FR,context=Reader:1,buf
FR,context=Reader:1,ptr
FW,context=Reader:1,ptr=15
VW,context=Reader:1#readByte:13,result=49
ME,returner=Reader:1#readByte:13,value=49
VW,context=Reader:1#nextLong:7,num=49
VW,context=Reader:1#nextLong:7,num=1
MC,caller=Reader:1#nextLong:7,target=Reader:1#readByte:14
MC,caller=Reader:1#readByte:14,target=Reader:1#hasNextByte:30
FR,context=Reader:1,ptr
FR,context=Reader:1,buflen
VW,context=Reader:1#hasNextByte:30,result=true
ME,returner=Reader:1#hasNextByte:30,value=true
FR,context=Reader:1,buf
FR,context=Reader:1,ptr
FW,context=Reader:1,ptr=16
VW,context=Reader:1#readByte:14,result=13
ME,returner=Reader:1#readByte:14,value=13
VW,context=Reader:1#nextLong:7,b=13
MC,caller=Reader:1#nextLong:7,target=Reader:1#isPrintableChar:16
VW,context=Reader:1#isPrintableChar:16,c=13
VW,context=Reader:1#isPrintableChar:16,result=false
ME,returner=Reader:1#isPrintableChar:16,value=false
VW,context=Reader:1#nextLong:7,result=1
ME,returner=Reader:1#nextLong:7,value=1
VW,context=Reader:1#nextInt:7,num=1
VW,context=Reader:1#nextInt:7,result=1
ME,returner=Reader:1#nextInt:7,value=1
VW,context=Main#main:1,y=int[]:14
VW,context=Main#main:1,i=2
FR,context=Main,sc
MC,caller=Main#main:1,target=Reader:1#nextInt:8
MC,caller=Reader:1#nextInt:8,target=Reader:1#nextLong:8
MC,caller=Reader:1#nextLong:8,target=Reader:1#hasNext:8
MC,caller=Reader:1#hasNext:8,target=Reader:1#skip:8
MC,caller=Reader:1#skip:8,target=Reader:1#hasNextByte:31
FR,context=Reader:1,ptr
FR,context=Reader:1,buflen
VW,context=Reader:1#hasNextByte:31,result=true
ME,returner=Reader:1#hasNextByte:31,value=true
FR,context=Reader:1,buf
FR,context=Reader:1,ptr
MC,caller=Reader:1#skip:8,target=Reader:1#isPrintableChar:17
VW,context=Reader:1#isPrintableChar:17,c=10
VW,context=Reader:1#isPrintableChar:17,result=false
ME,returner=Reader:1#isPrintableChar:17,value=false
FR,context=Reader:1,ptr
FW,context=Reader:1,ptr=17
MC,caller=Reader:1#skip:8,target=Reader:1#hasNextByte:32
FR,context=Reader:1,ptr
FR,context=Reader:1,buflen
VW,context=Reader:1#hasNextByte:32,result=true
ME,returner=Reader:1#hasNextByte:32,value=true
FR,context=Reader:1,buf
FR,context=Reader:1,ptr
MC,caller=Reader:1#skip:8,target=Reader:1#isPrintableChar:18
VW,context=Reader:1#isPrintableChar:18,c=49
VW,context=Reader:1#isPrintableChar:18,result=true
ME,returner=Reader:1#isPrintableChar:18,value=true
ME,returner=Reader:1#skip:8,value=<void>
MC,caller=Reader:1#hasNext:8,target=Reader:1#hasNextByte:33
FR,context=Reader:1,ptr
FR,context=Reader:1,buflen
VW,context=Reader:1#hasNextByte:33,result=true
ME,returner=Reader:1#hasNextByte:33,value=true
VW,context=Reader:1#hasNext:8,result=true
ME,returner=Reader:1#hasNext:8,value=true
VW,context=Reader:1#nextLong:8,minus=false
MC,caller=Reader:1#nextLong:8,target=Reader:1#readByte:15
MC,caller=Reader:1#readByte:15,target=Reader:1#hasNextByte:34
FR,context=Reader:1,ptr
FR,context=Reader:1,buflen
VW,context=Reader:1#hasNextByte:34,result=true
ME,returner=Reader:1#hasNextByte:34,value=true
FR,context=Reader:1,buf
FR,context=Reader:1,ptr
FW,context=Reader:1,ptr=18
VW,context=Reader:1#readByte:15,result=49
ME,returner=Reader:1#readByte:15,value=49
VW,context=Reader:1#nextLong:8,num=49
VW,context=Reader:1#nextLong:8,num=1
MC,caller=Reader:1#nextLong:8,target=Reader:1#readByte:16
MC,caller=Reader:1#readByte:16,target=Reader:1#hasNextByte:35
FR,context=Reader:1,ptr
FR,context=Reader:1,buflen
VW,context=Reader:1#hasNextByte:35,result=true
ME,returner=Reader:1#hasNextByte:35,value=true
FR,context=Reader:1,buf
FR,context=Reader:1,ptr
FW,context=Reader:1,ptr=19
VW,context=Reader:1#readByte:16,result=32
ME,returner=Reader:1#readByte:16,value=32
VW,context=Reader:1#nextLong:8,b=32
MC,caller=Reader:1#nextLong:8,target=Reader:1#isPrintableChar:19
VW,context=Reader:1#isPrintableChar:19,c=32
VW,context=Reader:1#isPrintableChar:19,result=false
ME,returner=Reader:1#isPrintableChar:19,value=false
VW,context=Reader:1#nextLong:8,result=1
ME,returner=Reader:1#nextLong:8,value=1
VW,context=Reader:1#nextInt:8,num=1
VW,context=Reader:1#nextInt:8,result=1
ME,returner=Reader:1#nextInt:8,value=1
VW,context=Main#main:1,x=int[]:13
FR,context=Main,sc
MC,caller=Main#main:1,target=Reader:1#nextInt:9
MC,caller=Reader:1#nextInt:9,target=Reader:1#nextLong:9
MC,caller=Reader:1#nextLong:9,target=Reader:1#hasNext:9
MC,caller=Reader:1#hasNext:9,target=Reader:1#skip:9
MC,caller=Reader:1#skip:9,target=Reader:1#hasNextByte:36
FR,context=Reader:1,ptr
FR,context=Reader:1,buflen
VW,context=Reader:1#hasNextByte:36,result=true
ME,returner=Reader:1#hasNextByte:36,value=true
FR,context=Reader:1,buf
FR,context=Reader:1,ptr
MC,caller=Reader:1#skip:9,target=Reader:1#isPrintableChar:20
VW,context=Reader:1#isPrintableChar:20,c=49
VW,context=Reader:1#isPrintableChar:20,result=true
ME,returner=Reader:1#isPrintableChar:20,value=true
ME,returner=Reader:1#skip:9,value=<void>
MC,caller=Reader:1#hasNext:9,target=Reader:1#hasNextByte:37
FR,context=Reader:1,ptr
FR,context=Reader:1,buflen
VW,context=Reader:1#hasNextByte:37,result=true
ME,returner=Reader:1#hasNextByte:37,value=true
VW,context=Reader:1#hasNext:9,result=true
ME,returner=Reader:1#hasNext:9,value=true
VW,context=Reader:1#nextLong:9,minus=false
MC,caller=Reader:1#nextLong:9,target=Reader:1#readByte:17
MC,caller=Reader:1#readByte:17,target=Reader:1#hasNextByte:38
FR,context=Reader:1,ptr
FR,context=Reader:1,buflen
VW,context=Reader:1#hasNextByte:38,result=true
ME,returner=Reader:1#hasNextByte:38,value=true
FR,context=Reader:1,buf
FR,context=Reader:1,ptr
FW,context=Reader:1,ptr=20
VW,context=Reader:1#readByte:17,result=49
ME,returner=Reader:1#readByte:17,value=49
VW,context=Reader:1#nextLong:9,num=49
VW,context=Reader:1#nextLong:9,num=1
MC,caller=Reader:1#nextLong:9,target=Reader:1#readByte:18
MC,caller=Reader:1#readByte:18,target=Reader:1#hasNextByte:39
FR,context=Reader:1,ptr
FR,context=Reader:1,buflen
VW,context=Reader:1#hasNextByte:39,result=true
ME,returner=Reader:1#hasNextByte:39,value=true
FR,context=Reader:1,buf
FR,context=Reader:1,ptr
FW,context=Reader:1,ptr=21
VW,context=Reader:1#readByte:18,result=13
ME,returner=Reader:1#readByte:18,value=13
VW,context=Reader:1#nextLong:9,b=13
MC,caller=Reader:1#nextLong:9,target=Reader:1#isPrintableChar:21
VW,context=Reader:1#isPrintableChar:21,c=13
VW,context=Reader:1#isPrintableChar:21,result=false
ME,returner=Reader:1#isPrintableChar:21,value=false
VW,context=Reader:1#nextLong:9,result=1
ME,returner=Reader:1#nextLong:9,value=1
VW,context=Reader:1#nextInt:9,num=1
VW,context=Reader:1#nextInt:9,result=1
ME,returner=Reader:1#nextInt:9,value=1
VW,context=Main#main:1,y=int[]:14
VD,method=Main#main:1 <name=i,type=int (id=7),value=<?>,index=12>
VW,context=Main#main:1,now=1
VW,context=Main#main:1,flag=false
VW,context=Main#main:1,i=0
VW,context=Main#main:1,j=0
VW,context=Main#main:1,map=int[][][]:1
VD,method=Main#main:1 <name=j,type=int (id=7),value=<?>,index=16>
VW,context=Main#main:1,xx=0
VW,context=Main#main:1,yy=0
VW,context=Main#main:1,zz=0
VW,context=Main#main:1,w=1
VW,context=Main#main:1,k=0
VW,context=Main#main:1,ok=true
VW,context=Main#main:1,l=1
VW,context=Main#main:1,ok=false
VD,method=Main#main:1 <name=l,type=int (id=7),value=<?>,index=23>
VW,context=Main#main:1,k=1
VD,method=Main#main:1 <name=ok,type=boolean (id=2),value=<?>,index=22>
VW,context=Main#main:1,ok=true
VW,context=Main#main:1,l=1
VW,context=Main#main:1,ok=false
VD,method=Main#main:1 <name=l,type=int (id=7),value=<?>,index=23>
VW,context=Main#main:1,k=2
VD,method=Main#main:1 <name=ok,type=boolean (id=2),value=<?>,index=22>
VW,context=Main#main:1,ok=true
VW,context=Main#main:1,l=1
VW,context=Main#main:1,ok=false
VD,method=Main#main:1 <name=l,type=int (id=7),value=<?>,index=23>
VW,context=Main#main:1,k=3
VD,method=Main#main:1 <name=ok,type=boolean (id=2),value=<?>,index=22>
VW,context=Main#main:1,ok=true
VW,context=Main#main:1,l=1
VW,context=Main#main:1,ok=false
VD,method=Main#main:1 <name=l,type=int (id=7),value=<?>,index=23>
VW,context=Main#main:1,k=4
VD,method=Main#main:1 <name=ok,type=boolean (id=2),value=<?>,index=22>
VW,context=Main#main:1,ok=true
VW,context=Main#main:1,l=1
VW,context=Main#main:1,ok=false
VD,method=Main#main:1 <name=l,type=int (id=7),value=<?>,index=23>
VW,context=Main#main:1,k=5
VD,method=Main#main:1 <name=ok,type=boolean (id=2),value=<?>,index=22>
VW,context=Main#main:1,ok=true
VW,context=Main#main:1,l=1
VW,context=Main#main:1,ok=false
VD,method=Main#main:1 <name=l,type=int (id=7),value=<?>,index=23>
VW,context=Main#main:1,k=6
VD,method=Main#main:1 <name=ok,type=boolean (id=2),value=<?>,index=22>
VW,context=Main#main:1,ok=true
VW,context=Main#main:1,l=1
VW,context=Main#main:1,ok=false
VD,method=Main#main:1 <name=l,type=int (id=7),value=<?>,index=23>
VW,context=Main#main:1,k=7
VD,method=Main#main:1 <name=ok,type=boolean (id=2),value=<?>,index=22>
VW,context=Main#main:1,ok=true
VW,context=Main#main:1,k=8
VD,method=Main#main:1 <name=ok,type=boolean (id=2),value=<?>,index=22>
VW,context=Main#main:1,ok=true
VW,context=Main#main:1,k=9
VD,method=Main#main:1 <name=ok,type=boolean (id=2),value=<?>,index=22>
VW,context=Main#main:1,ok=true
VW,context=Main#main:1,k=10
VD,method=Main#main:1 <name=ok,type=boolean (id=2),value=<?>,index=22>
VW,context=Main#main:1,ok=true
VW,context=Main#main:1,k=11
VD,method=Main#main:1 <name=ok,type=boolean (id=2),value=<?>,index=22>
VW,context=Main#main:1,ok=true
VW,context=Main#main:1,k=12
VD,method=Main#main:1 <name=ok,type=boolean (id=2),value=<?>,index=22>
VW,context=Main#main:1,ok=true
VD,method=Main#main:1 <name=ok,type=boolean (id=2),value=<?>,index=22>
VD,method=Main#main:1 <name=k,type=int (id=7),value=<?>,index=21>
VW,context=Main#main:1,zz=1
VD,method=Main#main:1 <name=w,type=int (id=7),value=<?>,index=20>
VW,context=Main#main:1,zz=2
VD,method=Main#main:1 <name=zz,type=int (id=7),value=<?>,index=19>
VW,context=Main#main:1,yy=1
VW,context=Main#main:1,zz=0
VW,context=Main#main:1,zz=1
VW,context=Main#main:1,zz=2
VD,method=Main#main:1 <name=zz,type=int (id=7),value=<?>,index=19>
VW,context=Main#main:1,yy=2
VW,context=Main#main:1,zz=0
VW,context=Main#main:1,zz=1
VW,context=Main#main:1,zz=2
VD,method=Main#main:1 <name=zz,type=int (id=7),value=<?>,index=19>
VD,method=Main#main:1 <name=yy,type=int (id=7),value=<?>,index=18>
VW,context=Main#main:1,xx=1
VW,context=Main#main:1,yy=0
VW,context=Main#main:1,zz=0
VW,context=Main#main:1,zz=1
VW,context=Main#main:1,zz=2
VD,method=Main#main:1 <name=zz,type=int (id=7),value=<?>,index=19>
VW,context=Main#main:1,yy=1
VW,context=Main#main:1,zz=0
VW,context=Main#main:1,zz=1
VW,context=Main#main:1,zz=2
VD,method=Main#main:1 <name=zz,type=int (id=7),value=<?>,index=19>
VW,context=Main#main:1,yy=2
VW,context=Main#main:1,zz=0
VW,context=Main#main:1,zz=1
VW,context=Main#main:1,zz=2
VD,method=Main#main:1 <name=zz,type=int (id=7),value=<?>,index=19>
VD,method=Main#main:1 <name=yy,type=int (id=7),value=<?>,index=18>
VW,context=Main#main:1,xx=2
VW,context=Main#main:1,yy=0
VW,context=Main#main:1,zz=0
VW,context=Main#main:1,zz=1
VW,context=Main#main:1,zz=2
VD,method=Main#main:1 <name=zz,type=int (id=7),value=<?>,index=19>
VW,context=Main#main:1,yy=1
VW,context=Main#main:1,zz=0
VW,context=Main#main:1,zz=1
VW,context=Main#main:1,zz=2
VD,method=Main#main:1 <name=zz,type=int (id=7),value=<?>,index=19>
VW,context=Main#main:1,yy=2
VW,context=Main#main:1,zz=0
VW,context=Main#main:1,zz=1
VW,context=Main#main:1,zz=2
VD,method=Main#main:1 <name=zz,type=int (id=7),value=<?>,index=19>
VD,method=Main#main:1 <name=yy,type=int (id=7),value=<?>,index=18>
VD,method=Main#main:1 <name=xx,type=int (id=7),value=<?>,index=17>
VW,context=Main#main:1,now=2
VW,context=Main#main:1,i=1
VW,context=Main#main:1,j=0
VW,context=Main#main:1,j=1
VW,context=Main#main:1,map=int[][][]:1
VD,method=Main#main:1 <name=j,type=int (id=7),value=<?>,index=16>
VW,context=Main#main:1,xx=0
VW,context=Main#main:1,yy=0
VW,context=Main#main:1,zz=0
VW,context=Main#main:1,w=1
VW,context=Main#main:1,k=0
VW,context=Main#main:1,ok=true
VW,context=Main#main:1,l=1
VW,context=Main#main:1,ok=false
VD,method=Main#main:1 <name=l,type=int (id=7),value=<?>,index=23>
VW,context=Main#main:1,k=1
VD,method=Main#main:1 <name=ok,type=boolean (id=2),value=<?>,index=22>
VW,context=Main#main:1,ok=true
VW,context=Main#main:1,l=1
VW,context=Main#main:1,ok=false
VD,method=Main#main:1 <name=l,type=int (id=7),value=<?>,index=23>
VW,context=Main#main:1,k=2
VD,method=Main#main:1 <name=ok,type=boolean (id=2),value=<?>,index=22>
VW,context=Main#main:1,ok=true
VW,context=Main#main:1,l=1
VW,context=Main#main:1,ok=false
VD,method=Main#main:1 <name=l,type=int (id=7),value=<?>,index=23>
VW,context=Main#main:1,k=3
VD,method=Main#main:1 <name=ok,type=boolean (id=2),value=<?>,index=22>
VW,context=Main#main:1,ok=true
VW,context=Main#main:1,l=1
VW,context=Main#main:1,ok=false
VD,method=Main#main:1 <name=l,type=int (id=7),value=<?>,index=23>
VW,context=Main#main:1,k=4
VD,method=Main#main:1 <name=ok,type=boolean (id=2),value=<?>,index=22>
VW,context=Main#main:1,ok=true
VW,context=Main#main:1,l=1
VW,context=Main#main:1,ok=false
VD,method=Main#main:1 <name=l,type=int (id=7),value=<?>,index=23>
VW,context=Main#main:1,k=5
VD,method=Main#main:1 <name=ok,type=boolean (id=2),value=<?>,index=22>
VW,context=Main#main:1,ok=true
VW,context=Main#main:1,l=1
VW,context=Main#main:1,ok=false
VD,method=Main#main:1 <name=l,type=int (id=7),value=<?>,index=23>
VW,context=Main#main:1,k=6
VD,method=Main#main:1 <name=ok,type=boolean (id=2),value=<?>,index=22>
VW,context=Main#main:1,ok=true
VW,context=Main#main:1,l=1
VW,context=Main#main:1,ok=false
VD,method=Main#main:1 <name=l,type=int (id=7),value=<?>,index=23>
VW,context=Main#main:1,k=7
VD,method=Main#main:1 <name=ok,type=boolean (id=2),value=<?>,index=22>
VW,context=Main#main:1,ok=true
VW,context=Main#main:1,k=8
VD,method=Main#main:1 <name=ok,type=boolean (id=2),value=<?>,index=22>
VW,context=Main#main:1,ok=true
VW,context=Main#main:1,k=9
VD,method=Main#main:1 <name=ok,type=boolean (id=2),value=<?>,index=22>
VW,context=Main#main:1,ok=true
VW,context=Main#main:1,k=10
VD,method=Main#main:1 <name=ok,type=boolean (id=2),value=<?>,index=22>
VW,context=Main#main:1,ok=true
VW,context=Main#main:1,k=11
VD,method=Main#main:1 <name=ok,type=boolean (id=2),value=<?>,index=22>
VW,context=Main#main:1,ok=true
VW,context=Main#main:1,k=12
VD,method=Main#main:1 <name=ok,type=boolean (id=2),value=<?>,index=22>
VW,context=Main#main:1,ok=true
VD,method=Main#main:1 <name=ok,type=boolean (id=2),value=<?>,index=22>
VD,method=Main#main:1 <name=k,type=int (id=7),value=<?>,index=21>
VW,context=Main#main:1,zz=1
VD,method=Main#main:1 <name=w,type=int (id=7),value=<?>,index=20>
VW,context=Main#main:1,w=2
VW,context=Main#main:1,k=0
VW,context=Main#main:1,ok=true
VW,context=Main#main:1,l=1
VW,context=Main#main:1,ok=false
VD,method=Main#main:1 <name=l,type=int (id=7),value=<?>,index=23>
VW,context=Main#main:1,k=1
VD,method=Main#main:1 <name=ok,type=boolean (id=2),value=<?>,index=22>
VW,context=Main#main:1,ok=true
VW,context=Main#main:1,k=2
VD,method=Main#main:1 <name=ok,type=boolean (id=2),value=<?>,index=22>
VW,context=Main#main:1,ok=true
VW,context=Main#main:1,k=3
VD,method=Main#main:1 <name=ok,type=boolean (id=2),value=<?>,index=22>
VW,context=Main#main:1,ok=true
VW,context=Main#main:1,k=4
VD,method=Main#main:1 <name=ok,type=boolean (id=2),value=<?>,index=22>
VW,context=Main#main:1,ok=true
VW,context=Main#main:1,l=1
VW,context=Main#main:1,ok=false
VD,method=Main#main:1 <name=l,type=int (id=7),value=<?>,index=23>
VW,context=Main#main:1,k=5
VD,method=Main#main:1 <name=ok,type=boolean (id=2),value=<?>,index=22>
VW,context=Main#main:1,ok=true
VW,context=Main#main:1,l=1
VW,context=Main#main:1,ok=false
VD,method=Main#main:1 <name=l,type=int (id=7),value=<?>,index=23>
VW,context=Main#main:1,k=6
VD,method=Main#main:1 <name=ok,type=boolean (id=2),value=<?>,index=22>
VW,context=Main#main:1,ok=true
VW,context=Main#main:1,k=7
VD,method=Main#main:1 <name=ok,type=boolean (id=2),value=<?>,index=22>
VW,context=Main#main:1,ok=true
VW,context=Main#main:1,k=8
VD,method=Main#main:1 <name=ok,type=boolean (id=2),value=<?>,index=22>
VW,context=Main#main:1,ok=true
VW,context=Main#main:1,k=9
VD,method=Main#main:1 <name=ok,type=boolean (id=2),value=<?>,index=22>
VW,context=Main#main:1,ok=true
VW,context=Main#main:1,k=10
VD,method=Main#main:1 <name=ok,type=boolean (id=2),value=<?>,index=22>
VW,context=Main#main:1,ok=true
VW,context=Main#main:1,k=11
VD,method=Main#main:1 <name=ok,type=boolean (id=2),value=<?>,index=22>
VW,context=Main#main:1,ok=true
VW,context=Main#main:1,k=12
VD,method=Main#main:1 <name=ok,type=boolean (id=2),value=<?>,index=22>
VW,context=Main#main:1,ok=true
VD,method=Main#main:1 <name=ok,type=boolean (id=2),value=<?>,index=22>
VD,method=Main#main:1 <name=k,type=int (id=7),value=<?>,index=21>
VW,context=Main#main:1,zz=2
VD,method=Main#main:1 <name=w,type=int (id=7),value=<?>,index=20>
VD,method=Main#main:1 <name=zz,type=int (id=7),value=<?>,index=19>
VW,context=Main#main:1,yy=1
VW,context=Main#main:1,zz=0
VW,context=Main#main:1,zz=1
VW,context=Main#main:1,zz=2
VD,method=Main#main:1 <name=zz,type=int (id=7),value=<?>,index=19>
VW,context=Main#main:1,yy=2
VW,context=Main#main:1,zz=0
VW,context=Main#main:1,zz=1
VW,context=Main#main:1,zz=2
VD,method=Main#main:1 <name=zz,type=int (id=7),value=<?>,index=19>
VD,method=Main#main:1 <name=yy,type=int (id=7),value=<?>,index=18>
VW,context=Main#main:1,xx=1
VW,context=Main#main:1,yy=0
VW,context=Main#main:1,zz=0
VW,context=Main#main:1,zz=1
VW,context=Main#main:1,zz=2
VD,method=Main#main:1 <name=zz,type=int (id=7),value=<?>,index=19>
VW,context=Main#main:1,yy=1
VW,context=Main#main:1,zz=0
VW,context=Main#main:1,zz=1
VW,context=Main#main:1,zz=2
VD,method=Main#main:1 <name=zz,type=int (id=7),value=<?>,index=19>
VW,context=Main#main:1,yy=2
VW,context=Main#main:1,zz=0
VW,context=Main#main:1,zz=1
VW,context=Main#main:1,zz=2
VD,method=Main#main:1 <name=zz,type=int (id=7),value=<?>,index=19>
VD,method=Main#main:1 <name=yy,type=int (id=7),value=<?>,index=18>
VW,context=Main#main:1,xx=2
VW,context=Main#main:1,yy=0
VW,context=Main#main:1,zz=0
VW,context=Main#main:1,zz=1
VW,context=Main#main:1,zz=2
VD,method=Main#main:1 <name=zz,type=int (id=7),value=<?>,index=19>
VW,context=Main#main:1,yy=1
VW,context=Main#main:1,zz=0
VW,context=Main#main:1,zz=1
VW,context=Main#main:1,zz=2
VD,method=Main#main:1 <name=zz,type=int (id=7),value=<?>,index=19>
VW,context=Main#main:1,yy=2
VW,context=Main#main:1,zz=0
VW,context=Main#main:1,zz=1
VW,context=Main#main:1,zz=2
VD,method=Main#main:1 <name=zz,type=int (id=7),value=<?>,index=19>
VD,method=Main#main:1 <name=yy,type=int (id=7),value=<?>,index=18>
VD,method=Main#main:1 <name=xx,type=int (id=7),value=<?>,index=17>
VW,context=Main#main:1,now=1
VW,context=Main#main:1,i=2
VW,context=Main#main:1,j=0
VW,context=Main#main:1,j=1
VW,context=Main#main:1,j=2
VW,context=Main#main:1,map=int[][][]:1
VD,method=Main#main:1 <name=j,type=int (id=7),value=<?>,index=16>
VW,context=Main#main:1,xx=0
VW,context=Main#main:1,yy=0
VW,context=Main#main:1,zz=0
VW,context=Main#main:1,w=1
VW,context=Main#main:1,k=0
VW,context=Main#main:1,ok=true
VW,context=Main#main:1,l=1
VW,context=Main#main:1,ok=false
VD,method=Main#main:1 <name=l,type=int (id=7),value=<?>,index=23>
VW,context=Main#main:1,k=1
VD,method=Main#main:1 <name=ok,type=boolean (id=2),value=<?>,index=22>
VW,context=Main#main:1,ok=true
VW,context=Main#main:1,l=1
VW,context=Main#main:1,ok=false
VD,method=Main#main:1 <name=l,type=int (id=7),value=<?>,index=23>
VW,context=Main#main:1,k=2
VD,method=Main#main:1 <name=ok,type=boolean (id=2),value=<?>,index=22>
VW,context=Main#main:1,ok=true
VW,context=Main#main:1,l=1
VW,context=Main#main:1,ok=false
VD,method=Main#main:1 <name=l,type=int (id=7),value=<?>,index=23>
VW,context=Main#main:1,k=3
VD,method=Main#main:1 <name=ok,type=boolean (id=2),value=<?>,index=22>
VW,context=Main#main:1,ok=true
VW,context=Main#main:1,l=1
VW,context=Main#main:1,ok=false
VD,method=Main#main:1 <name=l,type=int (id=7),value=<?>,index=23>
VW,context=Main#main:1,k=4
VD,method=Main#main:1 <name=ok,type=boolean (id=2),value=<?>,index=22>
VW,context=Main#main:1,ok=true
VW,context=Main#main:1,l=1
VW,context=Main#main:1,ok=false
VD,method=Main#main:1 <name=l,type=int (id=7),value=<?>,index=23>
VW,context=Main#main:1,k=5
VD,method=Main#main:1 <name=ok,type=boolean (id=2),value=<?>,index=22>
VW,context=Main#main:1,ok=true
VW,context=Main#main:1,l=1
VW,context=Main#main:1,ok=false
VD,method=Main#main:1 <name=l,type=int (id=7),value=<?>,index=23>
VW,context=Main#main:1,k=6
VD,method=Main#main:1 <name=ok,type=boolean (id=2),value=<?>,index=22>
VW,context=Main#main:1,ok=true
VW,context=Main#main:1,l=1
VW,context=Main#main:1,ok=false
VD,method=Main#main:1 <name=l,type=int (id=7),value=<?>,index=23>
VW,context=Main#main:1,k=7
VD,method=Main#main:1 <name=ok,type=boolean (id=2),value=<?>,index=22>
VW,context=Main#main:1,ok=true
VW,context=Main#main:1,k=8
VD,method=Main#main:1 <name=ok,type=boolean (id=2),value=<?>,index=22>
VW,context=Main#main:1,ok=true
VW,context=Main#main:1,k=9
VD,method=Main#main:1 <name=ok,type=boolean (id=2),value=<?>,index=22>
VW,context=Main#main:1,ok=true
VW,context=Main#main:1,k=10
VD,method=Main#main:1 <name=ok,type=boolean (id=2),value=<?>,index=22>
VW,context=Main#main:1,ok=true
VW,context=Main#main:1,k=11
VD,method=Main#main:1 <name=ok,type=boolean (id=2),value=<?>,index=22>
VW,context=Main#main:1,ok=true
VW,context=Main#main:1,k=12
VD,method=Main#main:1 <name=ok,type=boolean (id=2),value=<?>,index=22>
VW,context=Main#main:1,ok=true
VD,method=Main#main:1 <name=ok,type=boolean (id=2),value=<?>,index=22>
VD,method=Main#main:1 <name=k,type=int (id=7),value=<?>,index=21>
VW,context=Main#main:1,zz=1
VD,method=Main#main:1 <name=w,type=int (id=7),value=<?>,index=20>
VW,context=Main#main:1,w=2
VW,context=Main#main:1,k=0
VW,context=Main#main:1,ok=true
VW,context=Main#main:1,l=1
VW,context=Main#main:1,ok=false
VD,method=Main#main:1 <name=l,type=int (id=7),value=<?>,index=23>
VW,context=Main#main:1,k=1
VD,method=Main#main:1 <name=ok,type=boolean (id=2),value=<?>,index=22>
VW,context=Main#main:1,ok=true
VW,context=Main#main:1,k=2
VD,method=Main#main:1 <name=ok,type=boolean (id=2),value=<?>,index=22>
VW,context=Main#main:1,ok=true
VW,context=Main#main:1,k=3
VD,method=Main#main:1 <name=ok,type=boolean (id=2),value=<?>,index=22>
VW,context=Main#main:1,ok=true
VW,context=Main#main:1,k=4
VD,method=Main#main:1 <name=ok,type=boolean (id=2),value=<?>,index=22>
VW,context=Main#main:1,ok=true
VW,context=Main#main:1,l=1
VW,context=Main#main:1,ok=false
VD,method=Main#main:1 <name=l,type=int (id=7),value=<?>,index=23>
VW,context=Main#main:1,k=5
VD,method=Main#main:1 <name=ok,type=boolean (id=2),value=<?>,index=22>
VW,context=Main#main:1,ok=true
VW,context=Main#main:1,l=1
VW,context=Main#main:1,ok=false
VD,method=Main#main:1 <name=l,type=int (id=7),value=<?>,index=23>
VW,context=Main#main:1,k=6
VD,method=Main#main:1 <name=ok,type=boolean (id=2),value=<?>,index=22>
VW,context=Main#main:1,ok=true
VW,context=Main#main:1,k=7
VD,method=Main#main:1 <name=ok,type=boolean (id=2),value=<?>,index=22>
VW,context=Main#main:1,ok=true
VW,context=Main#main:1,k=8
VD,method=Main#main:1 <name=ok,type=boolean (id=2),value=<?>,index=22>
VW,context=Main#main:1,ok=true
VW,context=Main#main:1,k=9
VD,method=Main#main:1 <name=ok,type=boolean (id=2),value=<?>,index=22>
VW,context=Main#main:1,ok=true
VW,context=Main#main:1,k=10
VD,method=Main#main:1 <name=ok,type=boolean (id=2),value=<?>,index=22>
VW,context=Main#main:1,ok=true
VW,context=Main#main:1,k=11
VD,method=Main#main:1 <name=ok,type=boolean (id=2),value=<?>,index=22>
VW,context=Main#main:1,ok=true
VW,context=Main#main:1,k=12
VD,method=Main#main:1 <name=ok,type=boolean (id=2),value=<?>,index=22>
VW,context=Main#main:1,ok=true
VD,method=Main#main:1 <name=ok,type=boolean (id=2),value=<?>,index=22>
VD,method=Main#main:1 <name=k,type=int (id=7),value=<?>,index=21>
VW,context=Main#main:1,zz=2
VD,method=Main#main:1 <name=w,type=int (id=7),value=<?>,index=20>
VW,context=Main#main:1,w=1
VW,context=Main#main:1,k=0
VW,context=Main#main:1,ok=true
VW,context=Main#main:1,l=1
VW,context=Main#main:1,ok=false
VD,method=Main#main:1 <name=l,type=int (id=7),value=<?>,index=23>
VW,context=Main#main:1,k=1
VD,method=Main#main:1 <name=ok,type=boolean (id=2),value=<?>,index=22>
VW,context=Main#main:1,ok=true
VW,context=Main#main:1,k=2
VD,method=Main#main:1 <name=ok,type=boolean (id=2),value=<?>,index=22>
VW,context=Main#main:1,ok=true
VW,context=Main#main:1,k=3
VD,method=Main#main:1 <name=ok,type=boolean (id=2),value=<?>,index=22>
VW,context=Main#main:1,ok=true
VW,context=Main#main:1,k=4
VD,method=Main#main:1 <name=ok,type=boolean (id=2),value=<?>,index=22>
VW,context=Main#main:1,ok=true
VW,context=Main#main:1,l=1
VW,context=Main#main:1,ok=false
VD,method=Main#main:1 <name=l,type=int (id=7),value=<?>,index=23>
VW,context=Main#main:1,k=5
VD,method=Main#main:1 <name=ok,type=boolean (id=2),value=<?>,index=22>
VW,context=Main#main:1,ok=true
VW,context=Main#main:1,l=1
VW,context=Main#main:1,ok=false
VD,method=Main#main:1 <name=l,type=int (id=7),value=<?>,index=23>
VW,context=Main#main:1,k=6
VD,method=Main#main:1 <name=ok,type=boolean (id=2),value=<?>,index=22>
VW,context=Main#main:1,ok=true
VW,context=Main#main:1,k=7
VD,method=Main#main:1 <name=ok,type=boolean (id=2),value=<?>,index=22>
VW,context=Main#main:1,ok=true
VW,context=Main#main:1,k=8
VD,method=Main#main:1 <name=ok,type=boolean (id=2),value=<?>,index=22>
VW,context=Main#main:1,ok=true
VW,context=Main#main:1,k=9
VD,method=Main#main:1 <name=ok,type=boolean (id=2),value=<?>,index=22>
VW,context=Main#main:1,ok=true
VW,context=Main#main:1,l=1
VW,context=Main#main:1,ok=false
VD,method=Main#main:1 <name=l,type=int (id=7),value=<?>,index=23>
VW,context=Main#main:1,k=10
VD,method=Main#main:1 <name=ok,type=boolean (id=2),value=<?>,index=22>
VW,context=Main#main:1,ok=true
VW,context=Main#main:1,k=11
VD,method=Main#main:1 <name=ok,type=boolean (id=2),value=<?>,index=22>
VW,context=Main#main:1,ok=true
VW,context=Main#main:1,l=1
VW,context=Main#main:1,ok=false
VD,method=Main#main:1 <name=l,type=int (id=7),value=<?>,index=23>
VW,context=Main#main:1,k=12
VD,method=Main#main:1 <name=ok,type=boolean (id=2),value=<?>,index=22>
VW,context=Main#main:1,ok=true
VW,context=Main#main:1,l=1
VW,context=Main#main:1,ok=false
VD,method=Main#main:1 <name=l,type=int (id=7),value=<?>,index=23>
VD,method=Main#main:1 <name=ok,type=boolean (id=2),value=<?>,index=22>
VD,method=Main#main:1 <name=k,type=int (id=7),value=<?>,index=21>
VD,method=Main#main:1 <name=w,type=int (id=7),value=<?>,index=20>
VD,method=Main#main:1 <name=zz,type=int (id=7),value=<?>,index=19>
VW,context=Main#main:1,yy=1
VW,context=Main#main:1,zz=0
VW,context=Main#main:1,zz=1
VW,context=Main#main:1,zz=2
VD,method=Main#main:1 <name=zz,type=int (id=7),value=<?>,index=19>
VW,context=Main#main:1,yy=2
VW,context=Main#main:1,zz=0
VW,context=Main#main:1,zz=1
VW,context=Main#main:1,zz=2
VD,method=Main#main:1 <name=zz,type=int (id=7),value=<?>,index=19>
VD,method=Main#main:1 <name=yy,type=int (id=7),value=<?>,index=18>
VW,context=Main#main:1,xx=1
VW,context=Main#main:1,yy=0
VW,context=Main#main:1,zz=0
VW,context=Main#main:1,zz=1
VW,context=Main#main:1,zz=2
VD,method=Main#main:1 <name=zz,type=int (id=7),value=<?>,index=19>
VW,context=Main#main:1,yy=1
VW,context=Main#main:1,zz=0
VW,context=Main#main:1,zz=1
VW,context=Main#main:1,zz=2
VD,method=Main#main:1 <name=zz,type=int (id=7),value=<?>,index=19>
VW,context=Main#main:1,yy=2
VW,context=Main#main:1,zz=0
VW,context=Main#main:1,zz=1
VW,context=Main#main:1,zz=2
VD,method=Main#main:1 <name=zz,type=int (id=7),value=<?>,index=19>
VD,method=Main#main:1 <name=yy,type=int (id=7),value=<?>,index=18>
VW,context=Main#main:1,xx=2
VW,context=Main#main:1,yy=0
VW,context=Main#main:1,zz=0
VW,context=Main#main:1,zz=1
VW,context=Main#main:1,zz=2
VD,method=Main#main:1 <name=zz,type=int (id=7),value=<?>,index=19>
VW,context=Main#main:1,yy=1
VW,context=Main#main:1,zz=0
VW,context=Main#main:1,zz=1
VW,context=Main#main:1,zz=2
VD,method=Main#main:1 <name=zz,type=int (id=7),value=<?>,index=19>
VW,context=Main#main:1,yy=2
VW,context=Main#main:1,zz=0
VW,context=Main#main:1,zz=1
VW,context=Main#main:1,zz=2
VD,method=Main#main:1 <name=zz,type=int (id=7),value=<?>,index=19>
VD,method=Main#main:1 <name=yy,type=int (id=7),value=<?>,index=18>
VD,method=Main#main:1 <name=xx,type=int (id=7),value=<?>,index=17>
VW,context=Main#main:1,now=2
VD,method=Main#main:1 <name=i,type=int (id=7),value=<?>,index=15>
FR,context=Main,out
FR,context=Main,out
VD,method=Main#main:1 <name=n,type=int (id=7),value=<?>,index=1>
VD,method=Main#main:1 <name=m,type=int (id=7),value=<?>,index=2>
VD,method=Main#main:1 <name=p,type=int (id=7),value=<?>,index=3>
VD,method=Main#main:1 <name=map,type=int[][][] (id=106),value=<?>,index=4>
VD,method=Main#main:1 <name=dx,type=int[] (id=77),value=<?>,index=5>
VD,method=Main#main:1 <name=dy,type=int[] (id=77),value=<?>,index=6>
VD,method=Main#main:1 <name=dz,type=int[] (id=77),value=<?>,index=7>
VD,method=Main#main:1 <name=x,type=int[] (id=77),value=<?>,index=8>
VD,method=Main#main:1 <name=y,type=int[] (id=77),value=<?>,index=9>
VD,method=Main#main:1 <name=ans,type=int (id=7),value=<?>,index=10>
VD,method=Main#main:1 <name=count,type=int (id=7),value=<?>,index=11>
VD,method=Main#main:1 <name=now,type=int (id=7),value=<?>,index=13>
VD,method=Main#main:1 <name=flag,type=boolean (id=2),value=<?>,index=14>
FR,context=Main,sc
MC,caller=Main#main:1,target=Reader:1#nextInt:10
MC,caller=Reader:1#nextInt:10,target=Reader:1#nextLong:10
MC,caller=Reader:1#nextLong:10,target=Reader:1#hasNext:10
MC,caller=Reader:1#hasNext:10,target=Reader:1#skip:10
MC,caller=Reader:1#skip:10,target=Reader:1#hasNextByte:40
FR,context=Reader:1,ptr
FR,context=Reader:1,buflen
VW,context=Reader:1#hasNextByte:40,result=true
ME,returner=Reader:1#hasNextByte:40,value=true
FR,context=Reader:1,buf
FR,context=Reader:1,ptr
MC,caller=Reader:1#skip:10,target=Reader:1#isPrintableChar:22
VW,context=Reader:1#isPrintableChar:22,c=10
VW,context=Reader:1#isPrintableChar:22,result=false
ME,returner=Reader:1#isPrintableChar:22,value=false
FR,context=Reader:1,ptr
FW,context=Reader:1,ptr=22
MC,caller=Reader:1#skip:10,target=Reader:1#hasNextByte:41
FR,context=Reader:1,ptr
FR,context=Reader:1,buflen
VW,context=Reader:1#hasNextByte:41,result=true
ME,returner=Reader:1#hasNextByte:41,value=true
FR,context=Reader:1,buf
FR,context=Reader:1,ptr
MC,caller=Reader:1#skip:10,target=Reader:1#isPrintableChar:23
VW,context=Reader:1#isPrintableChar:23,c=51
VW,context=Reader:1#isPrintableChar:23,result=true
ME,returner=Reader:1#isPrintableChar:23,value=true
ME,returner=Reader:1#skip:10,value=<void>
MC,caller=Reader:1#hasNext:10,target=Reader:1#hasNextByte:42
FR,context=Reader:1,ptr
FR,context=Reader:1,buflen
VW,context=Reader:1#hasNextByte:42,result=true
ME,returner=Reader:1#hasNextByte:42,value=true
VW,context=Reader:1#hasNext:10,result=true
ME,returner=Reader:1#hasNext:10,value=true
VW,context=Reader:1#nextLong:10,minus=false
MC,caller=Reader:1#nextLong:10,target=Reader:1#readByte:19
MC,caller=Reader:1#readByte:19,target=Reader:1#hasNextByte:43
FR,context=Reader:1,ptr
FR,context=Reader:1,buflen
VW,context=Reader:1#hasNextByte:43,result=true
ME,returner=Reader:1#hasNextByte:43,value=true
FR,context=Reader:1,buf
FR,context=Reader:1,ptr
FW,context=Reader:1,ptr=23
VW,context=Reader:1#readByte:19,result=51
ME,returner=Reader:1#readByte:19,value=51
VW,context=Reader:1#nextLong:10,num=51
VW,context=Reader:1#nextLong:10,num=3
MC,caller=Reader:1#nextLong:10,target=Reader:1#readByte:20
MC,caller=Reader:1#readByte:20,target=Reader:1#hasNextByte:44
FR,context=Reader:1,ptr
FR,context=Reader:1,buflen
VW,context=Reader:1#hasNextByte:44,result=true
ME,returner=Reader:1#hasNextByte:44,value=true
FR,context=Reader:1,buf
FR,context=Reader:1,ptr
FW,context=Reader:1,ptr=24
VW,context=Reader:1#readByte:20,result=32
ME,returner=Reader:1#readByte:20,value=32
VW,context=Reader:1#nextLong:10,b=32
MC,caller=Reader:1#nextLong:10,target=Reader:1#isPrintableChar:24
VW,context=Reader:1#isPrintableChar:24,c=32
VW,context=Reader:1#isPrintableChar:24,result=false
ME,returner=Reader:1#isPrintableChar:24,value=false
VW,context=Reader:1#nextLong:10,result=3
ME,returner=Reader:1#nextLong:10,value=3
VW,context=Reader:1#nextInt:10,num=3
VW,context=Reader:1#nextInt:10,result=3
ME,returner=Reader:1#nextInt:10,value=3
VW,context=Main#main:1,n=3
FR,context=Main,sc
MC,caller=Main#main:1,target=Reader:1#nextInt:11
MC,caller=Reader:1#nextInt:11,target=Reader:1#nextLong:11
MC,caller=Reader:1#nextLong:11,target=Reader:1#hasNext:11
MC,caller=Reader:1#hasNext:11,target=Reader:1#skip:11
MC,caller=Reader:1#skip:11,target=Reader:1#hasNextByte:45
FR,context=Reader:1,ptr
FR,context=Reader:1,buflen
VW,context=Reader:1#hasNextByte:45,result=true
ME,returner=Reader:1#hasNextByte:45,value=true
FR,context=Reader:1,buf
FR,context=Reader:1,ptr
MC,caller=Reader:1#skip:11,target=Reader:1#isPrintableChar:25
VW,context=Reader:1#isPrintableChar:25,c=51
VW,context=Reader:1#isPrintableChar:25,result=true
ME,returner=Reader:1#isPrintableChar:25,value=true
ME,returner=Reader:1#skip:11,value=<void>
MC,caller=Reader:1#hasNext:11,target=Reader:1#hasNextByte:46
FR,context=Reader:1,ptr
FR,context=Reader:1,buflen
VW,context=Reader:1#hasNextByte:46,result=true
ME,returner=Reader:1#hasNextByte:46,value=true
VW,context=Reader:1#hasNext:11,result=true
ME,returner=Reader:1#hasNext:11,value=true
VW,context=Reader:1#nextLong:11,minus=false
MC,caller=Reader:1#nextLong:11,target=Reader:1#readByte:21
MC,caller=Reader:1#readByte:21,target=Reader:1#hasNextByte:47
FR,context=Reader:1,ptr
FR,context=Reader:1,buflen
VW,context=Reader:1#hasNextByte:47,result=true
ME,returner=Reader:1#hasNextByte:47,value=true
FR,context=Reader:1,buf
FR,context=Reader:1,ptr
FW,context=Reader:1,ptr=25
VW,context=Reader:1#readByte:21,result=51
ME,returner=Reader:1#readByte:21,value=51
VW,context=Reader:1#nextLong:11,num=51
VW,context=Reader:1#nextLong:11,num=3
MC,caller=Reader:1#nextLong:11,target=Reader:1#readByte:22
MC,caller=Reader:1#readByte:22,target=Reader:1#hasNextByte:48
FR,context=Reader:1,ptr
FR,context=Reader:1,buflen
VW,context=Reader:1#hasNextByte:48,result=true
ME,returner=Reader:1#hasNextByte:48,value=true
FR,context=Reader:1,buf
FR,context=Reader:1,ptr
FW,context=Reader:1,ptr=26
VW,context=Reader:1#readByte:22,result=32
ME,returner=Reader:1#readByte:22,value=32
VW,context=Reader:1#nextLong:11,b=32
MC,caller=Reader:1#nextLong:11,target=Reader:1#isPrintableChar:26
VW,context=Reader:1#isPrintableChar:26,c=32
VW,context=Reader:1#isPrintableChar:26,result=false
ME,returner=Reader:1#isPrintableChar:26,value=false
VW,context=Reader:1#nextLong:11,result=3
ME,returner=Reader:1#nextLong:11,value=3
VW,context=Reader:1#nextInt:11,num=3
VW,context=Reader:1#nextInt:11,result=3
ME,returner=Reader:1#nextInt:11,value=3
VW,context=Main#main:1,m=3
FR,context=Main,sc
MC,caller=Main#main:1,target=Reader:1#nextInt:12
MC,caller=Reader:1#nextInt:12,target=Reader:1#nextLong:12
MC,caller=Reader:1#nextLong:12,target=Reader:1#hasNext:12
MC,caller=Reader:1#hasNext:12,target=Reader:1#skip:12
MC,caller=Reader:1#skip:12,target=Reader:1#hasNextByte:49
FR,context=Reader:1,ptr
FR,context=Reader:1,buflen
VW,context=Reader:1#hasNextByte:49,result=true
ME,returner=Reader:1#hasNextByte:49,value=true
FR,context=Reader:1,buf
FR,context=Reader:1,ptr
MC,caller=Reader:1#skip:12,target=Reader:1#isPrintableChar:27
VW,context=Reader:1#isPrintableChar:27,c=55
VW,context=Reader:1#isPrintableChar:27,result=true
ME,returner=Reader:1#isPrintableChar:27,value=true
ME,returner=Reader:1#skip:12,value=<void>
MC,caller=Reader:1#hasNext:12,target=Reader:1#hasNextByte:50
FR,context=Reader:1,ptr
FR,context=Reader:1,buflen
VW,context=Reader:1#hasNextByte:50,result=true
ME,returner=Reader:1#hasNextByte:50,value=true
VW,context=Reader:1#hasNext:12,result=true
ME,returner=Reader:1#hasNext:12,value=true
VW,context=Reader:1#nextLong:12,minus=false
MC,caller=Reader:1#nextLong:12,target=Reader:1#readByte:23
MC,caller=Reader:1#readByte:23,target=Reader:1#hasNextByte:51
FR,context=Reader:1,ptr
FR,context=Reader:1,buflen
VW,context=Reader:1#hasNextByte:51,result=true
ME,returner=Reader:1#hasNextByte:51,value=true
FR,context=Reader:1,buf
FR,context=Reader:1,ptr
FW,context=Reader:1,ptr=27
VW,context=Reader:1#readByte:23,result=55
ME,returner=Reader:1#readByte:23,value=55
VW,context=Reader:1#nextLong:12,num=55
VW,context=Reader:1#nextLong:12,num=7
MC,caller=Reader:1#nextLong:12,target=Reader:1#readByte:24
MC,caller=Reader:1#readByte:24,target=Reader:1#hasNextByte:52
FR,context=Reader:1,ptr
FR,context=Reader:1,buflen
VW,context=Reader:1#hasNextByte:52,result=true
ME,returner=Reader:1#hasNextByte:52,value=true
FR,context=Reader:1,buf
FR,context=Reader:1,ptr
FW,context=Reader:1,ptr=28
VW,context=Reader:1#readByte:24,result=13
ME,returner=Reader:1#readByte:24,value=13
VW,context=Reader:1#nextLong:12,b=13
MC,caller=Reader:1#nextLong:12,target=Reader:1#isPrintableChar:28
VW,context=Reader:1#isPrintableChar:28,c=13
VW,context=Reader:1#isPrintableChar:28,result=false
ME,returner=Reader:1#isPrintableChar:28,value=false
VW,context=Reader:1#nextLong:12,result=7
ME,returner=Reader:1#nextLong:12,value=7
VW,context=Reader:1#nextInt:12,num=7
VW,context=Reader:1#nextInt:12,result=7
ME,returner=Reader:1#nextInt:12,value=7
VW,context=Main#main:1,p=7
NO,object=int[][][]:2
NO,object=int[][]:4
NO,object=int[]:15
FW,context=int[]:15,0=0
FW,context=int[]:15,1=0
FW,context=int[]:15,2=0
FW,context=int[][]:4,0=int[]:15
NO,object=int[]:16
FW,context=int[]:16,0=0
FW,context=int[]:16,1=0
FW,context=int[]:16,2=0
FW,context=int[][]:4,1=int[]:16
NO,object=int[]:17
FW,context=int[]:17,0=0
FW,context=int[]:17,1=0
FW,context=int[]:17,2=0
FW,context=int[][]:4,2=int[]:17
FW,context=int[][][]:2,0=int[][]:4
NO,object=int[][]:5
NO,object=int[]:18
FW,context=int[]:18,0=0
FW,context=int[]:18,1=0
FW,context=int[]:18,2=0
FW,context=int[][]:5,0=int[]:18
NO,object=int[]:19
FW,context=int[]:19,0=0
FW,context=int[]:19,1=0
FW,context=int[]:19,2=0
FW,context=int[][]:5,1=int[]:19
NO,object=int[]:20
FW,context=int[]:20,0=0
FW,context=int[]:20,1=0
FW,context=int[]:20,2=0
FW,context=int[][]:5,2=int[]:20
FW,context=int[][][]:2,1=int[][]:5
NO,object=int[][]:6
NO,object=int[]:21
FW,context=int[]:21,0=0
FW,context=int[]:21,1=0
FW,context=int[]:21,2=0
FW,context=int[][]:6,0=int[]:21
NO,object=int[]:22
FW,context=int[]:22,0=0
FW,context=int[]:22,1=0
FW,context=int[]:22,2=0
FW,context=int[][]:6,1=int[]:22
NO,object=int[]:23
FW,context=int[]:23,0=0
FW,context=int[]:23,1=0
FW,context=int[]:23,2=0
FW,context=int[][]:6,2=int[]:23
FW,context=int[][][]:2,2=int[][]:6
VW,context=Main#main:1,map=int[][][]:2
NO,object=int[]:24
FW,context=int[]:24,0=1
FW,context=int[]:24,1=1
FW,context=int[]:24,2=0
FW,context=int[]:24,3=0
FW,context=int[]:24,4=0
FW,context=int[]:24,5=1
FW,context=int[]:24,6=1
FW,context=int[]:24,7=1
FW,context=int[]:24,8=1
FW,context=int[]:24,9=1
FW,context=int[]:24,10=1
FW,context=int[]:24,11=0
FW,context=int[]:24,12=1
VW,context=Main#main:1,dx=int[]:24
NO,object=int[]:25
FW,context=int[]:25,0=0
FW,context=int[]:25,1=0
FW,context=int[]:25,2=0
FW,context=int[]:25,3=1
FW,context=int[]:25,4=1
FW,context=int[]:25,5=1
FW,context=int[]:25,6=1
FW,context=int[]:25,7=-1
FW,context=int[]:25,8=-1
FW,context=int[]:25,9=1
FW,context=int[]:25,10=-1
FW,context=int[]:25,11=1
FW,context=int[]:25,12=0
VW,context=Main#main:1,dy=int[]:25
NO,object=int[]:26
FW,context=int[]:26,0=0
FW,context=int[]:26,1=1
FW,context=int[]:26,2=1
FW,context=int[]:26,3=1
FW,context=int[]:26,4=0
FW,context=int[]:26,5=0
FW,context=int[]:26,6=1
FW,context=int[]:26,7=1
FW,context=int[]:26,8=-1
FW,context=int[]:26,9=-1
FW,context=int[]:26,10=0
FW,context=int[]:26,11=-1
FW,context=int[]:26,12=-1
VW,context=Main#main:1,dz=int[]:26
NO,object=int[]:27
FW,context=int[]:27,0=0
FW,context=int[]:27,1=0
FW,context=int[]:27,2=0
FW,context=int[]:27,3=0
FW,context=int[]:27,4=0
FW,context=int[]:27,5=0
FW,context=int[]:27,6=0
VW,context=Main#main:1,x=int[]:27
NO,object=int[]:28
FW,context=int[]:28,0=0
FW,context=int[]:28,1=0
FW,context=int[]:28,2=0
FW,context=int[]:28,3=0
FW,context=int[]:28,4=0
FW,context=int[]:28,5=0
FW,context=int[]:28,6=0
VW,context=Main#main:1,y=int[]:28
VW,context=Main#main:1,ans=0
VW,context=Main#main:1,count=0
VW,context=Main#main:1,i=0
FR,context=Main,sc
MC,caller=Main#main:1,target=Reader:1#nextInt:13
MC,caller=Reader:1#nextInt:13,target=Reader:1#nextLong:13
MC,caller=Reader:1#nextLong:13,target=Reader:1#hasNext:13
MC,caller=Reader:1#hasNext:13,target=Reader:1#skip:13
MC,caller=Reader:1#skip:13,target=Reader:1#hasNextByte:53
FR,context=Reader:1,ptr
FR,context=Reader:1,buflen
VW,context=Reader:1#hasNextByte:53,result=true
ME,returner=Reader:1#hasNextByte:53,value=true
FR,context=Reader:1,buf
FR,context=Reader:1,ptr
MC,caller=Reader:1#skip:13,target=Reader:1#isPrintableChar:29
VW,context=Reader:1#isPrintableChar:29,c=10
VW,context=Reader:1#isPrintableChar:29,result=false
ME,returner=Reader:1#isPrintableChar:29,value=false
FR,context=Reader:1,ptr
FW,context=Reader:1,ptr=29
MC,caller=Reader:1#skip:13,target=Reader:1#hasNextByte:54
FR,context=Reader:1,ptr
FR,context=Reader:1,buflen
VW,context=Reader:1#hasNextByte:54,result=true
ME,returner=Reader:1#hasNextByte:54,value=true
FR,context=Reader:1,buf
FR,context=Reader:1,ptr
MC,caller=Reader:1#skip:13,target=Reader:1#isPrintableChar:30
VW,context=Reader:1#isPrintableChar:30,c=50
VW,context=Reader:1#isPrintableChar:30,result=true
ME,returner=Reader:1#isPrintableChar:30,value=true
ME,returner=Reader:1#skip:13,value=<void>
MC,caller=Reader:1#hasNext:13,target=Reader:1#hasNextByte:55
FR,context=Reader:1,ptr
FR,context=Reader:1,buflen
VW,context=Reader:1#hasNextByte:55,result=true
ME,returner=Reader:1#hasNextByte:55,value=true
VW,context=Reader:1#hasNext:13,result=true
ME,returner=Reader:1#hasNext:13,value=true
VW,context=Reader:1#nextLong:13,minus=false
MC,caller=Reader:1#nextLong:13,target=Reader:1#readByte:25
MC,caller=Reader:1#readByte:25,target=Reader:1#hasNextByte:56
FR,context=Reader:1,ptr
FR,context=Reader:1,buflen
VW,context=Reader:1#hasNextByte:56,result=true
ME,returner=Reader:1#hasNextByte:56,value=true
FR,context=Reader:1,buf
FR,context=Reader:1,ptr
FW,context=Reader:1,ptr=30
VW,context=Reader:1#readByte:25,result=50
ME,returner=Reader:1#readByte:25,value=50
VW,context=Reader:1#nextLong:13,num=50
VW,context=Reader:1#nextLong:13,num=2
MC,caller=Reader:1#nextLong:13,target=Reader:1#readByte:26
MC,caller=Reader:1#readByte:26,target=Reader:1#hasNextByte:57
FR,context=Reader:1,ptr
FR,context=Reader:1,buflen
VW,context=Reader:1#hasNextByte:57,result=true
ME,returner=Reader:1#hasNextByte:57,value=true
FR,context=Reader:1,buf
FR,context=Reader:1,ptr
FW,context=Reader:1,ptr=31
VW,context=Reader:1#readByte:26,result=32
ME,returner=Reader:1#readByte:26,value=32
VW,context=Reader:1#nextLong:13,b=32
MC,caller=Reader:1#nextLong:13,target=Reader:1#isPrintableChar:31
VW,context=Reader:1#isPrintableChar:31,c=32
VW,context=Reader:1#isPrintableChar:31,result=false
ME,returner=Reader:1#isPrintableChar:31,value=false
VW,context=Reader:1#nextLong:13,result=2
ME,returner=Reader:1#nextLong:13,value=2
VW,context=Reader:1#nextInt:13,num=2
VW,context=Reader:1#nextInt:13,result=2
ME,returner=Reader:1#nextInt:13,value=2
FW,context=int[]:27,0=1
VW,context=Main#main:1,x=int[]:27
FR,context=Main,sc
MC,caller=Main#main:1,target=Reader:1#nextInt:14
MC,caller=Reader:1#nextInt:14,target=Reader:1#nextLong:14
MC,caller=Reader:1#nextLong:14,target=Reader:1#hasNext:14
MC,caller=Reader:1#hasNext:14,target=Reader:1#skip:14
MC,caller=Reader:1#skip:14,target=Reader:1#hasNextByte:58
FR,context=Reader:1,ptr
FR,context=Reader:1,buflen
VW,context=Reader:1#hasNextByte:58,result=true
ME,returner=Reader:1#hasNextByte:58,value=true
FR,context=Reader:1,buf
FR,context=Reader:1,ptr
MC,caller=Reader:1#skip:14,target=Reader:1#isPrintableChar:32
VW,context=Reader:1#isPrintableChar:32,c=50
VW,context=Reader:1#isPrintableChar:32,result=true
ME,returner=Reader:1#isPrintableChar:32,value=true
ME,returner=Reader:1#skip:14,value=<void>
MC,caller=Reader:1#hasNext:14,target=Reader:1#hasNextByte:59
FR,context=Reader:1,ptr
FR,context=Reader:1,buflen
VW,context=Reader:1#hasNextByte:59,result=true
ME,returner=Reader:1#hasNextByte:59,value=true
VW,context=Reader:1#hasNext:14,result=true
ME,returner=Reader:1#hasNext:14,value=true
VW,context=Reader:1#nextLong:14,minus=false
MC,caller=Reader:1#nextLong:14,target=Reader:1#readByte:27
MC,caller=Reader:1#readByte:27,target=Reader:1#hasNextByte:60
FR,context=Reader:1,ptr
FR,context=Reader:1,buflen
VW,context=Reader:1#hasNextByte:60,result=true
ME,returner=Reader:1#hasNextByte:60,value=true
FR,context=Reader:1,buf
FR,context=Reader:1,ptr
FW,context=Reader:1,ptr=32
VW,context=Reader:1#readByte:27,result=50
ME,returner=Reader:1#readByte:27,value=50
VW,context=Reader:1#nextLong:14,num=50
VW,context=Reader:1#nextLong:14,num=2
MC,caller=Reader:1#nextLong:14,target=Reader:1#readByte:28
MC,caller=Reader:1#readByte:28,target=Reader:1#hasNextByte:61
FR,context=Reader:1,ptr
FR,context=Reader:1,buflen
VW,context=Reader:1#hasNextByte:61,result=true
ME,returner=Reader:1#hasNextByte:61,value=true
FR,context=Reader:1,buf
FR,context=Reader:1,ptr
FW,context=Reader:1,ptr=33
VW,context=Reader:1#readByte:28,result=13
ME,returner=Reader:1#readByte:28,value=13
VW,context=Reader:1#nextLong:14,b=13
MC,caller=Reader:1#nextLong:14,target=Reader:1#isPrintableChar:33
VW,context=Reader:1#isPrintableChar:33,c=13
VW,context=Reader:1#isPrintableChar:33,result=false
ME,returner=Reader:1#isPrintableChar:33,value=false
VW,context=Reader:1#nextLong:14,result=2
ME,returner=Reader:1#nextLong:14,value=2
VW,context=Reader:1#nextInt:14,num=2
VW,context=Reader:1#nextInt:14,result=2
ME,returner=Reader:1#nextInt:14,value=2
FW,context=int[]:28,0=1
VW,context=Main#main:1,y=int[]:28
VW,context=Main#main:1,i=1
FR,context=Main,sc
MC,caller=Main#main:1,target=Reader:1#nextInt:15
MC,caller=Reader:1#nextInt:15,target=Reader:1#nextLong:15
MC,caller=Reader:1#nextLong:15,target=Reader:1#hasNext:15
MC,caller=Reader:1#hasNext:15,target=Reader:1#skip:15
MC,caller=Reader:1#skip:15,target=Reader:1#hasNextByte:62
FR,context=Reader:1,ptr
FR,context=Reader:1,buflen
VW,context=Reader:1#hasNextByte:62,result=true
ME,returner=Reader:1#hasNextByte:62,value=true
FR,context=Reader:1,buf
FR,context=Reader:1,ptr
MC,caller=Reader:1#skip:15,target=Reader:1#isPrintableChar:34
VW,context=Reader:1#isPrintableChar:34,c=10
VW,context=Reader:1#isPrintableChar:34,result=false
ME,returner=Reader:1#isPrintableChar:34,value=false
FR,context=Reader:1,ptr
FW,context=Reader:1,ptr=34
MC,caller=Reader:1#skip:15,target=Reader:1#hasNextByte:63
FR,context=Reader:1,ptr
FR,context=Reader:1,buflen
VW,context=Reader:1#hasNextByte:63,result=true
ME,returner=Reader:1#hasNextByte:63,value=true
FR,context=Reader:1,buf
FR,context=Reader:1,ptr
MC,caller=Reader:1#skip:15,target=Reader:1#isPrintableChar:35
VW,context=Reader:1#isPrintableChar:35,c=49
VW,context=Reader:1#isPrintableChar:35,result=true
ME,returner=Reader:1#isPrintableChar:35,value=true
ME,returner=Reader:1#skip:15,value=<void>
MC,caller=Reader:1#hasNext:15,target=Reader:1#hasNextByte:64
FR,context=Reader:1,ptr
FR,context=Reader:1,buflen
VW,context=Reader:1#hasNextByte:64,result=true
ME,returner=Reader:1#hasNextByte:64,value=true
VW,context=Reader:1#hasNext:15,result=true
ME,returner=Reader:1#hasNext:15,value=true
VW,context=Reader:1#nextLong:15,minus=false
MC,caller=Reader:1#nextLong:15,target=Reader:1#readByte:29
MC,caller=Reader:1#readByte:29,target=Reader:1#hasNextByte:65
FR,context=Reader:1,ptr
FR,context=Reader:1,buflen
VW,context=Reader:1#hasNextByte:65,result=true
ME,returner=Reader:1#hasNextByte:65,value=true
FR,context=Reader:1,buf
FR,context=Reader:1,ptr
FW,context=Reader:1,ptr=35
VW,context=Reader:1#readByte:29,result=49
ME,returner=Reader:1#readByte:29,value=49
VW,context=Reader:1#nextLong:15,num=49
VW,context=Reader:1#nextLong:15,num=1
MC,caller=Reader:1#nextLong:15,target=Reader:1#readByte:30
MC,caller=Reader:1#readByte:30,target=Reader:1#hasNextByte:66
FR,context=Reader:1,ptr
FR,context=Reader:1,buflen
VW,context=Reader:1#hasNextByte:66,result=true
ME,returner=Reader:1#hasNextByte:66,value=true
FR,context=Reader:1,buf
FR,context=Reader:1,ptr
FW,context=Reader:1,ptr=36
VW,context=Reader:1#readByte:30,result=32
ME,returner=Reader:1#readByte:30,value=32
VW,context=Reader:1#nextLong:15,b=32
MC,caller=Reader:1#nextLong:15,target=Reader:1#isPrintableChar:36
VW,context=Reader:1#isPrintableChar:36,c=32
VW,context=Reader:1#isPrintableChar:36,result=false
ME,returner=Reader:1#isPrintableChar:36,value=false
VW,context=Reader:1#nextLong:15,result=1
ME,returner=Reader:1#nextLong:15,value=1
VW,context=Reader:1#nextInt:15,num=1
VW,context=Reader:1#nextInt:15,result=1
ME,returner=Reader:1#nextInt:15,value=1
VW,context=Main#main:1,x=int[]:27
FR,context=Main,sc
MC,caller=Main#main:1,target=Reader:1#nextInt:16
MC,caller=Reader:1#nextInt:16,target=Reader:1#nextLong:16
MC,caller=Reader:1#nextLong:16,target=Reader:1#hasNext:16
MC,caller=Reader:1#hasNext:16,target=Reader:1#skip:16
MC,caller=Reader:1#skip:16,target=Reader:1#hasNextByte:67
FR,context=Reader:1,ptr
FR,context=Reader:1,buflen
VW,context=Reader:1#hasNextByte:67,result=true
ME,returner=Reader:1#hasNextByte:67,value=true
FR,context=Reader:1,buf
FR,context=Reader:1,ptr
MC,caller=Reader:1#skip:16,target=Reader:1#isPrintableChar:37
VW,context=Reader:1#isPrintableChar:37,c=51
VW,context=Reader:1#isPrintableChar:37,result=true
ME,returner=Reader:1#isPrintableChar:37,value=true
ME,returner=Reader:1#skip:16,value=<void>
MC,caller=Reader:1#hasNext:16,target=Reader:1#hasNextByte:68
FR,context=Reader:1,ptr
FR,context=Reader:1,buflen
VW,context=Reader:1#hasNextByte:68,result=true
ME,returner=Reader:1#hasNextByte:68,value=true
VW,context=Reader:1#hasNext:16,result=true
ME,returner=Reader:1#hasNext:16,value=true
VW,context=Reader:1#nextLong:16,minus=false
MC,caller=Reader:1#nextLong:16,target=Reader:1#readByte:31
MC,caller=Reader:1#readByte:31,target=Reader:1#hasNextByte:69
FR,context=Reader:1,ptr
FR,context=Reader:1,buflen
VW,context=Reader:1#hasNextByte:69,result=true
ME,returner=Reader:1#hasNextByte:69,value=true
FR,context=Reader:1,buf
FR,context=Reader:1,ptr
FW,context=Reader:1,ptr=37
VW,context=Reader:1#readByte:31,result=51
ME,returner=Reader:1#readByte:31,value=51
VW,context=Reader:1#nextLong:16,num=51
VW,context=Reader:1#nextLong:16,num=3
MC,caller=Reader:1#nextLong:16,target=Reader:1#readByte:32
MC,caller=Reader:1#readByte:32,target=Reader:1#hasNextByte:70
FR,context=Reader:1,ptr
FR,context=Reader:1,buflen
VW,context=Reader:1#hasNextByte:70,result=true
ME,returner=Reader:1#hasNextByte:70,value=true
FR,context=Reader:1,buf
FR,context=Reader:1,ptr
FW,context=Reader:1,ptr=38
VW,context=Reader:1#readByte:32,result=13
ME,returner=Reader:1#readByte:32,value=13
VW,context=Reader:1#nextLong:16,b=13
MC,caller=Reader:1#nextLong:16,target=Reader:1#isPrintableChar:38
VW,context=Reader:1#isPrintableChar:38,c=13
VW,context=Reader:1#isPrintableChar:38,result=false
ME,returner=Reader:1#isPrintableChar:38,value=false
VW,context=Reader:1#nextLong:16,result=3
ME,returner=Reader:1#nextLong:16,value=3
VW,context=Reader:1#nextInt:16,num=3
VW,context=Reader:1#nextInt:16,result=3
ME,returner=Reader:1#nextInt:16,value=3
FW,context=int[]:28,1=2
VW,context=Main#main:1,y=int[]:28
VW,context=Main#main:1,i=2
FR,context=Main,sc
MC,caller=Main#main:1,target=Reader:1#nextInt:17
MC,caller=Reader:1#nextInt:17,target=Reader:1#nextLong:17
MC,caller=Reader:1#nextLong:17,target=Reader:1#hasNext:17
MC,caller=Reader:1#hasNext:17,target=Reader:1#skip:17
MC,caller=Reader:1#skip:17,target=Reader:1#hasNextByte:71
FR,context=Reader:1,ptr
FR,context=Reader:1,buflen
VW,context=Reader:1#hasNextByte:71,result=true
ME,returner=Reader:1#hasNextByte:71,value=true
FR,context=Reader:1,buf
FR,context=Reader:1,ptr
MC,caller=Reader:1#skip:17,target=Reader:1#isPrintableChar:39
VW,context=Reader:1#isPrintableChar:39,c=10
VW,context=Reader:1#isPrintableChar:39,result=false
ME,returner=Reader:1#isPrintableChar:39,value=false
FR,context=Reader:1,ptr
FW,context=Reader:1,ptr=39
MC,caller=Reader:1#skip:17,target=Reader:1#hasNextByte:72
FR,context=Reader:1,ptr
FR,context=Reader:1,buflen
VW,context=Reader:1#hasNextByte:72,result=true
ME,returner=Reader:1#hasNextByte:72,value=true
FR,context=Reader:1,buf
FR,context=Reader:1,ptr
MC,caller=Reader:1#skip:17,target=Reader:1#isPrintableChar:40
VW,context=Reader:1#isPrintableChar:40,c=49
VW,context=Reader:1#isPrintableChar:40,result=true
ME,returner=Reader:1#isPrintableChar:40,value=true
ME,returner=Reader:1#skip:17,value=<void>
MC,caller=Reader:1#hasNext:17,target=Reader:1#hasNextByte:73
FR,context=Reader:1,ptr
FR,context=Reader:1,buflen
VW,context=Reader:1#hasNextByte:73,result=true
ME,returner=Reader:1#hasNextByte:73,value=true
VW,context=Reader:1#hasNext:17,result=true
ME,returner=Reader:1#hasNext:17,value=true
VW,context=Reader:1#nextLong:17,minus=false
MC,caller=Reader:1#nextLong:17,target=Reader:1#readByte:33
MC,caller=Reader:1#readByte:33,target=Reader:1#hasNextByte:74
FR,context=Reader:1,ptr
FR,context=Reader:1,buflen
VW,context=Reader:1#hasNextByte:74,result=true
ME,returner=Reader:1#hasNextByte:74,value=true
FR,context=Reader:1,buf
FR,context=Reader:1,ptr
FW,context=Reader:1,ptr=40
VW,context=Reader:1#readByte:33,result=49
ME,returner=Reader:1#readByte:33,value=49
VW,context=Reader:1#nextLong:17,num=49
VW,context=Reader:1#nextLong:17,num=1
MC,caller=Reader:1#nextLong:17,target=Reader:1#readByte:34
MC,caller=Reader:1#readByte:34,target=Reader:1#hasNextByte:75
FR,context=Reader:1,ptr
FR,context=Reader:1,buflen
VW,context=Reader:1#hasNextByte:75,result=true
ME,returner=Reader:1#hasNextByte:75,value=true
FR,context=Reader:1,buf
FR,context=Reader:1,ptr
FW,context=Reader:1,ptr=41
VW,context=Reader:1#readByte:34,result=32
ME,returner=Reader:1#readByte:34,value=32
VW,context=Reader:1#nextLong:17,b=32
MC,caller=Reader:1#nextLong:17,target=Reader:1#isPrintableChar:41
VW,context=Reader:1#isPrintableChar:41,c=32
VW,context=Reader:1#isPrintableChar:41,result=false
ME,returner=Reader:1#isPrintableChar:41,value=false
VW,context=Reader:1#nextLong:17,result=1
ME,returner=Reader:1#nextLong:17,value=1
VW,context=Reader:1#nextInt:17,num=1
VW,context=Reader:1#nextInt:17,result=1
ME,returner=Reader:1#nextInt:17,value=1
VW,context=Main#main:1,x=int[]:27
FR,context=Main,sc
MC,caller=Main#main:1,target=Reader:1#nextInt:18
MC,caller=Reader:1#nextInt:18,target=Reader:1#nextLong:18
MC,caller=Reader:1#nextLong:18,target=Reader:1#hasNext:18
MC,caller=Reader:1#hasNext:18,target=Reader:1#skip:18
MC,caller=Reader:1#skip:18,target=Reader:1#hasNextByte:76
FR,context=Reader:1,ptr
FR,context=Reader:1,buflen
VW,context=Reader:1#hasNextByte:76,result=true
ME,returner=Reader:1#hasNextByte:76,value=true
FR,context=Reader:1,buf
FR,context=Reader:1,ptr
MC,caller=Reader:1#skip:18,target=Reader:1#isPrintableChar:42
VW,context=Reader:1#isPrintableChar:42,c=49
VW,context=Reader:1#isPrintableChar:42,result=true
ME,returner=Reader:1#isPrintableChar:42,value=true
ME,returner=Reader:1#skip:18,value=<void>
MC,caller=Reader:1#hasNext:18,target=Reader:1#hasNextByte:77
FR,context=Reader:1,ptr
FR,context=Reader:1,buflen
VW,context=Reader:1#hasNextByte:77,result=true
ME,returner=Reader:1#hasNextByte:77,value=true
VW,context=Reader:1#hasNext:18,result=true
ME,returner=Reader:1#hasNext:18,value=true
VW,context=Reader:1#nextLong:18,minus=false
MC,caller=Reader:1#nextLong:18,target=Reader:1#readByte:35
MC,caller=Reader:1#readByte:35,target=Reader:1#hasNextByte:78
FR,context=Reader:1,ptr
FR,context=Reader:1,buflen
VW,context=Reader:1#hasNextByte:78,result=true
ME,returner=Reader:1#hasNextByte:78,value=true
FR,context=Reader:1,buf
FR,context=Reader:1,ptr
FW,context=Reader:1,ptr=42
VW,context=Reader:1#readByte:35,result=49
ME,returner=Reader:1#readByte:35,value=49
VW,context=Reader:1#nextLong:18,num=49
VW,context=Reader:1#nextLong:18,num=1
MC,caller=Reader:1#nextLong:18,target=Reader:1#readByte:36
MC,caller=Reader:1#readByte:36,target=Reader:1#hasNextByte:79
FR,context=Reader:1,ptr
FR,context=Reader:1,buflen
VW,context=Reader:1#hasNextByte:79,result=true
ME,returner=Reader:1#hasNextByte:79,value=true
FR,context=Reader:1,buf
FR,context=Reader:1,ptr
FW,context=Reader:1,ptr=43
VW,context=Reader:1#readByte:36,result=13
ME,returner=Reader:1#readByte:36,value=13
VW,context=Reader:1#nextLong:18,b=13
MC,caller=Reader:1#nextLong:18,target=Reader:1#isPrintableChar:43
VW,context=Reader:1#isPrintableChar:43,c=13
VW,context=Reader:1#isPrintableChar:43,result=false
ME,returner=Reader:1#isPrintableChar:43,value=false
VW,context=Reader:1#nextLong:18,result=1
ME,returner=Reader:1#nextLong:18,value=1
VW,context=Reader:1#nextInt:18,num=1
VW,context=Reader:1#nextInt:18,result=1
ME,returner=Reader:1#nextInt:18,value=1
VW,context=Main#main:1,y=int[]:28
VW,context=Main#main:1,i=3
FR,context=Main,sc
MC,caller=Main#main:1,target=Reader:1#nextInt:19
MC,caller=Reader:1#nextInt:19,target=Reader:1#nextLong:19
MC,caller=Reader:1#nextLong:19,target=Reader:1#hasNext:19
MC,caller=Reader:1#hasNext:19,target=Reader:1#skip:19
MC,caller=Reader:1#skip:19,target=Reader:1#hasNextByte:80
FR,context=Reader:1,ptr
FR,context=Reader:1,buflen
VW,context=Reader:1#hasNextByte:80,result=true
ME,returner=Reader:1#hasNextByte:80,value=true
FR,context=Reader:1,buf
FR,context=Reader:1,ptr
MC,caller=Reader:1#skip:19,target=Reader:1#isPrintableChar:44
VW,context=Reader:1#isPrintableChar:44,c=10
VW,context=Reader:1#isPrintableChar:44,result=false
ME,returner=Reader:1#isPrintableChar:44,value=false
FR,context=Reader:1,ptr
FW,context=Reader:1,ptr=44
MC,caller=Reader:1#skip:19,target=Reader:1#hasNextByte:81
FR,context=Reader:1,ptr
FR,context=Reader:1,buflen
VW,context=Reader:1#hasNextByte:81,result=true
ME,returner=Reader:1#hasNextByte:81,value=true
FR,context=Reader:1,buf
FR,context=Reader:1,ptr
MC,caller=Reader:1#skip:19,target=Reader:1#isPrintableChar:45
VW,context=Reader:1#isPrintableChar:45,c=50
VW,context=Reader:1#isPrintableChar:45,result=true
ME,returner=Reader:1#isPrintableChar:45,value=true
ME,returner=Reader:1#skip:19,value=<void>
MC,caller=Reader:1#hasNext:19,target=Reader:1#hasNextByte:82
FR,context=Reader:1,ptr
FR,context=Reader:1,buflen
VW,context=Reader:1#hasNextByte:82,result=true
ME,returner=Reader:1#hasNextByte:82,value=true
VW,context=Reader:1#hasNext:19,result=true
ME,returner=Reader:1#hasNext:19,value=true
VW,context=Reader:1#nextLong:19,minus=false
MC,caller=Reader:1#nextLong:19,target=Reader:1#readByte:37
MC,caller=Reader:1#readByte:37,target=Reader:1#hasNextByte:83
FR,context=Reader:1,ptr
FR,context=Reader:1,buflen
VW,context=Reader:1#hasNextByte:83,result=true
ME,returner=Reader:1#hasNextByte:83,value=true
FR,context=Reader:1,buf
FR,context=Reader:1,ptr
FW,context=Reader:1,ptr=45
VW,context=Reader:1#readByte:37,result=50
ME,returner=Reader:1#readByte:37,value=50
VW,context=Reader:1#nextLong:19,num=50
VW,context=Reader:1#nextLong:19,num=2
MC,caller=Reader:1#nextLong:19,target=Reader:1#readByte:38
MC,caller=Reader:1#readByte:38,target=Reader:1#hasNextByte:84
FR,context=Reader:1,ptr
FR,context=Reader:1,buflen
VW,context=Reader:1#hasNextByte:84,result=true
ME,returner=Reader:1#hasNextByte:84,value=true
FR,context=Reader:1,buf
FR,context=Reader:1,ptr
FW,context=Reader:1,ptr=46
VW,context=Reader:1#readByte:38,result=32
ME,returner=Reader:1#readByte:38,value=32
VW,context=Reader:1#nextLong:19,b=32
MC,caller=Reader:1#nextLong:19,target=Reader:1#isPrintableChar:46
VW,context=Reader:1#isPrintableChar:46,c=32
VW,context=Reader:1#isPrintableChar:46,result=false
ME,returner=Reader:1#isPrintableChar:46,value=false
VW,context=Reader:1#nextLong:19,result=2
ME,returner=Reader:1#nextLong:19,value=2
VW,context=Reader:1#nextInt:19,num=2
VW,context=Reader:1#nextInt:19,result=2
ME,returner=Reader:1#nextInt:19,value=2
FW,context=int[]:27,3=1
VW,context=Main#main:1,x=int[]:27
FR,context=Main,sc
MC,caller=Main#main:1,target=Reader:1#nextInt:20
MC,caller=Reader:1#nextInt:20,target=Reader:1#nextLong:20
MC,caller=Reader:1#nextLong:20,target=Reader:1#hasNext:20
MC,caller=Reader:1#hasNext:20,target=Reader:1#skip:20
MC,caller=Reader:1#skip:20,target=Reader:1#hasNextByte:85
FR,context=Reader:1,ptr
FR,context=Reader:1,buflen
VW,context=Reader:1#hasNextByte:85,result=true
ME,returner=Reader:1#hasNextByte:85,value=true
FR,context=Reader:1,buf
FR,context=Reader:1,ptr
MC,caller=Reader:1#skip:20,target=Reader:1#isPrintableChar:47
VW,context=Reader:1#isPrintableChar:47,c=51
VW,context=Reader:1#isPrintableChar:47,result=true
ME,returner=Reader:1#isPrintableChar:47,value=true
ME,returner=Reader:1#skip:20,value=<void>
MC,caller=Reader:1#hasNext:20,target=Reader:1#hasNextByte:86
FR,context=Reader:1,ptr
FR,context=Reader:1,buflen
VW,context=Reader:1#hasNextByte:86,result=true
ME,returner=Reader:1#hasNextByte:86,value=true
VW,context=Reader:1#hasNext:20,result=true
ME,returner=Reader:1#hasNext:20,value=true
VW,context=Reader:1#nextLong:20,minus=false
MC,caller=Reader:1#nextLong:20,target=Reader:1#readByte:39
MC,caller=Reader:1#readByte:39,target=Reader:1#hasNextByte:87
FR,context=Reader:1,ptr
FR,context=Reader:1,buflen
VW,context=Reader:1#hasNextByte:87,result=true
ME,returner=Reader:1#hasNextByte:87,value=true
FR,context=Reader:1,buf
FR,context=Reader:1,ptr
FW,context=Reader:1,ptr=47
VW,context=Reader:1#readByte:39,result=51
ME,returner=Reader:1#readByte:39,value=51
VW,context=Reader:1#nextLong:20,num=51
VW,context=Reader:1#nextLong:20,num=3
MC,caller=Reader:1#nextLong:20,target=Reader:1#readByte:40
MC,caller=Reader:1#readByte:40,target=Reader:1#hasNextByte:88
FR,context=Reader:1,ptr
FR,context=Reader:1,buflen
VW,context=Reader:1#hasNextByte:88,result=true
ME,returner=Reader:1#hasNextByte:88,value=true
FR,context=Reader:1,buf
FR,context=Reader:1,ptr
FW,context=Reader:1,ptr=48
VW,context=Reader:1#readByte:40,result=13
ME,returner=Reader:1#readByte:40,value=13
VW,context=Reader:1#nextLong:20,b=13
MC,caller=Reader:1#nextLong:20,target=Reader:1#isPrintableChar:48
VW,context=Reader:1#isPrintableChar:48,c=13
VW,context=Reader:1#isPrintableChar:48,result=false
ME,returner=Reader:1#isPrintableChar:48,value=false
VW,context=Reader:1#nextLong:20,result=3
ME,returner=Reader:1#nextLong:20,value=3
VW,context=Reader:1#nextInt:20,num=3
VW,context=Reader:1#nextInt:20,result=3
ME,returner=Reader:1#nextInt:20,value=3
FW,context=int[]:28,3=2
VW,context=Main#main:1,y=int[]:28
VW,context=Main#main:1,i=4
FR,context=Main,sc
MC,caller=Main#main:1,target=Reader:1#nextInt:21
MC,caller=Reader:1#nextInt:21,target=Reader:1#nextLong:21
MC,caller=Reader:1#nextLong:21,target=Reader:1#hasNext:21
MC,caller=Reader:1#hasNext:21,target=Reader:1#skip:21
MC,caller=Reader:1#skip:21,target=Reader:1#hasNextByte:89
FR,context=Reader:1,ptr
FR,context=Reader:1,buflen
VW,context=Reader:1#hasNextByte:89,result=true
ME,returner=Reader:1#hasNextByte:89,value=true
FR,context=Reader:1,buf
FR,context=Reader:1,ptr
MC,caller=Reader:1#skip:21,target=Reader:1#isPrintableChar:49
VW,context=Reader:1#isPrintableChar:49,c=10
VW,context=Reader:1#isPrintableChar:49,result=false
ME,returner=Reader:1#isPrintableChar:49,value=false
FR,context=Reader:1,ptr
FW,context=Reader:1,ptr=49
MC,caller=Reader:1#skip:21,target=Reader:1#hasNextByte:90
FR,context=Reader:1,ptr
FR,context=Reader:1,buflen
VW,context=Reader:1#hasNextByte:90,result=true
ME,returner=Reader:1#hasNextByte:90,value=true
FR,context=Reader:1,buf
FR,context=Reader:1,ptr
MC,caller=Reader:1#skip:21,target=Reader:1#isPrintableChar:50
VW,context=Reader:1#isPrintableChar:50,c=50
VW,context=Reader:1#isPrintableChar:50,result=true
ME,returner=Reader:1#isPrintableChar:50,value=true
ME,returner=Reader:1#skip:21,value=<void>
MC,caller=Reader:1#hasNext:21,target=Reader:1#hasNextByte:91
FR,context=Reader:1,ptr
FR,context=Reader:1,buflen
VW,context=Reader:1#hasNextByte:91,result=true
ME,returner=Reader:1#hasNextByte:91,value=true
VW,context=Reader:1#hasNext:21,result=true
ME,returner=Reader:1#hasNext:21,value=true
VW,context=Reader:1#nextLong:21,minus=false
MC,caller=Reader:1#nextLong:21,target=Reader:1#readByte:41
MC,caller=Reader:1#readByte:41,target=Reader:1#hasNextByte:92
FR,context=Reader:1,ptr
FR,context=Reader:1,buflen
VW,context=Reader:1#hasNextByte:92,result=true
ME,returner=Reader:1#hasNextByte:92,value=true
FR,context=Reader:1,buf
FR,context=Reader:1,ptr
FW,context=Reader:1,ptr=50
VW,context=Reader:1#readByte:41,result=50
ME,returner=Reader:1#readByte:41,value=50
VW,context=Reader:1#nextLong:21,num=50
VW,context=Reader:1#nextLong:21,num=2
MC,caller=Reader:1#nextLong:21,target=Reader:1#readByte:42
MC,caller=Reader:1#readByte:42,target=Reader:1#hasNextByte:93
FR,context=Reader:1,ptr
FR,context=Reader:1,buflen
VW,context=Reader:1#hasNextByte:93,result=true
ME,returner=Reader:1#hasNextByte:93,value=true
FR,context=Reader:1,buf
FR,context=Reader:1,ptr
FW,context=Reader:1,ptr=51
VW,context=Reader:1#readByte:42,result=32
ME,returner=Reader:1#readByte:42,value=32
VW,context=Reader:1#nextLong:21,b=32
MC,caller=Reader:1#nextLong:21,target=Reader:1#isPrintableChar:51
VW,context=Reader:1#isPrintableChar:51,c=32
VW,context=Reader:1#isPrintableChar:51,result=false
ME,returner=Reader:1#isPrintableChar:51,value=false
VW,context=Reader:1#nextLong:21,result=2
ME,returner=Reader:1#nextLong:21,value=2
VW,context=Reader:1#nextInt:21,num=2
VW,context=Reader:1#nextInt:21,result=2
ME,returner=Reader:1#nextInt:21,value=2
FW,context=int[]:27,4=1
VW,context=Main#main:1,x=int[]:27
FR,context=Main,sc
MC,caller=Main#main:1,target=Reader:1#nextInt:22
MC,caller=Reader:1#nextInt:22,target=Reader:1#nextLong:22
MC,caller=Reader:1#nextLong:22,target=Reader:1#hasNext:22
MC,caller=Reader:1#hasNext:22,target=Reader:1#skip:22
MC,caller=Reader:1#skip:22,target=Reader:1#hasNextByte:94
FR,context=Reader:1,ptr
FR,context=Reader:1,buflen
VW,context=Reader:1#hasNextByte:94,result=true
ME,returner=Reader:1#hasNextByte:94,value=true
FR,context=Reader:1,buf
FR,context=Reader:1,ptr
MC,caller=Reader:1#skip:22,target=Reader:1#isPrintableChar:52
VW,context=Reader:1#isPrintableChar:52,c=49
VW,context=Reader:1#isPrintableChar:52,result=true
ME,returner=Reader:1#isPrintableChar:52,value=true
ME,returner=Reader:1#skip:22,value=<void>
MC,caller=Reader:1#hasNext:22,target=Reader:1#hasNextByte:95
FR,context=Reader:1,ptr
FR,context=Reader:1,buflen
VW,context=Reader:1#hasNextByte:95,result=true
ME,returner=Reader:1#hasNextByte:95,value=true
VW,context=Reader:1#hasNext:22,result=true
ME,returner=Reader:1#hasNext:22,value=true
VW,context=Reader:1#nextLong:22,minus=false
MC,caller=Reader:1#nextLong:22,target=Reader:1#readByte:43
MC,caller=Reader:1#readByte:43,target=Reader:1#hasNextByte:96
FR,context=Reader:1,ptr
FR,context=Reader:1,buflen
VW,context=Reader:1#hasNextByte:96,result=true
ME,returner=Reader:1#hasNextByte:96,value=true
FR,context=Reader:1,buf
FR,context=Reader:1,ptr
FW,context=Reader:1,ptr=52
VW,context=Reader:1#readByte:43,result=49
ME,returner=Reader:1#readByte:43,value=49
VW,context=Reader:1#nextLong:22,num=49
VW,context=Reader:1#nextLong:22,num=1
MC,caller=Reader:1#nextLong:22,target=Reader:1#readByte:44
MC,caller=Reader:1#readByte:44,target=Reader:1#hasNextByte:97
FR,context=Reader:1,ptr
FR,context=Reader:1,buflen
VW,context=Reader:1#hasNextByte:97,result=true
ME,returner=Reader:1#hasNextByte:97,value=true
FR,context=Reader:1,buf
FR,context=Reader:1,ptr
FW,context=Reader:1,ptr=53
VW,context=Reader:1#readByte:44,result=13
ME,returner=Reader:1#readByte:44,value=13
VW,context=Reader:1#nextLong:22,b=13
MC,caller=Reader:1#nextLong:22,target=Reader:1#isPrintableChar:53
VW,context=Reader:1#isPrintableChar:53,c=13
VW,context=Reader:1#isPrintableChar:53,result=false
ME,returner=Reader:1#isPrintableChar:53,value=false
VW,context=Reader:1#nextLong:22,result=1
ME,returner=Reader:1#nextLong:22,value=1
VW,context=Reader:1#nextInt:22,num=1
VW,context=Reader:1#nextInt:22,result=1
ME,returner=Reader:1#nextInt:22,value=1
VW,context=Main#main:1,y=int[]:28
VW,context=Main#main:1,i=5
FR,context=Main,sc
MC,caller=Main#main:1,target=Reader:1#nextInt:23
MC,caller=Reader:1#nextInt:23,target=Reader:1#nextLong:23
MC,caller=Reader:1#nextLong:23,target=Reader:1#hasNext:23
MC,caller=Reader:1#hasNext:23,target=Reader:1#skip:23
MC,caller=Reader:1#skip:23,target=Reader:1#hasNextByte:98
FR,context=Reader:1,ptr
FR,context=Reader:1,buflen
VW,context=Reader:1#hasNextByte:98,result=true
ME,returner=Reader:1#hasNextByte:98,value=true
FR,context=Reader:1,buf
FR,context=Reader:1,ptr
MC,caller=Reader:1#skip:23,target=Reader:1#isPrintableChar:54
VW,context=Reader:1#isPrintableChar:54,c=10
VW,context=Reader:1#isPrintableChar:54,result=false
ME,returner=Reader:1#isPrintableChar:54,value=false
FR,context=Reader:1,ptr
FW,context=Reader:1,ptr=54
MC,caller=Reader:1#skip:23,target=Reader:1#hasNextByte:99
FR,context=Reader:1,ptr
FR,context=Reader:1,buflen
VW,context=Reader:1#hasNextByte:99,result=true
ME,returner=Reader:1#hasNextByte:99,value=true
FR,context=Reader:1,buf
FR,context=Reader:1,ptr
MC,caller=Reader:1#skip:23,target=Reader:1#isPrintableChar:55
VW,context=Reader:1#isPrintableChar:55,c=51
VW,context=Reader:1#isPrintableChar:55,result=true
ME,returner=Reader:1#isPrintableChar:55,value=true
ME,returner=Reader:1#skip:23,value=<void>
MC,caller=Reader:1#hasNext:23,target=Reader:1#hasNextByte:100
FR,context=Reader:1,ptr
FR,context=Reader:1,buflen
VW,context=Reader:1#hasNextByte:100,result=true
ME,returner=Reader:1#hasNextByte:100,value=true
VW,context=Reader:1#hasNext:23,result=true
ME,returner=Reader:1#hasNext:23,value=true
VW,context=Reader:1#nextLong:23,minus=false
MC,caller=Reader:1#nextLong:23,target=Reader:1#readByte:45
MC,caller=Reader:1#readByte:45,target=Reader:1#hasNextByte:101
FR,context=Reader:1,ptr
FR,context=Reader:1,buflen
VW,context=Reader:1#hasNextByte:101,result=true
ME,returner=Reader:1#hasNextByte:101,value=true
FR,context=Reader:1,buf
FR,context=Reader:1,ptr
FW,context=Reader:1,ptr=55
VW,context=Reader:1#readByte:45,result=51
ME,returner=Reader:1#readByte:45,value=51
VW,context=Reader:1#nextLong:23,num=51
VW,context=Reader:1#nextLong:23,num=3
MC,caller=Reader:1#nextLong:23,target=Reader:1#readByte:46
MC,caller=Reader:1#readByte:46,target=Reader:1#hasNextByte:102
FR,context=Reader:1,ptr
FR,context=Reader:1,buflen
VW,context=Reader:1#hasNextByte:102,result=true
ME,returner=Reader:1#hasNextByte:102,value=true
FR,context=Reader:1,buf
FR,context=Reader:1,ptr
FW,context=Reader:1,ptr=56
VW,context=Reader:1#readByte:46,result=32
ME,returner=Reader:1#readByte:46,value=32
VW,context=Reader:1#nextLong:23,b=32
MC,caller=Reader:1#nextLong:23,target=Reader:1#isPrintableChar:56
VW,context=Reader:1#isPrintableChar:56,c=32
VW,context=Reader:1#isPrintableChar:56,result=false
ME,returner=Reader:1#isPrintableChar:56,value=false
VW,context=Reader:1#nextLong:23,result=3
ME,returner=Reader:1#nextLong:23,value=3
VW,context=Reader:1#nextInt:23,num=3
VW,context=Reader:1#nextInt:23,result=3
ME,returner=Reader:1#nextInt:23,value=3
FW,context=int[]:27,5=2
VW,context=Main#main:1,x=int[]:27
FR,context=Main,sc
MC,caller=Main#main:1,target=Reader:1#nextInt:24
MC,caller=Reader:1#nextInt:24,target=Reader:1#nextLong:24
MC,caller=Reader:1#nextLong:24,target=Reader:1#hasNext:24
MC,caller=Reader:1#hasNext:24,target=Reader:1#skip:24
MC,caller=Reader:1#skip:24,target=Reader:1#hasNextByte:103
FR,context=Reader:1,ptr
FR,context=Reader:1,buflen
VW,context=Reader:1#hasNextByte:103,result=true
ME,returner=Reader:1#hasNextByte:103,value=true
FR,context=Reader:1,buf
FR,context=Reader:1,ptr
MC,caller=Reader:1#skip:24,target=Reader:1#isPrintableChar:57
VW,context=Reader:1#isPrintableChar:57,c=51
VW,context=Reader:1#isPrintableChar:57,result=true
ME,returner=Reader:1#isPrintableChar:57,value=true
ME,returner=Reader:1#skip:24,value=<void>
MC,caller=Reader:1#hasNext:24,target=Reader:1#hasNextByte:104
FR,context=Reader:1,ptr
FR,context=Reader:1,buflen
VW,context=Reader:1#hasNextByte:104,result=true
ME,returner=Reader:1#hasNextByte:104,value=true
VW,context=Reader:1#hasNext:24,result=true
ME,returner=Reader:1#hasNext:24,value=true
VW,context=Reader:1#nextLong:24,minus=false
MC,caller=Reader:1#nextLong:24,target=Reader:1#readByte:47
MC,caller=Reader:1#readByte:47,target=Reader:1#hasNextByte:105
FR,context=Reader:1,ptr
FR,context=Reader:1,buflen
VW,context=Reader:1#hasNextByte:105,result=true
ME,returner=Reader:1#hasNextByte:105,value=true
FR,context=Reader:1,buf
FR,context=Reader:1,ptr
FW,context=Reader:1,ptr=57
VW,context=Reader:1#readByte:47,result=51
ME,returner=Reader:1#readByte:47,value=51
VW,context=Reader:1#nextLong:24,num=51
VW,context=Reader:1#nextLong:24,num=3
MC,caller=Reader:1#nextLong:24,target=Reader:1#readByte:48
MC,caller=Reader:1#readByte:48,target=Reader:1#hasNextByte:106
FR,context=Reader:1,ptr
FR,context=Reader:1,buflen
VW,context=Reader:1#hasNextByte:106,result=true
ME,returner=Reader:1#hasNextByte:106,value=true
FR,context=Reader:1,buf
FR,context=Reader:1,ptr
FW,context=Reader:1,ptr=58
VW,context=Reader:1#readByte:48,result=13
ME,returner=Reader:1#readByte:48,value=13
VW,context=Reader:1#nextLong:24,b=13
MC,caller=Reader:1#nextLong:24,target=Reader:1#isPrintableChar:58
VW,context=Reader:1#isPrintableChar:58,c=13
VW,context=Reader:1#isPrintableChar:58,result=false
ME,returner=Reader:1#isPrintableChar:58,value=false
VW,context=Reader:1#nextLong:24,result=3
ME,returner=Reader:1#nextLong:24,value=3
VW,context=Reader:1#nextInt:24,num=3
VW,context=Reader:1#nextInt:24,result=3
ME,returner=Reader:1#nextInt:24,value=3
FW,context=int[]:28,5=2
VW,context=Main#main:1,y=int[]:28
VW,context=Main#main:1,i=6
FR,context=Main,sc
MC,caller=Main#main:1,target=Reader:1#nextInt:25
MC,caller=Reader:1#nextInt:25,target=Reader:1#nextLong:25
MC,caller=Reader:1#nextLong:25,target=Reader:1#hasNext:25
MC,caller=Reader:1#hasNext:25,target=Reader:1#skip:25
MC,caller=Reader:1#skip:25,target=Reader:1#hasNextByte:107
FR,context=Reader:1,ptr
FR,context=Reader:1,buflen
VW,context=Reader:1#hasNextByte:107,result=true
ME,returner=Reader:1#hasNextByte:107,value=true
FR,context=Reader:1,buf
FR,context=Reader:1,ptr
MC,caller=Reader:1#skip:25,target=Reader:1#isPrintableChar:59
VW,context=Reader:1#isPrintableChar:59,c=10
VW,context=Reader:1#isPrintableChar:59,result=false
ME,returner=Reader:1#isPrintableChar:59,value=false
FR,context=Reader:1,ptr
FW,context=Reader:1,ptr=59
MC,caller=Reader:1#skip:25,target=Reader:1#hasNextByte:108
FR,context=Reader:1,ptr
FR,context=Reader:1,buflen
VW,context=Reader:1#hasNextByte:108,result=true
ME,returner=Reader:1#hasNextByte:108,value=true
FR,context=Reader:1,buf
FR,context=Reader:1,ptr
MC,caller=Reader:1#skip:25,target=Reader:1#isPrintableChar:60
VW,context=Reader:1#isPrintableChar:60,c=51
VW,context=Reader:1#isPrintableChar:60,result=true
ME,returner=Reader:1#isPrintableChar:60,value=true
ME,returner=Reader:1#skip:25,value=<void>
MC,caller=Reader:1#hasNext:25,target=Reader:1#hasNextByte:109
FR,context=Reader:1,ptr
FR,context=Reader:1,buflen
VW,context=Reader:1#hasNextByte:109,result=true
ME,returner=Reader:1#hasNextByte:109,value=true
VW,context=Reader:1#hasNext:25,result=true
ME,returner=Reader:1#hasNext:25,value=true
VW,context=Reader:1#nextLong:25,minus=false
MC,caller=Reader:1#nextLong:25,target=Reader:1#readByte:49
MC,caller=Reader:1#readByte:49,target=Reader:1#hasNextByte:110
FR,context=Reader:1,ptr
FR,context=Reader:1,buflen
VW,context=Reader:1#hasNextByte:110,result=true
ME,returner=Reader:1#hasNextByte:110,value=true
FR,context=Reader:1,buf
FR,context=Reader:1,ptr
FW,context=Reader:1,ptr=60
VW,context=Reader:1#readByte:49,result=51
ME,returner=Reader:1#readByte:49,value=51
VW,context=Reader:1#nextLong:25,num=51
VW,context=Reader:1#nextLong:25,num=3
MC,caller=Reader:1#nextLong:25,target=Reader:1#readByte:50
MC,caller=Reader:1#readByte:50,target=Reader:1#hasNextByte:111
FR,context=Reader:1,ptr
FR,context=Reader:1,buflen
VW,context=Reader:1#hasNextByte:111,result=true
ME,returner=Reader:1#hasNextByte:111,value=true
FR,context=Reader:1,buf
FR,context=Reader:1,ptr
FW,context=Reader:1,ptr=61
VW,context=Reader:1#readByte:50,result=32
ME,returner=Reader:1#readByte:50,value=32
VW,context=Reader:1#nextLong:25,b=32
MC,caller=Reader:1#nextLong:25,target=Reader:1#isPrintableChar:61
VW,context=Reader:1#isPrintableChar:61,c=32
VW,context=Reader:1#isPrintableChar:61,result=false
ME,returner=Reader:1#isPrintableChar:61,value=false
VW,context=Reader:1#nextLong:25,result=3
ME,returner=Reader:1#nextLong:25,value=3
VW,context=Reader:1#nextInt:25,num=3
VW,context=Reader:1#nextInt:25,result=3
ME,returner=Reader:1#nextInt:25,value=3
FW,context=int[]:27,6=2
VW,context=Main#main:1,x=int[]:27
FR,context=Main,sc
MC,caller=Main#main:1,target=Reader:1#nextInt:26
MC,caller=Reader:1#nextInt:26,target=Reader:1#nextLong:26
MC,caller=Reader:1#nextLong:26,target=Reader:1#hasNext:26
MC,caller=Reader:1#hasNext:26,target=Reader:1#skip:26
MC,caller=Reader:1#skip:26,target=Reader:1#hasNextByte:112
FR,context=Reader:1,ptr
FR,context=Reader:1,buflen
VW,context=Reader:1#hasNextByte:112,result=true
ME,returner=Reader:1#hasNextByte:112,value=true
FR,context=Reader:1,buf
FR,context=Reader:1,ptr
MC,caller=Reader:1#skip:26,target=Reader:1#isPrintableChar:62
VW,context=Reader:1#isPrintableChar:62,c=49
VW,context=Reader:1#isPrintableChar:62,result=true
ME,returner=Reader:1#isPrintableChar:62,value=true
ME,returner=Reader:1#skip:26,value=<void>
MC,caller=Reader:1#hasNext:26,target=Reader:1#hasNextByte:113
FR,context=Reader:1,ptr
FR,context=Reader:1,buflen
VW,context=Reader:1#hasNextByte:113,result=true
ME,returner=Reader:1#hasNextByte:113,value=true
VW,context=Reader:1#hasNext:26,result=true
ME,returner=Reader:1#hasNext:26,value=true
VW,context=Reader:1#nextLong:26,minus=false
MC,caller=Reader:1#nextLong:26,target=Reader:1#readByte:51
MC,caller=Reader:1#readByte:51,target=Reader:1#hasNextByte:114
FR,context=Reader:1,ptr
FR,context=Reader:1,buflen
VW,context=Reader:1#hasNextByte:114,result=true
ME,returner=Reader:1#hasNextByte:114,value=true
FR,context=Reader:1,buf
FR,context=Reader:1,ptr
FW,context=Reader:1,ptr=62
VW,context=Reader:1#readByte:51,result=49
ME,returner=Reader:1#readByte:51,value=49
VW,context=Reader:1#nextLong:26,num=49
VW,context=Reader:1#nextLong:26,num=1
MC,caller=Reader:1#nextLong:26,target=Reader:1#readByte:52
MC,caller=Reader:1#readByte:52,target=Reader:1#hasNextByte:115
FR,context=Reader:1,ptr
FR,context=Reader:1,buflen
VW,context=Reader:1#hasNextByte:115,result=true
ME,returner=Reader:1#hasNextByte:115,value=true
FR,context=Reader:1,buf
FR,context=Reader:1,ptr
FW,context=Reader:1,ptr=63
VW,context=Reader:1#readByte:52,result=13
ME,returner=Reader:1#readByte:52,value=13
VW,context=Reader:1#nextLong:26,b=13
MC,caller=Reader:1#nextLong:26,target=Reader:1#isPrintableChar:63
VW,context=Reader:1#isPrintableChar:63,c=13
VW,context=Reader:1#isPrintableChar:63,result=false
ME,returner=Reader:1#isPrintableChar:63,value=false
VW,context=Reader:1#nextLong:26,result=1
ME,returner=Reader:1#nextLong:26,value=1
VW,context=Reader:1#nextInt:26,num=1
VW,context=Reader:1#nextInt:26,result=1
ME,returner=Reader:1#nextInt:26,value=1
VW,context=Main#main:1,y=int[]:28
VD,method=Main#main:1 <name=i,type=int (id=7),value=<?>,index=12>
VW,context=Main#main:1,now=1
VW,context=Main#main:1,flag=false
VW,context=Main#main:1,i=0
VW,context=Main#main:1,j=0
VW,context=Main#main:1,map=int[][][]:2
VD,method=Main#main:1 <name=j,type=int (id=7),value=<?>,index=16>
VW,context=Main#main:1,xx=0
VW,context=Main#main:1,yy=0
VW,context=Main#main:1,zz=0
VW,context=Main#main:1,zz=1
VW,context=Main#main:1,zz=2
VD,method=Main#main:1 <name=zz,type=int (id=7),value=<?>,index=19>
VW,context=Main#main:1,yy=1
VW,context=Main#main:1,zz=0
VW,context=Main#main:1,zz=1
VW,context=Main#main:1,zz=2
VD,method=Main#main:1 <name=zz,type=int (id=7),value=<?>,index=19>
VW,context=Main#main:1,yy=2
VW,context=Main#main:1,zz=0
VW,context=Main#main:1,zz=1
VW,context=Main#main:1,zz=2
VD,method=Main#main:1 <name=zz,type=int (id=7),value=<?>,index=19>
VD,method=Main#main:1 <name=yy,type=int (id=7),value=<?>,index=18>
VW,context=Main#main:1,xx=1
VW,context=Main#main:1,yy=0
VW,context=Main#main:1,zz=0
VW,context=Main#main:1,zz=1
VW,context=Main#main:1,zz=2
VD,method=Main#main:1 <name=zz,type=int (id=7),value=<?>,index=19>
VW,context=Main#main:1,yy=1
VW,context=Main#main:1,zz=0
VW,context=Main#main:1,w=1
VW,context=Main#main:1,k=0
VW,context=Main#main:1,ok=true
VW,context=Main#main:1,k=1
VD,method=Main#main:1 <name=ok,type=boolean (id=2),value=<?>,index=22>
VW,context=Main#main:1,ok=true
VW,context=Main#main:1,k=2
VD,method=Main#main:1 <name=ok,type=boolean (id=2),value=<?>,index=22>
VW,context=Main#main:1,ok=true
VW,context=Main#main:1,l=1
VW,context=Main#main:1,ok=false
VD,method=Main#main:1 <name=l,type=int (id=7),value=<?>,index=23>
VW,context=Main#main:1,k=3
VD,method=Main#main:1 <name=ok,type=boolean (id=2),value=<?>,index=22>
VW,context=Main#main:1,ok=true
VW,context=Main#main:1,k=4
VD,method=Main#main:1 <name=ok,type=boolean (id=2),value=<?>,index=22>
VW,context=Main#main:1,ok=true
VW,context=Main#main:1,k=5
VD,method=Main#main:1 <name=ok,type=boolean (id=2),value=<?>,index=22>
VW,context=Main#main:1,ok=true
VW,context=Main#main:1,k=6
VD,method=Main#main:1 <name=ok,type=boolean (id=2),value=<?>,index=22>
VW,context=Main#main:1,ok=true
VW,context=Main#main:1,k=7
VD,method=Main#main:1 <name=ok,type=boolean (id=2),value=<?>,index=22>
VW,context=Main#main:1,ok=true
VW,context=Main#main:1,k=8
VD,method=Main#main:1 <name=ok,type=boolean (id=2),value=<?>,index=22>
VW,context=Main#main:1,ok=true
VW,context=Main#main:1,k=9
VD,method=Main#main:1 <name=ok,type=boolean (id=2),value=<?>,index=22>
VW,context=Main#main:1,ok=true
VW,context=Main#main:1,k=10
VD,method=Main#main:1 <name=ok,type=boolean (id=2),value=<?>,index=22>
VW,context=Main#main:1,ok=true
VW,context=Main#main:1,k=11
VD,method=Main#main:1 <name=ok,type=boolean (id=2),value=<?>,index=22>
VW,context=Main#main:1,ok=true
VW,context=Main#main:1,k=12
VD,method=Main#main:1 <name=ok,type=boolean (id=2),value=<?>,index=22>
VW,context=Main#main:1,ok=true
VD,method=Main#main:1 <name=ok,type=boolean (id=2),value=<?>,index=22>
VD,method=Main#main:1 <name=k,type=int (id=7),value=<?>,index=21>
VW,context=Main#main:1,zz=1
VD,method=Main#main:1 <name=w,type=int (id=7),value=<?>,index=20>
VW,context=Main#main:1,zz=2
VD,method=Main#main:1 <name=zz,type=int (id=7),value=<?>,index=19>
VW,context=Main#main:1,yy=2
VW,context=Main#main:1,zz=0
VW,context=Main#main:1,zz=1
VW,context=Main#main:1,zz=2
VD,method=Main#main:1 <name=zz,type=int (id=7),value=<?>,index=19>
VD,method=Main#main:1 <name=yy,type=int (id=7),value=<?>,index=18>
VW,context=Main#main:1,xx=2
VW,context=Main#main:1,yy=0
VW,context=Main#main:1,zz=0
VW,context=Main#main:1,zz=1
VW,context=Main#main:1,zz=2
VD,method=Main#main:1 <name=zz,type=int (id=7),value=<?>,index=19>
VW,context=Main#main:1,yy=1
VW,context=Main#main:1,zz=0
VW,context=Main#main:1,zz=1
VW,context=Main#main:1,zz=2
VD,method=Main#main:1 <name=zz,type=int (id=7),value=<?>,index=19>
VW,context=Main#main:1,yy=2
VW,context=Main#main:1,zz=0
VW,context=Main#main:1,zz=1
VW,context=Main#main:1,zz=2
VD,method=Main#main:1 <name=zz,type=int (id=7),value=<?>,index=19>
VD,method=Main#main:1 <name=yy,type=int (id=7),value=<?>,index=18>
VD,method=Main#main:1 <name=xx,type=int (id=7),value=<?>,index=17>
VW,context=Main#main:1,now=2
VW,context=Main#main:1,i=1
VW,context=Main#main:1,j=0
VW,context=Main#main:1,map=int[][][]:2
VD,method=Main#main:1 <name=j,type=int (id=7),value=<?>,index=16>
VW,context=Main#main:1,xx=0
VW,context=Main#main:1,yy=0
VW,context=Main#main:1,zz=0
VW,context=Main#main:1,zz=1
VW,context=Main#main:1,zz=2
VD,method=Main#main:1 <name=zz,type=int (id=7),value=<?>,index=19>
VW,context=Main#main:1,yy=1
VW,context=Main#main:1,zz=0
VW,context=Main#main:1,zz=1
VW,context=Main#main:1,zz=2
VD,method=Main#main:1 <name=zz,type=int (id=7),value=<?>,index=19>
VW,context=Main#main:1,yy=2
VW,context=Main#main:1,zz=0
VW,context=Main#main:1,w=2
VW,context=Main#main:1,k=0
VW,context=Main#main:1,ok=true
VW,context=Main#main:1,l=1
VW,context=Main#main:1,ok=false
VD,method=Main#main:1 <name=l,type=int (id=7),value=<?>,index=23>
VW,context=Main#main:1,k=1
VD,method=Main#main:1 <name=ok,type=boolean (id=2),value=<?>,index=22>
VW,context=Main#main:1,ok=true
VW,context=Main#main:1,l=1
VW,context=Main#main:1,ok=false
VD,method=Main#main:1 <name=l,type=int (id=7),value=<?>,index=23>
VW,context=Main#main:1,k=2
VD,method=Main#main:1 <name=ok,type=boolean (id=2),value=<?>,index=22>
VW,context=Main#main:1,ok=true
VW,context=Main#main:1,l=1
VW,context=Main#main:1,ok=false
VD,method=Main#main:1 <name=l,type=int (id=7),value=<?>,index=23>
VW,context=Main#main:1,k=3
VD,method=Main#main:1 <name=ok,type=boolean (id=2),value=<?>,index=22>
VW,context=Main#main:1,ok=true
VW,context=Main#main:1,k=4
VD,method=Main#main:1 <name=ok,type=boolean (id=2),value=<?>,index=22>
VW,context=Main#main:1,ok=true
VW,context=Main#main:1,k=5
VD,method=Main#main:1 <name=ok,type=boolean (id=2),value=<?>,index=22>
VW,context=Main#main:1,ok=true
VW,context=Main#main:1,k=6
VD,method=Main#main:1 <name=ok,type=boolean (id=2),value=<?>,index=22>
VW,context=Main#main:1,ok=true
VW,context=Main#main:1,k=7
VD,method=Main#main:1 <name=ok,type=boolean (id=2),value=<?>,index=22>
VW,context=Main#main:1,ok=true
VW,context=Main#main:1,l=1
VW,context=Main#main:1,ok=false
VD,method=Main#main:1 <name=l,type=int (id=7),value=<?>,index=23>
VW,context=Main#main:1,k=8
VD,method=Main#main:1 <name=ok,type=boolean (id=2),value=<?>,index=22>
VW,context=Main#main:1,ok=true
VW,context=Main#main:1,k=9
VD,method=Main#main:1 <name=ok,type=boolean (id=2),value=<?>,index=22>
VW,context=Main#main:1,ok=true
VW,context=Main#main:1,k=10
VD,method=Main#main:1 <name=ok,type=boolean (id=2),value=<?>,index=22>
VW,context=Main#main:1,ok=true
VW,context=Main#main:1,l=1
VW,context=Main#main:1,ok=false
VD,method=Main#main:1 <name=l,type=int (id=7),value=<?>,index=23>
VW,context=Main#main:1,k=11
VD,method=Main#main:1 <name=ok,type=boolean (id=2),value=<?>,index=22>
VW,context=Main#main:1,ok=true
VW,context=Main#main:1,k=12
VD,method=Main#main:1 <name=ok,type=boolean (id=2),value=<?>,index=22>
VW,context=Main#main:1,ok=true
VD,method=Main#main:1 <name=ok,type=boolean (id=2),value=<?>,index=22>
VD,method=Main#main:1 <name=k,type=int (id=7),value=<?>,index=21>
VW,context=Main#main:1,zz=1
VD,method=Main#main:1 <name=w,type=int (id=7),value=<?>,index=20>
VW,context=Main#main:1,zz=2
VD,method=Main#main:1 <name=zz,type=int (id=7),value=<?>,index=19>
VD,method=Main#main:1 <name=yy,type=int (id=7),value=<?>,index=18>
VW,context=Main#main:1,xx=1
VW,context=Main#main:1,yy=0
VW,context=Main#main:1,zz=0
VW,context=Main#main:1,zz=1
VW,context=Main#main:1,zz=2
VD,method=Main#main:1 <name=zz,type=int (id=7),value=<?>,index=19>
VW,context=Main#main:1,yy=1
VW,context=Main#main:1,zz=0
VW,context=Main#main:1,w=1
VW,context=Main#main:1,k=0
VW,context=Main#main:1,ok=true
VW,context=Main#main:1,k=1
VD,method=Main#main:1 <name=ok,type=boolean (id=2),value=<?>,index=22>
VW,context=Main#main:1,ok=true
VW,context=Main#main:1,k=2
VD,method=Main#main:1 <name=ok,type=boolean (id=2),value=<?>,index=22>
VW,context=Main#main:1,ok=true
VW,context=Main#main:1,l=1
VW,context=Main#main:1,ok=false
VD,method=Main#main:1 <name=l,type=int (id=7),value=<?>,index=23>
VW,context=Main#main:1,k=3
VD,method=Main#main:1 <name=ok,type=boolean (id=2),value=<?>,index=22>
VW,context=Main#main:1,ok=true
VW,context=Main#main:1,k=4
VD,method=Main#main:1 <name=ok,type=boolean (id=2),value=<?>,index=22>
VW,context=Main#main:1,ok=true
VW,context=Main#main:1,k=5
VD,method=Main#main:1 <name=ok,type=boolean (id=2),value=<?>,index=22>
VW,context=Main#main:1,ok=true
VW,context=Main#main:1,k=6
VD,method=Main#main:1 <name=ok,type=boolean (id=2),value=<?>,index=22>
VW,context=Main#main:1,ok=true
VW,context=Main#main:1,k=7
VD,method=Main#main:1 <name=ok,type=boolean (id=2),value=<?>,index=22>
VW,context=Main#main:1,ok=true
VW,context=Main#main:1,k=8
VD,method=Main#main:1 <name=ok,type=boolean (id=2),value=<?>,index=22>
VW,context=Main#main:1,ok=true
VW,context=Main#main:1,k=9
VD,method=Main#main:1 <name=ok,type=boolean (id=2),value=<?>,index=22>
VW,context=Main#main:1,ok=true
VW,context=Main#main:1,k=10
VD,method=Main#main:1 <name=ok,type=boolean (id=2),value=<?>,index=22>
VW,context=Main#main:1,ok=true
VW,context=Main#main:1,k=11
VD,method=Main#main:1 <name=ok,type=boolean (id=2),value=<?>,index=22>
VW,context=Main#main:1,ok=true
VW,context=Main#main:1,k=12
VD,method=Main#main:1 <name=ok,type=boolean (id=2),value=<?>,index=22>
VW,context=Main#main:1,ok=true
VD,method=Main#main:1 <name=ok,type=boolean (id=2),value=<?>,index=22>
VD,method=Main#main:1 <name=k,type=int (id=7),value=<?>,index=21>
VW,context=Main#main:1,zz=1
VD,method=Main#main:1 <name=w,type=int (id=7),value=<?>,index=20>
VW,context=Main#main:1,zz=2
VD,method=Main#main:1 <name=zz,type=int (id=7),value=<?>,index=19>
VW,context=Main#main:1,yy=2
VW,context=Main#main:1,zz=0
VW,context=Main#main:1,zz=1
VW,context=Main#main:1,zz=2
VD,method=Main#main:1 <name=zz,type=int (id=7),value=<?>,index=19>
VD,method=Main#main:1 <name=yy,type=int (id=7),value=<?>,index=18>
VW,context=Main#main:1,xx=2
VW,context=Main#main:1,yy=0
VW,context=Main#main:1,zz=0
VW,context=Main#main:1,zz=1
VW,context=Main#main:1,zz=2
VD,method=Main#main:1 <name=zz,type=int (id=7),value=<?>,index=19>
VW,context=Main#main:1,yy=1
VW,context=Main#main:1,zz=0
VW,context=Main#main:1,zz=1
VW,context=Main#main:1,zz=2
VD,method=Main#main:1 <name=zz,type=int (id=7),value=<?>,index=19>
VW,context=Main#main:1,yy=2
VW,context=Main#main:1,zz=0
VW,context=Main#main:1,zz=1
VW,context=Main#main:1,zz=2
VD,method=Main#main:1 <name=zz,type=int (id=7),value=<?>,index=19>
VD,method=Main#main:1 <name=yy,type=int (id=7),value=<?>,index=18>
VD,method=Main#main:1 <name=xx,type=int (id=7),value=<?>,index=17>
VW,context=Main#main:1,now=1
VW,context=Main#main:1,i=2
VW,context=Main#main:1,j=0
VW,context=Main#main:1,map=int[][][]:2
VD,method=Main#main:1 <name=j,type=int (id=7),value=<?>,index=16>
VW,context=Main#main:1,xx=0
VW,context=Main#main:1,yy=0
VW,context=Main#main:1,zz=0
VW,context=Main#main:1,w=1
VW,context=Main#main:1,k=0
VW,context=Main#main:1,ok=true
VW,context=Main#main:1,l=1
VW,context=Main#main:1,ok=false
VD,method=Main#main:1 <name=l,type=int (id=7),value=<?>,index=23>
VW,context=Main#main:1,k=1
VD,method=Main#main:1 <name=ok,type=boolean (id=2),value=<?>,index=22>
VW,context=Main#main:1,ok=true
VW,context=Main#main:1,l=1
VW,context=Main#main:1,ok=false
VD,method=Main#main:1 <name=l,type=int (id=7),value=<?>,index=23>
VW,context=Main#main:1,k=2
VD,method=Main#main:1 <name=ok,type=boolean (id=2),value=<?>,index=22>
VW,context=Main#main:1,ok=true
VW,context=Main#main:1,l=1
VW,context=Main#main:1,ok=false
VD,method=Main#main:1 <name=l,type=int (id=7),value=<?>,index=23>
VW,context=Main#main:1,k=3
VD,method=Main#main:1 <name=ok,type=boolean (id=2),value=<?>,index=22>
VW,context=Main#main:1,ok=true
VW,context=Main#main:1,l=1
VW,context=Main#main:1,ok=false
VD,method=Main#main:1 <name=l,type=int (id=7),value=<?>,index=23>
VW,context=Main#main:1,k=4
VD,method=Main#main:1 <name=ok,type=boolean (id=2),value=<?>,index=22>
VW,context=Main#main:1,ok=true
VW,context=Main#main:1,l=1
VW,context=Main#main:1,ok=false
VD,method=Main#main:1 <name=l,type=int (id=7),value=<?>,index=23>
VW,context=Main#main:1,k=5
VD,method=Main#main:1 <name=ok,type=boolean (id=2),value=<?>,index=22>
VW,context=Main#main:1,ok=true
VW,context=Main#main:1,l=1
VW,context=Main#main:1,l=2
VW,context=Main#main:1,ok=false
VD,method=Main#main:1 <name=l,type=int (id=7),value=<?>,index=23>
VW,context=Main#main:1,k=6
VD,method=Main#main:1 <name=ok,type=boolean (id=2),value=<?>,index=22>
VW,context=Main#main:1,ok=true
VW,context=Main#main:1,l=1
VW,context=Main#main:1,ok=false
VD,method=Main#main:1 <name=l,type=int (id=7),value=<?>,index=23>
VW,context=Main#main:1,k=7
VD,method=Main#main:1 <name=ok,type=boolean (id=2),value=<?>,index=22>
VW,context=Main#main:1,ok=true
VW,context=Main#main:1,k=8
VD,method=Main#main:1 <name=ok,type=boolean (id=2),value=<?>,index=22>
VW,context=Main#main:1,ok=true
VW,context=Main#main:1,k=9
VD,method=Main#main:1 <name=ok,type=boolean (id=2),value=<?>,index=22>
VW,context=Main#main:1,ok=true
VW,context=Main#main:1,k=10
VD,method=Main#main:1 <name=ok,type=boolean (id=2),value=<?>,index=22>
VW,context=Main#main:1,ok=true
VW,context=Main#main:1,k=11
VD,method=Main#main:1 <name=ok,type=boolean (id=2),value=<?>,index=22>
VW,context=Main#main:1,ok=true
VW,context=Main#main:1,k=12
VD,method=Main#main:1 <name=ok,type=boolean (id=2),value=<?>,index=22>
VW,context=Main#main:1,ok=true
VD,method=Main#main:1 <name=ok,type=boolean (id=2),value=<?>,index=22>
VD,method=Main#main:1 <name=k,type=int (id=7),value=<?>,index=21>
VW,context=Main#main:1,zz=1
VD,method=Main#main:1 <name=w,type=int (id=7),value=<?>,index=20>
VW,context=Main#main:1,zz=2
VD,method=Main#main:1 <name=zz,type=int (id=7),value=<?>,index=19>
VW,context=Main#main:1,yy=1
VW,context=Main#main:1,zz=0
VW,context=Main#main:1,zz=1
VW,context=Main#main:1,zz=2
VD,method=Main#main:1 <name=zz,type=int (id=7),value=<?>,index=19>
VW,context=Main#main:1,yy=2
VW,context=Main#main:1,zz=0
VW,context=Main#main:1,w=2
VW,context=Main#main:1,k=0
VW,context=Main#main:1,ok=true
VW,context=Main#main:1,l=1
VW,context=Main#main:1,ok=false
VD,method=Main#main:1 <name=l,type=int (id=7),value=<?>,index=23>
VW,context=Main#main:1,k=1
VD,method=Main#main:1 <name=ok,type=boolean (id=2),value=<?>,index=22>
VW,context=Main#main:1,ok=true
VW,context=Main#main:1,l=1
VW,context=Main#main:1,ok=false
VD,method=Main#main:1 <name=l,type=int (id=7),value=<?>,index=23>
VW,context=Main#main:1,k=2
VD,method=Main#main:1 <name=ok,type=boolean (id=2),value=<?>,index=22>
VW,context=Main#main:1,ok=true
VW,context=Main#main:1,l=1
VW,context=Main#main:1,ok=false
VD,method=Main#main:1 <name=l,type=int (id=7),value=<?>,index=23>
VW,context=Main#main:1,k=3
VD,method=Main#main:1 <name=ok,type=boolean (id=2),value=<?>,index=22>
VW,context=Main#main:1,ok=true
VW,context=Main#main:1,k=4
VD,method=Main#main:1 <name=ok,type=boolean (id=2),value=<?>,index=22>
VW,context=Main#main:1,ok=true
VW,context=Main#main:1,k=5
VD,method=Main#main:1 <name=ok,type=boolean (id=2),value=<?>,index=22>
VW,context=Main#main:1,ok=true
VW,context=Main#main:1,k=6
VD,method=Main#main:1 <name=ok,type=boolean (id=2),value=<?>,index=22>
VW,context=Main#main:1,ok=true
VW,context=Main#main:1,k=7
VD,method=Main#main:1 <name=ok,type=boolean (id=2),value=<?>,index=22>
VW,context=Main#main:1,ok=true
VW,context=Main#main:1,l=1
VW,context=Main#main:1,ok=false
VD,method=Main#main:1 <name=l,type=int (id=7),value=<?>,index=23>
VW,context=Main#main:1,k=8
VD,method=Main#main:1 <name=ok,type=boolean (id=2),value=<?>,index=22>
VW,context=Main#main:1,ok=true
VW,context=Main#main:1,k=9
VD,method=Main#main:1 <name=ok,type=boolean (id=2),value=<?>,index=22>
VW,context=Main#main:1,ok=true
VW,context=Main#main:1,k=10
VD,method=Main#main:1 <name=ok,type=boolean (id=2),value=<?>,index=22>
VW,context=Main#main:1,ok=true
VW,context=Main#main:1,l=1
VW,context=Main#main:1,ok=false
VD,method=Main#main:1 <name=l,type=int (id=7),value=<?>,index=23>
VW,context=Main#main:1,k=11
VD,method=Main#main:1 <name=ok,type=boolean (id=2),value=<?>,index=22>
VW,context=Main#main:1,ok=true
VW,context=Main#main:1,k=12
VD,method=Main#main:1 <name=ok,type=boolean (id=2),value=<?>,index=22>
VW,context=Main#main:1,ok=true
VD,method=Main#main:1 <name=ok,type=boolean (id=2),value=<?>,index=22>
VD,method=Main#main:1 <name=k,type=int (id=7),value=<?>,index=21>
VW,context=Main#main:1,zz=1
VD,method=Main#main:1 <name=w,type=int (id=7),value=<?>,index=20>
VW,context=Main#main:1,zz=2
VD,method=Main#main:1 <name=zz,type=int (id=7),value=<?>,index=19>
VD,method=Main#main:1 <name=yy,type=int (id=7),value=<?>,index=18>
VW,context=Main#main:1,xx=1
VW,context=Main#main:1,yy=0
VW,context=Main#main:1,zz=0
VW,context=Main#main:1,zz=1
VW,context=Main#main:1,zz=2
VD,method=Main#main:1 <name=zz,type=int (id=7),value=<?>,index=19>
VW,context=Main#main:1,yy=1
VW,context=Main#main:1,zz=0
VW,context=Main#main:1,w=1
VW,context=Main#main:1,k=0
VW,context=Main#main:1,ok=true
VW,context=Main#main:1,k=1
VD,method=Main#main:1 <name=ok,type=boolean (id=2),value=<?>,index=22>
VW,context=Main#main:1,ok=true
VW,context=Main#main:1,k=2
VD,method=Main#main:1 <name=ok,type=boolean (id=2),value=<?>,index=22>
VW,context=Main#main:1,ok=true
VW,context=Main#main:1,l=1
VW,context=Main#main:1,ok=false
VD,method=Main#main:1 <name=l,type=int (id=7),value=<?>,index=23>
VW,context=Main#main:1,k=3
VD,method=Main#main:1 <name=ok,type=boolean (id=2),value=<?>,index=22>
VW,context=Main#main:1,ok=true
VW,context=Main#main:1,k=4
VD,method=Main#main:1 <name=ok,type=boolean (id=2),value=<?>,index=22>
VW,context=Main#main:1,ok=true
VW,context=Main#main:1,k=5
VD,method=Main#main:1 <name=ok,type=boolean (id=2),value=<?>,index=22>
VW,context=Main#main:1,ok=true
VW,context=Main#main:1,k=6
VD,method=Main#main:1 <name=ok,type=boolean (id=2),value=<?>,index=22>
VW,context=Main#main:1,ok=true
VW,context=Main#main:1,k=7
VD,method=Main#main:1 <name=ok,type=boolean (id=2),value=<?>,index=22>
VW,context=Main#main:1,ok=true
VW,context=Main#main:1,k=8
VD,method=Main#main:1 <name=ok,type=boolean (id=2),value=<?>,index=22>
VW,context=Main#main:1,ok=true
VW,context=Main#main:1,k=9
VD,method=Main#main:1 <name=ok,type=boolean (id=2),value=<?>,index=22>
VW,context=Main#main:1,ok=true
VW,context=Main#main:1,k=10
VD,method=Main#main:1 <name=ok,type=boolean (id=2),value=<?>,index=22>
VW,context=Main#main:1,ok=true
VW,context=Main#main:1,k=11
VD,method=Main#main:1 <name=ok,type=boolean (id=2),value=<?>,index=22>
VW,context=Main#main:1,ok=true
VW,context=Main#main:1,k=12
VD,method=Main#main:1 <name=ok,type=boolean (id=2),value=<?>,index=22>
VW,context=Main#main:1,ok=true
VD,method=Main#main:1 <name=ok,type=boolean (id=2),value=<?>,index=22>
VD,method=Main#main:1 <name=k,type=int (id=7),value=<?>,index=21>
VW,context=Main#main:1,zz=1
VD,method=Main#main:1 <name=w,type=int (id=7),value=<?>,index=20>
VW,context=Main#main:1,zz=2
VD,method=Main#main:1 <name=zz,type=int (id=7),value=<?>,index=19>
VW,context=Main#main:1,yy=2
VW,context=Main#main:1,zz=0
VW,context=Main#main:1,zz=1
VW,context=Main#main:1,zz=2
VD,method=Main#main:1 <name=zz,type=int (id=7),value=<?>,index=19>
VD,method=Main#main:1 <name=yy,type=int (id=7),value=<?>,index=18>
VW,context=Main#main:1,xx=2
VW,context=Main#main:1,yy=0
VW,context=Main#main:1,zz=0
VW,context=Main#main:1,zz=1
VW,context=Main#main:1,zz=2
VD,method=Main#main:1 <name=zz,type=int (id=7),value=<?>,index=19>
VW,context=Main#main:1,yy=1
VW,context=Main#main:1,zz=0
VW,context=Main#main:1,zz=1
VW,context=Main#main:1,zz=2
VD,method=Main#main:1 <name=zz,type=int (id=7),value=<?>,index=19>
VW,context=Main#main:1,yy=2
VW,context=Main#main:1,zz=0
VW,context=Main#main:1,zz=1
VW,context=Main#main:1,zz=2
VD,method=Main#main:1 <name=zz,type=int (id=7),value=<?>,index=19>
VD,method=Main#main:1 <name=yy,type=int (id=7),value=<?>,index=18>
VD,method=Main#main:1 <name=xx,type=int (id=7),value=<?>,index=17>
VW,context=Main#main:1,now=2
VW,context=Main#main:1,i=3
VW,context=Main#main:1,j=0
VW,context=Main#main:1,map=int[][][]:2
VD,method=Main#main:1 <name=j,type=int (id=7),value=<?>,index=16>
VW,context=Main#main:1,xx=0
VW,context=Main#main:1,yy=0
VW,context=Main#main:1,zz=0
VW,context=Main#main:1,w=1
VW,context=Main#main:1,k=0
VW,context=Main#main:1,ok=true
VW,context=Main#main:1,l=1
VW,context=Main#main:1,ok=false
VD,method=Main#main:1 <name=l,type=int (id=7),value=<?>,index=23>
VW,context=Main#main:1,k=1
VD,method=Main#main:1 <name=ok,type=boolean (id=2),value=<?>,index=22>
VW,context=Main#main:1,ok=true
VW,context=Main#main:1,l=1
VW,context=Main#main:1,ok=false
VD,method=Main#main:1 <name=l,type=int (id=7),value=<?>,index=23>
VW,context=Main#main:1,k=2
VD,method=Main#main:1 <name=ok,type=boolean (id=2),value=<?>,index=22>
VW,context=Main#main:1,ok=true
VW,context=Main#main:1,l=1
VW,context=Main#main:1,ok=false
VD,method=Main#main:1 <name=l,type=int (id=7),value=<?>,index=23>
VW,context=Main#main:1,k=3
VD,method=Main#main:1 <name=ok,type=boolean (id=2),value=<?>,index=22>
VW,context=Main#main:1,ok=true
VW,context=Main#main:1,l=1
VW,context=Main#main:1,ok=false
VD,method=Main#main:1 <name=l,type=int (id=7),value=<?>,index=23>
VW,context=Main#main:1,k=4
VD,method=Main#main:1 <name=ok,type=boolean (id=2),value=<?>,index=22>
VW,context=Main#main:1,ok=true
VW,context=Main#main:1,l=1
VW,context=Main#main:1,ok=false
VD,method=Main#main:1 <name=l,type=int (id=7),value=<?>,index=23>
VW,context=Main#main:1,k=5
VD,method=Main#main:1 <name=ok,type=boolean (id=2),value=<?>,index=22>
VW,context=Main#main:1,ok=true
VW,context=Main#main:1,l=1
VW,context=Main#main:1,l=2
VW,context=Main#main:1,ok=false
VD,method=Main#main:1 <name=l,type=int (id=7),value=<?>,index=23>
VW,context=Main#main:1,k=6
VD,method=Main#main:1 <name=ok,type=boolean (id=2),value=<?>,index=22>
VW,context=Main#main:1,ok=true
VW,context=Main#main:1,l=1
VW,context=Main#main:1,ok=false
VD,method=Main#main:1 <name=l,type=int (id=7),value=<?>,index=23>
VW,context=Main#main:1,k=7
VD,method=Main#main:1 <name=ok,type=boolean (id=2),value=<?>,index=22>
VW,context=Main#main:1,ok=true
VW,context=Main#main:1,k=8
VD,method=Main#main:1 <name=ok,type=boolean (id=2),value=<?>,index=22>
VW,context=Main#main:1,ok=true
VW,context=Main#main:1,k=9
VD,method=Main#main:1 <name=ok,type=boolean (id=2),value=<?>,index=22>
VW,context=Main#main:1,ok=true
VW,context=Main#main:1,k=10
VD,method=Main#main:1 <name=ok,type=boolean (id=2),value=<?>,index=22>
VW,context=Main#main:1,ok=true
VW,context=Main#main:1,k=11
VD,method=Main#main:1 <name=ok,type=boolean (id=2),value=<?>,index=22>
VW,context=Main#main:1,ok=true
VW,context=Main#main:1,k=12
VD,method=Main#main:1 <name=ok,type=boolean (id=2),value=<?>,index=22>
VW,context=Main#main:1,ok=true
VD,method=Main#main:1 <name=ok,type=boolean (id=2),value=<?>,index=22>
VD,method=Main#main:1 <name=k,type=int (id=7),value=<?>,index=21>
VW,context=Main#main:1,zz=1
VD,method=Main#main:1 <name=w,type=int (id=7),value=<?>,index=20>
VW,context=Main#main:1,zz=2
VD,method=Main#main:1 <name=zz,type=int (id=7),value=<?>,index=19>
VW,context=Main#main:1,yy=1
VW,context=Main#main:1,zz=0
VW,context=Main#main:1,zz=1
VW,context=Main#main:1,zz=2
VD,method=Main#main:1 <name=zz,type=int (id=7),value=<?>,index=19>
VW,context=Main#main:1,yy=2
VW,context=Main#main:1,zz=0
VW,context=Main#main:1,w=2
VW,context=Main#main:1,k=0
VW,context=Main#main:1,ok=true
VW,context=Main#main:1,l=1
VW,context=Main#main:1,l=2
VW,context=Main#main:1,ok=false
VD,method=Main#main:1 <name=l,type=int (id=7),value=<?>,index=23>
VW,context=Main#main:1,k=1
VD,method=Main#main:1 <name=ok,type=boolean (id=2),value=<?>,index=22>
VW,context=Main#main:1,ok=true
VW,context=Main#main:1,l=1
VW,context=Main#main:1,ok=false
VD,method=Main#main:1 <name=l,type=int (id=7),value=<?>,index=23>
VW,context=Main#main:1,k=2
VD,method=Main#main:1 <name=ok,type=boolean (id=2),value=<?>,index=22>
VW,context=Main#main:1,ok=true
VW,context=Main#main:1,l=1
VW,context=Main#main:1,ok=false
VD,method=Main#main:1 <name=l,type=int (id=7),value=<?>,index=23>
VW,context=Main#main:1,k=3
VD,method=Main#main:1 <name=ok,type=boolean (id=2),value=<?>,index=22>
VW,context=Main#main:1,ok=true
VW,context=Main#main:1,k=4
VD,method=Main#main:1 <name=ok,type=boolean (id=2),value=<?>,index=22>
VW,context=Main#main:1,ok=true
VW,context=Main#main:1,k=5
VD,method=Main#main:1 <name=ok,type=boolean (id=2),value=<?>,index=22>
VW,context=Main#main:1,ok=true
VW,context=Main#main:1,k=6
VD,method=Main#main:1 <name=ok,type=boolean (id=2),value=<?>,index=22>
VW,context=Main#main:1,ok=true
VW,context=Main#main:1,k=7
VD,method=Main#main:1 <name=ok,type=boolean (id=2),value=<?>,index=22>
VW,context=Main#main:1,ok=true
VW,context=Main#main:1,l=1
VW,context=Main#main:1,ok=false
VD,method=Main#main:1 <name=l,type=int (id=7),value=<?>,index=23>
VW,context=Main#main:1,k=8
VD,method=Main#main:1 <name=ok,type=boolean (id=2),value=<?>,index=22>
VW,context=Main#main:1,ok=true
VW,context=Main#main:1,k=9
VD,method=Main#main:1 <name=ok,type=boolean (id=2),value=<?>,index=22>
VW,context=Main#main:1,ok=true
VW,context=Main#main:1,k=10
VD,method=Main#main:1 <name=ok,type=boolean (id=2),value=<?>,index=22>
VW,context=Main#main:1,ok=true
VW,context=Main#main:1,l=1
VW,context=Main#main:1,ok=false
VD,method=Main#main:1 <name=l,type=int (id=7),value=<?>,index=23>
VW,context=Main#main:1,k=11
VD,method=Main#main:1 <name=ok,type=boolean (id=2),value=<?>,index=22>
VW,context=Main#main:1,ok=true
VW,context=Main#main:1,k=12
VD,method=Main#main:1 <name=ok,type=boolean (id=2),value=<?>,index=22>
VW,context=Main#main:1,ok=true
VD,method=Main#main:1 <name=ok,type=boolean (id=2),value=<?>,index=22>
VD,method=Main#main:1 <name=k,type=int (id=7),value=<?>,index=21>
VW,context=Main#main:1,zz=1
VD,method=Main#main:1 <name=w,type=int (id=7),value=<?>,index=20>
VW,context=Main#main:1,zz=2
VD,method=Main#main:1 <name=zz,type=int (id=7),value=<?>,index=19>
VD,method=Main#main:1 <name=yy,type=int (id=7),value=<?>,index=18>
VW,context=Main#main:1,xx=1
VW,context=Main#main:1,yy=0
VW,context=Main#main:1,zz=0
VW,context=Main#main:1,zz=1
VW,context=Main#main:1,zz=2
VD,method=Main#main:1 <name=zz,type=int (id=7),value=<?>,index=19>
VW,context=Main#main:1,yy=1
VW,context=Main#main:1,zz=0
VW,context=Main#main:1,w=1
VW,context=Main#main:1,k=0
VW,context=Main#main:1,ok=true
VW,context=Main#main:1,k=1
VD,method=Main#main:1 <name=ok,type=boolean (id=2),value=<?>,index=22>
VW,context=Main#main:1,ok=true
VW,context=Main#main:1,k=2
VD,method=Main#main:1 <name=ok,type=boolean (id=2),value=<?>,index=22>
VW,context=Main#main:1,ok=true
VW,context=Main#main:1,l=1
VW,context=Main#main:1,ok=false
VD,method=Main#main:1 <name=l,type=int (id=7),value=<?>,index=23>
VW,context=Main#main:1,k=3
VD,method=Main#main:1 <name=ok,type=boolean (id=2),value=<?>,index=22>
VW,context=Main#main:1,ok=true
VW,context=Main#main:1,k=4
VD,method=Main#main:1 <name=ok,type=boolean (id=2),value=<?>,index=22>
VW,context=Main#main:1,ok=true
VW,context=Main#main:1,k=5
VD,method=Main#main:1 <name=ok,type=boolean (id=2),value=<?>,index=22>
VW,context=Main#main:1,ok=true
VW,context=Main#main:1,k=6
VD,method=Main#main:1 <name=ok,type=boolean (id=2),value=<?>,index=22>
VW,context=Main#main:1,ok=true
VW,context=Main#main:1,k=7
VD,method=Main#main:1 <name=ok,type=boolean (id=2),value=<?>,index=22>
VW,context=Main#main:1,ok=true
VW,context=Main#main:1,k=8
VD,method=Main#main:1 <name=ok,type=boolean (id=2),value=<?>,index=22>
VW,context=Main#main:1,ok=true
VW,context=Main#main:1,k=9
VD,method=Main#main:1 <name=ok,type=boolean (id=2),value=<?>,index=22>
VW,context=Main#main:1,ok=true
VW,context=Main#main:1,k=10
VD,method=Main#main:1 <name=ok,type=boolean (id=2),value=<?>,index=22>
VW,context=Main#main:1,ok=true
VW,context=Main#main:1,k=11
VD,method=Main#main:1 <name=ok,type=boolean (id=2),value=<?>,index=22>
VW,context=Main#main:1,ok=true
VW,context=Main#main:1,k=12
VD,method=Main#main:1 <name=ok,type=boolean (id=2),value=<?>,index=22>
VW,context=Main#main:1,ok=true
VD,method=Main#main:1 <name=ok,type=boolean (id=2),value=<?>,index=22>
VD,method=Main#main:1 <name=k,type=int (id=7),value=<?>,index=21>
VW,context=Main#main:1,zz=1
VD,method=Main#main:1 <name=w,type=int (id=7),value=<?>,index=20>
VW,context=Main#main:1,zz=2
VD,method=Main#main:1 <name=zz,type=int (id=7),value=<?>,index=19>
VW,context=Main#main:1,yy=2
VW,context=Main#main:1,zz=0
VW,context=Main#main:1,w=2
VW,context=Main#main:1,k=0
VW,context=Main#main:1,ok=true
VW,context=Main#main:1,k=1
VD,method=Main#main:1 <name=ok,type=boolean (id=2),value=<?>,index=22>
VW,context=Main#main:1,ok=true
VW,context=Main#main:1,k=2
VD,method=Main#main:1 <name=ok,type=boolean (id=2),value=<?>,index=22>
VW,context=Main#main:1,ok=true
VW,context=Main#main:1,l=1
VW,context=Main#main:1,ok=false
VD,method=Main#main:1 <name=l,type=int (id=7),value=<?>,index=23>
VW,context=Main#main:1,k=3
VD,method=Main#main:1 <name=ok,type=boolean (id=2),value=<?>,index=22>
VW,context=Main#main:1,ok=true
VW,context=Main#main:1,k=4
VD,method=Main#main:1 <name=ok,type=boolean (id=2),value=<?>,index=22>
VW,context=Main#main:1,ok=true
VW,context=Main#main:1,k=5
VD,method=Main#main:1 <name=ok,type=boolean (id=2),value=<?>,index=22>
VW,context=Main#main:1,ok=true
VW,context=Main#main:1,k=6
VD,method=Main#main:1 <name=ok,type=boolean (id=2),value=<?>,index=22>
VW,context=Main#main:1,ok=true
VW,context=Main#main:1,k=7
VD,method=Main#main:1 <name=ok,type=boolean (id=2),value=<?>,index=22>
VW,context=Main#main:1,ok=true
VW,context=Main#main:1,k=8
VD,method=Main#main:1 <name=ok,type=boolean (id=2),value=<?>,index=22>
VW,context=Main#main:1,ok=true
VW,context=Main#main:1,k=9
VD,method=Main#main:1 <name=ok,type=boolean (id=2),value=<?>,index=22>
VW,context=Main#main:1,ok=true
VW,context=Main#main:1,k=10
VD,method=Main#main:1 <name=ok,type=boolean (id=2),value=<?>,index=22>
VW,context=Main#main:1,ok=true
VW,context=Main#main:1,k=11
VD,method=Main#main:1 <name=ok,type=boolean (id=2),value=<?>,index=22>
VW,context=Main#main:1,ok=true
VW,context=Main#main:1,k=12
VD,method=Main#main:1 <name=ok,type=boolean (id=2),value=<?>,index=22>
VW,context=Main#main:1,ok=true
VD,method=Main#main:1 <name=ok,type=boolean (id=2),value=<?>,index=22>
VD,method=Main#main:1 <name=k,type=int (id=7),value=<?>,index=21>
VW,context=Main#main:1,zz=1
VD,method=Main#main:1 <name=w,type=int (id=7),value=<?>,index=20>
VW,context=Main#main:1,zz=2
VD,method=Main#main:1 <name=zz,type=int (id=7),value=<?>,index=19>
VD,method=Main#main:1 <name=yy,type=int (id=7),value=<?>,index=18>
VW,context=Main#main:1,xx=2
VW,context=Main#main:1,yy=0
VW,context=Main#main:1,zz=0
VW,context=Main#main:1,zz=1
VW,context=Main#main:1,zz=2
VD,method=Main#main:1 <name=zz,type=int (id=7),value=<?>,index=19>
VW,context=Main#main:1,yy=1
VW,context=Main#main:1,zz=0
VW,context=Main#main:1,zz=1
VW,context=Main#main:1,zz=2
VD,method=Main#main:1 <name=zz,type=int (id=7),value=<?>,index=19>
VW,context=Main#main:1,yy=2
VW,context=Main#main:1,zz=0
VW,context=Main#main:1,zz=1
VW,context=Main#main:1,zz=2
VD,method=Main#main:1 <name=zz,type=int (id=7),value=<?>,index=19>
VD,method=Main#main:1 <name=yy,type=int (id=7),value=<?>,index=18>
VD,method=Main#main:1 <name=xx,type=int (id=7),value=<?>,index=17>
VW,context=Main#main:1,now=1
VW,context=Main#main:1,i=4
VW,context=Main#main:1,j=0
VW,context=Main#main:1,map=int[][][]:2
VD,method=Main#main:1 <name=j,type=int (id=7),value=<?>,index=16>
VW,context=Main#main:1,xx=0
VW,context=Main#main:1,yy=0
VW,context=Main#main:1,zz=0
VW,context=Main#main:1,w=1
VW,context=Main#main:1,k=0
VW,context=Main#main:1,ok=true
VW,context=Main#main:1,l=1
VW,context=Main#main:1,l=2
VW,context=Main#main:1,ok=false
VD,method=Main#main:1 <name=l,type=int (id=7),value=<?>,index=23>
VW,context=Main#main:1,k=1
VD,method=Main#main:1 <name=ok,type=boolean (id=2),value=<?>,index=22>
VW,context=Main#main:1,ok=true
VW,context=Main#main:1,l=1
VW,context=Main#main:1,ok=false
VD,method=Main#main:1 <name=l,type=int (id=7),value=<?>,index=23>
VW,context=Main#main:1,k=2
VD,method=Main#main:1 <name=ok,type=boolean (id=2),value=<?>,index=22>
VW,context=Main#main:1,ok=true
VW,context=Main#main:1,l=1
VW,context=Main#main:1,ok=false
VD,method=Main#main:1 <name=l,type=int (id=7),value=<?>,index=23>
VW,context=Main#main:1,k=3
VD,method=Main#main:1 <name=ok,type=boolean (id=2),value=<?>,index=22>
VW,context=Main#main:1,ok=true
VW,context=Main#main:1,l=1
VW,context=Main#main:1,ok=false
VD,method=Main#main:1 <name=l,type=int (id=7),value=<?>,index=23>
VW,context=Main#main:1,k=4
VD,method=Main#main:1 <name=ok,type=boolean (id=2),value=<?>,index=22>
VW,context=Main#main:1,ok=true
VW,context=Main#main:1,l=1
VW,context=Main#main:1,ok=false
VD,method=Main#main:1 <name=l,type=int (id=7),value=<?>,index=23>
VW,context=Main#main:1,k=5
VD,method=Main#main:1 <name=ok,type=boolean (id=2),value=<?>,index=22>
VW,context=Main#main:1,ok=true
VW,context=Main#main:1,l=1
VW,context=Main#main:1,l=2
VW,context=Main#main:1,ok=false
VD,method=Main#main:1 <name=l,type=int (id=7),value=<?>,index=23>
VW,context=Main#main:1,k=6
VD,method=Main#main:1 <name=ok,type=boolean (id=2),value=<?>,index=22>
VW,context=Main#main:1,ok=true
VW,context=Main#main:1,l=1
VW,context=Main#main:1,ok=false
VD,method=Main#main:1 <name=l,type=int (id=7),value=<?>,index=23>
VW,context=Main#main:1,k=7
VD,method=Main#main:1 <name=ok,type=boolean (id=2),value=<?>,index=22>
VW,context=Main#main:1,ok=true
VW,context=Main#main:1,k=8
VD,method=Main#main:1 <name=ok,type=boolean (id=2),value=<?>,index=22>
VW,context=Main#main:1,ok=true
VW,context=Main#main:1,k=9
VD,method=Main#main:1 <name=ok,type=boolean (id=2),value=<?>,index=22>
VW,context=Main#main:1,ok=true
VW,context=Main#main:1,k=10
VD,method=Main#main:1 <name=ok,type=boolean (id=2),value=<?>,index=22>
VW,context=Main#main:1,ok=true
VW,context=Main#main:1,k=11
VD,method=Main#main:1 <name=ok,type=boolean (id=2),value=<?>,index=22>
VW,context=Main#main:1,ok=true
VW,context=Main#main:1,k=12
VD,method=Main#main:1 <name=ok,type=boolean (id=2),value=<?>,index=22>
VW,context=Main#main:1,ok=true
VD,method=Main#main:1 <name=ok,type=boolean (id=2),value=<?>,index=22>
VD,method=Main#main:1 <name=k,type=int (id=7),value=<?>,index=21>
VW,context=Main#main:1,zz=1
VD,method=Main#main:1 <name=w,type=int (id=7),value=<?>,index=20>
VW,context=Main#main:1,zz=2
VD,method=Main#main:1 <name=zz,type=int (id=7),value=<?>,index=19>
VW,context=Main#main:1,yy=1
VW,context=Main#main:1,zz=0
VW,context=Main#main:1,zz=1
VW,context=Main#main:1,zz=2
VD,method=Main#main:1 <name=zz,type=int (id=7),value=<?>,index=19>
VW,context=Main#main:1,yy=2
VW,context=Main#main:1,zz=0
VW,context=Main#main:1,w=2
VW,context=Main#main:1,k=0
VW,context=Main#main:1,ok=true
VW,context=Main#main:1,l=1
VW,context=Main#main:1,l=2
VW,context=Main#main:1,ok=false
VD,method=Main#main:1 <name=l,type=int (id=7),value=<?>,index=23>
VW,context=Main#main:1,k=1
VD,method=Main#main:1 <name=ok,type=boolean (id=2),value=<?>,index=22>
VW,context=Main#main:1,ok=true
VW,context=Main#main:1,l=1
VW,context=Main#main:1,ok=false
VD,method=Main#main:1 <name=l,type=int (id=7),value=<?>,index=23>
VW,context=Main#main:1,k=2
VD,method=Main#main:1 <name=ok,type=boolean (id=2),value=<?>,index=22>
VW,context=Main#main:1,ok=true
VW,context=Main#main:1,l=1
VW,context=Main#main:1,ok=false
VD,method=Main#main:1 <name=l,type=int (id=7),value=<?>,index=23>
VW,context=Main#main:1,k=3
VD,method=Main#main:1 <name=ok,type=boolean (id=2),value=<?>,index=22>
VW,context=Main#main:1,ok=true
VW,context=Main#main:1,k=4
VD,method=Main#main:1 <name=ok,type=boolean (id=2),value=<?>,index=22>
VW,context=Main#main:1,ok=true
VW,context=Main#main:1,k=5
VD,method=Main#main:1 <name=ok,type=boolean (id=2),value=<?>,index=22>
VW,context=Main#main:1,ok=true
VW,context=Main#main:1,k=6
VD,method=Main#main:1 <name=ok,type=boolean (id=2),value=<?>,index=22>
VW,context=Main#main:1,ok=true
VW,context=Main#main:1,k=7
VD,method=Main#main:1 <name=ok,type=boolean (id=2),value=<?>,index=22>
VW,context=Main#main:1,ok=true
VW,context=Main#main:1,l=1
VW,context=Main#main:1,ok=false
VD,method=Main#main:1 <name=l,type=int (id=7),value=<?>,index=23>
VW,context=Main#main:1,k=8
VD,method=Main#main:1 <name=ok,type=boolean (id=2),value=<?>,index=22>
VW,context=Main#main:1,ok=true
VW,context=Main#main:1,k=9
VD,method=Main#main:1 <name=ok,type=boolean (id=2),value=<?>,index=22>
VW,context=Main#main:1,ok=true
VW,context=Main#main:1,k=10
VD,method=Main#main:1 <name=ok,type=boolean (id=2),value=<?>,index=22>
VW,context=Main#main:1,ok=true
VW,context=Main#main:1,l=1
VW,context=Main#main:1,ok=false
VD,method=Main#main:1 <name=l,type=int (id=7),value=<?>,index=23>
VW,context=Main#main:1,k=11
VD,method=Main#main:1 <name=ok,type=boolean (id=2),value=<?>,index=22>
VW,context=Main#main:1,ok=true
VW,context=Main#main:1,k=12
VD,method=Main#main:1 <name=ok,type=boolean (id=2),value=<?>,index=22>
VW,context=Main#main:1,ok=true
VD,method=Main#main:1 <name=ok,type=boolean (id=2),value=<?>,index=22>
VD,method=Main#main:1 <name=k,type=int (id=7),value=<?>,index=21>
VW,context=Main#main:1,zz=1
VD,method=Main#main:1 <name=w,type=int (id=7),value=<?>,index=20>
VW,context=Main#main:1,zz=2
VD,method=Main#main:1 <name=zz,type=int (id=7),value=<?>,index=19>
VD,method=Main#main:1 <name=yy,type=int (id=7),value=<?>,index=18>
VW,context=Main#main:1,xx=1
VW,context=Main#main:1,yy=0
VW,context=Main#main:1,zz=0
VW,context=Main#main:1,w=1
VW,context=Main#main:1,k=0
VW,context=Main#main:1,ok=true
VW,context=Main#main:1,k=1
VD,method=Main#main:1 <name=ok,type=boolean (id=2),value=<?>,index=22>
VW,context=Main#main:1,ok=true
VW,context=Main#main:1,k=2
VD,method=Main#main:1 <name=ok,type=boolean (id=2),value=<?>,index=22>
VW,context=Main#main:1,ok=true
VW,context=Main#main:1,l=1
VW,context=Main#main:1,ok=false
VD,method=Main#main:1 <name=l,type=int (id=7),value=<?>,index=23>
VW,context=Main#main:1,k=3
VD,method=Main#main:1 <name=ok,type=boolean (id=2),value=<?>,index=22>
VW,context=Main#main:1,ok=true
VW,context=Main#main:1,l=1
VW,context=Main#main:1,ok=false
VD,method=Main#main:1 <name=l,type=int (id=7),value=<?>,index=23>
VW,context=Main#main:1,k=4
VD,method=Main#main:1 <name=ok,type=boolean (id=2),value=<?>,index=22>
VW,context=Main#main:1,ok=true
VW,context=Main#main:1,l=1
VW,context=Main#main:1,l=2
VW,context=Main#main:1,ok=false
VD,method=Main#main:1 <name=l,type=int (id=7),value=<?>,index=23>
VW,context=Main#main:1,k=5
VD,method=Main#main:1 <name=ok,type=boolean (id=2),value=<?>,index=22>
VW,context=Main#main:1,ok=true
VW,context=Main#main:1,k=6
VD,method=Main#main:1 <name=ok,type=boolean (id=2),value=<?>,index=22>
VW,context=Main#main:1,ok=true
VW,context=Main#main:1,k=7
VD,method=Main#main:1 <name=ok,type=boolean (id=2),value=<?>,index=22>
VW,context=Main#main:1,ok=true
VW,context=Main#main:1,k=8
VD,method=Main#main:1 <name=ok,type=boolean (id=2),value=<?>,index=22>
VW,context=Main#main:1,ok=true
VW,context=Main#main:1,k=9
VD,method=Main#main:1 <name=ok,type=boolean (id=2),value=<?>,index=22>
VW,context=Main#main:1,ok=true
VW,context=Main#main:1,k=10
VD,method=Main#main:1 <name=ok,type=boolean (id=2),value=<?>,index=22>
VW,context=Main#main:1,ok=true
VW,context=Main#main:1,k=11
VD,method=Main#main:1 <name=ok,type=boolean (id=2),value=<?>,index=22>
VW,context=Main#main:1,ok=true
VW,context=Main#main:1,k=12
VD,method=Main#main:1 <name=ok,type=boolean (id=2),value=<?>,index=22>
VW,context=Main#main:1,ok=true
VD,method=Main#main:1 <name=ok,type=boolean (id=2),value=<?>,index=22>
VD,method=Main#main:1 <name=k,type=int (id=7),value=<?>,index=21>
VW,context=Main#main:1,zz=1
VD,method=Main#main:1 <name=w,type=int (id=7),value=<?>,index=20>
VW,context=Main#main:1,zz=2
VD,method=Main#main:1 <name=zz,type=int (id=7),value=<?>,index=19>
VW,context=Main#main:1,yy=1
VW,context=Main#main:1,zz=0
VW,context=Main#main:1,w=1
VW,context=Main#main:1,k=0
VW,context=Main#main:1,ok=true
VW,context=Main#main:1,k=1
VD,method=Main#main:1 <name=ok,type=boolean (id=2),value=<?>,index=22>
VW,context=Main#main:1,ok=true
VW,context=Main#main:1,k=2
VD,method=Main#main:1 <name=ok,type=boolean (id=2),value=<?>,index=22>
VW,context=Main#main:1,ok=true
VW,context=Main#main:1,l=1
VW,context=Main#main:1,ok=false
VD,method=Main#main:1 <name=l,type=int (id=7),value=<?>,index=23>
VW,context=Main#main:1,k=3
VD,method=Main#main:1 <name=ok,type=boolean (id=2),value=<?>,index=22>
VW,context=Main#main:1,ok=true
VW,context=Main#main:1,k=4
VD,method=Main#main:1 <name=ok,type=boolean (id=2),value=<?>,index=22>
VW,context=Main#main:1,ok=true
VW,context=Main#main:1,k=5
VD,method=Main#main:1 <name=ok,type=boolean (id=2),value=<?>,index=22>
VW,context=Main#main:1,ok=true
VW,context=Main#main:1,k=6
VD,method=Main#main:1 <name=ok,type=boolean (id=2),value=<?>,index=22>
VW,context=Main#main:1,ok=true
VW,context=Main#main:1,k=7
VD,method=Main#main:1 <name=ok,type=boolean (id=2),value=<?>,index=22>
VW,context=Main#main:1,ok=true
VW,context=Main#main:1,k=8
VD,method=Main#main:1 <name=ok,type=boolean (id=2),value=<?>,index=22>
VW,context=Main#main:1,ok=true
VW,context=Main#main:1,k=9
VD,method=Main#main:1 <name=ok,type=boolean (id=2),value=<?>,index=22>
VW,context=Main#main:1,ok=true
VW,context=Main#main:1,k=10
VD,method=Main#main:1 <name=ok,type=boolean (id=2),value=<?>,index=22>
VW,context=Main#main:1,ok=true
VW,context=Main#main:1,k=11
VD,method=Main#main:1 <name=ok,type=boolean (id=2),value=<?>,index=22>
VW,context=Main#main:1,ok=true
VW,context=Main#main:1,k=12
VD,method=Main#main:1 <name=ok,type=boolean (id=2),value=<?>,index=22>
VW,context=Main#main:1,ok=true
VD,method=Main#main:1 <name=ok,type=boolean (id=2),value=<?>,index=22>
VD,method=Main#main:1 <name=k,type=int (id=7),value=<?>,index=21>
VW,context=Main#main:1,zz=1
VD,method=Main#main:1 <name=w,type=int (id=7),value=<?>,index=20>
VW,context=Main#main:1,zz=2
VD,method=Main#main:1 <name=zz,type=int (id=7),value=<?>,index=19>
VW,context=Main#main:1,yy=2
VW,context=Main#main:1,zz=0
VW,context=Main#main:1,w=2
VW,context=Main#main:1,k=0
VW,context=Main#main:1,ok=true
VW,context=Main#main:1,k=1
VD,method=Main#main:1 <name=ok,type=boolean (id=2),value=<?>,index=22>
VW,context=Main#main:1,ok=true
VW,context=Main#main:1,k=2
VD,method=Main#main:1 <name=ok,type=boolean (id=2),value=<?>,index=22>
VW,context=Main#main:1,ok=true
VW,context=Main#main:1,l=1
VW,context=Main#main:1,ok=false
VD,method=Main#main:1 <name=l,type=int (id=7),value=<?>,index=23>
VW,context=Main#main:1,k=3
VD,method=Main#main:1 <name=ok,type=boolean (id=2),value=<?>,index=22>
VW,context=Main#main:1,ok=true
VW,context=Main#main:1,k=4
VD,method=Main#main:1 <name=ok,type=boolean (id=2),value=<?>,index=22>
VW,context=Main#main:1,ok=true
VW,context=Main#main:1,k=5
VD,method=Main#main:1 <name=ok,type=boolean (id=2),value=<?>,index=22>
VW,context=Main#main:1,ok=true
VW,context=Main#main:1,k=6
VD,method=Main#main:1 <name=ok,type=boolean (id=2),value=<?>,index=22>
VW,context=Main#main:1,ok=true
VW,context=Main#main:1,k=7
VD,method=Main#main:1 <name=ok,type=boolean (id=2),value=<?>,index=22>
VW,context=Main#main:1,ok=true
VW,context=Main#main:1,k=8
VD,method=Main#main:1 <name=ok,type=boolean (id=2),value=<?>,index=22>
VW,context=Main#main:1,ok=true
VW,context=Main#main:1,k=9
VD,method=Main#main:1 <name=ok,type=boolean (id=2),value=<?>,index=22>
VW,context=Main#main:1,ok=true
VW,context=Main#main:1,k=10
VD,method=Main#main:1 <name=ok,type=boolean (id=2),value=<?>,index=22>
VW,context=Main#main:1,ok=true
VW,context=Main#main:1,k=11
VD,method=Main#main:1 <name=ok,type=boolean (id=2),value=<?>,index=22>
VW,context=Main#main:1,ok=true
VW,context=Main#main:1,k=12
VD,method=Main#main:1 <name=ok,type=boolean (id=2),value=<?>,index=22>
VW,context=Main#main:1,ok=true
VD,method=Main#main:1 <name=ok,type=boolean (id=2),value=<?>,index=22>
VD,method=Main#main:1 <name=k,type=int (id=7),value=<?>,index=21>
VW,context=Main#main:1,zz=1
VD,method=Main#main:1 <name=w,type=int (id=7),value=<?>,index=20>
VW,context=Main#main:1,zz=2
VD,method=Main#main:1 <name=zz,type=int (id=7),value=<?>,index=19>
VD,method=Main#main:1 <name=yy,type=int (id=7),value=<?>,index=18>
VW,context=Main#main:1,xx=2
VW,context=Main#main:1,yy=0
VW,context=Main#main:1,zz=0
VW,context=Main#main:1,zz=1
VW,context=Main#main:1,zz=2
VD,method=Main#main:1 <name=zz,type=int (id=7),value=<?>,index=19>
VW,context=Main#main:1,yy=1
VW,context=Main#main:1,zz=0
VW,context=Main#main:1,zz=1
VW,context=Main#main:1,zz=2
VD,method=Main#main:1 <name=zz,type=int (id=7),value=<?>,index=19>
VW,context=Main#main:1,yy=2
VW,context=Main#main:1,zz=0
VW,context=Main#main:1,zz=1
VW,context=Main#main:1,zz=2
VD,method=Main#main:1 <name=zz,type=int (id=7),value=<?>,index=19>
VD,method=Main#main:1 <name=yy,type=int (id=7),value=<?>,index=18>
VD,method=Main#main:1 <name=xx,type=int (id=7),value=<?>,index=17>
VW,context=Main#main:1,now=2
VW,context=Main#main:1,i=5
VW,context=Main#main:1,j=0
VW,context=Main#main:1,map=int[][][]:2
VD,method=Main#main:1 <name=j,type=int (id=7),value=<?>,index=16>
VW,context=Main#main:1,xx=0
VW,context=Main#main:1,yy=0
VW,context=Main#main:1,zz=0
VW,context=Main#main:1,w=1
VW,context=Main#main:1,k=0
VW,context=Main#main:1,ok=true
VW,context=Main#main:1,l=1
VW,context=Main#main:1,l=2
VW,context=Main#main:1,ok=false
VD,method=Main#main:1 <name=l,type=int (id=7),value=<?>,index=23>
VW,context=Main#main:1,k=1
VD,method=Main#main:1 <name=ok,type=boolean (id=2),value=<?>,index=22>
VW,context=Main#main:1,ok=true
VW,context=Main#main:1,l=1
VW,context=Main#main:1,ok=false
VD,method=Main#main:1 <name=l,type=int (id=7),value=<?>,index=23>
VW,context=Main#main:1,k=2
VD,method=Main#main:1 <name=ok,type=boolean (id=2),value=<?>,index=22>
VW,context=Main#main:1,ok=true
VW,context=Main#main:1,l=1
VW,context=Main#main:1,ok=false
VD,method=Main#main:1 <name=l,type=int (id=7),value=<?>,index=23>
VW,context=Main#main:1,k=3
VD,method=Main#main:1 <name=ok,type=boolean (id=2),value=<?>,index=22>
VW,context=Main#main:1,ok=true
VW,context=Main#main:1,l=1
VW,context=Main#main:1,ok=false
VD,method=Main#main:1 <name=l,type=int (id=7),value=<?>,index=23>
VW,context=Main#main:1,k=4
VD,method=Main#main:1 <name=ok,type=boolean (id=2),value=<?>,index=22>
VW,context=Main#main:1,ok=true
VW,context=Main#main:1,l=1
VW,context=Main#main:1,ok=false
VD,method=Main#main:1 <name=l,type=int (id=7),value=<?>,index=23>
VW,context=Main#main:1,k=5
VD,method=Main#main:1 <name=ok,type=boolean (id=2),value=<?>,index=22>
VW,context=Main#main:1,ok=true
VW,context=Main#main:1,l=1
VW,context=Main#main:1,l=2
VW,context=Main#main:1,ok=false
VD,method=Main#main:1 <name=l,type=int (id=7),value=<?>,index=23>
VW,context=Main#main:1,k=6
VD,method=Main#main:1 <name=ok,type=boolean (id=2),value=<?>,index=22>
VW,context=Main#main:1,ok=true
VW,context=Main#main:1,l=1
VW,context=Main#main:1,ok=false
VD,method=Main#main:1 <name=l,type=int (id=7),value=<?>,index=23>
VW,context=Main#main:1,k=7
VD,method=Main#main:1 <name=ok,type=boolean (id=2),value=<?>,index=22>
VW,context=Main#main:1,ok=true
VW,context=Main#main:1,k=8
VD,method=Main#main:1 <name=ok,type=boolean (id=2),value=<?>,index=22>
VW,context=Main#main:1,ok=true
VW,context=Main#main:1,k=9
VD,method=Main#main:1 <name=ok,type=boolean (id=2),value=<?>,index=22>
VW,context=Main#main:1,ok=true
VW,context=Main#main:1,k=10
VD,method=Main#main:1 <name=ok,type=boolean (id=2),value=<?>,index=22>
VW,context=Main#main:1,ok=true
VW,context=Main#main:1,k=11
VD,method=Main#main:1 <name=ok,type=boolean (id=2),value=<?>,index=22>
VW,context=Main#main:1,ok=true
VW,context=Main#main:1,k=12
VD,method=Main#main:1 <name=ok,type=boolean (id=2),value=<?>,index=22>
VW,context=Main#main:1,ok=true
VD,method=Main#main:1 <name=ok,type=boolean (id=2),value=<?>,index=22>
VD,method=Main#main:1 <name=k,type=int (id=7),value=<?>,index=21>
VW,context=Main#main:1,zz=1
VD,method=Main#main:1 <name=w,type=int (id=7),value=<?>,index=20>
VW,context=Main#main:1,zz=2
VD,method=Main#main:1 <name=zz,type=int (id=7),value=<?>,index=19>
VW,context=Main#main:1,yy=1
VW,context=Main#main:1,zz=0
VW,context=Main#main:1,zz=1
VW,context=Main#main:1,zz=2
VD,method=Main#main:1 <name=zz,type=int (id=7),value=<?>,index=19>
VW,context=Main#main:1,yy=2
VW,context=Main#main:1,zz=0
VW,context=Main#main:1,w=2
VW,context=Main#main:1,k=0
VW,context=Main#main:1,ok=true
VW,context=Main#main:1,l=1
VW,context=Main#main:1,l=2
VD,method=Main#main:1 <name=l,type=int (id=7),value=<?>,index=23>
VW,context=Main#main:1,ans=2
VW,context=Main#main:1,count=6
VD,method=Main#main:1 <name=k,type=int (id=7),value=<?>,index=21>
VD,method=Main#main:1 <name=ok,type=boolean (id=2),value=<?>,index=22>
VD,method=Main#main:1 <name=zz,type=int (id=7),value=<?>,index=19>
VD,method=Main#main:1 <name=w,type=int (id=7),value=<?>,index=20>
VD,method=Main#main:1 <name=yy,type=int (id=7),value=<?>,index=18>
VD,method=Main#main:1 <name=xx,type=int (id=7),value=<?>,index=17>
VD,method=Main#main:1 <name=i,type=int (id=7),value=<?>,index=15>
FR,context=Main,out
FR,context=Main,out
VD,method=Main#main:1 <name=n,type=int (id=7),value=<?>,index=1>
VD,method=Main#main:1 <name=m,type=int (id=7),value=<?>,index=2>
VD,method=Main#main:1 <name=p,type=int (id=7),value=<?>,index=3>
VD,method=Main#main:1 <name=map,type=int[][][] (id=106),value=<?>,index=4>
VD,method=Main#main:1 <name=dx,type=int[] (id=77),value=<?>,index=5>
VD,method=Main#main:1 <name=dy,type=int[] (id=77),value=<?>,index=6>
VD,method=Main#main:1 <name=dz,type=int[] (id=77),value=<?>,index=7>
VD,method=Main#main:1 <name=x,type=int[] (id=77),value=<?>,index=8>
VD,method=Main#main:1 <name=y,type=int[] (id=77),value=<?>,index=9>
VD,method=Main#main:1 <name=ans,type=int (id=7),value=<?>,index=10>
VD,method=Main#main:1 <name=count,type=int (id=7),value=<?>,index=11>
VD,method=Main#main:1 <name=now,type=int (id=7),value=<?>,index=13>
VD,method=Main#main:1 <name=flag,type=boolean (id=2),value=<?>,index=14>
FR,context=Main,sc
MC,caller=Main#main:1,target=Reader:1#nextInt:27
MC,caller=Reader:1#nextInt:27,target=Reader:1#nextLong:27
MC,caller=Reader:1#nextLong:27,target=Reader:1#hasNext:27
MC,caller=Reader:1#hasNext:27,target=Reader:1#skip:27
MC,caller=Reader:1#skip:27,target=Reader:1#hasNextByte:116
FR,context=Reader:1,ptr
FR,context=Reader:1,buflen
VW,context=Reader:1#hasNextByte:116,result=true
ME,returner=Reader:1#hasNextByte:116,value=true
FR,context=Reader:1,buf
FR,context=Reader:1,ptr
MC,caller=Reader:1#skip:27,target=Reader:1#isPrintableChar:64
VW,context=Reader:1#isPrintableChar:64,c=10
VW,context=Reader:1#isPrintableChar:64,result=false
ME,returner=Reader:1#isPrintableChar:64,value=false
FR,context=Reader:1,ptr
FW,context=Reader:1,ptr=64
MC,caller=Reader:1#skip:27,target=Reader:1#hasNextByte:117
FR,context=Reader:1,ptr
FR,context=Reader:1,buflen
VW,context=Reader:1#hasNextByte:117,result=true
ME,returner=Reader:1#hasNextByte:117,value=true
FR,context=Reader:1,buf
FR,context=Reader:1,ptr
MC,caller=Reader:1#skip:27,target=Reader:1#isPrintableChar:65
VW,context=Reader:1#isPrintableChar:65,c=52
VW,context=Reader:1#isPrintableChar:65,result=true
ME,returner=Reader:1#isPrintableChar:65,value=true
ME,returner=Reader:1#skip:27,value=<void>
MC,caller=Reader:1#hasNext:27,target=Reader:1#hasNextByte:118
FR,context=Reader:1,ptr
FR,context=Reader:1,buflen
VW,context=Reader:1#hasNextByte:118,result=true
ME,returner=Reader:1#hasNextByte:118,value=true
VW,context=Reader:1#hasNext:27,result=true
ME,returner=Reader:1#hasNext:27,value=true
VW,context=Reader:1#nextLong:27,minus=false
MC,caller=Reader:1#nextLong:27,target=Reader:1#readByte:53
MC,caller=Reader:1#readByte:53,target=Reader:1#hasNextByte:119
FR,context=Reader:1,ptr
FR,context=Reader:1,buflen
VW,context=Reader:1#hasNextByte:119,result=true
ME,returner=Reader:1#hasNextByte:119,value=true
FR,context=Reader:1,buf
FR,context=Reader:1,ptr
FW,context=Reader:1,ptr=65
VW,context=Reader:1#readByte:53,result=52
ME,returner=Reader:1#readByte:53,value=52
VW,context=Reader:1#nextLong:27,num=52
VW,context=Reader:1#nextLong:27,num=4
MC,caller=Reader:1#nextLong:27,target=Reader:1#readByte:54
MC,caller=Reader:1#readByte:54,target=Reader:1#hasNextByte:120
FR,context=Reader:1,ptr
FR,context=Reader:1,buflen
VW,context=Reader:1#hasNextByte:120,result=true
ME,returner=Reader:1#hasNextByte:120,value=true
FR,context=Reader:1,buf
FR,context=Reader:1,ptr
FW,context=Reader:1,ptr=66
VW,context=Reader:1#readByte:54,result=32
ME,returner=Reader:1#readByte:54,value=32
VW,context=Reader:1#nextLong:27,b=32
MC,caller=Reader:1#nextLong:27,target=Reader:1#isPrintableChar:66
VW,context=Reader:1#isPrintableChar:66,c=32
VW,context=Reader:1#isPrintableChar:66,result=false
ME,returner=Reader:1#isPrintableChar:66,value=false
VW,context=Reader:1#nextLong:27,result=4
ME,returner=Reader:1#nextLong:27,value=4
VW,context=Reader:1#nextInt:27,num=4
VW,context=Reader:1#nextInt:27,result=4
ME,returner=Reader:1#nextInt:27,value=4
VW,context=Main#main:1,n=4
FR,context=Main,sc
MC,caller=Main#main:1,target=Reader:1#nextInt:28
MC,caller=Reader:1#nextInt:28,target=Reader:1#nextLong:28
MC,caller=Reader:1#nextLong:28,target=Reader:1#hasNext:28
MC,caller=Reader:1#hasNext:28,target=Reader:1#skip:28
MC,caller=Reader:1#skip:28,target=Reader:1#hasNextByte:121
FR,context=Reader:1,ptr
FR,context=Reader:1,buflen
VW,context=Reader:1#hasNextByte:121,result=true
ME,returner=Reader:1#hasNextByte:121,value=true
FR,context=Reader:1,buf
FR,context=Reader:1,ptr
MC,caller=Reader:1#skip:28,target=Reader:1#isPrintableChar:67
VW,context=Reader:1#isPrintableChar:67,c=51
VW,context=Reader:1#isPrintableChar:67,result=true
ME,returner=Reader:1#isPrintableChar:67,value=true
ME,returner=Reader:1#skip:28,value=<void>
MC,caller=Reader:1#hasNext:28,target=Reader:1#hasNextByte:122
FR,context=Reader:1,ptr
FR,context=Reader:1,buflen
VW,context=Reader:1#hasNextByte:122,result=true
ME,returner=Reader:1#hasNextByte:122,value=true
VW,context=Reader:1#hasNext:28,result=true
ME,returner=Reader:1#hasNext:28,value=true
VW,context=Reader:1#nextLong:28,minus=false
MC,caller=Reader:1#nextLong:28,target=Reader:1#readByte:55
MC,caller=Reader:1#readByte:55,target=Reader:1#hasNextByte:123
FR,context=Reader:1,ptr
FR,context=Reader:1,buflen
VW,context=Reader:1#hasNextByte:123,result=true
ME,returner=Reader:1#hasNextByte:123,value=true
FR,context=Reader:1,buf
FR,context=Reader:1,ptr
FW,context=Reader:1,ptr=67
VW,context=Reader:1#readByte:55,result=51
ME,returner=Reader:1#readByte:55,value=51
VW,context=Reader:1#nextLong:28,num=51
VW,context=Reader:1#nextLong:28,num=3
MC,caller=Reader:1#nextLong:28,target=Reader:1#readByte:56
MC,caller=Reader:1#readByte:56,target=Reader:1#hasNextByte:124
FR,context=Reader:1,ptr
FR,context=Reader:1,buflen
VW,context=Reader:1#hasNextByte:124,result=true
ME,returner=Reader:1#hasNextByte:124,value=true
FR,context=Reader:1,buf
FR,context=Reader:1,ptr
FW,context=Reader:1,ptr=68
VW,context=Reader:1#readByte:56,result=32
ME,returner=Reader:1#readByte:56,value=32
VW,context=Reader:1#nextLong:28,b=32
MC,caller=Reader:1#nextLong:28,target=Reader:1#isPrintableChar:68
VW,context=Reader:1#isPrintableChar:68,c=32
VW,context=Reader:1#isPrintableChar:68,result=false
ME,returner=Reader:1#isPrintableChar:68,value=false
VW,context=Reader:1#nextLong:28,result=3
ME,returner=Reader:1#nextLong:28,value=3
VW,context=Reader:1#nextInt:28,num=3
VW,context=Reader:1#nextInt:28,result=3
ME,returner=Reader:1#nextInt:28,value=3
VW,context=Main#main:1,m=3
FR,context=Main,sc
MC,caller=Main#main:1,target=Reader:1#nextInt:29
MC,caller=Reader:1#nextInt:29,target=Reader:1#nextLong:29
MC,caller=Reader:1#nextLong:29,target=Reader:1#hasNext:29
MC,caller=Reader:1#hasNext:29,target=Reader:1#skip:29
MC,caller=Reader:1#skip:29,target=Reader:1#hasNextByte:125
FR,context=Reader:1,ptr
FR,context=Reader:1,buflen
VW,context=Reader:1#hasNextByte:125,result=true
ME,returner=Reader:1#hasNextByte:125,value=true
FR,context=Reader:1,buf
FR,context=Reader:1,ptr
MC,caller=Reader:1#skip:29,target=Reader:1#isPrintableChar:69
VW,context=Reader:1#isPrintableChar:69,c=49
VW,context=Reader:1#isPrintableChar:69,result=true
ME,returner=Reader:1#isPrintableChar:69,value=true
ME,returner=Reader:1#skip:29,value=<void>
MC,caller=Reader:1#hasNext:29,target=Reader:1#hasNextByte:126
FR,context=Reader:1,ptr
FR,context=Reader:1,buflen
VW,context=Reader:1#hasNextByte:126,result=true
ME,returner=Reader:1#hasNextByte:126,value=true
VW,context=Reader:1#hasNext:29,result=true
ME,returner=Reader:1#hasNext:29,value=true
VW,context=Reader:1#nextLong:29,minus=false
MC,caller=Reader:1#nextLong:29,target=Reader:1#readByte:57
MC,caller=Reader:1#readByte:57,target=Reader:1#hasNextByte:127
FR,context=Reader:1,ptr
FR,context=Reader:1,buflen
VW,context=Reader:1#hasNextByte:127,result=true
ME,returner=Reader:1#hasNextByte:127,value=true
FR,context=Reader:1,buf
FR,context=Reader:1,ptr
FW,context=Reader:1,ptr=69
VW,context=Reader:1#readByte:57,result=49
ME,returner=Reader:1#readByte:57,value=49
VW,context=Reader:1#nextLong:29,num=49
VW,context=Reader:1#nextLong:29,num=1
MC,caller=Reader:1#nextLong:29,target=Reader:1#readByte:58
MC,caller=Reader:1#readByte:58,target=Reader:1#hasNextByte:128
FR,context=Reader:1,ptr
FR,context=Reader:1,buflen
VW,context=Reader:1#hasNextByte:128,result=true
ME,returner=Reader:1#hasNextByte:128,value=true
FR,context=Reader:1,buf
FR,context=Reader:1,ptr
FW,context=Reader:1,ptr=70
VW,context=Reader:1#readByte:58,result=53
ME,returner=Reader:1#readByte:58,value=53
VW,context=Reader:1#nextLong:29,b=53
VW,context=Reader:1#nextLong:29,num=15
MC,caller=Reader:1#nextLong:29,target=Reader:1#readByte:59
MC,caller=Reader:1#readByte:59,target=Reader:1#hasNextByte:129
FR,context=Reader:1,ptr
FR,context=Reader:1,buflen
VW,context=Reader:1#hasNextByte:129,result=true
ME,returner=Reader:1#hasNextByte:129,value=true
FR,context=Reader:1,buf
FR,context=Reader:1,ptr
FW,context=Reader:1,ptr=71
VW,context=Reader:1#readByte:59,result=13
ME,returner=Reader:1#readByte:59,value=13
VW,context=Reader:1#nextLong:29,b=13
MC,caller=Reader:1#nextLong:29,target=Reader:1#isPrintableChar:70
VW,context=Reader:1#isPrintableChar:70,c=13
VW,context=Reader:1#isPrintableChar:70,result=false
ME,returner=Reader:1#isPrintableChar:70,value=false
VW,context=Reader:1#nextLong:29,result=15
ME,returner=Reader:1#nextLong:29,value=15
VW,context=Reader:1#nextInt:29,num=15
VW,context=Reader:1#nextInt:29,result=15
ME,returner=Reader:1#nextInt:29,value=15
VW,context=Main#main:1,p=15
NO,object=int[][][]:3
NO,object=int[][]:7
NO,object=int[]:29
FW,context=int[]:29,0=0
FW,context=int[]:29,1=0
FW,context=int[]:29,2=0
FW,context=int[]:29,3=0
FW,context=int[][]:7,0=int[]:29
NO,object=int[]:30
FW,context=int[]:30,0=0
FW,context=int[]:30,1=0
FW,context=int[]:30,2=0
FW,context=int[]:30,3=0
FW,context=int[][]:7,1=int[]:30
NO,object=int[]:31
FW,context=int[]:31,0=0
FW,context=int[]:31,1=0
FW,context=int[]:31,2=0
FW,context=int[]:31,3=0
FW,context=int[][]:7,2=int[]:31
NO,object=int[]:32
FW,context=int[]:32,0=0
FW,context=int[]:32,1=0
FW,context=int[]:32,2=0
FW,context=int[]:32,3=0
FW,context=int[][]:7,3=int[]:32
FW,context=int[][][]:3,0=int[][]:7
NO,object=int[][]:8
NO,object=int[]:33
FW,context=int[]:33,0=0
FW,context=int[]:33,1=0
FW,context=int[]:33,2=0
FW,context=int[]:33,3=0
FW,context=int[][]:8,0=int[]:33
NO,object=int[]:34
FW,context=int[]:34,0=0
FW,context=int[]:34,1=0
FW,context=int[]:34,2=0
FW,context=int[]:34,3=0
FW,context=int[][]:8,1=int[]:34
NO,object=int[]:35
FW,context=int[]:35,0=0
FW,context=int[]:35,1=0
FW,context=int[]:35,2=0
FW,context=int[]:35,3=0
FW,context=int[][]:8,2=int[]:35
NO,object=int[]:36
FW,context=int[]:36,0=0
FW,context=int[]:36,1=0
FW,context=int[]:36,2=0
FW,context=int[]:36,3=0
FW,context=int[][]:8,3=int[]:36
FW,context=int[][][]:3,1=int[][]:8
NO,object=int[][]:9
NO,object=int[]:37
FW,context=int[]:37,0=0
FW,context=int[]:37,1=0
FW,context=int[]:37,2=0
FW,context=int[]:37,3=0
FW,context=int[][]:9,0=int[]:37
NO,object=int[]:38
FW,context=int[]:38,0=0
FW,context=int[]:38,1=0
FW,context=int[]:38,2=0
FW,context=int[]:38,3=0
FW,context=int[][]:9,1=int[]:38
NO,object=int[]:39
FW,context=int[]:39,0=0
FW,context=int[]:39,1=0
FW,context=int[]:39,2=0
FW,context=int[]:39,3=0
FW,context=int[][]:9,2=int[]:39
NO,object=int[]:40
FW,context=int[]:40,0=0
FW,context=int[]:40,1=0
FW,context=int[]:40,2=0
FW,context=int[]:40,3=0
FW,context=int[][]:9,3=int[]:40
FW,context=int[][][]:3,2=int[][]:9
NO,object=int[][]:10
NO,object=int[]:41
FW,context=int[]:41,0=0
FW,context=int[]:41,1=0
FW,context=int[]:41,2=0
FW,context=int[]:41,3=0
FW,context=int[][]:10,0=int[]:41
NO,object=int[]:42
FW,context=int[]:42,0=0
FW,context=int[]:42,1=0
FW,context=int[]:42,2=0
FW,context=int[]:42,3=0
FW,context=int[][]:10,1=int[]:42
NO,object=int[]:43
FW,context=int[]:43,0=0
FW,context=int[]:43,1=0
FW,context=int[]:43,2=0
FW,context=int[]:43,3=0
FW,context=int[][]:10,2=int[]:43
NO,object=int[]:44
FW,context=int[]:44,0=0
FW,context=int[]:44,1=0
FW,context=int[]:44,2=0
FW,context=int[]:44,3=0
FW,context=int[][]:10,3=int[]:44
FW,context=int[][][]:3,3=int[][]:10
VW,context=Main#main:1,map=int[][][]:3
NO,object=int[]:45
FW,context=int[]:45,0=1
FW,context=int[]:45,1=1
FW,context=int[]:45,2=0
FW,context=int[]:45,3=0
FW,context=int[]:45,4=0
FW,context=int[]:45,5=1
FW,context=int[]:45,6=1
FW,context=int[]:45,7=1
FW,context=int[]:45,8=1
FW,context=int[]:45,9=1
FW,context=int[]:45,10=1
FW,context=int[]:45,11=0
FW,context=int[]:45,12=1
VW,context=Main#main:1,dx=int[]:45
NO,object=int[]:46
FW,context=int[]:46,0=0
FW,context=int[]:46,1=0
FW,context=int[]:46,2=0
FW,context=int[]:46,3=1
FW,context=int[]:46,4=1
FW,context=int[]:46,5=1
FW,context=int[]:46,6=1
FW,context=int[]:46,7=-1
FW,context=int[]:46,8=-1
FW,context=int[]:46,9=1
FW,context=int[]:46,10=-1
FW,context=int[]:46,11=1
FW,context=int[]:46,12=0
VW,context=Main#main:1,dy=int[]:46
NO,object=int[]:47
FW,context=int[]:47,0=0
FW,context=int[]:47,1=1
FW,context=int[]:47,2=1
FW,context=int[]:47,3=1
FW,context=int[]:47,4=0
FW,context=int[]:47,5=0
FW,context=int[]:47,6=1
FW,context=int[]:47,7=1
FW,context=int[]:47,8=-1
FW,context=int[]:47,9=-1
FW,context=int[]:47,10=0
FW,context=int[]:47,11=-1
FW,context=int[]:47,12=-1
VW,context=Main#main:1,dz=int[]:47
NO,object=int[]:48
FW,context=int[]:48,0=0
FW,context=int[]:48,1=0
FW,context=int[]:48,2=0
FW,context=int[]:48,3=0
FW,context=int[]:48,4=0
FW,context=int[]:48,5=0
FW,context=int[]:48,6=0
FW,context=int[]:48,7=0
FW,context=int[]:48,8=0
FW,context=int[]:48,9=0
FW,context=int[]:48,10=0
FW,context=int[]:48,11=0
FW,context=int[]:48,12=0
FW,context=int[]:48,13=0
FW,context=int[]:48,14=0
VW,context=Main#main:1,x=int[]:48
NO,object=int[]:49
FW,context=int[]:49,0=0
FW,context=int[]:49,1=0
FW,context=int[]:49,2=0
FW,context=int[]:49,3=0
FW,context=int[]:49,4=0
FW,context=int[]:49,5=0
FW,context=int[]:49,6=0
FW,context=int[]:49,7=0
FW,context=int[]:49,8=0
FW,context=int[]:49,9=0
FW,context=int[]:49,10=0
FW,context=int[]:49,11=0
FW,context=int[]:49,12=0
FW,context=int[]:49,13=0
FW,context=int[]:49,14=0
VW,context=Main#main:1,y=int[]:49
VW,context=Main#main:1,ans=0
VW,context=Main#main:1,count=0
VW,context=Main#main:1,i=0
FR,context=Main,sc
MC,caller=Main#main:1,target=Reader:1#nextInt:30
MC,caller=Reader:1#nextInt:30,target=Reader:1#nextLong:30
MC,caller=Reader:1#nextLong:30,target=Reader:1#hasNext:30
MC,caller=Reader:1#hasNext:30,target=Reader:1#skip:30
MC,caller=Reader:1#skip:30,target=Reader:1#hasNextByte:130
FR,context=Reader:1,ptr
FR,context=Reader:1,buflen
VW,context=Reader:1#hasNextByte:130,result=true
ME,returner=Reader:1#hasNextByte:130,value=true
FR,context=Reader:1,buf
FR,context=Reader:1,ptr
MC,caller=Reader:1#skip:30,target=Reader:1#isPrintableChar:71
VW,context=Reader:1#isPrintableChar:71,c=10
VW,context=Reader:1#isPrintableChar:71,result=false
ME,returner=Reader:1#isPrintableChar:71,value=false
FR,context=Reader:1,ptr
FW,context=Reader:1,ptr=72
MC,caller=Reader:1#skip:30,target=Reader:1#hasNextByte:131
FR,context=Reader:1,ptr
FR,context=Reader:1,buflen
VW,context=Reader:1#hasNextByte:131,result=true
ME,returner=Reader:1#hasNextByte:131,value=true
FR,context=Reader:1,buf
FR,context=Reader:1,ptr
MC,caller=Reader:1#skip:30,target=Reader:1#isPrintableChar:72
VW,context=Reader:1#isPrintableChar:72,c=49
VW,context=Reader:1#isPrintableChar:72,result=true
ME,returner=Reader:1#isPrintableChar:72,value=true
ME,returner=Reader:1#skip:30,value=<void>
MC,caller=Reader:1#hasNext:30,target=Reader:1#hasNextByte:132
FR,context=Reader:1,ptr
FR,context=Reader:1,buflen
VW,context=Reader:1#hasNextByte:132,result=true
ME,returner=Reader:1#hasNextByte:132,value=true
VW,context=Reader:1#hasNext:30,result=true
ME,returner=Reader:1#hasNext:30,value=true
VW,context=Reader:1#nextLong:30,minus=false
MC,caller=Reader:1#nextLong:30,target=Reader:1#readByte:60
MC,caller=Reader:1#readByte:60,target=Reader:1#hasNextByte:133
FR,context=Reader:1,ptr
FR,context=Reader:1,buflen
VW,context=Reader:1#hasNextByte:133,result=true
ME,returner=Reader:1#hasNextByte:133,value=true
FR,context=Reader:1,buf
FR,context=Reader:1,ptr
FW,context=Reader:1,ptr=73
VW,context=Reader:1#readByte:60,result=49
ME,returner=Reader:1#readByte:60,value=49
VW,context=Reader:1#nextLong:30,num=49
VW,context=Reader:1#nextLong:30,num=1
MC,caller=Reader:1#nextLong:30,target=Reader:1#readByte:61
MC,caller=Reader:1#readByte:61,target=Reader:1#hasNextByte:134
FR,context=Reader:1,ptr
FR,context=Reader:1,buflen
VW,context=Reader:1#hasNextByte:134,result=true
ME,returner=Reader:1#hasNextByte:134,value=true
FR,context=Reader:1,buf
FR,context=Reader:1,ptr
FW,context=Reader:1,ptr=74
VW,context=Reader:1#readByte:61,result=32
ME,returner=Reader:1#readByte:61,value=32
VW,context=Reader:1#nextLong:30,b=32
MC,caller=Reader:1#nextLong:30,target=Reader:1#isPrintableChar:73
VW,context=Reader:1#isPrintableChar:73,c=32
VW,context=Reader:1#isPrintableChar:73,result=false
ME,returner=Reader:1#isPrintableChar:73,value=false
VW,context=Reader:1#nextLong:30,result=1
ME,returner=Reader:1#nextLong:30,value=1
VW,context=Reader:1#nextInt:30,num=1
VW,context=Reader:1#nextInt:30,result=1
ME,returner=Reader:1#nextInt:30,value=1
VW,context=Main#main:1,x=int[]:48
FR,context=Main,sc
MC,caller=Main#main:1,target=Reader:1#nextInt:31
MC,caller=Reader:1#nextInt:31,target=Reader:1#nextLong:31
MC,caller=Reader:1#nextLong:31,target=Reader:1#hasNext:31
MC,caller=Reader:1#hasNext:31,target=Reader:1#skip:31
MC,caller=Reader:1#skip:31,target=Reader:1#hasNextByte:135
FR,context=Reader:1,ptr
FR,context=Reader:1,buflen
VW,context=Reader:1#hasNextByte:135,result=true
ME,returner=Reader:1#hasNextByte:135,value=true
FR,context=Reader:1,buf
FR,context=Reader:1,ptr
MC,caller=Reader:1#skip:31,target=Reader:1#isPrintableChar:74
VW,context=Reader:1#isPrintableChar:74,c=49
VW,context=Reader:1#isPrintableChar:74,result=true
ME,returner=Reader:1#isPrintableChar:74,value=true
ME,returner=Reader:1#skip:31,value=<void>
MC,caller=Reader:1#hasNext:31,target=Reader:1#hasNextByte:136
FR,context=Reader:1,ptr
FR,context=Reader:1,buflen
VW,context=Reader:1#hasNextByte:136,result=true
ME,returner=Reader:1#hasNextByte:136,value=true
VW,context=Reader:1#hasNext:31,result=true
ME,returner=Reader:1#hasNext:31,value=true
VW,context=Reader:1#nextLong:31,minus=false
MC,caller=Reader:1#nextLong:31,target=Reader:1#readByte:62
MC,caller=Reader:1#readByte:62,target=Reader:1#hasNextByte:137
FR,context=Reader:1,ptr
FR,context=Reader:1,buflen
VW,context=Reader:1#hasNextByte:137,result=true
ME,returner=Reader:1#hasNextByte:137,value=true
FR,context=Reader:1,buf
FR,context=Reader:1,ptr
FW,context=Reader:1,ptr=75
VW,context=Reader:1#readByte:62,result=49
ME,returner=Reader:1#readByte:62,value=49
VW,context=Reader:1#nextLong:31,num=49
VW,context=Reader:1#nextLong:31,num=1
MC,caller=Reader:1#nextLong:31,target=Reader:1#readByte:63
MC,caller=Reader:1#readByte:63,target=Reader:1#hasNextByte:138
FR,context=Reader:1,ptr
FR,context=Reader:1,buflen
VW,context=Reader:1#hasNextByte:138,result=true
ME,returner=Reader:1#hasNextByte:138,value=true
FR,context=Reader:1,buf
FR,context=Reader:1,ptr
FW,context=Reader:1,ptr=76
VW,context=Reader:1#readByte:63,result=13
ME,returner=Reader:1#readByte:63,value=13
VW,context=Reader:1#nextLong:31,b=13
MC,caller=Reader:1#nextLong:31,target=Reader:1#isPrintableChar:75
VW,context=Reader:1#isPrintableChar:75,c=13
VW,context=Reader:1#isPrintableChar:75,result=false
ME,returner=Reader:1#isPrintableChar:75,value=false
VW,context=Reader:1#nextLong:31,result=1
ME,returner=Reader:1#nextLong:31,value=1
VW,context=Reader:1#nextInt:31,num=1
VW,context=Reader:1#nextInt:31,result=1
ME,returner=Reader:1#nextInt:31,value=1
VW,context=Main#main:1,y=int[]:49
VW,context=Main#main:1,i=1
FR,context=Main,sc
MC,caller=Main#main:1,target=Reader:1#nextInt:32
MC,caller=Reader:1#nextInt:32,target=Reader:1#nextLong:32
MC,caller=Reader:1#nextLong:32,target=Reader:1#hasNext:32
MC,caller=Reader:1#hasNext:32,target=Reader:1#skip:32
MC,caller=Reader:1#skip:32,target=Reader:1#hasNextByte:139
FR,context=Reader:1,ptr
FR,context=Reader:1,buflen
VW,context=Reader:1#hasNextByte:139,result=true
ME,returner=Reader:1#hasNextByte:139,value=true
FR,context=Reader:1,buf
FR,context=Reader:1,ptr
MC,caller=Reader:1#skip:32,target=Reader:1#isPrintableChar:76
VW,context=Reader:1#isPrintableChar:76,c=10
VW,context=Reader:1#isPrintableChar:76,result=false
ME,returner=Reader:1#isPrintableChar:76,value=false
FR,context=Reader:1,ptr
FW,context=Reader:1,ptr=77
MC,caller=Reader:1#skip:32,target=Reader:1#hasNextByte:140
FR,context=Reader:1,ptr
FR,context=Reader:1,buflen
VW,context=Reader:1#hasNextByte:140,result=true
ME,returner=Reader:1#hasNextByte:140,value=true
FR,context=Reader:1,buf
FR,context=Reader:1,ptr
MC,caller=Reader:1#skip:32,target=Reader:1#isPrintableChar:77
VW,context=Reader:1#isPrintableChar:77,c=50
VW,context=Reader:1#isPrintableChar:77,result=true
ME,returner=Reader:1#isPrintableChar:77,value=true
ME,returner=Reader:1#skip:32,value=<void>
MC,caller=Reader:1#hasNext:32,target=Reader:1#hasNextByte:141
FR,context=Reader:1,ptr
FR,context=Reader:1,buflen
VW,context=Reader:1#hasNextByte:141,result=true
ME,returner=Reader:1#hasNextByte:141,value=true
VW,context=Reader:1#hasNext:32,result=true
ME,returner=Reader:1#hasNext:32,value=true
VW,context=Reader:1#nextLong:32,minus=false
MC,caller=Reader:1#nextLong:32,target=Reader:1#readByte:64
MC,caller=Reader:1#readByte:64,target=Reader:1#hasNextByte:142
FR,context=Reader:1,ptr
FR,context=Reader:1,buflen
VW,context=Reader:1#hasNextByte:142,result=true
ME,returner=Reader:1#hasNextByte:142,value=true
FR,context=Reader:1,buf
FR,context=Reader:1,ptr
FW,context=Reader:1,ptr=78
VW,context=Reader:1#readByte:64,result=50
ME,returner=Reader:1#readByte:64,value=50
VW,context=Reader:1#nextLong:32,num=50
VW,context=Reader:1#nextLong:32,num=2
MC,caller=Reader:1#nextLong:32,target=Reader:1#readByte:65
MC,caller=Reader:1#readByte:65,target=Reader:1#hasNextByte:143
FR,context=Reader:1,ptr
FR,context=Reader:1,buflen
VW,context=Reader:1#hasNextByte:143,result=true
ME,returner=Reader:1#hasNextByte:143,value=true
FR,context=Reader:1,buf
FR,context=Reader:1,ptr
FW,context=Reader:1,ptr=79
VW,context=Reader:1#readByte:65,result=32
ME,returner=Reader:1#readByte:65,value=32
VW,context=Reader:1#nextLong:32,b=32
MC,caller=Reader:1#nextLong:32,target=Reader:1#isPrintableChar:78
VW,context=Reader:1#isPrintableChar:78,c=32
VW,context=Reader:1#isPrintableChar:78,result=false
ME,returner=Reader:1#isPrintableChar:78,value=false
VW,context=Reader:1#nextLong:32,result=2
ME,returner=Reader:1#nextLong:32,value=2
VW,context=Reader:1#nextInt:32,num=2
VW,context=Reader:1#nextInt:32,result=2
ME,returner=Reader:1#nextInt:32,value=2
FW,context=int[]:48,1=1
VW,context=Main#main:1,x=int[]:48
FR,context=Main,sc
MC,caller=Main#main:1,target=Reader:1#nextInt:33
MC,caller=Reader:1#nextInt:33,target=Reader:1#nextLong:33
MC,caller=Reader:1#nextLong:33,target=Reader:1#hasNext:33
MC,caller=Reader:1#hasNext:33,target=Reader:1#skip:33
MC,caller=Reader:1#skip:33,target=Reader:1#hasNextByte:144
FR,context=Reader:1,ptr
FR,context=Reader:1,buflen
VW,context=Reader:1#hasNextByte:144,result=true
ME,returner=Reader:1#hasNextByte:144,value=true
FR,context=Reader:1,buf
FR,context=Reader:1,ptr
MC,caller=Reader:1#skip:33,target=Reader:1#isPrintableChar:79
VW,context=Reader:1#isPrintableChar:79,c=50
VW,context=Reader:1#isPrintableChar:79,result=true
ME,returner=Reader:1#isPrintableChar:79,value=true
ME,returner=Reader:1#skip:33,value=<void>
MC,caller=Reader:1#hasNext:33,target=Reader:1#hasNextByte:145
FR,context=Reader:1,ptr
FR,context=Reader:1,buflen
VW,context=Reader:1#hasNextByte:145,result=true
ME,returner=Reader:1#hasNextByte:145,value=true
VW,context=Reader:1#hasNext:33,result=true
ME,returner=Reader:1#hasNext:33,value=true
VW,context=Reader:1#nextLong:33,minus=false
MC,caller=Reader:1#nextLong:33,target=Reader:1#readByte:66
MC,caller=Reader:1#readByte:66,target=Reader:1#hasNextByte:146
FR,context=Reader:1,ptr
FR,context=Reader:1,buflen
VW,context=Reader:1#hasNextByte:146,result=true
ME,returner=Reader:1#hasNextByte:146,value=true
FR,context=Reader:1,buf
FR,context=Reader:1,ptr
FW,context=Reader:1,ptr=80
VW,context=Reader:1#readByte:66,result=50
ME,returner=Reader:1#readByte:66,value=50
VW,context=Reader:1#nextLong:33,num=50
VW,context=Reader:1#nextLong:33,num=2
MC,caller=Reader:1#nextLong:33,target=Reader:1#readByte:67
MC,caller=Reader:1#readByte:67,target=Reader:1#hasNextByte:147
FR,context=Reader:1,ptr
FR,context=Reader:1,buflen
VW,context=Reader:1#hasNextByte:147,result=true
ME,returner=Reader:1#hasNextByte:147,value=true
FR,context=Reader:1,buf
FR,context=Reader:1,ptr
FW,context=Reader:1,ptr=81
VW,context=Reader:1#readByte:67,result=13
ME,returner=Reader:1#readByte:67,value=13
VW,context=Reader:1#nextLong:33,b=13
MC,caller=Reader:1#nextLong:33,target=Reader:1#isPrintableChar:80
VW,context=Reader:1#isPrintableChar:80,c=13
VW,context=Reader:1#isPrintableChar:80,result=false
ME,returner=Reader:1#isPrintableChar:80,value=false
VW,context=Reader:1#nextLong:33,result=2
ME,returner=Reader:1#nextLong:33,value=2
VW,context=Reader:1#nextInt:33,num=2
VW,context=Reader:1#nextInt:33,result=2
ME,returner=Reader:1#nextInt:33,value=2
FW,context=int[]:49,1=1
VW,context=Main#main:1,y=int[]:49
VW,context=Main#main:1,i=2
FR,context=Main,sc
MC,caller=Main#main:1,target=Reader:1#nextInt:34
MC,caller=Reader:1#nextInt:34,target=Reader:1#nextLong:34
MC,caller=Reader:1#nextLong:34,target=Reader:1#hasNext:34
MC,caller=Reader:1#hasNext:34,target=Reader:1#skip:34
MC,caller=Reader:1#skip:34,target=Reader:1#hasNextByte:148
FR,context=Reader:1,ptr
FR,context=Reader:1,buflen
VW,context=Reader:1#hasNextByte:148,result=true
ME,returner=Reader:1#hasNextByte:148,value=true
FR,context=Reader:1,buf
FR,context=Reader:1,ptr
MC,caller=Reader:1#skip:34,target=Reader:1#isPrintableChar:81
VW,context=Reader:1#isPrintableChar:81,c=10
VW,context=Reader:1#isPrintableChar:81,result=false
ME,returner=Reader:1#isPrintableChar:81,value=false
FR,context=Reader:1,ptr
FW,context=Reader:1,ptr=82
MC,caller=Reader:1#skip:34,target=Reader:1#hasNextByte:149
FR,context=Reader:1,ptr
FR,context=Reader:1,buflen
VW,context=Reader:1#hasNextByte:149,result=true
ME,returner=Reader:1#hasNextByte:149,value=true
FR,context=Reader:1,buf
FR,context=Reader:1,ptr
MC,caller=Reader:1#skip:34,target=Reader:1#isPrintableChar:82
VW,context=Reader:1#isPrintableChar:82,c=49
VW,context=Reader:1#isPrintableChar:82,result=true
ME,returner=Reader:1#isPrintableChar:82,value=true
ME,returner=Reader:1#skip:34,value=<void>
MC,caller=Reader:1#hasNext:34,target=Reader:1#hasNextByte:150
FR,context=Reader:1,ptr
FR,context=Reader:1,buflen
VW,context=Reader:1#hasNextByte:150,result=true
ME,returner=Reader:1#hasNextByte:150,value=true
VW,context=Reader:1#hasNext:34,result=true
ME,returner=Reader:1#hasNext:34,value=true
VW,context=Reader:1#nextLong:34,minus=false
MC,caller=Reader:1#nextLong:34,target=Reader:1#readByte:68
MC,caller=Reader:1#readByte:68,target=Reader:1#hasNextByte:151
FR,context=Reader:1,ptr
FR,context=Reader:1,buflen
VW,context=Reader:1#hasNextByte:151,result=true
ME,returner=Reader:1#hasNextByte:151,value=true
FR,context=Reader:1,buf
FR,context=Reader:1,ptr
FW,context=Reader:1,ptr=83
VW,context=Reader:1#readByte:68,result=49
ME,returner=Reader:1#readByte:68,value=49
VW,context=Reader:1#nextLong:34,num=49
VW,context=Reader:1#nextLong:34,num=1
MC,caller=Reader:1#nextLong:34,target=Reader:1#readByte:69
MC,caller=Reader:1#readByte:69,target=Reader:1#hasNextByte:152
FR,context=Reader:1,ptr
FR,context=Reader:1,buflen
VW,context=Reader:1#hasNextByte:152,result=true
ME,returner=Reader:1#hasNextByte:152,value=true
FR,context=Reader:1,buf
FR,context=Reader:1,ptr
FW,context=Reader:1,ptr=84
VW,context=Reader:1#readByte:69,result=32
ME,returner=Reader:1#readByte:69,value=32
VW,context=Reader:1#nextLong:34,b=32
MC,caller=Reader:1#nextLong:34,target=Reader:1#isPrintableChar:83
VW,context=Reader:1#isPrintableChar:83,c=32
VW,context=Reader:1#isPrintableChar:83,result=false
ME,returner=Reader:1#isPrintableChar:83,value=false
VW,context=Reader:1#nextLong:34,result=1
ME,returner=Reader:1#nextLong:34,value=1
VW,context=Reader:1#nextInt:34,num=1
VW,context=Reader:1#nextInt:34,result=1
ME,returner=Reader:1#nextInt:34,value=1
VW,context=Main#main:1,x=int[]:48
FR,context=Main,sc
MC,caller=Main#main:1,target=Reader:1#nextInt:35
MC,caller=Reader:1#nextInt:35,target=Reader:1#nextLong:35
MC,caller=Reader:1#nextLong:35,target=Reader:1#hasNext:35
MC,caller=Reader:1#hasNext:35,target=Reader:1#skip:35
MC,caller=Reader:1#skip:35,target=Reader:1#hasNextByte:153
FR,context=Reader:1,ptr
FR,context=Reader:1,buflen
VW,context=Reader:1#hasNextByte:153,result=true
ME,returner=Reader:1#hasNextByte:153,value=true
FR,context=Reader:1,buf
FR,context=Reader:1,ptr
MC,caller=Reader:1#skip:35,target=Reader:1#isPrintableChar:84
VW,context=Reader:1#isPrintableChar:84,c=49
VW,context=Reader:1#isPrintableChar:84,result=true
ME,returner=Reader:1#isPrintableChar:84,value=true
ME,returner=Reader:1#skip:35,value=<void>
MC,caller=Reader:1#hasNext:35,target=Reader:1#hasNextByte:154
FR,context=Reader:1,ptr
FR,context=Reader:1,buflen
VW,context=Reader:1#hasNextByte:154,result=true
ME,returner=Reader:1#hasNextByte:154,value=true
VW,context=Reader:1#hasNext:35,result=true
ME,returner=Reader:1#hasNext:35,value=true
VW,context=Reader:1#nextLong:35,minus=false
MC,caller=Reader:1#nextLong:35,target=Reader:1#readByte:70
MC,caller=Reader:1#readByte:70,target=Reader:1#hasNextByte:155
FR,context=Reader:1,ptr
FR,context=Reader:1,buflen
VW,context=Reader:1#hasNextByte:155,result=true
ME,returner=Reader:1#hasNextByte:155,value=true
FR,context=Reader:1,buf
FR,context=Reader:1,ptr
FW,context=Reader:1,ptr=85
VW,context=Reader:1#readByte:70,result=49
ME,returner=Reader:1#readByte:70,value=49
VW,context=Reader:1#nextLong:35,num=49
VW,context=Reader:1#nextLong:35,num=1
MC,caller=Reader:1#nextLong:35,target=Reader:1#readByte:71
MC,caller=Reader:1#readByte:71,target=Reader:1#hasNextByte:156
FR,context=Reader:1,ptr
FR,context=Reader:1,buflen
VW,context=Reader:1#hasNextByte:156,result=true
ME,returner=Reader:1#hasNextByte:156,value=true
FR,context=Reader:1,buf
FR,context=Reader:1,ptr
FW,context=Reader:1,ptr=86
VW,context=Reader:1#readByte:71,result=13
ME,returner=Reader:1#readByte:71,value=13
VW,context=Reader:1#nextLong:35,b=13
MC,caller=Reader:1#nextLong:35,target=Reader:1#isPrintableChar:85
VW,context=Reader:1#isPrintableChar:85,c=13
VW,context=Reader:1#isPrintableChar:85,result=false
ME,returner=Reader:1#isPrintableChar:85,value=false
VW,context=Reader:1#nextLong:35,result=1
ME,returner=Reader:1#nextLong:35,value=1
VW,context=Reader:1#nextInt:35,num=1
VW,context=Reader:1#nextInt:35,result=1
ME,returner=Reader:1#nextInt:35,value=1
VW,context=Main#main:1,y=int[]:49
VW,context=Main#main:1,i=3
FR,context=Main,sc
MC,caller=Main#main:1,target=Reader:1#nextInt:36
MC,caller=Reader:1#nextInt:36,target=Reader:1#nextLong:36
MC,caller=Reader:1#nextLong:36,target=Reader:1#hasNext:36
MC,caller=Reader:1#hasNext:36,target=Reader:1#skip:36
MC,caller=Reader:1#skip:36,target=Reader:1#hasNextByte:157
FR,context=Reader:1,ptr
FR,context=Reader:1,buflen
VW,context=Reader:1#hasNextByte:157,result=true
ME,returner=Reader:1#hasNextByte:157,value=true
FR,context=Reader:1,buf
FR,context=Reader:1,ptr
MC,caller=Reader:1#skip:36,target=Reader:1#isPrintableChar:86
VW,context=Reader:1#isPrintableChar:86,c=10
VW,context=Reader:1#isPrintableChar:86,result=false
ME,returner=Reader:1#isPrintableChar:86,value=false
FR,context=Reader:1,ptr
FW,context=Reader:1,ptr=87
MC,caller=Reader:1#skip:36,target=Reader:1#hasNextByte:158
FR,context=Reader:1,ptr
FR,context=Reader:1,buflen
VW,context=Reader:1#hasNextByte:158,result=true
ME,returner=Reader:1#hasNextByte:158,value=true
FR,context=Reader:1,buf
FR,context=Reader:1,ptr
MC,caller=Reader:1#skip:36,target=Reader:1#isPrintableChar:87
VW,context=Reader:1#isPrintableChar:87,c=51
VW,context=Reader:1#isPrintableChar:87,result=true
ME,returner=Reader:1#isPrintableChar:87,value=true
ME,returner=Reader:1#skip:36,value=<void>
MC,caller=Reader:1#hasNext:36,target=Reader:1#hasNextByte:159
FR,context=Reader:1,ptr
FR,context=Reader:1,buflen
VW,context=Reader:1#hasNextByte:159,result=true
ME,returner=Reader:1#hasNextByte:159,value=true
VW,context=Reader:1#hasNext:36,result=true
ME,returner=Reader:1#hasNext:36,value=true
VW,context=Reader:1#nextLong:36,minus=false
MC,caller=Reader:1#nextLong:36,target=Reader:1#readByte:72
MC,caller=Reader:1#readByte:72,target=Reader:1#hasNextByte:160
FR,context=Reader:1,ptr
FR,context=Reader:1,buflen
VW,context=Reader:1#hasNextByte:160,result=true
ME,returner=Reader:1#hasNextByte:160,value=true
FR,context=Reader:1,buf
FR,context=Reader:1,ptr
FW,context=Reader:1,ptr=88
VW,context=Reader:1#readByte:72,result=51
ME,returner=Reader:1#readByte:72,value=51
VW,context=Reader:1#nextLong:36,num=51
VW,context=Reader:1#nextLong:36,num=3
MC,caller=Reader:1#nextLong:36,target=Reader:1#readByte:73
MC,caller=Reader:1#readByte:73,target=Reader:1#hasNextByte:161
FR,context=Reader:1,ptr
FR,context=Reader:1,buflen
VW,context=Reader:1#hasNextByte:161,result=true
ME,returner=Reader:1#hasNextByte:161,value=true
FR,context=Reader:1,buf
FR,context=Reader:1,ptr
FW,context=Reader:1,ptr=89
VW,context=Reader:1#readByte:73,result=32
ME,returner=Reader:1#readByte:73,value=32
VW,context=Reader:1#nextLong:36,b=32
MC,caller=Reader:1#nextLong:36,target=Reader:1#isPrintableChar:88
VW,context=Reader:1#isPrintableChar:88,c=32
VW,context=Reader:1#isPrintableChar:88,result=false
ME,returner=Reader:1#isPrintableChar:88,value=false
VW,context=Reader:1#nextLong:36,result=3
ME,returner=Reader:1#nextLong:36,value=3
VW,context=Reader:1#nextInt:36,num=3
VW,context=Reader:1#nextInt:36,result=3
ME,returner=Reader:1#nextInt:36,value=3
FW,context=int[]:48,3=2
VW,context=Main#main:1,x=int[]:48
FR,context=Main,sc
MC,caller=Main#main:1,target=Reader:1#nextInt:37
MC,caller=Reader:1#nextInt:37,target=Reader:1#nextLong:37
MC,caller=Reader:1#nextLong:37,target=Reader:1#hasNext:37
MC,caller=Reader:1#hasNext:37,target=Reader:1#skip:37
MC,caller=Reader:1#skip:37,target=Reader:1#hasNextByte:162
FR,context=Reader:1,ptr
FR,context=Reader:1,buflen
VW,context=Reader:1#hasNextByte:162,result=true
ME,returner=Reader:1#hasNextByte:162,value=true
FR,context=Reader:1,buf
FR,context=Reader:1,ptr
MC,caller=Reader:1#skip:37,target=Reader:1#isPrintableChar:89
VW,context=Reader:1#isPrintableChar:89,c=51
VW,context=Reader:1#isPrintableChar:89,result=true
ME,returner=Reader:1#isPrintableChar:89,value=true
ME,returner=Reader:1#skip:37,value=<void>
MC,caller=Reader:1#hasNext:37,target=Reader:1#hasNextByte:163
FR,context=Reader:1,ptr
FR,context=Reader:1,buflen
VW,context=Reader:1#hasNextByte:163,result=true
ME,returner=Reader:1#hasNextByte:163,value=true
VW,context=Reader:1#hasNext:37,result=true
ME,returner=Reader:1#hasNext:37,value=true
VW,context=Reader:1#nextLong:37,minus=false
MC,caller=Reader:1#nextLong:37,target=Reader:1#readByte:74
MC,caller=Reader:1#readByte:74,target=Reader:1#hasNextByte:164
FR,context=Reader:1,ptr
FR,context=Reader:1,buflen
VW,context=Reader:1#hasNextByte:164,result=true
ME,returner=Reader:1#hasNextByte:164,value=true
FR,context=Reader:1,buf
FR,context=Reader:1,ptr
FW,context=Reader:1,ptr=90
VW,context=Reader:1#readByte:74,result=51
ME,returner=Reader:1#readByte:74,value=51
VW,context=Reader:1#nextLong:37,num=51
VW,context=Reader:1#nextLong:37,num=3
MC,caller=Reader:1#nextLong:37,target=Reader:1#readByte:75
MC,caller=Reader:1#readByte:75,target=Reader:1#hasNextByte:165
FR,context=Reader:1,ptr
FR,context=Reader:1,buflen
VW,context=Reader:1#hasNextByte:165,result=true
ME,returner=Reader:1#hasNextByte:165,value=true
FR,context=Reader:1,buf
FR,context=Reader:1,ptr
FW,context=Reader:1,ptr=91
VW,context=Reader:1#readByte:75,result=13
ME,returner=Reader:1#readByte:75,value=13
VW,context=Reader:1#nextLong:37,b=13
MC,caller=Reader:1#nextLong:37,target=Reader:1#isPrintableChar:90
VW,context=Reader:1#isPrintableChar:90,c=13
VW,context=Reader:1#isPrintableChar:90,result=false
ME,returner=Reader:1#isPrintableChar:90,value=false
VW,context=Reader:1#nextLong:37,result=3
ME,returner=Reader:1#nextLong:37,value=3
VW,context=Reader:1#nextInt:37,num=3
VW,context=Reader:1#nextInt:37,result=3
ME,returner=Reader:1#nextInt:37,value=3
FW,context=int[]:49,3=2
VW,context=Main#main:1,y=int[]:49
VW,context=Main#main:1,i=4
FR,context=Main,sc
MC,caller=Main#main:1,target=Reader:1#nextInt:38
MC,caller=Reader:1#nextInt:38,target=Reader:1#nextLong:38
MC,caller=Reader:1#nextLong:38,target=Reader:1#hasNext:38
MC,caller=Reader:1#hasNext:38,target=Reader:1#skip:38
MC,caller=Reader:1#skip:38,target=Reader:1#hasNextByte:166
FR,context=Reader:1,ptr
FR,context=Reader:1,buflen
VW,context=Reader:1#hasNextByte:166,result=true
ME,returner=Reader:1#hasNextByte:166,value=true
FR,context=Reader:1,buf
FR,context=Reader:1,ptr
MC,caller=Reader:1#skip:38,target=Reader:1#isPrintableChar:91
VW,context=Reader:1#isPrintableChar:91,c=10
VW,context=Reader:1#isPrintableChar:91,result=false
ME,returner=Reader:1#isPrintableChar:91,value=false
FR,context=Reader:1,ptr
FW,context=Reader:1,ptr=92
MC,caller=Reader:1#skip:38,target=Reader:1#hasNextByte:167
FR,context=Reader:1,ptr
FR,context=Reader:1,buflen
VW,context=Reader:1#hasNextByte:167,result=true
ME,returner=Reader:1#hasNextByte:167,value=true
FR,context=Reader:1,buf
FR,context=Reader:1,ptr
MC,caller=Reader:1#skip:38,target=Reader:1#isPrintableChar:92
VW,context=Reader:1#isPrintableChar:92,c=51
VW,context=Reader:1#isPrintableChar:92,result=true
ME,returner=Reader:1#isPrintableChar:92,value=true
ME,returner=Reader:1#skip:38,value=<void>
MC,caller=Reader:1#hasNext:38,target=Reader:1#hasNextByte:168
FR,context=Reader:1,ptr
FR,context=Reader:1,buflen
VW,context=Reader:1#hasNextByte:168,result=true
ME,returner=Reader:1#hasNextByte:168,value=true
VW,context=Reader:1#hasNext:38,result=true
ME,returner=Reader:1#hasNext:38,value=true
VW,context=Reader:1#nextLong:38,minus=false
MC,caller=Reader:1#nextLong:38,target=Reader:1#readByte:76
MC,caller=Reader:1#readByte:76,target=Reader:1#hasNextByte:169
FR,context=Reader:1,ptr
FR,context=Reader:1,buflen
VW,context=Reader:1#hasNextByte:169,result=true
ME,returner=Reader:1#hasNextByte:169,value=true
FR,context=Reader:1,buf
FR,context=Reader:1,ptr
FW,context=Reader:1,ptr=93
VW,context=Reader:1#readByte:76,result=51
ME,returner=Reader:1#readByte:76,value=51
VW,context=Reader:1#nextLong:38,num=51
VW,context=Reader:1#nextLong:38,num=3
MC,caller=Reader:1#nextLong:38,target=Reader:1#readByte:77
MC,caller=Reader:1#readByte:77,target=Reader:1#hasNextByte:170
FR,context=Reader:1,ptr
FR,context=Reader:1,buflen
VW,context=Reader:1#hasNextByte:170,result=true
ME,returner=Reader:1#hasNextByte:170,value=true
FR,context=Reader:1,buf
FR,context=Reader:1,ptr
FW,context=Reader:1,ptr=94
VW,context=Reader:1#readByte:77,result=32
ME,returner=Reader:1#readByte:77,value=32
VW,context=Reader:1#nextLong:38,b=32
MC,caller=Reader:1#nextLong:38,target=Reader:1#isPrintableChar:93
VW,context=Reader:1#isPrintableChar:93,c=32
VW,context=Reader:1#isPrintableChar:93,result=false
ME,returner=Reader:1#isPrintableChar:93,value=false
VW,context=Reader:1#nextLong:38,result=3
ME,returner=Reader:1#nextLong:38,value=3
VW,context=Reader:1#nextInt:38,num=3
VW,context=Reader:1#nextInt:38,result=3
ME,returner=Reader:1#nextInt:38,value=3
FW,context=int[]:48,4=2
VW,context=Main#main:1,x=int[]:48
FR,context=Main,sc
MC,caller=Main#main:1,target=Reader:1#nextInt:39
MC,caller=Reader:1#nextInt:39,target=Reader:1#nextLong:39
MC,caller=Reader:1#nextLong:39,target=Reader:1#hasNext:39
MC,caller=Reader:1#hasNext:39,target=Reader:1#skip:39
MC,caller=Reader:1#skip:39,target=Reader:1#hasNextByte:171
FR,context=Reader:1,ptr
FR,context=Reader:1,buflen
VW,context=Reader:1#hasNextByte:171,result=true
ME,returner=Reader:1#hasNextByte:171,value=true
FR,context=Reader:1,buf
FR,context=Reader:1,ptr
MC,caller=Reader:1#skip:39,target=Reader:1#isPrintableChar:94
VW,context=Reader:1#isPrintableChar:94,c=51
VW,context=Reader:1#isPrintableChar:94,result=true
ME,returner=Reader:1#isPrintableChar:94,value=true
ME,returner=Reader:1#skip:39,value=<void>
MC,caller=Reader:1#hasNext:39,target=Reader:1#hasNextByte:172
FR,context=Reader:1,ptr
FR,context=Reader:1,buflen
VW,context=Reader:1#hasNextByte:172,result=true
ME,returner=Reader:1#hasNextByte:172,value=true
VW,context=Reader:1#hasNext:39,result=true
ME,returner=Reader:1#hasNext:39,value=true
VW,context=Reader:1#nextLong:39,minus=false
MC,caller=Reader:1#nextLong:39,target=Reader:1#readByte:78
MC,caller=Reader:1#readByte:78,target=Reader:1#hasNextByte:173
FR,context=Reader:1,ptr
FR,context=Reader:1,buflen
VW,context=Reader:1#hasNextByte:173,result=true
ME,returner=Reader:1#hasNextByte:173,value=true
FR,context=Reader:1,buf
FR,context=Reader:1,ptr
FW,context=Reader:1,ptr=95
VW,context=Reader:1#readByte:78,result=51
ME,returner=Reader:1#readByte:78,value=51
VW,context=Reader:1#nextLong:39,num=51
VW,context=Reader:1#nextLong:39,num=3
MC,caller=Reader:1#nextLong:39,target=Reader:1#readByte:79
MC,caller=Reader:1#readByte:79,target=Reader:1#hasNextByte:174
FR,context=Reader:1,ptr
FR,context=Reader:1,buflen
VW,context=Reader:1#hasNextByte:174,result=true
ME,returner=Reader:1#hasNextByte:174,value=true
FR,context=Reader:1,buf
FR,context=Reader:1,ptr
FW,context=Reader:1,ptr=96
VW,context=Reader:1#readByte:79,result=13
ME,returner=Reader:1#readByte:79,value=13
VW,context=Reader:1#nextLong:39,b=13
MC,caller=Reader:1#nextLong:39,target=Reader:1#isPrintableChar:95
VW,context=Reader:1#isPrintableChar:95,c=13
VW,context=Reader:1#isPrintableChar:95,result=false
ME,returner=Reader:1#isPrintableChar:95,value=false
VW,context=Reader:1#nextLong:39,result=3
ME,returner=Reader:1#nextLong:39,value=3
VW,context=Reader:1#nextInt:39,num=3
VW,context=Reader:1#nextInt:39,result=3
ME,returner=Reader:1#nextInt:39,value=3
FW,context=int[]:49,4=2
VW,context=Main#main:1,y=int[]:49
VW,context=Main#main:1,i=5
FR,context=Main,sc
MC,caller=Main#main:1,target=Reader:1#nextInt:40
MC,caller=Reader:1#nextInt:40,target=Reader:1#nextLong:40
MC,caller=Reader:1#nextLong:40,target=Reader:1#hasNext:40
MC,caller=Reader:1#hasNext:40,target=Reader:1#skip:40
MC,caller=Reader:1#skip:40,target=Reader:1#hasNextByte:175
FR,context=Reader:1,ptr
FR,context=Reader:1,buflen
VW,context=Reader:1#hasNextByte:175,result=true
ME,returner=Reader:1#hasNextByte:175,value=true
FR,context=Reader:1,buf
FR,context=Reader:1,ptr
MC,caller=Reader:1#skip:40,target=Reader:1#isPrintableChar:96
VW,context=Reader:1#isPrintableChar:96,c=10
VW,context=Reader:1#isPrintableChar:96,result=false
ME,returner=Reader:1#isPrintableChar:96,value=false
FR,context=Reader:1,ptr
FW,context=Reader:1,ptr=97
MC,caller=Reader:1#skip:40,target=Reader:1#hasNextByte:176
FR,context=Reader:1,ptr
FR,context=Reader:1,buflen
VW,context=Reader:1#hasNextByte:176,result=true
ME,returner=Reader:1#hasNextByte:176,value=true
FR,context=Reader:1,buf
FR,context=Reader:1,ptr
MC,caller=Reader:1#skip:40,target=Reader:1#isPrintableChar:97
VW,context=Reader:1#isPrintableChar:97,c=49
VW,context=Reader:1#isPrintableChar:97,result=true
ME,returner=Reader:1#isPrintableChar:97,value=true
ME,returner=Reader:1#skip:40,value=<void>
MC,caller=Reader:1#hasNext:40,target=Reader:1#hasNextByte:177
FR,context=Reader:1,ptr
FR,context=Reader:1,buflen
VW,context=Reader:1#hasNextByte:177,result=true
ME,returner=Reader:1#hasNextByte:177,value=true
VW,context=Reader:1#hasNext:40,result=true
ME,returner=Reader:1#hasNext:40,value=true
VW,context=Reader:1#nextLong:40,minus=false
MC,caller=Reader:1#nextLong:40,target=Reader:1#readByte:80
MC,caller=Reader:1#readByte:80,target=Reader:1#hasNextByte:178
FR,context=Reader:1,ptr
FR,context=Reader:1,buflen
VW,context=Reader:1#hasNextByte:178,result=true
ME,returner=Reader:1#hasNextByte:178,value=true
FR,context=Reader:1,buf
FR,context=Reader:1,ptr
FW,context=Reader:1,ptr=98
VW,context=Reader:1#readByte:80,result=49
ME,returner=Reader:1#readByte:80,value=49
VW,context=Reader:1#nextLong:40,num=49
VW,context=Reader:1#nextLong:40,num=1
MC,caller=Reader:1#nextLong:40,target=Reader:1#readByte:81
MC,caller=Reader:1#readByte:81,target=Reader:1#hasNextByte:179
FR,context=Reader:1,ptr
FR,context=Reader:1,buflen
VW,context=Reader:1#hasNextByte:179,result=true
ME,returner=Reader:1#hasNextByte:179,value=true
FR,context=Reader:1,buf
FR,context=Reader:1,ptr
FW,context=Reader:1,ptr=99
VW,context=Reader:1#readByte:81,result=32
ME,returner=Reader:1#readByte:81,value=32
VW,context=Reader:1#nextLong:40,b=32
MC,caller=Reader:1#nextLong:40,target=Reader:1#isPrintableChar:98
VW,context=Reader:1#isPrintableChar:98,c=32
VW,context=Reader:1#isPrintableChar:98,result=false
ME,returner=Reader:1#isPrintableChar:98,value=false
VW,context=Reader:1#nextLong:40,result=1
ME,returner=Reader:1#nextLong:40,value=1
VW,context=Reader:1#nextInt:40,num=1
VW,context=Reader:1#nextInt:40,result=1
ME,returner=Reader:1#nextInt:40,value=1
VW,context=Main#main:1,x=int[]:48
FR,context=Main,sc
MC,caller=Main#main:1,target=Reader:1#nextInt:41
MC,caller=Reader:1#nextInt:41,target=Reader:1#nextLong:41
MC,caller=Reader:1#nextLong:41,target=Reader:1#hasNext:41
MC,caller=Reader:1#hasNext:41,target=Reader:1#skip:41
MC,caller=Reader:1#skip:41,target=Reader:1#hasNextByte:180
FR,context=Reader:1,ptr
FR,context=Reader:1,buflen
VW,context=Reader:1#hasNextByte:180,result=true
ME,returner=Reader:1#hasNextByte:180,value=true
FR,context=Reader:1,buf
FR,context=Reader:1,ptr
MC,caller=Reader:1#skip:41,target=Reader:1#isPrintableChar:99
VW,context=Reader:1#isPrintableChar:99,c=49
VW,context=Reader:1#isPrintableChar:99,result=true
ME,returner=Reader:1#isPrintableChar:99,value=true
ME,returner=Reader:1#skip:41,value=<void>
MC,caller=Reader:1#hasNext:41,target=Reader:1#hasNextByte:181
FR,context=Reader:1,ptr
FR,context=Reader:1,buflen
VW,context=Reader:1#hasNextByte:181,result=true
ME,returner=Reader:1#hasNextByte:181,value=true
VW,context=Reader:1#hasNext:41,result=true
ME,returner=Reader:1#hasNext:41,value=true
VW,context=Reader:1#nextLong:41,minus=false
MC,caller=Reader:1#nextLong:41,target=Reader:1#readByte:82
MC,caller=Reader:1#readByte:82,target=Reader:1#hasNextByte:182
FR,context=Reader:1,ptr
FR,context=Reader:1,buflen
VW,context=Reader:1#hasNextByte:182,result=true
ME,returner=Reader:1#hasNextByte:182,value=true
FR,context=Reader:1,buf
FR,context=Reader:1,ptr
FW,context=Reader:1,ptr=100
VW,context=Reader:1#readByte:82,result=49
ME,returner=Reader:1#readByte:82,value=49
VW,context=Reader:1#nextLong:41,num=49
VW,context=Reader:1#nextLong:41,num=1
MC,caller=Reader:1#nextLong:41,target=Reader:1#readByte:83
MC,caller=Reader:1#readByte:83,target=Reader:1#hasNextByte:183
FR,context=Reader:1,ptr
FR,context=Reader:1,buflen
VW,context=Reader:1#hasNextByte:183,result=true
ME,returner=Reader:1#hasNextByte:183,value=true
FR,context=Reader:1,buf
FR,context=Reader:1,ptr
FW,context=Reader:1,ptr=101
VW,context=Reader:1#readByte:83,result=13
ME,returner=Reader:1#readByte:83,value=13
VW,context=Reader:1#nextLong:41,b=13
MC,caller=Reader:1#nextLong:41,target=Reader:1#isPrintableChar:100
VW,context=Reader:1#isPrintableChar:100,c=13
VW,context=Reader:1#isPrintableChar:100,result=false
ME,returner=Reader:1#isPrintableChar:100,value=false
VW,context=Reader:1#nextLong:41,result=1
ME,returner=Reader:1#nextLong:41,value=1
VW,context=Reader:1#nextInt:41,num=1
VW,context=Reader:1#nextInt:41,result=1
ME,returner=Reader:1#nextInt:41,value=1
VW,context=Main#main:1,y=int[]:49
VW,context=Main#main:1,i=6
FR,context=Main,sc
MC,caller=Main#main:1,target=Reader:1#nextInt:42
MC,caller=Reader:1#nextInt:42,target=Reader:1#nextLong:42
MC,caller=Reader:1#nextLong:42,target=Reader:1#hasNext:42
MC,caller=Reader:1#hasNext:42,target=Reader:1#skip:42
MC,caller=Reader:1#skip:42,target=Reader:1#hasNextByte:184
FR,context=Reader:1,ptr
FR,context=Reader:1,buflen
VW,context=Reader:1#hasNextByte:184,result=true
ME,returner=Reader:1#hasNextByte:184,value=true
FR,context=Reader:1,buf
FR,context=Reader:1,ptr
MC,caller=Reader:1#skip:42,target=Reader:1#isPrintableChar:101
VW,context=Reader:1#isPrintableChar:101,c=10
VW,context=Reader:1#isPrintableChar:101,result=false
ME,returner=Reader:1#isPrintableChar:101,value=false
FR,context=Reader:1,ptr
FW,context=Reader:1,ptr=102
MC,caller=Reader:1#skip:42,target=Reader:1#hasNextByte:185
FR,context=Reader:1,ptr
FR,context=Reader:1,buflen
VW,context=Reader:1#hasNextByte:185,result=true
ME,returner=Reader:1#hasNextByte:185,value=true
FR,context=Reader:1,buf
FR,context=Reader:1,ptr
MC,caller=Reader:1#skip:42,target=Reader:1#isPrintableChar:102
VW,context=Reader:1#isPrintableChar:102,c=51
VW,context=Reader:1#isPrintableChar:102,result=true
ME,returner=Reader:1#isPrintableChar:102,value=true
ME,returner=Reader:1#skip:42,value=<void>
MC,caller=Reader:1#hasNext:42,target=Reader:1#hasNextByte:186
FR,context=Reader:1,ptr
FR,context=Reader:1,buflen
VW,context=Reader:1#hasNextByte:186,result=true
ME,returner=Reader:1#hasNextByte:186,value=true
VW,context=Reader:1#hasNext:42,result=true
ME,returner=Reader:1#hasNext:42,value=true
VW,context=Reader:1#nextLong:42,minus=false
MC,caller=Reader:1#nextLong:42,target=Reader:1#readByte:84
MC,caller=Reader:1#readByte:84,target=Reader:1#hasNextByte:187
FR,context=Reader:1,ptr
FR,context=Reader:1,buflen
VW,context=Reader:1#hasNextByte:187,result=true
ME,returner=Reader:1#hasNextByte:187,value=true
FR,context=Reader:1,buf
FR,context=Reader:1,ptr
FW,context=Reader:1,ptr=103
VW,context=Reader:1#readByte:84,result=51
ME,returner=Reader:1#readByte:84,value=51
VW,context=Reader:1#nextLong:42,num=51
VW,context=Reader:1#nextLong:42,num=3
MC,caller=Reader:1#nextLong:42,target=Reader:1#readByte:85
MC,caller=Reader:1#readByte:85,target=Reader:1#hasNextByte:188
FR,context=Reader:1,ptr
FR,context=Reader:1,buflen
VW,context=Reader:1#hasNextByte:188,result=true
ME,returner=Reader:1#hasNextByte:188,value=true
FR,context=Reader:1,buf
FR,context=Reader:1,ptr
FW,context=Reader:1,ptr=104
VW,context=Reader:1#readByte:85,result=32
ME,returner=Reader:1#readByte:85,value=32
VW,context=Reader:1#nextLong:42,b=32
MC,caller=Reader:1#nextLong:42,target=Reader:1#isPrintableChar:103
VW,context=Reader:1#isPrintableChar:103,c=32
VW,context=Reader:1#isPrintableChar:103,result=false
ME,returner=Reader:1#isPrintableChar:103,value=false
VW,context=Reader:1#nextLong:42,result=3
ME,returner=Reader:1#nextLong:42,value=3
VW,context=Reader:1#nextInt:42,num=3
VW,context=Reader:1#nextInt:42,result=3
ME,returner=Reader:1#nextInt:42,value=3
FW,context=int[]:48,6=2
VW,context=Main#main:1,x=int[]:48
FR,context=Main,sc
MC,caller=Main#main:1,target=Reader:1#nextInt:43
MC,caller=Reader:1#nextInt:43,target=Reader:1#nextLong:43
MC,caller=Reader:1#nextLong:43,target=Reader:1#hasNext:43
MC,caller=Reader:1#hasNext:43,target=Reader:1#skip:43
MC,caller=Reader:1#skip:43,target=Reader:1#hasNextByte:189
FR,context=Reader:1,ptr
FR,context=Reader:1,buflen
VW,context=Reader:1#hasNextByte:189,result=true
ME,returner=Reader:1#hasNextByte:189,value=true
FR,context=Reader:1,buf
FR,context=Reader:1,ptr
MC,caller=Reader:1#skip:43,target=Reader:1#isPrintableChar:104
VW,context=Reader:1#isPrintableChar:104,c=51
VW,context=Reader:1#isPrintableChar:104,result=true
ME,returner=Reader:1#isPrintableChar:104,value=true
ME,returner=Reader:1#skip:43,value=<void>
MC,caller=Reader:1#hasNext:43,target=Reader:1#hasNextByte:190
FR,context=Reader:1,ptr
FR,context=Reader:1,buflen
VW,context=Reader:1#hasNextByte:190,result=true
ME,returner=Reader:1#hasNextByte:190,value=true
VW,context=Reader:1#hasNext:43,result=true
ME,returner=Reader:1#hasNext:43,value=true
VW,context=Reader:1#nextLong:43,minus=false
MC,caller=Reader:1#nextLong:43,target=Reader:1#readByte:86
MC,caller=Reader:1#readByte:86,target=Reader:1#hasNextByte:191
FR,context=Reader:1,ptr
FR,context=Reader:1,buflen
VW,context=Reader:1#hasNextByte:191,result=true
ME,returner=Reader:1#hasNextByte:191,value=true
FR,context=Reader:1,buf
FR,context=Reader:1,ptr
FW,context=Reader:1,ptr=105
VW,context=Reader:1#readByte:86,result=51
ME,returner=Reader:1#readByte:86,value=51
VW,context=Reader:1#nextLong:43,num=51
VW,context=Reader:1#nextLong:43,num=3
MC,caller=Reader:1#nextLong:43,target=Reader:1#readByte:87
MC,caller=Reader:1#readByte:87,target=Reader:1#hasNextByte:192
FR,context=Reader:1,ptr
FR,context=Reader:1,buflen
VW,context=Reader:1#hasNextByte:192,result=true
ME,returner=Reader:1#hasNextByte:192,value=true
FR,context=Reader:1,buf
FR,context=Reader:1,ptr
FW,context=Reader:1,ptr=106
VW,context=Reader:1#readByte:87,result=13
ME,returner=Reader:1#readByte:87,value=13
VW,context=Reader:1#nextLong:43,b=13
MC,caller=Reader:1#nextLong:43,target=Reader:1#isPrintableChar:105
VW,context=Reader:1#isPrintableChar:105,c=13
VW,context=Reader:1#isPrintableChar:105,result=false
ME,returner=Reader:1#isPrintableChar:105,value=false
VW,context=Reader:1#nextLong:43,result=3
ME,returner=Reader:1#nextLong:43,value=3
VW,context=Reader:1#nextInt:43,num=3
VW,context=Reader:1#nextInt:43,result=3
ME,returner=Reader:1#nextInt:43,value=3
FW,context=int[]:49,6=2
VW,context=Main#main:1,y=int[]:49
VW,context=Main#main:1,i=7
FR,context=Main,sc
MC,caller=Main#main:1,target=Reader:1#nextInt:44
MC,caller=Reader:1#nextInt:44,target=Reader:1#nextLong:44
MC,caller=Reader:1#nextLong:44,target=Reader:1#hasNext:44
MC,caller=Reader:1#hasNext:44,target=Reader:1#skip:44
MC,caller=Reader:1#skip:44,target=Reader:1#hasNextByte:193
FR,context=Reader:1,ptr
FR,context=Reader:1,buflen
VW,context=Reader:1#hasNextByte:193,result=true
ME,returner=Reader:1#hasNextByte:193,value=true
FR,context=Reader:1,buf
FR,context=Reader:1,ptr
MC,caller=Reader:1#skip:44,target=Reader:1#isPrintableChar:106
VW,context=Reader:1#isPrintableChar:106,c=10
VW,context=Reader:1#isPrintableChar:106,result=false
ME,returner=Reader:1#isPrintableChar:106,value=false
FR,context=Reader:1,ptr
FW,context=Reader:1,ptr=107
MC,caller=Reader:1#skip:44,target=Reader:1#hasNextByte:194
FR,context=Reader:1,ptr
FR,context=Reader:1,buflen
VW,context=Reader:1#hasNextByte:194,result=true
ME,returner=Reader:1#hasNextByte:194,value=true
FR,context=Reader:1,buf
FR,context=Reader:1,ptr
MC,caller=Reader:1#skip:44,target=Reader:1#isPrintableChar:107
VW,context=Reader:1#isPrintableChar:107,c=51
VW,context=Reader:1#isPrintableChar:107,result=true
ME,returner=Reader:1#isPrintableChar:107,value=true
ME,returner=Reader:1#skip:44,value=<void>
MC,caller=Reader:1#hasNext:44,target=Reader:1#hasNextByte:195
FR,context=Reader:1,ptr
FR,context=Reader:1,buflen
VW,context=Reader:1#hasNextByte:195,result=true
ME,returner=Reader:1#hasNextByte:195,value=true
VW,context=Reader:1#hasNext:44,result=true
ME,returner=Reader:1#hasNext:44,value=true
VW,context=Reader:1#nextLong:44,minus=false
MC,caller=Reader:1#nextLong:44,target=Reader:1#readByte:88
MC,caller=Reader:1#readByte:88,target=Reader:1#hasNextByte:196
FR,context=Reader:1,ptr
FR,context=Reader:1,buflen
VW,context=Reader:1#hasNextByte:196,result=true
ME,returner=Reader:1#hasNextByte:196,value=true
FR,context=Reader:1,buf
FR,context=Reader:1,ptr
FW,context=Reader:1,ptr=108
VW,context=Reader:1#readByte:88,result=51
ME,returner=Reader:1#readByte:88,value=51
VW,context=Reader:1#nextLong:44,num=51
VW,context=Reader:1#nextLong:44,num=3
MC,caller=Reader:1#nextLong:44,target=Reader:1#readByte:89
MC,caller=Reader:1#readByte:89,target=Reader:1#hasNextByte:197
FR,context=Reader:1,ptr
FR,context=Reader:1,buflen
VW,context=Reader:1#hasNextByte:197,result=true
ME,returner=Reader:1#hasNextByte:197,value=true
FR,context=Reader:1,buf
FR,context=Reader:1,ptr
FW,context=Reader:1,ptr=109
VW,context=Reader:1#readByte:89,result=32
ME,returner=Reader:1#readByte:89,value=32
VW,context=Reader:1#nextLong:44,b=32
MC,caller=Reader:1#nextLong:44,target=Reader:1#isPrintableChar:108
VW,context=Reader:1#isPrintableChar:108,c=32
VW,context=Reader:1#isPrintableChar:108,result=false
ME,returner=Reader:1#isPrintableChar:108,value=false
VW,context=Reader:1#nextLong:44,result=3
ME,returner=Reader:1#nextLong:44,value=3
VW,context=Reader:1#nextInt:44,num=3
VW,context=Reader:1#nextInt:44,result=3
ME,returner=Reader:1#nextInt:44,value=3
FW,context=int[]:48,7=2
VW,context=Main#main:1,x=int[]:48
FR,context=Main,sc
MC,caller=Main#main:1,target=Reader:1#nextInt:45
MC,caller=Reader:1#nextInt:45,target=Reader:1#nextLong:45
MC,caller=Reader:1#nextLong:45,target=Reader:1#hasNext:45
MC,caller=Reader:1#hasNext:45,target=Reader:1#skip:45
MC,caller=Reader:1#skip:45,target=Reader:1#hasNextByte:198
FR,context=Reader:1,ptr
FR,context=Reader:1,buflen
VW,context=Reader:1#hasNextByte:198,result=true
ME,returner=Reader:1#hasNextByte:198,value=true
FR,context=Reader:1,buf
FR,context=Reader:1,ptr
MC,caller=Reader:1#skip:45,target=Reader:1#isPrintableChar:109
VW,context=Reader:1#isPrintableChar:109,c=51
VW,context=Reader:1#isPrintableChar:109,result=true
ME,returner=Reader:1#isPrintableChar:109,value=true
ME,returner=Reader:1#skip:45,value=<void>
MC,caller=Reader:1#hasNext:45,target=Reader:1#hasNextByte:199
FR,context=Reader:1,ptr
FR,context=Reader:1,buflen
VW,context=Reader:1#hasNextByte:199,result=true
ME,returner=Reader:1#hasNextByte:199,value=true
VW,context=Reader:1#hasNext:45,result=true
ME,returner=Reader:1#hasNext:45,value=true
VW,context=Reader:1#nextLong:45,minus=false
MC,caller=Reader:1#nextLong:45,target=Reader:1#readByte:90
MC,caller=Reader:1#readByte:90,target=Reader:1#hasNextByte:200
FR,context=Reader:1,ptr
FR,context=Reader:1,buflen
VW,context=Reader:1#hasNextByte:200,result=true
ME,returner=Reader:1#hasNextByte:200,value=true
FR,context=Reader:1,buf
FR,context=Reader:1,ptr
FW,context=Reader:1,ptr=110
VW,context=Reader:1#readByte:90,result=51
ME,returner=Reader:1#readByte:90,value=51
VW,context=Reader:1#nextLong:45,num=51
VW,context=Reader:1#nextLong:45,num=3
MC,caller=Reader:1#nextLong:45,target=Reader:1#readByte:91
MC,caller=Reader:1#readByte:91,target=Reader:1#hasNextByte:201
FR,context=Reader:1,ptr
FR,context=Reader:1,buflen
VW,context=Reader:1#hasNextByte:201,result=true
ME,returner=Reader:1#hasNextByte:201,value=true
FR,context=Reader:1,buf
FR,context=Reader:1,ptr
FW,context=Reader:1,ptr=111
VW,context=Reader:1#readByte:91,result=13
ME,returner=Reader:1#readByte:91,value=13
VW,context=Reader:1#nextLong:45,b=13
MC,caller=Reader:1#nextLong:45,target=Reader:1#isPrintableChar:110
VW,context=Reader:1#isPrintableChar:110,c=13
VW,context=Reader:1#isPrintableChar:110,result=false
ME,returner=Reader:1#isPrintableChar:110,value=false
VW,context=Reader:1#nextLong:45,result=3
ME,returner=Reader:1#nextLong:45,value=3
VW,context=Reader:1#nextInt:45,num=3
VW,context=Reader:1#nextInt:45,result=3
ME,returner=Reader:1#nextInt:45,value=3
FW,context=int[]:49,7=2
VW,context=Main#main:1,y=int[]:49
VW,context=Main#main:1,i=8
FR,context=Main,sc
MC,caller=Main#main:1,target=Reader:1#nextInt:46
MC,caller=Reader:1#nextInt:46,target=Reader:1#nextLong:46
MC,caller=Reader:1#nextLong:46,target=Reader:1#hasNext:46
MC,caller=Reader:1#hasNext:46,target=Reader:1#skip:46
MC,caller=Reader:1#skip:46,target=Reader:1#hasNextByte:202
FR,context=Reader:1,ptr
FR,context=Reader:1,buflen
VW,context=Reader:1#hasNextByte:202,result=true
ME,returner=Reader:1#hasNextByte:202,value=true
FR,context=Reader:1,buf
FR,context=Reader:1,ptr
MC,caller=Reader:1#skip:46,target=Reader:1#isPrintableChar:111
VW,context=Reader:1#isPrintableChar:111,c=10
VW,context=Reader:1#isPrintableChar:111,result=false
ME,returner=Reader:1#isPrintableChar:111,value=false
FR,context=Reader:1,ptr
FW,context=Reader:1,ptr=112
MC,caller=Reader:1#skip:46,target=Reader:1#hasNextByte:203
FR,context=Reader:1,ptr
FR,context=Reader:1,buflen
VW,context=Reader:1#hasNextByte:203,result=true
ME,returner=Reader:1#hasNextByte:203,value=true
FR,context=Reader:1,buf
FR,context=Reader:1,ptr
MC,caller=Reader:1#skip:46,target=Reader:1#isPrintableChar:112
VW,context=Reader:1#isPrintableChar:112,c=52
VW,context=Reader:1#isPrintableChar:112,result=true
ME,returner=Reader:1#isPrintableChar:112,value=true
ME,returner=Reader:1#skip:46,value=<void>
MC,caller=Reader:1#hasNext:46,target=Reader:1#hasNextByte:204
FR,context=Reader:1,ptr
FR,context=Reader:1,buflen
VW,context=Reader:1#hasNextByte:204,result=true
ME,returner=Reader:1#hasNextByte:204,value=true
VW,context=Reader:1#hasNext:46,result=true
ME,returner=Reader:1#hasNext:46,value=true
VW,context=Reader:1#nextLong:46,minus=false
MC,caller=Reader:1#nextLong:46,target=Reader:1#readByte:92
MC,caller=Reader:1#readByte:92,target=Reader:1#hasNextByte:205
FR,context=Reader:1,ptr
FR,context=Reader:1,buflen
VW,context=Reader:1#hasNextByte:205,result=true
ME,returner=Reader:1#hasNextByte:205,value=true
FR,context=Reader:1,buf
FR,context=Reader:1,ptr
FW,context=Reader:1,ptr=113
VW,context=Reader:1#readByte:92,result=52
ME,returner=Reader:1#readByte:92,value=52
VW,context=Reader:1#nextLong:46,num=52
VW,context=Reader:1#nextLong:46,num=4
MC,caller=Reader:1#nextLong:46,target=Reader:1#readByte:93
MC,caller=Reader:1#readByte:93,target=Reader:1#hasNextByte:206
FR,context=Reader:1,ptr
FR,context=Reader:1,buflen
VW,context=Reader:1#hasNextByte:206,result=true
ME,returner=Reader:1#hasNextByte:206,value=true
FR,context=Reader:1,buf
FR,context=Reader:1,ptr
FW,context=Reader:1,ptr=114
VW,context=Reader:1#readByte:93,result=32
ME,returner=Reader:1#readByte:93,value=32
VW,context=Reader:1#nextLong:46,b=32
MC,caller=Reader:1#nextLong:46,target=Reader:1#isPrintableChar:113
VW,context=Reader:1#isPrintableChar:113,c=32
VW,context=Reader:1#isPrintableChar:113,result=false
ME,returner=Reader:1#isPrintableChar:113,value=false
VW,context=Reader:1#nextLong:46,result=4
ME,returner=Reader:1#nextLong:46,value=4
VW,context=Reader:1#nextInt:46,num=4
VW,context=Reader:1#nextInt:46,result=4
ME,returner=Reader:1#nextInt:46,value=4
FW,context=int[]:48,8=3
VW,context=Main#main:1,x=int[]:48
FR,context=Main,sc
MC,caller=Main#main:1,target=Reader:1#nextInt:47
MC,caller=Reader:1#nextInt:47,target=Reader:1#nextLong:47
MC,caller=Reader:1#nextLong:47,target=Reader:1#hasNext:47
MC,caller=Reader:1#hasNext:47,target=Reader:1#skip:47
MC,caller=Reader:1#skip:47,target=Reader:1#hasNextByte:207
FR,context=Reader:1,ptr
FR,context=Reader:1,buflen
VW,context=Reader:1#hasNextByte:207,result=true
ME,returner=Reader:1#hasNextByte:207,value=true
FR,context=Reader:1,buf
FR,context=Reader:1,ptr
MC,caller=Reader:1#skip:47,target=Reader:1#isPrintableChar:114
VW,context=Reader:1#isPrintableChar:114,c=52
VW,context=Reader:1#isPrintableChar:114,result=true
ME,returner=Reader:1#isPrintableChar:114,value=true
ME,returner=Reader:1#skip:47,value=<void>
MC,caller=Reader:1#hasNext:47,target=Reader:1#hasNextByte:208
FR,context=Reader:1,ptr
FR,context=Reader:1,buflen
VW,context=Reader:1#hasNextByte:208,result=true
ME,returner=Reader:1#hasNextByte:208,value=true
VW,context=Reader:1#hasNext:47,result=true
ME,returner=Reader:1#hasNext:47,value=true
VW,context=Reader:1#nextLong:47,minus=false
MC,caller=Reader:1#nextLong:47,target=Reader:1#readByte:94
MC,caller=Reader:1#readByte:94,target=Reader:1#hasNextByte:209
FR,context=Reader:1,ptr
FR,context=Reader:1,buflen
VW,context=Reader:1#hasNextByte:209,result=true
ME,returner=Reader:1#hasNextByte:209,value=true
FR,context=Reader:1,buf
FR,context=Reader:1,ptr
FW,context=Reader:1,ptr=115
VW,context=Reader:1#readByte:94,result=52
ME,returner=Reader:1#readByte:94,value=52
VW,context=Reader:1#nextLong:47,num=52
VW,context=Reader:1#nextLong:47,num=4
MC,caller=Reader:1#nextLong:47,target=Reader:1#readByte:95
MC,caller=Reader:1#readByte:95,target=Reader:1#hasNextByte:210
FR,context=Reader:1,ptr
FR,context=Reader:1,buflen
VW,context=Reader:1#hasNextByte:210,result=true
ME,returner=Reader:1#hasNextByte:210,value=true
FR,context=Reader:1,buf
FR,context=Reader:1,ptr
FW,context=Reader:1,ptr=116
VW,context=Reader:1#readByte:95,result=13
ME,returner=Reader:1#readByte:95,value=13
VW,context=Reader:1#nextLong:47,b=13
MC,caller=Reader:1#nextLong:47,target=Reader:1#isPrintableChar:115
VW,context=Reader:1#isPrintableChar:115,c=13
VW,context=Reader:1#isPrintableChar:115,result=false
ME,returner=Reader:1#isPrintableChar:115,value=false
VW,context=Reader:1#nextLong:47,result=4
ME,returner=Reader:1#nextLong:47,value=4
VW,context=Reader:1#nextInt:47,num=4
VW,context=Reader:1#nextInt:47,result=4
ME,returner=Reader:1#nextInt:47,value=4
FW,context=int[]:49,8=3
VW,context=Main#main:1,y=int[]:49
VW,context=Main#main:1,i=9
FR,context=Main,sc
MC,caller=Main#main:1,target=Reader:1#nextInt:48
MC,caller=Reader:1#nextInt:48,target=Reader:1#nextLong:48
MC,caller=Reader:1#nextLong:48,target=Reader:1#hasNext:48
MC,caller=Reader:1#hasNext:48,target=Reader:1#skip:48
MC,caller=Reader:1#skip:48,target=Reader:1#hasNextByte:211
FR,context=Reader:1,ptr
FR,context=Reader:1,buflen
VW,context=Reader:1#hasNextByte:211,result=true
ME,returner=Reader:1#hasNextByte:211,value=true
FR,context=Reader:1,buf
FR,context=Reader:1,ptr
MC,caller=Reader:1#skip:48,target=Reader:1#isPrintableChar:116
VW,context=Reader:1#isPrintableChar:116,c=10
VW,context=Reader:1#isPrintableChar:116,result=false
ME,returner=Reader:1#isPrintableChar:116,value=false
FR,context=Reader:1,ptr
FW,context=Reader:1,ptr=117
MC,caller=Reader:1#skip:48,target=Reader:1#hasNextByte:212
FR,context=Reader:1,ptr
FR,context=Reader:1,buflen
VW,context=Reader:1#hasNextByte:212,result=true
ME,returner=Reader:1#hasNextByte:212,value=true
FR,context=Reader:1,buf
FR,context=Reader:1,ptr
MC,caller=Reader:1#skip:48,target=Reader:1#isPrintableChar:117
VW,context=Reader:1#isPrintableChar:117,c=49
VW,context=Reader:1#isPrintableChar:117,result=true
ME,returner=Reader:1#isPrintableChar:117,value=true
ME,returner=Reader:1#skip:48,value=<void>
MC,caller=Reader:1#hasNext:48,target=Reader:1#hasNextByte:213
FR,context=Reader:1,ptr
FR,context=Reader:1,buflen
VW,context=Reader:1#hasNextByte:213,result=true
ME,returner=Reader:1#hasNextByte:213,value=true
VW,context=Reader:1#hasNext:48,result=true
ME,returner=Reader:1#hasNext:48,value=true
VW,context=Reader:1#nextLong:48,minus=false
MC,caller=Reader:1#nextLong:48,target=Reader:1#readByte:96
MC,caller=Reader:1#readByte:96,target=Reader:1#hasNextByte:214
FR,context=Reader:1,ptr
FR,context=Reader:1,buflen
VW,context=Reader:1#hasNextByte:214,result=true
ME,returner=Reader:1#hasNextByte:214,value=true
FR,context=Reader:1,buf
FR,context=Reader:1,ptr
FW,context=Reader:1,ptr=118
VW,context=Reader:1#readByte:96,result=49
ME,returner=Reader:1#readByte:96,value=49
VW,context=Reader:1#nextLong:48,num=49
VW,context=Reader:1#nextLong:48,num=1
MC,caller=Reader:1#nextLong:48,target=Reader:1#readByte:97
MC,caller=Reader:1#readByte:97,target=Reader:1#hasNextByte:215
FR,context=Reader:1,ptr
FR,context=Reader:1,buflen
VW,context=Reader:1#hasNextByte:215,result=true
ME,returner=Reader:1#hasNextByte:215,value=true
FR,context=Reader:1,buf
FR,context=Reader:1,ptr
FW,context=Reader:1,ptr=119
VW,context=Reader:1#readByte:97,result=32
ME,returner=Reader:1#readByte:97,value=32
VW,context=Reader:1#nextLong:48,b=32
MC,caller=Reader:1#nextLong:48,target=Reader:1#isPrintableChar:118
VW,context=Reader:1#isPrintableChar:118,c=32
VW,context=Reader:1#isPrintableChar:118,result=false
ME,returner=Reader:1#isPrintableChar:118,value=false
VW,context=Reader:1#nextLong:48,result=1
ME,returner=Reader:1#nextLong:48,value=1
VW,context=Reader:1#nextInt:48,num=1
VW,context=Reader:1#nextInt:48,result=1
ME,returner=Reader:1#nextInt:48,value=1
VW,context=Main#main:1,x=int[]:48
FR,context=Main,sc
MC,caller=Main#main:1,target=Reader:1#nextInt:49
MC,caller=Reader:1#nextInt:49,target=Reader:1#nextLong:49
MC,caller=Reader:1#nextLong:49,target=Reader:1#hasNext:49
MC,caller=Reader:1#hasNext:49,target=Reader:1#skip:49
MC,caller=Reader:1#skip:49,target=Reader:1#hasNextByte:216
FR,context=Reader:1,ptr
FR,context=Reader:1,buflen
VW,context=Reader:1#hasNextByte:216,result=true
ME,returner=Reader:1#hasNextByte:216,value=true
FR,context=Reader:1,buf
FR,context=Reader:1,ptr
MC,caller=Reader:1#skip:49,target=Reader:1#isPrintableChar:119
VW,context=Reader:1#isPrintableChar:119,c=49
VW,context=Reader:1#isPrintableChar:119,result=true
ME,returner=Reader:1#isPrintableChar:119,value=true
ME,returner=Reader:1#skip:49,value=<void>
MC,caller=Reader:1#hasNext:49,target=Reader:1#hasNextByte:217
FR,context=Reader:1,ptr
FR,context=Reader:1,buflen
VW,context=Reader:1#hasNextByte:217,result=true
ME,returner=Reader:1#hasNextByte:217,value=true
VW,context=Reader:1#hasNext:49,result=true
ME,returner=Reader:1#hasNext:49,value=true
VW,context=Reader:1#nextLong:49,minus=false
MC,caller=Reader:1#nextLong:49,target=Reader:1#readByte:98
MC,caller=Reader:1#readByte:98,target=Reader:1#hasNextByte:218
FR,context=Reader:1,ptr
FR,context=Reader:1,buflen
VW,context=Reader:1#hasNextByte:218,result=true
ME,returner=Reader:1#hasNextByte:218,value=true
FR,context=Reader:1,buf
FR,context=Reader:1,ptr
FW,context=Reader:1,ptr=120
VW,context=Reader:1#readByte:98,result=49
ME,returner=Reader:1#readByte:98,value=49
VW,context=Reader:1#nextLong:49,num=49
VW,context=Reader:1#nextLong:49,num=1
MC,caller=Reader:1#nextLong:49,target=Reader:1#readByte:99
MC,caller=Reader:1#readByte:99,target=Reader:1#hasNextByte:219
FR,context=Reader:1,ptr
FR,context=Reader:1,buflen
VW,context=Reader:1#hasNextByte:219,result=true
ME,returner=Reader:1#hasNextByte:219,value=true
FR,context=Reader:1,buf
FR,context=Reader:1,ptr
FW,context=Reader:1,ptr=121
VW,context=Reader:1#readByte:99,result=13
ME,returner=Reader:1#readByte:99,value=13
VW,context=Reader:1#nextLong:49,b=13
MC,caller=Reader:1#nextLong:49,target=Reader:1#isPrintableChar:120
VW,context=Reader:1#isPrintableChar:120,c=13
VW,context=Reader:1#isPrintableChar:120,result=false
ME,returner=Reader:1#isPrintableChar:120,value=false
VW,context=Reader:1#nextLong:49,result=1
ME,returner=Reader:1#nextLong:49,value=1
VW,context=Reader:1#nextInt:49,num=1
VW,context=Reader:1#nextInt:49,result=1
ME,returner=Reader:1#nextInt:49,value=1
VW,context=Main#main:1,y=int[]:49
VW,context=Main#main:1,i=10
FR,context=Main,sc
MC,caller=Main#main:1,target=Reader:1#nextInt:50
MC,caller=Reader:1#nextInt:50,target=Reader:1#nextLong:50
MC,caller=Reader:1#nextLong:50,target=Reader:1#hasNext:50
MC,caller=Reader:1#hasNext:50,target=Reader:1#skip:50
MC,caller=Reader:1#skip:50,target=Reader:1#hasNextByte:220
FR,context=Reader:1,ptr
FR,context=Reader:1,buflen
VW,context=Reader:1#hasNextByte:220,result=true
ME,returner=Reader:1#hasNextByte:220,value=true
FR,context=Reader:1,buf
FR,context=Reader:1,ptr
MC,caller=Reader:1#skip:50,target=Reader:1#isPrintableChar:121
VW,context=Reader:1#isPrintableChar:121,c=10
VW,context=Reader:1#isPrintableChar:121,result=false
ME,returner=Reader:1#isPrintableChar:121,value=false
FR,context=Reader:1,ptr
FW,context=Reader:1,ptr=122
MC,caller=Reader:1#skip:50,target=Reader:1#hasNextByte:221
FR,context=Reader:1,ptr
FR,context=Reader:1,buflen
VW,context=Reader:1#hasNextByte:221,result=true
ME,returner=Reader:1#hasNextByte:221,value=true
FR,context=Reader:1,buf
FR,context=Reader:1,ptr
MC,caller=Reader:1#skip:50,target=Reader:1#isPrintableChar:122
VW,context=Reader:1#isPrintableChar:122,c=52
VW,context=Reader:1#isPrintableChar:122,result=true
ME,returner=Reader:1#isPrintableChar:122,value=true
ME,returner=Reader:1#skip:50,value=<void>
MC,caller=Reader:1#hasNext:50,target=Reader:1#hasNextByte:222
FR,context=Reader:1,ptr
FR,context=Reader:1,buflen
VW,context=Reader:1#hasNextByte:222,result=true
ME,returner=Reader:1#hasNextByte:222,value=true
VW,context=Reader:1#hasNext:50,result=true
ME,returner=Reader:1#hasNext:50,value=true
VW,context=Reader:1#nextLong:50,minus=false
MC,caller=Reader:1#nextLong:50,target=Reader:1#readByte:100
MC,caller=Reader:1#readByte:100,target=Reader:1#hasNextByte:223
FR,context=Reader:1,ptr
FR,context=Reader:1,buflen
VW,context=Reader:1#hasNextByte:223,result=true
ME,returner=Reader:1#hasNextByte:223,value=true
FR,context=Reader:1,buf
FR,context=Reader:1,ptr
FW,context=Reader:1,ptr=123
VW,context=Reader:1#readByte:100,result=52
ME,returner=Reader:1#readByte:100,value=52
VW,context=Reader:1#nextLong:50,num=52
VW,context=Reader:1#nextLong:50,num=4
MC,caller=Reader:1#nextLong:50,target=Reader:1#readByte:101
MC,caller=Reader:1#readByte:101,target=Reader:1#hasNextByte:224
FR,context=Reader:1,ptr
FR,context=Reader:1,buflen
VW,context=Reader:1#hasNextByte:224,result=true
ME,returner=Reader:1#hasNextByte:224,value=true
FR,context=Reader:1,buf
FR,context=Reader:1,ptr
FW,context=Reader:1,ptr=124
VW,context=Reader:1#readByte:101,result=32
ME,returner=Reader:1#readByte:101,value=32
VW,context=Reader:1#nextLong:50,b=32
MC,caller=Reader:1#nextLong:50,target=Reader:1#isPrintableChar:123
VW,context=Reader:1#isPrintableChar:123,c=32
VW,context=Reader:1#isPrintableChar:123,result=false
ME,returner=Reader:1#isPrintableChar:123,value=false
VW,context=Reader:1#nextLong:50,result=4
ME,returner=Reader:1#nextLong:50,value=4
VW,context=Reader:1#nextInt:50,num=4
VW,context=Reader:1#nextInt:50,result=4
ME,returner=Reader:1#nextInt:50,value=4
FW,context=int[]:48,10=3
VW,context=Main#main:1,x=int[]:48
FR,context=Main,sc
MC,caller=Main#main:1,target=Reader:1#nextInt:51
MC,caller=Reader:1#nextInt:51,target=Reader:1#nextLong:51
MC,caller=Reader:1#nextLong:51,target=Reader:1#hasNext:51
MC,caller=Reader:1#hasNext:51,target=Reader:1#skip:51
MC,caller=Reader:1#skip:51,target=Reader:1#hasNextByte:225
FR,context=Reader:1,ptr
FR,context=Reader:1,buflen
VW,context=Reader:1#hasNextByte:225,result=true
ME,returner=Reader:1#hasNextByte:225,value=true
FR,context=Reader:1,buf
FR,context=Reader:1,ptr
MC,caller=Reader:1#skip:51,target=Reader:1#isPrintableChar:124
VW,context=Reader:1#isPrintableChar:124,c=52
VW,context=Reader:1#isPrintableChar:124,result=true
ME,returner=Reader:1#isPrintableChar:124,value=true
ME,returner=Reader:1#skip:51,value=<void>
MC,caller=Reader:1#hasNext:51,target=Reader:1#hasNextByte:226
FR,context=Reader:1,ptr
FR,context=Reader:1,buflen
VW,context=Reader:1#hasNextByte:226,result=true
ME,returner=Reader:1#hasNextByte:226,value=true
VW,context=Reader:1#hasNext:51,result=true
ME,returner=Reader:1#hasNext:51,value=true
VW,context=Reader:1#nextLong:51,minus=false
MC,caller=Reader:1#nextLong:51,target=Reader:1#readByte:102
MC,caller=Reader:1#readByte:102,target=Reader:1#hasNextByte:227
FR,context=Reader:1,ptr
FR,context=Reader:1,buflen
VW,context=Reader:1#hasNextByte:227,result=true
ME,returner=Reader:1#hasNextByte:227,value=true
FR,context=Reader:1,buf
FR,context=Reader:1,ptr
FW,context=Reader:1,ptr=125
VW,context=Reader:1#readByte:102,result=52
ME,returner=Reader:1#readByte:102,value=52
VW,context=Reader:1#nextLong:51,num=52
VW,context=Reader:1#nextLong:51,num=4
MC,caller=Reader:1#nextLong:51,target=Reader:1#readByte:103
MC,caller=Reader:1#readByte:103,target=Reader:1#hasNextByte:228
FR,context=Reader:1,ptr
FR,context=Reader:1,buflen
VW,context=Reader:1#hasNextByte:228,result=true
ME,returner=Reader:1#hasNextByte:228,value=true
FR,context=Reader:1,buf
FR,context=Reader:1,ptr
FW,context=Reader:1,ptr=126
VW,context=Reader:1#readByte:103,result=13
ME,returner=Reader:1#readByte:103,value=13
VW,context=Reader:1#nextLong:51,b=13
MC,caller=Reader:1#nextLong:51,target=Reader:1#isPrintableChar:125
VW,context=Reader:1#isPrintableChar:125,c=13
VW,context=Reader:1#isPrintableChar:125,result=false
ME,returner=Reader:1#isPrintableChar:125,value=false
VW,context=Reader:1#nextLong:51,result=4
ME,returner=Reader:1#nextLong:51,value=4
VW,context=Reader:1#nextInt:51,num=4
VW,context=Reader:1#nextInt:51,result=4
ME,returner=Reader:1#nextInt:51,value=4
FW,context=int[]:49,10=3
VW,context=Main#main:1,y=int[]:49
VW,context=Main#main:1,i=11
FR,context=Main,sc
MC,caller=Main#main:1,target=Reader:1#nextInt:52
MC,caller=Reader:1#nextInt:52,target=Reader:1#nextLong:52
MC,caller=Reader:1#nextLong:52,target=Reader:1#hasNext:52
MC,caller=Reader:1#hasNext:52,target=Reader:1#skip:52
MC,caller=Reader:1#skip:52,target=Reader:1#hasNextByte:229
FR,context=Reader:1,ptr
FR,context=Reader:1,buflen
VW,context=Reader:1#hasNextByte:229,result=true
ME,returner=Reader:1#hasNextByte:229,value=true
FR,context=Reader:1,buf
FR,context=Reader:1,ptr
MC,caller=Reader:1#skip:52,target=Reader:1#isPrintableChar:126
VW,context=Reader:1#isPrintableChar:126,c=10
VW,context=Reader:1#isPrintableChar:126,result=false
ME,returner=Reader:1#isPrintableChar:126,value=false
FR,context=Reader:1,ptr
FW,context=Reader:1,ptr=127
MC,caller=Reader:1#skip:52,target=Reader:1#hasNextByte:230
FR,context=Reader:1,ptr
FR,context=Reader:1,buflen
VW,context=Reader:1#hasNextByte:230,result=true
ME,returner=Reader:1#hasNextByte:230,value=true
FR,context=Reader:1,buf
FR,context=Reader:1,ptr
MC,caller=Reader:1#skip:52,target=Reader:1#isPrintableChar:127
VW,context=Reader:1#isPrintableChar:127,c=52
VW,context=Reader:1#isPrintableChar:127,result=true
ME,returner=Reader:1#isPrintableChar:127,value=true
ME,returner=Reader:1#skip:52,value=<void>
MC,caller=Reader:1#hasNext:52,target=Reader:1#hasNextByte:231
FR,context=Reader:1,ptr
FR,context=Reader:1,buflen
VW,context=Reader:1#hasNextByte:231,result=true
ME,returner=Reader:1#hasNextByte:231,value=true
VW,context=Reader:1#hasNext:52,result=true
ME,returner=Reader:1#hasNext:52,value=true
VW,context=Reader:1#nextLong:52,minus=false
MC,caller=Reader:1#nextLong:52,target=Reader:1#readByte:104
MC,caller=Reader:1#readByte:104,target=Reader:1#hasNextByte:232
FR,context=Reader:1,ptr
FR,context=Reader:1,buflen
VW,context=Reader:1#hasNextByte:232,result=true
ME,returner=Reader:1#hasNextByte:232,value=true
FR,context=Reader:1,buf
FR,context=Reader:1,ptr
FW,context=Reader:1,ptr=128
VW,context=Reader:1#readByte:104,result=52
ME,returner=Reader:1#readByte:104,value=52
VW,context=Reader:1#nextLong:52,num=52
VW,context=Reader:1#nextLong:52,num=4
MC,caller=Reader:1#nextLong:52,target=Reader:1#readByte:105
MC,caller=Reader:1#readByte:105,target=Reader:1#hasNextByte:233
FR,context=Reader:1,ptr
FR,context=Reader:1,buflen
VW,context=Reader:1#hasNextByte:233,result=true
ME,returner=Reader:1#hasNextByte:233,value=true
FR,context=Reader:1,buf
FR,context=Reader:1,ptr
FW,context=Reader:1,ptr=129
VW,context=Reader:1#readByte:105,result=32
ME,returner=Reader:1#readByte:105,value=32
VW,context=Reader:1#nextLong:52,b=32
MC,caller=Reader:1#nextLong:52,target=Reader:1#isPrintableChar:128
VW,context=Reader:1#isPrintableChar:128,c=32
VW,context=Reader:1#isPrintableChar:128,result=false
ME,returner=Reader:1#isPrintableChar:128,value=false
VW,context=Reader:1#nextLong:52,result=4
ME,returner=Reader:1#nextLong:52,value=4
VW,context=Reader:1#nextInt:52,num=4
VW,context=Reader:1#nextInt:52,result=4
ME,returner=Reader:1#nextInt:52,value=4
FW,context=int[]:48,11=3
VW,context=Main#main:1,x=int[]:48
FR,context=Main,sc
MC,caller=Main#main:1,target=Reader:1#nextInt:53
MC,caller=Reader:1#nextInt:53,target=Reader:1#nextLong:53
MC,caller=Reader:1#nextLong:53,target=Reader:1#hasNext:53
MC,caller=Reader:1#hasNext:53,target=Reader:1#skip:53
MC,caller=Reader:1#skip:53,target=Reader:1#hasNextByte:234
FR,context=Reader:1,ptr
FR,context=Reader:1,buflen
VW,context=Reader:1#hasNextByte:234,result=true
ME,returner=Reader:1#hasNextByte:234,value=true
FR,context=Reader:1,buf
FR,context=Reader:1,ptr
MC,caller=Reader:1#skip:53,target=Reader:1#isPrintableChar:129
VW,context=Reader:1#isPrintableChar:129,c=52
VW,context=Reader:1#isPrintableChar:129,result=true
ME,returner=Reader:1#isPrintableChar:129,value=true
ME,returner=Reader:1#skip:53,value=<void>
MC,caller=Reader:1#hasNext:53,target=Reader:1#hasNextByte:235
FR,context=Reader:1,ptr
FR,context=Reader:1,buflen
VW,context=Reader:1#hasNextByte:235,result=true
ME,returner=Reader:1#hasNextByte:235,value=true
VW,context=Reader:1#hasNext:53,result=true
ME,returner=Reader:1#hasNext:53,value=true
VW,context=Reader:1#nextLong:53,minus=false
MC,caller=Reader:1#nextLong:53,target=Reader:1#readByte:106
MC,caller=Reader:1#readByte:106,target=Reader:1#hasNextByte:236
FR,context=Reader:1,ptr
FR,context=Reader:1,buflen
VW,context=Reader:1#hasNextByte:236,result=true
ME,returner=Reader:1#hasNextByte:236,value=true
FR,context=Reader:1,buf
FR,context=Reader:1,ptr
FW,context=Reader:1,ptr=130
VW,context=Reader:1#readByte:106,result=52
ME,returner=Reader:1#readByte:106,value=52
VW,context=Reader:1#nextLong:53,num=52
VW,context=Reader:1#nextLong:53,num=4
MC,caller=Reader:1#nextLong:53,target=Reader:1#readByte:107
MC,caller=Reader:1#readByte:107,target=Reader:1#hasNextByte:237
FR,context=Reader:1,ptr
FR,context=Reader:1,buflen
VW,context=Reader:1#hasNextByte:237,result=true
ME,returner=Reader:1#hasNextByte:237,value=true
FR,context=Reader:1,buf
FR,context=Reader:1,ptr
FW,context=Reader:1,ptr=131
VW,context=Reader:1#readByte:107,result=13
ME,returner=Reader:1#readByte:107,value=13
VW,context=Reader:1#nextLong:53,b=13
MC,caller=Reader:1#nextLong:53,target=Reader:1#isPrintableChar:130
VW,context=Reader:1#isPrintableChar:130,c=13
VW,context=Reader:1#isPrintableChar:130,result=false
ME,returner=Reader:1#isPrintableChar:130,value=false
VW,context=Reader:1#nextLong:53,result=4
ME,returner=Reader:1#nextLong:53,value=4
VW,context=Reader:1#nextInt:53,num=4
VW,context=Reader:1#nextInt:53,result=4
ME,returner=Reader:1#nextInt:53,value=4
FW,context=int[]:49,11=3
VW,context=Main#main:1,y=int[]:49
VW,context=Main#main:1,i=12
FR,context=Main,sc
MC,caller=Main#main:1,target=Reader:1#nextInt:54
MC,caller=Reader:1#nextInt:54,target=Reader:1#nextLong:54
MC,caller=Reader:1#nextLong:54,target=Reader:1#hasNext:54
MC,caller=Reader:1#hasNext:54,target=Reader:1#skip:54
MC,caller=Reader:1#skip:54,target=Reader:1#hasNextByte:238
FR,context=Reader:1,ptr
FR,context=Reader:1,buflen
VW,context=Reader:1#hasNextByte:238,result=true
ME,returner=Reader:1#hasNextByte:238,value=true
FR,context=Reader:1,buf
FR,context=Reader:1,ptr
MC,caller=Reader:1#skip:54,target=Reader:1#isPrintableChar:131
VW,context=Reader:1#isPrintableChar:131,c=10
VW,context=Reader:1#isPrintableChar:131,result=false
ME,returner=Reader:1#isPrintableChar:131,value=false
FR,context=Reader:1,ptr
FW,context=Reader:1,ptr=132
MC,caller=Reader:1#skip:54,target=Reader:1#hasNextByte:239
FR,context=Reader:1,ptr
FR,context=Reader:1,buflen
VW,context=Reader:1#hasNextByte:239,result=true
ME,returner=Reader:1#hasNextByte:239,value=true
FR,context=Reader:1,buf
FR,context=Reader:1,ptr
MC,caller=Reader:1#skip:54,target=Reader:1#isPrintableChar:132
VW,context=Reader:1#isPrintableChar:132,c=52
VW,context=Reader:1#isPrintableChar:132,result=true
ME,returner=Reader:1#isPrintableChar:132,value=true
ME,returner=Reader:1#skip:54,value=<void>
MC,caller=Reader:1#hasNext:54,target=Reader:1#hasNextByte:240
FR,context=Reader:1,ptr
FR,context=Reader:1,buflen
VW,context=Reader:1#hasNextByte:240,result=true
ME,returner=Reader:1#hasNextByte:240,value=true
VW,context=Reader:1#hasNext:54,result=true
ME,returner=Reader:1#hasNext:54,value=true
VW,context=Reader:1#nextLong:54,minus=false
MC,caller=Reader:1#nextLong:54,target=Reader:1#readByte:108
MC,caller=Reader:1#readByte:108,target=Reader:1#hasNextByte:241
FR,context=Reader:1,ptr
FR,context=Reader:1,buflen
VW,context=Reader:1#hasNextByte:241,result=true
ME,returner=Reader:1#hasNextByte:241,value=true
FR,context=Reader:1,buf
FR,context=Reader:1,ptr
FW,context=Reader:1,ptr=133
VW,context=Reader:1#readByte:108,result=52
ME,returner=Reader:1#readByte:108,value=52
VW,context=Reader:1#nextLong:54,num=52
VW,context=Reader:1#nextLong:54,num=4
MC,caller=Reader:1#nextLong:54,target=Reader:1#readByte:109
MC,caller=Reader:1#readByte:109,target=Reader:1#hasNextByte:242
FR,context=Reader:1,ptr
FR,context=Reader:1,buflen
VW,context=Reader:1#hasNextByte:242,result=true
ME,returner=Reader:1#hasNextByte:242,value=true
FR,context=Reader:1,buf
FR,context=Reader:1,ptr
FW,context=Reader:1,ptr=134
VW,context=Reader:1#readByte:109,result=32
ME,returner=Reader:1#readByte:109,value=32
VW,context=Reader:1#nextLong:54,b=32
MC,caller=Reader:1#nextLong:54,target=Reader:1#isPrintableChar:133
VW,context=Reader:1#isPrintableChar:133,c=32
VW,context=Reader:1#isPrintableChar:133,result=false
ME,returner=Reader:1#isPrintableChar:133,value=false
VW,context=Reader:1#nextLong:54,result=4
ME,returner=Reader:1#nextLong:54,value=4
VW,context=Reader:1#nextInt:54,num=4
VW,context=Reader:1#nextInt:54,result=4
ME,returner=Reader:1#nextInt:54,value=4
FW,context=int[]:48,12=3
VW,context=Main#main:1,x=int[]:48
FR,context=Main,sc
MC,caller=Main#main:1,target=Reader:1#nextInt:55
MC,caller=Reader:1#nextInt:55,target=Reader:1#nextLong:55
MC,caller=Reader:1#nextLong:55,target=Reader:1#hasNext:55
MC,caller=Reader:1#hasNext:55,target=Reader:1#skip:55
MC,caller=Reader:1#skip:55,target=Reader:1#hasNextByte:243
FR,context=Reader:1,ptr
FR,context=Reader:1,buflen
VW,context=Reader:1#hasNextByte:243,result=true
ME,returner=Reader:1#hasNextByte:243,value=true
FR,context=Reader:1,buf
FR,context=Reader:1,ptr
MC,caller=Reader:1#skip:55,target=Reader:1#isPrintableChar:134
VW,context=Reader:1#isPrintableChar:134,c=52
VW,context=Reader:1#isPrintableChar:134,result=true
ME,returner=Reader:1#isPrintableChar:134,value=true
ME,returner=Reader:1#skip:55,value=<void>
MC,caller=Reader:1#hasNext:55,target=Reader:1#hasNextByte:244
FR,context=Reader:1,ptr
FR,context=Reader:1,buflen
VW,context=Reader:1#hasNextByte:244,result=true
ME,returner=Reader:1#hasNextByte:244,value=true
VW,context=Reader:1#hasNext:55,result=true
ME,returner=Reader:1#hasNext:55,value=true
VW,context=Reader:1#nextLong:55,minus=false
MC,caller=Reader:1#nextLong:55,target=Reader:1#readByte:110
MC,caller=Reader:1#readByte:110,target=Reader:1#hasNextByte:245
FR,context=Reader:1,ptr
FR,context=Reader:1,buflen
VW,context=Reader:1#hasNextByte:245,result=true
ME,returner=Reader:1#hasNextByte:245,value=true
FR,context=Reader:1,buf
FR,context=Reader:1,ptr
FW,context=Reader:1,ptr=135
VW,context=Reader:1#readByte:110,result=52
ME,returner=Reader:1#readByte:110,value=52
VW,context=Reader:1#nextLong:55,num=52
VW,context=Reader:1#nextLong:55,num=4
MC,caller=Reader:1#nextLong:55,target=Reader:1#readByte:111
MC,caller=Reader:1#readByte:111,target=Reader:1#hasNextByte:246
FR,context=Reader:1,ptr
FR,context=Reader:1,buflen
VW,context=Reader:1#hasNextByte:246,result=true
ME,returner=Reader:1#hasNextByte:246,value=true
FR,context=Reader:1,buf
FR,context=Reader:1,ptr
FW,context=Reader:1,ptr=136
VW,context=Reader:1#readByte:111,result=13
ME,returner=Reader:1#readByte:111,value=13
VW,context=Reader:1#nextLong:55,b=13
MC,caller=Reader:1#nextLong:55,target=Reader:1#isPrintableChar:135
VW,context=Reader:1#isPrintableChar:135,c=13
VW,context=Reader:1#isPrintableChar:135,result=false
ME,returner=Reader:1#isPrintableChar:135,value=false
VW,context=Reader:1#nextLong:55,result=4
ME,returner=Reader:1#nextLong:55,value=4
VW,context=Reader:1#nextInt:55,num=4
VW,context=Reader:1#nextInt:55,result=4
ME,returner=Reader:1#nextInt:55,value=4
FW,context=int[]:49,12=3
VW,context=Main#main:1,y=int[]:49
VW,context=Main#main:1,i=13
FR,context=Main,sc
MC,caller=Main#main:1,target=Reader:1#nextInt:56
MC,caller=Reader:1#nextInt:56,target=Reader:1#nextLong:56
MC,caller=Reader:1#nextLong:56,target=Reader:1#hasNext:56
MC,caller=Reader:1#hasNext:56,target=Reader:1#skip:56
MC,caller=Reader:1#skip:56,target=Reader:1#hasNextByte:247
FR,context=Reader:1,ptr
FR,context=Reader:1,buflen
VW,context=Reader:1#hasNextByte:247,result=true
ME,returner=Reader:1#hasNextByte:247,value=true
FR,context=Reader:1,buf
FR,context=Reader:1,ptr
MC,caller=Reader:1#skip:56,target=Reader:1#isPrintableChar:136
VW,context=Reader:1#isPrintableChar:136,c=10
VW,context=Reader:1#isPrintableChar:136,result=false
ME,returner=Reader:1#isPrintableChar:136,value=false
FR,context=Reader:1,ptr
FW,context=Reader:1,ptr=137
MC,caller=Reader:1#skip:56,target=Reader:1#hasNextByte:248
FR,context=Reader:1,ptr
FR,context=Reader:1,buflen
VW,context=Reader:1#hasNextByte:248,result=true
ME,returner=Reader:1#hasNextByte:248,value=true
FR,context=Reader:1,buf
FR,context=Reader:1,ptr
MC,caller=Reader:1#skip:56,target=Reader:1#isPrintableChar:137
VW,context=Reader:1#isPrintableChar:137,c=52
VW,context=Reader:1#isPrintableChar:137,result=true
ME,returner=Reader:1#isPrintableChar:137,value=true
ME,returner=Reader:1#skip:56,value=<void>
MC,caller=Reader:1#hasNext:56,target=Reader:1#hasNextByte:249
FR,context=Reader:1,ptr
FR,context=Reader:1,buflen
VW,context=Reader:1#hasNextByte:249,result=true
ME,returner=Reader:1#hasNextByte:249,value=true
VW,context=Reader:1#hasNext:56,result=true
ME,returner=Reader:1#hasNext:56,value=true
VW,context=Reader:1#nextLong:56,minus=false
MC,caller=Reader:1#nextLong:56,target=Reader:1#readByte:112
MC,caller=Reader:1#readByte:112,target=Reader:1#hasNextByte:250
FR,context=Reader:1,ptr
FR,context=Reader:1,buflen
VW,context=Reader:1#hasNextByte:250,result=true
ME,returner=Reader:1#hasNextByte:250,value=true
FR,context=Reader:1,buf
FR,context=Reader:1,ptr
FW,context=Reader:1,ptr=138
VW,context=Reader:1#readByte:112,result=52
ME,returner=Reader:1#readByte:112,value=52
VW,context=Reader:1#nextLong:56,num=52
VW,context=Reader:1#nextLong:56,num=4
MC,caller=Reader:1#nextLong:56,target=Reader:1#readByte:113
MC,caller=Reader:1#readByte:113,target=Reader:1#hasNextByte:251
FR,context=Reader:1,ptr
FR,context=Reader:1,buflen
VW,context=Reader:1#hasNextByte:251,result=true
ME,returner=Reader:1#hasNextByte:251,value=true
FR,context=Reader:1,buf
FR,context=Reader:1,ptr
FW,context=Reader:1,ptr=139
VW,context=Reader:1#readByte:113,result=32
ME,returner=Reader:1#readByte:113,value=32
VW,context=Reader:1#nextLong:56,b=32
MC,caller=Reader:1#nextLong:56,target=Reader:1#isPrintableChar:138
VW,context=Reader:1#isPrintableChar:138,c=32
VW,context=Reader:1#isPrintableChar:138,result=false
ME,returner=Reader:1#isPrintableChar:138,value=false
VW,context=Reader:1#nextLong:56,result=4
ME,returner=Reader:1#nextLong:56,value=4
VW,context=Reader:1#nextInt:56,num=4
VW,context=Reader:1#nextInt:56,result=4
ME,returner=Reader:1#nextInt:56,value=4
FW,context=int[]:48,13=3
VW,context=Main#main:1,x=int[]:48
FR,context=Main,sc
MC,caller=Main#main:1,target=Reader:1#nextInt:57
MC,caller=Reader:1#nextInt:57,target=Reader:1#nextLong:57
MC,caller=Reader:1#nextLong:57,target=Reader:1#hasNext:57
MC,caller=Reader:1#hasNext:57,target=Reader:1#skip:57
MC,caller=Reader:1#skip:57,target=Reader:1#hasNextByte:252
FR,context=Reader:1,ptr
FR,context=Reader:1,buflen
VW,context=Reader:1#hasNextByte:252,result=true
ME,returner=Reader:1#hasNextByte:252,value=true
FR,context=Reader:1,buf
FR,context=Reader:1,ptr
MC,caller=Reader:1#skip:57,target=Reader:1#isPrintableChar:139
VW,context=Reader:1#isPrintableChar:139,c=49
VW,context=Reader:1#isPrintableChar:139,result=true
ME,returner=Reader:1#isPrintableChar:139,value=true
ME,returner=Reader:1#skip:57,value=<void>
MC,caller=Reader:1#hasNext:57,target=Reader:1#hasNextByte:253
FR,context=Reader:1,ptr
FR,context=Reader:1,buflen
VW,context=Reader:1#hasNextByte:253,result=true
ME,returner=Reader:1#hasNextByte:253,value=true
VW,context=Reader:1#hasNext:57,result=true
ME,returner=Reader:1#hasNext:57,value=true
VW,context=Reader:1#nextLong:57,minus=false
MC,caller=Reader:1#nextLong:57,target=Reader:1#readByte:114
MC,caller=Reader:1#readByte:114,target=Reader:1#hasNextByte:254
FR,context=Reader:1,ptr
FR,context=Reader:1,buflen
VW,context=Reader:1#hasNextByte:254,result=true
ME,returner=Reader:1#hasNextByte:254,value=true
FR,context=Reader:1,buf
FR,context=Reader:1,ptr
FW,context=Reader:1,ptr=140
VW,context=Reader:1#readByte:114,result=49
ME,returner=Reader:1#readByte:114,value=49
VW,context=Reader:1#nextLong:57,num=49
VW,context=Reader:1#nextLong:57,num=1
MC,caller=Reader:1#nextLong:57,target=Reader:1#readByte:115
MC,caller=Reader:1#readByte:115,target=Reader:1#hasNextByte:255
FR,context=Reader:1,ptr
FR,context=Reader:1,buflen
VW,context=Reader:1#hasNextByte:255,result=true
ME,returner=Reader:1#hasNextByte:255,value=true
FR,context=Reader:1,buf
FR,context=Reader:1,ptr
FW,context=Reader:1,ptr=141
VW,context=Reader:1#readByte:115,result=13
ME,returner=Reader:1#readByte:115,value=13
VW,context=Reader:1#nextLong:57,b=13
MC,caller=Reader:1#nextLong:57,target=Reader:1#isPrintableChar:140
VW,context=Reader:1#isPrintableChar:140,c=13
VW,context=Reader:1#isPrintableChar:140,result=false
ME,returner=Reader:1#isPrintableChar:140,value=false
VW,context=Reader:1#nextLong:57,result=1
ME,returner=Reader:1#nextLong:57,value=1
VW,context=Reader:1#nextInt:57,num=1
VW,context=Reader:1#nextInt:57,result=1
ME,returner=Reader:1#nextInt:57,value=1
VW,context=Main#main:1,y=int[]:49
VW,context=Main#main:1,i=14
FR,context=Main,sc
MC,caller=Main#main:1,target=Reader:1#nextInt:58
MC,caller=Reader:1#nextInt:58,target=Reader:1#nextLong:58
MC,caller=Reader:1#nextLong:58,target=Reader:1#hasNext:58
MC,caller=Reader:1#hasNext:58,target=Reader:1#skip:58
MC,caller=Reader:1#skip:58,target=Reader:1#hasNextByte:256
FR,context=Reader:1,ptr
FR,context=Reader:1,buflen
VW,context=Reader:1#hasNextByte:256,result=true
ME,returner=Reader:1#hasNextByte:256,value=true
FR,context=Reader:1,buf
FR,context=Reader:1,ptr
MC,caller=Reader:1#skip:58,target=Reader:1#isPrintableChar:141
VW,context=Reader:1#isPrintableChar:141,c=10
VW,context=Reader:1#isPrintableChar:141,result=false
ME,returner=Reader:1#isPrintableChar:141,value=false
FR,context=Reader:1,ptr
FW,context=Reader:1,ptr=142
MC,caller=Reader:1#skip:58,target=Reader:1#hasNextByte:257
FR,context=Reader:1,ptr
FR,context=Reader:1,buflen
VW,context=Reader:1#hasNextByte:257,result=true
ME,returner=Reader:1#hasNextByte:257,value=true
FR,context=Reader:1,buf
FR,context=Reader:1,ptr
MC,caller=Reader:1#skip:58,target=Reader:1#isPrintableChar:142
VW,context=Reader:1#isPrintableChar:142,c=50
VW,context=Reader:1#isPrintableChar:142,result=true
ME,returner=Reader:1#isPrintableChar:142,value=true
ME,returner=Reader:1#skip:58,value=<void>
MC,caller=Reader:1#hasNext:58,target=Reader:1#hasNextByte:258
FR,context=Reader:1,ptr
FR,context=Reader:1,buflen
VW,context=Reader:1#hasNextByte:258,result=true
ME,returner=Reader:1#hasNextByte:258,value=true
VW,context=Reader:1#hasNext:58,result=true
ME,returner=Reader:1#hasNext:58,value=true
VW,context=Reader:1#nextLong:58,minus=false
MC,caller=Reader:1#nextLong:58,target=Reader:1#readByte:116
MC,caller=Reader:1#readByte:116,target=Reader:1#hasNextByte:259
FR,context=Reader:1,ptr
FR,context=Reader:1,buflen
VW,context=Reader:1#hasNextByte:259,result=true
ME,returner=Reader:1#hasNextByte:259,value=true
FR,context=Reader:1,buf
FR,context=Reader:1,ptr
FW,context=Reader:1,ptr=143
VW,context=Reader:1#readByte:116,result=50
ME,returner=Reader:1#readByte:116,value=50
VW,context=Reader:1#nextLong:58,num=50
VW,context=Reader:1#nextLong:58,num=2
MC,caller=Reader:1#nextLong:58,target=Reader:1#readByte:117
MC,caller=Reader:1#readByte:117,target=Reader:1#hasNextByte:260
FR,context=Reader:1,ptr
FR,context=Reader:1,buflen
VW,context=Reader:1#hasNextByte:260,result=true
ME,returner=Reader:1#hasNextByte:260,value=true
FR,context=Reader:1,buf
FR,context=Reader:1,ptr
FW,context=Reader:1,ptr=144
VW,context=Reader:1#readByte:117,result=32
ME,returner=Reader:1#readByte:117,value=32
VW,context=Reader:1#nextLong:58,b=32
MC,caller=Reader:1#nextLong:58,target=Reader:1#isPrintableChar:143
VW,context=Reader:1#isPrintableChar:143,c=32
VW,context=Reader:1#isPrintableChar:143,result=false
ME,returner=Reader:1#isPrintableChar:143,value=false
VW,context=Reader:1#nextLong:58,result=2
ME,returner=Reader:1#nextLong:58,value=2
VW,context=Reader:1#nextInt:58,num=2
VW,context=Reader:1#nextInt:58,result=2
ME,returner=Reader:1#nextInt:58,value=2
FW,context=int[]:48,14=1
VW,context=Main#main:1,x=int[]:48
FR,context=Main,sc
MC,caller=Main#main:1,target=Reader:1#nextInt:59
MC,caller=Reader:1#nextInt:59,target=Reader:1#nextLong:59
MC,caller=Reader:1#nextLong:59,target=Reader:1#hasNext:59
MC,caller=Reader:1#hasNext:59,target=Reader:1#skip:59
MC,caller=Reader:1#skip:59,target=Reader:1#hasNextByte:261
FR,context=Reader:1,ptr
FR,context=Reader:1,buflen
VW,context=Reader:1#hasNextByte:261,result=true
ME,returner=Reader:1#hasNextByte:261,value=true
FR,context=Reader:1,buf
FR,context=Reader:1,ptr
MC,caller=Reader:1#skip:59,target=Reader:1#isPrintableChar:144
VW,context=Reader:1#isPrintableChar:144,c=50
VW,context=Reader:1#isPrintableChar:144,result=true
ME,returner=Reader:1#isPrintableChar:144,value=true
ME,returner=Reader:1#skip:59,value=<void>
MC,caller=Reader:1#hasNext:59,target=Reader:1#hasNextByte:262
FR,context=Reader:1,ptr
FR,context=Reader:1,buflen
VW,context=Reader:1#hasNextByte:262,result=true
ME,returner=Reader:1#hasNextByte:262,value=true
VW,context=Reader:1#hasNext:59,result=true
ME,returner=Reader:1#hasNext:59,value=true
VW,context=Reader:1#nextLong:59,minus=false
MC,caller=Reader:1#nextLong:59,target=Reader:1#readByte:118
MC,caller=Reader:1#readByte:118,target=Reader:1#hasNextByte:263
FR,context=Reader:1,ptr
FR,context=Reader:1,buflen
VW,context=Reader:1#hasNextByte:263,result=true
ME,returner=Reader:1#hasNextByte:263,value=true
FR,context=Reader:1,buf
FR,context=Reader:1,ptr
FW,context=Reader:1,ptr=145
VW,context=Reader:1#readByte:118,result=50
ME,returner=Reader:1#readByte:118,value=50
VW,context=Reader:1#nextLong:59,num=50
VW,context=Reader:1#nextLong:59,num=2
MC,caller=Reader:1#nextLong:59,target=Reader:1#readByte:119
MC,caller=Reader:1#readByte:119,target=Reader:1#hasNextByte:264
FR,context=Reader:1,ptr
FR,context=Reader:1,buflen
VW,context=Reader:1#hasNextByte:264,result=true
ME,returner=Reader:1#hasNextByte:264,value=true
FR,context=Reader:1,buf
FR,context=Reader:1,ptr
FW,context=Reader:1,ptr=146
VW,context=Reader:1#readByte:119,result=13
ME,returner=Reader:1#readByte:119,value=13
VW,context=Reader:1#nextLong:59,b=13
MC,caller=Reader:1#nextLong:59,target=Reader:1#isPrintableChar:145
VW,context=Reader:1#isPrintableChar:145,c=13
VW,context=Reader:1#isPrintableChar:145,result=false
ME,returner=Reader:1#isPrintableChar:145,value=false
VW,context=Reader:1#nextLong:59,result=2
ME,returner=Reader:1#nextLong:59,value=2
VW,context=Reader:1#nextInt:59,num=2
VW,context=Reader:1#nextInt:59,result=2
ME,returner=Reader:1#nextInt:59,value=2
FW,context=int[]:49,14=1
VW,context=Main#main:1,y=int[]:49
VD,method=Main#main:1 <name=i,type=int (id=7),value=<?>,index=12>
VW,context=Main#main:1,now=1
VW,context=Main#main:1,flag=false
VW,context=Main#main:1,i=0
VW,context=Main#main:1,j=0
VW,context=Main#main:1,map=int[][][]:3
VD,method=Main#main:1 <name=j,type=int (id=7),value=<?>,index=16>
VW,context=Main#main:1,xx=0
VW,context=Main#main:1,yy=0
VW,context=Main#main:1,zz=0
VW,context=Main#main:1,w=1
VW,context=Main#main:1,k=0
VW,context=Main#main:1,ok=true
VW,context=Main#main:1,l=1
VW,context=Main#main:1,ok=false
VD,method=Main#main:1 <name=l,type=int (id=7),value=<?>,index=23>
VW,context=Main#main:1,k=1
VD,method=Main#main:1 <name=ok,type=boolean (id=2),value=<?>,index=22>
VW,context=Main#main:1,ok=true
VW,context=Main#main:1,l=1
VW,context=Main#main:1,ok=false
VD,method=Main#main:1 <name=l,type=int (id=7),value=<?>,index=23>
VW,context=Main#main:1,k=2
VD,method=Main#main:1 <name=ok,type=boolean (id=2),value=<?>,index=22>
VW,context=Main#main:1,ok=true
VW,context=Main#main:1,l=1
VW,context=Main#main:1,ok=false
VD,method=Main#main:1 <name=l,type=int (id=7),value=<?>,index=23>
VW,context=Main#main:1,k=3
VD,method=Main#main:1 <name=ok,type=boolean (id=2),value=<?>,index=22>
VW,context=Main#main:1,ok=true
VW,context=Main#main:1,l=1
VW,context=Main#main:1,ok=false
VD,method=Main#main:1 <name=l,type=int (id=7),value=<?>,index=23>
VW,context=Main#main:1,k=4
VD,method=Main#main:1 <name=ok,type=boolean (id=2),value=<?>,index=22>
VW,context=Main#main:1,ok=true
VW,context=Main#main:1,l=1
VW,context=Main#main:1,ok=false
VD,method=Main#main:1 <name=l,type=int (id=7),value=<?>,index=23>
VW,context=Main#main:1,k=5
VD,method=Main#main:1 <name=ok,type=boolean (id=2),value=<?>,index=22>
VW,context=Main#main:1,ok=true
VW,context=Main#main:1,l=1
VW,context=Main#main:1,ok=false
VD,method=Main#main:1 <name=l,type=int (id=7),value=<?>,index=23>
VW,context=Main#main:1,k=6
VD,method=Main#main:1 <name=ok,type=boolean (id=2),value=<?>,index=22>
VW,context=Main#main:1,ok=true
VW,context=Main#main:1,l=1
VW,context=Main#main:1,ok=false
VD,method=Main#main:1 <name=l,type=int (id=7),value=<?>,index=23>
VW,context=Main#main:1,k=7
VD,method=Main#main:1 <name=ok,type=boolean (id=2),value=<?>,index=22>
VW,context=Main#main:1,ok=true
VW,context=Main#main:1,k=8
VD,method=Main#main:1 <name=ok,type=boolean (id=2),value=<?>,index=22>
VW,context=Main#main:1,ok=true
VW,context=Main#main:1,k=9
VD,method=Main#main:1 <name=ok,type=boolean (id=2),value=<?>,index=22>
VW,context=Main#main:1,ok=true
VW,context=Main#main:1,k=10
VD,method=Main#main:1 <name=ok,type=boolean (id=2),value=<?>,index=22>
VW,context=Main#main:1,ok=true
VW,context=Main#main:1,k=11
VD,method=Main#main:1 <name=ok,type=boolean (id=2),value=<?>,index=22>
VW,context=Main#main:1,ok=true
VW,context=Main#main:1,k=12
VD,method=Main#main:1 <name=ok,type=boolean (id=2),value=<?>,index=22>
VW,context=Main#main:1,ok=true
VD,method=Main#main:1 <name=ok,type=boolean (id=2),value=<?>,index=22>
VD,method=Main#main:1 <name=k,type=int (id=7),value=<?>,index=21>
VW,context=Main#main:1,zz=1
VD,method=Main#main:1 <name=w,type=int (id=7),value=<?>,index=20>
VW,context=Main#main:1,zz=2
VW,context=Main#main:1,zz=3
VD,method=Main#main:1 <name=zz,type=int (id=7),value=<?>,index=19>
VW,context=Main#main:1,yy=1
VW,context=Main#main:1,zz=0
VW,context=Main#main:1,zz=1
VW,context=Main#main:1,zz=2
VW,context=Main#main:1,zz=3
VD,method=Main#main:1 <name=zz,type=int (id=7),value=<?>,index=19>
VW,context=Main#main:1,yy=2
VW,context=Main#main:1,zz=0
VW,context=Main#main:1,zz=1
VW,context=Main#main:1,zz=2
VW,context=Main#main:1,zz=3
VD,method=Main#main:1 <name=zz,type=int (id=7),value=<?>,index=19>
VW,context=Main#main:1,yy=3
VW,context=Main#main:1,zz=0
VW,context=Main#main:1,zz=1
VW,context=Main#main:1,zz=2
VW,context=Main#main:1,zz=3
VD,method=Main#main:1 <name=zz,type=int (id=7),value=<?>,index=19>
VD,method=Main#main:1 <name=yy,type=int (id=7),value=<?>,index=18>
VW,context=Main#main:1,xx=1
VW,context=Main#main:1,yy=0
VW,context=Main#main:1,zz=0
VW,context=Main#main:1,zz=1
VW,context=Main#main:1,zz=2
VW,context=Main#main:1,zz=3
VD,method=Main#main:1 <name=zz,type=int (id=7),value=<?>,index=19>
VW,context=Main#main:1,yy=1
VW,context=Main#main:1,zz=0
VW,context=Main#main:1,zz=1
VW,context=Main#main:1,zz=2
VW,context=Main#main:1,zz=3
VD,method=Main#main:1 <name=zz,type=int (id=7),value=<?>,index=19>
VW,context=Main#main:1,yy=2
VW,context=Main#main:1,zz=0
VW,context=Main#main:1,zz=1
VW,context=Main#main:1,zz=2
VW,context=Main#main:1,zz=3
VD,method=Main#main:1 <name=zz,type=int (id=7),value=<?>,index=19>
VW,context=Main#main:1,yy=3
VW,context=Main#main:1,zz=0
VW,context=Main#main:1,zz=1
VW,context=Main#main:1,zz=2
VW,context=Main#main:1,zz=3
VD,method=Main#main:1 <name=zz,type=int (id=7),value=<?>,index=19>
VD,method=Main#main:1 <name=yy,type=int (id=7),value=<?>,index=18>
VW,context=Main#main:1,xx=2
VW,context=Main#main:1,yy=0
VW,context=Main#main:1,zz=0
VW,context=Main#main:1,zz=1
VW,context=Main#main:1,zz=2
VW,context=Main#main:1,zz=3
VD,method=Main#main:1 <name=zz,type=int (id=7),value=<?>,index=19>
VW,context=Main#main:1,yy=1
VW,context=Main#main:1,zz=0
VW,context=Main#main:1,zz=1
VW,context=Main#main:1,zz=2
VW,context=Main#main:1,zz=3
VD,method=Main#main:1 <name=zz,type=int (id=7),value=<?>,index=19>
VW,context=Main#main:1,yy=2
VW,context=Main#main:1,zz=0
VW,context=Main#main:1,zz=1
VW,context=Main#main:1,zz=2
VW,context=Main#main:1,zz=3
VD,method=Main#main:1 <name=zz,type=int (id=7),value=<?>,index=19>
VW,context=Main#main:1,yy=3
VW,context=Main#main:1,zz=0
VW,context=Main#main:1,zz=1
VW,context=Main#main:1,zz=2
VW,context=Main#main:1,zz=3
VD,method=Main#main:1 <name=zz,type=int (id=7),value=<?>,index=19>
VD,method=Main#main:1 <name=yy,type=int (id=7),value=<?>,index=18>
VW,context=Main#main:1,xx=3
VW,context=Main#main:1,yy=0
VW,context=Main#main:1,zz=0
VW,context=Main#main:1,zz=1
VW,context=Main#main:1,zz=2
VW,context=Main#main:1,zz=3
VD,method=Main#main:1 <name=zz,type=int (id=7),value=<?>,index=19>
VW,context=Main#main:1,yy=1
VW,context=Main#main:1,zz=0
VW,context=Main#main:1,zz=1
VW,context=Main#main:1,zz=2
VW,context=Main#main:1,zz=3
VD,method=Main#main:1 <name=zz,type=int (id=7),value=<?>,index=19>
VW,context=Main#main:1,yy=2
VW,context=Main#main:1,zz=0
VW,context=Main#main:1,zz=1
VW,context=Main#main:1,zz=2
VW,context=Main#main:1,zz=3
VD,method=Main#main:1 <name=zz,type=int (id=7),value=<?>,index=19>
VW,context=Main#main:1,yy=3
VW,context=Main#main:1,zz=0
VW,context=Main#main:1,zz=1
VW,context=Main#main:1,zz=2
VW,context=Main#main:1,zz=3
VD,method=Main#main:1 <name=zz,type=int (id=7),value=<?>,index=19>
VD,method=Main#main:1 <name=yy,type=int (id=7),value=<?>,index=18>
VD,method=Main#main:1 <name=xx,type=int (id=7),value=<?>,index=17>
VW,context=Main#main:1,now=2
VW,context=Main#main:1,i=1
VW,context=Main#main:1,j=0
VW,context=Main#main:1,map=int[][][]:3
VD,method=Main#main:1 <name=j,type=int (id=7),value=<?>,index=16>
VW,context=Main#main:1,xx=0
VW,context=Main#main:1,yy=0
VW,context=Main#main:1,zz=0
VW,context=Main#main:1,w=1
VW,context=Main#main:1,k=0
VW,context=Main#main:1,ok=true
VW,context=Main#main:1,l=1
VW,context=Main#main:1,ok=false
VD,method=Main#main:1 <name=l,type=int (id=7),value=<?>,index=23>
VW,context=Main#main:1,k=1
VD,method=Main#main:1 <name=ok,type=boolean (id=2),value=<?>,index=22>
VW,context=Main#main:1,ok=true
VW,context=Main#main:1,l=1
VW,context=Main#main:1,ok=false
VD,method=Main#main:1 <name=l,type=int (id=7),value=<?>,index=23>
VW,context=Main#main:1,k=2
VD,method=Main#main:1 <name=ok,type=boolean (id=2),value=<?>,index=22>
VW,context=Main#main:1,ok=true
VW,context=Main#main:1,l=1
VW,context=Main#main:1,ok=false
VD,method=Main#main:1 <name=l,type=int (id=7),value=<?>,index=23>
VW,context=Main#main:1,k=3
VD,method=Main#main:1 <name=ok,type=boolean (id=2),value=<?>,index=22>
VW,context=Main#main:1,ok=true
VW,context=Main#main:1,l=1
VW,context=Main#main:1,ok=false
VD,method=Main#main:1 <name=l,type=int (id=7),value=<?>,index=23>
VW,context=Main#main:1,k=4
VD,method=Main#main:1 <name=ok,type=boolean (id=2),value=<?>,index=22>
VW,context=Main#main:1,ok=true
VW,context=Main#main:1,l=1
VW,context=Main#main:1,ok=false
VD,method=Main#main:1 <name=l,type=int (id=7),value=<?>,index=23>
VW,context=Main#main:1,k=5
VD,method=Main#main:1 <name=ok,type=boolean (id=2),value=<?>,index=22>
VW,context=Main#main:1,ok=true
VW,context=Main#main:1,l=1
VW,context=Main#main:1,ok=false
VD,method=Main#main:1 <name=l,type=int (id=7),value=<?>,index=23>
VW,context=Main#main:1,k=6
VD,method=Main#main:1 <name=ok,type=boolean (id=2),value=<?>,index=22>
VW,context=Main#main:1,ok=true
VW,context=Main#main:1,l=1
VW,context=Main#main:1,ok=false
VD,method=Main#main:1 <name=l,type=int (id=7),value=<?>,index=23>
VW,context=Main#main:1,k=7
VD,method=Main#main:1 <name=ok,type=boolean (id=2),value=<?>,index=22>
VW,context=Main#main:1,ok=true
VW,context=Main#main:1,k=8
VD,method=Main#main:1 <name=ok,type=boolean (id=2),value=<?>,index=22>
VW,context=Main#main:1,ok=true
VW,context=Main#main:1,k=9
VD,method=Main#main:1 <name=ok,type=boolean (id=2),value=<?>,index=22>
VW,context=Main#main:1,ok=true
VW,context=Main#main:1,k=10
VD,method=Main#main:1 <name=ok,type=boolean (id=2),value=<?>,index=22>
VW,context=Main#main:1,ok=true
VW,context=Main#main:1,k=11
VD,method=Main#main:1 <name=ok,type=boolean (id=2),value=<?>,index=22>
VW,context=Main#main:1,ok=true
VW,context=Main#main:1,k=12
VD,method=Main#main:1 <name=ok,type=boolean (id=2),value=<?>,index=22>
VW,context=Main#main:1,ok=true
VD,method=Main#main:1 <name=ok,type=boolean (id=2),value=<?>,index=22>
VD,method=Main#main:1 <name=k,type=int (id=7),value=<?>,index=21>
VW,context=Main#main:1,zz=1
VD,method=Main#main:1 <name=w,type=int (id=7),value=<?>,index=20>
VW,context=Main#main:1,zz=2
VW,context=Main#main:1,zz=3
VD,method=Main#main:1 <name=zz,type=int (id=7),value=<?>,index=19>
VW,context=Main#main:1,yy=1
VW,context=Main#main:1,zz=0
VW,context=Main#main:1,zz=1
VW,context=Main#main:1,zz=2
VW,context=Main#main:1,zz=3
VD,method=Main#main:1 <name=zz,type=int (id=7),value=<?>,index=19>
VW,context=Main#main:1,yy=2
VW,context=Main#main:1,zz=0
VW,context=Main#main:1,zz=1
VW,context=Main#main:1,zz=2
VW,context=Main#main:1,zz=3
VD,method=Main#main:1 <name=zz,type=int (id=7),value=<?>,index=19>
VW,context=Main#main:1,yy=3
VW,context=Main#main:1,zz=0
VW,context=Main#main:1,zz=1
VW,context=Main#main:1,zz=2
VW,context=Main#main:1,zz=3
VD,method=Main#main:1 <name=zz,type=int (id=7),value=<?>,index=19>
VD,method=Main#main:1 <name=yy,type=int (id=7),value=<?>,index=18>
VW,context=Main#main:1,xx=1
VW,context=Main#main:1,yy=0
VW,context=Main#main:1,zz=0
VW,context=Main#main:1,zz=1
VW,context=Main#main:1,zz=2
VW,context=Main#main:1,zz=3
VD,method=Main#main:1 <name=zz,type=int (id=7),value=<?>,index=19>
VW,context=Main#main:1,yy=1
VW,context=Main#main:1,zz=0
VW,context=Main#main:1,w=2
VW,context=Main#main:1,k=0
VW,context=Main#main:1,ok=true
VW,context=Main#main:1,l=1
VW,context=Main#main:1,ok=false
VD,method=Main#main:1 <name=l,type=int (id=7),value=<?>,index=23>
VW,context=Main#main:1,k=1
VD,method=Main#main:1 <name=ok,type=boolean (id=2),value=<?>,index=22>
VW,context=Main#main:1,ok=true
VW,context=Main#main:1,l=1
VW,context=Main#main:1,ok=false
VD,method=Main#main:1 <name=l,type=int (id=7),value=<?>,index=23>
VW,context=Main#main:1,k=2
VD,method=Main#main:1 <name=ok,type=boolean (id=2),value=<?>,index=22>
VW,context=Main#main:1,ok=true
VW,context=Main#main:1,l=1
VW,context=Main#main:1,ok=false
VD,method=Main#main:1 <name=l,type=int (id=7),value=<?>,index=23>
VW,context=Main#main:1,k=3
VD,method=Main#main:1 <name=ok,type=boolean (id=2),value=<?>,index=22>
VW,context=Main#main:1,ok=true
VW,context=Main#main:1,l=1
VW,context=Main#main:1,ok=false
VD,method=Main#main:1 <name=l,type=int (id=7),value=<?>,index=23>
VW,context=Main#main:1,k=4
VD,method=Main#main:1 <name=ok,type=boolean (id=2),value=<?>,index=22>
VW,context=Main#main:1,ok=true
VW,context=Main#main:1,l=1
VW,context=Main#main:1,ok=false
VD,method=Main#main:1 <name=l,type=int (id=7),value=<?>,index=23>
VW,context=Main#main:1,k=5
VD,method=Main#main:1 <name=ok,type=boolean (id=2),value=<?>,index=22>
VW,context=Main#main:1,ok=true
VW,context=Main#main:1,l=1
VW,context=Main#main:1,ok=false
VD,method=Main#main:1 <name=l,type=int (id=7),value=<?>,index=23>
VW,context=Main#main:1,k=6
VD,method=Main#main:1 <name=ok,type=boolean (id=2),value=<?>,index=22>
VW,context=Main#main:1,ok=true
VW,context=Main#main:1,l=1
VW,context=Main#main:1,ok=false
VD,method=Main#main:1 <name=l,type=int (id=7),value=<?>,index=23>
VW,context=Main#main:1,k=7
VD,method=Main#main:1 <name=ok,type=boolean (id=2),value=<?>,index=22>
VW,context=Main#main:1,ok=true
VW,context=Main#main:1,k=8
VD,method=Main#main:1 <name=ok,type=boolean (id=2),value=<?>,index=22>
VW,context=Main#main:1,ok=true
VW,context=Main#main:1,k=9
VD,method=Main#main:1 <name=ok,type=boolean (id=2),value=<?>,index=22>
VW,context=Main#main:1,ok=true
VW,context=Main#main:1,k=10
VD,method=Main#main:1 <name=ok,type=boolean (id=2),value=<?>,index=22>
VW,context=Main#main:1,ok=true
VW,context=Main#main:1,k=11
VD,method=Main#main:1 <name=ok,type=boolean (id=2),value=<?>,index=22>
VW,context=Main#main:1,ok=true
VW,context=Main#main:1,k=12
VD,method=Main#main:1 <name=ok,type=boolean (id=2),value=<?>,index=22>
VW,context=Main#main:1,ok=true
VD,method=Main#main:1 <name=ok,type=boolean (id=2),value=<?>,index=22>
VD,method=Main#main:1 <name=k,type=int (id=7),value=<?>,index=21>
VW,context=Main#main:1,zz=1
VD,method=Main#main:1 <name=w,type=int (id=7),value=<?>,index=20>
VW,context=Main#main:1,zz=2
VW,context=Main#main:1,zz=3
VD,method=Main#main:1 <name=zz,type=int (id=7),value=<?>,index=19>
VW,context=Main#main:1,yy=2
VW,context=Main#main:1,zz=0
VW,context=Main#main:1,zz=1
VW,context=Main#main:1,zz=2
VW,context=Main#main:1,zz=3
VD,method=Main#main:1 <name=zz,type=int (id=7),value=<?>,index=19>
VW,context=Main#main:1,yy=3
VW,context=Main#main:1,zz=0
VW,context=Main#main:1,zz=1
VW,context=Main#main:1,zz=2
VW,context=Main#main:1,zz=3
VD,method=Main#main:1 <name=zz,type=int (id=7),value=<?>,index=19>
VD,method=Main#main:1 <name=yy,type=int (id=7),value=<?>,index=18>
VW,context=Main#main:1,xx=2
VW,context=Main#main:1,yy=0
VW,context=Main#main:1,zz=0
VW,context=Main#main:1,zz=1
VW,context=Main#main:1,zz=2
VW,context=Main#main:1,zz=3
VD,method=Main#main:1 <name=zz,type=int (id=7),value=<?>,index=19>
VW,context=Main#main:1,yy=1
VW,context=Main#main:1,zz=0
VW,context=Main#main:1,zz=1
VW,context=Main#main:1,zz=2
VW,context=Main#main:1,zz=3
VD,method=Main#main:1 <name=zz,type=int (id=7),value=<?>,index=19>
VW,context=Main#main:1,yy=2
VW,context=Main#main:1,zz=0
VW,context=Main#main:1,zz=1
VW,context=Main#main:1,zz=2
VW,context=Main#main:1,zz=3
VD,method=Main#main:1 <name=zz,type=int (id=7),value=<?>,index=19>
VW,context=Main#main:1,yy=3
VW,context=Main#main:1,zz=0
VW,context=Main#main:1,zz=1
VW,context=Main#main:1,zz=2
VW,context=Main#main:1,zz=3
VD,method=Main#main:1 <name=zz,type=int (id=7),value=<?>,index=19>
VD,method=Main#main:1 <name=yy,type=int (id=7),value=<?>,index=18>
VW,context=Main#main:1,xx=3
VW,context=Main#main:1,yy=0
VW,context=Main#main:1,zz=0
VW,context=Main#main:1,zz=1
VW,context=Main#main:1,zz=2
VW,context=Main#main:1,zz=3
VD,method=Main#main:1 <name=zz,type=int (id=7),value=<?>,index=19>
VW,context=Main#main:1,yy=1
VW,context=Main#main:1,zz=0
VW,context=Main#main:1,zz=1
VW,context=Main#main:1,zz=2
VW,context=Main#main:1,zz=3
VD,method=Main#main:1 <name=zz,type=int (id=7),value=<?>,index=19>
VW,context=Main#main:1,yy=2
VW,context=Main#main:1,zz=0
VW,context=Main#main:1,zz=1
VW,context=Main#main:1,zz=2
VW,context=Main#main:1,zz=3
VD,method=Main#main:1 <name=zz,type=int (id=7),value=<?>,index=19>
VW,context=Main#main:1,yy=3
VW,context=Main#main:1,zz=0
VW,context=Main#main:1,zz=1
VW,context=Main#main:1,zz=2
VW,context=Main#main:1,zz=3
VD,method=Main#main:1 <name=zz,type=int (id=7),value=<?>,index=19>
VD,method=Main#main:1 <name=yy,type=int (id=7),value=<?>,index=18>
VD,method=Main#main:1 <name=xx,type=int (id=7),value=<?>,index=17>
VW,context=Main#main:1,now=1
VW,context=Main#main:1,i=2
VW,context=Main#main:1,j=0
VW,context=Main#main:1,j=1
VW,context=Main#main:1,map=int[][][]:3
VD,method=Main#main:1 <name=j,type=int (id=7),value=<?>,index=16>
VW,context=Main#main:1,xx=0
VW,context=Main#main:1,yy=0
VW,context=Main#main:1,zz=0
VW,context=Main#main:1,w=1
VW,context=Main#main:1,k=0
VW,context=Main#main:1,ok=true
VW,context=Main#main:1,l=1
VW,context=Main#main:1,ok=false
VD,method=Main#main:1 <name=l,type=int (id=7),value=<?>,index=23>
VW,context=Main#main:1,k=1
VD,method=Main#main:1 <name=ok,type=boolean (id=2),value=<?>,index=22>
VW,context=Main#main:1,ok=true
VW,context=Main#main:1,l=1
VW,context=Main#main:1,ok=false
VD,method=Main#main:1 <name=l,type=int (id=7),value=<?>,index=23>
VW,context=Main#main:1,k=2
VD,method=Main#main:1 <name=ok,type=boolean (id=2),value=<?>,index=22>
VW,context=Main#main:1,ok=true
VW,context=Main#main:1,l=1
VW,context=Main#main:1,l=2
VW,context=Main#main:1,ok=false
VD,method=Main#main:1 <name=l,type=int (id=7),value=<?>,index=23>
VW,context=Main#main:1,k=3
VD,method=Main#main:1 <name=ok,type=boolean (id=2),value=<?>,index=22>
VW,context=Main#main:1,ok=true
VW,context=Main#main:1,l=1
VW,context=Main#main:1,ok=false
VD,method=Main#main:1 <name=l,type=int (id=7),value=<?>,index=23>
VW,context=Main#main:1,k=4
VD,method=Main#main:1 <name=ok,type=boolean (id=2),value=<?>,index=22>
VW,context=Main#main:1,ok=true
VW,context=Main#main:1,l=1
VW,context=Main#main:1,ok=false
VD,method=Main#main:1 <name=l,type=int (id=7),value=<?>,index=23>
VW,context=Main#main:1,k=5
VD,method=Main#main:1 <name=ok,type=boolean (id=2),value=<?>,index=22>
VW,context=Main#main:1,ok=true
VW,context=Main#main:1,l=1
VW,context=Main#main:1,ok=false
VD,method=Main#main:1 <name=l,type=int (id=7),value=<?>,index=23>
VW,context=Main#main:1,k=6
VD,method=Main#main:1 <name=ok,type=boolean (id=2),value=<?>,index=22>
VW,context=Main#main:1,ok=true
VW,context=Main#main:1,l=1
VW,context=Main#main:1,ok=false
VD,method=Main#main:1 <name=l,type=int (id=7),value=<?>,index=23>
VW,context=Main#main:1,k=7
VD,method=Main#main:1 <name=ok,type=boolean (id=2),value=<?>,index=22>
VW,context=Main#main:1,ok=true
VW,context=Main#main:1,k=8
VD,method=Main#main:1 <name=ok,type=boolean (id=2),value=<?>,index=22>
VW,context=Main#main:1,ok=true
VW,context=Main#main:1,k=9
VD,method=Main#main:1 <name=ok,type=boolean (id=2),value=<?>,index=22>
VW,context=Main#main:1,ok=true
VW,context=Main#main:1,k=10
VD,method=Main#main:1 <name=ok,type=boolean (id=2),value=<?>,index=22>
VW,context=Main#main:1,ok=true
VW,context=Main#main:1,k=11
VD,method=Main#main:1 <name=ok,type=boolean (id=2),value=<?>,index=22>
VW,context=Main#main:1,ok=true
VW,context=Main#main:1,k=12
VD,method=Main#main:1 <name=ok,type=boolean (id=2),value=<?>,index=22>
VW,context=Main#main:1,ok=true
VD,method=Main#main:1 <name=ok,type=boolean (id=2),value=<?>,index=22>
VD,method=Main#main:1 <name=k,type=int (id=7),value=<?>,index=21>
VW,context=Main#main:1,zz=1
VD,method=Main#main:1 <name=w,type=int (id=7),value=<?>,index=20>
VW,context=Main#main:1,w=1
VW,context=Main#main:1,k=0
VW,context=Main#main:1,ok=true
VW,context=Main#main:1,l=1
VW,context=Main#main:1,ok=false
VD,method=Main#main:1 <name=l,type=int (id=7),value=<?>,index=23>
VW,context=Main#main:1,k=1
VD,method=Main#main:1 <name=ok,type=boolean (id=2),value=<?>,index=22>
VW,context=Main#main:1,ok=true
VW,context=Main#main:1,l=1
VW,context=Main#main:1,ok=false
VD,method=Main#main:1 <name=l,type=int (id=7),value=<?>,index=23>
VW,context=Main#main:1,k=2
VD,method=Main#main:1 <name=ok,type=boolean (id=2),value=<?>,index=22>
VW,context=Main#main:1,ok=true
VW,context=Main#main:1,l=1
VW,context=Main#main:1,ok=false
VD,method=Main#main:1 <name=l,type=int (id=7),value=<?>,index=23>
VW,context=Main#main:1,k=3
VD,method=Main#main:1 <name=ok,type=boolean (id=2),value=<?>,index=22>
VW,context=Main#main:1,ok=true
VW,context=Main#main:1,l=1
VW,context=Main#main:1,ok=false
VD,method=Main#main:1 <name=l,type=int (id=7),value=<?>,index=23>
VW,context=Main#main:1,k=4
VD,method=Main#main:1 <name=ok,type=boolean (id=2),value=<?>,index=22>
VW,context=Main#main:1,ok=true
VW,context=Main#main:1,l=1
VW,context=Main#main:1,ok=false
VD,method=Main#main:1 <name=l,type=int (id=7),value=<?>,index=23>
VW,context=Main#main:1,k=5
VD,method=Main#main:1 <name=ok,type=boolean (id=2),value=<?>,index=22>
VW,context=Main#main:1,ok=true
VW,context=Main#main:1,l=1
VW,context=Main#main:1,ok=false
VD,method=Main#main:1 <name=l,type=int (id=7),value=<?>,index=23>
VW,context=Main#main:1,k=6
VD,method=Main#main:1 <name=ok,type=boolean (id=2),value=<?>,index=22>
VW,context=Main#main:1,ok=true
VW,context=Main#main:1,l=1
VW,context=Main#main:1,ok=false
VD,method=Main#main:1 <name=l,type=int (id=7),value=<?>,index=23>
VW,context=Main#main:1,k=7
VD,method=Main#main:1 <name=ok,type=boolean (id=2),value=<?>,index=22>
VW,context=Main#main:1,ok=true
VW,context=Main#main:1,k=8
VD,method=Main#main:1 <name=ok,type=boolean (id=2),value=<?>,index=22>
VW,context=Main#main:1,ok=true
VW,context=Main#main:1,k=9
VD,method=Main#main:1 <name=ok,type=boolean (id=2),value=<?>,index=22>
VW,context=Main#main:1,ok=true
VW,context=Main#main:1,k=10
VD,method=Main#main:1 <name=ok,type=boolean (id=2),value=<?>,index=22>
VW,context=Main#main:1,ok=true
VW,context=Main#main:1,k=11
VD,method=Main#main:1 <name=ok,type=boolean (id=2),value=<?>,index=22>
VW,context=Main#main:1,ok=true
VW,context=Main#main:1,k=12
VD,method=Main#main:1 <name=ok,type=boolean (id=2),value=<?>,index=22>
VW,context=Main#main:1,ok=true
VD,method=Main#main:1 <name=ok,type=boolean (id=2),value=<?>,index=22>
VD,method=Main#main:1 <name=k,type=int (id=7),value=<?>,index=21>
VW,context=Main#main:1,zz=2
VD,method=Main#main:1 <name=w,type=int (id=7),value=<?>,index=20>
VW,context=Main#main:1,zz=3
VD,method=Main#main:1 <name=zz,type=int (id=7),value=<?>,index=19>
VW,context=Main#main:1,yy=1
VW,context=Main#main:1,zz=0
VW,context=Main#main:1,zz=1
VW,context=Main#main:1,zz=2
VW,context=Main#main:1,zz=3
VD,method=Main#main:1 <name=zz,type=int (id=7),value=<?>,index=19>
VW,context=Main#main:1,yy=2
VW,context=Main#main:1,zz=0
VW,context=Main#main:1,zz=1
VW,context=Main#main:1,zz=2
VW,context=Main#main:1,zz=3
VD,method=Main#main:1 <name=zz,type=int (id=7),value=<?>,index=19>
VW,context=Main#main:1,yy=3
VW,context=Main#main:1,zz=0
VW,context=Main#main:1,zz=1
VW,context=Main#main:1,zz=2
VW,context=Main#main:1,zz=3
VD,method=Main#main:1 <name=zz,type=int (id=7),value=<?>,index=19>
VD,method=Main#main:1 <name=yy,type=int (id=7),value=<?>,index=18>
VW,context=Main#main:1,xx=1
VW,context=Main#main:1,yy=0
VW,context=Main#main:1,zz=0
VW,context=Main#main:1,zz=1
VW,context=Main#main:1,zz=2
VW,context=Main#main:1,zz=3
VD,method=Main#main:1 <name=zz,type=int (id=7),value=<?>,index=19>
VW,context=Main#main:1,yy=1
VW,context=Main#main:1,zz=0
VW,context=Main#main:1,w=2
VW,context=Main#main:1,k=0
VW,context=Main#main:1,ok=true
VW,context=Main#main:1,l=1
VW,context=Main#main:1,ok=false
VD,method=Main#main:1 <name=l,type=int (id=7),value=<?>,index=23>
VW,context=Main#main:1,k=1
VD,method=Main#main:1 <name=ok,type=boolean (id=2),value=<?>,index=22>
VW,context=Main#main:1,ok=true
VW,context=Main#main:1,l=1
VW,context=Main#main:1,ok=false
VD,method=Main#main:1 <name=l,type=int (id=7),value=<?>,index=23>
VW,context=Main#main:1,k=2
VD,method=Main#main:1 <name=ok,type=boolean (id=2),value=<?>,index=22>
VW,context=Main#main:1,ok=true
VW,context=Main#main:1,l=1
VW,context=Main#main:1,ok=false
VD,method=Main#main:1 <name=l,type=int (id=7),value=<?>,index=23>
VW,context=Main#main:1,k=3
VD,method=Main#main:1 <name=ok,type=boolean (id=2),value=<?>,index=22>
VW,context=Main#main:1,ok=true
VW,context=Main#main:1,l=1
VW,context=Main#main:1,ok=false
VD,method=Main#main:1 <name=l,type=int (id=7),value=<?>,index=23>
VW,context=Main#main:1,k=4
VD,method=Main#main:1 <name=ok,type=boolean (id=2),value=<?>,index=22>
VW,context=Main#main:1,ok=true
VW,context=Main#main:1,l=1
VW,context=Main#main:1,ok=false
VD,method=Main#main:1 <name=l,type=int (id=7),value=<?>,index=23>
VW,context=Main#main:1,k=5
VD,method=Main#main:1 <name=ok,type=boolean (id=2),value=<?>,index=22>
VW,context=Main#main:1,ok=true
VW,context=Main#main:1,l=1
VW,context=Main#main:1,ok=false
VD,method=Main#main:1 <name=l,type=int (id=7),value=<?>,index=23>
VW,context=Main#main:1,k=6
VD,method=Main#main:1 <name=ok,type=boolean (id=2),value=<?>,index=22>
VW,context=Main#main:1,ok=true
VW,context=Main#main:1,l=1
VW,context=Main#main:1,ok=false
VD,method=Main#main:1 <name=l,type=int (id=7),value=<?>,index=23>
VW,context=Main#main:1,k=7
VD,method=Main#main:1 <name=ok,type=boolean (id=2),value=<?>,index=22>
VW,context=Main#main:1,ok=true
VW,context=Main#main:1,k=8
VD,method=Main#main:1 <name=ok,type=boolean (id=2),value=<?>,index=22>
VW,context=Main#main:1,ok=true
VW,context=Main#main:1,k=9
VD,method=Main#main:1 <name=ok,type=boolean (id=2),value=<?>,index=22>
VW,context=Main#main:1,ok=true
VW,context=Main#main:1,k=10
VD,method=Main#main:1 <name=ok,type=boolean (id=2),value=<?>,index=22>
VW,context=Main#main:1,ok=true
VW,context=Main#main:1,k=11
VD,method=Main#main:1 <name=ok,type=boolean (id=2),value=<?>,index=22>
VW,context=Main#main:1,ok=true
VW,context=Main#main:1,k=12
VD,method=Main#main:1 <name=ok,type=boolean (id=2),value=<?>,index=22>
VW,context=Main#main:1,ok=true
VD,method=Main#main:1 <name=ok,type=boolean (id=2),value=<?>,index=22>
VD,method=Main#main:1 <name=k,type=int (id=7),value=<?>,index=21>
VW,context=Main#main:1,zz=1
VD,method=Main#main:1 <name=w,type=int (id=7),value=<?>,index=20>
VW,context=Main#main:1,zz=2
VW,context=Main#main:1,zz=3
VD,method=Main#main:1 <name=zz,type=int (id=7),value=<?>,index=19>
VW,context=Main#main:1,yy=2
VW,context=Main#main:1,zz=0
VW,context=Main#main:1,zz=1
VW,context=Main#main:1,zz=2
VW,context=Main#main:1,zz=3
VD,method=Main#main:1 <name=zz,type=int (id=7),value=<?>,index=19>
VW,context=Main#main:1,yy=3
VW,context=Main#main:1,zz=0
VW,context=Main#main:1,zz=1
VW,context=Main#main:1,zz=2
VW,context=Main#main:1,zz=3
VD,method=Main#main:1 <name=zz,type=int (id=7),value=<?>,index=19>
VD,method=Main#main:1 <name=yy,type=int (id=7),value=<?>,index=18>
VW,context=Main#main:1,xx=2
VW,context=Main#main:1,yy=0
VW,context=Main#main:1,zz=0
VW,context=Main#main:1,zz=1
VW,context=Main#main:1,zz=2
VW,context=Main#main:1,zz=3
VD,method=Main#main:1 <name=zz,type=int (id=7),value=<?>,index=19>
VW,context=Main#main:1,yy=1
VW,context=Main#main:1,zz=0
VW,context=Main#main:1,zz=1
VW,context=Main#main:1,zz=2
VW,context=Main#main:1,zz=3
VD,method=Main#main:1 <name=zz,type=int (id=7),value=<?>,index=19>
VW,context=Main#main:1,yy=2
VW,context=Main#main:1,zz=0
VW,context=Main#main:1,zz=1
VW,context=Main#main:1,zz=2
VW,context=Main#main:1,zz=3
VD,method=Main#main:1 <name=zz,type=int (id=7),value=<?>,index=19>
VW,context=Main#main:1,yy=3
VW,context=Main#main:1,zz=0
VW,context=Main#main:1,zz=1
VW,context=Main#main:1,zz=2
VW,context=Main#main:1,zz=3
VD,method=Main#main:1 <name=zz,type=int (id=7),value=<?>,index=19>
VD,method=Main#main:1 <name=yy,type=int (id=7),value=<?>,index=18>
VW,context=Main#main:1,xx=3
VW,context=Main#main:1,yy=0
VW,context=Main#main:1,zz=0
VW,context=Main#main:1,zz=1
VW,context=Main#main:1,zz=2
VW,context=Main#main:1,zz=3
VD,method=Main#main:1 <name=zz,type=int (id=7),value=<?>,index=19>
VW,context=Main#main:1,yy=1
VW,context=Main#main:1,zz=0
VW,context=Main#main:1,zz=1
VW,context=Main#main:1,zz=2
VW,context=Main#main:1,zz=3
VD,method=Main#main:1 <name=zz,type=int (id=7),value=<?>,index=19>
VW,context=Main#main:1,yy=2
VW,context=Main#main:1,zz=0
VW,context=Main#main:1,zz=1
VW,context=Main#main:1,zz=2
VW,context=Main#main:1,zz=3
VD,method=Main#main:1 <name=zz,type=int (id=7),value=<?>,index=19>
VW,context=Main#main:1,yy=3
VW,context=Main#main:1,zz=0
VW,context=Main#main:1,zz=1
VW,context=Main#main:1,zz=2
VW,context=Main#main:1,zz=3
VD,method=Main#main:1 <name=zz,type=int (id=7),value=<?>,index=19>
VD,method=Main#main:1 <name=yy,type=int (id=7),value=<?>,index=18>
VD,method=Main#main:1 <name=xx,type=int (id=7),value=<?>,index=17>
VW,context=Main#main:1,now=2
VW,context=Main#main:1,i=3
VW,context=Main#main:1,j=0
VW,context=Main#main:1,map=int[][][]:3
VD,method=Main#main:1 <name=j,type=int (id=7),value=<?>,index=16>
VW,context=Main#main:1,xx=0
VW,context=Main#main:1,yy=0
VW,context=Main#main:1,zz=0
VW,context=Main#main:1,w=1
VW,context=Main#main:1,k=0
VW,context=Main#main:1,ok=true
VW,context=Main#main:1,l=1
VW,context=Main#main:1,ok=false
VD,method=Main#main:1 <name=l,type=int (id=7),value=<?>,index=23>
VW,context=Main#main:1,k=1
VD,method=Main#main:1 <name=ok,type=boolean (id=2),value=<?>,index=22>
VW,context=Main#main:1,ok=true
VW,context=Main#main:1,l=1
VW,context=Main#main:1,ok=false
VD,method=Main#main:1 <name=l,type=int (id=7),value=<?>,index=23>
VW,context=Main#main:1,k=2
VD,method=Main#main:1 <name=ok,type=boolean (id=2),value=<?>,index=22>
VW,context=Main#main:1,ok=true
VW,context=Main#main:1,l=1
VW,context=Main#main:1,l=2
VW,context=Main#main:1,ok=false
VD,method=Main#main:1 <name=l,type=int (id=7),value=<?>,index=23>
VW,context=Main#main:1,k=3
VD,method=Main#main:1 <name=ok,type=boolean (id=2),value=<?>,index=22>
VW,context=Main#main:1,ok=true
VW,context=Main#main:1,l=1
VW,context=Main#main:1,ok=false
VD,method=Main#main:1 <name=l,type=int (id=7),value=<?>,index=23>
VW,context=Main#main:1,k=4
VD,method=Main#main:1 <name=ok,type=boolean (id=2),value=<?>,index=22>
VW,context=Main#main:1,ok=true
VW,context=Main#main:1,l=1
VW,context=Main#main:1,ok=false
VD,method=Main#main:1 <name=l,type=int (id=7),value=<?>,index=23>
VW,context=Main#main:1,k=5
VD,method=Main#main:1 <name=ok,type=boolean (id=2),value=<?>,index=22>
VW,context=Main#main:1,ok=true
VW,context=Main#main:1,l=1
VW,context=Main#main:1,ok=false
VD,method=Main#main:1 <name=l,type=int (id=7),value=<?>,index=23>
VW,context=Main#main:1,k=6
VD,method=Main#main:1 <name=ok,type=boolean (id=2),value=<?>,index=22>
VW,context=Main#main:1,ok=true
VW,context=Main#main:1,l=1
VW,context=Main#main:1,ok=false
VD,method=Main#main:1 <name=l,type=int (id=7),value=<?>,index=23>
VW,context=Main#main:1,k=7
VD,method=Main#main:1 <name=ok,type=boolean (id=2),value=<?>,index=22>
VW,context=Main#main:1,ok=true
VW,context=Main#main:1,k=8
VD,method=Main#main:1 <name=ok,type=boolean (id=2),value=<?>,index=22>
VW,context=Main#main:1,ok=true
VW,context=Main#main:1,k=9
VD,method=Main#main:1 <name=ok,type=boolean (id=2),value=<?>,index=22>
VW,context=Main#main:1,ok=true
VW,context=Main#main:1,k=10
VD,method=Main#main:1 <name=ok,type=boolean (id=2),value=<?>,index=22>
VW,context=Main#main:1,ok=true
VW,context=Main#main:1,k=11
VD,method=Main#main:1 <name=ok,type=boolean (id=2),value=<?>,index=22>
VW,context=Main#main:1,ok=true
VW,context=Main#main:1,k=12
VD,method=Main#main:1 <name=ok,type=boolean (id=2),value=<?>,index=22>
VW,context=Main#main:1,ok=true
VD,method=Main#main:1 <name=ok,type=boolean (id=2),value=<?>,index=22>
VD,method=Main#main:1 <name=k,type=int (id=7),value=<?>,index=21>
VW,context=Main#main:1,zz=1
VD,method=Main#main:1 <name=w,type=int (id=7),value=<?>,index=20>
VW,context=Main#main:1,w=1
VW,context=Main#main:1,k=0
VW,context=Main#main:1,ok=true
VW,context=Main#main:1,l=1
VW,context=Main#main:1,ok=false
VD,method=Main#main:1 <name=l,type=int (id=7),value=<?>,index=23>
VW,context=Main#main:1,k=1
VD,method=Main#main:1 <name=ok,type=boolean (id=2),value=<?>,index=22>
VW,context=Main#main:1,ok=true
VW,context=Main#main:1,l=1
VW,context=Main#main:1,ok=false
VD,method=Main#main:1 <name=l,type=int (id=7),value=<?>,index=23>
VW,context=Main#main:1,k=2
VD,method=Main#main:1 <name=ok,type=boolean (id=2),value=<?>,index=22>
VW,context=Main#main:1,ok=true
VW,context=Main#main:1,l=1
VW,context=Main#main:1,ok=false
VD,method=Main#main:1 <name=l,type=int (id=7),value=<?>,index=23>
VW,context=Main#main:1,k=3
VD,method=Main#main:1 <name=ok,type=boolean (id=2),value=<?>,index=22>
VW,context=Main#main:1,ok=true
VW,context=Main#main:1,l=1
VW,context=Main#main:1,ok=false
VD,method=Main#main:1 <name=l,type=int (id=7),value=<?>,index=23>
VW,context=Main#main:1,k=4
VD,method=Main#main:1 <name=ok,type=boolean (id=2),value=<?>,index=22>
VW,context=Main#main:1,ok=true
VW,context=Main#main:1,l=1
VW,context=Main#main:1,ok=false
VD,method=Main#main:1 <name=l,type=int (id=7),value=<?>,index=23>
VW,context=Main#main:1,k=5
VD,method=Main#main:1 <name=ok,type=boolean (id=2),value=<?>,index=22>
VW,context=Main#main:1,ok=true
VW,context=Main#main:1,l=1
VW,context=Main#main:1,ok=false
VD,method=Main#main:1 <name=l,type=int (id=7),value=<?>,index=23>
VW,context=Main#main:1,k=6
VD,method=Main#main:1 <name=ok,type=boolean (id=2),value=<?>,index=22>
VW,context=Main#main:1,ok=true
VW,context=Main#main:1,l=1
VW,context=Main#main:1,ok=false
VD,method=Main#main:1 <name=l,type=int (id=7),value=<?>,index=23>
VW,context=Main#main:1,k=7
VD,method=Main#main:1 <name=ok,type=boolean (id=2),value=<?>,index=22>
VW,context=Main#main:1,ok=true
VW,context=Main#main:1,k=8
VD,method=Main#main:1 <name=ok,type=boolean (id=2),value=<?>,index=22>
VW,context=Main#main:1,ok=true
VW,context=Main#main:1,k=9
VD,method=Main#main:1 <name=ok,type=boolean (id=2),value=<?>,index=22>
VW,context=Main#main:1,ok=true
VW,context=Main#main:1,k=10
VD,method=Main#main:1 <name=ok,type=boolean (id=2),value=<?>,index=22>
VW,context=Main#main:1,ok=true
VW,context=Main#main:1,k=11
VD,method=Main#main:1 <name=ok,type=boolean (id=2),value=<?>,index=22>
VW,context=Main#main:1,ok=true
VW,context=Main#main:1,k=12
VD,method=Main#main:1 <name=ok,type=boolean (id=2),value=<?>,index=22>
VW,context=Main#main:1,ok=true
VD,method=Main#main:1 <name=ok,type=boolean (id=2),value=<?>,index=22>
VD,method=Main#main:1 <name=k,type=int (id=7),value=<?>,index=21>
VW,context=Main#main:1,zz=2
VD,method=Main#main:1 <name=w,type=int (id=7),value=<?>,index=20>
VW,context=Main#main:1,zz=3
VD,method=Main#main:1 <name=zz,type=int (id=7),value=<?>,index=19>
VW,context=Main#main:1,yy=1
VW,context=Main#main:1,zz=0
VW,context=Main#main:1,zz=1
VW,context=Main#main:1,zz=2
VW,context=Main#main:1,zz=3
VD,method=Main#main:1 <name=zz,type=int (id=7),value=<?>,index=19>
VW,context=Main#main:1,yy=2
VW,context=Main#main:1,zz=0
VW,context=Main#main:1,zz=1
VW,context=Main#main:1,zz=2
VW,context=Main#main:1,zz=3
VD,method=Main#main:1 <name=zz,type=int (id=7),value=<?>,index=19>
VW,context=Main#main:1,yy=3
VW,context=Main#main:1,zz=0
VW,context=Main#main:1,zz=1
VW,context=Main#main:1,zz=2
VW,context=Main#main:1,zz=3
VD,method=Main#main:1 <name=zz,type=int (id=7),value=<?>,index=19>
VD,method=Main#main:1 <name=yy,type=int (id=7),value=<?>,index=18>
VW,context=Main#main:1,xx=1
VW,context=Main#main:1,yy=0
VW,context=Main#main:1,zz=0
VW,context=Main#main:1,zz=1
VW,context=Main#main:1,zz=2
VW,context=Main#main:1,zz=3
VD,method=Main#main:1 <name=zz,type=int (id=7),value=<?>,index=19>
VW,context=Main#main:1,yy=1
VW,context=Main#main:1,zz=0
VW,context=Main#main:1,w=2
VW,context=Main#main:1,k=0
VW,context=Main#main:1,ok=true
VW,context=Main#main:1,l=1
VW,context=Main#main:1,ok=false
VD,method=Main#main:1 <name=l,type=int (id=7),value=<?>,index=23>
VW,context=Main#main:1,k=1
VD,method=Main#main:1 <name=ok,type=boolean (id=2),value=<?>,index=22>
VW,context=Main#main:1,ok=true
VW,context=Main#main:1,l=1
VW,context=Main#main:1,ok=false
VD,method=Main#main:1 <name=l,type=int (id=7),value=<?>,index=23>
VW,context=Main#main:1,k=2
VD,method=Main#main:1 <name=ok,type=boolean (id=2),value=<?>,index=22>
VW,context=Main#main:1,ok=true
VW,context=Main#main:1,l=1
VW,context=Main#main:1,ok=false
VD,method=Main#main:1 <name=l,type=int (id=7),value=<?>,index=23>
VW,context=Main#main:1,k=3
VD,method=Main#main:1 <name=ok,type=boolean (id=2),value=<?>,index=22>
VW,context=Main#main:1,ok=true
VW,context=Main#main:1,l=1
VW,context=Main#main:1,ok=false
VD,method=Main#main:1 <name=l,type=int (id=7),value=<?>,index=23>
VW,context=Main#main:1,k=4
VD,method=Main#main:1 <name=ok,type=boolean (id=2),value=<?>,index=22>
VW,context=Main#main:1,ok=true
VW,context=Main#main:1,l=1
VW,context=Main#main:1,ok=false
VD,method=Main#main:1 <name=l,type=int (id=7),value=<?>,index=23>
VW,context=Main#main:1,k=5
VD,method=Main#main:1 <name=ok,type=boolean (id=2),value=<?>,index=22>
VW,context=Main#main:1,ok=true
VW,context=Main#main:1,l=1
VW,context=Main#main:1,l=2
VW,context=Main#main:1,ok=false
VD,method=Main#main:1 <name=l,type=int (id=7),value=<?>,index=23>
VW,context=Main#main:1,k=6
VD,method=Main#main:1 <name=ok,type=boolean (id=2),value=<?>,index=22>
VW,context=Main#main:1,ok=true
VW,context=Main#main:1,l=1
VW,context=Main#main:1,ok=false
VD,method=Main#main:1 <name=l,type=int (id=7),value=<?>,index=23>
VW,context=Main#main:1,k=7
VD,method=Main#main:1 <name=ok,type=boolean (id=2),value=<?>,index=22>
VW,context=Main#main:1,ok=true
VW,context=Main#main:1,k=8
VD,method=Main#main:1 <name=ok,type=boolean (id=2),value=<?>,index=22>
VW,context=Main#main:1,ok=true
VW,context=Main#main:1,k=9
VD,method=Main#main:1 <name=ok,type=boolean (id=2),value=<?>,index=22>
VW,context=Main#main:1,ok=true
VW,context=Main#main:1,k=10
VD,method=Main#main:1 <name=ok,type=boolean (id=2),value=<?>,index=22>
VW,context=Main#main:1,ok=true
VW,context=Main#main:1,k=11
VD,method=Main#main:1 <name=ok,type=boolean (id=2),value=<?>,index=22>
VW,context=Main#main:1,ok=true
VW,context=Main#main:1,k=12
VD,method=Main#main:1 <name=ok,type=boolean (id=2),value=<?>,index=22>
VW,context=Main#main:1,ok=true
VD,method=Main#main:1 <name=ok,type=boolean (id=2),value=<?>,index=22>
VD,method=Main#main:1 <name=k,type=int (id=7),value=<?>,index=21>
VW,context=Main#main:1,zz=1
VD,method=Main#main:1 <name=w,type=int (id=7),value=<?>,index=20>
VW,context=Main#main:1,zz=2
VW,context=Main#main:1,zz=3
VD,method=Main#main:1 <name=zz,type=int (id=7),value=<?>,index=19>
VW,context=Main#main:1,yy=2
VW,context=Main#main:1,zz=0
VW,context=Main#main:1,zz=1
VW,context=Main#main:1,zz=2
VW,context=Main#main:1,zz=3
VD,method=Main#main:1 <name=zz,type=int (id=7),value=<?>,index=19>
VW,context=Main#main:1,yy=3
VW,context=Main#main:1,zz=0
VW,context=Main#main:1,zz=1
VW,context=Main#main:1,zz=2
VW,context=Main#main:1,zz=3
VD,method=Main#main:1 <name=zz,type=int (id=7),value=<?>,index=19>
VD,method=Main#main:1 <name=yy,type=int (id=7),value=<?>,index=18>
VW,context=Main#main:1,xx=2
VW,context=Main#main:1,yy=0
VW,context=Main#main:1,zz=0
VW,context=Main#main:1,zz=1
VW,context=Main#main:1,zz=2
VW,context=Main#main:1,zz=3
VD,method=Main#main:1 <name=zz,type=int (id=7),value=<?>,index=19>
VW,context=Main#main:1,yy=1
VW,context=Main#main:1,zz=0
VW,context=Main#main:1,zz=1
VW,context=Main#main:1,zz=2
VW,context=Main#main:1,zz=3
VD,method=Main#main:1 <name=zz,type=int (id=7),value=<?>,index=19>
VW,context=Main#main:1,yy=2
VW,context=Main#main:1,zz=0
VW,context=Main#main:1,w=2
VW,context=Main#main:1,k=0
VW,context=Main#main:1,ok=true
VW,context=Main#main:1,k=1
VD,method=Main#main:1 <name=ok,type=boolean (id=2),value=<?>,index=22>
VW,context=Main#main:1,ok=true
VW,context=Main#main:1,k=2
VD,method=Main#main:1 <name=ok,type=boolean (id=2),value=<?>,index=22>
VW,context=Main#main:1,ok=true
VW,context=Main#main:1,l=1
VW,context=Main#main:1,ok=false
VD,method=Main#main:1 <name=l,type=int (id=7),value=<?>,index=23>
VW,context=Main#main:1,k=3
VD,method=Main#main:1 <name=ok,type=boolean (id=2),value=<?>,index=22>
VW,context=Main#main:1,ok=true
VW,context=Main#main:1,k=4
VD,method=Main#main:1 <name=ok,type=boolean (id=2),value=<?>,index=22>
VW,context=Main#main:1,ok=true
VW,context=Main#main:1,k=5
VD,method=Main#main:1 <name=ok,type=boolean (id=2),value=<?>,index=22>
VW,context=Main#main:1,ok=true
VW,context=Main#main:1,k=6
VD,method=Main#main:1 <name=ok,type=boolean (id=2),value=<?>,index=22>
VW,context=Main#main:1,ok=true
VW,context=Main#main:1,k=7
VD,method=Main#main:1 <name=ok,type=boolean (id=2),value=<?>,index=22>
VW,context=Main#main:1,ok=true
VW,context=Main#main:1,k=8
VD,method=Main#main:1 <name=ok,type=boolean (id=2),value=<?>,index=22>
VW,context=Main#main:1,ok=true
VW,context=Main#main:1,k=9
VD,method=Main#main:1 <name=ok,type=boolean (id=2),value=<?>,index=22>
VW,context=Main#main:1,ok=true
VW,context=Main#main:1,k=10
VD,method=Main#main:1 <name=ok,type=boolean (id=2),value=<?>,index=22>
VW,context=Main#main:1,ok=true
VW,context=Main#main:1,k=11
VD,method=Main#main:1 <name=ok,type=boolean (id=2),value=<?>,index=22>
VW,context=Main#main:1,ok=true
VW,context=Main#main:1,k=12
VD,method=Main#main:1 <name=ok,type=boolean (id=2),value=<?>,index=22>
VW,context=Main#main:1,ok=true
VD,method=Main#main:1 <name=ok,type=boolean (id=2),value=<?>,index=22>
VD,method=Main#main:1 <name=k,type=int (id=7),value=<?>,index=21>
VW,context=Main#main:1,zz=1
VD,method=Main#main:1 <name=w,type=int (id=7),value=<?>,index=20>
VW,context=Main#main:1,zz=2
VW,context=Main#main:1,zz=3
VD,method=Main#main:1 <name=zz,type=int (id=7),value=<?>,index=19>
VW,context=Main#main:1,yy=3
VW,context=Main#main:1,zz=0
VW,context=Main#main:1,zz=1
VW,context=Main#main:1,zz=2
VW,context=Main#main:1,zz=3
VD,method=Main#main:1 <name=zz,type=int (id=7),value=<?>,index=19>
VD,method=Main#main:1 <name=yy,type=int (id=7),value=<?>,index=18>
VW,context=Main#main:1,xx=3
VW,context=Main#main:1,yy=0
VW,context=Main#main:1,zz=0
VW,context=Main#main:1,zz=1
VW,context=Main#main:1,zz=2
VW,context=Main#main:1,zz=3
VD,method=Main#main:1 <name=zz,type=int (id=7),value=<?>,index=19>
VW,context=Main#main:1,yy=1
VW,context=Main#main:1,zz=0
VW,context=Main#main:1,zz=1
VW,context=Main#main:1,zz=2
VW,context=Main#main:1,zz=3
VD,method=Main#main:1 <name=zz,type=int (id=7),value=<?>,index=19>
VW,context=Main#main:1,yy=2
VW,context=Main#main:1,zz=0
VW,context=Main#main:1,zz=1
VW,context=Main#main:1,zz=2
VW,context=Main#main:1,zz=3
VD,method=Main#main:1 <name=zz,type=int (id=7),value=<?>,index=19>
VW,context=Main#main:1,yy=3
VW,context=Main#main:1,zz=0
VW,context=Main#main:1,zz=1
VW,context=Main#main:1,zz=2
VW,context=Main#main:1,zz=3
VD,method=Main#main:1 <name=zz,type=int (id=7),value=<?>,index=19>
VD,method=Main#main:1 <name=yy,type=int (id=7),value=<?>,index=18>
VD,method=Main#main:1 <name=xx,type=int (id=7),value=<?>,index=17>
VW,context=Main#main:1,now=1
VW,context=Main#main:1,i=4
VW,context=Main#main:1,j=0
VW,context=Main#main:1,j=1
VW,context=Main#main:1,map=int[][][]:3
VD,method=Main#main:1 <name=j,type=int (id=7),value=<?>,index=16>
VW,context=Main#main:1,xx=0
VW,context=Main#main:1,yy=0
VW,context=Main#main:1,zz=0
VW,context=Main#main:1,w=1
VW,context=Main#main:1,k=0
VW,context=Main#main:1,ok=true
VW,context=Main#main:1,l=1
VW,context=Main#main:1,ok=false
VD,method=Main#main:1 <name=l,type=int (id=7),value=<?>,index=23>
VW,context=Main#main:1,k=1
VD,method=Main#main:1 <name=ok,type=boolean (id=2),value=<?>,index=22>
VW,context=Main#main:1,ok=true
VW,context=Main#main:1,l=1
VW,context=Main#main:1,ok=false
VD,method=Main#main:1 <name=l,type=int (id=7),value=<?>,index=23>
VW,context=Main#main:1,k=2
VD,method=Main#main:1 <name=ok,type=boolean (id=2),value=<?>,index=22>
VW,context=Main#main:1,ok=true
VW,context=Main#main:1,l=1
VW,context=Main#main:1,l=2
VW,context=Main#main:1,ok=false
VD,method=Main#main:1 <name=l,type=int (id=7),value=<?>,index=23>
VW,context=Main#main:1,k=3
VD,method=Main#main:1 <name=ok,type=boolean (id=2),value=<?>,index=22>
VW,context=Main#main:1,ok=true
VW,context=Main#main:1,l=1
VW,context=Main#main:1,ok=false
VD,method=Main#main:1 <name=l,type=int (id=7),value=<?>,index=23>
VW,context=Main#main:1,k=4
VD,method=Main#main:1 <name=ok,type=boolean (id=2),value=<?>,index=22>
VW,context=Main#main:1,ok=true
VW,context=Main#main:1,l=1
VW,context=Main#main:1,ok=false
VD,method=Main#main:1 <name=l,type=int (id=7),value=<?>,index=23>
VW,context=Main#main:1,k=5
VD,method=Main#main:1 <name=ok,type=boolean (id=2),value=<?>,index=22>
VW,context=Main#main:1,ok=true
VW,context=Main#main:1,l=1
VW,context=Main#main:1,ok=false
VD,method=Main#main:1 <name=l,type=int (id=7),value=<?>,index=23>
VW,context=Main#main:1,k=6
VD,method=Main#main:1 <name=ok,type=boolean (id=2),value=<?>,index=22>
VW,context=Main#main:1,ok=true
VW,context=Main#main:1,l=1
VW,context=Main#main:1,ok=false
VD,method=Main#main:1 <name=l,type=int (id=7),value=<?>,index=23>
VW,context=Main#main:1,k=7
VD,method=Main#main:1 <name=ok,type=boolean (id=2),value=<?>,index=22>
VW,context=Main#main:1,ok=true
VW,context=Main#main:1,k=8
VD,method=Main#main:1 <name=ok,type=boolean (id=2),value=<?>,index=22>
VW,context=Main#main:1,ok=true
VW,context=Main#main:1,k=9
VD,method=Main#main:1 <name=ok,type=boolean (id=2),value=<?>,index=22>
VW,context=Main#main:1,ok=true
VW,context=Main#main:1,k=10
VD,method=Main#main:1 <name=ok,type=boolean (id=2),value=<?>,index=22>
VW,context=Main#main:1,ok=true
VW,context=Main#main:1,k=11
VD,method=Main#main:1 <name=ok,type=boolean (id=2),value=<?>,index=22>
VW,context=Main#main:1,ok=true
VW,context=Main#main:1,k=12
VD,method=Main#main:1 <name=ok,type=boolean (id=2),value=<?>,index=22>
VW,context=Main#main:1,ok=true
VD,method=Main#main:1 <name=ok,type=boolean (id=2),value=<?>,index=22>
VD,method=Main#main:1 <name=k,type=int (id=7),value=<?>,index=21>
VW,context=Main#main:1,zz=1
VD,method=Main#main:1 <name=w,type=int (id=7),value=<?>,index=20>
VW,context=Main#main:1,w=1
VW,context=Main#main:1,k=0
VW,context=Main#main:1,ok=true
VW,context=Main#main:1,l=1
VW,context=Main#main:1,ok=false
VD,method=Main#main:1 <name=l,type=int (id=7),value=<?>,index=23>
VW,context=Main#main:1,k=1
VD,method=Main#main:1 <name=ok,type=boolean (id=2),value=<?>,index=22>
VW,context=Main#main:1,ok=true
VW,context=Main#main:1,l=1
VW,context=Main#main:1,ok=false
VD,method=Main#main:1 <name=l,type=int (id=7),value=<?>,index=23>
VW,context=Main#main:1,k=2
VD,method=Main#main:1 <name=ok,type=boolean (id=2),value=<?>,index=22>
VW,context=Main#main:1,ok=true
VW,context=Main#main:1,l=1
VW,context=Main#main:1,ok=false
VD,method=Main#main:1 <name=l,type=int (id=7),value=<?>,index=23>
VW,context=Main#main:1,k=3
VD,method=Main#main:1 <name=ok,type=boolean (id=2),value=<?>,index=22>
VW,context=Main#main:1,ok=true
VW,context=Main#main:1,l=1
VW,context=Main#main:1,ok=false
VD,method=Main#main:1 <name=l,type=int (id=7),value=<?>,index=23>
VW,context=Main#main:1,k=4
VD,method=Main#main:1 <name=ok,type=boolean (id=2),value=<?>,index=22>
VW,context=Main#main:1,ok=true
VW,context=Main#main:1,l=1
VW,context=Main#main:1,ok=false
VD,method=Main#main:1 <name=l,type=int (id=7),value=<?>,index=23>
VW,context=Main#main:1,k=5
VD,method=Main#main:1 <name=ok,type=boolean (id=2),value=<?>,index=22>
VW,context=Main#main:1,ok=true
VW,context=Main#main:1,l=1
VW,context=Main#main:1,ok=false
VD,method=Main#main:1 <name=l,type=int (id=7),value=<?>,index=23>
VW,context=Main#main:1,k=6
VD,method=Main#main:1 <name=ok,type=boolean (id=2),value=<?>,index=22>
VW,context=Main#main:1,ok=true
VW,context=Main#main:1,l=1
VW,context=Main#main:1,ok=false
VD,method=Main#main:1 <name=l,type=int (id=7),value=<?>,index=23>
VW,context=Main#main:1,k=7
VD,method=Main#main:1 <name=ok,type=boolean (id=2),value=<?>,index=22>
VW,context=Main#main:1,ok=true
VW,context=Main#main:1,k=8
VD,method=Main#main:1 <name=ok,type=boolean (id=2),value=<?>,index=22>
VW,context=Main#main:1,ok=true
VW,context=Main#main:1,k=9
VD,method=Main#main:1 <name=ok,type=boolean (id=2),value=<?>,index=22>
VW,context=Main#main:1,ok=true
VW,context=Main#main:1,k=10
VD,method=Main#main:1 <name=ok,type=boolean (id=2),value=<?>,index=22>
VW,context=Main#main:1,ok=true
VW,context=Main#main:1,k=11
VD,method=Main#main:1 <name=ok,type=boolean (id=2),value=<?>,index=22>
VW,context=Main#main:1,ok=true
VW,context=Main#main:1,k=12
VD,method=Main#main:1 <name=ok,type=boolean (id=2),value=<?>,index=22>
VW,context=Main#main:1,ok=true
VD,method=Main#main:1 <name=ok,type=boolean (id=2),value=<?>,index=22>
VD,method=Main#main:1 <name=k,type=int (id=7),value=<?>,index=21>
VW,context=Main#main:1,zz=2
VD,method=Main#main:1 <name=w,type=int (id=7),value=<?>,index=20>
VW,context=Main#main:1,zz=3
VD,method=Main#main:1 <name=zz,type=int (id=7),value=<?>,index=19>
VW,context=Main#main:1,yy=1
VW,context=Main#main:1,zz=0
VW,context=Main#main:1,zz=1
VW,context=Main#main:1,zz=2
VW,context=Main#main:1,zz=3
VD,method=Main#main:1 <name=zz,type=int (id=7),value=<?>,index=19>
VW,context=Main#main:1,yy=2
VW,context=Main#main:1,zz=0
VW,context=Main#main:1,zz=1
VW,context=Main#main:1,zz=2
VW,context=Main#main:1,zz=3
VD,method=Main#main:1 <name=zz,type=int (id=7),value=<?>,index=19>
VW,context=Main#main:1,yy=3
VW,context=Main#main:1,zz=0
VW,context=Main#main:1,zz=1
VW,context=Main#main:1,zz=2
VW,context=Main#main:1,zz=3
VD,method=Main#main:1 <name=zz,type=int (id=7),value=<?>,index=19>
VD,method=Main#main:1 <name=yy,type=int (id=7),value=<?>,index=18>
VW,context=Main#main:1,xx=1
VW,context=Main#main:1,yy=0
VW,context=Main#main:1,zz=0
VW,context=Main#main:1,zz=1
VW,context=Main#main:1,zz=2
VW,context=Main#main:1,zz=3
VD,method=Main#main:1 <name=zz,type=int (id=7),value=<?>,index=19>
VW,context=Main#main:1,yy=1
VW,context=Main#main:1,zz=0
VW,context=Main#main:1,w=2
VW,context=Main#main:1,k=0
VW,context=Main#main:1,ok=true
VW,context=Main#main:1,l=1
VW,context=Main#main:1,ok=false
VD,method=Main#main:1 <name=l,type=int (id=7),value=<?>,index=23>
VW,context=Main#main:1,k=1
VD,method=Main#main:1 <name=ok,type=boolean (id=2),value=<?>,index=22>
VW,context=Main#main:1,ok=true
VW,context=Main#main:1,l=1
VW,context=Main#main:1,ok=false
VD,method=Main#main:1 <name=l,type=int (id=7),value=<?>,index=23>
VW,context=Main#main:1,k=2
VD,method=Main#main:1 <name=ok,type=boolean (id=2),value=<?>,index=22>
VW,context=Main#main:1,ok=true
VW,context=Main#main:1,l=1
VW,context=Main#main:1,ok=false
VD,method=Main#main:1 <name=l,type=int (id=7),value=<?>,index=23>
VW,context=Main#main:1,k=3
VD,method=Main#main:1 <name=ok,type=boolean (id=2),value=<?>,index=22>
VW,context=Main#main:1,ok=true
VW,context=Main#main:1,l=1
VW,context=Main#main:1,ok=false
VD,method=Main#main:1 <name=l,type=int (id=7),value=<?>,index=23>
VW,context=Main#main:1,k=4
VD,method=Main#main:1 <name=ok,type=boolean (id=2),value=<?>,index=22>
VW,context=Main#main:1,ok=true
VW,context=Main#main:1,l=1
VW,context=Main#main:1,ok=false
VD,method=Main#main:1 <name=l,type=int (id=7),value=<?>,index=23>
VW,context=Main#main:1,k=5
VD,method=Main#main:1 <name=ok,type=boolean (id=2),value=<?>,index=22>
VW,context=Main#main:1,ok=true
VW,context=Main#main:1,l=1
VW,context=Main#main:1,l=2
VW,context=Main#main:1,ok=false
VD,method=Main#main:1 <name=l,type=int (id=7),value=<?>,index=23>
VW,context=Main#main:1,k=6
VD,method=Main#main:1 <name=ok,type=boolean (id=2),value=<?>,index=22>
VW,context=Main#main:1,ok=true
VW,context=Main#main:1,l=1
VW,context=Main#main:1,ok=false
VD,method=Main#main:1 <name=l,type=int (id=7),value=<?>,index=23>
VW,context=Main#main:1,k=7
VD,method=Main#main:1 <name=ok,type=boolean (id=2),value=<?>,index=22>
VW,context=Main#main:1,ok=true
VW,context=Main#main:1,k=8
VD,method=Main#main:1 <name=ok,type=boolean (id=2),value=<?>,index=22>
VW,context=Main#main:1,ok=true
VW,context=Main#main:1,k=9
VD,method=Main#main:1 <name=ok,type=boolean (id=2),value=<?>,index=22>
VW,context=Main#main:1,ok=true
VW,context=Main#main:1,k=10
VD,method=Main#main:1 <name=ok,type=boolean (id=2),value=<?>,index=22>
VW,context=Main#main:1,ok=true
VW,context=Main#main:1,k=11
VD,method=Main#main:1 <name=ok,type=boolean (id=2),value=<?>,index=22>
VW,context=Main#main:1,ok=true
VW,context=Main#main:1,k=12
VD,method=Main#main:1 <name=ok,type=boolean (id=2),value=<?>,index=22>
VW,context=Main#main:1,ok=true
VD,method=Main#main:1 <name=ok,type=boolean (id=2),value=<?>,index=22>
VD,method=Main#main:1 <name=k,type=int (id=7),value=<?>,index=21>
VW,context=Main#main:1,zz=1
VD,method=Main#main:1 <name=w,type=int (id=7),value=<?>,index=20>
VW,context=Main#main:1,zz=2
VW,context=Main#main:1,zz=3
VD,method=Main#main:1 <name=zz,type=int (id=7),value=<?>,index=19>
VW,context=Main#main:1,yy=2
VW,context=Main#main:1,zz=0
VW,context=Main#main:1,zz=1
VW,context=Main#main:1,zz=2
VW,context=Main#main:1,zz=3
VD,method=Main#main:1 <name=zz,type=int (id=7),value=<?>,index=19>
VW,context=Main#main:1,yy=3
VW,context=Main#main:1,zz=0
VW,context=Main#main:1,zz=1
VW,context=Main#main:1,zz=2
VW,context=Main#main:1,zz=3
VD,method=Main#main:1 <name=zz,type=int (id=7),value=<?>,index=19>
VD,method=Main#main:1 <name=yy,type=int (id=7),value=<?>,index=18>
VW,context=Main#main:1,xx=2
VW,context=Main#main:1,yy=0
VW,context=Main#main:1,zz=0
VW,context=Main#main:1,zz=1
VW,context=Main#main:1,zz=2
VW,context=Main#main:1,zz=3
VD,method=Main#main:1 <name=zz,type=int (id=7),value=<?>,index=19>
VW,context=Main#main:1,yy=1
VW,context=Main#main:1,zz=0
VW,context=Main#main:1,zz=1
VW,context=Main#main:1,zz=2
VW,context=Main#main:1,zz=3
VD,method=Main#main:1 <name=zz,type=int (id=7),value=<?>,index=19>
VW,context=Main#main:1,yy=2
VW,context=Main#main:1,zz=0
VW,context=Main#main:1,w=2
VW,context=Main#main:1,k=0
VW,context=Main#main:1,ok=true
VW,context=Main#main:1,k=1
VD,method=Main#main:1 <name=ok,type=boolean (id=2),value=<?>,index=22>
VW,context=Main#main:1,ok=true
VW,context=Main#main:1,k=2
VD,method=Main#main:1 <name=ok,type=boolean (id=2),value=<?>,index=22>
VW,context=Main#main:1,ok=true
VW,context=Main#main:1,l=1
VW,context=Main#main:1,ok=false
VD,method=Main#main:1 <name=l,type=int (id=7),value=<?>,index=23>
VW,context=Main#main:1,k=3
VD,method=Main#main:1 <name=ok,type=boolean (id=2),value=<?>,index=22>
VW,context=Main#main:1,ok=true
VW,context=Main#main:1,k=4
VD,method=Main#main:1 <name=ok,type=boolean (id=2),value=<?>,index=22>
VW,context=Main#main:1,ok=true
VW,context=Main#main:1,k=5
VD,method=Main#main:1 <name=ok,type=boolean (id=2),value=<?>,index=22>
VW,context=Main#main:1,ok=true
VW,context=Main#main:1,k=6
VD,method=Main#main:1 <name=ok,type=boolean (id=2),value=<?>,index=22>
VW,context=Main#main:1,ok=true
VW,context=Main#main:1,k=7
VD,method=Main#main:1 <name=ok,type=boolean (id=2),value=<?>,index=22>
VW,context=Main#main:1,ok=true
VW,context=Main#main:1,k=8
VD,method=Main#main:1 <name=ok,type=boolean (id=2),value=<?>,index=22>
VW,context=Main#main:1,ok=true
VW,context=Main#main:1,k=9
VD,method=Main#main:1 <name=ok,type=boolean (id=2),value=<?>,index=22>
VW,context=Main#main:1,ok=true
VW,context=Main#main:1,k=10
VD,method=Main#main:1 <name=ok,type=boolean (id=2),value=<?>,index=22>
VW,context=Main#main:1,ok=true
VW,context=Main#main:1,k=11
VD,method=Main#main:1 <name=ok,type=boolean (id=2),value=<?>,index=22>
VW,context=Main#main:1,ok=true
VW,context=Main#main:1,k=12
VD,method=Main#main:1 <name=ok,type=boolean (id=2),value=<?>,index=22>
VW,context=Main#main:1,ok=true
VD,method=Main#main:1 <name=ok,type=boolean (id=2),value=<?>,index=22>
VD,method=Main#main:1 <name=k,type=int (id=7),value=<?>,index=21>
VW,context=Main#main:1,zz=1
VD,method=Main#main:1 <name=w,type=int (id=7),value=<?>,index=20>
VW,context=Main#main:1,w=1
VW,context=Main#main:1,k=0
VW,context=Main#main:1,ok=true
VW,context=Main#main:1,k=1
VD,method=Main#main:1 <name=ok,type=boolean (id=2),value=<?>,index=22>
VW,context=Main#main:1,ok=true
VW,context=Main#main:1,k=2
VD,method=Main#main:1 <name=ok,type=boolean (id=2),value=<?>,index=22>
VW,context=Main#main:1,ok=true
VW,context=Main#main:1,l=1
VW,context=Main#main:1,ok=false
VD,method=Main#main:1 <name=l,type=int (id=7),value=<?>,index=23>
VW,context=Main#main:1,k=3
VD,method=Main#main:1 <name=ok,type=boolean (id=2),value=<?>,index=22>
VW,context=Main#main:1,ok=true
VW,context=Main#main:1,k=4
VD,method=Main#main:1 <name=ok,type=boolean (id=2),value=<?>,index=22>
VW,context=Main#main:1,ok=true
VW,context=Main#main:1,k=5
VD,method=Main#main:1 <name=ok,type=boolean (id=2),value=<?>,index=22>
VW,context=Main#main:1,ok=true
VW,context=Main#main:1,k=6
VD,method=Main#main:1 <name=ok,type=boolean (id=2),value=<?>,index=22>
VW,context=Main#main:1,ok=true
VW,context=Main#main:1,k=7
VD,method=Main#main:1 <name=ok,type=boolean (id=2),value=<?>,index=22>
VW,context=Main#main:1,ok=true
VW,context=Main#main:1,k=8
VD,method=Main#main:1 <name=ok,type=boolean (id=2),value=<?>,index=22>
VW,context=Main#main:1,ok=true
VW,context=Main#main:1,k=9
VD,method=Main#main:1 <name=ok,type=boolean (id=2),value=<?>,index=22>
VW,context=Main#main:1,ok=true
VW,context=Main#main:1,k=10
VD,method=Main#main:1 <name=ok,type=boolean (id=2),value=<?>,index=22>
VW,context=Main#main:1,ok=true
VW,context=Main#main:1,k=11
VD,method=Main#main:1 <name=ok,type=boolean (id=2),value=<?>,index=22>
VW,context=Main#main:1,ok=true
VW,context=Main#main:1,k=12
VD,method=Main#main:1 <name=ok,type=boolean (id=2),value=<?>,index=22>
VW,context=Main#main:1,ok=true
VD,method=Main#main:1 <name=ok,type=boolean (id=2),value=<?>,index=22>
VD,method=Main#main:1 <name=k,type=int (id=7),value=<?>,index=21>
VW,context=Main#main:1,zz=2
VD,method=Main#main:1 <name=w,type=int (id=7),value=<?>,index=20>
VW,context=Main#main:1,zz=3
VD,method=Main#main:1 <name=zz,type=int (id=7),value=<?>,index=19>
VW,context=Main#main:1,yy=3
VW,context=Main#main:1,zz=0
VW,context=Main#main:1,zz=1
VW,context=Main#main:1,zz=2
VW,context=Main#main:1,zz=3
VD,method=Main#main:1 <name=zz,type=int (id=7),value=<?>,index=19>
VD,method=Main#main:1 <name=yy,type=int (id=7),value=<?>,index=18>
VW,context=Main#main:1,xx=3
VW,context=Main#main:1,yy=0
VW,context=Main#main:1,zz=0
VW,context=Main#main:1,zz=1
VW,context=Main#main:1,zz=2
VW,context=Main#main:1,zz=3
VD,method=Main#main:1 <name=zz,type=int (id=7),value=<?>,index=19>
VW,context=Main#main:1,yy=1
VW,context=Main#main:1,zz=0
VW,context=Main#main:1,zz=1
VW,context=Main#main:1,zz=2
VW,context=Main#main:1,zz=3
VD,method=Main#main:1 <name=zz,type=int (id=7),value=<?>,index=19>
VW,context=Main#main:1,yy=2
VW,context=Main#main:1,zz=0
VW,context=Main#main:1,zz=1
VW,context=Main#main:1,zz=2
VW,context=Main#main:1,zz=3
VD,method=Main#main:1 <name=zz,type=int (id=7),value=<?>,index=19>
VW,context=Main#main:1,yy=3
VW,context=Main#main:1,zz=0
VW,context=Main#main:1,zz=1
VW,context=Main#main:1,zz=2
VW,context=Main#main:1,zz=3
VD,method=Main#main:1 <name=zz,type=int (id=7),value=<?>,index=19>
VD,method=Main#main:1 <name=yy,type=int (id=7),value=<?>,index=18>
VD,method=Main#main:1 <name=xx,type=int (id=7),value=<?>,index=17>
VW,context=Main#main:1,now=2
VW,context=Main#main:1,i=5
VW,context=Main#main:1,j=0
VW,context=Main#main:1,j=1
VW,context=Main#main:1,j=2
VW,context=Main#main:1,map=int[][][]:3
VD,method=Main#main:1 <name=j,type=int (id=7),value=<?>,index=16>
VW,context=Main#main:1,xx=0
VW,context=Main#main:1,yy=0
VW,context=Main#main:1,zz=0
VW,context=Main#main:1,w=1
VW,context=Main#main:1,k=0
VW,context=Main#main:1,ok=true
VW,context=Main#main:1,l=1
VW,context=Main#main:1,ok=false
VD,method=Main#main:1 <name=l,type=int (id=7),value=<?>,index=23>
VW,context=Main#main:1,k=1
VD,method=Main#main:1 <name=ok,type=boolean (id=2),value=<?>,index=22>
VW,context=Main#main:1,ok=true
VW,context=Main#main:1,l=1
VW,context=Main#main:1,ok=false
VD,method=Main#main:1 <name=l,type=int (id=7),value=<?>,index=23>
VW,context=Main#main:1,k=2
VD,method=Main#main:1 <name=ok,type=boolean (id=2),value=<?>,index=22>
VW,context=Main#main:1,ok=true
VW,context=Main#main:1,l=1
VW,context=Main#main:1,l=2
VW,context=Main#main:1,ok=false
VD,method=Main#main:1 <name=l,type=int (id=7),value=<?>,index=23>
VW,context=Main#main:1,k=3
VD,method=Main#main:1 <name=ok,type=boolean (id=2),value=<?>,index=22>
VW,context=Main#main:1,ok=true
VW,context=Main#main:1,l=1
VW,context=Main#main:1,ok=false
VD,method=Main#main:1 <name=l,type=int (id=7),value=<?>,index=23>
VW,context=Main#main:1,k=4
VD,method=Main#main:1 <name=ok,type=boolean (id=2),value=<?>,index=22>
VW,context=Main#main:1,ok=true
VW,context=Main#main:1,l=1
VW,context=Main#main:1,ok=false
VD,method=Main#main:1 <name=l,type=int (id=7),value=<?>,index=23>
VW,context=Main#main:1,k=5
VD,method=Main#main:1 <name=ok,type=boolean (id=2),value=<?>,index=22>
VW,context=Main#main:1,ok=true
VW,context=Main#main:1,l=1
VW,context=Main#main:1,ok=false
VD,method=Main#main:1 <name=l,type=int (id=7),value=<?>,index=23>
VW,context=Main#main:1,k=6
VD,method=Main#main:1 <name=ok,type=boolean (id=2),value=<?>,index=22>
VW,context=Main#main:1,ok=true
VW,context=Main#main:1,l=1
VW,context=Main#main:1,ok=false
VD,method=Main#main:1 <name=l,type=int (id=7),value=<?>,index=23>
VW,context=Main#main:1,k=7
VD,method=Main#main:1 <name=ok,type=boolean (id=2),value=<?>,index=22>
VW,context=Main#main:1,ok=true
VW,context=Main#main:1,k=8
VD,method=Main#main:1 <name=ok,type=boolean (id=2),value=<?>,index=22>
VW,context=Main#main:1,ok=true
VW,context=Main#main:1,k=9
VD,method=Main#main:1 <name=ok,type=boolean (id=2),value=<?>,index=22>
VW,context=Main#main:1,ok=true
VW,context=Main#main:1,k=10
VD,method=Main#main:1 <name=ok,type=boolean (id=2),value=<?>,index=22>
VW,context=Main#main:1,ok=true
VW,context=Main#main:1,k=11
VD,method=Main#main:1 <name=ok,type=boolean (id=2),value=<?>,index=22>
VW,context=Main#main:1,ok=true
VW,context=Main#main:1,k=12
VD,method=Main#main:1 <name=ok,type=boolean (id=2),value=<?>,index=22>
VW,context=Main#main:1,ok=true
VD,method=Main#main:1 <name=ok,type=boolean (id=2),value=<?>,index=22>
VD,method=Main#main:1 <name=k,type=int (id=7),value=<?>,index=21>
VW,context=Main#main:1,zz=1
VD,method=Main#main:1 <name=w,type=int (id=7),value=<?>,index=20>
VW,context=Main#main:1,w=1
VW,context=Main#main:1,k=0
VW,context=Main#main:1,ok=true
VW,context=Main#main:1,l=1
VW,context=Main#main:1,ok=false
VD,method=Main#main:1 <name=l,type=int (id=7),value=<?>,index=23>
VW,context=Main#main:1,k=1
VD,method=Main#main:1 <name=ok,type=boolean (id=2),value=<?>,index=22>
VW,context=Main#main:1,ok=true
VW,context=Main#main:1,l=1
VW,context=Main#main:1,ok=false
VD,method=Main#main:1 <name=l,type=int (id=7),value=<?>,index=23>
VW,context=Main#main:1,k=2
VD,method=Main#main:1 <name=ok,type=boolean (id=2),value=<?>,index=22>
VW,context=Main#main:1,ok=true
VW,context=Main#main:1,l=1
VW,context=Main#main:1,ok=false
VD,method=Main#main:1 <name=l,type=int (id=7),value=<?>,index=23>
VW,context=Main#main:1,k=3
VD,method=Main#main:1 <name=ok,type=boolean (id=2),value=<?>,index=22>
VW,context=Main#main:1,ok=true
VW,context=Main#main:1,l=1
VW,context=Main#main:1,ok=false
VD,method=Main#main:1 <name=l,type=int (id=7),value=<?>,index=23>
VW,context=Main#main:1,k=4
VD,method=Main#main:1 <name=ok,type=boolean (id=2),value=<?>,index=22>
VW,context=Main#main:1,ok=true
VW,context=Main#main:1,l=1
VW,context=Main#main:1,ok=false
VD,method=Main#main:1 <name=l,type=int (id=7),value=<?>,index=23>
VW,context=Main#main:1,k=5
VD,method=Main#main:1 <name=ok,type=boolean (id=2),value=<?>,index=22>
VW,context=Main#main:1,ok=true
VW,context=Main#main:1,l=1
VW,context=Main#main:1,ok=false
VD,method=Main#main:1 <name=l,type=int (id=7),value=<?>,index=23>
VW,context=Main#main:1,k=6
VD,method=Main#main:1 <name=ok,type=boolean (id=2),value=<?>,index=22>
VW,context=Main#main:1,ok=true
VW,context=Main#main:1,l=1
VW,context=Main#main:1,ok=false
VD,method=Main#main:1 <name=l,type=int (id=7),value=<?>,index=23>
VW,context=Main#main:1,k=7
VD,method=Main#main:1 <name=ok,type=boolean (id=2),value=<?>,index=22>
VW,context=Main#main:1,ok=true
VW,context=Main#main:1,k=8
VD,method=Main#main:1 <name=ok,type=boolean (id=2),value=<?>,index=22>
VW,context=Main#main:1,ok=true
VW,context=Main#main:1,k=9
VD,method=Main#main:1 <name=ok,type=boolean (id=2),value=<?>,index=22>
VW,context=Main#main:1,ok=true
VW,context=Main#main:1,k=10
VD,method=Main#main:1 <name=ok,type=boolean (id=2),value=<?>,index=22>
VW,context=Main#main:1,ok=true
VW,context=Main#main:1,k=11
VD,method=Main#main:1 <name=ok,type=boolean (id=2),value=<?>,index=22>
VW,context=Main#main:1,ok=true
VW,context=Main#main:1,k=12
VD,method=Main#main:1 <name=ok,type=boolean (id=2),value=<?>,index=22>
VW,context=Main#main:1,ok=true
VD,method=Main#main:1 <name=ok,type=boolean (id=2),value=<?>,index=22>
VD,method=Main#main:1 <name=k,type=int (id=7),value=<?>,index=21>
VW,context=Main#main:1,zz=2
VD,method=Main#main:1 <name=w,type=int (id=7),value=<?>,index=20>
VW,context=Main#main:1,w=2
VW,context=Main#main:1,k=0
VW,context=Main#main:1,ok=true
VW,context=Main#main:1,l=1
VW,context=Main#main:1,ok=false
VD,method=Main#main:1 <name=l,type=int (id=7),value=<?>,index=23>
VW,context=Main#main:1,k=1
VD,method=Main#main:1 <name=ok,type=boolean (id=2),value=<?>,index=22>
VW,context=Main#main:1,ok=true
VW,context=Main#main:1,k=2
VD,method=Main#main:1 <name=ok,type=boolean (id=2),value=<?>,index=22>
VW,context=Main#main:1,ok=true
VW,context=Main#main:1,k=3
VD,method=Main#main:1 <name=ok,type=boolean (id=2),value=<?>,index=22>
VW,context=Main#main:1,ok=true
VW,context=Main#main:1,k=4
VD,method=Main#main:1 <name=ok,type=boolean (id=2),value=<?>,index=22>
VW,context=Main#main:1,ok=true
VW,context=Main#main:1,l=1
VW,context=Main#main:1,ok=false
VD,method=Main#main:1 <name=l,type=int (id=7),value=<?>,index=23>
VW,context=Main#main:1,k=5
VD,method=Main#main:1 <name=ok,type=boolean (id=2),value=<?>,index=22>
VW,context=Main#main:1,ok=true
VW,context=Main#main:1,l=1
VW,context=Main#main:1,ok=false
VD,method=Main#main:1 <name=l,type=int (id=7),value=<?>,index=23>
VW,context=Main#main:1,k=6
VD,method=Main#main:1 <name=ok,type=boolean (id=2),value=<?>,index=22>
VW,context=Main#main:1,ok=true
VW,context=Main#main:1,k=7
VD,method=Main#main:1 <name=ok,type=boolean (id=2),value=<?>,index=22>
VW,context=Main#main:1,ok=true
VW,context=Main#main:1,k=8
VD,method=Main#main:1 <name=ok,type=boolean (id=2),value=<?>,index=22>
VW,context=Main#main:1,ok=true
VW,context=Main#main:1,k=9
VD,method=Main#main:1 <name=ok,type=boolean (id=2),value=<?>,index=22>
VW,context=Main#main:1,ok=true
VW,context=Main#main:1,l=1
VW,context=Main#main:1,ok=false
VD,method=Main#main:1 <name=l,type=int (id=7),value=<?>,index=23>
VW,context=Main#main:1,k=10
VD,method=Main#main:1 <name=ok,type=boolean (id=2),value=<?>,index=22>
VW,context=Main#main:1,ok=true
VW,context=Main#main:1,k=11
VD,method=Main#main:1 <name=ok,type=boolean (id=2),value=<?>,index=22>
VW,context=Main#main:1,ok=true
VW,context=Main#main:1,l=1
VW,context=Main#main:1,ok=false
VD,method=Main#main:1 <name=l,type=int (id=7),value=<?>,index=23>
VW,context=Main#main:1,k=12
VD,method=Main#main:1 <name=ok,type=boolean (id=2),value=<?>,index=22>
VW,context=Main#main:1,ok=true
VW,context=Main#main:1,l=1
VW,context=Main#main:1,ok=false
VD,method=Main#main:1 <name=l,type=int (id=7),value=<?>,index=23>
VD,method=Main#main:1 <name=ok,type=boolean (id=2),value=<?>,index=22>
VD,method=Main#main:1 <name=k,type=int (id=7),value=<?>,index=21>
VW,context=Main#main:1,zz=3
VD,method=Main#main:1 <name=w,type=int (id=7),value=<?>,index=20>
VD,method=Main#main:1 <name=zz,type=int (id=7),value=<?>,index=19>
VW,context=Main#main:1,yy=1
VW,context=Main#main:1,zz=0
VW,context=Main#main:1,zz=1
VW,context=Main#main:1,zz=2
VW,context=Main#main:1,zz=3
VD,method=Main#main:1 <name=zz,type=int (id=7),value=<?>,index=19>
VW,context=Main#main:1,yy=2
VW,context=Main#main:1,zz=0
VW,context=Main#main:1,zz=1
VW,context=Main#main:1,zz=2
VW,context=Main#main:1,zz=3
VD,method=Main#main:1 <name=zz,type=int (id=7),value=<?>,index=19>
VW,context=Main#main:1,yy=3
VW,context=Main#main:1,zz=0
VW,context=Main#main:1,zz=1
VW,context=Main#main:1,zz=2
VW,context=Main#main:1,zz=3
VD,method=Main#main:1 <name=zz,type=int (id=7),value=<?>,index=19>
VD,method=Main#main:1 <name=yy,type=int (id=7),value=<?>,index=18>
VW,context=Main#main:1,xx=1
VW,context=Main#main:1,yy=0
VW,context=Main#main:1,zz=0
VW,context=Main#main:1,zz=1
VW,context=Main#main:1,zz=2
VW,context=Main#main:1,zz=3
VD,method=Main#main:1 <name=zz,type=int (id=7),value=<?>,index=19>
VW,context=Main#main:1,yy=1
VW,context=Main#main:1,zz=0
VW,context=Main#main:1,w=2
VW,context=Main#main:1,k=0
VW,context=Main#main:1,ok=true
VW,context=Main#main:1,l=1
VW,context=Main#main:1,ok=false
VD,method=Main#main:1 <name=l,type=int (id=7),value=<?>,index=23>
VW,context=Main#main:1,k=1
VD,method=Main#main:1 <name=ok,type=boolean (id=2),value=<?>,index=22>
VW,context=Main#main:1,ok=true
VW,context=Main#main:1,l=1
VW,context=Main#main:1,ok=false
VD,method=Main#main:1 <name=l,type=int (id=7),value=<?>,index=23>
VW,context=Main#main:1,k=2
VD,method=Main#main:1 <name=ok,type=boolean (id=2),value=<?>,index=22>
VW,context=Main#main:1,ok=true
VW,context=Main#main:1,l=1
VW,context=Main#main:1,ok=false
VD,method=Main#main:1 <name=l,type=int (id=7),value=<?>,index=23>
VW,context=Main#main:1,k=3
VD,method=Main#main:1 <name=ok,type=boolean (id=2),value=<?>,index=22>
VW,context=Main#main:1,ok=true
VW,context=Main#main:1,l=1
VW,context=Main#main:1,ok=false
VD,method=Main#main:1 <name=l,type=int (id=7),value=<?>,index=23>
VW,context=Main#main:1,k=4
VD,method=Main#main:1 <name=ok,type=boolean (id=2),value=<?>,index=22>
VW,context=Main#main:1,ok=true
VW,context=Main#main:1,l=1
VW,context=Main#main:1,ok=false
VD,method=Main#main:1 <name=l,type=int (id=7),value=<?>,index=23>
VW,context=Main#main:1,k=5
VD,method=Main#main:1 <name=ok,type=boolean (id=2),value=<?>,index=22>
VW,context=Main#main:1,ok=true
VW,context=Main#main:1,l=1
VW,context=Main#main:1,l=2
VW,context=Main#main:1,ok=false
VD,method=Main#main:1 <name=l,type=int (id=7),value=<?>,index=23>
VW,context=Main#main:1,k=6
VD,method=Main#main:1 <name=ok,type=boolean (id=2),value=<?>,index=22>
VW,context=Main#main:1,ok=true
VW,context=Main#main:1,l=1
VW,context=Main#main:1,ok=false
VD,method=Main#main:1 <name=l,type=int (id=7),value=<?>,index=23>
VW,context=Main#main:1,k=7
VD,method=Main#main:1 <name=ok,type=boolean (id=2),value=<?>,index=22>
VW,context=Main#main:1,ok=true
VW,context=Main#main:1,k=8
VD,method=Main#main:1 <name=ok,type=boolean (id=2),value=<?>,index=22>
VW,context=Main#main:1,ok=true
VW,context=Main#main:1,k=9
VD,method=Main#main:1 <name=ok,type=boolean (id=2),value=<?>,index=22>
VW,context=Main#main:1,ok=true
VW,context=Main#main:1,k=10
VD,method=Main#main:1 <name=ok,type=boolean (id=2),value=<?>,index=22>
VW,context=Main#main:1,ok=true
VW,context=Main#main:1,k=11
VD,method=Main#main:1 <name=ok,type=boolean (id=2),value=<?>,index=22>
VW,context=Main#main:1,ok=true
VW,context=Main#main:1,k=12
VD,method=Main#main:1 <name=ok,type=boolean (id=2),value=<?>,index=22>
VW,context=Main#main:1,ok=true
VD,method=Main#main:1 <name=ok,type=boolean (id=2),value=<?>,index=22>
VD,method=Main#main:1 <name=k,type=int (id=7),value=<?>,index=21>
VW,context=Main#main:1,zz=1
VD,method=Main#main:1 <name=w,type=int (id=7),value=<?>,index=20>
VW,context=Main#main:1,zz=2
VW,context=Main#main:1,zz=3
VD,method=Main#main:1 <name=zz,type=int (id=7),value=<?>,index=19>
VW,context=Main#main:1,yy=2
VW,context=Main#main:1,zz=0
VW,context=Main#main:1,zz=1
VW,context=Main#main:1,zz=2
VW,context=Main#main:1,zz=3
VD,method=Main#main:1 <name=zz,type=int (id=7),value=<?>,index=19>
VW,context=Main#main:1,yy=3
VW,context=Main#main:1,zz=0
VW,context=Main#main:1,zz=1
VW,context=Main#main:1,zz=2
VW,context=Main#main:1,zz=3
VD,method=Main#main:1 <name=zz,type=int (id=7),value=<?>,index=19>
VD,method=Main#main:1 <name=yy,type=int (id=7),value=<?>,index=18>
VW,context=Main#main:1,xx=2
VW,context=Main#main:1,yy=0
VW,context=Main#main:1,zz=0
VW,context=Main#main:1,zz=1
VW,context=Main#main:1,zz=2
VW,context=Main#main:1,zz=3
VD,method=Main#main:1 <name=zz,type=int (id=7),value=<?>,index=19>
VW,context=Main#main:1,yy=1
VW,context=Main#main:1,zz=0
VW,context=Main#main:1,zz=1
VW,context=Main#main:1,zz=2
VW,context=Main#main:1,zz=3
VD,method=Main#main:1 <name=zz,type=int (id=7),value=<?>,index=19>
VW,context=Main#main:1,yy=2
VW,context=Main#main:1,zz=0
VW,context=Main#main:1,w=2
VW,context=Main#main:1,k=0
VW,context=Main#main:1,ok=true
VW,context=Main#main:1,k=1
VD,method=Main#main:1 <name=ok,type=boolean (id=2),value=<?>,index=22>
VW,context=Main#main:1,ok=true
VW,context=Main#main:1,k=2
VD,method=Main#main:1 <name=ok,type=boolean (id=2),value=<?>,index=22>
VW,context=Main#main:1,ok=true
VW,context=Main#main:1,l=1
VW,context=Main#main:1,ok=false
VD,method=Main#main:1 <name=l,type=int (id=7),value=<?>,index=23>
VW,context=Main#main:1,k=3
VD,method=Main#main:1 <name=ok,type=boolean (id=2),value=<?>,index=22>
VW,context=Main#main:1,ok=true
VW,context=Main#main:1,k=4
VD,method=Main#main:1 <name=ok,type=boolean (id=2),value=<?>,index=22>
VW,context=Main#main:1,ok=true
VW,context=Main#main:1,k=5
VD,method=Main#main:1 <name=ok,type=boolean (id=2),value=<?>,index=22>
VW,context=Main#main:1,ok=true
VW,context=Main#main:1,k=6
VD,method=Main#main:1 <name=ok,type=boolean (id=2),value=<?>,index=22>
VW,context=Main#main:1,ok=true
VW,context=Main#main:1,k=7
VD,method=Main#main:1 <name=ok,type=boolean (id=2),value=<?>,index=22>
VW,context=Main#main:1,ok=true
VW,context=Main#main:1,k=8
VD,method=Main#main:1 <name=ok,type=boolean (id=2),value=<?>,index=22>
VW,context=Main#main:1,ok=true
VW,context=Main#main:1,k=9
VD,method=Main#main:1 <name=ok,type=boolean (id=2),value=<?>,index=22>
VW,context=Main#main:1,ok=true
VW,context=Main#main:1,k=10
VD,method=Main#main:1 <name=ok,type=boolean (id=2),value=<?>,index=22>
VW,context=Main#main:1,ok=true
VW,context=Main#main:1,k=11
VD,method=Main#main:1 <name=ok,type=boolean (id=2),value=<?>,index=22>
VW,context=Main#main:1,ok=true
VW,context=Main#main:1,k=12
VD,method=Main#main:1 <name=ok,type=boolean (id=2),value=<?>,index=22>
VW,context=Main#main:1,ok=true
VD,method=Main#main:1 <name=ok,type=boolean (id=2),value=<?>,index=22>
VD,method=Main#main:1 <name=k,type=int (id=7),value=<?>,index=21>
VW,context=Main#main:1,zz=1
VD,method=Main#main:1 <name=w,type=int (id=7),value=<?>,index=20>
VW,context=Main#main:1,w=1
VW,context=Main#main:1,k=0
VW,context=Main#main:1,ok=true
VW,context=Main#main:1,k=1
VD,method=Main#main:1 <name=ok,type=boolean (id=2),value=<?>,index=22>
VW,context=Main#main:1,ok=true
VW,context=Main#main:1,k=2
VD,method=Main#main:1 <name=ok,type=boolean (id=2),value=<?>,index=22>
VW,context=Main#main:1,ok=true
VW,context=Main#main:1,l=1
VW,context=Main#main:1,ok=false
VD,method=Main#main:1 <name=l,type=int (id=7),value=<?>,index=23>
VW,context=Main#main:1,k=3
VD,method=Main#main:1 <name=ok,type=boolean (id=2),value=<?>,index=22>
VW,context=Main#main:1,ok=true
VW,context=Main#main:1,k=4
VD,method=Main#main:1 <name=ok,type=boolean (id=2),value=<?>,index=22>
VW,context=Main#main:1,ok=true
VW,context=Main#main:1,k=5
VD,method=Main#main:1 <name=ok,type=boolean (id=2),value=<?>,index=22>
VW,context=Main#main:1,ok=true
VW,context=Main#main:1,k=6
VD,method=Main#main:1 <name=ok,type=boolean (id=2),value=<?>,index=22>
VW,context=Main#main:1,ok=true
VW,context=Main#main:1,k=7
VD,method=Main#main:1 <name=ok,type=boolean (id=2),value=<?>,index=22>
VW,context=Main#main:1,ok=true
VW,context=Main#main:1,k=8
VD,method=Main#main:1 <name=ok,type=boolean (id=2),value=<?>,index=22>
VW,context=Main#main:1,ok=true
VW,context=Main#main:1,k=9
VD,method=Main#main:1 <name=ok,type=boolean (id=2),value=<?>,index=22>
VW,context=Main#main:1,ok=true
VW,context=Main#main:1,k=10
VD,method=Main#main:1 <name=ok,type=boolean (id=2),value=<?>,index=22>
VW,context=Main#main:1,ok=true
VW,context=Main#main:1,k=11
VD,method=Main#main:1 <name=ok,type=boolean (id=2),value=<?>,index=22>
VW,context=Main#main:1,ok=true
VW,context=Main#main:1,k=12
VD,method=Main#main:1 <name=ok,type=boolean (id=2),value=<?>,index=22>
VW,context=Main#main:1,ok=true
VD,method=Main#main:1 <name=ok,type=boolean (id=2),value=<?>,index=22>
VD,method=Main#main:1 <name=k,type=int (id=7),value=<?>,index=21>
VW,context=Main#main:1,zz=2
VD,method=Main#main:1 <name=w,type=int (id=7),value=<?>,index=20>
VW,context=Main#main:1,zz=3
VD,method=Main#main:1 <name=zz,type=int (id=7),value=<?>,index=19>
VW,context=Main#main:1,yy=3
VW,context=Main#main:1,zz=0
VW,context=Main#main:1,zz=1
VW,context=Main#main:1,zz=2
VW,context=Main#main:1,zz=3
VD,method=Main#main:1 <name=zz,type=int (id=7),value=<?>,index=19>
VD,method=Main#main:1 <name=yy,type=int (id=7),value=<?>,index=18>
VW,context=Main#main:1,xx=3
VW,context=Main#main:1,yy=0
VW,context=Main#main:1,zz=0
VW,context=Main#main:1,zz=1
VW,context=Main#main:1,zz=2
VW,context=Main#main:1,zz=3
VD,method=Main#main:1 <name=zz,type=int (id=7),value=<?>,index=19>
VW,context=Main#main:1,yy=1
VW,context=Main#main:1,zz=0
VW,context=Main#main:1,zz=1
VW,context=Main#main:1,zz=2
VW,context=Main#main:1,zz=3
VD,method=Main#main:1 <name=zz,type=int (id=7),value=<?>,index=19>
VW,context=Main#main:1,yy=2
VW,context=Main#main:1,zz=0
VW,context=Main#main:1,zz=1
VW,context=Main#main:1,zz=2
VW,context=Main#main:1,zz=3
VD,method=Main#main:1 <name=zz,type=int (id=7),value=<?>,index=19>
VW,context=Main#main:1,yy=3
VW,context=Main#main:1,zz=0
VW,context=Main#main:1,zz=1
VW,context=Main#main:1,zz=2
VW,context=Main#main:1,zz=3
VD,method=Main#main:1 <name=zz,type=int (id=7),value=<?>,index=19>
VD,method=Main#main:1 <name=yy,type=int (id=7),value=<?>,index=18>
VD,method=Main#main:1 <name=xx,type=int (id=7),value=<?>,index=17>
VW,context=Main#main:1,now=1
VW,context=Main#main:1,i=6
VW,context=Main#main:1,j=0
VW,context=Main#main:1,j=1
VW,context=Main#main:1,j=2
VW,context=Main#main:1,map=int[][][]:3
VD,method=Main#main:1 <name=j,type=int (id=7),value=<?>,index=16>
VW,context=Main#main:1,xx=0
VW,context=Main#main:1,yy=0
VW,context=Main#main:1,zz=0
VW,context=Main#main:1,w=1
VW,context=Main#main:1,k=0
VW,context=Main#main:1,ok=true
VW,context=Main#main:1,l=1
VW,context=Main#main:1,ok=false
VD,method=Main#main:1 <name=l,type=int (id=7),value=<?>,index=23>
VW,context=Main#main:1,k=1
VD,method=Main#main:1 <name=ok,type=boolean (id=2),value=<?>,index=22>
VW,context=Main#main:1,ok=true
VW,context=Main#main:1,l=1
VW,context=Main#main:1,ok=false
VD,method=Main#main:1 <name=l,type=int (id=7),value=<?>,index=23>
VW,context=Main#main:1,k=2
VD,method=Main#main:1 <name=ok,type=boolean (id=2),value=<?>,index=22>
VW,context=Main#main:1,ok=true
VW,context=Main#main:1,l=1
VW,context=Main#main:1,l=2
VW,context=Main#main:1,ok=false
VD,method=Main#main:1 <name=l,type=int (id=7),value=<?>,index=23>
VW,context=Main#main:1,k=3
VD,method=Main#main:1 <name=ok,type=boolean (id=2),value=<?>,index=22>
VW,context=Main#main:1,ok=true
VW,context=Main#main:1,l=1
VW,context=Main#main:1,ok=false
VD,method=Main#main:1 <name=l,type=int (id=7),value=<?>,index=23>
VW,context=Main#main:1,k=4
VD,method=Main#main:1 <name=ok,type=boolean (id=2),value=<?>,index=22>
VW,context=Main#main:1,ok=true
VW,context=Main#main:1,l=1
VW,context=Main#main:1,ok=false
VD,method=Main#main:1 <name=l,type=int (id=7),value=<?>,index=23>
VW,context=Main#main:1,k=5
VD,method=Main#main:1 <name=ok,type=boolean (id=2),value=<?>,index=22>
VW,context=Main#main:1,ok=true
VW,context=Main#main:1,l=1
VW,context=Main#main:1,ok=false
VD,method=Main#main:1 <name=l,type=int (id=7),value=<?>,index=23>
VW,context=Main#main:1,k=6
VD,method=Main#main:1 <name=ok,type=boolean (id=2),value=<?>,index=22>
VW,context=Main#main:1,ok=true
VW,context=Main#main:1,l=1
VW,context=Main#main:1,ok=false
VD,method=Main#main:1 <name=l,type=int (id=7),value=<?>,index=23>
VW,context=Main#main:1,k=7
VD,method=Main#main:1 <name=ok,type=boolean (id=2),value=<?>,index=22>
VW,context=Main#main:1,ok=true
VW,context=Main#main:1,k=8
VD,method=Main#main:1 <name=ok,type=boolean (id=2),value=<?>,index=22>
VW,context=Main#main:1,ok=true
VW,context=Main#main:1,k=9
VD,method=Main#main:1 <name=ok,type=boolean (id=2),value=<?>,index=22>
VW,context=Main#main:1,ok=true
VW,context=Main#main:1,k=10
VD,method=Main#main:1 <name=ok,type=boolean (id=2),value=<?>,index=22>
VW,context=Main#main:1,ok=true
VW,context=Main#main:1,k=11
VD,method=Main#main:1 <name=ok,type=boolean (id=2),value=<?>,index=22>
VW,context=Main#main:1,ok=true
VW,context=Main#main:1,k=12
VD,method=Main#main:1 <name=ok,type=boolean (id=2),value=<?>,index=22>
VW,context=Main#main:1,ok=true
VD,method=Main#main:1 <name=ok,type=boolean (id=2),value=<?>,index=22>
VD,method=Main#main:1 <name=k,type=int (id=7),value=<?>,index=21>
VW,context=Main#main:1,zz=1
VD,method=Main#main:1 <name=w,type=int (id=7),value=<?>,index=20>
VW,context=Main#main:1,w=1
VW,context=Main#main:1,k=0
VW,context=Main#main:1,ok=true
VW,context=Main#main:1,l=1
VW,context=Main#main:1,ok=false
VD,method=Main#main:1 <name=l,type=int (id=7),value=<?>,index=23>
VW,context=Main#main:1,k=1
VD,method=Main#main:1 <name=ok,type=boolean (id=2),value=<?>,index=22>
VW,context=Main#main:1,ok=true
VW,context=Main#main:1,l=1
VW,context=Main#main:1,ok=false
VD,method=Main#main:1 <name=l,type=int (id=7),value=<?>,index=23>
VW,context=Main#main:1,k=2
VD,method=Main#main:1 <name=ok,type=boolean (id=2),value=<?>,index=22>
VW,context=Main#main:1,ok=true
VW,context=Main#main:1,l=1
VW,context=Main#main:1,ok=false
VD,method=Main#main:1 <name=l,type=int (id=7),value=<?>,index=23>
VW,context=Main#main:1,k=3
VD,method=Main#main:1 <name=ok,type=boolean (id=2),value=<?>,index=22>
VW,context=Main#main:1,ok=true
VW,context=Main#main:1,l=1
VW,context=Main#main:1,ok=false
VD,method=Main#main:1 <name=l,type=int (id=7),value=<?>,index=23>
VW,context=Main#main:1,k=4
VD,method=Main#main:1 <name=ok,type=boolean (id=2),value=<?>,index=22>
VW,context=Main#main:1,ok=true
VW,context=Main#main:1,l=1
VW,context=Main#main:1,ok=false
VD,method=Main#main:1 <name=l,type=int (id=7),value=<?>,index=23>
VW,context=Main#main:1,k=5
VD,method=Main#main:1 <name=ok,type=boolean (id=2),value=<?>,index=22>
VW,context=Main#main:1,ok=true
VW,context=Main#main:1,l=1
VW,context=Main#main:1,ok=false
VD,method=Main#main:1 <name=l,type=int (id=7),value=<?>,index=23>
VW,context=Main#main:1,k=6
VD,method=Main#main:1 <name=ok,type=boolean (id=2),value=<?>,index=22>
VW,context=Main#main:1,ok=true
VW,context=Main#main:1,l=1
VW,context=Main#main:1,ok=false
VD,method=Main#main:1 <name=l,type=int (id=7),value=<?>,index=23>
VW,context=Main#main:1,k=7
VD,method=Main#main:1 <name=ok,type=boolean (id=2),value=<?>,index=22>
VW,context=Main#main:1,ok=true
VW,context=Main#main:1,k=8
VD,method=Main#main:1 <name=ok,type=boolean (id=2),value=<?>,index=22>
VW,context=Main#main:1,ok=true
VW,context=Main#main:1,k=9
VD,method=Main#main:1 <name=ok,type=boolean (id=2),value=<?>,index=22>
VW,context=Main#main:1,ok=true
VW,context=Main#main:1,k=10
VD,method=Main#main:1 <name=ok,type=boolean (id=2),value=<?>,index=22>
VW,context=Main#main:1,ok=true
VW,context=Main#main:1,k=11
VD,method=Main#main:1 <name=ok,type=boolean (id=2),value=<?>,index=22>
VW,context=Main#main:1,ok=true
VW,context=Main#main:1,k=12
VD,method=Main#main:1 <name=ok,type=boolean (id=2),value=<?>,index=22>
VW,context=Main#main:1,ok=true
VD,method=Main#main:1 <name=ok,type=boolean (id=2),value=<?>,index=22>
VD,method=Main#main:1 <name=k,type=int (id=7),value=<?>,index=21>
VW,context=Main#main:1,zz=2
VD,method=Main#main:1 <name=w,type=int (id=7),value=<?>,index=20>
VW,context=Main#main:1,w=2
VW,context=Main#main:1,k=0
VW,context=Main#main:1,ok=true
VW,context=Main#main:1,l=1
VW,context=Main#main:1,ok=false
VD,method=Main#main:1 <name=l,type=int (id=7),value=<?>,index=23>
VW,context=Main#main:1,k=1
VD,method=Main#main:1 <name=ok,type=boolean (id=2),value=<?>,index=22>
VW,context=Main#main:1,ok=true
VW,context=Main#main:1,k=2
VD,method=Main#main:1 <name=ok,type=boolean (id=2),value=<?>,index=22>
VW,context=Main#main:1,ok=true
VW,context=Main#main:1,k=3
VD,method=Main#main:1 <name=ok,type=boolean (id=2),value=<?>,index=22>
VW,context=Main#main:1,ok=true
VW,context=Main#main:1,k=4
VD,method=Main#main:1 <name=ok,type=boolean (id=2),value=<?>,index=22>
VW,context=Main#main:1,ok=true
VW,context=Main#main:1,l=1
VW,context=Main#main:1,ok=false
VD,method=Main#main:1 <name=l,type=int (id=7),value=<?>,index=23>
VW,context=Main#main:1,k=5
VD,method=Main#main:1 <name=ok,type=boolean (id=2),value=<?>,index=22>
VW,context=Main#main:1,ok=true
VW,context=Main#main:1,l=1
VW,context=Main#main:1,ok=false
VD,method=Main#main:1 <name=l,type=int (id=7),value=<?>,index=23>
VW,context=Main#main:1,k=6
VD,method=Main#main:1 <name=ok,type=boolean (id=2),value=<?>,index=22>
VW,context=Main#main:1,ok=true
VW,context=Main#main:1,k=7
VD,method=Main#main:1 <name=ok,type=boolean (id=2),value=<?>,index=22>
VW,context=Main#main:1,ok=true
VW,context=Main#main:1,k=8
VD,method=Main#main:1 <name=ok,type=boolean (id=2),value=<?>,index=22>
VW,context=Main#main:1,ok=true
VW,context=Main#main:1,k=9
VD,method=Main#main:1 <name=ok,type=boolean (id=2),value=<?>,index=22>
VW,context=Main#main:1,ok=true
VW,context=Main#main:1,l=1
VW,context=Main#main:1,ok=false
VD,method=Main#main:1 <name=l,type=int (id=7),value=<?>,index=23>
VW,context=Main#main:1,k=10
VD,method=Main#main:1 <name=ok,type=boolean (id=2),value=<?>,index=22>
VW,context=Main#main:1,ok=true
VW,context=Main#main:1,k=11
VD,method=Main#main:1 <name=ok,type=boolean (id=2),value=<?>,index=22>
VW,context=Main#main:1,ok=true
VW,context=Main#main:1,l=1
VW,context=Main#main:1,ok=false
VD,method=Main#main:1 <name=l,type=int (id=7),value=<?>,index=23>
VW,context=Main#main:1,k=12
VD,method=Main#main:1 <name=ok,type=boolean (id=2),value=<?>,index=22>
VW,context=Main#main:1,ok=true
VW,context=Main#main:1,l=1
VW,context=Main#main:1,ok=false
VD,method=Main#main:1 <name=l,type=int (id=7),value=<?>,index=23>
VD,method=Main#main:1 <name=ok,type=boolean (id=2),value=<?>,index=22>
VD,method=Main#main:1 <name=k,type=int (id=7),value=<?>,index=21>
VW,context=Main#main:1,zz=3
VD,method=Main#main:1 <name=w,type=int (id=7),value=<?>,index=20>
VD,method=Main#main:1 <name=zz,type=int (id=7),value=<?>,index=19>
VW,context=Main#main:1,yy=1
VW,context=Main#main:1,zz=0
VW,context=Main#main:1,zz=1
VW,context=Main#main:1,zz=2
VW,context=Main#main:1,zz=3
VD,method=Main#main:1 <name=zz,type=int (id=7),value=<?>,index=19>
VW,context=Main#main:1,yy=2
VW,context=Main#main:1,zz=0
VW,context=Main#main:1,zz=1
VW,context=Main#main:1,zz=2
VW,context=Main#main:1,zz=3
VD,method=Main#main:1 <name=zz,type=int (id=7),value=<?>,index=19>
VW,context=Main#main:1,yy=3
VW,context=Main#main:1,zz=0
VW,context=Main#main:1,zz=1
VW,context=Main#main:1,zz=2
VW,context=Main#main:1,zz=3
VD,method=Main#main:1 <name=zz,type=int (id=7),value=<?>,index=19>
VD,method=Main#main:1 <name=yy,type=int (id=7),value=<?>,index=18>
VW,context=Main#main:1,xx=1
VW,context=Main#main:1,yy=0
VW,context=Main#main:1,zz=0
VW,context=Main#main:1,zz=1
VW,context=Main#main:1,zz=2
VW,context=Main#main:1,zz=3
VD,method=Main#main:1 <name=zz,type=int (id=7),value=<?>,index=19>
VW,context=Main#main:1,yy=1
VW,context=Main#main:1,zz=0
VW,context=Main#main:1,w=2
VW,context=Main#main:1,k=0
VW,context=Main#main:1,ok=true
VW,context=Main#main:1,l=1
VW,context=Main#main:1,ok=false
VD,method=Main#main:1 <name=l,type=int (id=7),value=<?>,index=23>
VW,context=Main#main:1,k=1
VD,method=Main#main:1 <name=ok,type=boolean (id=2),value=<?>,index=22>
VW,context=Main#main:1,ok=true
VW,context=Main#main:1,l=1
VW,context=Main#main:1,ok=false
VD,method=Main#main:1 <name=l,type=int (id=7),value=<?>,index=23>
VW,context=Main#main:1,k=2
VD,method=Main#main:1 <name=ok,type=boolean (id=2),value=<?>,index=22>
VW,context=Main#main:1,ok=true
VW,context=Main#main:1,l=1
VW,context=Main#main:1,ok=false
VD,method=Main#main:1 <name=l,type=int (id=7),value=<?>,index=23>
VW,context=Main#main:1,k=3
VD,method=Main#main:1 <name=ok,type=boolean (id=2),value=<?>,index=22>
VW,context=Main#main:1,ok=true
VW,context=Main#main:1,l=1
VW,context=Main#main:1,ok=false
VD,method=Main#main:1 <name=l,type=int (id=7),value=<?>,index=23>
VW,context=Main#main:1,k=4
VD,method=Main#main:1 <name=ok,type=boolean (id=2),value=<?>,index=22>
VW,context=Main#main:1,ok=true
VW,context=Main#main:1,l=1
VW,context=Main#main:1,ok=false
VD,method=Main#main:1 <name=l,type=int (id=7),value=<?>,index=23>
VW,context=Main#main:1,k=5
VD,method=Main#main:1 <name=ok,type=boolean (id=2),value=<?>,index=22>
VW,context=Main#main:1,ok=true
VW,context=Main#main:1,l=1
VW,context=Main#main:1,l=2
VW,context=Main#main:1,ok=false
VD,method=Main#main:1 <name=l,type=int (id=7),value=<?>,index=23>
VW,context=Main#main:1,k=6
VD,method=Main#main:1 <name=ok,type=boolean (id=2),value=<?>,index=22>
VW,context=Main#main:1,ok=true
VW,context=Main#main:1,l=1
VW,context=Main#main:1,ok=false
VD,method=Main#main:1 <name=l,type=int (id=7),value=<?>,index=23>
VW,context=Main#main:1,k=7
VD,method=Main#main:1 <name=ok,type=boolean (id=2),value=<?>,index=22>
VW,context=Main#main:1,ok=true
VW,context=Main#main:1,k=8
VD,method=Main#main:1 <name=ok,type=boolean (id=2),value=<?>,index=22>
VW,context=Main#main:1,ok=true
VW,context=Main#main:1,k=9
VD,method=Main#main:1 <name=ok,type=boolean (id=2),value=<?>,index=22>
VW,context=Main#main:1,ok=true
VW,context=Main#main:1,k=10
VD,method=Main#main:1 <name=ok,type=boolean (id=2),value=<?>,index=22>
VW,context=Main#main:1,ok=true
VW,context=Main#main:1,k=11
VD,method=Main#main:1 <name=ok,type=boolean (id=2),value=<?>,index=22>
VW,context=Main#main:1,ok=true
VW,context=Main#main:1,k=12
VD,method=Main#main:1 <name=ok,type=boolean (id=2),value=<?>,index=22>
VW,context=Main#main:1,ok=true
VD,method=Main#main:1 <name=ok,type=boolean (id=2),value=<?>,index=22>
VD,method=Main#main:1 <name=k,type=int (id=7),value=<?>,index=21>
VW,context=Main#main:1,zz=1
VD,method=Main#main:1 <name=w,type=int (id=7),value=<?>,index=20>
VW,context=Main#main:1,zz=2
VW,context=Main#main:1,zz=3
VD,method=Main#main:1 <name=zz,type=int (id=7),value=<?>,index=19>
VW,context=Main#main:1,yy=2
VW,context=Main#main:1,zz=0
VW,context=Main#main:1,zz=1
VW,context=Main#main:1,zz=2
VW,context=Main#main:1,zz=3
VD,method=Main#main:1 <name=zz,type=int (id=7),value=<?>,index=19>
VW,context=Main#main:1,yy=3
VW,context=Main#main:1,zz=0
VW,context=Main#main:1,zz=1
VW,context=Main#main:1,zz=2
VW,context=Main#main:1,zz=3
VD,method=Main#main:1 <name=zz,type=int (id=7),value=<?>,index=19>
VD,method=Main#main:1 <name=yy,type=int (id=7),value=<?>,index=18>
VW,context=Main#main:1,xx=2
VW,context=Main#main:1,yy=0
VW,context=Main#main:1,zz=0
VW,context=Main#main:1,zz=1
VW,context=Main#main:1,zz=2
VW,context=Main#main:1,zz=3
VD,method=Main#main:1 <name=zz,type=int (id=7),value=<?>,index=19>
VW,context=Main#main:1,yy=1
VW,context=Main#main:1,zz=0
VW,context=Main#main:1,zz=1
VW,context=Main#main:1,zz=2
VW,context=Main#main:1,zz=3
VD,method=Main#main:1 <name=zz,type=int (id=7),value=<?>,index=19>
VW,context=Main#main:1,yy=2
VW,context=Main#main:1,zz=0
VW,context=Main#main:1,w=2
VW,context=Main#main:1,k=0
VW,context=Main#main:1,ok=true
VW,context=Main#main:1,k=1
VD,method=Main#main:1 <name=ok,type=boolean (id=2),value=<?>,index=22>
VW,context=Main#main:1,ok=true
VW,context=Main#main:1,k=2
VD,method=Main#main:1 <name=ok,type=boolean (id=2),value=<?>,index=22>
VW,context=Main#main:1,ok=true
VW,context=Main#main:1,l=1
VW,context=Main#main:1,ok=false
VD,method=Main#main:1 <name=l,type=int (id=7),value=<?>,index=23>
VW,context=Main#main:1,k=3
VD,method=Main#main:1 <name=ok,type=boolean (id=2),value=<?>,index=22>
VW,context=Main#main:1,ok=true
VW,context=Main#main:1,k=4
VD,method=Main#main:1 <name=ok,type=boolean (id=2),value=<?>,index=22>
VW,context=Main#main:1,ok=true
VW,context=Main#main:1,k=5
VD,method=Main#main:1 <name=ok,type=boolean (id=2),value=<?>,index=22>
VW,context=Main#main:1,ok=true
VW,context=Main#main:1,k=6
VD,method=Main#main:1 <name=ok,type=boolean (id=2),value=<?>,index=22>
VW,context=Main#main:1,ok=true
VW,context=Main#main:1,k=7
VD,method=Main#main:1 <name=ok,type=boolean (id=2),value=<?>,index=22>
VW,context=Main#main:1,ok=true
VW,context=Main#main:1,k=8
VD,method=Main#main:1 <name=ok,type=boolean (id=2),value=<?>,index=22>
VW,context=Main#main:1,ok=true
VW,context=Main#main:1,k=9
VD,method=Main#main:1 <name=ok,type=boolean (id=2),value=<?>,index=22>
VW,context=Main#main:1,ok=true
VW,context=Main#main:1,k=10
VD,method=Main#main:1 <name=ok,type=boolean (id=2),value=<?>,index=22>
VW,context=Main#main:1,ok=true
VW,context=Main#main:1,k=11
VD,method=Main#main:1 <name=ok,type=boolean (id=2),value=<?>,index=22>
VW,context=Main#main:1,ok=true
VW,context=Main#main:1,k=12
VD,method=Main#main:1 <name=ok,type=boolean (id=2),value=<?>,index=22>
VW,context=Main#main:1,ok=true
VD,method=Main#main:1 <name=ok,type=boolean (id=2),value=<?>,index=22>
VD,method=Main#main:1 <name=k,type=int (id=7),value=<?>,index=21>
VW,context=Main#main:1,zz=1
VD,method=Main#main:1 <name=w,type=int (id=7),value=<?>,index=20>
VW,context=Main#main:1,w=1
VW,context=Main#main:1,k=0
VW,context=Main#main:1,ok=true
VW,context=Main#main:1,k=1
VD,method=Main#main:1 <name=ok,type=boolean (id=2),value=<?>,index=22>
VW,context=Main#main:1,ok=true
VW,context=Main#main:1,k=2
VD,method=Main#main:1 <name=ok,type=boolean (id=2),value=<?>,index=22>
VW,context=Main#main:1,ok=true
VW,context=Main#main:1,l=1
VW,context=Main#main:1,l=2
VW,context=Main#main:1,ok=false
VD,method=Main#main:1 <name=l,type=int (id=7),value=<?>,index=23>
VW,context=Main#main:1,k=3
VD,method=Main#main:1 <name=ok,type=boolean (id=2),value=<?>,index=22>
VW,context=Main#main:1,ok=true
VW,context=Main#main:1,k=4
VD,method=Main#main:1 <name=ok,type=boolean (id=2),value=<?>,index=22>
VW,context=Main#main:1,ok=true
VW,context=Main#main:1,k=5
VD,method=Main#main:1 <name=ok,type=boolean (id=2),value=<?>,index=22>
VW,context=Main#main:1,ok=true
VW,context=Main#main:1,k=6
VD,method=Main#main:1 <name=ok,type=boolean (id=2),value=<?>,index=22>
VW,context=Main#main:1,ok=true
VW,context=Main#main:1,k=7
VD,method=Main#main:1 <name=ok,type=boolean (id=2),value=<?>,index=22>
VW,context=Main#main:1,ok=true
VW,context=Main#main:1,k=8
VD,method=Main#main:1 <name=ok,type=boolean (id=2),value=<?>,index=22>
VW,context=Main#main:1,ok=true
VW,context=Main#main:1,k=9
VD,method=Main#main:1 <name=ok,type=boolean (id=2),value=<?>,index=22>
VW,context=Main#main:1,ok=true
VW,context=Main#main:1,k=10
VD,method=Main#main:1 <name=ok,type=boolean (id=2),value=<?>,index=22>
VW,context=Main#main:1,ok=true
VW,context=Main#main:1,k=11
VD,method=Main#main:1 <name=ok,type=boolean (id=2),value=<?>,index=22>
VW,context=Main#main:1,ok=true
VW,context=Main#main:1,k=12
VD,method=Main#main:1 <name=ok,type=boolean (id=2),value=<?>,index=22>
VW,context=Main#main:1,ok=true
VD,method=Main#main:1 <name=ok,type=boolean (id=2),value=<?>,index=22>
VD,method=Main#main:1 <name=k,type=int (id=7),value=<?>,index=21>
VW,context=Main#main:1,zz=2
VD,method=Main#main:1 <name=w,type=int (id=7),value=<?>,index=20>
VW,context=Main#main:1,w=1
VW,context=Main#main:1,k=0
VW,context=Main#main:1,ok=true
VW,context=Main#main:1,k=1
VD,method=Main#main:1 <name=ok,type=boolean (id=2),value=<?>,index=22>
VW,context=Main#main:1,ok=true
VW,context=Main#main:1,k=2
VD,method=Main#main:1 <name=ok,type=boolean (id=2),value=<?>,index=22>
VW,context=Main#main:1,ok=true
VW,context=Main#main:1,k=3
VD,method=Main#main:1 <name=ok,type=boolean (id=2),value=<?>,index=22>
VW,context=Main#main:1,ok=true
VW,context=Main#main:1,k=4
VD,method=Main#main:1 <name=ok,type=boolean (id=2),value=<?>,index=22>
VW,context=Main#main:1,ok=true
VW,context=Main#main:1,k=5
VD,method=Main#main:1 <name=ok,type=boolean (id=2),value=<?>,index=22>
VW,context=Main#main:1,ok=true
VW,context=Main#main:1,k=6
VD,method=Main#main:1 <name=ok,type=boolean (id=2),value=<?>,index=22>
VW,context=Main#main:1,ok=true
VW,context=Main#main:1,k=7
VD,method=Main#main:1 <name=ok,type=boolean (id=2),value=<?>,index=22>
VW,context=Main#main:1,ok=true
VW,context=Main#main:1,k=8
VD,method=Main#main:1 <name=ok,type=boolean (id=2),value=<?>,index=22>
VW,context=Main#main:1,ok=true
VW,context=Main#main:1,k=9
VD,method=Main#main:1 <name=ok,type=boolean (id=2),value=<?>,index=22>
VW,context=Main#main:1,ok=true
VW,context=Main#main:1,k=10
VD,method=Main#main:1 <name=ok,type=boolean (id=2),value=<?>,index=22>
VW,context=Main#main:1,ok=true
VW,context=Main#main:1,k=11
VD,method=Main#main:1 <name=ok,type=boolean (id=2),value=<?>,index=22>
VW,context=Main#main:1,ok=true
VW,context=Main#main:1,k=12
VD,method=Main#main:1 <name=ok,type=boolean (id=2),value=<?>,index=22>
VW,context=Main#main:1,ok=true
VD,method=Main#main:1 <name=ok,type=boolean (id=2),value=<?>,index=22>
VD,method=Main#main:1 <name=k,type=int (id=7),value=<?>,index=21>
VW,context=Main#main:1,zz=3
VD,method=Main#main:1 <name=w,type=int (id=7),value=<?>,index=20>
VD,method=Main#main:1 <name=zz,type=int (id=7),value=<?>,index=19>
VW,context=Main#main:1,yy=3
VW,context=Main#main:1,zz=0
VW,context=Main#main:1,zz=1
VW,context=Main#main:1,zz=2
VW,context=Main#main:1,zz=3
VD,method=Main#main:1 <name=zz,type=int (id=7),value=<?>,index=19>
VD,method=Main#main:1 <name=yy,type=int (id=7),value=<?>,index=18>
VW,context=Main#main:1,xx=3
VW,context=Main#main:1,yy=0
VW,context=Main#main:1,zz=0
VW,context=Main#main:1,zz=1
VW,context=Main#main:1,zz=2
VW,context=Main#main:1,zz=3
VD,method=Main#main:1 <name=zz,type=int (id=7),value=<?>,index=19>
VW,context=Main#main:1,yy=1
VW,context=Main#main:1,zz=0
VW,context=Main#main:1,zz=1
VW,context=Main#main:1,zz=2
VW,context=Main#main:1,zz=3
VD,method=Main#main:1 <name=zz,type=int (id=7),value=<?>,index=19>
VW,context=Main#main:1,yy=2
VW,context=Main#main:1,zz=0
VW,context=Main#main:1,zz=1
VW,context=Main#main:1,zz=2
VW,context=Main#main:1,zz=3
VD,method=Main#main:1 <name=zz,type=int (id=7),value=<?>,index=19>
VW,context=Main#main:1,yy=3
VW,context=Main#main:1,zz=0
VW,context=Main#main:1,zz=1
VW,context=Main#main:1,zz=2
VW,context=Main#main:1,zz=3
VD,method=Main#main:1 <name=zz,type=int (id=7),value=<?>,index=19>
VD,method=Main#main:1 <name=yy,type=int (id=7),value=<?>,index=18>
VD,method=Main#main:1 <name=xx,type=int (id=7),value=<?>,index=17>
VW,context=Main#main:1,now=2
VW,context=Main#main:1,i=7
VW,context=Main#main:1,j=0
VW,context=Main#main:1,j=1
VW,context=Main#main:1,j=2
VW,context=Main#main:1,j=3
VW,context=Main#main:1,map=int[][][]:3
VD,method=Main#main:1 <name=j,type=int (id=7),value=<?>,index=16>
VW,context=Main#main:1,xx=0
VW,context=Main#main:1,yy=0
VW,context=Main#main:1,zz=0
VW,context=Main#main:1,w=1
VW,context=Main#main:1,k=0
VW,context=Main#main:1,ok=true
VW,context=Main#main:1,l=1
VW,context=Main#main:1,ok=false
VD,method=Main#main:1 <name=l,type=int (id=7),value=<?>,index=23>
VW,context=Main#main:1,k=1
VD,method=Main#main:1 <name=ok,type=boolean (id=2),value=<?>,index=22>
VW,context=Main#main:1,ok=true
VW,context=Main#main:1,l=1
VW,context=Main#main:1,ok=false
VD,method=Main#main:1 <name=l,type=int (id=7),value=<?>,index=23>
VW,context=Main#main:1,k=2
VD,method=Main#main:1 <name=ok,type=boolean (id=2),value=<?>,index=22>
VW,context=Main#main:1,ok=true
VW,context=Main#main:1,l=1
VW,context=Main#main:1,l=2
VW,context=Main#main:1,ok=false
VD,method=Main#main:1 <name=l,type=int (id=7),value=<?>,index=23>
VW,context=Main#main:1,k=3
VD,method=Main#main:1 <name=ok,type=boolean (id=2),value=<?>,index=22>
VW,context=Main#main:1,ok=true
VW,context=Main#main:1,l=1
VW,context=Main#main:1,ok=false
VD,method=Main#main:1 <name=l,type=int (id=7),value=<?>,index=23>
VW,context=Main#main:1,k=4
VD,method=Main#main:1 <name=ok,type=boolean (id=2),value=<?>,index=22>
VW,context=Main#main:1,ok=true
VW,context=Main#main:1,l=1
VW,context=Main#main:1,ok=false
VD,method=Main#main:1 <name=l,type=int (id=7),value=<?>,index=23>
VW,context=Main#main:1,k=5
VD,method=Main#main:1 <name=ok,type=boolean (id=2),value=<?>,index=22>
VW,context=Main#main:1,ok=true
VW,context=Main#main:1,l=1
VW,context=Main#main:1,ok=false
VD,method=Main#main:1 <name=l,type=int (id=7),value=<?>,index=23>
VW,context=Main#main:1,k=6
VD,method=Main#main:1 <name=ok,type=boolean (id=2),value=<?>,index=22>
VW,context=Main#main:1,ok=true
VW,context=Main#main:1,l=1
VW,context=Main#main:1,ok=false
VD,method=Main#main:1 <name=l,type=int (id=7),value=<?>,index=23>
VW,context=Main#main:1,k=7
VD,method=Main#main:1 <name=ok,type=boolean (id=2),value=<?>,index=22>
VW,context=Main#main:1,ok=true
VW,context=Main#main:1,k=8
VD,method=Main#main:1 <name=ok,type=boolean (id=2),value=<?>,index=22>
VW,context=Main#main:1,ok=true
VW,context=Main#main:1,k=9
VD,method=Main#main:1 <name=ok,type=boolean (id=2),value=<?>,index=22>
VW,context=Main#main:1,ok=true
VW,context=Main#main:1,k=10
VD,method=Main#main:1 <name=ok,type=boolean (id=2),value=<?>,index=22>
VW,context=Main#main:1,ok=true
VW,context=Main#main:1,k=11
VD,method=Main#main:1 <name=ok,type=boolean (id=2),value=<?>,index=22>
VW,context=Main#main:1,ok=true
VW,context=Main#main:1,k=12
VD,method=Main#main:1 <name=ok,type=boolean (id=2),value=<?>,index=22>
VW,context=Main#main:1,ok=true
VD,method=Main#main:1 <name=ok,type=boolean (id=2),value=<?>,index=22>
VD,method=Main#main:1 <name=k,type=int (id=7),value=<?>,index=21>
VW,context=Main#main:1,zz=1
VD,method=Main#main:1 <name=w,type=int (id=7),value=<?>,index=20>
VW,context=Main#main:1,w=1
VW,context=Main#main:1,k=0
VW,context=Main#main:1,ok=true
VW,context=Main#main:1,l=1
VW,context=Main#main:1,ok=false
VD,method=Main#main:1 <name=l,type=int (id=7),value=<?>,index=23>
VW,context=Main#main:1,k=1
VD,method=Main#main:1 <name=ok,type=boolean (id=2),value=<?>,index=22>
VW,context=Main#main:1,ok=true
VW,context=Main#main:1,l=1
VW,context=Main#main:1,ok=false
VD,method=Main#main:1 <name=l,type=int (id=7),value=<?>,index=23>
VW,context=Main#main:1,k=2
VD,method=Main#main:1 <name=ok,type=boolean (id=2),value=<?>,index=22>
VW,context=Main#main:1,ok=true
VW,context=Main#main:1,l=1
VW,context=Main#main:1,ok=false
VD,method=Main#main:1 <name=l,type=int (id=7),value=<?>,index=23>
VW,context=Main#main:1,k=3
VD,method=Main#main:1 <name=ok,type=boolean (id=2),value=<?>,index=22>
VW,context=Main#main:1,ok=true
VW,context=Main#main:1,l=1
VW,context=Main#main:1,ok=false
VD,method=Main#main:1 <name=l,type=int (id=7),value=<?>,index=23>
VW,context=Main#main:1,k=4
VD,method=Main#main:1 <name=ok,type=boolean (id=2),value=<?>,index=22>
VW,context=Main#main:1,ok=true
VW,context=Main#main:1,l=1
VW,context=Main#main:1,ok=false
VD,method=Main#main:1 <name=l,type=int (id=7),value=<?>,index=23>
VW,context=Main#main:1,k=5
VD,method=Main#main:1 <name=ok,type=boolean (id=2),value=<?>,index=22>
VW,context=Main#main:1,ok=true
VW,context=Main#main:1,l=1
VW,context=Main#main:1,ok=false
VD,method=Main#main:1 <name=l,type=int (id=7),value=<?>,index=23>
VW,context=Main#main:1,k=6
VD,method=Main#main:1 <name=ok,type=boolean (id=2),value=<?>,index=22>
VW,context=Main#main:1,ok=true
VW,context=Main#main:1,l=1
VW,context=Main#main:1,ok=false
VD,method=Main#main:1 <name=l,type=int (id=7),value=<?>,index=23>
VW,context=Main#main:1,k=7
VD,method=Main#main:1 <name=ok,type=boolean (id=2),value=<?>,index=22>
VW,context=Main#main:1,ok=true
VW,context=Main#main:1,k=8
VD,method=Main#main:1 <name=ok,type=boolean (id=2),value=<?>,index=22>
VW,context=Main#main:1,ok=true
VW,context=Main#main:1,k=9
VD,method=Main#main:1 <name=ok,type=boolean (id=2),value=<?>,index=22>
VW,context=Main#main:1,ok=true
VW,context=Main#main:1,k=10
VD,method=Main#main:1 <name=ok,type=boolean (id=2),value=<?>,index=22>
VW,context=Main#main:1,ok=true
VW,context=Main#main:1,k=11
VD,method=Main#main:1 <name=ok,type=boolean (id=2),value=<?>,index=22>
VW,context=Main#main:1,ok=true
VW,context=Main#main:1,k=12
VD,method=Main#main:1 <name=ok,type=boolean (id=2),value=<?>,index=22>
VW,context=Main#main:1,ok=true
VD,method=Main#main:1 <name=ok,type=boolean (id=2),value=<?>,index=22>
VD,method=Main#main:1 <name=k,type=int (id=7),value=<?>,index=21>
VW,context=Main#main:1,zz=2
VD,method=Main#main:1 <name=w,type=int (id=7),value=<?>,index=20>
VW,context=Main#main:1,w=2
VW,context=Main#main:1,k=0
VW,context=Main#main:1,ok=true
VW,context=Main#main:1,l=1
VW,context=Main#main:1,ok=false
VD,method=Main#main:1 <name=l,type=int (id=7),value=<?>,index=23>
VW,context=Main#main:1,k=1
VD,method=Main#main:1 <name=ok,type=boolean (id=2),value=<?>,index=22>
VW,context=Main#main:1,ok=true
VW,context=Main#main:1,k=2
VD,method=Main#main:1 <name=ok,type=boolean (id=2),value=<?>,index=22>
VW,context=Main#main:1,ok=true
VW,context=Main#main:1,k=3
VD,method=Main#main:1 <name=ok,type=boolean (id=2),value=<?>,index=22>
VW,context=Main#main:1,ok=true
VW,context=Main#main:1,k=4
VD,method=Main#main:1 <name=ok,type=boolean (id=2),value=<?>,index=22>
VW,context=Main#main:1,ok=true
VW,context=Main#main:1,l=1
VW,context=Main#main:1,ok=false
VD,method=Main#main:1 <name=l,type=int (id=7),value=<?>,index=23>
VW,context=Main#main:1,k=5
VD,method=Main#main:1 <name=ok,type=boolean (id=2),value=<?>,index=22>
VW,context=Main#main:1,ok=true
VW,context=Main#main:1,l=1
VW,context=Main#main:1,ok=false
VD,method=Main#main:1 <name=l,type=int (id=7),value=<?>,index=23>
VW,context=Main#main:1,k=6
VD,method=Main#main:1 <name=ok,type=boolean (id=2),value=<?>,index=22>
VW,context=Main#main:1,ok=true
VW,context=Main#main:1,k=7
VD,method=Main#main:1 <name=ok,type=boolean (id=2),value=<?>,index=22>
VW,context=Main#main:1,ok=true
VW,context=Main#main:1,k=8
VD,method=Main#main:1 <name=ok,type=boolean (id=2),value=<?>,index=22>
VW,context=Main#main:1,ok=true
VW,context=Main#main:1,k=9
VD,method=Main#main:1 <name=ok,type=boolean (id=2),value=<?>,index=22>
VW,context=Main#main:1,ok=true
VW,context=Main#main:1,l=1
VW,context=Main#main:1,ok=false
VD,method=Main#main:1 <name=l,type=int (id=7),value=<?>,index=23>
VW,context=Main#main:1,k=10
VD,method=Main#main:1 <name=ok,type=boolean (id=2),value=<?>,index=22>
VW,context=Main#main:1,ok=true
VW,context=Main#main:1,k=11
VD,method=Main#main:1 <name=ok,type=boolean (id=2),value=<?>,index=22>
VW,context=Main#main:1,ok=true
VW,context=Main#main:1,l=1
VW,context=Main#main:1,ok=false
VD,method=Main#main:1 <name=l,type=int (id=7),value=<?>,index=23>
VW,context=Main#main:1,k=12
VD,method=Main#main:1 <name=ok,type=boolean (id=2),value=<?>,index=22>
VW,context=Main#main:1,ok=true
VW,context=Main#main:1,l=1
VW,context=Main#main:1,ok=false
VD,method=Main#main:1 <name=l,type=int (id=7),value=<?>,index=23>
VD,method=Main#main:1 <name=ok,type=boolean (id=2),value=<?>,index=22>
VD,method=Main#main:1 <name=k,type=int (id=7),value=<?>,index=21>
VW,context=Main#main:1,zz=3
VD,method=Main#main:1 <name=w,type=int (id=7),value=<?>,index=20>
VD,method=Main#main:1 <name=zz,type=int (id=7),value=<?>,index=19>
VW,context=Main#main:1,yy=1
VW,context=Main#main:1,zz=0
VW,context=Main#main:1,zz=1
VW,context=Main#main:1,zz=2
VW,context=Main#main:1,zz=3
VD,method=Main#main:1 <name=zz,type=int (id=7),value=<?>,index=19>
VW,context=Main#main:1,yy=2
VW,context=Main#main:1,zz=0
VW,context=Main#main:1,zz=1
VW,context=Main#main:1,zz=2
VW,context=Main#main:1,zz=3
VD,method=Main#main:1 <name=zz,type=int (id=7),value=<?>,index=19>
VW,context=Main#main:1,yy=3
VW,context=Main#main:1,zz=0
VW,context=Main#main:1,zz=1
VW,context=Main#main:1,zz=2
VW,context=Main#main:1,zz=3
VD,method=Main#main:1 <name=zz,type=int (id=7),value=<?>,index=19>
VD,method=Main#main:1 <name=yy,type=int (id=7),value=<?>,index=18>
VW,context=Main#main:1,xx=1
VW,context=Main#main:1,yy=0
VW,context=Main#main:1,zz=0
VW,context=Main#main:1,zz=1
VW,context=Main#main:1,zz=2
VW,context=Main#main:1,zz=3
VD,method=Main#main:1 <name=zz,type=int (id=7),value=<?>,index=19>
VW,context=Main#main:1,yy=1
VW,context=Main#main:1,zz=0
VW,context=Main#main:1,w=2
VW,context=Main#main:1,k=0
VW,context=Main#main:1,ok=true
VW,context=Main#main:1,l=1
VW,context=Main#main:1,ok=false
VD,method=Main#main:1 <name=l,type=int (id=7),value=<?>,index=23>
VW,context=Main#main:1,k=1
VD,method=Main#main:1 <name=ok,type=boolean (id=2),value=<?>,index=22>
VW,context=Main#main:1,ok=true
VW,context=Main#main:1,l=1
VW,context=Main#main:1,ok=false
VD,method=Main#main:1 <name=l,type=int (id=7),value=<?>,index=23>
VW,context=Main#main:1,k=2
VD,method=Main#main:1 <name=ok,type=boolean (id=2),value=<?>,index=22>
VW,context=Main#main:1,ok=true
VW,context=Main#main:1,l=1
VW,context=Main#main:1,ok=false
VD,method=Main#main:1 <name=l,type=int (id=7),value=<?>,index=23>
VW,context=Main#main:1,k=3
VD,method=Main#main:1 <name=ok,type=boolean (id=2),value=<?>,index=22>
VW,context=Main#main:1,ok=true
VW,context=Main#main:1,l=1
VW,context=Main#main:1,ok=false
VD,method=Main#main:1 <name=l,type=int (id=7),value=<?>,index=23>
VW,context=Main#main:1,k=4
VD,method=Main#main:1 <name=ok,type=boolean (id=2),value=<?>,index=22>
VW,context=Main#main:1,ok=true
VW,context=Main#main:1,l=1
VW,context=Main#main:1,ok=false
VD,method=Main#main:1 <name=l,type=int (id=7),value=<?>,index=23>
VW,context=Main#main:1,k=5
VD,method=Main#main:1 <name=ok,type=boolean (id=2),value=<?>,index=22>
VW,context=Main#main:1,ok=true
VW,context=Main#main:1,l=1
VW,context=Main#main:1,l=2
VW,context=Main#main:1,ok=false
VD,method=Main#main:1 <name=l,type=int (id=7),value=<?>,index=23>
VW,context=Main#main:1,k=6
VD,method=Main#main:1 <name=ok,type=boolean (id=2),value=<?>,index=22>
VW,context=Main#main:1,ok=true
VW,context=Main#main:1,l=1
VW,context=Main#main:1,ok=false
VD,method=Main#main:1 <name=l,type=int (id=7),value=<?>,index=23>
VW,context=Main#main:1,k=7
VD,method=Main#main:1 <name=ok,type=boolean (id=2),value=<?>,index=22>
VW,context=Main#main:1,ok=true
VW,context=Main#main:1,k=8
VD,method=Main#main:1 <name=ok,type=boolean (id=2),value=<?>,index=22>
VW,context=Main#main:1,ok=true
VW,context=Main#main:1,k=9
VD,method=Main#main:1 <name=ok,type=boolean (id=2),value=<?>,index=22>
VW,context=Main#main:1,ok=true
VW,context=Main#main:1,k=10
VD,method=Main#main:1 <name=ok,type=boolean (id=2),value=<?>,index=22>
VW,context=Main#main:1,ok=true
VW,context=Main#main:1,k=11
VD,method=Main#main:1 <name=ok,type=boolean (id=2),value=<?>,index=22>
VW,context=Main#main:1,ok=true
VW,context=Main#main:1,k=12
VD,method=Main#main:1 <name=ok,type=boolean (id=2),value=<?>,index=22>
VW,context=Main#main:1,ok=true
VD,method=Main#main:1 <name=ok,type=boolean (id=2),value=<?>,index=22>
VD,method=Main#main:1 <name=k,type=int (id=7),value=<?>,index=21>
VW,context=Main#main:1,zz=1
VD,method=Main#main:1 <name=w,type=int (id=7),value=<?>,index=20>
VW,context=Main#main:1,zz=2
VW,context=Main#main:1,zz=3
VD,method=Main#main:1 <name=zz,type=int (id=7),value=<?>,index=19>
VW,context=Main#main:1,yy=2
VW,context=Main#main:1,zz=0
VW,context=Main#main:1,zz=1
VW,context=Main#main:1,zz=2
VW,context=Main#main:1,zz=3
VD,method=Main#main:1 <name=zz,type=int (id=7),value=<?>,index=19>
VW,context=Main#main:1,yy=3
VW,context=Main#main:1,zz=0
VW,context=Main#main:1,zz=1
VW,context=Main#main:1,zz=2
VW,context=Main#main:1,zz=3
VD,method=Main#main:1 <name=zz,type=int (id=7),value=<?>,index=19>
VD,method=Main#main:1 <name=yy,type=int (id=7),value=<?>,index=18>
VW,context=Main#main:1,xx=2
VW,context=Main#main:1,yy=0
VW,context=Main#main:1,zz=0
VW,context=Main#main:1,zz=1
VW,context=Main#main:1,zz=2
VW,context=Main#main:1,zz=3
VD,method=Main#main:1 <name=zz,type=int (id=7),value=<?>,index=19>
VW,context=Main#main:1,yy=1
VW,context=Main#main:1,zz=0
VW,context=Main#main:1,zz=1
VW,context=Main#main:1,zz=2
VW,context=Main#main:1,zz=3
VD,method=Main#main:1 <name=zz,type=int (id=7),value=<?>,index=19>
VW,context=Main#main:1,yy=2
VW,context=Main#main:1,zz=0
VW,context=Main#main:1,w=2
VW,context=Main#main:1,k=0
VW,context=Main#main:1,ok=true
VW,context=Main#main:1,k=1
VD,method=Main#main:1 <name=ok,type=boolean (id=2),value=<?>,index=22>
VW,context=Main#main:1,ok=true
VW,context=Main#main:1,k=2
VD,method=Main#main:1 <name=ok,type=boolean (id=2),value=<?>,index=22>
VW,context=Main#main:1,ok=true
VW,context=Main#main:1,l=1
VW,context=Main#main:1,ok=false
VD,method=Main#main:1 <name=l,type=int (id=7),value=<?>,index=23>
VW,context=Main#main:1,k=3
VD,method=Main#main:1 <name=ok,type=boolean (id=2),value=<?>,index=22>
VW,context=Main#main:1,ok=true
VW,context=Main#main:1,k=4
VD,method=Main#main:1 <name=ok,type=boolean (id=2),value=<?>,index=22>
VW,context=Main#main:1,ok=true
VW,context=Main#main:1,k=5
VD,method=Main#main:1 <name=ok,type=boolean (id=2),value=<?>,index=22>
VW,context=Main#main:1,ok=true
VW,context=Main#main:1,k=6
VD,method=Main#main:1 <name=ok,type=boolean (id=2),value=<?>,index=22>
VW,context=Main#main:1,ok=true
VW,context=Main#main:1,k=7
VD,method=Main#main:1 <name=ok,type=boolean (id=2),value=<?>,index=22>
VW,context=Main#main:1,ok=true
VW,context=Main#main:1,k=8
VD,method=Main#main:1 <name=ok,type=boolean (id=2),value=<?>,index=22>
VW,context=Main#main:1,ok=true
VW,context=Main#main:1,k=9
VD,method=Main#main:1 <name=ok,type=boolean (id=2),value=<?>,index=22>
VW,context=Main#main:1,ok=true
VW,context=Main#main:1,k=10
VD,method=Main#main:1 <name=ok,type=boolean (id=2),value=<?>,index=22>
VW,context=Main#main:1,ok=true
VW,context=Main#main:1,k=11
VD,method=Main#main:1 <name=ok,type=boolean (id=2),value=<?>,index=22>
VW,context=Main#main:1,ok=true
VW,context=Main#main:1,k=12
VD,method=Main#main:1 <name=ok,type=boolean (id=2),value=<?>,index=22>
VW,context=Main#main:1,ok=true
VD,method=Main#main:1 <name=ok,type=boolean (id=2),value=<?>,index=22>
VD,method=Main#main:1 <name=k,type=int (id=7),value=<?>,index=21>
VW,context=Main#main:1,zz=1
VD,method=Main#main:1 <name=w,type=int (id=7),value=<?>,index=20>
VW,context=Main#main:1,w=1
VW,context=Main#main:1,k=0
VW,context=Main#main:1,ok=true
VW,context=Main#main:1,k=1
VD,method=Main#main:1 <name=ok,type=boolean (id=2),value=<?>,index=22>
VW,context=Main#main:1,ok=true
VW,context=Main#main:1,k=2
VD,method=Main#main:1 <name=ok,type=boolean (id=2),value=<?>,index=22>
VW,context=Main#main:1,ok=true
VW,context=Main#main:1,l=1
VW,context=Main#main:1,l=2
VW,context=Main#main:1,ok=false
VD,method=Main#main:1 <name=l,type=int (id=7),value=<?>,index=23>
VW,context=Main#main:1,k=3
VD,method=Main#main:1 <name=ok,type=boolean (id=2),value=<?>,index=22>
VW,context=Main#main:1,ok=true
VW,context=Main#main:1,k=4
VD,method=Main#main:1 <name=ok,type=boolean (id=2),value=<?>,index=22>
VW,context=Main#main:1,ok=true
VW,context=Main#main:1,k=5
VD,method=Main#main:1 <name=ok,type=boolean (id=2),value=<?>,index=22>
VW,context=Main#main:1,ok=true
VW,context=Main#main:1,k=6
VD,method=Main#main:1 <name=ok,type=boolean (id=2),value=<?>,index=22>
VW,context=Main#main:1,ok=true
VW,context=Main#main:1,k=7
VD,method=Main#main:1 <name=ok,type=boolean (id=2),value=<?>,index=22>
VW,context=Main#main:1,ok=true
VW,context=Main#main:1,k=8
VD,method=Main#main:1 <name=ok,type=boolean (id=2),value=<?>,index=22>
VW,context=Main#main:1,ok=true
VW,context=Main#main:1,k=9
VD,method=Main#main:1 <name=ok,type=boolean (id=2),value=<?>,index=22>
VW,context=Main#main:1,ok=true
VW,context=Main#main:1,k=10
VD,method=Main#main:1 <name=ok,type=boolean (id=2),value=<?>,index=22>
VW,context=Main#main:1,ok=true
VW,context=Main#main:1,k=11
VD,method=Main#main:1 <name=ok,type=boolean (id=2),value=<?>,index=22>
VW,context=Main#main:1,ok=true
VW,context=Main#main:1,k=12
VD,method=Main#main:1 <name=ok,type=boolean (id=2),value=<?>,index=22>
VW,context=Main#main:1,ok=true
VD,method=Main#main:1 <name=ok,type=boolean (id=2),value=<?>,index=22>
VD,method=Main#main:1 <name=k,type=int (id=7),value=<?>,index=21>
VW,context=Main#main:1,zz=2
VD,method=Main#main:1 <name=w,type=int (id=7),value=<?>,index=20>
VW,context=Main#main:1,w=1
VW,context=Main#main:1,k=0
VW,context=Main#main:1,ok=true
VW,context=Main#main:1,k=1
VD,method=Main#main:1 <name=ok,type=boolean (id=2),value=<?>,index=22>
VW,context=Main#main:1,ok=true
VW,context=Main#main:1,k=2
VD,method=Main#main:1 <name=ok,type=boolean (id=2),value=<?>,index=22>
VW,context=Main#main:1,ok=true
VW,context=Main#main:1,k=3
VD,method=Main#main:1 <name=ok,type=boolean (id=2),value=<?>,index=22>
VW,context=Main#main:1,ok=true
VW,context=Main#main:1,k=4
VD,method=Main#main:1 <name=ok,type=boolean (id=2),value=<?>,index=22>
VW,context=Main#main:1,ok=true
VW,context=Main#main:1,k=5
VD,method=Main#main:1 <name=ok,type=boolean (id=2),value=<?>,index=22>
VW,context=Main#main:1,ok=true
VW,context=Main#main:1,k=6
VD,method=Main#main:1 <name=ok,type=boolean (id=2),value=<?>,index=22>
VW,context=Main#main:1,ok=true
VW,context=Main#main:1,k=7
VD,method=Main#main:1 <name=ok,type=boolean (id=2),value=<?>,index=22>
VW,context=Main#main:1,ok=true
VW,context=Main#main:1,k=8
VD,method=Main#main:1 <name=ok,type=boolean (id=2),value=<?>,index=22>
VW,context=Main#main:1,ok=true
VW,context=Main#main:1,k=9
VD,method=Main#main:1 <name=ok,type=boolean (id=2),value=<?>,index=22>
VW,context=Main#main:1,ok=true
VW,context=Main#main:1,k=10
VD,method=Main#main:1 <name=ok,type=boolean (id=2),value=<?>,index=22>
VW,context=Main#main:1,ok=true
VW,context=Main#main:1,k=11
VD,method=Main#main:1 <name=ok,type=boolean (id=2),value=<?>,index=22>
VW,context=Main#main:1,ok=true
VW,context=Main#main:1,k=12
VD,method=Main#main:1 <name=ok,type=boolean (id=2),value=<?>,index=22>
VW,context=Main#main:1,ok=true
VD,method=Main#main:1 <name=ok,type=boolean (id=2),value=<?>,index=22>
VD,method=Main#main:1 <name=k,type=int (id=7),value=<?>,index=21>
VW,context=Main#main:1,zz=3
VD,method=Main#main:1 <name=w,type=int (id=7),value=<?>,index=20>
VW,context=Main#main:1,w=2
VW,context=Main#main:1,k=0
VW,context=Main#main:1,ok=true
VW,context=Main#main:1,k=1
VD,method=Main#main:1 <name=ok,type=boolean (id=2),value=<?>,index=22>
VW,context=Main#main:1,ok=true
VW,context=Main#main:1,k=2
VD,method=Main#main:1 <name=ok,type=boolean (id=2),value=<?>,index=22>
VW,context=Main#main:1,ok=true
VW,context=Main#main:1,k=3
VD,method=Main#main:1 <name=ok,type=boolean (id=2),value=<?>,index=22>
VW,context=Main#main:1,ok=true
VW,context=Main#main:1,k=4
VD,method=Main#main:1 <name=ok,type=boolean (id=2),value=<?>,index=22>
VW,context=Main#main:1,ok=true
VW,context=Main#main:1,k=5
VD,method=Main#main:1 <name=ok,type=boolean (id=2),value=<?>,index=22>
VW,context=Main#main:1,ok=true
VW,context=Main#main:1,k=6
VD,method=Main#main:1 <name=ok,type=boolean (id=2),value=<?>,index=22>
VW,context=Main#main:1,ok=true
VW,context=Main#main:1,k=7
VD,method=Main#main:1 <name=ok,type=boolean (id=2),value=<?>,index=22>
VW,context=Main#main:1,ok=true
VW,context=Main#main:1,k=8
VD,method=Main#main:1 <name=ok,type=boolean (id=2),value=<?>,index=22>
VW,context=Main#main:1,ok=true
VW,context=Main#main:1,k=9
VD,method=Main#main:1 <name=ok,type=boolean (id=2),value=<?>,index=22>
VW,context=Main#main:1,ok=true
VW,context=Main#main:1,k=10
VD,method=Main#main:1 <name=ok,type=boolean (id=2),value=<?>,index=22>
VW,context=Main#main:1,ok=true
VW,context=Main#main:1,k=11
VD,method=Main#main:1 <name=ok,type=boolean (id=2),value=<?>,index=22>
VW,context=Main#main:1,ok=true
VW,context=Main#main:1,k=12
VD,method=Main#main:1 <name=ok,type=boolean (id=2),value=<?>,index=22>
VW,context=Main#main:1,ok=true
VD,method=Main#main:1 <name=ok,type=boolean (id=2),value=<?>,index=22>
VD,method=Main#main:1 <name=k,type=int (id=7),value=<?>,index=21>
VD,method=Main#main:1 <name=w,type=int (id=7),value=<?>,index=20>
VD,method=Main#main:1 <name=zz,type=int (id=7),value=<?>,index=19>
VW,context=Main#main:1,yy=3
VW,context=Main#main:1,zz=0
VW,context=Main#main:1,zz=1
VW,context=Main#main:1,zz=2
VW,context=Main#main:1,zz=3
VD,method=Main#main:1 <name=zz,type=int (id=7),value=<?>,index=19>
VD,method=Main#main:1 <name=yy,type=int (id=7),value=<?>,index=18>
VW,context=Main#main:1,xx=3
VW,context=Main#main:1,yy=0
VW,context=Main#main:1,zz=0
VW,context=Main#main:1,zz=1
VW,context=Main#main:1,zz=2
VW,context=Main#main:1,zz=3
VD,method=Main#main:1 <name=zz,type=int (id=7),value=<?>,index=19>
VW,context=Main#main:1,yy=1
VW,context=Main#main:1,zz=0
VW,context=Main#main:1,zz=1
VW,context=Main#main:1,zz=2
VW,context=Main#main:1,zz=3
VD,method=Main#main:1 <name=zz,type=int (id=7),value=<?>,index=19>
VW,context=Main#main:1,yy=2
VW,context=Main#main:1,zz=0
VW,context=Main#main:1,zz=1
VW,context=Main#main:1,zz=2
VW,context=Main#main:1,zz=3
VD,method=Main#main:1 <name=zz,type=int (id=7),value=<?>,index=19>
VW,context=Main#main:1,yy=3
VW,context=Main#main:1,zz=0
VW,context=Main#main:1,zz=1
VW,context=Main#main:1,zz=2
VW,context=Main#main:1,zz=3
VD,method=Main#main:1 <name=zz,type=int (id=7),value=<?>,index=19>
VD,method=Main#main:1 <name=yy,type=int (id=7),value=<?>,index=18>
VD,method=Main#main:1 <name=xx,type=int (id=7),value=<?>,index=17>
VW,context=Main#main:1,now=1
VW,context=Main#main:1,i=8
VW,context=Main#main:1,j=0
VW,context=Main#main:1,map=int[][][]:3
VD,method=Main#main:1 <name=j,type=int (id=7),value=<?>,index=16>
VW,context=Main#main:1,xx=0
VW,context=Main#main:1,yy=0
VW,context=Main#main:1,zz=0
VW,context=Main#main:1,w=1
VW,context=Main#main:1,k=0
VW,context=Main#main:1,ok=true
VW,context=Main#main:1,l=1
VW,context=Main#main:1,ok=false
VD,method=Main#main:1 <name=l,type=int (id=7),value=<?>,index=23>
VW,context=Main#main:1,k=1
VD,method=Main#main:1 <name=ok,type=boolean (id=2),value=<?>,index=22>
VW,context=Main#main:1,ok=true
VW,context=Main#main:1,l=1
VW,context=Main#main:1,ok=false
VD,method=Main#main:1 <name=l,type=int (id=7),value=<?>,index=23>
VW,context=Main#main:1,k=2
VD,method=Main#main:1 <name=ok,type=boolean (id=2),value=<?>,index=22>
VW,context=Main#main:1,ok=true
VW,context=Main#main:1,l=1
VW,context=Main#main:1,l=2
VW,context=Main#main:1,ok=false
VD,method=Main#main:1 <name=l,type=int (id=7),value=<?>,index=23>
VW,context=Main#main:1,k=3
VD,method=Main#main:1 <name=ok,type=boolean (id=2),value=<?>,index=22>
VW,context=Main#main:1,ok=true
VW,context=Main#main:1,l=1
VW,context=Main#main:1,ok=false
VD,method=Main#main:1 <name=l,type=int (id=7),value=<?>,index=23>
VW,context=Main#main:1,k=4
VD,method=Main#main:1 <name=ok,type=boolean (id=2),value=<?>,index=22>
VW,context=Main#main:1,ok=true
VW,context=Main#main:1,l=1
VW,context=Main#main:1,ok=false
VD,method=Main#main:1 <name=l,type=int (id=7),value=<?>,index=23>
VW,context=Main#main:1,k=5
VD,method=Main#main:1 <name=ok,type=boolean (id=2),value=<?>,index=22>
VW,context=Main#main:1,ok=true
VW,context=Main#main:1,l=1
VW,context=Main#main:1,ok=false
VD,method=Main#main:1 <name=l,type=int (id=7),value=<?>,index=23>
VW,context=Main#main:1,k=6
VD,method=Main#main:1 <name=ok,type=boolean (id=2),value=<?>,index=22>
VW,context=Main#main:1,ok=true
VW,context=Main#main:1,l=1
VW,context=Main#main:1,ok=false
VD,method=Main#main:1 <name=l,type=int (id=7),value=<?>,index=23>
VW,context=Main#main:1,k=7
VD,method=Main#main:1 <name=ok,type=boolean (id=2),value=<?>,index=22>
VW,context=Main#main:1,ok=true
VW,context=Main#main:1,k=8
VD,method=Main#main:1 <name=ok,type=boolean (id=2),value=<?>,index=22>
VW,context=Main#main:1,ok=true
VW,context=Main#main:1,k=9
VD,method=Main#main:1 <name=ok,type=boolean (id=2),value=<?>,index=22>
VW,context=Main#main:1,ok=true
VW,context=Main#main:1,k=10
VD,method=Main#main:1 <name=ok,type=boolean (id=2),value=<?>,index=22>
VW,context=Main#main:1,ok=true
VW,context=Main#main:1,k=11
VD,method=Main#main:1 <name=ok,type=boolean (id=2),value=<?>,index=22>
VW,context=Main#main:1,ok=true
VW,context=Main#main:1,k=12
VD,method=Main#main:1 <name=ok,type=boolean (id=2),value=<?>,index=22>
VW,context=Main#main:1,ok=true
VD,method=Main#main:1 <name=ok,type=boolean (id=2),value=<?>,index=22>
VD,method=Main#main:1 <name=k,type=int (id=7),value=<?>,index=21>
VW,context=Main#main:1,zz=1
VD,method=Main#main:1 <name=w,type=int (id=7),value=<?>,index=20>
VW,context=Main#main:1,w=1
VW,context=Main#main:1,k=0
VW,context=Main#main:1,ok=true
VW,context=Main#main:1,l=1
VW,context=Main#main:1,ok=false
VD,method=Main#main:1 <name=l,type=int (id=7),value=<?>,index=23>
VW,context=Main#main:1,k=1
VD,method=Main#main:1 <name=ok,type=boolean (id=2),value=<?>,index=22>
VW,context=Main#main:1,ok=true
VW,context=Main#main:1,l=1
VW,context=Main#main:1,ok=false
VD,method=Main#main:1 <name=l,type=int (id=7),value=<?>,index=23>
VW,context=Main#main:1,k=2
VD,method=Main#main:1 <name=ok,type=boolean (id=2),value=<?>,index=22>
VW,context=Main#main:1,ok=true
VW,context=Main#main:1,l=1
VW,context=Main#main:1,ok=false
VD,method=Main#main:1 <name=l,type=int (id=7),value=<?>,index=23>
VW,context=Main#main:1,k=3
VD,method=Main#main:1 <name=ok,type=boolean (id=2),value=<?>,index=22>
VW,context=Main#main:1,ok=true
VW,context=Main#main:1,l=1
VW,context=Main#main:1,ok=false
VD,method=Main#main:1 <name=l,type=int (id=7),value=<?>,index=23>
VW,context=Main#main:1,k=4
VD,method=Main#main:1 <name=ok,type=boolean (id=2),value=<?>,index=22>
VW,context=Main#main:1,ok=true
VW,context=Main#main:1,l=1
VW,context=Main#main:1,ok=false
VD,method=Main#main:1 <name=l,type=int (id=7),value=<?>,index=23>
VW,context=Main#main:1,k=5
VD,method=Main#main:1 <name=ok,type=boolean (id=2),value=<?>,index=22>
VW,context=Main#main:1,ok=true
VW,context=Main#main:1,l=1
VW,context=Main#main:1,ok=false
VD,method=Main#main:1 <name=l,type=int (id=7),value=<?>,index=23>
VW,context=Main#main:1,k=6
VD,method=Main#main:1 <name=ok,type=boolean (id=2),value=<?>,index=22>
VW,context=Main#main:1,ok=true
VW,context=Main#main:1,l=1
VW,context=Main#main:1,ok=false
VD,method=Main#main:1 <name=l,type=int (id=7),value=<?>,index=23>
VW,context=Main#main:1,k=7
VD,method=Main#main:1 <name=ok,type=boolean (id=2),value=<?>,index=22>
VW,context=Main#main:1,ok=true
VW,context=Main#main:1,k=8
VD,method=Main#main:1 <name=ok,type=boolean (id=2),value=<?>,index=22>
VW,context=Main#main:1,ok=true
VW,context=Main#main:1,k=9
VD,method=Main#main:1 <name=ok,type=boolean (id=2),value=<?>,index=22>
VW,context=Main#main:1,ok=true
VW,context=Main#main:1,k=10
VD,method=Main#main:1 <name=ok,type=boolean (id=2),value=<?>,index=22>
VW,context=Main#main:1,ok=true
VW,context=Main#main:1,k=11
VD,method=Main#main:1 <name=ok,type=boolean (id=2),value=<?>,index=22>
VW,context=Main#main:1,ok=true
VW,context=Main#main:1,k=12
VD,method=Main#main:1 <name=ok,type=boolean (id=2),value=<?>,index=22>
VW,context=Main#main:1,ok=true
VD,method=Main#main:1 <name=ok,type=boolean (id=2),value=<?>,index=22>
VD,method=Main#main:1 <name=k,type=int (id=7),value=<?>,index=21>
VW,context=Main#main:1,zz=2
VD,method=Main#main:1 <name=w,type=int (id=7),value=<?>,index=20>
VW,context=Main#main:1,w=2
VW,context=Main#main:1,k=0
VW,context=Main#main:1,ok=true
VW,context=Main#main:1,l=1
VW,context=Main#main:1,ok=false
VD,method=Main#main:1 <name=l,type=int (id=7),value=<?>,index=23>
VW,context=Main#main:1,k=1
VD,method=Main#main:1 <name=ok,type=boolean (id=2),value=<?>,index=22>
VW,context=Main#main:1,ok=true
VW,context=Main#main:1,k=2
VD,method=Main#main:1 <name=ok,type=boolean (id=2),value=<?>,index=22>
VW,context=Main#main:1,ok=true
VW,context=Main#main:1,k=3
VD,method=Main#main:1 <name=ok,type=boolean (id=2),value=<?>,index=22>
VW,context=Main#main:1,ok=true
VW,context=Main#main:1,k=4
VD,method=Main#main:1 <name=ok,type=boolean (id=2),value=<?>,index=22>
VW,context=Main#main:1,ok=true
VW,context=Main#main:1,l=1
VW,context=Main#main:1,ok=false
VD,method=Main#main:1 <name=l,type=int (id=7),value=<?>,index=23>
VW,context=Main#main:1,k=5
VD,method=Main#main:1 <name=ok,type=boolean (id=2),value=<?>,index=22>
VW,context=Main#main:1,ok=true
VW,context=Main#main:1,l=1
VW,context=Main#main:1,ok=false
VD,method=Main#main:1 <name=l,type=int (id=7),value=<?>,index=23>
VW,context=Main#main:1,k=6
VD,method=Main#main:1 <name=ok,type=boolean (id=2),value=<?>,index=22>
VW,context=Main#main:1,ok=true
VW,context=Main#main:1,k=7
VD,method=Main#main:1 <name=ok,type=boolean (id=2),value=<?>,index=22>
VW,context=Main#main:1,ok=true
VW,context=Main#main:1,k=8
VD,method=Main#main:1 <name=ok,type=boolean (id=2),value=<?>,index=22>
VW,context=Main#main:1,ok=true
VW,context=Main#main:1,k=9
VD,method=Main#main:1 <name=ok,type=boolean (id=2),value=<?>,index=22>
VW,context=Main#main:1,ok=true
VW,context=Main#main:1,l=1
VW,context=Main#main:1,ok=false
VD,method=Main#main:1 <name=l,type=int (id=7),value=<?>,index=23>
VW,context=Main#main:1,k=10
VD,method=Main#main:1 <name=ok,type=boolean (id=2),value=<?>,index=22>
VW,context=Main#main:1,ok=true
VW,context=Main#main:1,k=11
VD,method=Main#main:1 <name=ok,type=boolean (id=2),value=<?>,index=22>
VW,context=Main#main:1,ok=true
VW,context=Main#main:1,l=1
VW,context=Main#main:1,ok=false
VD,method=Main#main:1 <name=l,type=int (id=7),value=<?>,index=23>
VW,context=Main#main:1,k=12
VD,method=Main#main:1 <name=ok,type=boolean (id=2),value=<?>,index=22>
VW,context=Main#main:1,ok=true
VW,context=Main#main:1,l=1
VW,context=Main#main:1,ok=false
VD,method=Main#main:1 <name=l,type=int (id=7),value=<?>,index=23>
VD,method=Main#main:1 <name=ok,type=boolean (id=2),value=<?>,index=22>
VD,method=Main#main:1 <name=k,type=int (id=7),value=<?>,index=21>
VW,context=Main#main:1,zz=3
VD,method=Main#main:1 <name=w,type=int (id=7),value=<?>,index=20>
VD,method=Main#main:1 <name=zz,type=int (id=7),value=<?>,index=19>
VW,context=Main#main:1,yy=1
VW,context=Main#main:1,zz=0
VW,context=Main#main:1,zz=1
VW,context=Main#main:1,zz=2
VW,context=Main#main:1,zz=3
VD,method=Main#main:1 <name=zz,type=int (id=7),value=<?>,index=19>
VW,context=Main#main:1,yy=2
VW,context=Main#main:1,zz=0
VW,context=Main#main:1,zz=1
VW,context=Main#main:1,zz=2
VW,context=Main#main:1,zz=3
VD,method=Main#main:1 <name=zz,type=int (id=7),value=<?>,index=19>
VW,context=Main#main:1,yy=3
VW,context=Main#main:1,zz=0
VW,context=Main#main:1,zz=1
VW,context=Main#main:1,zz=2
VW,context=Main#main:1,zz=3
VD,method=Main#main:1 <name=zz,type=int (id=7),value=<?>,index=19>
VD,method=Main#main:1 <name=yy,type=int (id=7),value=<?>,index=18>
VW,context=Main#main:1,xx=1
VW,context=Main#main:1,yy=0
VW,context=Main#main:1,zz=0
VW,context=Main#main:1,zz=1
VW,context=Main#main:1,zz=2
VW,context=Main#main:1,zz=3
VD,method=Main#main:1 <name=zz,type=int (id=7),value=<?>,index=19>
VW,context=Main#main:1,yy=1
VW,context=Main#main:1,zz=0
VW,context=Main#main:1,w=2
VW,context=Main#main:1,k=0
VW,context=Main#main:1,ok=true
VW,context=Main#main:1,l=1
VW,context=Main#main:1,ok=false
VD,method=Main#main:1 <name=l,type=int (id=7),value=<?>,index=23>
VW,context=Main#main:1,k=1
VD,method=Main#main:1 <name=ok,type=boolean (id=2),value=<?>,index=22>
VW,context=Main#main:1,ok=true
VW,context=Main#main:1,l=1
VW,context=Main#main:1,ok=false
VD,method=Main#main:1 <name=l,type=int (id=7),value=<?>,index=23>
VW,context=Main#main:1,k=2
VD,method=Main#main:1 <name=ok,type=boolean (id=2),value=<?>,index=22>
VW,context=Main#main:1,ok=true
VW,context=Main#main:1,l=1
VW,context=Main#main:1,ok=false
VD,method=Main#main:1 <name=l,type=int (id=7),value=<?>,index=23>
VW,context=Main#main:1,k=3
VD,method=Main#main:1 <name=ok,type=boolean (id=2),value=<?>,index=22>
VW,context=Main#main:1,ok=true
VW,context=Main#main:1,l=1
VW,context=Main#main:1,ok=false
VD,method=Main#main:1 <name=l,type=int (id=7),value=<?>,index=23>
VW,context=Main#main:1,k=4
VD,method=Main#main:1 <name=ok,type=boolean (id=2),value=<?>,index=22>
VW,context=Main#main:1,ok=true
VW,context=Main#main:1,l=1
VW,context=Main#main:1,ok=false
VD,method=Main#main:1 <name=l,type=int (id=7),value=<?>,index=23>
VW,context=Main#main:1,k=5
VD,method=Main#main:1 <name=ok,type=boolean (id=2),value=<?>,index=22>
VW,context=Main#main:1,ok=true
VW,context=Main#main:1,l=1
VW,context=Main#main:1,l=2
VW,context=Main#main:1,ok=false
VD,method=Main#main:1 <name=l,type=int (id=7),value=<?>,index=23>
VW,context=Main#main:1,k=6
VD,method=Main#main:1 <name=ok,type=boolean (id=2),value=<?>,index=22>
VW,context=Main#main:1,ok=true
VW,context=Main#main:1,l=1
VW,context=Main#main:1,ok=false
VD,method=Main#main:1 <name=l,type=int (id=7),value=<?>,index=23>
VW,context=Main#main:1,k=7
VD,method=Main#main:1 <name=ok,type=boolean (id=2),value=<?>,index=22>
VW,context=Main#main:1,ok=true
VW,context=Main#main:1,k=8
VD,method=Main#main:1 <name=ok,type=boolean (id=2),value=<?>,index=22>
VW,context=Main#main:1,ok=true
VW,context=Main#main:1,k=9
VD,method=Main#main:1 <name=ok,type=boolean (id=2),value=<?>,index=22>
VW,context=Main#main:1,ok=true
VW,context=Main#main:1,k=10
VD,method=Main#main:1 <name=ok,type=boolean (id=2),value=<?>,index=22>
VW,context=Main#main:1,ok=true
VW,context=Main#main:1,k=11
VD,method=Main#main:1 <name=ok,type=boolean (id=2),value=<?>,index=22>
VW,context=Main#main:1,ok=true
VW,context=Main#main:1,k=12
VD,method=Main#main:1 <name=ok,type=boolean (id=2),value=<?>,index=22>
VW,context=Main#main:1,ok=true
VD,method=Main#main:1 <name=ok,type=boolean (id=2),value=<?>,index=22>
VD,method=Main#main:1 <name=k,type=int (id=7),value=<?>,index=21>
VW,context=Main#main:1,zz=1
VD,method=Main#main:1 <name=w,type=int (id=7),value=<?>,index=20>
VW,context=Main#main:1,zz=2
VW,context=Main#main:1,zz=3
VD,method=Main#main:1 <name=zz,type=int (id=7),value=<?>,index=19>
VW,context=Main#main:1,yy=2
VW,context=Main#main:1,zz=0
VW,context=Main#main:1,zz=1
VW,context=Main#main:1,zz=2
VW,context=Main#main:1,zz=3
VD,method=Main#main:1 <name=zz,type=int (id=7),value=<?>,index=19>
VW,context=Main#main:1,yy=3
VW,context=Main#main:1,zz=0
VW,context=Main#main:1,zz=1
VW,context=Main#main:1,zz=2
VW,context=Main#main:1,zz=3
VD,method=Main#main:1 <name=zz,type=int (id=7),value=<?>,index=19>
VD,method=Main#main:1 <name=yy,type=int (id=7),value=<?>,index=18>
VW,context=Main#main:1,xx=2
VW,context=Main#main:1,yy=0
VW,context=Main#main:1,zz=0
VW,context=Main#main:1,zz=1
VW,context=Main#main:1,zz=2
VW,context=Main#main:1,zz=3
VD,method=Main#main:1 <name=zz,type=int (id=7),value=<?>,index=19>
VW,context=Main#main:1,yy=1
VW,context=Main#main:1,zz=0
VW,context=Main#main:1,zz=1
VW,context=Main#main:1,zz=2
VW,context=Main#main:1,zz=3
VD,method=Main#main:1 <name=zz,type=int (id=7),value=<?>,index=19>
VW,context=Main#main:1,yy=2
VW,context=Main#main:1,zz=0
VW,context=Main#main:1,w=2
VW,context=Main#main:1,k=0
VW,context=Main#main:1,ok=true
VW,context=Main#main:1,k=1
VD,method=Main#main:1 <name=ok,type=boolean (id=2),value=<?>,index=22>
VW,context=Main#main:1,ok=true
VW,context=Main#main:1,k=2
VD,method=Main#main:1 <name=ok,type=boolean (id=2),value=<?>,index=22>
VW,context=Main#main:1,ok=true
VW,context=Main#main:1,l=1
VW,context=Main#main:1,ok=false
VD,method=Main#main:1 <name=l,type=int (id=7),value=<?>,index=23>
VW,context=Main#main:1,k=3
VD,method=Main#main:1 <name=ok,type=boolean (id=2),value=<?>,index=22>
VW,context=Main#main:1,ok=true
VW,context=Main#main:1,k=4
VD,method=Main#main:1 <name=ok,type=boolean (id=2),value=<?>,index=22>
VW,context=Main#main:1,ok=true
VW,context=Main#main:1,k=5
VD,method=Main#main:1 <name=ok,type=boolean (id=2),value=<?>,index=22>
VW,context=Main#main:1,ok=true
VW,context=Main#main:1,k=6
VD,method=Main#main:1 <name=ok,type=boolean (id=2),value=<?>,index=22>
VW,context=Main#main:1,ok=true
VW,context=Main#main:1,k=7
VD,method=Main#main:1 <name=ok,type=boolean (id=2),value=<?>,index=22>
VW,context=Main#main:1,ok=true
VW,context=Main#main:1,k=8
VD,method=Main#main:1 <name=ok,type=boolean (id=2),value=<?>,index=22>
VW,context=Main#main:1,ok=true
VW,context=Main#main:1,k=9
VD,method=Main#main:1 <name=ok,type=boolean (id=2),value=<?>,index=22>
VW,context=Main#main:1,ok=true
VW,context=Main#main:1,k=10
VD,method=Main#main:1 <name=ok,type=boolean (id=2),value=<?>,index=22>
VW,context=Main#main:1,ok=true
VW,context=Main#main:1,k=11
VD,method=Main#main:1 <name=ok,type=boolean (id=2),value=<?>,index=22>
VW,context=Main#main:1,ok=true
VW,context=Main#main:1,k=12
VD,method=Main#main:1 <name=ok,type=boolean (id=2),value=<?>,index=22>
VW,context=Main#main:1,ok=true
VD,method=Main#main:1 <name=ok,type=boolean (id=2),value=<?>,index=22>
VD,method=Main#main:1 <name=k,type=int (id=7),value=<?>,index=21>
VW,context=Main#main:1,zz=1
VD,method=Main#main:1 <name=w,type=int (id=7),value=<?>,index=20>
VW,context=Main#main:1,w=1
VW,context=Main#main:1,k=0
VW,context=Main#main:1,ok=true
VW,context=Main#main:1,k=1
VD,method=Main#main:1 <name=ok,type=boolean (id=2),value=<?>,index=22>
VW,context=Main#main:1,ok=true
VW,context=Main#main:1,k=2
VD,method=Main#main:1 <name=ok,type=boolean (id=2),value=<?>,index=22>
VW,context=Main#main:1,ok=true
VW,context=Main#main:1,l=1
VW,context=Main#main:1,l=2
VW,context=Main#main:1,ok=false
VD,method=Main#main:1 <name=l,type=int (id=7),value=<?>,index=23>
VW,context=Main#main:1,k=3
VD,method=Main#main:1 <name=ok,type=boolean (id=2),value=<?>,index=22>
VW,context=Main#main:1,ok=true
VW,context=Main#main:1,k=4
VD,method=Main#main:1 <name=ok,type=boolean (id=2),value=<?>,index=22>
VW,context=Main#main:1,ok=true
VW,context=Main#main:1,k=5
VD,method=Main#main:1 <name=ok,type=boolean (id=2),value=<?>,index=22>
VW,context=Main#main:1,ok=true
VW,context=Main#main:1,k=6
VD,method=Main#main:1 <name=ok,type=boolean (id=2),value=<?>,index=22>
VW,context=Main#main:1,ok=true
VW,context=Main#main:1,k=7
VD,method=Main#main:1 <name=ok,type=boolean (id=2),value=<?>,index=22>
VW,context=Main#main:1,ok=true
VW,context=Main#main:1,k=8
VD,method=Main#main:1 <name=ok,type=boolean (id=2),value=<?>,index=22>
VW,context=Main#main:1,ok=true
VW,context=Main#main:1,k=9
VD,method=Main#main:1 <name=ok,type=boolean (id=2),value=<?>,index=22>
VW,context=Main#main:1,ok=true
VW,context=Main#main:1,k=10
VD,method=Main#main:1 <name=ok,type=boolean (id=2),value=<?>,index=22>
VW,context=Main#main:1,ok=true
VW,context=Main#main:1,k=11
VD,method=Main#main:1 <name=ok,type=boolean (id=2),value=<?>,index=22>
VW,context=Main#main:1,ok=true
VW,context=Main#main:1,k=12
VD,method=Main#main:1 <name=ok,type=boolean (id=2),value=<?>,index=22>
VW,context=Main#main:1,ok=true
VD,method=Main#main:1 <name=ok,type=boolean (id=2),value=<?>,index=22>
VD,method=Main#main:1 <name=k,type=int (id=7),value=<?>,index=21>
VW,context=Main#main:1,zz=2
VD,method=Main#main:1 <name=w,type=int (id=7),value=<?>,index=20>
VW,context=Main#main:1,w=1
VW,context=Main#main:1,k=0
VW,context=Main#main:1,ok=true
VW,context=Main#main:1,k=1
VD,method=Main#main:1 <name=ok,type=boolean (id=2),value=<?>,index=22>
VW,context=Main#main:1,ok=true
VW,context=Main#main:1,k=2
VD,method=Main#main:1 <name=ok,type=boolean (id=2),value=<?>,index=22>
VW,context=Main#main:1,ok=true
VW,context=Main#main:1,k=3
VD,method=Main#main:1 <name=ok,type=boolean (id=2),value=<?>,index=22>
VW,context=Main#main:1,ok=true
VW,context=Main#main:1,k=4
VD,method=Main#main:1 <name=ok,type=boolean (id=2),value=<?>,index=22>
VW,context=Main#main:1,ok=true
VW,context=Main#main:1,k=5
VD,method=Main#main:1 <name=ok,type=boolean (id=2),value=<?>,index=22>
VW,context=Main#main:1,ok=true
VW,context=Main#main:1,k=6
VD,method=Main#main:1 <name=ok,type=boolean (id=2),value=<?>,index=22>
VW,context=Main#main:1,ok=true
VW,context=Main#main:1,k=7
VD,method=Main#main:1 <name=ok,type=boolean (id=2),value=<?>,index=22>
VW,context=Main#main:1,ok=true
VW,context=Main#main:1,k=8
VD,method=Main#main:1 <name=ok,type=boolean (id=2),value=<?>,index=22>
VW,context=Main#main:1,ok=true
VW,context=Main#main:1,k=9
VD,method=Main#main:1 <name=ok,type=boolean (id=2),value=<?>,index=22>
VW,context=Main#main:1,ok=true
VW,context=Main#main:1,k=10
VD,method=Main#main:1 <name=ok,type=boolean (id=2),value=<?>,index=22>
VW,context=Main#main:1,ok=true
VW,context=Main#main:1,k=11
VD,method=Main#main:1 <name=ok,type=boolean (id=2),value=<?>,index=22>
VW,context=Main#main:1,ok=true
VW,context=Main#main:1,k=12
VD,method=Main#main:1 <name=ok,type=boolean (id=2),value=<?>,index=22>
VW,context=Main#main:1,ok=true
VD,method=Main#main:1 <name=ok,type=boolean (id=2),value=<?>,index=22>
VD,method=Main#main:1 <name=k,type=int (id=7),value=<?>,index=21>
VW,context=Main#main:1,zz=3
VD,method=Main#main:1 <name=w,type=int (id=7),value=<?>,index=20>
VW,context=Main#main:1,w=2
VW,context=Main#main:1,k=0
VW,context=Main#main:1,ok=true
VW,context=Main#main:1,k=1
VD,method=Main#main:1 <name=ok,type=boolean (id=2),value=<?>,index=22>
VW,context=Main#main:1,ok=true
VW,context=Main#main:1,k=2
VD,method=Main#main:1 <name=ok,type=boolean (id=2),value=<?>,index=22>
VW,context=Main#main:1,ok=true
VW,context=Main#main:1,k=3
VD,method=Main#main:1 <name=ok,type=boolean (id=2),value=<?>,index=22>
VW,context=Main#main:1,ok=true
VW,context=Main#main:1,k=4
VD,method=Main#main:1 <name=ok,type=boolean (id=2),value=<?>,index=22>
VW,context=Main#main:1,ok=true
VW,context=Main#main:1,k=5
VD,method=Main#main:1 <name=ok,type=boolean (id=2),value=<?>,index=22>
VW,context=Main#main:1,ok=true
VW,context=Main#main:1,k=6
VD,method=Main#main:1 <name=ok,type=boolean (id=2),value=<?>,index=22>
VW,context=Main#main:1,ok=true
VW,context=Main#main:1,k=7
VD,method=Main#main:1 <name=ok,type=boolean (id=2),value=<?>,index=22>
VW,context=Main#main:1,ok=true
VW,context=Main#main:1,k=8
VD,method=Main#main:1 <name=ok,type=boolean (id=2),value=<?>,index=22>
VW,context=Main#main:1,ok=true
VW,context=Main#main:1,k=9
VD,method=Main#main:1 <name=ok,type=boolean (id=2),value=<?>,index=22>
VW,context=Main#main:1,ok=true
VW,context=Main#main:1,k=10
VD,method=Main#main:1 <name=ok,type=boolean (id=2),value=<?>,index=22>
VW,context=Main#main:1,ok=true
VW,context=Main#main:1,k=11
VD,method=Main#main:1 <name=ok,type=boolean (id=2),value=<?>,index=22>
VW,context=Main#main:1,ok=true
VW,context=Main#main:1,k=12
VD,method=Main#main:1 <name=ok,type=boolean (id=2),value=<?>,index=22>
VW,context=Main#main:1,ok=true
VD,method=Main#main:1 <name=ok,type=boolean (id=2),value=<?>,index=22>
VD,method=Main#main:1 <name=k,type=int (id=7),value=<?>,index=21>
VD,method=Main#main:1 <name=w,type=int (id=7),value=<?>,index=20>
VD,method=Main#main:1 <name=zz,type=int (id=7),value=<?>,index=19>
VW,context=Main#main:1,yy=3
VW,context=Main#main:1,zz=0
VW,context=Main#main:1,zz=1
VW,context=Main#main:1,zz=2
VW,context=Main#main:1,zz=3
VD,method=Main#main:1 <name=zz,type=int (id=7),value=<?>,index=19>
VD,method=Main#main:1 <name=yy,type=int (id=7),value=<?>,index=18>
VW,context=Main#main:1,xx=3
VW,context=Main#main:1,yy=0
VW,context=Main#main:1,zz=0
VW,context=Main#main:1,zz=1
VW,context=Main#main:1,zz=2
VW,context=Main#main:1,zz=3
VD,method=Main#main:1 <name=zz,type=int (id=7),value=<?>,index=19>
VW,context=Main#main:1,yy=1
VW,context=Main#main:1,zz=0
VW,context=Main#main:1,zz=1
VW,context=Main#main:1,zz=2
VW,context=Main#main:1,zz=3
VD,method=Main#main:1 <name=zz,type=int (id=7),value=<?>,index=19>
VW,context=Main#main:1,yy=2
VW,context=Main#main:1,zz=0
VW,context=Main#main:1,zz=1
VW,context=Main#main:1,zz=2
VW,context=Main#main:1,zz=3
VD,method=Main#main:1 <name=zz,type=int (id=7),value=<?>,index=19>
VW,context=Main#main:1,yy=3
VW,context=Main#main:1,zz=0
VW,context=Main#main:1,w=1
VW,context=Main#main:1,k=0
VW,context=Main#main:1,ok=true
VW,context=Main#main:1,k=1
VD,method=Main#main:1 <name=ok,type=boolean (id=2),value=<?>,index=22>
VW,context=Main#main:1,ok=true
VW,context=Main#main:1,k=2
VD,method=Main#main:1 <name=ok,type=boolean (id=2),value=<?>,index=22>
VW,context=Main#main:1,ok=true
VW,context=Main#main:1,l=1
VW,context=Main#main:1,ok=false
VD,method=Main#main:1 <name=l,type=int (id=7),value=<?>,index=23>
VW,context=Main#main:1,k=3
VD,method=Main#main:1 <name=ok,type=boolean (id=2),value=<?>,index=22>
VW,context=Main#main:1,ok=true
VW,context=Main#main:1,k=4
VD,method=Main#main:1 <name=ok,type=boolean (id=2),value=<?>,index=22>
VW,context=Main#main:1,ok=true
VW,context=Main#main:1,k=5
VD,method=Main#main:1 <name=ok,type=boolean (id=2),value=<?>,index=22>
VW,context=Main#main:1,ok=true
VW,context=Main#main:1,k=6
VD,method=Main#main:1 <name=ok,type=boolean (id=2),value=<?>,index=22>
VW,context=Main#main:1,ok=true
VW,context=Main#main:1,k=7
VD,method=Main#main:1 <name=ok,type=boolean (id=2),value=<?>,index=22>
VW,context=Main#main:1,ok=true
VW,context=Main#main:1,k=8
VD,method=Main#main:1 <name=ok,type=boolean (id=2),value=<?>,index=22>
VW,context=Main#main:1,ok=true
VW,context=Main#main:1,k=9
VD,method=Main#main:1 <name=ok,type=boolean (id=2),value=<?>,index=22>
VW,context=Main#main:1,ok=true
VW,context=Main#main:1,k=10
VD,method=Main#main:1 <name=ok,type=boolean (id=2),value=<?>,index=22>
VW,context=Main#main:1,ok=true
VW,context=Main#main:1,k=11
VD,method=Main#main:1 <name=ok,type=boolean (id=2),value=<?>,index=22>
VW,context=Main#main:1,ok=true
VW,context=Main#main:1,k=12
VD,method=Main#main:1 <name=ok,type=boolean (id=2),value=<?>,index=22>
VW,context=Main#main:1,ok=true
VD,method=Main#main:1 <name=ok,type=boolean (id=2),value=<?>,index=22>
VD,method=Main#main:1 <name=k,type=int (id=7),value=<?>,index=21>
VW,context=Main#main:1,zz=1
VD,method=Main#main:1 <name=w,type=int (id=7),value=<?>,index=20>
VW,context=Main#main:1,zz=2
VW,context=Main#main:1,zz=3
VD,method=Main#main:1 <name=zz,type=int (id=7),value=<?>,index=19>
VD,method=Main#main:1 <name=yy,type=int (id=7),value=<?>,index=18>
VD,method=Main#main:1 <name=xx,type=int (id=7),value=<?>,index=17>
VW,context=Main#main:1,now=2
VW,context=Main#main:1,i=9
VW,context=Main#main:1,j=0
VW,context=Main#main:1,j=1
VW,context=Main#main:1,j=2
VW,context=Main#main:1,j=3
VW,context=Main#main:1,map=int[][][]:3
VD,method=Main#main:1 <name=j,type=int (id=7),value=<?>,index=16>
VW,context=Main#main:1,xx=0
VW,context=Main#main:1,yy=0
VW,context=Main#main:1,zz=0
VW,context=Main#main:1,w=1
VW,context=Main#main:1,k=0
VW,context=Main#main:1,ok=true
VW,context=Main#main:1,l=1
VW,context=Main#main:1,ok=false
VD,method=Main#main:1 <name=l,type=int (id=7),value=<?>,index=23>
VW,context=Main#main:1,k=1
VD,method=Main#main:1 <name=ok,type=boolean (id=2),value=<?>,index=22>
VW,context=Main#main:1,ok=true
VW,context=Main#main:1,l=1
VW,context=Main#main:1,ok=false
VD,method=Main#main:1 <name=l,type=int (id=7),value=<?>,index=23>
VW,context=Main#main:1,k=2
VD,method=Main#main:1 <name=ok,type=boolean (id=2),value=<?>,index=22>
VW,context=Main#main:1,ok=true
VW,context=Main#main:1,l=1
VW,context=Main#main:1,l=2
VW,context=Main#main:1,ok=false
VD,method=Main#main:1 <name=l,type=int (id=7),value=<?>,index=23>
VW,context=Main#main:1,k=3
VD,method=Main#main:1 <name=ok,type=boolean (id=2),value=<?>,index=22>
VW,context=Main#main:1,ok=true
VW,context=Main#main:1,l=1
VW,context=Main#main:1,ok=false
VD,method=Main#main:1 <name=l,type=int (id=7),value=<?>,index=23>
VW,context=Main#main:1,k=4
VD,method=Main#main:1 <name=ok,type=boolean (id=2),value=<?>,index=22>
VW,context=Main#main:1,ok=true
VW,context=Main#main:1,l=1
VW,context=Main#main:1,ok=false
VD,method=Main#main:1 <name=l,type=int (id=7),value=<?>,index=23>
VW,context=Main#main:1,k=5
VD,method=Main#main:1 <name=ok,type=boolean (id=2),value=<?>,index=22>
VW,context=Main#main:1,ok=true
VW,context=Main#main:1,l=1
VW,context=Main#main:1,ok=false
VD,method=Main#main:1 <name=l,type=int (id=7),value=<?>,index=23>
VW,context=Main#main:1,k=6
VD,method=Main#main:1 <name=ok,type=boolean (id=2),value=<?>,index=22>
VW,context=Main#main:1,ok=true
VW,context=Main#main:1,l=1
VW,context=Main#main:1,ok=false
VD,method=Main#main:1 <name=l,type=int (id=7),value=<?>,index=23>
VW,context=Main#main:1,k=7
VD,method=Main#main:1 <name=ok,type=boolean (id=2),value=<?>,index=22>
VW,context=Main#main:1,ok=true
VW,context=Main#main:1,k=8
VD,method=Main#main:1 <name=ok,type=boolean (id=2),value=<?>,index=22>
VW,context=Main#main:1,ok=true
VW,context=Main#main:1,k=9
VD,method=Main#main:1 <name=ok,type=boolean (id=2),value=<?>,index=22>
VW,context=Main#main:1,ok=true
VW,context=Main#main:1,k=10
VD,method=Main#main:1 <name=ok,type=boolean (id=2),value=<?>,index=22>
VW,context=Main#main:1,ok=true
VW,context=Main#main:1,k=11
VD,method=Main#main:1 <name=ok,type=boolean (id=2),value=<?>,index=22>
VW,context=Main#main:1,ok=true
VW,context=Main#main:1,k=12
VD,method=Main#main:1 <name=ok,type=boolean (id=2),value=<?>,index=22>
VW,context=Main#main:1,ok=true
VD,method=Main#main:1 <name=ok,type=boolean (id=2),value=<?>,index=22>
VD,method=Main#main:1 <name=k,type=int (id=7),value=<?>,index=21>
VW,context=Main#main:1,zz=1
VD,method=Main#main:1 <name=w,type=int (id=7),value=<?>,index=20>
VW,context=Main#main:1,w=1
VW,context=Main#main:1,k=0
VW,context=Main#main:1,ok=true
VW,context=Main#main:1,l=1
VW,context=Main#main:1,ok=false
VD,method=Main#main:1 <name=l,type=int (id=7),value=<?>,index=23>
VW,context=Main#main:1,k=1
VD,method=Main#main:1 <name=ok,type=boolean (id=2),value=<?>,index=22>
VW,context=Main#main:1,ok=true
VW,context=Main#main:1,l=1
VW,context=Main#main:1,ok=false
VD,method=Main#main:1 <name=l,type=int (id=7),value=<?>,index=23>
VW,context=Main#main:1,k=2
VD,method=Main#main:1 <name=ok,type=boolean (id=2),value=<?>,index=22>
VW,context=Main#main:1,ok=true
VW,context=Main#main:1,l=1
VW,context=Main#main:1,ok=false
VD,method=Main#main:1 <name=l,type=int (id=7),value=<?>,index=23>
VW,context=Main#main:1,k=3
VD,method=Main#main:1 <name=ok,type=boolean (id=2),value=<?>,index=22>
VW,context=Main#main:1,ok=true
VW,context=Main#main:1,l=1
VW,context=Main#main:1,ok=false
VD,method=Main#main:1 <name=l,type=int (id=7),value=<?>,index=23>
VW,context=Main#main:1,k=4
VD,method=Main#main:1 <name=ok,type=boolean (id=2),value=<?>,index=22>
VW,context=Main#main:1,ok=true
VW,context=Main#main:1,l=1
VW,context=Main#main:1,ok=false
VD,method=Main#main:1 <name=l,type=int (id=7),value=<?>,index=23>
VW,context=Main#main:1,k=5
VD,method=Main#main:1 <name=ok,type=boolean (id=2),value=<?>,index=22>
VW,context=Main#main:1,ok=true
VW,context=Main#main:1,l=1
VW,context=Main#main:1,ok=false
VD,method=Main#main:1 <name=l,type=int (id=7),value=<?>,index=23>
VW,context=Main#main:1,k=6
VD,method=Main#main:1 <name=ok,type=boolean (id=2),value=<?>,index=22>
VW,context=Main#main:1,ok=true
VW,context=Main#main:1,l=1
VW,context=Main#main:1,ok=false
VD,method=Main#main:1 <name=l,type=int (id=7),value=<?>,index=23>
VW,context=Main#main:1,k=7
VD,method=Main#main:1 <name=ok,type=boolean (id=2),value=<?>,index=22>
VW,context=Main#main:1,ok=true
VW,context=Main#main:1,k=8
VD,method=Main#main:1 <name=ok,type=boolean (id=2),value=<?>,index=22>
VW,context=Main#main:1,ok=true
VW,context=Main#main:1,k=9
VD,method=Main#main:1 <name=ok,type=boolean (id=2),value=<?>,index=22>
VW,context=Main#main:1,ok=true
VW,context=Main#main:1,k=10
VD,method=Main#main:1 <name=ok,type=boolean (id=2),value=<?>,index=22>
VW,context=Main#main:1,ok=true
VW,context=Main#main:1,k=11
VD,method=Main#main:1 <name=ok,type=boolean (id=2),value=<?>,index=22>
VW,context=Main#main:1,ok=true
VW,context=Main#main:1,k=12
VD,method=Main#main:1 <name=ok,type=boolean (id=2),value=<?>,index=22>
VW,context=Main#main:1,ok=true
VD,method=Main#main:1 <name=ok,type=boolean (id=2),value=<?>,index=22>
VD,method=Main#main:1 <name=k,type=int (id=7),value=<?>,index=21>
VW,context=Main#main:1,zz=2
VD,method=Main#main:1 <name=w,type=int (id=7),value=<?>,index=20>
VW,context=Main#main:1,w=2
VW,context=Main#main:1,k=0
VW,context=Main#main:1,ok=true
VW,context=Main#main:1,l=1
VW,context=Main#main:1,ok=false
VD,method=Main#main:1 <name=l,type=int (id=7),value=<?>,index=23>
VW,context=Main#main:1,k=1
VD,method=Main#main:1 <name=ok,type=boolean (id=2),value=<?>,index=22>
VW,context=Main#main:1,ok=true
VW,context=Main#main:1,k=2
VD,method=Main#main:1 <name=ok,type=boolean (id=2),value=<?>,index=22>
VW,context=Main#main:1,ok=true
VW,context=Main#main:1,k=3
VD,method=Main#main:1 <name=ok,type=boolean (id=2),value=<?>,index=22>
VW,context=Main#main:1,ok=true
VW,context=Main#main:1,k=4
VD,method=Main#main:1 <name=ok,type=boolean (id=2),value=<?>,index=22>
VW,context=Main#main:1,ok=true
VW,context=Main#main:1,l=1
VW,context=Main#main:1,ok=false
VD,method=Main#main:1 <name=l,type=int (id=7),value=<?>,index=23>
VW,context=Main#main:1,k=5
VD,method=Main#main:1 <name=ok,type=boolean (id=2),value=<?>,index=22>
VW,context=Main#main:1,ok=true
VW,context=Main#main:1,l=1
VW,context=Main#main:1,ok=false
VD,method=Main#main:1 <name=l,type=int (id=7),value=<?>,index=23>
VW,context=Main#main:1,k=6
VD,method=Main#main:1 <name=ok,type=boolean (id=2),value=<?>,index=22>
VW,context=Main#main:1,ok=true
VW,context=Main#main:1,k=7
VD,method=Main#main:1 <name=ok,type=boolean (id=2),value=<?>,index=22>
VW,context=Main#main:1,ok=true
VW,context=Main#main:1,k=8
VD,method=Main#main:1 <name=ok,type=boolean (id=2),value=<?>,index=22>
VW,context=Main#main:1,ok=true
VW,context=Main#main:1,k=9
VD,method=Main#main:1 <name=ok,type=boolean (id=2),value=<?>,index=22>
VW,context=Main#main:1,ok=true
VW,context=Main#main:1,l=1
VW,context=Main#main:1,ok=false
VD,method=Main#main:1 <name=l,type=int (id=7),value=<?>,index=23>
VW,context=Main#main:1,k=10
VD,method=Main#main:1 <name=ok,type=boolean (id=2),value=<?>,index=22>
VW,context=Main#main:1,ok=true
VW,context=Main#main:1,k=11
VD,method=Main#main:1 <name=ok,type=boolean (id=2),value=<?>,index=22>
VW,context=Main#main:1,ok=true
VW,context=Main#main:1,l=1
VW,context=Main#main:1,ok=false
VD,method=Main#main:1 <name=l,type=int (id=7),value=<?>,index=23>
VW,context=Main#main:1,k=12
VD,method=Main#main:1 <name=ok,type=boolean (id=2),value=<?>,index=22>
VW,context=Main#main:1,ok=true
VW,context=Main#main:1,l=1
VW,context=Main#main:1,ok=false
VD,method=Main#main:1 <name=l,type=int (id=7),value=<?>,index=23>
VD,method=Main#main:1 <name=ok,type=boolean (id=2),value=<?>,index=22>
VD,method=Main#main:1 <name=k,type=int (id=7),value=<?>,index=21>
VW,context=Main#main:1,zz=3
VD,method=Main#main:1 <name=w,type=int (id=7),value=<?>,index=20>
VW,context=Main#main:1,w=2
VW,context=Main#main:1,k=0
VW,context=Main#main:1,ok=true
VW,context=Main#main:1,l=1
VW,context=Main#main:1,ok=false
VD,method=Main#main:1 <name=l,type=int (id=7),value=<?>,index=23>
VW,context=Main#main:1,k=1
VD,method=Main#main:1 <name=ok,type=boolean (id=2),value=<?>,index=22>
VW,context=Main#main:1,ok=true
VW,context=Main#main:1,k=2
VD,method=Main#main:1 <name=ok,type=boolean (id=2),value=<?>,index=22>
VW,context=Main#main:1,ok=true
VW,context=Main#main:1,k=3
VD,method=Main#main:1 <name=ok,type=boolean (id=2),value=<?>,index=22>
VW,context=Main#main:1,ok=true
VW,context=Main#main:1,k=4
VD,method=Main#main:1 <name=ok,type=boolean (id=2),value=<?>,index=22>
VW,context=Main#main:1,ok=true
VW,context=Main#main:1,l=1
VW,context=Main#main:1,ok=false
VD,method=Main#main:1 <name=l,type=int (id=7),value=<?>,index=23>
VW,context=Main#main:1,k=5
VD,method=Main#main:1 <name=ok,type=boolean (id=2),value=<?>,index=22>
VW,context=Main#main:1,ok=true
VW,context=Main#main:1,l=1
VW,context=Main#main:1,ok=false
VD,method=Main#main:1 <name=l,type=int (id=7),value=<?>,index=23>
VW,context=Main#main:1,k=6
VD,method=Main#main:1 <name=ok,type=boolean (id=2),value=<?>,index=22>
VW,context=Main#main:1,ok=true
VW,context=Main#main:1,k=7
VD,method=Main#main:1 <name=ok,type=boolean (id=2),value=<?>,index=22>
VW,context=Main#main:1,ok=true
VW,context=Main#main:1,k=8
VD,method=Main#main:1 <name=ok,type=boolean (id=2),value=<?>,index=22>
VW,context=Main#main:1,ok=true
VW,context=Main#main:1,k=9
VD,method=Main#main:1 <name=ok,type=boolean (id=2),value=<?>,index=22>
VW,context=Main#main:1,ok=true
VW,context=Main#main:1,l=1
VW,context=Main#main:1,ok=false
VD,method=Main#main:1 <name=l,type=int (id=7),value=<?>,index=23>
VW,context=Main#main:1,k=10
VD,method=Main#main:1 <name=ok,type=boolean (id=2),value=<?>,index=22>
VW,context=Main#main:1,ok=true
VW,context=Main#main:1,k=11
VD,method=Main#main:1 <name=ok,type=boolean (id=2),value=<?>,index=22>
VW,context=Main#main:1,ok=true
VW,context=Main#main:1,l=1
VW,context=Main#main:1,ok=false
VD,method=Main#main:1 <name=l,type=int (id=7),value=<?>,index=23>
VW,context=Main#main:1,k=12
VD,method=Main#main:1 <name=ok,type=boolean (id=2),value=<?>,index=22>
VW,context=Main#main:1,ok=true
VW,context=Main#main:1,l=1
VW,context=Main#main:1,ok=false
VD,method=Main#main:1 <name=l,type=int (id=7),value=<?>,index=23>
VD,method=Main#main:1 <name=ok,type=boolean (id=2),value=<?>,index=22>
VD,method=Main#main:1 <name=k,type=int (id=7),value=<?>,index=21>
VD,method=Main#main:1 <name=w,type=int (id=7),value=<?>,index=20>
VD,method=Main#main:1 <name=zz,type=int (id=7),value=<?>,index=19>
VW,context=Main#main:1,yy=1
VW,context=Main#main:1,zz=0
VW,context=Main#main:1,zz=1
VW,context=Main#main:1,zz=2
VW,context=Main#main:1,zz=3
VD,method=Main#main:1 <name=zz,type=int (id=7),value=<?>,index=19>
VW,context=Main#main:1,yy=2
VW,context=Main#main:1,zz=0
VW,context=Main#main:1,zz=1
VW,context=Main#main:1,zz=2
VW,context=Main#main:1,zz=3
VD,method=Main#main:1 <name=zz,type=int (id=7),value=<?>,index=19>
VW,context=Main#main:1,yy=3
VW,context=Main#main:1,zz=0
VW,context=Main#main:1,zz=1
VW,context=Main#main:1,zz=2
VW,context=Main#main:1,zz=3
VD,method=Main#main:1 <name=zz,type=int (id=7),value=<?>,index=19>
VD,method=Main#main:1 <name=yy,type=int (id=7),value=<?>,index=18>
VW,context=Main#main:1,xx=1
VW,context=Main#main:1,yy=0
VW,context=Main#main:1,zz=0
VW,context=Main#main:1,zz=1
VW,context=Main#main:1,zz=2
VW,context=Main#main:1,zz=3
VD,method=Main#main:1 <name=zz,type=int (id=7),value=<?>,index=19>
VW,context=Main#main:1,yy=1
VW,context=Main#main:1,zz=0
VW,context=Main#main:1,w=2
VW,context=Main#main:1,k=0
VW,context=Main#main:1,ok=true
VW,context=Main#main:1,l=1
VW,context=Main#main:1,ok=false
VD,method=Main#main:1 <name=l,type=int (id=7),value=<?>,index=23>
VW,context=Main#main:1,k=1
VD,method=Main#main:1 <name=ok,type=boolean (id=2),value=<?>,index=22>
VW,context=Main#main:1,ok=true
VW,context=Main#main:1,l=1
VW,context=Main#main:1,ok=false
VD,method=Main#main:1 <name=l,type=int (id=7),value=<?>,index=23>
VW,context=Main#main:1,k=2
VD,method=Main#main:1 <name=ok,type=boolean (id=2),value=<?>,index=22>
VW,context=Main#main:1,ok=true
VW,context=Main#main:1,l=1
VW,context=Main#main:1,ok=false
VD,method=Main#main:1 <name=l,type=int (id=7),value=<?>,index=23>
VW,context=Main#main:1,k=3
VD,method=Main#main:1 <name=ok,type=boolean (id=2),value=<?>,index=22>
VW,context=Main#main:1,ok=true
VW,context=Main#main:1,l=1
VW,context=Main#main:1,ok=false
VD,method=Main#main:1 <name=l,type=int (id=7),value=<?>,index=23>
VW,context=Main#main:1,k=4
VD,method=Main#main:1 <name=ok,type=boolean (id=2),value=<?>,index=22>
VW,context=Main#main:1,ok=true
VW,context=Main#main:1,l=1
VW,context=Main#main:1,ok=false
VD,method=Main#main:1 <name=l,type=int (id=7),value=<?>,index=23>
VW,context=Main#main:1,k=5
VD,method=Main#main:1 <name=ok,type=boolean (id=2),value=<?>,index=22>
VW,context=Main#main:1,ok=true
VW,context=Main#main:1,l=1
VW,context=Main#main:1,l=2
VW,context=Main#main:1,ok=false
VD,method=Main#main:1 <name=l,type=int (id=7),value=<?>,index=23>
VW,context=Main#main:1,k=6
VD,method=Main#main:1 <name=ok,type=boolean (id=2),value=<?>,index=22>
VW,context=Main#main:1,ok=true
VW,context=Main#main:1,l=1
VW,context=Main#main:1,ok=false
VD,method=Main#main:1 <name=l,type=int (id=7),value=<?>,index=23>
VW,context=Main#main:1,k=7
VD,method=Main#main:1 <name=ok,type=boolean (id=2),value=<?>,index=22>
VW,context=Main#main:1,ok=true
VW,context=Main#main:1,k=8
VD,method=Main#main:1 <name=ok,type=boolean (id=2),value=<?>,index=22>
VW,context=Main#main:1,ok=true
VW,context=Main#main:1,k=9
VD,method=Main#main:1 <name=ok,type=boolean (id=2),value=<?>,index=22>
VW,context=Main#main:1,ok=true
VW,context=Main#main:1,k=10
VD,method=Main#main:1 <name=ok,type=boolean (id=2),value=<?>,index=22>
VW,context=Main#main:1,ok=true
VW,context=Main#main:1,k=11
VD,method=Main#main:1 <name=ok,type=boolean (id=2),value=<?>,index=22>
VW,context=Main#main:1,ok=true
VW,context=Main#main:1,k=12
VD,method=Main#main:1 <name=ok,type=boolean (id=2),value=<?>,index=22>
VW,context=Main#main:1,ok=true
VD,method=Main#main:1 <name=ok,type=boolean (id=2),value=<?>,index=22>
VD,method=Main#main:1 <name=k,type=int (id=7),value=<?>,index=21>
VW,context=Main#main:1,zz=1
VD,method=Main#main:1 <name=w,type=int (id=7),value=<?>,index=20>
VW,context=Main#main:1,zz=2
VW,context=Main#main:1,zz=3
VD,method=Main#main:1 <name=zz,type=int (id=7),value=<?>,index=19>
VW,context=Main#main:1,yy=2
VW,context=Main#main:1,zz=0
VW,context=Main#main:1,zz=1
VW,context=Main#main:1,zz=2
VW,context=Main#main:1,zz=3
VD,method=Main#main:1 <name=zz,type=int (id=7),value=<?>,index=19>
VW,context=Main#main:1,yy=3
VW,context=Main#main:1,zz=0
VW,context=Main#main:1,zz=1
VW,context=Main#main:1,zz=2
VW,context=Main#main:1,zz=3
VD,method=Main#main:1 <name=zz,type=int (id=7),value=<?>,index=19>
VD,method=Main#main:1 <name=yy,type=int (id=7),value=<?>,index=18>
VW,context=Main#main:1,xx=2
VW,context=Main#main:1,yy=0
VW,context=Main#main:1,zz=0
VW,context=Main#main:1,zz=1
VW,context=Main#main:1,zz=2
VW,context=Main#main:1,zz=3
VD,method=Main#main:1 <name=zz,type=int (id=7),value=<?>,index=19>
VW,context=Main#main:1,yy=1
VW,context=Main#main:1,zz=0
VW,context=Main#main:1,zz=1
VW,context=Main#main:1,zz=2
VW,context=Main#main:1,zz=3
VD,method=Main#main:1 <name=zz,type=int (id=7),value=<?>,index=19>
VW,context=Main#main:1,yy=2
VW,context=Main#main:1,zz=0
VW,context=Main#main:1,w=2
VW,context=Main#main:1,k=0
VW,context=Main#main:1,ok=true
VW,context=Main#main:1,k=1
VD,method=Main#main:1 <name=ok,type=boolean (id=2),value=<?>,index=22>
VW,context=Main#main:1,ok=true
VW,context=Main#main:1,k=2
VD,method=Main#main:1 <name=ok,type=boolean (id=2),value=<?>,index=22>
VW,context=Main#main:1,ok=true
VW,context=Main#main:1,l=1
VW,context=Main#main:1,ok=false
VD,method=Main#main:1 <name=l,type=int (id=7),value=<?>,index=23>
VW,context=Main#main:1,k=3
VD,method=Main#main:1 <name=ok,type=boolean (id=2),value=<?>,index=22>
VW,context=Main#main:1,ok=true
VW,context=Main#main:1,k=4
VD,method=Main#main:1 <name=ok,type=boolean (id=2),value=<?>,index=22>
VW,context=Main#main:1,ok=true
VW,context=Main#main:1,k=5
VD,method=Main#main:1 <name=ok,type=boolean (id=2),value=<?>,index=22>
VW,context=Main#main:1,ok=true
VW,context=Main#main:1,k=6
VD,method=Main#main:1 <name=ok,type=boolean (id=2),value=<?>,index=22>
VW,context=Main#main:1,ok=true
VW,context=Main#main:1,k=7
VD,method=Main#main:1 <name=ok,type=boolean (id=2),value=<?>,index=22>
VW,context=Main#main:1,ok=true
VW,context=Main#main:1,k=8
VD,method=Main#main:1 <name=ok,type=boolean (id=2),value=<?>,index=22>
VW,context=Main#main:1,ok=true
VW,context=Main#main:1,k=9
VD,method=Main#main:1 <name=ok,type=boolean (id=2),value=<?>,index=22>
VW,context=Main#main:1,ok=true
VW,context=Main#main:1,k=10
VD,method=Main#main:1 <name=ok,type=boolean (id=2),value=<?>,index=22>
VW,context=Main#main:1,ok=true
VW,context=Main#main:1,k=11
VD,method=Main#main:1 <name=ok,type=boolean (id=2),value=<?>,index=22>
VW,context=Main#main:1,ok=true
VW,context=Main#main:1,k=12
VD,method=Main#main:1 <name=ok,type=boolean (id=2),value=<?>,index=22>
VW,context=Main#main:1,ok=true
VD,method=Main#main:1 <name=ok,type=boolean (id=2),value=<?>,index=22>
VD,method=Main#main:1 <name=k,type=int (id=7),value=<?>,index=21>
VW,context=Main#main:1,zz=1
VD,method=Main#main:1 <name=w,type=int (id=7),value=<?>,index=20>
VW,context=Main#main:1,w=1
VW,context=Main#main:1,k=0
VW,context=Main#main:1,ok=true
VW,context=Main#main:1,k=1
VD,method=Main#main:1 <name=ok,type=boolean (id=2),value=<?>,index=22>
VW,context=Main#main:1,ok=true
VW,context=Main#main:1,k=2
VD,method=Main#main:1 <name=ok,type=boolean (id=2),value=<?>,index=22>
VW,context=Main#main:1,ok=true
VW,context=Main#main:1,l=1
VW,context=Main#main:1,l=2
VW,context=Main#main:1,ok=false
VD,method=Main#main:1 <name=l,type=int (id=7),value=<?>,index=23>
VW,context=Main#main:1,k=3
VD,method=Main#main:1 <name=ok,type=boolean (id=2),value=<?>,index=22>
VW,context=Main#main:1,ok=true
VW,context=Main#main:1,k=4
VD,method=Main#main:1 <name=ok,type=boolean (id=2),value=<?>,index=22>
VW,context=Main#main:1,ok=true
VW,context=Main#main:1,k=5
VD,method=Main#main:1 <name=ok,type=boolean (id=2),value=<?>,index=22>
VW,context=Main#main:1,ok=true
VW,context=Main#main:1,k=6
VD,method=Main#main:1 <name=ok,type=boolean (id=2),value=<?>,index=22>
VW,context=Main#main:1,ok=true
VW,context=Main#main:1,k=7
VD,method=Main#main:1 <name=ok,type=boolean (id=2),value=<?>,index=22>
VW,context=Main#main:1,ok=true
VW,context=Main#main:1,k=8
VD,method=Main#main:1 <name=ok,type=boolean (id=2),value=<?>,index=22>
VW,context=Main#main:1,ok=true
VW,context=Main#main:1,k=9
VD,method=Main#main:1 <name=ok,type=boolean (id=2),value=<?>,index=22>
VW,context=Main#main:1,ok=true
VW,context=Main#main:1,k=10
VD,method=Main#main:1 <name=ok,type=boolean (id=2),value=<?>,index=22>
VW,context=Main#main:1,ok=true
VW,context=Main#main:1,k=11
VD,method=Main#main:1 <name=ok,type=boolean (id=2),value=<?>,index=22>
VW,context=Main#main:1,ok=true
VW,context=Main#main:1,k=12
VD,method=Main#main:1 <name=ok,type=boolean (id=2),value=<?>,index=22>
VW,context=Main#main:1,ok=true
VD,method=Main#main:1 <name=ok,type=boolean (id=2),value=<?>,index=22>
VD,method=Main#main:1 <name=k,type=int (id=7),value=<?>,index=21>
VW,context=Main#main:1,zz=2
VD,method=Main#main:1 <name=w,type=int (id=7),value=<?>,index=20>
VW,context=Main#main:1,w=1
VW,context=Main#main:1,k=0
VW,context=Main#main:1,ok=true
VW,context=Main#main:1,k=1
VD,method=Main#main:1 <name=ok,type=boolean (id=2),value=<?>,index=22>
VW,context=Main#main:1,ok=true
VW,context=Main#main:1,k=2
VD,method=Main#main:1 <name=ok,type=boolean (id=2),value=<?>,index=22>
VW,context=Main#main:1,ok=true
VW,context=Main#main:1,k=3
VD,method=Main#main:1 <name=ok,type=boolean (id=2),value=<?>,index=22>
VW,context=Main#main:1,ok=true
VW,context=Main#main:1,k=4
VD,method=Main#main:1 <name=ok,type=boolean (id=2),value=<?>,index=22>
VW,context=Main#main:1,ok=true
VW,context=Main#main:1,k=5
VD,method=Main#main:1 <name=ok,type=boolean (id=2),value=<?>,index=22>
VW,context=Main#main:1,ok=true
VW,context=Main#main:1,k=6
VD,method=Main#main:1 <name=ok,type=boolean (id=2),value=<?>,index=22>
VW,context=Main#main:1,ok=true
VW,context=Main#main:1,k=7
VD,method=Main#main:1 <name=ok,type=boolean (id=2),value=<?>,index=22>
VW,context=Main#main:1,ok=true
VW,context=Main#main:1,k=8
VD,method=Main#main:1 <name=ok,type=boolean (id=2),value=<?>,index=22>
VW,context=Main#main:1,ok=true
VW,context=Main#main:1,k=9
VD,method=Main#main:1 <name=ok,type=boolean (id=2),value=<?>,index=22>
VW,context=Main#main:1,ok=true
VW,context=Main#main:1,k=10
VD,method=Main#main:1 <name=ok,type=boolean (id=2),value=<?>,index=22>
VW,context=Main#main:1,ok=true
VW,context=Main#main:1,k=11
VD,method=Main#main:1 <name=ok,type=boolean (id=2),value=<?>,index=22>
VW,context=Main#main:1,ok=true
VW,context=Main#main:1,k=12
VD,method=Main#main:1 <name=ok,type=boolean (id=2),value=<?>,index=22>
VW,context=Main#main:1,ok=true
VD,method=Main#main:1 <name=ok,type=boolean (id=2),value=<?>,index=22>
VD,method=Main#main:1 <name=k,type=int (id=7),value=<?>,index=21>
VW,context=Main#main:1,zz=3
VD,method=Main#main:1 <name=w,type=int (id=7),value=<?>,index=20>
VW,context=Main#main:1,w=2
VW,context=Main#main:1,k=0
VW,context=Main#main:1,ok=true
VW,context=Main#main:1,k=1
VD,method=Main#main:1 <name=ok,type=boolean (id=2),value=<?>,index=22>
VW,context=Main#main:1,ok=true
VW,context=Main#main:1,k=2
VD,method=Main#main:1 <name=ok,type=boolean (id=2),value=<?>,index=22>
VW,context=Main#main:1,ok=true
VW,context=Main#main:1,k=3
VD,method=Main#main:1 <name=ok,type=boolean (id=2),value=<?>,index=22>
VW,context=Main#main:1,ok=true
VW,context=Main#main:1,k=4
VD,method=Main#main:1 <name=ok,type=boolean (id=2),value=<?>,index=22>
VW,context=Main#main:1,ok=true
VW,context=Main#main:1,k=5
VD,method=Main#main:1 <name=ok,type=boolean (id=2),value=<?>,index=22>
VW,context=Main#main:1,ok=true
VW,context=Main#main:1,k=6
VD,method=Main#main:1 <name=ok,type=boolean (id=2),value=<?>,index=22>
VW,context=Main#main:1,ok=true
VW,context=Main#main:1,k=7
VD,method=Main#main:1 <name=ok,type=boolean (id=2),value=<?>,index=22>
VW,context=Main#main:1,ok=true
VW,context=Main#main:1,k=8
VD,method=Main#main:1 <name=ok,type=boolean (id=2),value=<?>,index=22>
VW,context=Main#main:1,ok=true
VW,context=Main#main:1,k=9
VD,method=Main#main:1 <name=ok,type=boolean (id=2),value=<?>,index=22>
VW,context=Main#main:1,ok=true
VW,context=Main#main:1,k=10
VD,method=Main#main:1 <name=ok,type=boolean (id=2),value=<?>,index=22>
VW,context=Main#main:1,ok=true
VW,context=Main#main:1,k=11
VD,method=Main#main:1 <name=ok,type=boolean (id=2),value=<?>,index=22>
VW,context=Main#main:1,ok=true
VW,context=Main#main:1,k=12
VD,method=Main#main:1 <name=ok,type=boolean (id=2),value=<?>,index=22>
VW,context=Main#main:1,ok=true
VD,method=Main#main:1 <name=ok,type=boolean (id=2),value=<?>,index=22>
VD,method=Main#main:1 <name=k,type=int (id=7),value=<?>,index=21>
VD,method=Main#main:1 <name=w,type=int (id=7),value=<?>,index=20>
VD,method=Main#main:1 <name=zz,type=int (id=7),value=<?>,index=19>
VW,context=Main#main:1,yy=3
VW,context=Main#main:1,zz=0
VW,context=Main#main:1,zz=1
VW,context=Main#main:1,zz=2
VW,context=Main#main:1,zz=3
VD,method=Main#main:1 <name=zz,type=int (id=7),value=<?>,index=19>
VD,method=Main#main:1 <name=yy,type=int (id=7),value=<?>,index=18>
VW,context=Main#main:1,xx=3
VW,context=Main#main:1,yy=0
VW,context=Main#main:1,zz=0
VW,context=Main#main:1,zz=1
VW,context=Main#main:1,zz=2
VW,context=Main#main:1,zz=3
VD,method=Main#main:1 <name=zz,type=int (id=7),value=<?>,index=19>
VW,context=Main#main:1,yy=1
VW,context=Main#main:1,zz=0
VW,context=Main#main:1,zz=1
VW,context=Main#main:1,zz=2
VW,context=Main#main:1,zz=3
VD,method=Main#main:1 <name=zz,type=int (id=7),value=<?>,index=19>
VW,context=Main#main:1,yy=2
VW,context=Main#main:1,zz=0
VW,context=Main#main:1,zz=1
VW,context=Main#main:1,zz=2
VW,context=Main#main:1,zz=3
VD,method=Main#main:1 <name=zz,type=int (id=7),value=<?>,index=19>
VW,context=Main#main:1,yy=3
VW,context=Main#main:1,zz=0
VW,context=Main#main:1,w=1
VW,context=Main#main:1,k=0
VW,context=Main#main:1,ok=true
VW,context=Main#main:1,k=1
VD,method=Main#main:1 <name=ok,type=boolean (id=2),value=<?>,index=22>
VW,context=Main#main:1,ok=true
VW,context=Main#main:1,k=2
VD,method=Main#main:1 <name=ok,type=boolean (id=2),value=<?>,index=22>
VW,context=Main#main:1,ok=true
VW,context=Main#main:1,l=1
VW,context=Main#main:1,ok=false
VD,method=Main#main:1 <name=l,type=int (id=7),value=<?>,index=23>
VW,context=Main#main:1,k=3
VD,method=Main#main:1 <name=ok,type=boolean (id=2),value=<?>,index=22>
VW,context=Main#main:1,ok=true
VW,context=Main#main:1,k=4
VD,method=Main#main:1 <name=ok,type=boolean (id=2),value=<?>,index=22>
VW,context=Main#main:1,ok=true
VW,context=Main#main:1,k=5
VD,method=Main#main:1 <name=ok,type=boolean (id=2),value=<?>,index=22>
VW,context=Main#main:1,ok=true
VW,context=Main#main:1,k=6
VD,method=Main#main:1 <name=ok,type=boolean (id=2),value=<?>,index=22>
VW,context=Main#main:1,ok=true
VW,context=Main#main:1,k=7
VD,method=Main#main:1 <name=ok,type=boolean (id=2),value=<?>,index=22>
VW,context=Main#main:1,ok=true
VW,context=Main#main:1,k=8
VD,method=Main#main:1 <name=ok,type=boolean (id=2),value=<?>,index=22>
VW,context=Main#main:1,ok=true
VW,context=Main#main:1,k=9
VD,method=Main#main:1 <name=ok,type=boolean (id=2),value=<?>,index=22>
VW,context=Main#main:1,ok=true
VW,context=Main#main:1,k=10
VD,method=Main#main:1 <name=ok,type=boolean (id=2),value=<?>,index=22>
VW,context=Main#main:1,ok=true
VW,context=Main#main:1,k=11
VD,method=Main#main:1 <name=ok,type=boolean (id=2),value=<?>,index=22>
VW,context=Main#main:1,ok=true
VW,context=Main#main:1,k=12
VD,method=Main#main:1 <name=ok,type=boolean (id=2),value=<?>,index=22>
VW,context=Main#main:1,ok=true
VD,method=Main#main:1 <name=ok,type=boolean (id=2),value=<?>,index=22>
VD,method=Main#main:1 <name=k,type=int (id=7),value=<?>,index=21>
VW,context=Main#main:1,zz=1
VD,method=Main#main:1 <name=w,type=int (id=7),value=<?>,index=20>
VW,context=Main#main:1,zz=2
VW,context=Main#main:1,zz=3
VD,method=Main#main:1 <name=zz,type=int (id=7),value=<?>,index=19>
VD,method=Main#main:1 <name=yy,type=int (id=7),value=<?>,index=18>
VD,method=Main#main:1 <name=xx,type=int (id=7),value=<?>,index=17>
VW,context=Main#main:1,now=1
VW,context=Main#main:1,i=10
VW,context=Main#main:1,j=0
VW,context=Main#main:1,j=1
VW,context=Main#main:1,map=int[][][]:3
VD,method=Main#main:1 <name=j,type=int (id=7),value=<?>,index=16>
VW,context=Main#main:1,xx=0
VW,context=Main#main:1,yy=0
VW,context=Main#main:1,zz=0
VW,context=Main#main:1,w=1
VW,context=Main#main:1,k=0
VW,context=Main#main:1,ok=true
VW,context=Main#main:1,l=1
VW,context=Main#main:1,ok=false
VD,method=Main#main:1 <name=l,type=int (id=7),value=<?>,index=23>
VW,context=Main#main:1,k=1
VD,method=Main#main:1 <name=ok,type=boolean (id=2),value=<?>,index=22>
VW,context=Main#main:1,ok=true
VW,context=Main#main:1,l=1
VW,context=Main#main:1,ok=false
VD,method=Main#main:1 <name=l,type=int (id=7),value=<?>,index=23>
VW,context=Main#main:1,k=2
VD,method=Main#main:1 <name=ok,type=boolean (id=2),value=<?>,index=22>
VW,context=Main#main:1,ok=true
VW,context=Main#main:1,l=1
VW,context=Main#main:1,l=2
VW,context=Main#main:1,ok=false
VD,method=Main#main:1 <name=l,type=int (id=7),value=<?>,index=23>
VW,context=Main#main:1,k=3
VD,method=Main#main:1 <name=ok,type=boolean (id=2),value=<?>,index=22>
VW,context=Main#main:1,ok=true
VW,context=Main#main:1,l=1
VW,context=Main#main:1,ok=false
VD,method=Main#main:1 <name=l,type=int (id=7),value=<?>,index=23>
VW,context=Main#main:1,k=4
VD,method=Main#main:1 <name=ok,type=boolean (id=2),value=<?>,index=22>
VW,context=Main#main:1,ok=true
VW,context=Main#main:1,l=1
VW,context=Main#main:1,ok=false
VD,method=Main#main:1 <name=l,type=int (id=7),value=<?>,index=23>
VW,context=Main#main:1,k=5
VD,method=Main#main:1 <name=ok,type=boolean (id=2),value=<?>,index=22>
VW,context=Main#main:1,ok=true
VW,context=Main#main:1,l=1
VW,context=Main#main:1,ok=false
VD,method=Main#main:1 <name=l,type=int (id=7),value=<?>,index=23>
VW,context=Main#main:1,k=6
VD,method=Main#main:1 <name=ok,type=boolean (id=2),value=<?>,index=22>
VW,context=Main#main:1,ok=true
VW,context=Main#main:1,l=1
VW,context=Main#main:1,ok=false
VD,method=Main#main:1 <name=l,type=int (id=7),value=<?>,index=23>
VW,context=Main#main:1,k=7
VD,method=Main#main:1 <name=ok,type=boolean (id=2),value=<?>,index=22>
VW,context=Main#main:1,ok=true
VW,context=Main#main:1,k=8
VD,method=Main#main:1 <name=ok,type=boolean (id=2),value=<?>,index=22>
VW,context=Main#main:1,ok=true
VW,context=Main#main:1,k=9
VD,method=Main#main:1 <name=ok,type=boolean (id=2),value=<?>,index=22>
VW,context=Main#main:1,ok=true
VW,context=Main#main:1,k=10
VD,method=Main#main:1 <name=ok,type=boolean (id=2),value=<?>,index=22>
VW,context=Main#main:1,ok=true
VW,context=Main#main:1,k=11
VD,method=Main#main:1 <name=ok,type=boolean (id=2),value=<?>,index=22>
VW,context=Main#main:1,ok=true
VW,context=Main#main:1,k=12
VD,method=Main#main:1 <name=ok,type=boolean (id=2),value=<?>,index=22>
VW,context=Main#main:1,ok=true
VD,method=Main#main:1 <name=ok,type=boolean (id=2),value=<?>,index=22>
VD,method=Main#main:1 <name=k,type=int (id=7),value=<?>,index=21>
VW,context=Main#main:1,zz=1
VD,method=Main#main:1 <name=w,type=int (id=7),value=<?>,index=20>
VW,context=Main#main:1,w=1
VW,context=Main#main:1,k=0
VW,context=Main#main:1,ok=true
VW,context=Main#main:1,l=1
VW,context=Main#main:1,ok=false
VD,method=Main#main:1 <name=l,type=int (id=7),value=<?>,index=23>
VW,context=Main#main:1,k=1
VD,method=Main#main:1 <name=ok,type=boolean (id=2),value=<?>,index=22>
VW,context=Main#main:1,ok=true
VW,context=Main#main:1,l=1
VW,context=Main#main:1,ok=false
VD,method=Main#main:1 <name=l,type=int (id=7),value=<?>,index=23>
VW,context=Main#main:1,k=2
VD,method=Main#main:1 <name=ok,type=boolean (id=2),value=<?>,index=22>
VW,context=Main#main:1,ok=true
VW,context=Main#main:1,l=1
VW,context=Main#main:1,ok=false
VD,method=Main#main:1 <name=l,type=int (id=7),value=<?>,index=23>
VW,context=Main#main:1,k=3
VD,method=Main#main:1 <name=ok,type=boolean (id=2),value=<?>,index=22>
VW,context=Main#main:1,ok=true
VW,context=Main#main:1,l=1
VW,context=Main#main:1,ok=false
VD,method=Main#main:1 <name=l,type=int (id=7),value=<?>,index=23>
VW,context=Main#main:1,k=4
VD,method=Main#main:1 <name=ok,type=boolean (id=2),value=<?>,index=22>
VW,context=Main#main:1,ok=true
VW,context=Main#main:1,l=1
VW,context=Main#main:1,ok=false
VD,method=Main#main:1 <name=l,type=int (id=7),value=<?>,index=23>
VW,context=Main#main:1,k=5
VD,method=Main#main:1 <name=ok,type=boolean (id=2),value=<?>,index=22>
VW,context=Main#main:1,ok=true
VW,context=Main#main:1,l=1
VW,context=Main#main:1,ok=false
VD,method=Main#main:1 <name=l,type=int (id=7),value=<?>,index=23>
VW,context=Main#main:1,k=6
VD,method=Main#main:1 <name=ok,type=boolean (id=2),value=<?>,index=22>
VW,context=Main#main:1,ok=true
VW,context=Main#main:1,l=1
VW,context=Main#main:1,ok=false
VD,method=Main#main:1 <name=l,type=int (id=7),value=<?>,index=23>
VW,context=Main#main:1,k=7
VD,method=Main#main:1 <name=ok,type=boolean (id=2),value=<?>,index=22>
VW,context=Main#main:1,ok=true
VW,context=Main#main:1,k=8
VD,method=Main#main:1 <name=ok,type=boolean (id=2),value=<?>,index=22>
VW,context=Main#main:1,ok=true
VW,context=Main#main:1,k=9
VD,method=Main#main:1 <name=ok,type=boolean (id=2),value=<?>,index=22>
VW,context=Main#main:1,ok=true
VW,context=Main#main:1,k=10
VD,method=Main#main:1 <name=ok,type=boolean (id=2),value=<?>,index=22>
VW,context=Main#main:1,ok=true
VW,context=Main#main:1,k=11
VD,method=Main#main:1 <name=ok,type=boolean (id=2),value=<?>,index=22>
VW,context=Main#main:1,ok=true
VW,context=Main#main:1,k=12
VD,method=Main#main:1 <name=ok,type=boolean (id=2),value=<?>,index=22>
VW,context=Main#main:1,ok=true
VD,method=Main#main:1 <name=ok,type=boolean (id=2),value=<?>,index=22>
VD,method=Main#main:1 <name=k,type=int (id=7),value=<?>,index=21>
VW,context=Main#main:1,zz=2
VD,method=Main#main:1 <name=w,type=int (id=7),value=<?>,index=20>
VW,context=Main#main:1,w=2
VW,context=Main#main:1,k=0
VW,context=Main#main:1,ok=true
VW,context=Main#main:1,l=1
VW,context=Main#main:1,ok=false
VD,method=Main#main:1 <name=l,type=int (id=7),value=<?>,index=23>
VW,context=Main#main:1,k=1
VD,method=Main#main:1 <name=ok,type=boolean (id=2),value=<?>,index=22>
VW,context=Main#main:1,ok=true
VW,context=Main#main:1,k=2
VD,method=Main#main:1 <name=ok,type=boolean (id=2),value=<?>,index=22>
VW,context=Main#main:1,ok=true
VW,context=Main#main:1,k=3
VD,method=Main#main:1 <name=ok,type=boolean (id=2),value=<?>,index=22>
VW,context=Main#main:1,ok=true
VW,context=Main#main:1,k=4
VD,method=Main#main:1 <name=ok,type=boolean (id=2),value=<?>,index=22>
VW,context=Main#main:1,ok=true
VW,context=Main#main:1,l=1
VW,context=Main#main:1,ok=false
VD,method=Main#main:1 <name=l,type=int (id=7),value=<?>,index=23>
VW,context=Main#main:1,k=5
VD,method=Main#main:1 <name=ok,type=boolean (id=2),value=<?>,index=22>
VW,context=Main#main:1,ok=true
VW,context=Main#main:1,l=1
VW,context=Main#main:1,ok=false
VD,method=Main#main:1 <name=l,type=int (id=7),value=<?>,index=23>
VW,context=Main#main:1,k=6
VD,method=Main#main:1 <name=ok,type=boolean (id=2),value=<?>,index=22>
VW,context=Main#main:1,ok=true
VW,context=Main#main:1,k=7
VD,method=Main#main:1 <name=ok,type=boolean (id=2),value=<?>,index=22>
VW,context=Main#main:1,ok=true
VW,context=Main#main:1,k=8
VD,method=Main#main:1 <name=ok,type=boolean (id=2),value=<?>,index=22>
VW,context=Main#main:1,ok=true
VW,context=Main#main:1,k=9
VD,method=Main#main:1 <name=ok,type=boolean (id=2),value=<?>,index=22>
VW,context=Main#main:1,ok=true
VW,context=Main#main:1,l=1
VW,context=Main#main:1,ok=false
VD,method=Main#main:1 <name=l,type=int (id=7),value=<?>,index=23>
VW,context=Main#main:1,k=10
VD,method=Main#main:1 <name=ok,type=boolean (id=2),value=<?>,index=22>
VW,context=Main#main:1,ok=true
VW,context=Main#main:1,k=11
VD,method=Main#main:1 <name=ok,type=boolean (id=2),value=<?>,index=22>
VW,context=Main#main:1,ok=true
VW,context=Main#main:1,l=1
VW,context=Main#main:1,ok=false
VD,method=Main#main:1 <name=l,type=int (id=7),value=<?>,index=23>
VW,context=Main#main:1,k=12
VD,method=Main#main:1 <name=ok,type=boolean (id=2),value=<?>,index=22>
VW,context=Main#main:1,ok=true
VW,context=Main#main:1,l=1
VW,context=Main#main:1,ok=false
VD,method=Main#main:1 <name=l,type=int (id=7),value=<?>,index=23>
VD,method=Main#main:1 <name=ok,type=boolean (id=2),value=<?>,index=22>
VD,method=Main#main:1 <name=k,type=int (id=7),value=<?>,index=21>
VW,context=Main#main:1,zz=3
VD,method=Main#main:1 <name=w,type=int (id=7),value=<?>,index=20>
VW,context=Main#main:1,w=2
VW,context=Main#main:1,k=0
VW,context=Main#main:1,ok=true
VW,context=Main#main:1,l=1
VW,context=Main#main:1,ok=false
VD,method=Main#main:1 <name=l,type=int (id=7),value=<?>,index=23>
VW,context=Main#main:1,k=1
VD,method=Main#main:1 <name=ok,type=boolean (id=2),value=<?>,index=22>
VW,context=Main#main:1,ok=true
VW,context=Main#main:1,k=2
VD,method=Main#main:1 <name=ok,type=boolean (id=2),value=<?>,index=22>
VW,context=Main#main:1,ok=true
VW,context=Main#main:1,k=3
VD,method=Main#main:1 <name=ok,type=boolean (id=2),value=<?>,index=22>
VW,context=Main#main:1,ok=true
VW,context=Main#main:1,k=4
VD,method=Main#main:1 <name=ok,type=boolean (id=2),value=<?>,index=22>
VW,context=Main#main:1,ok=true
VW,context=Main#main:1,l=1
VW,context=Main#main:1,ok=false
VD,method=Main#main:1 <name=l,type=int (id=7),value=<?>,index=23>
VW,context=Main#main:1,k=5
VD,method=Main#main:1 <name=ok,type=boolean (id=2),value=<?>,index=22>
VW,context=Main#main:1,ok=true
VW,context=Main#main:1,l=1
VW,context=Main#main:1,ok=false
VD,method=Main#main:1 <name=l,type=int (id=7),value=<?>,index=23>
VW,context=Main#main:1,k=6
VD,method=Main#main:1 <name=ok,type=boolean (id=2),value=<?>,index=22>
VW,context=Main#main:1,ok=true
VW,context=Main#main:1,k=7
VD,method=Main#main:1 <name=ok,type=boolean (id=2),value=<?>,index=22>
VW,context=Main#main:1,ok=true
VW,context=Main#main:1,k=8
VD,method=Main#main:1 <name=ok,type=boolean (id=2),value=<?>,index=22>
VW,context=Main#main:1,ok=true
VW,context=Main#main:1,k=9
VD,method=Main#main:1 <name=ok,type=boolean (id=2),value=<?>,index=22>
VW,context=Main#main:1,ok=true
VW,context=Main#main:1,l=1
VW,context=Main#main:1,ok=false
VD,method=Main#main:1 <name=l,type=int (id=7),value=<?>,index=23>
VW,context=Main#main:1,k=10
VD,method=Main#main:1 <name=ok,type=boolean (id=2),value=<?>,index=22>
VW,context=Main#main:1,ok=true
VW,context=Main#main:1,k=11
VD,method=Main#main:1 <name=ok,type=boolean (id=2),value=<?>,index=22>
VW,context=Main#main:1,ok=true
VW,context=Main#main:1,l=1
VW,context=Main#main:1,ok=false
VD,method=Main#main:1 <name=l,type=int (id=7),value=<?>,index=23>
VW,context=Main#main:1,k=12
VD,method=Main#main:1 <name=ok,type=boolean (id=2),value=<?>,index=22>
VW,context=Main#main:1,ok=true
VW,context=Main#main:1,l=1
VW,context=Main#main:1,ok=false
VD,method=Main#main:1 <name=l,type=int (id=7),value=<?>,index=23>
VD,method=Main#main:1 <name=ok,type=boolean (id=2),value=<?>,index=22>
VD,method=Main#main:1 <name=k,type=int (id=7),value=<?>,index=21>
VD,method=Main#main:1 <name=w,type=int (id=7),value=<?>,index=20>
VD,method=Main#main:1 <name=zz,type=int (id=7),value=<?>,index=19>
VW,context=Main#main:1,yy=1
VW,context=Main#main:1,zz=0
VW,context=Main#main:1,zz=1
VW,context=Main#main:1,zz=2
VW,context=Main#main:1,zz=3
VD,method=Main#main:1 <name=zz,type=int (id=7),value=<?>,index=19>
VW,context=Main#main:1,yy=2
VW,context=Main#main:1,zz=0
VW,context=Main#main:1,zz=1
VW,context=Main#main:1,zz=2
VW,context=Main#main:1,zz=3
VD,method=Main#main:1 <name=zz,type=int (id=7),value=<?>,index=19>
VW,context=Main#main:1,yy=3
VW,context=Main#main:1,zz=0
VW,context=Main#main:1,zz=1
VW,context=Main#main:1,zz=2
VW,context=Main#main:1,zz=3
VD,method=Main#main:1 <name=zz,type=int (id=7),value=<?>,index=19>
VD,method=Main#main:1 <name=yy,type=int (id=7),value=<?>,index=18>
VW,context=Main#main:1,xx=1
VW,context=Main#main:1,yy=0
VW,context=Main#main:1,zz=0
VW,context=Main#main:1,zz=1
VW,context=Main#main:1,zz=2
VW,context=Main#main:1,zz=3
VD,method=Main#main:1 <name=zz,type=int (id=7),value=<?>,index=19>
VW,context=Main#main:1,yy=1
VW,context=Main#main:1,zz=0
VW,context=Main#main:1,w=2
VW,context=Main#main:1,k=0
VW,context=Main#main:1,ok=true
VW,context=Main#main:1,l=1
VW,context=Main#main:1,ok=false
VD,method=Main#main:1 <name=l,type=int (id=7),value=<?>,index=23>
VW,context=Main#main:1,k=1
VD,method=Main#main:1 <name=ok,type=boolean (id=2),value=<?>,index=22>
VW,context=Main#main:1,ok=true
VW,context=Main#main:1,l=1
VW,context=Main#main:1,ok=false
VD,method=Main#main:1 <name=l,type=int (id=7),value=<?>,index=23>
VW,context=Main#main:1,k=2
VD,method=Main#main:1 <name=ok,type=boolean (id=2),value=<?>,index=22>
VW,context=Main#main:1,ok=true
VW,context=Main#main:1,l=1
VW,context=Main#main:1,ok=false
VD,method=Main#main:1 <name=l,type=int (id=7),value=<?>,index=23>
VW,context=Main#main:1,k=3
VD,method=Main#main:1 <name=ok,type=boolean (id=2),value=<?>,index=22>
VW,context=Main#main:1,ok=true
VW,context=Main#main:1,l=1
VW,context=Main#main:1,ok=false
VD,method=Main#main:1 <name=l,type=int (id=7),value=<?>,index=23>
VW,context=Main#main:1,k=4
VD,method=Main#main:1 <name=ok,type=boolean (id=2),value=<?>,index=22>
VW,context=Main#main:1,ok=true
VW,context=Main#main:1,l=1
VW,context=Main#main:1,ok=false
VD,method=Main#main:1 <name=l,type=int (id=7),value=<?>,index=23>
VW,context=Main#main:1,k=5
VD,method=Main#main:1 <name=ok,type=boolean (id=2),value=<?>,index=22>
VW,context=Main#main:1,ok=true
VW,context=Main#main:1,l=1
VW,context=Main#main:1,l=2
VW,context=Main#main:1,ok=false
VD,method=Main#main:1 <name=l,type=int (id=7),value=<?>,index=23>
VW,context=Main#main:1,k=6
VD,method=Main#main:1 <name=ok,type=boolean (id=2),value=<?>,index=22>
VW,context=Main#main:1,ok=true
VW,context=Main#main:1,l=1
VW,context=Main#main:1,ok=false
VD,method=Main#main:1 <name=l,type=int (id=7),value=<?>,index=23>
VW,context=Main#main:1,k=7
VD,method=Main#main:1 <name=ok,type=boolean (id=2),value=<?>,index=22>
VW,context=Main#main:1,ok=true
VW,context=Main#main:1,k=8
VD,method=Main#main:1 <name=ok,type=boolean (id=2),value=<?>,index=22>
VW,context=Main#main:1,ok=true
VW,context=Main#main:1,k=9
VD,method=Main#main:1 <name=ok,type=boolean (id=2),value=<?>,index=22>
VW,context=Main#main:1,ok=true
VW,context=Main#main:1,k=10
VD,method=Main#main:1 <name=ok,type=boolean (id=2),value=<?>,index=22>
VW,context=Main#main:1,ok=true
VW,context=Main#main:1,k=11
VD,method=Main#main:1 <name=ok,type=boolean (id=2),value=<?>,index=22>
VW,context=Main#main:1,ok=true
VW,context=Main#main:1,k=12
VD,method=Main#main:1 <name=ok,type=boolean (id=2),value=<?>,index=22>
VW,context=Main#main:1,ok=true
VD,method=Main#main:1 <name=ok,type=boolean (id=2),value=<?>,index=22>
VD,method=Main#main:1 <name=k,type=int (id=7),value=<?>,index=21>
VW,context=Main#main:1,zz=1
VD,method=Main#main:1 <name=w,type=int (id=7),value=<?>,index=20>
VW,context=Main#main:1,zz=2
VW,context=Main#main:1,zz=3
VD,method=Main#main:1 <name=zz,type=int (id=7),value=<?>,index=19>
VW,context=Main#main:1,yy=2
VW,context=Main#main:1,zz=0
VW,context=Main#main:1,zz=1
VW,context=Main#main:1,zz=2
VW,context=Main#main:1,zz=3
VD,method=Main#main:1 <name=zz,type=int (id=7),value=<?>,index=19>
VW,context=Main#main:1,yy=3
VW,context=Main#main:1,zz=0
VW,context=Main#main:1,zz=1
VW,context=Main#main:1,zz=2
VW,context=Main#main:1,zz=3
VD,method=Main#main:1 <name=zz,type=int (id=7),value=<?>,index=19>
VD,method=Main#main:1 <name=yy,type=int (id=7),value=<?>,index=18>
VW,context=Main#main:1,xx=2
VW,context=Main#main:1,yy=0
VW,context=Main#main:1,zz=0
VW,context=Main#main:1,zz=1
VW,context=Main#main:1,zz=2
VW,context=Main#main:1,zz=3
VD,method=Main#main:1 <name=zz,type=int (id=7),value=<?>,index=19>
VW,context=Main#main:1,yy=1
VW,context=Main#main:1,zz=0
VW,context=Main#main:1,zz=1
VW,context=Main#main:1,zz=2
VW,context=Main#main:1,zz=3
VD,method=Main#main:1 <name=zz,type=int (id=7),value=<?>,index=19>
VW,context=Main#main:1,yy=2
VW,context=Main#main:1,zz=0
VW,context=Main#main:1,w=2
VW,context=Main#main:1,k=0
VW,context=Main#main:1,ok=true
VW,context=Main#main:1,k=1
VD,method=Main#main:1 <name=ok,type=boolean (id=2),value=<?>,index=22>
VW,context=Main#main:1,ok=true
VW,context=Main#main:1,k=2
VD,method=Main#main:1 <name=ok,type=boolean (id=2),value=<?>,index=22>
VW,context=Main#main:1,ok=true
VW,context=Main#main:1,l=1
VW,context=Main#main:1,ok=false
VD,method=Main#main:1 <name=l,type=int (id=7),value=<?>,index=23>
VW,context=Main#main:1,k=3
VD,method=Main#main:1 <name=ok,type=boolean (id=2),value=<?>,index=22>
VW,context=Main#main:1,ok=true
VW,context=Main#main:1,k=4
VD,method=Main#main:1 <name=ok,type=boolean (id=2),value=<?>,index=22>
VW,context=Main#main:1,ok=true
VW,context=Main#main:1,k=5
VD,method=Main#main:1 <name=ok,type=boolean (id=2),value=<?>,index=22>
VW,context=Main#main:1,ok=true
VW,context=Main#main:1,k=6
VD,method=Main#main:1 <name=ok,type=boolean (id=2),value=<?>,index=22>
VW,context=Main#main:1,ok=true
VW,context=Main#main:1,k=7
VD,method=Main#main:1 <name=ok,type=boolean (id=2),value=<?>,index=22>
VW,context=Main#main:1,ok=true
VW,context=Main#main:1,k=8
VD,method=Main#main:1 <name=ok,type=boolean (id=2),value=<?>,index=22>
VW,context=Main#main:1,ok=true
VW,context=Main#main:1,k=9
VD,method=Main#main:1 <name=ok,type=boolean (id=2),value=<?>,index=22>
VW,context=Main#main:1,ok=true
VW,context=Main#main:1,k=10
VD,method=Main#main:1 <name=ok,type=boolean (id=2),value=<?>,index=22>
VW,context=Main#main:1,ok=true
VW,context=Main#main:1,k=11
VD,method=Main#main:1 <name=ok,type=boolean (id=2),value=<?>,index=22>
VW,context=Main#main:1,ok=true
VW,context=Main#main:1,k=12
VD,method=Main#main:1 <name=ok,type=boolean (id=2),value=<?>,index=22>
VW,context=Main#main:1,ok=true
VD,method=Main#main:1 <name=ok,type=boolean (id=2),value=<?>,index=22>
VD,method=Main#main:1 <name=k,type=int (id=7),value=<?>,index=21>
VW,context=Main#main:1,zz=1
VD,method=Main#main:1 <name=w,type=int (id=7),value=<?>,index=20>
VW,context=Main#main:1,w=1
VW,context=Main#main:1,k=0
VW,context=Main#main:1,ok=true
VW,context=Main#main:1,k=1
VD,method=Main#main:1 <name=ok,type=boolean (id=2),value=<?>,index=22>
VW,context=Main#main:1,ok=true
VW,context=Main#main:1,k=2
VD,method=Main#main:1 <name=ok,type=boolean (id=2),value=<?>,index=22>
VW,context=Main#main:1,ok=true
VW,context=Main#main:1,l=1
VW,context=Main#main:1,l=2
VW,context=Main#main:1,ok=false
VD,method=Main#main:1 <name=l,type=int (id=7),value=<?>,index=23>
VW,context=Main#main:1,k=3
VD,method=Main#main:1 <name=ok,type=boolean (id=2),value=<?>,index=22>
VW,context=Main#main:1,ok=true
VW,context=Main#main:1,k=4
VD,method=Main#main:1 <name=ok,type=boolean (id=2),value=<?>,index=22>
VW,context=Main#main:1,ok=true
VW,context=Main#main:1,k=5
VD,method=Main#main:1 <name=ok,type=boolean (id=2),value=<?>,index=22>
VW,context=Main#main:1,ok=true
VW,context=Main#main:1,k=6
VD,method=Main#main:1 <name=ok,type=boolean (id=2),value=<?>,index=22>
VW,context=Main#main:1,ok=true
VW,context=Main#main:1,k=7
VD,method=Main#main:1 <name=ok,type=boolean (id=2),value=<?>,index=22>
VW,context=Main#main:1,ok=true
VW,context=Main#main:1,k=8
VD,method=Main#main:1 <name=ok,type=boolean (id=2),value=<?>,index=22>
VW,context=Main#main:1,ok=true
VW,context=Main#main:1,k=9
VD,method=Main#main:1 <name=ok,type=boolean (id=2),value=<?>,index=22>
VW,context=Main#main:1,ok=true
VW,context=Main#main:1,k=10
VD,method=Main#main:1 <name=ok,type=boolean (id=2),value=<?>,index=22>
VW,context=Main#main:1,ok=true
VW,context=Main#main:1,k=11
VD,method=Main#main:1 <name=ok,type=boolean (id=2),value=<?>,index=22>
VW,context=Main#main:1,ok=true
VW,context=Main#main:1,k=12
VD,method=Main#main:1 <name=ok,type=boolean (id=2),value=<?>,index=22>
VW,context=Main#main:1,ok=true
VD,method=Main#main:1 <name=ok,type=boolean (id=2),value=<?>,index=22>
VD,method=Main#main:1 <name=k,type=int (id=7),value=<?>,index=21>
VW,context=Main#main:1,zz=2
VD,method=Main#main:1 <name=w,type=int (id=7),value=<?>,index=20>
VW,context=Main#main:1,w=1
VW,context=Main#main:1,k=0
VW,context=Main#main:1,ok=true
VW,context=Main#main:1,k=1
VD,method=Main#main:1 <name=ok,type=boolean (id=2),value=<?>,index=22>
VW,context=Main#main:1,ok=true
VW,context=Main#main:1,k=2
VD,method=Main#main:1 <name=ok,type=boolean (id=2),value=<?>,index=22>
VW,context=Main#main:1,ok=true
VW,context=Main#main:1,k=3
VD,method=Main#main:1 <name=ok,type=boolean (id=2),value=<?>,index=22>
VW,context=Main#main:1,ok=true
VW,context=Main#main:1,k=4
VD,method=Main#main:1 <name=ok,type=boolean (id=2),value=<?>,index=22>
VW,context=Main#main:1,ok=true
VW,context=Main#main:1,k=5
VD,method=Main#main:1 <name=ok,type=boolean (id=2),value=<?>,index=22>
VW,context=Main#main:1,ok=true
VW,context=Main#main:1,k=6
VD,method=Main#main:1 <name=ok,type=boolean (id=2),value=<?>,index=22>
VW,context=Main#main:1,ok=true
VW,context=Main#main:1,k=7
VD,method=Main#main:1 <name=ok,type=boolean (id=2),value=<?>,index=22>
VW,context=Main#main:1,ok=true
VW,context=Main#main:1,k=8
VD,method=Main#main:1 <name=ok,type=boolean (id=2),value=<?>,index=22>
VW,context=Main#main:1,ok=true
VW,context=Main#main:1,k=9
VD,method=Main#main:1 <name=ok,type=boolean (id=2),value=<?>,index=22>
VW,context=Main#main:1,ok=true
VW,context=Main#main:1,k=10
VD,method=Main#main:1 <name=ok,type=boolean (id=2),value=<?>,index=22>
VW,context=Main#main:1,ok=true
VW,context=Main#main:1,k=11
VD,method=Main#main:1 <name=ok,type=boolean (id=2),value=<?>,index=22>
VW,context=Main#main:1,ok=true
VW,context=Main#main:1,k=12
VD,method=Main#main:1 <name=ok,type=boolean (id=2),value=<?>,index=22>
VW,context=Main#main:1,ok=true
VD,method=Main#main:1 <name=ok,type=boolean (id=2),value=<?>,index=22>
VD,method=Main#main:1 <name=k,type=int (id=7),value=<?>,index=21>
VW,context=Main#main:1,zz=3
VD,method=Main#main:1 <name=w,type=int (id=7),value=<?>,index=20>
VW,context=Main#main:1,w=2
VW,context=Main#main:1,k=0
VW,context=Main#main:1,ok=true
VW,context=Main#main:1,k=1
VD,method=Main#main:1 <name=ok,type=boolean (id=2),value=<?>,index=22>
VW,context=Main#main:1,ok=true
VW,context=Main#main:1,k=2
VD,method=Main#main:1 <name=ok,type=boolean (id=2),value=<?>,index=22>
VW,context=Main#main:1,ok=true
VW,context=Main#main:1,k=3
VD,method=Main#main:1 <name=ok,type=boolean (id=2),value=<?>,index=22>
VW,context=Main#main:1,ok=true
VW,context=Main#main:1,k=4
VD,method=Main#main:1 <name=ok,type=boolean (id=2),value=<?>,index=22>
VW,context=Main#main:1,ok=true
VW,context=Main#main:1,k=5
VD,method=Main#main:1 <name=ok,type=boolean (id=2),value=<?>,index=22>
VW,context=Main#main:1,ok=true
VW,context=Main#main:1,k=6
VD,method=Main#main:1 <name=ok,type=boolean (id=2),value=<?>,index=22>
VW,context=Main#main:1,ok=true
VW,context=Main#main:1,k=7
VD,method=Main#main:1 <name=ok,type=boolean (id=2),value=<?>,index=22>
VW,context=Main#main:1,ok=true
VW,context=Main#main:1,k=8
VD,method=Main#main:1 <name=ok,type=boolean (id=2),value=<?>,index=22>
VW,context=Main#main:1,ok=true
VW,context=Main#main:1,k=9
VD,method=Main#main:1 <name=ok,type=boolean (id=2),value=<?>,index=22>
VW,context=Main#main:1,ok=true
VW,context=Main#main:1,k=10
VD,method=Main#main:1 <name=ok,type=boolean (id=2),value=<?>,index=22>
VW,context=Main#main:1,ok=true
VW,context=Main#main:1,k=11
VD,method=Main#main:1 <name=ok,type=boolean (id=2),value=<?>,index=22>
VW,context=Main#main:1,ok=true
VW,context=Main#main:1,k=12
VD,method=Main#main:1 <name=ok,type=boolean (id=2),value=<?>,index=22>
VW,context=Main#main:1,ok=true
VD,method=Main#main:1 <name=ok,type=boolean (id=2),value=<?>,index=22>
VD,method=Main#main:1 <name=k,type=int (id=7),value=<?>,index=21>
VD,method=Main#main:1 <name=w,type=int (id=7),value=<?>,index=20>
VD,method=Main#main:1 <name=zz,type=int (id=7),value=<?>,index=19>
VW,context=Main#main:1,yy=3
VW,context=Main#main:1,zz=0
VW,context=Main#main:1,zz=1
VW,context=Main#main:1,zz=2
VW,context=Main#main:1,zz=3
VD,method=Main#main:1 <name=zz,type=int (id=7),value=<?>,index=19>
VD,method=Main#main:1 <name=yy,type=int (id=7),value=<?>,index=18>
VW,context=Main#main:1,xx=3
VW,context=Main#main:1,yy=0
VW,context=Main#main:1,zz=0
VW,context=Main#main:1,zz=1
VW,context=Main#main:1,zz=2
VW,context=Main#main:1,zz=3
VD,method=Main#main:1 <name=zz,type=int (id=7),value=<?>,index=19>
VW,context=Main#main:1,yy=1
VW,context=Main#main:1,zz=0
VW,context=Main#main:1,zz=1
VW,context=Main#main:1,zz=2
VW,context=Main#main:1,zz=3
VD,method=Main#main:1 <name=zz,type=int (id=7),value=<?>,index=19>
VW,context=Main#main:1,yy=2
VW,context=Main#main:1,zz=0
VW,context=Main#main:1,zz=1
VW,context=Main#main:1,zz=2
VW,context=Main#main:1,zz=3
VD,method=Main#main:1 <name=zz,type=int (id=7),value=<?>,index=19>
VW,context=Main#main:1,yy=3
VW,context=Main#main:1,zz=0
VW,context=Main#main:1,w=1
VW,context=Main#main:1,k=0
VW,context=Main#main:1,ok=true
VW,context=Main#main:1,k=1
VD,method=Main#main:1 <name=ok,type=boolean (id=2),value=<?>,index=22>
VW,context=Main#main:1,ok=true
VW,context=Main#main:1,k=2
VD,method=Main#main:1 <name=ok,type=boolean (id=2),value=<?>,index=22>
VW,context=Main#main:1,ok=true
VW,context=Main#main:1,l=1
VW,context=Main#main:1,l=2
VW,context=Main#main:1,ok=false
VD,method=Main#main:1 <name=l,type=int (id=7),value=<?>,index=23>
VW,context=Main#main:1,k=3
VD,method=Main#main:1 <name=ok,type=boolean (id=2),value=<?>,index=22>
VW,context=Main#main:1,ok=true
VW,context=Main#main:1,k=4
VD,method=Main#main:1 <name=ok,type=boolean (id=2),value=<?>,index=22>
VW,context=Main#main:1,ok=true
VW,context=Main#main:1,k=5
VD,method=Main#main:1 <name=ok,type=boolean (id=2),value=<?>,index=22>
VW,context=Main#main:1,ok=true
VW,context=Main#main:1,k=6
VD,method=Main#main:1 <name=ok,type=boolean (id=2),value=<?>,index=22>
VW,context=Main#main:1,ok=true
VW,context=Main#main:1,k=7
VD,method=Main#main:1 <name=ok,type=boolean (id=2),value=<?>,index=22>
VW,context=Main#main:1,ok=true
VW,context=Main#main:1,k=8
VD,method=Main#main:1 <name=ok,type=boolean (id=2),value=<?>,index=22>
VW,context=Main#main:1,ok=true
VW,context=Main#main:1,k=9
VD,method=Main#main:1 <name=ok,type=boolean (id=2),value=<?>,index=22>
VW,context=Main#main:1,ok=true
VW,context=Main#main:1,k=10
VD,method=Main#main:1 <name=ok,type=boolean (id=2),value=<?>,index=22>
VW,context=Main#main:1,ok=true
VW,context=Main#main:1,k=11
VD,method=Main#main:1 <name=ok,type=boolean (id=2),value=<?>,index=22>
VW,context=Main#main:1,ok=true
VW,context=Main#main:1,k=12
VD,method=Main#main:1 <name=ok,type=boolean (id=2),value=<?>,index=22>
VW,context=Main#main:1,ok=true
VD,method=Main#main:1 <name=ok,type=boolean (id=2),value=<?>,index=22>
VD,method=Main#main:1 <name=k,type=int (id=7),value=<?>,index=21>
VW,context=Main#main:1,zz=1
VD,method=Main#main:1 <name=w,type=int (id=7),value=<?>,index=20>
VW,context=Main#main:1,w=1
VW,context=Main#main:1,k=0
VW,context=Main#main:1,ok=true
VW,context=Main#main:1,k=1
VD,method=Main#main:1 <name=ok,type=boolean (id=2),value=<?>,index=22>
VW,context=Main#main:1,ok=true
VW,context=Main#main:1,k=2
VD,method=Main#main:1 <name=ok,type=boolean (id=2),value=<?>,index=22>
VW,context=Main#main:1,ok=true
VW,context=Main#main:1,l=1
VW,context=Main#main:1,ok=false
VD,method=Main#main:1 <name=l,type=int (id=7),value=<?>,index=23>
VW,context=Main#main:1,k=3
VD,method=Main#main:1 <name=ok,type=boolean (id=2),value=<?>,index=22>
VW,context=Main#main:1,ok=true
VW,context=Main#main:1,k=4
VD,method=Main#main:1 <name=ok,type=boolean (id=2),value=<?>,index=22>
VW,context=Main#main:1,ok=true
VW,context=Main#main:1,k=5
VD,method=Main#main:1 <name=ok,type=boolean (id=2),value=<?>,index=22>
VW,context=Main#main:1,ok=true
VW,context=Main#main:1,k=6
VD,method=Main#main:1 <name=ok,type=boolean (id=2),value=<?>,index=22>
VW,context=Main#main:1,ok=true
VW,context=Main#main:1,k=7
VD,method=Main#main:1 <name=ok,type=boolean (id=2),value=<?>,index=22>
VW,context=Main#main:1,ok=true
VW,context=Main#main:1,k=8
VD,method=Main#main:1 <name=ok,type=boolean (id=2),value=<?>,index=22>
VW,context=Main#main:1,ok=true
VW,context=Main#main:1,k=9
VD,method=Main#main:1 <name=ok,type=boolean (id=2),value=<?>,index=22>
VW,context=Main#main:1,ok=true
VW,context=Main#main:1,k=10
VD,method=Main#main:1 <name=ok,type=boolean (id=2),value=<?>,index=22>
VW,context=Main#main:1,ok=true
VW,context=Main#main:1,k=11
VD,method=Main#main:1 <name=ok,type=boolean (id=2),value=<?>,index=22>
VW,context=Main#main:1,ok=true
VW,context=Main#main:1,k=12
VD,method=Main#main:1 <name=ok,type=boolean (id=2),value=<?>,index=22>
VW,context=Main#main:1,ok=true
VD,method=Main#main:1 <name=ok,type=boolean (id=2),value=<?>,index=22>
VD,method=Main#main:1 <name=k,type=int (id=7),value=<?>,index=21>
VW,context=Main#main:1,zz=2
VD,method=Main#main:1 <name=w,type=int (id=7),value=<?>,index=20>
VW,context=Main#main:1,zz=3
VD,method=Main#main:1 <name=zz,type=int (id=7),value=<?>,index=19>
VD,method=Main#main:1 <name=yy,type=int (id=7),value=<?>,index=18>
VD,method=Main#main:1 <name=xx,type=int (id=7),value=<?>,index=17>
VW,context=Main#main:1,now=2
VW,context=Main#main:1,i=11
VW,context=Main#main:1,j=0
VW,context=Main#main:1,j=1
VW,context=Main#main:1,j=2
VW,context=Main#main:1,map=int[][][]:3
VD,method=Main#main:1 <name=j,type=int (id=7),value=<?>,index=16>
VW,context=Main#main:1,xx=0
VW,context=Main#main:1,yy=0
VW,context=Main#main:1,zz=0
VW,context=Main#main:1,w=1
VW,context=Main#main:1,k=0
VW,context=Main#main:1,ok=true
VW,context=Main#main:1,l=1
VW,context=Main#main:1,ok=false
VD,method=Main#main:1 <name=l,type=int (id=7),value=<?>,index=23>
VW,context=Main#main:1,k=1
VD,method=Main#main:1 <name=ok,type=boolean (id=2),value=<?>,index=22>
VW,context=Main#main:1,ok=true
VW,context=Main#main:1,l=1
VW,context=Main#main:1,ok=false
VD,method=Main#main:1 <name=l,type=int (id=7),value=<?>,index=23>
VW,context=Main#main:1,k=2
VD,method=Main#main:1 <name=ok,type=boolean (id=2),value=<?>,index=22>
VW,context=Main#main:1,ok=true
VW,context=Main#main:1,l=1
VW,context=Main#main:1,l=2
VW,context=Main#main:1,ok=false
VD,method=Main#main:1 <name=l,type=int (id=7),value=<?>,index=23>
VW,context=Main#main:1,k=3
VD,method=Main#main:1 <name=ok,type=boolean (id=2),value=<?>,index=22>
VW,context=Main#main:1,ok=true
VW,context=Main#main:1,l=1
VW,context=Main#main:1,ok=false
VD,method=Main#main:1 <name=l,type=int (id=7),value=<?>,index=23>
VW,context=Main#main:1,k=4
VD,method=Main#main:1 <name=ok,type=boolean (id=2),value=<?>,index=22>
VW,context=Main#main:1,ok=true
VW,context=Main#main:1,l=1
VW,context=Main#main:1,ok=false
VD,method=Main#main:1 <name=l,type=int (id=7),value=<?>,index=23>
VW,context=Main#main:1,k=5
VD,method=Main#main:1 <name=ok,type=boolean (id=2),value=<?>,index=22>
VW,context=Main#main:1,ok=true
VW,context=Main#main:1,l=1
VW,context=Main#main:1,ok=false
VD,method=Main#main:1 <name=l,type=int (id=7),value=<?>,index=23>
VW,context=Main#main:1,k=6
VD,method=Main#main:1 <name=ok,type=boolean (id=2),value=<?>,index=22>
VW,context=Main#main:1,ok=true
VW,context=Main#main:1,l=1
VW,context=Main#main:1,ok=false
VD,method=Main#main:1 <name=l,type=int (id=7),value=<?>,index=23>
VW,context=Main#main:1,k=7
VD,method=Main#main:1 <name=ok,type=boolean (id=2),value=<?>,index=22>
VW,context=Main#main:1,ok=true
VW,context=Main#main:1,k=8
VD,method=Main#main:1 <name=ok,type=boolean (id=2),value=<?>,index=22>
VW,context=Main#main:1,ok=true
VW,context=Main#main:1,k=9
VD,method=Main#main:1 <name=ok,type=boolean (id=2),value=<?>,index=22>
VW,context=Main#main:1,ok=true
VW,context=Main#main:1,k=10
VD,method=Main#main:1 <name=ok,type=boolean (id=2),value=<?>,index=22>
VW,context=Main#main:1,ok=true
VW,context=Main#main:1,k=11
VD,method=Main#main:1 <name=ok,type=boolean (id=2),value=<?>,index=22>
VW,context=Main#main:1,ok=true
VW,context=Main#main:1,k=12
VD,method=Main#main:1 <name=ok,type=boolean (id=2),value=<?>,index=22>
VW,context=Main#main:1,ok=true
VD,method=Main#main:1 <name=ok,type=boolean (id=2),value=<?>,index=22>
VD,method=Main#main:1 <name=k,type=int (id=7),value=<?>,index=21>
VW,context=Main#main:1,zz=1
VD,method=Main#main:1 <name=w,type=int (id=7),value=<?>,index=20>
VW,context=Main#main:1,w=1
VW,context=Main#main:1,k=0
VW,context=Main#main:1,ok=true
VW,context=Main#main:1,l=1
VW,context=Main#main:1,ok=false
VD,method=Main#main:1 <name=l,type=int (id=7),value=<?>,index=23>
VW,context=Main#main:1,k=1
VD,method=Main#main:1 <name=ok,type=boolean (id=2),value=<?>,index=22>
VW,context=Main#main:1,ok=true
VW,context=Main#main:1,l=1
VW,context=Main#main:1,ok=false
VD,method=Main#main:1 <name=l,type=int (id=7),value=<?>,index=23>
VW,context=Main#main:1,k=2
VD,method=Main#main:1 <name=ok,type=boolean (id=2),value=<?>,index=22>
VW,context=Main#main:1,ok=true
VW,context=Main#main:1,l=1
VW,context=Main#main:1,ok=false
VD,method=Main#main:1 <name=l,type=int (id=7),value=<?>,index=23>
VW,context=Main#main:1,k=3
VD,method=Main#main:1 <name=ok,type=boolean (id=2),value=<?>,index=22>
VW,context=Main#main:1,ok=true
VW,context=Main#main:1,l=1
VW,context=Main#main:1,ok=false
VD,method=Main#main:1 <name=l,type=int (id=7),value=<?>,index=23>
VW,context=Main#main:1,k=4
VD,method=Main#main:1 <name=ok,type=boolean (id=2),value=<?>,index=22>
VW,context=Main#main:1,ok=true
VW,context=Main#main:1,l=1
VW,context=Main#main:1,ok=false
VD,method=Main#main:1 <name=l,type=int (id=7),value=<?>,index=23>
VW,context=Main#main:1,k=5
VD,method=Main#main:1 <name=ok,type=boolean (id=2),value=<?>,index=22>
VW,context=Main#main:1,ok=true
VW,context=Main#main:1,l=1
VW,context=Main#main:1,ok=false
VD,method=Main#main:1 <name=l,type=int (id=7),value=<?>,index=23>
VW,context=Main#main:1,k=6
VD,method=Main#main:1 <name=ok,type=boolean (id=2),value=<?>,index=22>
VW,context=Main#main:1,ok=true
VW,context=Main#main:1,l=1
VW,context=Main#main:1,ok=false
VD,method=Main#main:1 <name=l,type=int (id=7),value=<?>,index=23>
VW,context=Main#main:1,k=7
VD,method=Main#main:1 <name=ok,type=boolean (id=2),value=<?>,index=22>
VW,context=Main#main:1,ok=true
VW,context=Main#main:1,k=8
VD,method=Main#main:1 <name=ok,type=boolean (id=2),value=<?>,index=22>
VW,context=Main#main:1,ok=true
VW,context=Main#main:1,k=9
VD,method=Main#main:1 <name=ok,type=boolean (id=2),value=<?>,index=22>
VW,context=Main#main:1,ok=true
VW,context=Main#main:1,k=10
VD,method=Main#main:1 <name=ok,type=boolean (id=2),value=<?>,index=22>
VW,context=Main#main:1,ok=true
VW,context=Main#main:1,k=11
VD,method=Main#main:1 <name=ok,type=boolean (id=2),value=<?>,index=22>
VW,context=Main#main:1,ok=true
VW,context=Main#main:1,k=12
VD,method=Main#main:1 <name=ok,type=boolean (id=2),value=<?>,index=22>
VW,context=Main#main:1,ok=true
VD,method=Main#main:1 <name=ok,type=boolean (id=2),value=<?>,index=22>
VD,method=Main#main:1 <name=k,type=int (id=7),value=<?>,index=21>
VW,context=Main#main:1,zz=2
VD,method=Main#main:1 <name=w,type=int (id=7),value=<?>,index=20>
VW,context=Main#main:1,w=2
VW,context=Main#main:1,k=0
VW,context=Main#main:1,ok=true
VW,context=Main#main:1,l=1
VW,context=Main#main:1,ok=false
VD,method=Main#main:1 <name=l,type=int (id=7),value=<?>,index=23>
VW,context=Main#main:1,k=1
VD,method=Main#main:1 <name=ok,type=boolean (id=2),value=<?>,index=22>
VW,context=Main#main:1,ok=true
VW,context=Main#main:1,k=2
VD,method=Main#main:1 <name=ok,type=boolean (id=2),value=<?>,index=22>
VW,context=Main#main:1,ok=true
VW,context=Main#main:1,k=3
VD,method=Main#main:1 <name=ok,type=boolean (id=2),value=<?>,index=22>
VW,context=Main#main:1,ok=true
VW,context=Main#main:1,k=4
VD,method=Main#main:1 <name=ok,type=boolean (id=2),value=<?>,index=22>
VW,context=Main#main:1,ok=true
VW,context=Main#main:1,l=1
VW,context=Main#main:1,ok=false
VD,method=Main#main:1 <name=l,type=int (id=7),value=<?>,index=23>
VW,context=Main#main:1,k=5
VD,method=Main#main:1 <name=ok,type=boolean (id=2),value=<?>,index=22>
VW,context=Main#main:1,ok=true
VW,context=Main#main:1,l=1
VW,context=Main#main:1,ok=false
VD,method=Main#main:1 <name=l,type=int (id=7),value=<?>,index=23>
VW,context=Main#main:1,k=6
VD,method=Main#main:1 <name=ok,type=boolean (id=2),value=<?>,index=22>
VW,context=Main#main:1,ok=true
VW,context=Main#main:1,k=7
VD,method=Main#main:1 <name=ok,type=boolean (id=2),value=<?>,index=22>
VW,context=Main#main:1,ok=true
VW,context=Main#main:1,k=8
VD,method=Main#main:1 <name=ok,type=boolean (id=2),value=<?>,index=22>
VW,context=Main#main:1,ok=true
VW,context=Main#main:1,k=9
VD,method=Main#main:1 <name=ok,type=boolean (id=2),value=<?>,index=22>
VW,context=Main#main:1,ok=true
VW,context=Main#main:1,l=1
VW,context=Main#main:1,ok=false
VD,method=Main#main:1 <name=l,type=int (id=7),value=<?>,index=23>
VW,context=Main#main:1,k=10
VD,method=Main#main:1 <name=ok,type=boolean (id=2),value=<?>,index=22>
VW,context=Main#main:1,ok=true
VW,context=Main#main:1,k=11
VD,method=Main#main:1 <name=ok,type=boolean (id=2),value=<?>,index=22>
VW,context=Main#main:1,ok=true
VW,context=Main#main:1,l=1
VW,context=Main#main:1,ok=false
VD,method=Main#main:1 <name=l,type=int (id=7),value=<?>,index=23>
VW,context=Main#main:1,k=12
VD,method=Main#main:1 <name=ok,type=boolean (id=2),value=<?>,index=22>
VW,context=Main#main:1,ok=true
VW,context=Main#main:1,l=1
VW,context=Main#main:1,ok=false
VD,method=Main#main:1 <name=l,type=int (id=7),value=<?>,index=23>
VD,method=Main#main:1 <name=ok,type=boolean (id=2),value=<?>,index=22>
VD,method=Main#main:1 <name=k,type=int (id=7),value=<?>,index=21>
VW,context=Main#main:1,zz=3
VD,method=Main#main:1 <name=w,type=int (id=7),value=<?>,index=20>
VW,context=Main#main:1,w=2
VW,context=Main#main:1,k=0
VW,context=Main#main:1,ok=true
VW,context=Main#main:1,l=1
VW,context=Main#main:1,ok=false
VD,method=Main#main:1 <name=l,type=int (id=7),value=<?>,index=23>
VW,context=Main#main:1,k=1
VD,method=Main#main:1 <name=ok,type=boolean (id=2),value=<?>,index=22>
VW,context=Main#main:1,ok=true
VW,context=Main#main:1,k=2
VD,method=Main#main:1 <name=ok,type=boolean (id=2),value=<?>,index=22>
VW,context=Main#main:1,ok=true
VW,context=Main#main:1,k=3
VD,method=Main#main:1 <name=ok,type=boolean (id=2),value=<?>,index=22>
VW,context=Main#main:1,ok=true
VW,context=Main#main:1,k=4
VD,method=Main#main:1 <name=ok,type=boolean (id=2),value=<?>,index=22>
VW,context=Main#main:1,ok=true
VW,context=Main#main:1,l=1
VW,context=Main#main:1,ok=false
VD,method=Main#main:1 <name=l,type=int (id=7),value=<?>,index=23>
VW,context=Main#main:1,k=5
VD,method=Main#main:1 <name=ok,type=boolean (id=2),value=<?>,index=22>
VW,context=Main#main:1,ok=true
VW,context=Main#main:1,l=1
VW,context=Main#main:1,ok=false
VD,method=Main#main:1 <name=l,type=int (id=7),value=<?>,index=23>
VW,context=Main#main:1,k=6
VD,method=Main#main:1 <name=ok,type=boolean (id=2),value=<?>,index=22>
VW,context=Main#main:1,ok=true
VW,context=Main#main:1,k=7
VD,method=Main#main:1 <name=ok,type=boolean (id=2),value=<?>,index=22>
VW,context=Main#main:1,ok=true
VW,context=Main#main:1,k=8
VD,method=Main#main:1 <name=ok,type=boolean (id=2),value=<?>,index=22>
VW,context=Main#main:1,ok=true
VW,context=Main#main:1,k=9
VD,method=Main#main:1 <name=ok,type=boolean (id=2),value=<?>,index=22>
VW,context=Main#main:1,ok=true
VW,context=Main#main:1,l=1
VW,context=Main#main:1,ok=false
VD,method=Main#main:1 <name=l,type=int (id=7),value=<?>,index=23>
VW,context=Main#main:1,k=10
VD,method=Main#main:1 <name=ok,type=boolean (id=2),value=<?>,index=22>
VW,context=Main#main:1,ok=true
VW,context=Main#main:1,k=11
VD,method=Main#main:1 <name=ok,type=boolean (id=2),value=<?>,index=22>
VW,context=Main#main:1,ok=true
VW,context=Main#main:1,l=1
VW,context=Main#main:1,ok=false
VD,method=Main#main:1 <name=l,type=int (id=7),value=<?>,index=23>
VW,context=Main#main:1,k=12
VD,method=Main#main:1 <name=ok,type=boolean (id=2),value=<?>,index=22>
VW,context=Main#main:1,ok=true
VW,context=Main#main:1,l=1
VW,context=Main#main:1,ok=false
VD,method=Main#main:1 <name=l,type=int (id=7),value=<?>,index=23>
VD,method=Main#main:1 <name=ok,type=boolean (id=2),value=<?>,index=22>
VD,method=Main#main:1 <name=k,type=int (id=7),value=<?>,index=21>
VD,method=Main#main:1 <name=w,type=int (id=7),value=<?>,index=20>
VD,method=Main#main:1 <name=zz,type=int (id=7),value=<?>,index=19>
VW,context=Main#main:1,yy=1
VW,context=Main#main:1,zz=0
VW,context=Main#main:1,zz=1
VW,context=Main#main:1,zz=2
VW,context=Main#main:1,zz=3
VD,method=Main#main:1 <name=zz,type=int (id=7),value=<?>,index=19>
VW,context=Main#main:1,yy=2
VW,context=Main#main:1,zz=0
VW,context=Main#main:1,zz=1
VW,context=Main#main:1,zz=2
VW,context=Main#main:1,zz=3
VD,method=Main#main:1 <name=zz,type=int (id=7),value=<?>,index=19>
VW,context=Main#main:1,yy=3
VW,context=Main#main:1,zz=0
VW,context=Main#main:1,zz=1
VW,context=Main#main:1,zz=2
VW,context=Main#main:1,zz=3
VD,method=Main#main:1 <name=zz,type=int (id=7),value=<?>,index=19>
VD,method=Main#main:1 <name=yy,type=int (id=7),value=<?>,index=18>
VW,context=Main#main:1,xx=1
VW,context=Main#main:1,yy=0
VW,context=Main#main:1,zz=0
VW,context=Main#main:1,zz=1
VW,context=Main#main:1,zz=2
VW,context=Main#main:1,zz=3
VD,method=Main#main:1 <name=zz,type=int (id=7),value=<?>,index=19>
VW,context=Main#main:1,yy=1
VW,context=Main#main:1,zz=0
VW,context=Main#main:1,w=2
VW,context=Main#main:1,k=0
VW,context=Main#main:1,ok=true
VW,context=Main#main:1,l=1
VW,context=Main#main:1,ok=false
VD,method=Main#main:1 <name=l,type=int (id=7),value=<?>,index=23>
VW,context=Main#main:1,k=1
VD,method=Main#main:1 <name=ok,type=boolean (id=2),value=<?>,index=22>
VW,context=Main#main:1,ok=true
VW,context=Main#main:1,l=1
VW,context=Main#main:1,ok=false
VD,method=Main#main:1 <name=l,type=int (id=7),value=<?>,index=23>
VW,context=Main#main:1,k=2
VD,method=Main#main:1 <name=ok,type=boolean (id=2),value=<?>,index=22>
VW,context=Main#main:1,ok=true
VW,context=Main#main:1,l=1
VW,context=Main#main:1,ok=false
VD,method=Main#main:1 <name=l,type=int (id=7),value=<?>,index=23>
VW,context=Main#main:1,k=3
VD,method=Main#main:1 <name=ok,type=boolean (id=2),value=<?>,index=22>
VW,context=Main#main:1,ok=true
VW,context=Main#main:1,l=1
VW,context=Main#main:1,ok=false
VD,method=Main#main:1 <name=l,type=int (id=7),value=<?>,index=23>
VW,context=Main#main:1,k=4
VD,method=Main#main:1 <name=ok,type=boolean (id=2),value=<?>,index=22>
VW,context=Main#main:1,ok=true
VW,context=Main#main:1,l=1
VW,context=Main#main:1,ok=false
VD,method=Main#main:1 <name=l,type=int (id=7),value=<?>,index=23>
VW,context=Main#main:1,k=5
VD,method=Main#main:1 <name=ok,type=boolean (id=2),value=<?>,index=22>
VW,context=Main#main:1,ok=true
VW,context=Main#main:1,l=1
VW,context=Main#main:1,l=2
VW,context=Main#main:1,ok=false
VD,method=Main#main:1 <name=l,type=int (id=7),value=<?>,index=23>
VW,context=Main#main:1,k=6
VD,method=Main#main:1 <name=ok,type=boolean (id=2),value=<?>,index=22>
VW,context=Main#main:1,ok=true
VW,context=Main#main:1,l=1
VW,context=Main#main:1,ok=false
VD,method=Main#main:1 <name=l,type=int (id=7),value=<?>,index=23>
VW,context=Main#main:1,k=7
VD,method=Main#main:1 <name=ok,type=boolean (id=2),value=<?>,index=22>
VW,context=Main#main:1,ok=true
VW,context=Main#main:1,k=8
VD,method=Main#main:1 <name=ok,type=boolean (id=2),value=<?>,index=22>
VW,context=Main#main:1,ok=true
VW,context=Main#main:1,k=9
VD,method=Main#main:1 <name=ok,type=boolean (id=2),value=<?>,index=22>
VW,context=Main#main:1,ok=true
VW,context=Main#main:1,k=10
VD,method=Main#main:1 <name=ok,type=boolean (id=2),value=<?>,index=22>
VW,context=Main#main:1,ok=true
VW,context=Main#main:1,k=11
VD,method=Main#main:1 <name=ok,type=boolean (id=2),value=<?>,index=22>
VW,context=Main#main:1,ok=true
VW,context=Main#main:1,k=12
VD,method=Main#main:1 <name=ok,type=boolean (id=2),value=<?>,index=22>
VW,context=Main#main:1,ok=true
VD,method=Main#main:1 <name=ok,type=boolean (id=2),value=<?>,index=22>
VD,method=Main#main:1 <name=k,type=int (id=7),value=<?>,index=21>
VW,context=Main#main:1,zz=1
VD,method=Main#main:1 <name=w,type=int (id=7),value=<?>,index=20>
VW,context=Main#main:1,zz=2
VW,context=Main#main:1,zz=3
VD,method=Main#main:1 <name=zz,type=int (id=7),value=<?>,index=19>
VW,context=Main#main:1,yy=2
VW,context=Main#main:1,zz=0
VW,context=Main#main:1,zz=1
VW,context=Main#main:1,zz=2
VW,context=Main#main:1,zz=3
VD,method=Main#main:1 <name=zz,type=int (id=7),value=<?>,index=19>
VW,context=Main#main:1,yy=3
VW,context=Main#main:1,zz=0
VW,context=Main#main:1,zz=1
VW,context=Main#main:1,zz=2
VW,context=Main#main:1,zz=3
VD,method=Main#main:1 <name=zz,type=int (id=7),value=<?>,index=19>
VD,method=Main#main:1 <name=yy,type=int (id=7),value=<?>,index=18>
VW,context=Main#main:1,xx=2
VW,context=Main#main:1,yy=0
VW,context=Main#main:1,zz=0
VW,context=Main#main:1,zz=1
VW,context=Main#main:1,zz=2
VW,context=Main#main:1,zz=3
VD,method=Main#main:1 <name=zz,type=int (id=7),value=<?>,index=19>
VW,context=Main#main:1,yy=1
VW,context=Main#main:1,zz=0
VW,context=Main#main:1,zz=1
VW,context=Main#main:1,zz=2
VW,context=Main#main:1,zz=3
VD,method=Main#main:1 <name=zz,type=int (id=7),value=<?>,index=19>
VW,context=Main#main:1,yy=2
VW,context=Main#main:1,zz=0
VW,context=Main#main:1,w=2
VW,context=Main#main:1,k=0
VW,context=Main#main:1,ok=true
VW,context=Main#main:1,k=1
VD,method=Main#main:1 <name=ok,type=boolean (id=2),value=<?>,index=22>
VW,context=Main#main:1,ok=true
VW,context=Main#main:1,k=2
VD,method=Main#main:1 <name=ok,type=boolean (id=2),value=<?>,index=22>
VW,context=Main#main:1,ok=true
VW,context=Main#main:1,l=1
VW,context=Main#main:1,ok=false
VD,method=Main#main:1 <name=l,type=int (id=7),value=<?>,index=23>
VW,context=Main#main:1,k=3
VD,method=Main#main:1 <name=ok,type=boolean (id=2),value=<?>,index=22>
VW,context=Main#main:1,ok=true
VW,context=Main#main:1,k=4
VD,method=Main#main:1 <name=ok,type=boolean (id=2),value=<?>,index=22>
VW,context=Main#main:1,ok=true
VW,context=Main#main:1,k=5
VD,method=Main#main:1 <name=ok,type=boolean (id=2),value=<?>,index=22>
VW,context=Main#main:1,ok=true
VW,context=Main#main:1,k=6
VD,method=Main#main:1 <name=ok,type=boolean (id=2),value=<?>,index=22>
VW,context=Main#main:1,ok=true
VW,context=Main#main:1,k=7
VD,method=Main#main:1 <name=ok,type=boolean (id=2),value=<?>,index=22>
VW,context=Main#main:1,ok=true
VW,context=Main#main:1,k=8
VD,method=Main#main:1 <name=ok,type=boolean (id=2),value=<?>,index=22>
VW,context=Main#main:1,ok=true
VW,context=Main#main:1,k=9
VD,method=Main#main:1 <name=ok,type=boolean (id=2),value=<?>,index=22>
VW,context=Main#main:1,ok=true
VW,context=Main#main:1,k=10
VD,method=Main#main:1 <name=ok,type=boolean (id=2),value=<?>,index=22>
VW,context=Main#main:1,ok=true
VW,context=Main#main:1,k=11
VD,method=Main#main:1 <name=ok,type=boolean (id=2),value=<?>,index=22>
VW,context=Main#main:1,ok=true
VW,context=Main#main:1,k=12
VD,method=Main#main:1 <name=ok,type=boolean (id=2),value=<?>,index=22>
VW,context=Main#main:1,ok=true
VD,method=Main#main:1 <name=ok,type=boolean (id=2),value=<?>,index=22>
VD,method=Main#main:1 <name=k,type=int (id=7),value=<?>,index=21>
VW,context=Main#main:1,zz=1
VD,method=Main#main:1 <name=w,type=int (id=7),value=<?>,index=20>
VW,context=Main#main:1,w=1
VW,context=Main#main:1,k=0
VW,context=Main#main:1,ok=true
VW,context=Main#main:1,k=1
VD,method=Main#main:1 <name=ok,type=boolean (id=2),value=<?>,index=22>
VW,context=Main#main:1,ok=true
VW,context=Main#main:1,k=2
VD,method=Main#main:1 <name=ok,type=boolean (id=2),value=<?>,index=22>
VW,context=Main#main:1,ok=true
VW,context=Main#main:1,l=1
VW,context=Main#main:1,l=2
VW,context=Main#main:1,ok=false
VD,method=Main#main:1 <name=l,type=int (id=7),value=<?>,index=23>
VW,context=Main#main:1,k=3
VD,method=Main#main:1 <name=ok,type=boolean (id=2),value=<?>,index=22>
VW,context=Main#main:1,ok=true
VW,context=Main#main:1,k=4
VD,method=Main#main:1 <name=ok,type=boolean (id=2),value=<?>,index=22>
VW,context=Main#main:1,ok=true
VW,context=Main#main:1,k=5
VD,method=Main#main:1 <name=ok,type=boolean (id=2),value=<?>,index=22>
VW,context=Main#main:1,ok=true
VW,context=Main#main:1,k=6
VD,method=Main#main:1 <name=ok,type=boolean (id=2),value=<?>,index=22>
VW,context=Main#main:1,ok=true
VW,context=Main#main:1,k=7
VD,method=Main#main:1 <name=ok,type=boolean (id=2),value=<?>,index=22>
VW,context=Main#main:1,ok=true
VW,context=Main#main:1,k=8
VD,method=Main#main:1 <name=ok,type=boolean (id=2),value=<?>,index=22>
VW,context=Main#main:1,ok=true
VW,context=Main#main:1,k=9
VD,method=Main#main:1 <name=ok,type=boolean (id=2),value=<?>,index=22>
VW,context=Main#main:1,ok=true
VW,context=Main#main:1,k=10
VD,method=Main#main:1 <name=ok,type=boolean (id=2),value=<?>,index=22>
VW,context=Main#main:1,ok=true
VW,context=Main#main:1,k=11
VD,method=Main#main:1 <name=ok,type=boolean (id=2),value=<?>,index=22>
VW,context=Main#main:1,ok=true
VW,context=Main#main:1,k=12
VD,method=Main#main:1 <name=ok,type=boolean (id=2),value=<?>,index=22>
VW,context=Main#main:1,ok=true
VD,method=Main#main:1 <name=ok,type=boolean (id=2),value=<?>,index=22>
VD,method=Main#main:1 <name=k,type=int (id=7),value=<?>,index=21>
VW,context=Main#main:1,zz=2
VD,method=Main#main:1 <name=w,type=int (id=7),value=<?>,index=20>
VW,context=Main#main:1,w=1
VW,context=Main#main:1,k=0
VW,context=Main#main:1,ok=true
VW,context=Main#main:1,k=1
VD,method=Main#main:1 <name=ok,type=boolean (id=2),value=<?>,index=22>
VW,context=Main#main:1,ok=true
VW,context=Main#main:1,k=2
VD,method=Main#main:1 <name=ok,type=boolean (id=2),value=<?>,index=22>
VW,context=Main#main:1,ok=true
VW,context=Main#main:1,k=3
VD,method=Main#main:1 <name=ok,type=boolean (id=2),value=<?>,index=22>
VW,context=Main#main:1,ok=true
VW,context=Main#main:1,k=4
VD,method=Main#main:1 <name=ok,type=boolean (id=2),value=<?>,index=22>
VW,context=Main#main:1,ok=true
VW,context=Main#main:1,k=5
VD,method=Main#main:1 <name=ok,type=boolean (id=2),value=<?>,index=22>
VW,context=Main#main:1,ok=true
VW,context=Main#main:1,k=6
VD,method=Main#main:1 <name=ok,type=boolean (id=2),value=<?>,index=22>
VW,context=Main#main:1,ok=true
VW,context=Main#main:1,k=7
VD,method=Main#main:1 <name=ok,type=boolean (id=2),value=<?>,index=22>
VW,context=Main#main:1,ok=true
VW,context=Main#main:1,k=8
VD,method=Main#main:1 <name=ok,type=boolean (id=2),value=<?>,index=22>
VW,context=Main#main:1,ok=true
VW,context=Main#main:1,k=9
VD,method=Main#main:1 <name=ok,type=boolean (id=2),value=<?>,index=22>
VW,context=Main#main:1,ok=true
VW,context=Main#main:1,k=10
VD,method=Main#main:1 <name=ok,type=boolean (id=2),value=<?>,index=22>
VW,context=Main#main:1,ok=true
VW,context=Main#main:1,k=11
VD,method=Main#main:1 <name=ok,type=boolean (id=2),value=<?>,index=22>
VW,context=Main#main:1,ok=true
VW,context=Main#main:1,k=12
VD,method=Main#main:1 <name=ok,type=boolean (id=2),value=<?>,index=22>
VW,context=Main#main:1,ok=true
VD,method=Main#main:1 <name=ok,type=boolean (id=2),value=<?>,index=22>
VD,method=Main#main:1 <name=k,type=int (id=7),value=<?>,index=21>
VW,context=Main#main:1,zz=3
VD,method=Main#main:1 <name=w,type=int (id=7),value=<?>,index=20>
VW,context=Main#main:1,w=2
VW,context=Main#main:1,k=0
VW,context=Main#main:1,ok=true
VW,context=Main#main:1,k=1
VD,method=Main#main:1 <name=ok,type=boolean (id=2),value=<?>,index=22>
VW,context=Main#main:1,ok=true
VW,context=Main#main:1,k=2
VD,method=Main#main:1 <name=ok,type=boolean (id=2),value=<?>,index=22>
VW,context=Main#main:1,ok=true
VW,context=Main#main:1,k=3
VD,method=Main#main:1 <name=ok,type=boolean (id=2),value=<?>,index=22>
VW,context=Main#main:1,ok=true
VW,context=Main#main:1,k=4
VD,method=Main#main:1 <name=ok,type=boolean (id=2),value=<?>,index=22>
VW,context=Main#main:1,ok=true
VW,context=Main#main:1,k=5
VD,method=Main#main:1 <name=ok,type=boolean (id=2),value=<?>,index=22>
VW,context=Main#main:1,ok=true
VW,context=Main#main:1,k=6
VD,method=Main#main:1 <name=ok,type=boolean (id=2),value=<?>,index=22>
VW,context=Main#main:1,ok=true
VW,context=Main#main:1,k=7
VD,method=Main#main:1 <name=ok,type=boolean (id=2),value=<?>,index=22>
VW,context=Main#main:1,ok=true
VW,context=Main#main:1,k=8
VD,method=Main#main:1 <name=ok,type=boolean (id=2),value=<?>,index=22>
VW,context=Main#main:1,ok=true
VW,context=Main#main:1,k=9
VD,method=Main#main:1 <name=ok,type=boolean (id=2),value=<?>,index=22>
VW,context=Main#main:1,ok=true
VW,context=Main#main:1,k=10
VD,method=Main#main:1 <name=ok,type=boolean (id=2),value=<?>,index=22>
VW,context=Main#main:1,ok=true
VW,context=Main#main:1,k=11
VD,method=Main#main:1 <name=ok,type=boolean (id=2),value=<?>,index=22>
VW,context=Main#main:1,ok=true
VW,context=Main#main:1,k=12
VD,method=Main#main:1 <name=ok,type=boolean (id=2),value=<?>,index=22>
VW,context=Main#main:1,ok=true
VD,method=Main#main:1 <name=ok,type=boolean (id=2),value=<?>,index=22>
VD,method=Main#main:1 <name=k,type=int (id=7),value=<?>,index=21>
VD,method=Main#main:1 <name=w,type=int (id=7),value=<?>,index=20>
VD,method=Main#main:1 <name=zz,type=int (id=7),value=<?>,index=19>
VW,context=Main#main:1,yy=3
VW,context=Main#main:1,zz=0
VW,context=Main#main:1,zz=1
VW,context=Main#main:1,zz=2
VW,context=Main#main:1,zz=3
VD,method=Main#main:1 <name=zz,type=int (id=7),value=<?>,index=19>
VD,method=Main#main:1 <name=yy,type=int (id=7),value=<?>,index=18>
VW,context=Main#main:1,xx=3
VW,context=Main#main:1,yy=0
VW,context=Main#main:1,zz=0
VW,context=Main#main:1,zz=1
VW,context=Main#main:1,zz=2
VW,context=Main#main:1,zz=3
VD,method=Main#main:1 <name=zz,type=int (id=7),value=<?>,index=19>
VW,context=Main#main:1,yy=1
VW,context=Main#main:1,zz=0
VW,context=Main#main:1,zz=1
VW,context=Main#main:1,zz=2
VW,context=Main#main:1,zz=3
VD,method=Main#main:1 <name=zz,type=int (id=7),value=<?>,index=19>
VW,context=Main#main:1,yy=2
VW,context=Main#main:1,zz=0
VW,context=Main#main:1,zz=1
VW,context=Main#main:1,zz=2
VW,context=Main#main:1,zz=3
VD,method=Main#main:1 <name=zz,type=int (id=7),value=<?>,index=19>
VW,context=Main#main:1,yy=3
VW,context=Main#main:1,zz=0
VW,context=Main#main:1,w=1
VW,context=Main#main:1,k=0
VW,context=Main#main:1,ok=true
VW,context=Main#main:1,k=1
VD,method=Main#main:1 <name=ok,type=boolean (id=2),value=<?>,index=22>
VW,context=Main#main:1,ok=true
VW,context=Main#main:1,k=2
VD,method=Main#main:1 <name=ok,type=boolean (id=2),value=<?>,index=22>
VW,context=Main#main:1,ok=true
VW,context=Main#main:1,l=1
VW,context=Main#main:1,l=2
VW,context=Main#main:1,ok=false
VD,method=Main#main:1 <name=l,type=int (id=7),value=<?>,index=23>
VW,context=Main#main:1,k=3
VD,method=Main#main:1 <name=ok,type=boolean (id=2),value=<?>,index=22>
VW,context=Main#main:1,ok=true
VW,context=Main#main:1,k=4
VD,method=Main#main:1 <name=ok,type=boolean (id=2),value=<?>,index=22>
VW,context=Main#main:1,ok=true
VW,context=Main#main:1,k=5
VD,method=Main#main:1 <name=ok,type=boolean (id=2),value=<?>,index=22>
VW,context=Main#main:1,ok=true
VW,context=Main#main:1,k=6
VD,method=Main#main:1 <name=ok,type=boolean (id=2),value=<?>,index=22>
VW,context=Main#main:1,ok=true
VW,context=Main#main:1,k=7
VD,method=Main#main:1 <name=ok,type=boolean (id=2),value=<?>,index=22>
VW,context=Main#main:1,ok=true
VW,context=Main#main:1,k=8
VD,method=Main#main:1 <name=ok,type=boolean (id=2),value=<?>,index=22>
VW,context=Main#main:1,ok=true
VW,context=Main#main:1,k=9
VD,method=Main#main:1 <name=ok,type=boolean (id=2),value=<?>,index=22>
VW,context=Main#main:1,ok=true
VW,context=Main#main:1,k=10
VD,method=Main#main:1 <name=ok,type=boolean (id=2),value=<?>,index=22>
VW,context=Main#main:1,ok=true
VW,context=Main#main:1,k=11
VD,method=Main#main:1 <name=ok,type=boolean (id=2),value=<?>,index=22>
VW,context=Main#main:1,ok=true
VW,context=Main#main:1,k=12
VD,method=Main#main:1 <name=ok,type=boolean (id=2),value=<?>,index=22>
VW,context=Main#main:1,ok=true
VD,method=Main#main:1 <name=ok,type=boolean (id=2),value=<?>,index=22>
VD,method=Main#main:1 <name=k,type=int (id=7),value=<?>,index=21>
VW,context=Main#main:1,zz=1
VD,method=Main#main:1 <name=w,type=int (id=7),value=<?>,index=20>
VW,context=Main#main:1,w=1
VW,context=Main#main:1,k=0
VW,context=Main#main:1,ok=true
VW,context=Main#main:1,k=1
VD,method=Main#main:1 <name=ok,type=boolean (id=2),value=<?>,index=22>
VW,context=Main#main:1,ok=true
VW,context=Main#main:1,k=2
VD,method=Main#main:1 <name=ok,type=boolean (id=2),value=<?>,index=22>
VW,context=Main#main:1,ok=true
VW,context=Main#main:1,l=1
VW,context=Main#main:1,ok=false
VD,method=Main#main:1 <name=l,type=int (id=7),value=<?>,index=23>
VW,context=Main#main:1,k=3
VD,method=Main#main:1 <name=ok,type=boolean (id=2),value=<?>,index=22>
VW,context=Main#main:1,ok=true
VW,context=Main#main:1,k=4
VD,method=Main#main:1 <name=ok,type=boolean (id=2),value=<?>,index=22>
VW,context=Main#main:1,ok=true
VW,context=Main#main:1,k=5
VD,method=Main#main:1 <name=ok,type=boolean (id=2),value=<?>,index=22>
VW,context=Main#main:1,ok=true
VW,context=Main#main:1,k=6
VD,method=Main#main:1 <name=ok,type=boolean (id=2),value=<?>,index=22>
VW,context=Main#main:1,ok=true
VW,context=Main#main:1,k=7
VD,method=Main#main:1 <name=ok,type=boolean (id=2),value=<?>,index=22>
VW,context=Main#main:1,ok=true
VW,context=Main#main:1,k=8
VD,method=Main#main:1 <name=ok,type=boolean (id=2),value=<?>,index=22>
VW,context=Main#main:1,ok=true
VW,context=Main#main:1,k=9
VD,method=Main#main:1 <name=ok,type=boolean (id=2),value=<?>,index=22>
VW,context=Main#main:1,ok=true
VW,context=Main#main:1,k=10
VD,method=Main#main:1 <name=ok,type=boolean (id=2),value=<?>,index=22>
VW,context=Main#main:1,ok=true
VW,context=Main#main:1,k=11
VD,method=Main#main:1 <name=ok,type=boolean (id=2),value=<?>,index=22>
VW,context=Main#main:1,ok=true
VW,context=Main#main:1,k=12
VD,method=Main#main:1 <name=ok,type=boolean (id=2),value=<?>,index=22>
VW,context=Main#main:1,ok=true
VD,method=Main#main:1 <name=ok,type=boolean (id=2),value=<?>,index=22>
VD,method=Main#main:1 <name=k,type=int (id=7),value=<?>,index=21>
VW,context=Main#main:1,zz=2
VD,method=Main#main:1 <name=w,type=int (id=7),value=<?>,index=20>
VW,context=Main#main:1,w=2
VW,context=Main#main:1,k=0
VW,context=Main#main:1,ok=true
VW,context=Main#main:1,k=1
VD,method=Main#main:1 <name=ok,type=boolean (id=2),value=<?>,index=22>
VW,context=Main#main:1,ok=true
VW,context=Main#main:1,k=2
VD,method=Main#main:1 <name=ok,type=boolean (id=2),value=<?>,index=22>
VW,context=Main#main:1,ok=true
VW,context=Main#main:1,k=3
VD,method=Main#main:1 <name=ok,type=boolean (id=2),value=<?>,index=22>
VW,context=Main#main:1,ok=true
VW,context=Main#main:1,k=4
VD,method=Main#main:1 <name=ok,type=boolean (id=2),value=<?>,index=22>
VW,context=Main#main:1,ok=true
VW,context=Main#main:1,k=5
VD,method=Main#main:1 <name=ok,type=boolean (id=2),value=<?>,index=22>
VW,context=Main#main:1,ok=true
VW,context=Main#main:1,k=6
VD,method=Main#main:1 <name=ok,type=boolean (id=2),value=<?>,index=22>
VW,context=Main#main:1,ok=true
VW,context=Main#main:1,k=7
VD,method=Main#main:1 <name=ok,type=boolean (id=2),value=<?>,index=22>
VW,context=Main#main:1,ok=true
VW,context=Main#main:1,k=8
VD,method=Main#main:1 <name=ok,type=boolean (id=2),value=<?>,index=22>
VW,context=Main#main:1,ok=true
VW,context=Main#main:1,k=9
VD,method=Main#main:1 <name=ok,type=boolean (id=2),value=<?>,index=22>
VW,context=Main#main:1,ok=true
VW,context=Main#main:1,k=10
VD,method=Main#main:1 <name=ok,type=boolean (id=2),value=<?>,index=22>
VW,context=Main#main:1,ok=true
VW,context=Main#main:1,k=11
VD,method=Main#main:1 <name=ok,type=boolean (id=2),value=<?>,index=22>
VW,context=Main#main:1,ok=true
VW,context=Main#main:1,k=12
VD,method=Main#main:1 <name=ok,type=boolean (id=2),value=<?>,index=22>
VW,context=Main#main:1,ok=true
VD,method=Main#main:1 <name=ok,type=boolean (id=2),value=<?>,index=22>
VD,method=Main#main:1 <name=k,type=int (id=7),value=<?>,index=21>
VW,context=Main#main:1,zz=3
VD,method=Main#main:1 <name=w,type=int (id=7),value=<?>,index=20>
VD,method=Main#main:1 <name=zz,type=int (id=7),value=<?>,index=19>
VD,method=Main#main:1 <name=yy,type=int (id=7),value=<?>,index=18>
VD,method=Main#main:1 <name=xx,type=int (id=7),value=<?>,index=17>
VW,context=Main#main:1,now=1
VW,context=Main#main:1,i=12
VW,context=Main#main:1,j=0
VW,context=Main#main:1,j=1
VW,context=Main#main:1,j=2
VW,context=Main#main:1,j=3
VW,context=Main#main:1,map=int[][][]:3
VD,method=Main#main:1 <name=j,type=int (id=7),value=<?>,index=16>
VW,context=Main#main:1,xx=0
VW,context=Main#main:1,yy=0
VW,context=Main#main:1,zz=0
VW,context=Main#main:1,w=1
VW,context=Main#main:1,k=0
VW,context=Main#main:1,ok=true
VW,context=Main#main:1,l=1
VW,context=Main#main:1,ok=false
VD,method=Main#main:1 <name=l,type=int (id=7),value=<?>,index=23>
VW,context=Main#main:1,k=1
VD,method=Main#main:1 <name=ok,type=boolean (id=2),value=<?>,index=22>
VW,context=Main#main:1,ok=true
VW,context=Main#main:1,l=1
VW,context=Main#main:1,ok=false
VD,method=Main#main:1 <name=l,type=int (id=7),value=<?>,index=23>
VW,context=Main#main:1,k=2
VD,method=Main#main:1 <name=ok,type=boolean (id=2),value=<?>,index=22>
VW,context=Main#main:1,ok=true
VW,context=Main#main:1,l=1
VW,context=Main#main:1,l=2
VW,context=Main#main:1,ok=false
VD,method=Main#main:1 <name=l,type=int (id=7),value=<?>,index=23>
VW,context=Main#main:1,k=3
VD,method=Main#main:1 <name=ok,type=boolean (id=2),value=<?>,index=22>
VW,context=Main#main:1,ok=true
VW,context=Main#main:1,l=1
VW,context=Main#main:1,ok=false
VD,method=Main#main:1 <name=l,type=int (id=7),value=<?>,index=23>
VW,context=Main#main:1,k=4
VD,method=Main#main:1 <name=ok,type=boolean (id=2),value=<?>,index=22>
VW,context=Main#main:1,ok=true
VW,context=Main#main:1,l=1
VW,context=Main#main:1,ok=false
VD,method=Main#main:1 <name=l,type=int (id=7),value=<?>,index=23>
VW,context=Main#main:1,k=5
VD,method=Main#main:1 <name=ok,type=boolean (id=2),value=<?>,index=22>
VW,context=Main#main:1,ok=true
VW,context=Main#main:1,l=1
VW,context=Main#main:1,ok=false
VD,method=Main#main:1 <name=l,type=int (id=7),value=<?>,index=23>
VW,context=Main#main:1,k=6
VD,method=Main#main:1 <name=ok,type=boolean (id=2),value=<?>,index=22>
VW,context=Main#main:1,ok=true
VW,context=Main#main:1,l=1
VW,context=Main#main:1,ok=false
VD,method=Main#main:1 <name=l,type=int (id=7),value=<?>,index=23>
VW,context=Main#main:1,k=7
VD,method=Main#main:1 <name=ok,type=boolean (id=2),value=<?>,index=22>
VW,context=Main#main:1,ok=true
VW,context=Main#main:1,k=8
VD,method=Main#main:1 <name=ok,type=boolean (id=2),value=<?>,index=22>
VW,context=Main#main:1,ok=true
VW,context=Main#main:1,k=9
VD,method=Main#main:1 <name=ok,type=boolean (id=2),value=<?>,index=22>
VW,context=Main#main:1,ok=true
VW,context=Main#main:1,k=10
VD,method=Main#main:1 <name=ok,type=boolean (id=2),value=<?>,index=22>
VW,context=Main#main:1,ok=true
VW,context=Main#main:1,k=11
VD,method=Main#main:1 <name=ok,type=boolean (id=2),value=<?>,index=22>
VW,context=Main#main:1,ok=true
VW,context=Main#main:1,k=12
VD,method=Main#main:1 <name=ok,type=boolean (id=2),value=<?>,index=22>
VW,context=Main#main:1,ok=true
VD,method=Main#main:1 <name=ok,type=boolean (id=2),value=<?>,index=22>
VD,method=Main#main:1 <name=k,type=int (id=7),value=<?>,index=21>
VW,context=Main#main:1,zz=1
VD,method=Main#main:1 <name=w,type=int (id=7),value=<?>,index=20>
VW,context=Main#main:1,w=1
VW,context=Main#main:1,k=0
VW,context=Main#main:1,ok=true
VW,context=Main#main:1,l=1
VW,context=Main#main:1,ok=false
VD,method=Main#main:1 <name=l,type=int (id=7),value=<?>,index=23>
VW,context=Main#main:1,k=1
VD,method=Main#main:1 <name=ok,type=boolean (id=2),value=<?>,index=22>
VW,context=Main#main:1,ok=true
VW,context=Main#main:1,l=1
VW,context=Main#main:1,ok=false
VD,method=Main#main:1 <name=l,type=int (id=7),value=<?>,index=23>
VW,context=Main#main:1,k=2
VD,method=Main#main:1 <name=ok,type=boolean (id=2),value=<?>,index=22>
VW,context=Main#main:1,ok=true
VW,context=Main#main:1,l=1
VW,context=Main#main:1,ok=false
VD,method=Main#main:1 <name=l,type=int (id=7),value=<?>,index=23>
VW,context=Main#main:1,k=3
VD,method=Main#main:1 <name=ok,type=boolean (id=2),value=<?>,index=22>
VW,context=Main#main:1,ok=true
VW,context=Main#main:1,l=1
VW,context=Main#main:1,ok=false
VD,method=Main#main:1 <name=l,type=int (id=7),value=<?>,index=23>
VW,context=Main#main:1,k=4
VD,method=Main#main:1 <name=ok,type=boolean (id=2),value=<?>,index=22>
VW,context=Main#main:1,ok=true
VW,context=Main#main:1,l=1
VW,context=Main#main:1,ok=false
VD,method=Main#main:1 <name=l,type=int (id=7),value=<?>,index=23>
VW,context=Main#main:1,k=5
VD,method=Main#main:1 <name=ok,type=boolean (id=2),value=<?>,index=22>
VW,context=Main#main:1,ok=true
VW,context=Main#main:1,l=1
VW,context=Main#main:1,ok=false
VD,method=Main#main:1 <name=l,type=int (id=7),value=<?>,index=23>
VW,context=Main#main:1,k=6
VD,method=Main#main:1 <name=ok,type=boolean (id=2),value=<?>,index=22>
VW,context=Main#main:1,ok=true
VW,context=Main#main:1,l=1
VW,context=Main#main:1,ok=false
VD,method=Main#main:1 <name=l,type=int (id=7),value=<?>,index=23>
VW,context=Main#main:1,k=7
VD,method=Main#main:1 <name=ok,type=boolean (id=2),value=<?>,index=22>
VW,context=Main#main:1,ok=true
VW,context=Main#main:1,k=8
VD,method=Main#main:1 <name=ok,type=boolean (id=2),value=<?>,index=22>
VW,context=Main#main:1,ok=true
VW,context=Main#main:1,k=9
VD,method=Main#main:1 <name=ok,type=boolean (id=2),value=<?>,index=22>
VW,context=Main#main:1,ok=true
VW,context=Main#main:1,k=10
VD,method=Main#main:1 <name=ok,type=boolean (id=2),value=<?>,index=22>
VW,context=Main#main:1,ok=true
VW,context=Main#main:1,k=11
VD,method=Main#main:1 <name=ok,type=boolean (id=2),value=<?>,index=22>
VW,context=Main#main:1,ok=true
VW,context=Main#main:1,k=12
VD,method=Main#main:1 <name=ok,type=boolean (id=2),value=<?>,index=22>
VW,context=Main#main:1,ok=true
VD,method=Main#main:1 <name=ok,type=boolean (id=2),value=<?>,index=22>
VD,method=Main#main:1 <name=k,type=int (id=7),value=<?>,index=21>
VW,context=Main#main:1,zz=2
VD,method=Main#main:1 <name=w,type=int (id=7),value=<?>,index=20>
VW,context=Main#main:1,w=2
VW,context=Main#main:1,k=0
VW,context=Main#main:1,ok=true
VW,context=Main#main:1,l=1
VW,context=Main#main:1,ok=false
VD,method=Main#main:1 <name=l,type=int (id=7),value=<?>,index=23>
VW,context=Main#main:1,k=1
VD,method=Main#main:1 <name=ok,type=boolean (id=2),value=<?>,index=22>
VW,context=Main#main:1,ok=true
VW,context=Main#main:1,k=2
VD,method=Main#main:1 <name=ok,type=boolean (id=2),value=<?>,index=22>
VW,context=Main#main:1,ok=true
VW,context=Main#main:1,k=3
VD,method=Main#main:1 <name=ok,type=boolean (id=2),value=<?>,index=22>
VW,context=Main#main:1,ok=true
VW,context=Main#main:1,k=4
VD,method=Main#main:1 <name=ok,type=boolean (id=2),value=<?>,index=22>
VW,context=Main#main:1,ok=true
VW,context=Main#main:1,l=1
VW,context=Main#main:1,ok=false
VD,method=Main#main:1 <name=l,type=int (id=7),value=<?>,index=23>
VW,context=Main#main:1,k=5
VD,method=Main#main:1 <name=ok,type=boolean (id=2),value=<?>,index=22>
VW,context=Main#main:1,ok=true
VW,context=Main#main:1,l=1
VW,context=Main#main:1,ok=false
VD,method=Main#main:1 <name=l,type=int (id=7),value=<?>,index=23>
VW,context=Main#main:1,k=6
VD,method=Main#main:1 <name=ok,type=boolean (id=2),value=<?>,index=22>
VW,context=Main#main:1,ok=true
VW,context=Main#main:1,k=7
VD,method=Main#main:1 <name=ok,type=boolean (id=2),value=<?>,index=22>
VW,context=Main#main:1,ok=true
VW,context=Main#main:1,k=8
VD,method=Main#main:1 <name=ok,type=boolean (id=2),value=<?>,index=22>
VW,context=Main#main:1,ok=true
VW,context=Main#main:1,k=9
VD,method=Main#main:1 <name=ok,type=boolean (id=2),value=<?>,index=22>
VW,context=Main#main:1,ok=true
VW,context=Main#main:1,l=1
VW,context=Main#main:1,ok=false
VD,method=Main#main:1 <name=l,type=int (id=7),value=<?>,index=23>
VW,context=Main#main:1,k=10
VD,method=Main#main:1 <name=ok,type=boolean (id=2),value=<?>,index=22>
VW,context=Main#main:1,ok=true
VW,context=Main#main:1,k=11
VD,method=Main#main:1 <name=ok,type=boolean (id=2),value=<?>,index=22>
VW,context=Main#main:1,ok=true
VW,context=Main#main:1,l=1
VW,context=Main#main:1,ok=false
VD,method=Main#main:1 <name=l,type=int (id=7),value=<?>,index=23>
VW,context=Main#main:1,k=12
VD,method=Main#main:1 <name=ok,type=boolean (id=2),value=<?>,index=22>
VW,context=Main#main:1,ok=true
VW,context=Main#main:1,l=1
VW,context=Main#main:1,ok=false
VD,method=Main#main:1 <name=l,type=int (id=7),value=<?>,index=23>
VD,method=Main#main:1 <name=ok,type=boolean (id=2),value=<?>,index=22>
VD,method=Main#main:1 <name=k,type=int (id=7),value=<?>,index=21>
VW,context=Main#main:1,zz=3
VD,method=Main#main:1 <name=w,type=int (id=7),value=<?>,index=20>
VW,context=Main#main:1,w=2
VW,context=Main#main:1,k=0
VW,context=Main#main:1,ok=true
VW,context=Main#main:1,l=1
VW,context=Main#main:1,ok=false
VD,method=Main#main:1 <name=l,type=int (id=7),value=<?>,index=23>
VW,context=Main#main:1,k=1
VD,method=Main#main:1 <name=ok,type=boolean (id=2),value=<?>,index=22>
VW,context=Main#main:1,ok=true
VW,context=Main#main:1,k=2
VD,method=Main#main:1 <name=ok,type=boolean (id=2),value=<?>,index=22>
VW,context=Main#main:1,ok=true
VW,context=Main#main:1,k=3
VD,method=Main#main:1 <name=ok,type=boolean (id=2),value=<?>,index=22>
VW,context=Main#main:1,ok=true
VW,context=Main#main:1,k=4
VD,method=Main#main:1 <name=ok,type=boolean (id=2),value=<?>,index=22>
VW,context=Main#main:1,ok=true
VW,context=Main#main:1,l=1
VW,context=Main#main:1,ok=false
VD,method=Main#main:1 <name=l,type=int (id=7),value=<?>,index=23>
VW,context=Main#main:1,k=5
VD,method=Main#main:1 <name=ok,type=boolean (id=2),value=<?>,index=22>
VW,context=Main#main:1,ok=true
VW,context=Main#main:1,l=1
VW,context=Main#main:1,ok=false
VD,method=Main#main:1 <name=l,type=int (id=7),value=<?>,index=23>
VW,context=Main#main:1,k=6
VD,method=Main#main:1 <name=ok,type=boolean (id=2),value=<?>,index=22>
VW,context=Main#main:1,ok=true
VW,context=Main#main:1,k=7
VD,method=Main#main:1 <name=ok,type=boolean (id=2),value=<?>,index=22>
VW,context=Main#main:1,ok=true
VW,context=Main#main:1,k=8
VD,method=Main#main:1 <name=ok,type=boolean (id=2),value=<?>,index=22>
VW,context=Main#main:1,ok=true
VW,context=Main#main:1,k=9
VD,method=Main#main:1 <name=ok,type=boolean (id=2),value=<?>,index=22>
VW,context=Main#main:1,ok=true
VW,context=Main#main:1,l=1
VW,context=Main#main:1,ok=false
VD,method=Main#main:1 <name=l,type=int (id=7),value=<?>,index=23>
VW,context=Main#main:1,k=10
VD,method=Main#main:1 <name=ok,type=boolean (id=2),value=<?>,index=22>
VW,context=Main#main:1,ok=true
VW,context=Main#main:1,k=11
VD,method=Main#main:1 <name=ok,type=boolean (id=2),value=<?>,index=22>
VW,context=Main#main:1,ok=true
VW,context=Main#main:1,l=1
VW,context=Main#main:1,ok=false
VD,method=Main#main:1 <name=l,type=int (id=7),value=<?>,index=23>
VW,context=Main#main:1,k=12
VD,method=Main#main:1 <name=ok,type=boolean (id=2),value=<?>,index=22>
VW,context=Main#main:1,ok=true
VW,context=Main#main:1,l=1
VW,context=Main#main:1,ok=false
VD,method=Main#main:1 <name=l,type=int (id=7),value=<?>,index=23>
VD,method=Main#main:1 <name=ok,type=boolean (id=2),value=<?>,index=22>
VD,method=Main#main:1 <name=k,type=int (id=7),value=<?>,index=21>
VD,method=Main#main:1 <name=w,type=int (id=7),value=<?>,index=20>
VD,method=Main#main:1 <name=zz,type=int (id=7),value=<?>,index=19>
VW,context=Main#main:1,yy=1
VW,context=Main#main:1,zz=0
VW,context=Main#main:1,zz=1
VW,context=Main#main:1,zz=2
VW,context=Main#main:1,zz=3
VD,method=Main#main:1 <name=zz,type=int (id=7),value=<?>,index=19>
VW,context=Main#main:1,yy=2
VW,context=Main#main:1,zz=0
VW,context=Main#main:1,zz=1
VW,context=Main#main:1,zz=2
VW,context=Main#main:1,zz=3
VD,method=Main#main:1 <name=zz,type=int (id=7),value=<?>,index=19>
VW,context=Main#main:1,yy=3
VW,context=Main#main:1,zz=0
VW,context=Main#main:1,zz=1
VW,context=Main#main:1,zz=2
VW,context=Main#main:1,zz=3
VD,method=Main#main:1 <name=zz,type=int (id=7),value=<?>,index=19>
VD,method=Main#main:1 <name=yy,type=int (id=7),value=<?>,index=18>
VW,context=Main#main:1,xx=1
VW,context=Main#main:1,yy=0
VW,context=Main#main:1,zz=0
VW,context=Main#main:1,zz=1
VW,context=Main#main:1,zz=2
VW,context=Main#main:1,zz=3
VD,method=Main#main:1 <name=zz,type=int (id=7),value=<?>,index=19>
VW,context=Main#main:1,yy=1
VW,context=Main#main:1,zz=0
VW,context=Main#main:1,w=2
VW,context=Main#main:1,k=0
VW,context=Main#main:1,ok=true
VW,context=Main#main:1,l=1
VW,context=Main#main:1,ok=false
VD,method=Main#main:1 <name=l,type=int (id=7),value=<?>,index=23>
VW,context=Main#main:1,k=1
VD,method=Main#main:1 <name=ok,type=boolean (id=2),value=<?>,index=22>
VW,context=Main#main:1,ok=true
VW,context=Main#main:1,l=1
VW,context=Main#main:1,ok=false
VD,method=Main#main:1 <name=l,type=int (id=7),value=<?>,index=23>
VW,context=Main#main:1,k=2
VD,method=Main#main:1 <name=ok,type=boolean (id=2),value=<?>,index=22>
VW,context=Main#main:1,ok=true
VW,context=Main#main:1,l=1
VW,context=Main#main:1,ok=false
VD,method=Main#main:1 <name=l,type=int (id=7),value=<?>,index=23>
VW,context=Main#main:1,k=3
VD,method=Main#main:1 <name=ok,type=boolean (id=2),value=<?>,index=22>
VW,context=Main#main:1,ok=true
VW,context=Main#main:1,l=1
VW,context=Main#main:1,ok=false
VD,method=Main#main:1 <name=l,type=int (id=7),value=<?>,index=23>
VW,context=Main#main:1,k=4
VD,method=Main#main:1 <name=ok,type=boolean (id=2),value=<?>,index=22>
VW,context=Main#main:1,ok=true
VW,context=Main#main:1,l=1
VW,context=Main#main:1,ok=false
VD,method=Main#main:1 <name=l,type=int (id=7),value=<?>,index=23>
VW,context=Main#main:1,k=5
VD,method=Main#main:1 <name=ok,type=boolean (id=2),value=<?>,index=22>
VW,context=Main#main:1,ok=true
VW,context=Main#main:1,l=1
VW,context=Main#main:1,l=2
VW,context=Main#main:1,ok=false
VD,method=Main#main:1 <name=l,type=int (id=7),value=<?>,index=23>
VW,context=Main#main:1,k=6
VD,method=Main#main:1 <name=ok,type=boolean (id=2),value=<?>,index=22>
VW,context=Main#main:1,ok=true
VW,context=Main#main:1,l=1
VW,context=Main#main:1,ok=false
VD,method=Main#main:1 <name=l,type=int (id=7),value=<?>,index=23>
VW,context=Main#main:1,k=7
VD,method=Main#main:1 <name=ok,type=boolean (id=2),value=<?>,index=22>
VW,context=Main#main:1,ok=true
VW,context=Main#main:1,k=8
VD,method=Main#main:1 <name=ok,type=boolean (id=2),value=<?>,index=22>
VW,context=Main#main:1,ok=true
VW,context=Main#main:1,k=9
VD,method=Main#main:1 <name=ok,type=boolean (id=2),value=<?>,index=22>
VW,context=Main#main:1,ok=true
VW,context=Main#main:1,k=10
VD,method=Main#main:1 <name=ok,type=boolean (id=2),value=<?>,index=22>
VW,context=Main#main:1,ok=true
VW,context=Main#main:1,k=11
VD,method=Main#main:1 <name=ok,type=boolean (id=2),value=<?>,index=22>
VW,context=Main#main:1,ok=true
VW,context=Main#main:1,k=12
VD,method=Main#main:1 <name=ok,type=boolean (id=2),value=<?>,index=22>
VW,context=Main#main:1,ok=true
VD,method=Main#main:1 <name=ok,type=boolean (id=2),value=<?>,index=22>
VD,method=Main#main:1 <name=k,type=int (id=7),value=<?>,index=21>
VW,context=Main#main:1,zz=1
VD,method=Main#main:1 <name=w,type=int (id=7),value=<?>,index=20>
VW,context=Main#main:1,zz=2
VW,context=Main#main:1,zz=3
VD,method=Main#main:1 <name=zz,type=int (id=7),value=<?>,index=19>
VW,context=Main#main:1,yy=2
VW,context=Main#main:1,zz=0
VW,context=Main#main:1,zz=1
VW,context=Main#main:1,zz=2
VW,context=Main#main:1,zz=3
VD,method=Main#main:1 <name=zz,type=int (id=7),value=<?>,index=19>
VW,context=Main#main:1,yy=3
VW,context=Main#main:1,zz=0
VW,context=Main#main:1,zz=1
VW,context=Main#main:1,zz=2
VW,context=Main#main:1,zz=3
VD,method=Main#main:1 <name=zz,type=int (id=7),value=<?>,index=19>
VD,method=Main#main:1 <name=yy,type=int (id=7),value=<?>,index=18>
VW,context=Main#main:1,xx=2
VW,context=Main#main:1,yy=0
VW,context=Main#main:1,zz=0
VW,context=Main#main:1,zz=1
VW,context=Main#main:1,zz=2
VW,context=Main#main:1,zz=3
VD,method=Main#main:1 <name=zz,type=int (id=7),value=<?>,index=19>
VW,context=Main#main:1,yy=1
VW,context=Main#main:1,zz=0
VW,context=Main#main:1,zz=1
VW,context=Main#main:1,zz=2
VW,context=Main#main:1,zz=3
VD,method=Main#main:1 <name=zz,type=int (id=7),value=<?>,index=19>
VW,context=Main#main:1,yy=2
VW,context=Main#main:1,zz=0
VW,context=Main#main:1,w=2
VW,context=Main#main:1,k=0
VW,context=Main#main:1,ok=true
VW,context=Main#main:1,k=1
VD,method=Main#main:1 <name=ok,type=boolean (id=2),value=<?>,index=22>
VW,context=Main#main:1,ok=true
VW,context=Main#main:1,k=2
VD,method=Main#main:1 <name=ok,type=boolean (id=2),value=<?>,index=22>
VW,context=Main#main:1,ok=true
VW,context=Main#main:1,l=1
VW,context=Main#main:1,ok=false
VD,method=Main#main:1 <name=l,type=int (id=7),value=<?>,index=23>
VW,context=Main#main:1,k=3
VD,method=Main#main:1 <name=ok,type=boolean (id=2),value=<?>,index=22>
VW,context=Main#main:1,ok=true
VW,context=Main#main:1,k=4
VD,method=Main#main:1 <name=ok,type=boolean (id=2),value=<?>,index=22>
VW,context=Main#main:1,ok=true
VW,context=Main#main:1,k=5
VD,method=Main#main:1 <name=ok,type=boolean (id=2),value=<?>,index=22>
VW,context=Main#main:1,ok=true
VW,context=Main#main:1,k=6
VD,method=Main#main:1 <name=ok,type=boolean (id=2),value=<?>,index=22>
VW,context=Main#main:1,ok=true
VW,context=Main#main:1,k=7
VD,method=Main#main:1 <name=ok,type=boolean (id=2),value=<?>,index=22>
VW,context=Main#main:1,ok=true
VW,context=Main#main:1,k=8
VD,method=Main#main:1 <name=ok,type=boolean (id=2),value=<?>,index=22>
VW,context=Main#main:1,ok=true
VW,context=Main#main:1,k=9
VD,method=Main#main:1 <name=ok,type=boolean (id=2),value=<?>,index=22>
VW,context=Main#main:1,ok=true
VW,context=Main#main:1,k=10
VD,method=Main#main:1 <name=ok,type=boolean (id=2),value=<?>,index=22>
VW,context=Main#main:1,ok=true
VW,context=Main#main:1,k=11
VD,method=Main#main:1 <name=ok,type=boolean (id=2),value=<?>,index=22>
VW,context=Main#main:1,ok=true
VW,context=Main#main:1,k=12
VD,method=Main#main:1 <name=ok,type=boolean (id=2),value=<?>,index=22>
VW,context=Main#main:1,ok=true
VD,method=Main#main:1 <name=ok,type=boolean (id=2),value=<?>,index=22>
VD,method=Main#main:1 <name=k,type=int (id=7),value=<?>,index=21>
VW,context=Main#main:1,zz=1
VD,method=Main#main:1 <name=w,type=int (id=7),value=<?>,index=20>
VW,context=Main#main:1,w=1
VW,context=Main#main:1,k=0
VW,context=Main#main:1,ok=true
VW,context=Main#main:1,k=1
VD,method=Main#main:1 <name=ok,type=boolean (id=2),value=<?>,index=22>
VW,context=Main#main:1,ok=true
VW,context=Main#main:1,k=2
VD,method=Main#main:1 <name=ok,type=boolean (id=2),value=<?>,index=22>
VW,context=Main#main:1,ok=true
VW,context=Main#main:1,l=1
VW,context=Main#main:1,l=2
VW,context=Main#main:1,ok=false
VD,method=Main#main:1 <name=l,type=int (id=7),value=<?>,index=23>
VW,context=Main#main:1,k=3
VD,method=Main#main:1 <name=ok,type=boolean (id=2),value=<?>,index=22>
VW,context=Main#main:1,ok=true
VW,context=Main#main:1,k=4
VD,method=Main#main:1 <name=ok,type=boolean (id=2),value=<?>,index=22>
VW,context=Main#main:1,ok=true
VW,context=Main#main:1,k=5
VD,method=Main#main:1 <name=ok,type=boolean (id=2),value=<?>,index=22>
VW,context=Main#main:1,ok=true
VW,context=Main#main:1,k=6
VD,method=Main#main:1 <name=ok,type=boolean (id=2),value=<?>,index=22>
VW,context=Main#main:1,ok=true
VW,context=Main#main:1,k=7
VD,method=Main#main:1 <name=ok,type=boolean (id=2),value=<?>,index=22>
VW,context=Main#main:1,ok=true
VW,context=Main#main:1,k=8
VD,method=Main#main:1 <name=ok,type=boolean (id=2),value=<?>,index=22>
VW,context=Main#main:1,ok=true
VW,context=Main#main:1,k=9
VD,method=Main#main:1 <name=ok,type=boolean (id=2),value=<?>,index=22>
VW,context=Main#main:1,ok=true
VW,context=Main#main:1,k=10
VD,method=Main#main:1 <name=ok,type=boolean (id=2),value=<?>,index=22>
VW,context=Main#main:1,ok=true
VW,context=Main#main:1,k=11
VD,method=Main#main:1 <name=ok,type=boolean (id=2),value=<?>,index=22>
VW,context=Main#main:1,ok=true
VW,context=Main#main:1,k=12
VD,method=Main#main:1 <name=ok,type=boolean (id=2),value=<?>,index=22>
VW,context=Main#main:1,ok=true
VD,method=Main#main:1 <name=ok,type=boolean (id=2),value=<?>,index=22>
VD,method=Main#main:1 <name=k,type=int (id=7),value=<?>,index=21>
VW,context=Main#main:1,zz=2
VD,method=Main#main:1 <name=w,type=int (id=7),value=<?>,index=20>
VW,context=Main#main:1,w=1
VW,context=Main#main:1,k=0
VW,context=Main#main:1,ok=true
VW,context=Main#main:1,k=1
VD,method=Main#main:1 <name=ok,type=boolean (id=2),value=<?>,index=22>
VW,context=Main#main:1,ok=true
VW,context=Main#main:1,k=2
VD,method=Main#main:1 <name=ok,type=boolean (id=2),value=<?>,index=22>
VW,context=Main#main:1,ok=true
VW,context=Main#main:1,k=3
VD,method=Main#main:1 <name=ok,type=boolean (id=2),value=<?>,index=22>
VW,context=Main#main:1,ok=true
VW,context=Main#main:1,k=4
VD,method=Main#main:1 <name=ok,type=boolean (id=2),value=<?>,index=22>
VW,context=Main#main:1,ok=true
VW,context=Main#main:1,k=5
VD,method=Main#main:1 <name=ok,type=boolean (id=2),value=<?>,index=22>
VW,context=Main#main:1,ok=true
VW,context=Main#main:1,k=6
VD,method=Main#main:1 <name=ok,type=boolean (id=2),value=<?>,index=22>
VW,context=Main#main:1,ok=true
VW,context=Main#main:1,k=7
VD,method=Main#main:1 <name=ok,type=boolean (id=2),value=<?>,index=22>
VW,context=Main#main:1,ok=true
VW,context=Main#main:1,k=8
VD,method=Main#main:1 <name=ok,type=boolean (id=2),value=<?>,index=22>
VW,context=Main#main:1,ok=true
VW,context=Main#main:1,k=9
VD,method=Main#main:1 <name=ok,type=boolean (id=2),value=<?>,index=22>
VW,context=Main#main:1,ok=true
VW,context=Main#main:1,k=10
VD,method=Main#main:1 <name=ok,type=boolean (id=2),value=<?>,index=22>
VW,context=Main#main:1,ok=true
VW,context=Main#main:1,k=11
VD,method=Main#main:1 <name=ok,type=boolean (id=2),value=<?>,index=22>
VW,context=Main#main:1,ok=true
VW,context=Main#main:1,k=12
VD,method=Main#main:1 <name=ok,type=boolean (id=2),value=<?>,index=22>
VW,context=Main#main:1,ok=true
VD,method=Main#main:1 <name=ok,type=boolean (id=2),value=<?>,index=22>
VD,method=Main#main:1 <name=k,type=int (id=7),value=<?>,index=21>
VW,context=Main#main:1,zz=3
VD,method=Main#main:1 <name=w,type=int (id=7),value=<?>,index=20>
VW,context=Main#main:1,w=2
VW,context=Main#main:1,k=0
VW,context=Main#main:1,ok=true
VW,context=Main#main:1,k=1
VD,method=Main#main:1 <name=ok,type=boolean (id=2),value=<?>,index=22>
VW,context=Main#main:1,ok=true
VW,context=Main#main:1,k=2
VD,method=Main#main:1 <name=ok,type=boolean (id=2),value=<?>,index=22>
VW,context=Main#main:1,ok=true
VW,context=Main#main:1,k=3
VD,method=Main#main:1 <name=ok,type=boolean (id=2),value=<?>,index=22>
VW,context=Main#main:1,ok=true
VW,context=Main#main:1,k=4
VD,method=Main#main:1 <name=ok,type=boolean (id=2),value=<?>,index=22>
VW,context=Main#main:1,ok=true
VW,context=Main#main:1,k=5
VD,method=Main#main:1 <name=ok,type=boolean (id=2),value=<?>,index=22>
VW,context=Main#main:1,ok=true
VW,context=Main#main:1,k=6
VD,method=Main#main:1 <name=ok,type=boolean (id=2),value=<?>,index=22>
VW,context=Main#main:1,ok=true
VW,context=Main#main:1,k=7
VD,method=Main#main:1 <name=ok,type=boolean (id=2),value=<?>,index=22>
VW,context=Main#main:1,ok=true
VW,context=Main#main:1,k=8
VD,method=Main#main:1 <name=ok,type=boolean (id=2),value=<?>,index=22>
VW,context=Main#main:1,ok=true
VW,context=Main#main:1,k=9
VD,method=Main#main:1 <name=ok,type=boolean (id=2),value=<?>,index=22>
VW,context=Main#main:1,ok=true
VW,context=Main#main:1,k=10
VD,method=Main#main:1 <name=ok,type=boolean (id=2),value=<?>,index=22>
VW,context=Main#main:1,ok=true
VW,context=Main#main:1,k=11
VD,method=Main#main:1 <name=ok,type=boolean (id=2),value=<?>,index=22>
VW,context=Main#main:1,ok=true
VW,context=Main#main:1,k=12
VD,method=Main#main:1 <name=ok,type=boolean (id=2),value=<?>,index=22>
VW,context=Main#main:1,ok=true
VD,method=Main#main:1 <name=ok,type=boolean (id=2),value=<?>,index=22>
VD,method=Main#main:1 <name=k,type=int (id=7),value=<?>,index=21>
VD,method=Main#main:1 <name=w,type=int (id=7),value=<?>,index=20>
VD,method=Main#main:1 <name=zz,type=int (id=7),value=<?>,index=19>
VW,context=Main#main:1,yy=3
VW,context=Main#main:1,zz=0
VW,context=Main#main:1,zz=1
VW,context=Main#main:1,zz=2
VW,context=Main#main:1,zz=3
VD,method=Main#main:1 <name=zz,type=int (id=7),value=<?>,index=19>
VD,method=Main#main:1 <name=yy,type=int (id=7),value=<?>,index=18>
VW,context=Main#main:1,xx=3
VW,context=Main#main:1,yy=0
VW,context=Main#main:1,zz=0
VW,context=Main#main:1,zz=1
VW,context=Main#main:1,zz=2
VW,context=Main#main:1,zz=3
VD,method=Main#main:1 <name=zz,type=int (id=7),value=<?>,index=19>
VW,context=Main#main:1,yy=1
VW,context=Main#main:1,zz=0
VW,context=Main#main:1,zz=1
VW,context=Main#main:1,zz=2
VW,context=Main#main:1,zz=3
VD,method=Main#main:1 <name=zz,type=int (id=7),value=<?>,index=19>
VW,context=Main#main:1,yy=2
VW,context=Main#main:1,zz=0
VW,context=Main#main:1,zz=1
VW,context=Main#main:1,zz=2
VW,context=Main#main:1,zz=3
VD,method=Main#main:1 <name=zz,type=int (id=7),value=<?>,index=19>
VW,context=Main#main:1,yy=3
VW,context=Main#main:1,zz=0
VW,context=Main#main:1,w=1
VW,context=Main#main:1,k=0
VW,context=Main#main:1,ok=true
VW,context=Main#main:1,k=1
VD,method=Main#main:1 <name=ok,type=boolean (id=2),value=<?>,index=22>
VW,context=Main#main:1,ok=true
VW,context=Main#main:1,k=2
VD,method=Main#main:1 <name=ok,type=boolean (id=2),value=<?>,index=22>
VW,context=Main#main:1,ok=true
VW,context=Main#main:1,l=1
VW,context=Main#main:1,l=2
VW,context=Main#main:1,ok=false
VD,method=Main#main:1 <name=l,type=int (id=7),value=<?>,index=23>
VW,context=Main#main:1,k=3
VD,method=Main#main:1 <name=ok,type=boolean (id=2),value=<?>,index=22>
VW,context=Main#main:1,ok=true
VW,context=Main#main:1,k=4
VD,method=Main#main:1 <name=ok,type=boolean (id=2),value=<?>,index=22>
VW,context=Main#main:1,ok=true
VW,context=Main#main:1,k=5
VD,method=Main#main:1 <name=ok,type=boolean (id=2),value=<?>,index=22>
VW,context=Main#main:1,ok=true
VW,context=Main#main:1,k=6
VD,method=Main#main:1 <name=ok,type=boolean (id=2),value=<?>,index=22>
VW,context=Main#main:1,ok=true
VW,context=Main#main:1,k=7
VD,method=Main#main:1 <name=ok,type=boolean (id=2),value=<?>,index=22>
VW,context=Main#main:1,ok=true
VW,context=Main#main:1,k=8
VD,method=Main#main:1 <name=ok,type=boolean (id=2),value=<?>,index=22>
VW,context=Main#main:1,ok=true
VW,context=Main#main:1,k=9
VD,method=Main#main:1 <name=ok,type=boolean (id=2),value=<?>,index=22>
VW,context=Main#main:1,ok=true
VW,context=Main#main:1,k=10
VD,method=Main#main:1 <name=ok,type=boolean (id=2),value=<?>,index=22>
VW,context=Main#main:1,ok=true
VW,context=Main#main:1,k=11
VD,method=Main#main:1 <name=ok,type=boolean (id=2),value=<?>,index=22>
VW,context=Main#main:1,ok=true
VW,context=Main#main:1,k=12
VD,method=Main#main:1 <name=ok,type=boolean (id=2),value=<?>,index=22>
VW,context=Main#main:1,ok=true
VD,method=Main#main:1 <name=ok,type=boolean (id=2),value=<?>,index=22>
VD,method=Main#main:1 <name=k,type=int (id=7),value=<?>,index=21>
VW,context=Main#main:1,zz=1
VD,method=Main#main:1 <name=w,type=int (id=7),value=<?>,index=20>
VW,context=Main#main:1,w=1
VW,context=Main#main:1,k=0
VW,context=Main#main:1,ok=true
VW,context=Main#main:1,k=1
VD,method=Main#main:1 <name=ok,type=boolean (id=2),value=<?>,index=22>
VW,context=Main#main:1,ok=true
VW,context=Main#main:1,k=2
VD,method=Main#main:1 <name=ok,type=boolean (id=2),value=<?>,index=22>
VW,context=Main#main:1,ok=true
VW,context=Main#main:1,l=1
VW,context=Main#main:1,ok=false
VD,method=Main#main:1 <name=l,type=int (id=7),value=<?>,index=23>
VW,context=Main#main:1,k=3
VD,method=Main#main:1 <name=ok,type=boolean (id=2),value=<?>,index=22>
VW,context=Main#main:1,ok=true
VW,context=Main#main:1,k=4
VD,method=Main#main:1 <name=ok,type=boolean (id=2),value=<?>,index=22>
VW,context=Main#main:1,ok=true
VW,context=Main#main:1,k=5
VD,method=Main#main:1 <name=ok,type=boolean (id=2),value=<?>,index=22>
VW,context=Main#main:1,ok=true
VW,context=Main#main:1,k=6
VD,method=Main#main:1 <name=ok,type=boolean (id=2),value=<?>,index=22>
VW,context=Main#main:1,ok=true
VW,context=Main#main:1,k=7
VD,method=Main#main:1 <name=ok,type=boolean (id=2),value=<?>,index=22>
VW,context=Main#main:1,ok=true
VW,context=Main#main:1,k=8
VD,method=Main#main:1 <name=ok,type=boolean (id=2),value=<?>,index=22>
VW,context=Main#main:1,ok=true
VW,context=Main#main:1,k=9
VD,method=Main#main:1 <name=ok,type=boolean (id=2),value=<?>,index=22>
VW,context=Main#main:1,ok=true
VW,context=Main#main:1,k=10
VD,method=Main#main:1 <name=ok,type=boolean (id=2),value=<?>,index=22>
VW,context=Main#main:1,ok=true
VW,context=Main#main:1,k=11
VD,method=Main#main:1 <name=ok,type=boolean (id=2),value=<?>,index=22>
VW,context=Main#main:1,ok=true
VW,context=Main#main:1,k=12
VD,method=Main#main:1 <name=ok,type=boolean (id=2),value=<?>,index=22>
VW,context=Main#main:1,ok=true
VD,method=Main#main:1 <name=ok,type=boolean (id=2),value=<?>,index=22>
VD,method=Main#main:1 <name=k,type=int (id=7),value=<?>,index=21>
VW,context=Main#main:1,zz=2
VD,method=Main#main:1 <name=w,type=int (id=7),value=<?>,index=20>
VW,context=Main#main:1,w=2
VW,context=Main#main:1,k=0
VW,context=Main#main:1,ok=true
VW,context=Main#main:1,k=1
VD,method=Main#main:1 <name=ok,type=boolean (id=2),value=<?>,index=22>
VW,context=Main#main:1,ok=true
VW,context=Main#main:1,k=2
VD,method=Main#main:1 <name=ok,type=boolean (id=2),value=<?>,index=22>
VW,context=Main#main:1,ok=true
VW,context=Main#main:1,k=3
VD,method=Main#main:1 <name=ok,type=boolean (id=2),value=<?>,index=22>
VW,context=Main#main:1,ok=true
VW,context=Main#main:1,k=4
VD,method=Main#main:1 <name=ok,type=boolean (id=2),value=<?>,index=22>
VW,context=Main#main:1,ok=true
VW,context=Main#main:1,k=5
VD,method=Main#main:1 <name=ok,type=boolean (id=2),value=<?>,index=22>
VW,context=Main#main:1,ok=true
VW,context=Main#main:1,k=6
VD,method=Main#main:1 <name=ok,type=boolean (id=2),value=<?>,index=22>
VW,context=Main#main:1,ok=true
VW,context=Main#main:1,k=7
VD,method=Main#main:1 <name=ok,type=boolean (id=2),value=<?>,index=22>
VW,context=Main#main:1,ok=true
VW,context=Main#main:1,k=8
VD,method=Main#main:1 <name=ok,type=boolean (id=2),value=<?>,index=22>
VW,context=Main#main:1,ok=true
VW,context=Main#main:1,k=9
VD,method=Main#main:1 <name=ok,type=boolean (id=2),value=<?>,index=22>
VW,context=Main#main:1,ok=true
VW,context=Main#main:1,k=10
VD,method=Main#main:1 <name=ok,type=boolean (id=2),value=<?>,index=22>
VW,context=Main#main:1,ok=true
VW,context=Main#main:1,k=11
VD,method=Main#main:1 <name=ok,type=boolean (id=2),value=<?>,index=22>
VW,context=Main#main:1,ok=true
VW,context=Main#main:1,k=12
VD,method=Main#main:1 <name=ok,type=boolean (id=2),value=<?>,index=22>
VW,context=Main#main:1,ok=true
VD,method=Main#main:1 <name=ok,type=boolean (id=2),value=<?>,index=22>
VD,method=Main#main:1 <name=k,type=int (id=7),value=<?>,index=21>
VW,context=Main#main:1,zz=3
VD,method=Main#main:1 <name=w,type=int (id=7),value=<?>,index=20>
VW,context=Main#main:1,w=1
VW,context=Main#main:1,k=0
VW,context=Main#main:1,ok=true
VW,context=Main#main:1,k=1
VD,method=Main#main:1 <name=ok,type=boolean (id=2),value=<?>,index=22>
VW,context=Main#main:1,ok=true
VW,context=Main#main:1,k=2
VD,method=Main#main:1 <name=ok,type=boolean (id=2),value=<?>,index=22>
VW,context=Main#main:1,ok=true
VW,context=Main#main:1,k=3
VD,method=Main#main:1 <name=ok,type=boolean (id=2),value=<?>,index=22>
VW,context=Main#main:1,ok=true
VW,context=Main#main:1,k=4
VD,method=Main#main:1 <name=ok,type=boolean (id=2),value=<?>,index=22>
VW,context=Main#main:1,ok=true
VW,context=Main#main:1,k=5
VD,method=Main#main:1 <name=ok,type=boolean (id=2),value=<?>,index=22>
VW,context=Main#main:1,ok=true
VW,context=Main#main:1,k=6
VD,method=Main#main:1 <name=ok,type=boolean (id=2),value=<?>,index=22>
VW,context=Main#main:1,ok=true
VW,context=Main#main:1,k=7
VD,method=Main#main:1 <name=ok,type=boolean (id=2),value=<?>,index=22>
VW,context=Main#main:1,ok=true
VW,context=Main#main:1,k=8
VD,method=Main#main:1 <name=ok,type=boolean (id=2),value=<?>,index=22>
VW,context=Main#main:1,ok=true
VW,context=Main#main:1,k=9
VD,method=Main#main:1 <name=ok,type=boolean (id=2),value=<?>,index=22>
VW,context=Main#main:1,ok=true
VW,context=Main#main:1,k=10
VD,method=Main#main:1 <name=ok,type=boolean (id=2),value=<?>,index=22>
VW,context=Main#main:1,ok=true
VW,context=Main#main:1,k=11
VD,method=Main#main:1 <name=ok,type=boolean (id=2),value=<?>,index=22>
VW,context=Main#main:1,ok=true
VW,context=Main#main:1,k=12
VD,method=Main#main:1 <name=ok,type=boolean (id=2),value=<?>,index=22>
VW,context=Main#main:1,ok=true
VD,method=Main#main:1 <name=ok,type=boolean (id=2),value=<?>,index=22>
VD,method=Main#main:1 <name=k,type=int (id=7),value=<?>,index=21>
VD,method=Main#main:1 <name=w,type=int (id=7),value=<?>,index=20>
VD,method=Main#main:1 <name=zz,type=int (id=7),value=<?>,index=19>
VD,method=Main#main:1 <name=yy,type=int (id=7),value=<?>,index=18>
VD,method=Main#main:1 <name=xx,type=int (id=7),value=<?>,index=17>
VW,context=Main#main:1,now=2
VW,context=Main#main:1,i=13
VW,context=Main#main:1,j=0
VW,context=Main#main:1,map=int[][][]:3
VD,method=Main#main:1 <name=j,type=int (id=7),value=<?>,index=16>
VW,context=Main#main:1,xx=0
VW,context=Main#main:1,yy=0
VW,context=Main#main:1,zz=0
VW,context=Main#main:1,w=1
VW,context=Main#main:1,k=0
VW,context=Main#main:1,ok=true
VW,context=Main#main:1,l=1
VW,context=Main#main:1,ok=false
VD,method=Main#main:1 <name=l,type=int (id=7),value=<?>,index=23>
VW,context=Main#main:1,k=1
VD,method=Main#main:1 <name=ok,type=boolean (id=2),value=<?>,index=22>
VW,context=Main#main:1,ok=true
VW,context=Main#main:1,l=1
VW,context=Main#main:1,ok=false
VD,method=Main#main:1 <name=l,type=int (id=7),value=<?>,index=23>
VW,context=Main#main:1,k=2
VD,method=Main#main:1 <name=ok,type=boolean (id=2),value=<?>,index=22>
VW,context=Main#main:1,ok=true
VW,context=Main#main:1,l=1
VW,context=Main#main:1,l=2
VW,context=Main#main:1,ok=false
VD,method=Main#main:1 <name=l,type=int (id=7),value=<?>,index=23>
VW,context=Main#main:1,k=3
VD,method=Main#main:1 <name=ok,type=boolean (id=2),value=<?>,index=22>
VW,context=Main#main:1,ok=true
VW,context=Main#main:1,l=1
VW,context=Main#main:1,ok=false
VD,method=Main#main:1 <name=l,type=int (id=7),value=<?>,index=23>
VW,context=Main#main:1,k=4
VD,method=Main#main:1 <name=ok,type=boolean (id=2),value=<?>,index=22>
VW,context=Main#main:1,ok=true
VW,context=Main#main:1,l=1
VW,context=Main#main:1,ok=false
VD,method=Main#main:1 <name=l,type=int (id=7),value=<?>,index=23>
VW,context=Main#main:1,k=5
VD,method=Main#main:1 <name=ok,type=boolean (id=2),value=<?>,index=22>
VW,context=Main#main:1,ok=true
VW,context=Main#main:1,l=1
VW,context=Main#main:1,ok=false
VD,method=Main#main:1 <name=l,type=int (id=7),value=<?>,index=23>
VW,context=Main#main:1,k=6
VD,method=Main#main:1 <name=ok,type=boolean (id=2),value=<?>,index=22>
VW,context=Main#main:1,ok=true
VW,context=Main#main:1,l=1
VW,context=Main#main:1,ok=false
VD,method=Main#main:1 <name=l,type=int (id=7),value=<?>,index=23>
VW,context=Main#main:1,k=7
VD,method=Main#main:1 <name=ok,type=boolean (id=2),value=<?>,index=22>
VW,context=Main#main:1,ok=true
VW,context=Main#main:1,k=8
VD,method=Main#main:1 <name=ok,type=boolean (id=2),value=<?>,index=22>
VW,context=Main#main:1,ok=true
VW,context=Main#main:1,k=9
VD,method=Main#main:1 <name=ok,type=boolean (id=2),value=<?>,index=22>
VW,context=Main#main:1,ok=true
VW,context=Main#main:1,k=10
VD,method=Main#main:1 <name=ok,type=boolean (id=2),value=<?>,index=22>
VW,context=Main#main:1,ok=true
VW,context=Main#main:1,k=11
VD,method=Main#main:1 <name=ok,type=boolean (id=2),value=<?>,index=22>
VW,context=Main#main:1,ok=true
VW,context=Main#main:1,k=12
VD,method=Main#main:1 <name=ok,type=boolean (id=2),value=<?>,index=22>
VW,context=Main#main:1,ok=true
VD,method=Main#main:1 <name=ok,type=boolean (id=2),value=<?>,index=22>
VD,method=Main#main:1 <name=k,type=int (id=7),value=<?>,index=21>
VW,context=Main#main:1,zz=1
VD,method=Main#main:1 <name=w,type=int (id=7),value=<?>,index=20>
VW,context=Main#main:1,w=1
VW,context=Main#main:1,k=0
VW,context=Main#main:1,ok=true
VW,context=Main#main:1,l=1
VW,context=Main#main:1,ok=false
VD,method=Main#main:1 <name=l,type=int (id=7),value=<?>,index=23>
VW,context=Main#main:1,k=1
VD,method=Main#main:1 <name=ok,type=boolean (id=2),value=<?>,index=22>
VW,context=Main#main:1,ok=true
VW,context=Main#main:1,l=1
VW,context=Main#main:1,ok=false
VD,method=Main#main:1 <name=l,type=int (id=7),value=<?>,index=23>
VW,context=Main#main:1,k=2
VD,method=Main#main:1 <name=ok,type=boolean (id=2),value=<?>,index=22>
VW,context=Main#main:1,ok=true
VW,context=Main#main:1,l=1
VW,context=Main#main:1,ok=false
VD,method=Main#main:1 <name=l,type=int (id=7),value=<?>,index=23>
VW,context=Main#main:1,k=3
VD,method=Main#main:1 <name=ok,type=boolean (id=2),value=<?>,index=22>
VW,context=Main#main:1,ok=true
VW,context=Main#main:1,l=1
VW,context=Main#main:1,ok=false
VD,method=Main#main:1 <name=l,type=int (id=7),value=<?>,index=23>
VW,context=Main#main:1,k=4
VD,method=Main#main:1 <name=ok,type=boolean (id=2),value=<?>,index=22>
VW,context=Main#main:1,ok=true
VW,context=Main#main:1,l=1
VW,context=Main#main:1,ok=false
VD,method=Main#main:1 <name=l,type=int (id=7),value=<?>,index=23>
VW,context=Main#main:1,k=5
VD,method=Main#main:1 <name=ok,type=boolean (id=2),value=<?>,index=22>
VW,context=Main#main:1,ok=true
VW,context=Main#main:1,l=1
VW,context=Main#main:1,ok=false
VD,method=Main#main:1 <name=l,type=int (id=7),value=<?>,index=23>
VW,context=Main#main:1,k=6
VD,method=Main#main:1 <name=ok,type=boolean (id=2),value=<?>,index=22>
VW,context=Main#main:1,ok=true
VW,context=Main#main:1,l=1
VW,context=Main#main:1,ok=false
VD,method=Main#main:1 <name=l,type=int (id=7),value=<?>,index=23>
VW,context=Main#main:1,k=7
VD,method=Main#main:1 <name=ok,type=boolean (id=2),value=<?>,index=22>
VW,context=Main#main:1,ok=true
VW,context=Main#main:1,k=8
VD,method=Main#main:1 <name=ok,type=boolean (id=2),value=<?>,index=22>
VW,context=Main#main:1,ok=true
VW,context=Main#main:1,k=9
VD,method=Main#main:1 <name=ok,type=boolean (id=2),value=<?>,index=22>
VW,context=Main#main:1,ok=true
VW,context=Main#main:1,k=10
VD,method=Main#main:1 <name=ok,type=boolean (id=2),value=<?>,index=22>
VW,context=Main#main:1,ok=true
VW,context=Main#main:1,k=11
VD,method=Main#main:1 <name=ok,type=boolean (id=2),value=<?>,index=22>
VW,context=Main#main:1,ok=true
VW,context=Main#main:1,k=12
VD,method=Main#main:1 <name=ok,type=boolean (id=2),value=<?>,index=22>
VW,context=Main#main:1,ok=true
VD,method=Main#main:1 <name=ok,type=boolean (id=2),value=<?>,index=22>
VD,method=Main#main:1 <name=k,type=int (id=7),value=<?>,index=21>
VW,context=Main#main:1,zz=2
VD,method=Main#main:1 <name=w,type=int (id=7),value=<?>,index=20>
VW,context=Main#main:1,w=2
VW,context=Main#main:1,k=0
VW,context=Main#main:1,ok=true
VW,context=Main#main:1,l=1
VW,context=Main#main:1,ok=false
VD,method=Main#main:1 <name=l,type=int (id=7),value=<?>,index=23>
VW,context=Main#main:1,k=1
VD,method=Main#main:1 <name=ok,type=boolean (id=2),value=<?>,index=22>
VW,context=Main#main:1,ok=true
VW,context=Main#main:1,k=2
VD,method=Main#main:1 <name=ok,type=boolean (id=2),value=<?>,index=22>
VW,context=Main#main:1,ok=true
VW,context=Main#main:1,k=3
VD,method=Main#main:1 <name=ok,type=boolean (id=2),value=<?>,index=22>
VW,context=Main#main:1,ok=true
VW,context=Main#main:1,k=4
VD,method=Main#main:1 <name=ok,type=boolean (id=2),value=<?>,index=22>
VW,context=Main#main:1,ok=true
VW,context=Main#main:1,l=1
VW,context=Main#main:1,ok=false
VD,method=Main#main:1 <name=l,type=int (id=7),value=<?>,index=23>
VW,context=Main#main:1,k=5
VD,method=Main#main:1 <name=ok,type=boolean (id=2),value=<?>,index=22>
VW,context=Main#main:1,ok=true
VW,context=Main#main:1,l=1
VW,context=Main#main:1,ok=false
VD,method=Main#main:1 <name=l,type=int (id=7),value=<?>,index=23>
VW,context=Main#main:1,k=6
VD,method=Main#main:1 <name=ok,type=boolean (id=2),value=<?>,index=22>
VW,context=Main#main:1,ok=true
VW,context=Main#main:1,k=7
VD,method=Main#main:1 <name=ok,type=boolean (id=2),value=<?>,index=22>
VW,context=Main#main:1,ok=true
VW,context=Main#main:1,k=8
VD,method=Main#main:1 <name=ok,type=boolean (id=2),value=<?>,index=22>
VW,context=Main#main:1,ok=true
VW,context=Main#main:1,k=9
VD,method=Main#main:1 <name=ok,type=boolean (id=2),value=<?>,index=22>
VW,context=Main#main:1,ok=true
VW,context=Main#main:1,l=1
VW,context=Main#main:1,ok=false
VD,method=Main#main:1 <name=l,type=int (id=7),value=<?>,index=23>
VW,context=Main#main:1,k=10
VD,method=Main#main:1 <name=ok,type=boolean (id=2),value=<?>,index=22>
VW,context=Main#main:1,ok=true
VW,context=Main#main:1,k=11
VD,method=Main#main:1 <name=ok,type=boolean (id=2),value=<?>,index=22>
VW,context=Main#main:1,ok=true
VW,context=Main#main:1,l=1
VW,context=Main#main:1,ok=false
VD,method=Main#main:1 <name=l,type=int (id=7),value=<?>,index=23>
VW,context=Main#main:1,k=12
VD,method=Main#main:1 <name=ok,type=boolean (id=2),value=<?>,index=22>
VW,context=Main#main:1,ok=true
VW,context=Main#main:1,l=1
VW,context=Main#main:1,ok=false
VD,method=Main#main:1 <name=l,type=int (id=7),value=<?>,index=23>
VD,method=Main#main:1 <name=ok,type=boolean (id=2),value=<?>,index=22>
VD,method=Main#main:1 <name=k,type=int (id=7),value=<?>,index=21>
VW,context=Main#main:1,zz=3
VD,method=Main#main:1 <name=w,type=int (id=7),value=<?>,index=20>
VW,context=Main#main:1,w=2
VW,context=Main#main:1,k=0
VW,context=Main#main:1,ok=true
VW,context=Main#main:1,l=1
VW,context=Main#main:1,ok=false
VD,method=Main#main:1 <name=l,type=int (id=7),value=<?>,index=23>
VW,context=Main#main:1,k=1
VD,method=Main#main:1 <name=ok,type=boolean (id=2),value=<?>,index=22>
VW,context=Main#main:1,ok=true
VW,context=Main#main:1,k=2
VD,method=Main#main:1 <name=ok,type=boolean (id=2),value=<?>,index=22>
VW,context=Main#main:1,ok=true
VW,context=Main#main:1,k=3
VD,method=Main#main:1 <name=ok,type=boolean (id=2),value=<?>,index=22>
VW,context=Main#main:1,ok=true
VW,context=Main#main:1,k=4
VD,method=Main#main:1 <name=ok,type=boolean (id=2),value=<?>,index=22>
VW,context=Main#main:1,ok=true
VW,context=Main#main:1,l=1
VW,context=Main#main:1,ok=false
VD,method=Main#main:1 <name=l,type=int (id=7),value=<?>,index=23>
VW,context=Main#main:1,k=5
VD,method=Main#main:1 <name=ok,type=boolean (id=2),value=<?>,index=22>
VW,context=Main#main:1,ok=true
VW,context=Main#main:1,l=1
VW,context=Main#main:1,ok=false
VD,method=Main#main:1 <name=l,type=int (id=7),value=<?>,index=23>
VW,context=Main#main:1,k=6
VD,method=Main#main:1 <name=ok,type=boolean (id=2),value=<?>,index=22>
VW,context=Main#main:1,ok=true
VW,context=Main#main:1,k=7
VD,method=Main#main:1 <name=ok,type=boolean (id=2),value=<?>,index=22>
VW,context=Main#main:1,ok=true
VW,context=Main#main:1,k=8
VD,method=Main#main:1 <name=ok,type=boolean (id=2),value=<?>,index=22>
VW,context=Main#main:1,ok=true
VW,context=Main#main:1,k=9
VD,method=Main#main:1 <name=ok,type=boolean (id=2),value=<?>,index=22>
VW,context=Main#main:1,ok=true
VW,context=Main#main:1,l=1
VW,context=Main#main:1,ok=false
VD,method=Main#main:1 <name=l,type=int (id=7),value=<?>,index=23>
VW,context=Main#main:1,k=10
VD,method=Main#main:1 <name=ok,type=boolean (id=2),value=<?>,index=22>
VW,context=Main#main:1,ok=true
VW,context=Main#main:1,k=11
VD,method=Main#main:1 <name=ok,type=boolean (id=2),value=<?>,index=22>
VW,context=Main#main:1,ok=true
VW,context=Main#main:1,l=1
VW,context=Main#main:1,ok=false
VD,method=Main#main:1 <name=l,type=int (id=7),value=<?>,index=23>
VW,context=Main#main:1,k=12
VD,method=Main#main:1 <name=ok,type=boolean (id=2),value=<?>,index=22>
VW,context=Main#main:1,ok=true
VW,context=Main#main:1,l=1
VW,context=Main#main:1,ok=false
VD,method=Main#main:1 <name=l,type=int (id=7),value=<?>,index=23>
VD,method=Main#main:1 <name=ok,type=boolean (id=2),value=<?>,index=22>
VD,method=Main#main:1 <name=k,type=int (id=7),value=<?>,index=21>
VD,method=Main#main:1 <name=w,type=int (id=7),value=<?>,index=20>
VD,method=Main#main:1 <name=zz,type=int (id=7),value=<?>,index=19>
VW,context=Main#main:1,yy=1
VW,context=Main#main:1,zz=0
VW,context=Main#main:1,zz=1
VW,context=Main#main:1,zz=2
VW,context=Main#main:1,zz=3
VD,method=Main#main:1 <name=zz,type=int (id=7),value=<?>,index=19>
VW,context=Main#main:1,yy=2
VW,context=Main#main:1,zz=0
VW,context=Main#main:1,zz=1
VW,context=Main#main:1,zz=2
VW,context=Main#main:1,zz=3
VD,method=Main#main:1 <name=zz,type=int (id=7),value=<?>,index=19>
VW,context=Main#main:1,yy=3
VW,context=Main#main:1,zz=0
VW,context=Main#main:1,zz=1
VW,context=Main#main:1,zz=2
VW,context=Main#main:1,zz=3
VD,method=Main#main:1 <name=zz,type=int (id=7),value=<?>,index=19>
VD,method=Main#main:1 <name=yy,type=int (id=7),value=<?>,index=18>
VW,context=Main#main:1,xx=1
VW,context=Main#main:1,yy=0
VW,context=Main#main:1,zz=0
VW,context=Main#main:1,zz=1
VW,context=Main#main:1,zz=2
VW,context=Main#main:1,zz=3
VD,method=Main#main:1 <name=zz,type=int (id=7),value=<?>,index=19>
VW,context=Main#main:1,yy=1
VW,context=Main#main:1,zz=0
VW,context=Main#main:1,w=2
VW,context=Main#main:1,k=0
VW,context=Main#main:1,ok=true
VW,context=Main#main:1,l=1
VW,context=Main#main:1,ok=false
VD,method=Main#main:1 <name=l,type=int (id=7),value=<?>,index=23>
VW,context=Main#main:1,k=1
VD,method=Main#main:1 <name=ok,type=boolean (id=2),value=<?>,index=22>
VW,context=Main#main:1,ok=true
VW,context=Main#main:1,l=1
VW,context=Main#main:1,ok=false
VD,method=Main#main:1 <name=l,type=int (id=7),value=<?>,index=23>
VW,context=Main#main:1,k=2
VD,method=Main#main:1 <name=ok,type=boolean (id=2),value=<?>,index=22>
VW,context=Main#main:1,ok=true
VW,context=Main#main:1,l=1
VW,context=Main#main:1,ok=false
VD,method=Main#main:1 <name=l,type=int (id=7),value=<?>,index=23>
VW,context=Main#main:1,k=3
VD,method=Main#main:1 <name=ok,type=boolean (id=2),value=<?>,index=22>
VW,context=Main#main:1,ok=true
VW,context=Main#main:1,l=1
VW,context=Main#main:1,ok=false
VD,method=Main#main:1 <name=l,type=int (id=7),value=<?>,index=23>
VW,context=Main#main:1,k=4
VD,method=Main#main:1 <name=ok,type=boolean (id=2),value=<?>,index=22>
VW,context=Main#main:1,ok=true
VW,context=Main#main:1,l=1
VW,context=Main#main:1,ok=false
VD,method=Main#main:1 <name=l,type=int (id=7),value=<?>,index=23>
VW,context=Main#main:1,k=5
VD,method=Main#main:1 <name=ok,type=boolean (id=2),value=<?>,index=22>
VW,context=Main#main:1,ok=true
VW,context=Main#main:1,l=1
VW,context=Main#main:1,l=2
VW,context=Main#main:1,ok=false
VD,method=Main#main:1 <name=l,type=int (id=7),value=<?>,index=23>
VW,context=Main#main:1,k=6
VD,method=Main#main:1 <name=ok,type=boolean (id=2),value=<?>,index=22>
VW,context=Main#main:1,ok=true
VW,context=Main#main:1,l=1
VW,context=Main#main:1,ok=false
VD,method=Main#main:1 <name=l,type=int (id=7),value=<?>,index=23>
VW,context=Main#main:1,k=7
VD,method=Main#main:1 <name=ok,type=boolean (id=2),value=<?>,index=22>
VW,context=Main#main:1,ok=true
VW,context=Main#main:1,k=8
VD,method=Main#main:1 <name=ok,type=boolean (id=2),value=<?>,index=22>
VW,context=Main#main:1,ok=true
VW,context=Main#main:1,k=9
VD,method=Main#main:1 <name=ok,type=boolean (id=2),value=<?>,index=22>
VW,context=Main#main:1,ok=true
VW,context=Main#main:1,k=10
VD,method=Main#main:1 <name=ok,type=boolean (id=2),value=<?>,index=22>
VW,context=Main#main:1,ok=true
VW,context=Main#main:1,k=11
VD,method=Main#main:1 <name=ok,type=boolean (id=2),value=<?>,index=22>
VW,context=Main#main:1,ok=true
VW,context=Main#main:1,k=12
VD,method=Main#main:1 <name=ok,type=boolean (id=2),value=<?>,index=22>
VW,context=Main#main:1,ok=true
VD,method=Main#main:1 <name=ok,type=boolean (id=2),value=<?>,index=22>
VD,method=Main#main:1 <name=k,type=int (id=7),value=<?>,index=21>
VW,context=Main#main:1,zz=1
VD,method=Main#main:1 <name=w,type=int (id=7),value=<?>,index=20>
VW,context=Main#main:1,zz=2
VW,context=Main#main:1,zz=3
VD,method=Main#main:1 <name=zz,type=int (id=7),value=<?>,index=19>
VW,context=Main#main:1,yy=2
VW,context=Main#main:1,zz=0
VW,context=Main#main:1,zz=1
VW,context=Main#main:1,zz=2
VW,context=Main#main:1,zz=3
VD,method=Main#main:1 <name=zz,type=int (id=7),value=<?>,index=19>
VW,context=Main#main:1,yy=3
VW,context=Main#main:1,zz=0
VW,context=Main#main:1,zz=1
VW,context=Main#main:1,zz=2
VW,context=Main#main:1,zz=3
VD,method=Main#main:1 <name=zz,type=int (id=7),value=<?>,index=19>
VD,method=Main#main:1 <name=yy,type=int (id=7),value=<?>,index=18>
VW,context=Main#main:1,xx=2
VW,context=Main#main:1,yy=0
VW,context=Main#main:1,zz=0
VW,context=Main#main:1,zz=1
VW,context=Main#main:1,zz=2
VW,context=Main#main:1,zz=3
VD,method=Main#main:1 <name=zz,type=int (id=7),value=<?>,index=19>
VW,context=Main#main:1,yy=1
VW,context=Main#main:1,zz=0
VW,context=Main#main:1,zz=1
VW,context=Main#main:1,zz=2
VW,context=Main#main:1,zz=3
VD,method=Main#main:1 <name=zz,type=int (id=7),value=<?>,index=19>
VW,context=Main#main:1,yy=2
VW,context=Main#main:1,zz=0
VW,context=Main#main:1,w=2
VW,context=Main#main:1,k=0
VW,context=Main#main:1,ok=true
VW,context=Main#main:1,k=1
VD,method=Main#main:1 <name=ok,type=boolean (id=2),value=<?>,index=22>
VW,context=Main#main:1,ok=true
VW,context=Main#main:1,k=2
VD,method=Main#main:1 <name=ok,type=boolean (id=2),value=<?>,index=22>
VW,context=Main#main:1,ok=true
VW,context=Main#main:1,l=1
VW,context=Main#main:1,ok=false
VD,method=Main#main:1 <name=l,type=int (id=7),value=<?>,index=23>
VW,context=Main#main:1,k=3
VD,method=Main#main:1 <name=ok,type=boolean (id=2),value=<?>,index=22>
VW,context=Main#main:1,ok=true
VW,context=Main#main:1,k=4
VD,method=Main#main:1 <name=ok,type=boolean (id=2),value=<?>,index=22>
VW,context=Main#main:1,ok=true
VW,context=Main#main:1,k=5
VD,method=Main#main:1 <name=ok,type=boolean (id=2),value=<?>,index=22>
VW,context=Main#main:1,ok=true
VW,context=Main#main:1,k=6
VD,method=Main#main:1 <name=ok,type=boolean (id=2),value=<?>,index=22>
VW,context=Main#main:1,ok=true
VW,context=Main#main:1,k=7
VD,method=Main#main:1 <name=ok,type=boolean (id=2),value=<?>,index=22>
VW,context=Main#main:1,ok=true
VW,context=Main#main:1,k=8
VD,method=Main#main:1 <name=ok,type=boolean (id=2),value=<?>,index=22>
VW,context=Main#main:1,ok=true
VW,context=Main#main:1,k=9
VD,method=Main#main:1 <name=ok,type=boolean (id=2),value=<?>,index=22>
VW,context=Main#main:1,ok=true
VW,context=Main#main:1,k=10
VD,method=Main#main:1 <name=ok,type=boolean (id=2),value=<?>,index=22>
VW,context=Main#main:1,ok=true
VW,context=Main#main:1,k=11
VD,method=Main#main:1 <name=ok,type=boolean (id=2),value=<?>,index=22>
VW,context=Main#main:1,ok=true
VW,context=Main#main:1,k=12
VD,method=Main#main:1 <name=ok,type=boolean (id=2),value=<?>,index=22>
VW,context=Main#main:1,ok=true
VD,method=Main#main:1 <name=ok,type=boolean (id=2),value=<?>,index=22>
VD,method=Main#main:1 <name=k,type=int (id=7),value=<?>,index=21>
VW,context=Main#main:1,zz=1
VD,method=Main#main:1 <name=w,type=int (id=7),value=<?>,index=20>
VW,context=Main#main:1,w=1
VW,context=Main#main:1,k=0
VW,context=Main#main:1,ok=true
VW,context=Main#main:1,k=1
VD,method=Main#main:1 <name=ok,type=boolean (id=2),value=<?>,index=22>
VW,context=Main#main:1,ok=true
VW,context=Main#main:1,k=2
VD,method=Main#main:1 <name=ok,type=boolean (id=2),value=<?>,index=22>
VW,context=Main#main:1,ok=true
VW,context=Main#main:1,l=1
VW,context=Main#main:1,l=2
VW,context=Main#main:1,ok=false
VD,method=Main#main:1 <name=l,type=int (id=7),value=<?>,index=23>
VW,context=Main#main:1,k=3
VD,method=Main#main:1 <name=ok,type=boolean (id=2),value=<?>,index=22>
VW,context=Main#main:1,ok=true
VW,context=Main#main:1,k=4
VD,method=Main#main:1 <name=ok,type=boolean (id=2),value=<?>,index=22>
VW,context=Main#main:1,ok=true
VW,context=Main#main:1,k=5
VD,method=Main#main:1 <name=ok,type=boolean (id=2),value=<?>,index=22>
VW,context=Main#main:1,ok=true
VW,context=Main#main:1,k=6
VD,method=Main#main:1 <name=ok,type=boolean (id=2),value=<?>,index=22>
VW,context=Main#main:1,ok=true
VW,context=Main#main:1,k=7
VD,method=Main#main:1 <name=ok,type=boolean (id=2),value=<?>,index=22>
VW,context=Main#main:1,ok=true
VW,context=Main#main:1,k=8
VD,method=Main#main:1 <name=ok,type=boolean (id=2),value=<?>,index=22>
VW,context=Main#main:1,ok=true
VW,context=Main#main:1,k=9
VD,method=Main#main:1 <name=ok,type=boolean (id=2),value=<?>,index=22>
VW,context=Main#main:1,ok=true
VW,context=Main#main:1,k=10
VD,method=Main#main:1 <name=ok,type=boolean (id=2),value=<?>,index=22>
VW,context=Main#main:1,ok=true
VW,context=Main#main:1,k=11
VD,method=Main#main:1 <name=ok,type=boolean (id=2),value=<?>,index=22>
VW,context=Main#main:1,ok=true
VW,context=Main#main:1,k=12
VD,method=Main#main:1 <name=ok,type=boolean (id=2),value=<?>,index=22>
VW,context=Main#main:1,ok=true
VD,method=Main#main:1 <name=ok,type=boolean (id=2),value=<?>,index=22>
VD,method=Main#main:1 <name=k,type=int (id=7),value=<?>,index=21>
VW,context=Main#main:1,zz=2
VD,method=Main#main:1 <name=w,type=int (id=7),value=<?>,index=20>
VW,context=Main#main:1,w=1
VW,context=Main#main:1,k=0
VW,context=Main#main:1,ok=true
VW,context=Main#main:1,k=1
VD,method=Main#main:1 <name=ok,type=boolean (id=2),value=<?>,index=22>
VW,context=Main#main:1,ok=true
VW,context=Main#main:1,k=2
VD,method=Main#main:1 <name=ok,type=boolean (id=2),value=<?>,index=22>
VW,context=Main#main:1,ok=true
VW,context=Main#main:1,k=3
VD,method=Main#main:1 <name=ok,type=boolean (id=2),value=<?>,index=22>
VW,context=Main#main:1,ok=true
VW,context=Main#main:1,k=4
VD,method=Main#main:1 <name=ok,type=boolean (id=2),value=<?>,index=22>
VW,context=Main#main:1,ok=true
VW,context=Main#main:1,k=5
VD,method=Main#main:1 <name=ok,type=boolean (id=2),value=<?>,index=22>
VW,context=Main#main:1,ok=true
VW,context=Main#main:1,k=6
VD,method=Main#main:1 <name=ok,type=boolean (id=2),value=<?>,index=22>
VW,context=Main#main:1,ok=true
VW,context=Main#main:1,k=7
VD,method=Main#main:1 <name=ok,type=boolean (id=2),value=<?>,index=22>
VW,context=Main#main:1,ok=true
VW,context=Main#main:1,k=8
VD,method=Main#main:1 <name=ok,type=boolean (id=2),value=<?>,index=22>
VW,context=Main#main:1,ok=true
VW,context=Main#main:1,k=9
VD,method=Main#main:1 <name=ok,type=boolean (id=2),value=<?>,index=22>
VW,context=Main#main:1,ok=true
VW,context=Main#main:1,k=10
VD,method=Main#main:1 <name=ok,type=boolean (id=2),value=<?>,index=22>
VW,context=Main#main:1,ok=true
VW,context=Main#main:1,k=11
VD,method=Main#main:1 <name=ok,type=boolean (id=2),value=<?>,index=22>
VW,context=Main#main:1,ok=true
VW,context=Main#main:1,k=12
VD,method=Main#main:1 <name=ok,type=boolean (id=2),value=<?>,index=22>
VW,context=Main#main:1,ok=true
VD,method=Main#main:1 <name=ok,type=boolean (id=2),value=<?>,index=22>
VD,method=Main#main:1 <name=k,type=int (id=7),value=<?>,index=21>
VW,context=Main#main:1,zz=3
VD,method=Main#main:1 <name=w,type=int (id=7),value=<?>,index=20>
VW,context=Main#main:1,w=2
VW,context=Main#main:1,k=0
VW,context=Main#main:1,ok=true
VW,context=Main#main:1,k=1
VD,method=Main#main:1 <name=ok,type=boolean (id=2),value=<?>,index=22>
VW,context=Main#main:1,ok=true
VW,context=Main#main:1,k=2
VD,method=Main#main:1 <name=ok,type=boolean (id=2),value=<?>,index=22>
VW,context=Main#main:1,ok=true
VW,context=Main#main:1,k=3
VD,method=Main#main:1 <name=ok,type=boolean (id=2),value=<?>,index=22>
VW,context=Main#main:1,ok=true
VW,context=Main#main:1,k=4
VD,method=Main#main:1 <name=ok,type=boolean (id=2),value=<?>,index=22>
VW,context=Main#main:1,ok=true
VW,context=Main#main:1,k=5
VD,method=Main#main:1 <name=ok,type=boolean (id=2),value=<?>,index=22>
VW,context=Main#main:1,ok=true
VW,context=Main#main:1,k=6
VD,method=Main#main:1 <name=ok,type=boolean (id=2),value=<?>,index=22>
VW,context=Main#main:1,ok=true
VW,context=Main#main:1,k=7
VD,method=Main#main:1 <name=ok,type=boolean (id=2),value=<?>,index=22>
VW,context=Main#main:1,ok=true
VW,context=Main#main:1,k=8
VD,method=Main#main:1 <name=ok,type=boolean (id=2),value=<?>,index=22>
VW,context=Main#main:1,ok=true
VW,context=Main#main:1,k=9
VD,method=Main#main:1 <name=ok,type=boolean (id=2),value=<?>,index=22>
VW,context=Main#main:1,ok=true
VW,context=Main#main:1,k=10
VD,method=Main#main:1 <name=ok,type=boolean (id=2),value=<?>,index=22>
VW,context=Main#main:1,ok=true
VW,context=Main#main:1,k=11
VD,method=Main#main:1 <name=ok,type=boolean (id=2),value=<?>,index=22>
VW,context=Main#main:1,ok=true
VW,context=Main#main:1,k=12
VD,method=Main#main:1 <name=ok,type=boolean (id=2),value=<?>,index=22>
VW,context=Main#main:1,ok=true
VD,method=Main#main:1 <name=ok,type=boolean (id=2),value=<?>,index=22>
VD,method=Main#main:1 <name=k,type=int (id=7),value=<?>,index=21>
VD,method=Main#main:1 <name=w,type=int (id=7),value=<?>,index=20>
VD,method=Main#main:1 <name=zz,type=int (id=7),value=<?>,index=19>
VW,context=Main#main:1,yy=3
VW,context=Main#main:1,zz=0
VW,context=Main#main:1,zz=1
VW,context=Main#main:1,zz=2
VW,context=Main#main:1,zz=3
VD,method=Main#main:1 <name=zz,type=int (id=7),value=<?>,index=19>
VD,method=Main#main:1 <name=yy,type=int (id=7),value=<?>,index=18>
VW,context=Main#main:1,xx=3
VW,context=Main#main:1,yy=0
VW,context=Main#main:1,zz=0
VW,context=Main#main:1,w=2
VW,context=Main#main:1,k=0
VW,context=Main#main:1,ok=true
VW,context=Main#main:1,k=1
VD,method=Main#main:1 <name=ok,type=boolean (id=2),value=<?>,index=22>
VW,context=Main#main:1,ok=true
VW,context=Main#main:1,k=2
VD,method=Main#main:1 <name=ok,type=boolean (id=2),value=<?>,index=22>
VW,context=Main#main:1,ok=true
VW,context=Main#main:1,l=1
VW,context=Main#main:1,ok=false
VD,method=Main#main:1 <name=l,type=int (id=7),value=<?>,index=23>
VW,context=Main#main:1,k=3
VD,method=Main#main:1 <name=ok,type=boolean (id=2),value=<?>,index=22>
VW,context=Main#main:1,ok=true
VW,context=Main#main:1,l=1
VW,context=Main#main:1,ok=false
VD,method=Main#main:1 <name=l,type=int (id=7),value=<?>,index=23>
VW,context=Main#main:1,k=4
VD,method=Main#main:1 <name=ok,type=boolean (id=2),value=<?>,index=22>
VW,context=Main#main:1,ok=true
VW,context=Main#main:1,l=1
VW,context=Main#main:1,ok=false
VD,method=Main#main:1 <name=l,type=int (id=7),value=<?>,index=23>
VW,context=Main#main:1,k=5
VD,method=Main#main:1 <name=ok,type=boolean (id=2),value=<?>,index=22>
VW,context=Main#main:1,ok=true
VW,context=Main#main:1,k=6
VD,method=Main#main:1 <name=ok,type=boolean (id=2),value=<?>,index=22>
VW,context=Main#main:1,ok=true
VW,context=Main#main:1,k=7
VD,method=Main#main:1 <name=ok,type=boolean (id=2),value=<?>,index=22>
VW,context=Main#main:1,ok=true
VW,context=Main#main:1,k=8
VD,method=Main#main:1 <name=ok,type=boolean (id=2),value=<?>,index=22>
VW,context=Main#main:1,ok=true
VW,context=Main#main:1,k=9
VD,method=Main#main:1 <name=ok,type=boolean (id=2),value=<?>,index=22>
VW,context=Main#main:1,ok=true
VW,context=Main#main:1,k=10
VD,method=Main#main:1 <name=ok,type=boolean (id=2),value=<?>,index=22>
VW,context=Main#main:1,ok=true
VW,context=Main#main:1,k=11
VD,method=Main#main:1 <name=ok,type=boolean (id=2),value=<?>,index=22>
VW,context=Main#main:1,ok=true
VW,context=Main#main:1,k=12
VD,method=Main#main:1 <name=ok,type=boolean (id=2),value=<?>,index=22>
VW,context=Main#main:1,ok=true
VD,method=Main#main:1 <name=ok,type=boolean (id=2),value=<?>,index=22>
VD,method=Main#main:1 <name=k,type=int (id=7),value=<?>,index=21>
VW,context=Main#main:1,zz=1
VD,method=Main#main:1 <name=w,type=int (id=7),value=<?>,index=20>
VW,context=Main#main:1,zz=2
VW,context=Main#main:1,zz=3
VD,method=Main#main:1 <name=zz,type=int (id=7),value=<?>,index=19>
VW,context=Main#main:1,yy=1
VW,context=Main#main:1,zz=0
VW,context=Main#main:1,zz=1
VW,context=Main#main:1,zz=2
VW,context=Main#main:1,zz=3
VD,method=Main#main:1 <name=zz,type=int (id=7),value=<?>,index=19>
VW,context=Main#main:1,yy=2
VW,context=Main#main:1,zz=0
VW,context=Main#main:1,zz=1
VW,context=Main#main:1,zz=2
VW,context=Main#main:1,zz=3
VD,method=Main#main:1 <name=zz,type=int (id=7),value=<?>,index=19>
VW,context=Main#main:1,yy=3
VW,context=Main#main:1,zz=0
VW,context=Main#main:1,w=1
VW,context=Main#main:1,k=0
VW,context=Main#main:1,ok=true
VW,context=Main#main:1,k=1
VD,method=Main#main:1 <name=ok,type=boolean (id=2),value=<?>,index=22>
VW,context=Main#main:1,ok=true
VW,context=Main#main:1,k=2
VD,method=Main#main:1 <name=ok,type=boolean (id=2),value=<?>,index=22>
VW,context=Main#main:1,ok=true
VW,context=Main#main:1,l=1
VW,context=Main#main:1,l=2
VW,context=Main#main:1,ok=false
VD,method=Main#main:1 <name=l,type=int (id=7),value=<?>,index=23>
VW,context=Main#main:1,k=3
VD,method=Main#main:1 <name=ok,type=boolean (id=2),value=<?>,index=22>
VW,context=Main#main:1,ok=true
VW,context=Main#main:1,k=4
VD,method=Main#main:1 <name=ok,type=boolean (id=2),value=<?>,index=22>
VW,context=Main#main:1,ok=true
VW,context=Main#main:1,k=5
VD,method=Main#main:1 <name=ok,type=boolean (id=2),value=<?>,index=22>
VW,context=Main#main:1,ok=true
VW,context=Main#main:1,k=6
VD,method=Main#main:1 <name=ok,type=boolean (id=2),value=<?>,index=22>
VW,context=Main#main:1,ok=true
VW,context=Main#main:1,k=7
VD,method=Main#main:1 <name=ok,type=boolean (id=2),value=<?>,index=22>
VW,context=Main#main:1,ok=true
VW,context=Main#main:1,k=8
VD,method=Main#main:1 <name=ok,type=boolean (id=2),value=<?>,index=22>
VW,context=Main#main:1,ok=true
VW,context=Main#main:1,k=9
VD,method=Main#main:1 <name=ok,type=boolean (id=2),value=<?>,index=22>
VW,context=Main#main:1,ok=true
VW,context=Main#main:1,k=10
VD,method=Main#main:1 <name=ok,type=boolean (id=2),value=<?>,index=22>
VW,context=Main#main:1,ok=true
VW,context=Main#main:1,k=11
VD,method=Main#main:1 <name=ok,type=boolean (id=2),value=<?>,index=22>
VW,context=Main#main:1,ok=true
VW,context=Main#main:1,k=12
VD,method=Main#main:1 <name=ok,type=boolean (id=2),value=<?>,index=22>
VW,context=Main#main:1,ok=true
VD,method=Main#main:1 <name=ok,type=boolean (id=2),value=<?>,index=22>
VD,method=Main#main:1 <name=k,type=int (id=7),value=<?>,index=21>
VW,context=Main#main:1,zz=1
VD,method=Main#main:1 <name=w,type=int (id=7),value=<?>,index=20>
VW,context=Main#main:1,w=1
VW,context=Main#main:1,k=0
VW,context=Main#main:1,ok=true
VW,context=Main#main:1,k=1
VD,method=Main#main:1 <name=ok,type=boolean (id=2),value=<?>,index=22>
VW,context=Main#main:1,ok=true
VW,context=Main#main:1,k=2
VD,method=Main#main:1 <name=ok,type=boolean (id=2),value=<?>,index=22>
VW,context=Main#main:1,ok=true
VW,context=Main#main:1,l=1
VW,context=Main#main:1,ok=false
VD,method=Main#main:1 <name=l,type=int (id=7),value=<?>,index=23>
VW,context=Main#main:1,k=3
VD,method=Main#main:1 <name=ok,type=boolean (id=2),value=<?>,index=22>
VW,context=Main#main:1,ok=true
VW,context=Main#main:1,k=4
VD,method=Main#main:1 <name=ok,type=boolean (id=2),value=<?>,index=22>
VW,context=Main#main:1,ok=true
VW,context=Main#main:1,k=5
VD,method=Main#main:1 <name=ok,type=boolean (id=2),value=<?>,index=22>
VW,context=Main#main:1,ok=true
VW,context=Main#main:1,k=6
VD,method=Main#main:1 <name=ok,type=boolean (id=2),value=<?>,index=22>
VW,context=Main#main:1,ok=true
VW,context=Main#main:1,k=7
VD,method=Main#main:1 <name=ok,type=boolean (id=2),value=<?>,index=22>
VW,context=Main#main:1,ok=true
VW,context=Main#main:1,k=8
VD,method=Main#main:1 <name=ok,type=boolean (id=2),value=<?>,index=22>
VW,context=Main#main:1,ok=true
VW,context=Main#main:1,k=9
VD,method=Main#main:1 <name=ok,type=boolean (id=2),value=<?>,index=22>
VW,context=Main#main:1,ok=true
VW,context=Main#main:1,k=10
VD,method=Main#main:1 <name=ok,type=boolean (id=2),value=<?>,index=22>
VW,context=Main#main:1,ok=true
VW,context=Main#main:1,k=11
VD,method=Main#main:1 <name=ok,type=boolean (id=2),value=<?>,index=22>
VW,context=Main#main:1,ok=true
VW,context=Main#main:1,k=12
VD,method=Main#main:1 <name=ok,type=boolean (id=2),value=<?>,index=22>
VW,context=Main#main:1,ok=true
VD,method=Main#main:1 <name=ok,type=boolean (id=2),value=<?>,index=22>
VD,method=Main#main:1 <name=k,type=int (id=7),value=<?>,index=21>
VW,context=Main#main:1,zz=2
VD,method=Main#main:1 <name=w,type=int (id=7),value=<?>,index=20>
VW,context=Main#main:1,w=2
VW,context=Main#main:1,k=0
VW,context=Main#main:1,ok=true
VW,context=Main#main:1,k=1
VD,method=Main#main:1 <name=ok,type=boolean (id=2),value=<?>,index=22>
VW,context=Main#main:1,ok=true
VW,context=Main#main:1,k=2
VD,method=Main#main:1 <name=ok,type=boolean (id=2),value=<?>,index=22>
VW,context=Main#main:1,ok=true
VW,context=Main#main:1,k=3
VD,method=Main#main:1 <name=ok,type=boolean (id=2),value=<?>,index=22>
VW,context=Main#main:1,ok=true
VW,context=Main#main:1,k=4
VD,method=Main#main:1 <name=ok,type=boolean (id=2),value=<?>,index=22>
VW,context=Main#main:1,ok=true
VW,context=Main#main:1,k=5
VD,method=Main#main:1 <name=ok,type=boolean (id=2),value=<?>,index=22>
VW,context=Main#main:1,ok=true
VW,context=Main#main:1,k=6
VD,method=Main#main:1 <name=ok,type=boolean (id=2),value=<?>,index=22>
VW,context=Main#main:1,ok=true
VW,context=Main#main:1,k=7
VD,method=Main#main:1 <name=ok,type=boolean (id=2),value=<?>,index=22>
VW,context=Main#main:1,ok=true
VW,context=Main#main:1,k=8
VD,method=Main#main:1 <name=ok,type=boolean (id=2),value=<?>,index=22>
VW,context=Main#main:1,ok=true
VW,context=Main#main:1,k=9
VD,method=Main#main:1 <name=ok,type=boolean (id=2),value=<?>,index=22>
VW,context=Main#main:1,ok=true
VW,context=Main#main:1,k=10
VD,method=Main#main:1 <name=ok,type=boolean (id=2),value=<?>,index=22>
VW,context=Main#main:1,ok=true
VW,context=Main#main:1,k=11
VD,method=Main#main:1 <name=ok,type=boolean (id=2),value=<?>,index=22>
VW,context=Main#main:1,ok=true
VW,context=Main#main:1,k=12
VD,method=Main#main:1 <name=ok,type=boolean (id=2),value=<?>,index=22>
VW,context=Main#main:1,ok=true
VD,method=Main#main:1 <name=ok,type=boolean (id=2),value=<?>,index=22>
VD,method=Main#main:1 <name=k,type=int (id=7),value=<?>,index=21>
VW,context=Main#main:1,zz=3
VD,method=Main#main:1 <name=w,type=int (id=7),value=<?>,index=20>
VW,context=Main#main:1,w=1
VW,context=Main#main:1,k=0
VW,context=Main#main:1,ok=true
VW,context=Main#main:1,k=1
VD,method=Main#main:1 <name=ok,type=boolean (id=2),value=<?>,index=22>
VW,context=Main#main:1,ok=true
VW,context=Main#main:1,k=2
VD,method=Main#main:1 <name=ok,type=boolean (id=2),value=<?>,index=22>
VW,context=Main#main:1,ok=true
VW,context=Main#main:1,k=3
VD,method=Main#main:1 <name=ok,type=boolean (id=2),value=<?>,index=22>
VW,context=Main#main:1,ok=true
VW,context=Main#main:1,k=4
VD,method=Main#main:1 <name=ok,type=boolean (id=2),value=<?>,index=22>
VW,context=Main#main:1,ok=true
VW,context=Main#main:1,k=5
VD,method=Main#main:1 <name=ok,type=boolean (id=2),value=<?>,index=22>
VW,context=Main#main:1,ok=true
VW,context=Main#main:1,k=6
VD,method=Main#main:1 <name=ok,type=boolean (id=2),value=<?>,index=22>
VW,context=Main#main:1,ok=true
VW,context=Main#main:1,k=7
VD,method=Main#main:1 <name=ok,type=boolean (id=2),value=<?>,index=22>
VW,context=Main#main:1,ok=true
VW,context=Main#main:1,k=8
VD,method=Main#main:1 <name=ok,type=boolean (id=2),value=<?>,index=22>
VW,context=Main#main:1,ok=true
VW,context=Main#main:1,k=9
VD,method=Main#main:1 <name=ok,type=boolean (id=2),value=<?>,index=22>
VW,context=Main#main:1,ok=true
VW,context=Main#main:1,k=10
VD,method=Main#main:1 <name=ok,type=boolean (id=2),value=<?>,index=22>
VW,context=Main#main:1,ok=true
VW,context=Main#main:1,k=11
VD,method=Main#main:1 <name=ok,type=boolean (id=2),value=<?>,index=22>
VW,context=Main#main:1,ok=true
VW,context=Main#main:1,k=12
VD,method=Main#main:1 <name=ok,type=boolean (id=2),value=<?>,index=22>
VW,context=Main#main:1,ok=true
VD,method=Main#main:1 <name=ok,type=boolean (id=2),value=<?>,index=22>
VD,method=Main#main:1 <name=k,type=int (id=7),value=<?>,index=21>
VD,method=Main#main:1 <name=w,type=int (id=7),value=<?>,index=20>
VD,method=Main#main:1 <name=zz,type=int (id=7),value=<?>,index=19>
VD,method=Main#main:1 <name=yy,type=int (id=7),value=<?>,index=18>
VD,method=Main#main:1 <name=xx,type=int (id=7),value=<?>,index=17>
VW,context=Main#main:1,now=1
VW,context=Main#main:1,i=14
VW,context=Main#main:1,j=0
VW,context=Main#main:1,j=1
VW,context=Main#main:1,map=int[][][]:3
VD,method=Main#main:1 <name=j,type=int (id=7),value=<?>,index=16>
VW,context=Main#main:1,xx=0
VW,context=Main#main:1,yy=0
VW,context=Main#main:1,zz=0
VW,context=Main#main:1,w=1
VW,context=Main#main:1,k=0
VW,context=Main#main:1,ok=true
VW,context=Main#main:1,l=1
VW,context=Main#main:1,ok=false
VD,method=Main#main:1 <name=l,type=int (id=7),value=<?>,index=23>
VW,context=Main#main:1,k=1
VD,method=Main#main:1 <name=ok,type=boolean (id=2),value=<?>,index=22>
VW,context=Main#main:1,ok=true
VW,context=Main#main:1,l=1
VW,context=Main#main:1,ok=false
VD,method=Main#main:1 <name=l,type=int (id=7),value=<?>,index=23>
VW,context=Main#main:1,k=2
VD,method=Main#main:1 <name=ok,type=boolean (id=2),value=<?>,index=22>
VW,context=Main#main:1,ok=true
VW,context=Main#main:1,l=1
VW,context=Main#main:1,l=2
VW,context=Main#main:1,ok=false
VD,method=Main#main:1 <name=l,type=int (id=7),value=<?>,index=23>
VW,context=Main#main:1,k=3
VD,method=Main#main:1 <name=ok,type=boolean (id=2),value=<?>,index=22>
VW,context=Main#main:1,ok=true
VW,context=Main#main:1,l=1
VW,context=Main#main:1,ok=false
VD,method=Main#main:1 <name=l,type=int (id=7),value=<?>,index=23>
VW,context=Main#main:1,k=4
VD,method=Main#main:1 <name=ok,type=boolean (id=2),value=<?>,index=22>
VW,context=Main#main:1,ok=true
VW,context=Main#main:1,l=1
VW,context=Main#main:1,ok=false
VD,method=Main#main:1 <name=l,type=int (id=7),value=<?>,index=23>
VW,context=Main#main:1,k=5
VD,method=Main#main:1 <name=ok,type=boolean (id=2),value=<?>,index=22>
VW,context=Main#main:1,ok=true
VW,context=Main#main:1,l=1
VW,context=Main#main:1,ok=false
VD,method=Main#main:1 <name=l,type=int (id=7),value=<?>,index=23>
VW,context=Main#main:1,k=6
VD,method=Main#main:1 <name=ok,type=boolean (id=2),value=<?>,index=22>
VW,context=Main#main:1,ok=true
VW,context=Main#main:1,l=1
VW,context=Main#main:1,l=2
VD,method=Main#main:1 <name=l,type=int (id=7),value=<?>,index=23>
VW,context=Main#main:1,ans=1
VW,context=Main#main:1,count=15
VD,method=Main#main:1 <name=k,type=int (id=7),value=<?>,index=21>
VD,method=Main#main:1 <name=ok,type=boolean (id=2),value=<?>,index=22>
VD,method=Main#main:1 <name=zz,type=int (id=7),value=<?>,index=19>
VD,method=Main#main:1 <name=w,type=int (id=7),value=<?>,index=20>
VD,method=Main#main:1 <name=yy,type=int (id=7),value=<?>,index=18>
VD,method=Main#main:1 <name=xx,type=int (id=7),value=<?>,index=17>
VD,method=Main#main:1 <name=i,type=int (id=7),value=<?>,index=15>
FR,context=Main,out
FR,context=Main,out
VD,method=Main#main:1 <name=n,type=int (id=7),value=<?>,index=1>
VD,method=Main#main:1 <name=m,type=int (id=7),value=<?>,index=2>
VD,method=Main#main:1 <name=p,type=int (id=7),value=<?>,index=3>
VD,method=Main#main:1 <name=map,type=int[][][] (id=106),value=<?>,index=4>
VD,method=Main#main:1 <name=dx,type=int[] (id=77),value=<?>,index=5>
VD,method=Main#main:1 <name=dy,type=int[] (id=77),value=<?>,index=6>
VD,method=Main#main:1 <name=dz,type=int[] (id=77),value=<?>,index=7>
VD,method=Main#main:1 <name=x,type=int[] (id=77),value=<?>,index=8>
VD,method=Main#main:1 <name=y,type=int[] (id=77),value=<?>,index=9>
VD,method=Main#main:1 <name=ans,type=int (id=7),value=<?>,index=10>
VD,method=Main#main:1 <name=count,type=int (id=7),value=<?>,index=11>
VD,method=Main#main:1 <name=now,type=int (id=7),value=<?>,index=13>
VD,method=Main#main:1 <name=flag,type=boolean (id=2),value=<?>,index=14>
FR,context=Main,sc
MC,caller=Main#main:1,target=Reader:1#nextInt:60
MC,caller=Reader:1#nextInt:60,target=Reader:1#nextLong:60
MC,caller=Reader:1#nextLong:60,target=Reader:1#hasNext:60
MC,caller=Reader:1#hasNext:60,target=Reader:1#skip:60
MC,caller=Reader:1#skip:60,target=Reader:1#hasNextByte:265
FR,context=Reader:1,ptr
FR,context=Reader:1,buflen
VW,context=Reader:1#hasNextByte:265,result=true
ME,returner=Reader:1#hasNextByte:265,value=true
FR,context=Reader:1,buf
FR,context=Reader:1,ptr
MC,caller=Reader:1#skip:60,target=Reader:1#isPrintableChar:146
VW,context=Reader:1#isPrintableChar:146,c=10
VW,context=Reader:1#isPrintableChar:146,result=false
ME,returner=Reader:1#isPrintableChar:146,value=false
FR,context=Reader:1,ptr
FW,context=Reader:1,ptr=147
MC,caller=Reader:1#skip:60,target=Reader:1#hasNextByte:266
FR,context=Reader:1,ptr
FR,context=Reader:1,buflen
VW,context=Reader:1#hasNextByte:266,result=true
ME,returner=Reader:1#hasNextByte:266,value=true
FR,context=Reader:1,buf
FR,context=Reader:1,ptr
MC,caller=Reader:1#skip:60,target=Reader:1#isPrintableChar:147
VW,context=Reader:1#isPrintableChar:147,c=48
VW,context=Reader:1#isPrintableChar:147,result=true
ME,returner=Reader:1#isPrintableChar:147,value=true
ME,returner=Reader:1#skip:60,value=<void>
MC,caller=Reader:1#hasNext:60,target=Reader:1#hasNextByte:267
FR,context=Reader:1,ptr
FR,context=Reader:1,buflen
VW,context=Reader:1#hasNextByte:267,result=true
ME,returner=Reader:1#hasNextByte:267,value=true
VW,context=Reader:1#hasNext:60,result=true
ME,returner=Reader:1#hasNext:60,value=true
VW,context=Reader:1#nextLong:60,minus=false
MC,caller=Reader:1#nextLong:60,target=Reader:1#readByte:120
MC,caller=Reader:1#readByte:120,target=Reader:1#hasNextByte:268
FR,context=Reader:1,ptr
FR,context=Reader:1,buflen
VW,context=Reader:1#hasNextByte:268,result=true
ME,returner=Reader:1#hasNextByte:268,value=true
FR,context=Reader:1,buf
FR,context=Reader:1,ptr
FW,context=Reader:1,ptr=148
VW,context=Reader:1#readByte:120,result=48
ME,returner=Reader:1#readByte:120,value=48
VW,context=Reader:1#nextLong:60,num=48
VW,context=Reader:1#nextLong:60,num=0
MC,caller=Reader:1#nextLong:60,target=Reader:1#readByte:121
MC,caller=Reader:1#readByte:121,target=Reader:1#hasNextByte:269
FR,context=Reader:1,ptr
FR,context=Reader:1,buflen
VW,context=Reader:1#hasNextByte:269,result=true
ME,returner=Reader:1#hasNextByte:269,value=true
FR,context=Reader:1,buf
FR,context=Reader:1,ptr
FW,context=Reader:1,ptr=149
VW,context=Reader:1#readByte:121,result=32
ME,returner=Reader:1#readByte:121,value=32
VW,context=Reader:1#nextLong:60,b=32
MC,caller=Reader:1#nextLong:60,target=Reader:1#isPrintableChar:148
VW,context=Reader:1#isPrintableChar:148,c=32
VW,context=Reader:1#isPrintableChar:148,result=false
ME,returner=Reader:1#isPrintableChar:148,value=false
VW,context=Reader:1#nextLong:60,result=0
ME,returner=Reader:1#nextLong:60,value=0
VW,context=Reader:1#nextInt:60,num=0
VW,context=Reader:1#nextInt:60,result=0
ME,returner=Reader:1#nextInt:60,value=0
VW,context=Main#main:1,n=0
FR,context=Main,sc
MC,caller=Main#main:1,target=Reader:1#nextInt:61
MC,caller=Reader:1#nextInt:61,target=Reader:1#nextLong:61
MC,caller=Reader:1#nextLong:61,target=Reader:1#hasNext:61
MC,caller=Reader:1#hasNext:61,target=Reader:1#skip:61
MC,caller=Reader:1#skip:61,target=Reader:1#hasNextByte:270
FR,context=Reader:1,ptr
FR,context=Reader:1,buflen
VW,context=Reader:1#hasNextByte:270,result=true
ME,returner=Reader:1#hasNextByte:270,value=true
FR,context=Reader:1,buf
FR,context=Reader:1,ptr
MC,caller=Reader:1#skip:61,target=Reader:1#isPrintableChar:149
VW,context=Reader:1#isPrintableChar:149,c=48
VW,context=Reader:1#isPrintableChar:149,result=true
ME,returner=Reader:1#isPrintableChar:149,value=true
ME,returner=Reader:1#skip:61,value=<void>
MC,caller=Reader:1#hasNext:61,target=Reader:1#hasNextByte:271
FR,context=Reader:1,ptr
FR,context=Reader:1,buflen
VW,context=Reader:1#hasNextByte:271,result=true
ME,returner=Reader:1#hasNextByte:271,value=true
VW,context=Reader:1#hasNext:61,result=true
ME,returner=Reader:1#hasNext:61,value=true
VW,context=Reader:1#nextLong:61,minus=false
MC,caller=Reader:1#nextLong:61,target=Reader:1#readByte:122
MC,caller=Reader:1#readByte:122,target=Reader:1#hasNextByte:272
FR,context=Reader:1,ptr
FR,context=Reader:1,buflen
VW,context=Reader:1#hasNextByte:272,result=true
ME,returner=Reader:1#hasNextByte:272,value=true
FR,context=Reader:1,buf
FR,context=Reader:1,ptr
FW,context=Reader:1,ptr=150
VW,context=Reader:1#readByte:122,result=48
ME,returner=Reader:1#readByte:122,value=48
VW,context=Reader:1#nextLong:61,num=48
VW,context=Reader:1#nextLong:61,num=0
MC,caller=Reader:1#nextLong:61,target=Reader:1#readByte:123
MC,caller=Reader:1#readByte:123,target=Reader:1#hasNextByte:273
FR,context=Reader:1,ptr
FR,context=Reader:1,buflen
VW,context=Reader:1#hasNextByte:273,result=true
ME,returner=Reader:1#hasNextByte:273,value=true
FR,context=Reader:1,buf
FR,context=Reader:1,ptr
FW,context=Reader:1,ptr=151
VW,context=Reader:1#readByte:123,result=32
ME,returner=Reader:1#readByte:123,value=32
VW,context=Reader:1#nextLong:61,b=32
MC,caller=Reader:1#nextLong:61,target=Reader:1#isPrintableChar:150
VW,context=Reader:1#isPrintableChar:150,c=32
VW,context=Reader:1#isPrintableChar:150,result=false
ME,returner=Reader:1#isPrintableChar:150,value=false
VW,context=Reader:1#nextLong:61,result=0
ME,returner=Reader:1#nextLong:61,value=0
VW,context=Reader:1#nextInt:61,num=0
VW,context=Reader:1#nextInt:61,result=0
ME,returner=Reader:1#nextInt:61,value=0
VW,context=Main#main:1,m=0
FR,context=Main,sc
MC,caller=Main#main:1,target=Reader:1#nextInt:62
MC,caller=Reader:1#nextInt:62,target=Reader:1#nextLong:62
MC,caller=Reader:1#nextLong:62,target=Reader:1#hasNext:62
MC,caller=Reader:1#hasNext:62,target=Reader:1#skip:62
MC,caller=Reader:1#skip:62,target=Reader:1#hasNextByte:274
FR,context=Reader:1,ptr
FR,context=Reader:1,buflen
VW,context=Reader:1#hasNextByte:274,result=true
ME,returner=Reader:1#hasNextByte:274,value=true
FR,context=Reader:1,buf
FR,context=Reader:1,ptr
MC,caller=Reader:1#skip:62,target=Reader:1#isPrintableChar:151
VW,context=Reader:1#isPrintableChar:151,c=48
VW,context=Reader:1#isPrintableChar:151,result=true
ME,returner=Reader:1#isPrintableChar:151,value=true
ME,returner=Reader:1#skip:62,value=<void>
MC,caller=Reader:1#hasNext:62,target=Reader:1#hasNextByte:275
FR,context=Reader:1,ptr
FR,context=Reader:1,buflen
VW,context=Reader:1#hasNextByte:275,result=true
ME,returner=Reader:1#hasNextByte:275,value=true
VW,context=Reader:1#hasNext:62,result=true
ME,returner=Reader:1#hasNext:62,value=true
VW,context=Reader:1#nextLong:62,minus=false
MC,caller=Reader:1#nextLong:62,target=Reader:1#readByte:124
MC,caller=Reader:1#readByte:124,target=Reader:1#hasNextByte:276
FR,context=Reader:1,ptr
FR,context=Reader:1,buflen
VW,context=Reader:1#hasNextByte:276,result=true
ME,returner=Reader:1#hasNextByte:276,value=true
FR,context=Reader:1,buf
FR,context=Reader:1,ptr
FW,context=Reader:1,ptr=152
VW,context=Reader:1#readByte:124,result=48
ME,returner=Reader:1#readByte:124,value=48
VW,context=Reader:1#nextLong:62,num=48
VW,context=Reader:1#nextLong:62,num=0
MC,caller=Reader:1#nextLong:62,target=Reader:1#readByte:125
MC,caller=Reader:1#readByte:125,target=Reader:1#hasNextByte:277
FR,context=Reader:1,ptr
FR,context=Reader:1,buflen
VW,context=Reader:1#hasNextByte:277,result=true
ME,returner=Reader:1#hasNextByte:277,value=true
FR,context=Reader:1,buf
FR,context=Reader:1,ptr
FW,context=Reader:1,ptr=153
VW,context=Reader:1#readByte:125,result=13
ME,returner=Reader:1#readByte:125,value=13
VW,context=Reader:1#nextLong:62,b=13
MC,caller=Reader:1#nextLong:62,target=Reader:1#isPrintableChar:152
VW,context=Reader:1#isPrintableChar:152,c=13
VW,context=Reader:1#isPrintableChar:152,result=false
ME,returner=Reader:1#isPrintableChar:152,value=false
VW,context=Reader:1#nextLong:62,result=0
ME,returner=Reader:1#nextLong:62,value=0
VW,context=Reader:1#nextInt:62,num=0
VW,context=Reader:1#nextInt:62,result=0
ME,returner=Reader:1#nextInt:62,value=0
VW,context=Main#main:1,p=0
FR,context=Main,sc
MC,caller=Main#main:1,target=Reader:1#close:1
FR,context=Reader:1,in
ME,returner=Reader:1#close:1,value=<void>
FR,context=Main,out
VD,method=Main#main:1 <name=n,type=int (id=7),value=<?>,index=1>
VD,method=Main#main:1 <name=m,type=int (id=7),value=<?>,index=2>
VD,method=Main#main:1 <name=p,type=int (id=7),value=<?>,index=3>
ME,returner=Main#main:1,value=<void>
TE,
