TS,main (1)
MC,caller=SYSTEM,target=Main#main:1
NO,object=java.lang.String[]:1
VW,context=Main#main:1,args=java.lang.String[]:1
NO,object=Main:1
MC,caller=Main#main:1,target=Main:1#Main:1
FW,context=Main:1,c=int[][50] (id=344)
NO,object=Main$P:1
MC,caller=Main:1#Main:1,target=Main$P:1#Main$P:1
VW,context=Main$P:1#Main$P:1,a=0
VW,context=Main$P:1#Main$P:1,b=null
FW,context=Main$P:1,d=0
FW,context=Main$P:1,p=null
ME,returner=Main$P:1#Main$P:1,value=<void>
FW,context=Main:1,z=Main$P:1
FW,context=Main:1,kq=java.util.PriorityQueue (id=349)
FW,context=Main:1,INF=500000
FW,context=Main:1,d=Main$P[50] (id=352)
FW,context=Main:1,q=java.util.PriorityQueue (id=354)
FW,context=Main:1,sc=java.util.Scanner (id=376)
ME,returner=Main:1#Main:1,value=<void>
VW,context=Main#main:1,m=Main:1
MC,caller=Main#main:1,target=Main:1#run:1
FR,context=Main:1,sc
FW,context=Main:1,n=5
FR,context=Main:1,sc
FW,context=Main:1,m=20
FR,context=Main:1,sc
FW,context=Main:1,k=10
FR,context=Main:1,sc
FW,context=Main:1,a=1
FR,context=Main:1,sc
FW,context=Main:1,b=5
FR,context=Main:1,n
FR,context=Main:1,m
FR,context=Main:1,k
FR,context=Main:1,a
FW,context=Main:1,a=0
FR,context=Main:1,b
FW,context=Main:1,b=4
FR,context=Main:1,n
FR,context=Main:1,c
FR,context=Main:1,n
FR,context=Main:1,INF
FR,context=Main:1,n
FR,context=Main:1,c
FR,context=Main:1,n
FR,context=Main:1,INF
FR,context=Main:1,n
FR,context=Main:1,c
FR,context=Main:1,n
FR,context=Main:1,INF
FR,context=Main:1,n
FR,context=Main:1,c
FR,context=Main:1,n
FR,context=Main:1,INF
FR,context=Main:1,n
FR,context=Main:1,c
FR,context=Main:1,n
FR,context=Main:1,INF
FR,context=Main:1,n
FR,context=Main:1,m
VW,context=Main:1#run:1,i=0
FR,context=Main:1,sc
VW,context=Main:1#run:1,x=0
FR,context=Main:1,sc
VW,context=Main:1#run:1,y=1
FR,context=Main:1,c
FR,context=Main:1,sc
FR,context=Main:1,m
VW,context=Main:1#run:1,i=1
VD,method=Main:1#run:1 <name=x,type=int (id=7),value=<?>,index=2>
VD,method=Main:1#run:1 <name=y,type=int (id=7),value=<?>,index=3>
FR,context=Main:1,sc
VW,context=Main:1#run:1,x=0
FR,context=Main:1,sc
VW,context=Main:1#run:1,y=2
FR,context=Main:1,c
FR,context=Main:1,sc
FR,context=Main:1,m
VW,context=Main:1#run:1,i=2
VD,method=Main:1#run:1 <name=x,type=int (id=7),value=<?>,index=2>
VD,method=Main:1#run:1 <name=y,type=int (id=7),value=<?>,index=3>
FR,context=Main:1,sc
VW,context=Main:1#run:1,x=0
FR,context=Main:1,sc
VW,context=Main:1#run:1,y=3
FR,context=Main:1,c
FR,context=Main:1,sc
FR,context=Main:1,m
VW,context=Main:1#run:1,i=3
VD,method=Main:1#run:1 <name=x,type=int (id=7),value=<?>,index=2>
VD,method=Main:1#run:1 <name=y,type=int (id=7),value=<?>,index=3>
FR,context=Main:1,sc
VW,context=Main:1#run:1,x=0
FR,context=Main:1,sc
VW,context=Main:1#run:1,y=4
FR,context=Main:1,c
FR,context=Main:1,sc
FR,context=Main:1,m
VW,context=Main:1#run:1,i=4
VD,method=Main:1#run:1 <name=x,type=int (id=7),value=<?>,index=2>
VD,method=Main:1#run:1 <name=y,type=int (id=7),value=<?>,index=3>
FR,context=Main:1,sc
VW,context=Main:1#run:1,x=1
FR,context=Main:1,sc
VW,context=Main:1#run:1,y=0
FR,context=Main:1,c
FR,context=Main:1,sc
FR,context=Main:1,m
VW,context=Main:1#run:1,i=5
VD,method=Main:1#run:1 <name=x,type=int (id=7),value=<?>,index=2>
VD,method=Main:1#run:1 <name=y,type=int (id=7),value=<?>,index=3>
FR,context=Main:1,sc
VW,context=Main:1#run:1,x=1
FR,context=Main:1,sc
VW,context=Main:1#run:1,y=2
FR,context=Main:1,c
FR,context=Main:1,sc
FR,context=Main:1,m
VW,context=Main:1#run:1,i=6
VD,method=Main:1#run:1 <name=x,type=int (id=7),value=<?>,index=2>
VD,method=Main:1#run:1 <name=y,type=int (id=7),value=<?>,index=3>
FR,context=Main:1,sc
VW,context=Main:1#run:1,x=1
FR,context=Main:1,sc
VW,context=Main:1#run:1,y=3
FR,context=Main:1,c
FR,context=Main:1,sc
FR,context=Main:1,m
VW,context=Main:1#run:1,i=7
VD,method=Main:1#run:1 <name=x,type=int (id=7),value=<?>,index=2>
VD,method=Main:1#run:1 <name=y,type=int (id=7),value=<?>,index=3>
FR,context=Main:1,sc
VW,context=Main:1#run:1,x=1
FR,context=Main:1,sc
VW,context=Main:1#run:1,y=4
FR,context=Main:1,c
FR,context=Main:1,sc
FR,context=Main:1,m
VW,context=Main:1#run:1,i=8
VD,method=Main:1#run:1 <name=x,type=int (id=7),value=<?>,index=2>
VD,method=Main:1#run:1 <name=y,type=int (id=7),value=<?>,index=3>
FR,context=Main:1,sc
VW,context=Main:1#run:1,x=2
FR,context=Main:1,sc
VW,context=Main:1#run:1,y=0
FR,context=Main:1,c
FR,context=Main:1,sc
FR,context=Main:1,m
VW,context=Main:1#run:1,i=9
VD,method=Main:1#run:1 <name=x,type=int (id=7),value=<?>,index=2>
VD,method=Main:1#run:1 <name=y,type=int (id=7),value=<?>,index=3>
FR,context=Main:1,sc
VW,context=Main:1#run:1,x=2
FR,context=Main:1,sc
VW,context=Main:1#run:1,y=1
FR,context=Main:1,c
FR,context=Main:1,sc
FR,context=Main:1,m
VW,context=Main:1#run:1,i=10
VD,method=Main:1#run:1 <name=x,type=int (id=7),value=<?>,index=2>
VD,method=Main:1#run:1 <name=y,type=int (id=7),value=<?>,index=3>
FR,context=Main:1,sc
VW,context=Main:1#run:1,x=2
FR,context=Main:1,sc
VW,context=Main:1#run:1,y=3
FR,context=Main:1,c
FR,context=Main:1,sc
FR,context=Main:1,m
VW,context=Main:1#run:1,i=11
VD,method=Main:1#run:1 <name=x,type=int (id=7),value=<?>,index=2>
VD,method=Main:1#run:1 <name=y,type=int (id=7),value=<?>,index=3>
FR,context=Main:1,sc
VW,context=Main:1#run:1,x=2
FR,context=Main:1,sc
VW,context=Main:1#run:1,y=4
FR,context=Main:1,c
FR,context=Main:1,sc
FR,context=Main:1,m
VW,context=Main:1#run:1,i=12
VD,method=Main:1#run:1 <name=x,type=int (id=7),value=<?>,index=2>
VD,method=Main:1#run:1 <name=y,type=int (id=7),value=<?>,index=3>
FR,context=Main:1,sc
VW,context=Main:1#run:1,x=3
FR,context=Main:1,sc
VW,context=Main:1#run:1,y=0
FR,context=Main:1,c
FR,context=Main:1,sc
FR,context=Main:1,m
VW,context=Main:1#run:1,i=13
VD,method=Main:1#run:1 <name=x,type=int (id=7),value=<?>,index=2>
VD,method=Main:1#run:1 <name=y,type=int (id=7),value=<?>,index=3>
FR,context=Main:1,sc
VW,context=Main:1#run:1,x=3
FR,context=Main:1,sc
VW,context=Main:1#run:1,y=1
FR,context=Main:1,c
FR,context=Main:1,sc
FR,context=Main:1,m
VW,context=Main:1#run:1,i=14
VD,method=Main:1#run:1 <name=x,type=int (id=7),value=<?>,index=2>
VD,method=Main:1#run:1 <name=y,type=int (id=7),value=<?>,index=3>
FR,context=Main:1,sc
VW,context=Main:1#run:1,x=3
FR,context=Main:1,sc
VW,context=Main:1#run:1,y=2
FR,context=Main:1,c
FR,context=Main:1,sc
FR,context=Main:1,m
VW,context=Main:1#run:1,i=15
VD,method=Main:1#run:1 <name=x,type=int (id=7),value=<?>,index=2>
VD,method=Main:1#run:1 <name=y,type=int (id=7),value=<?>,index=3>
FR,context=Main:1,sc
VW,context=Main:1#run:1,x=3
FR,context=Main:1,sc
VW,context=Main:1#run:1,y=4
FR,context=Main:1,c
FR,context=Main:1,sc
FR,context=Main:1,m
VW,context=Main:1#run:1,i=16
VD,method=Main:1#run:1 <name=x,type=int (id=7),value=<?>,index=2>
VD,method=Main:1#run:1 <name=y,type=int (id=7),value=<?>,index=3>
FR,context=Main:1,sc
VW,context=Main:1#run:1,x=4
FR,context=Main:1,sc
VW,context=Main:1#run:1,y=0
FR,context=Main:1,c
FR,context=Main:1,sc
FR,context=Main:1,m
VW,context=Main:1#run:1,i=17
VD,method=Main:1#run:1 <name=x,type=int (id=7),value=<?>,index=2>
VD,method=Main:1#run:1 <name=y,type=int (id=7),value=<?>,index=3>
FR,context=Main:1,sc
VW,context=Main:1#run:1,x=4
FR,context=Main:1,sc
VW,context=Main:1#run:1,y=1
FR,context=Main:1,c
FR,context=Main:1,sc
FR,context=Main:1,m
VW,context=Main:1#run:1,i=18
VD,method=Main:1#run:1 <name=x,type=int (id=7),value=<?>,index=2>
VD,method=Main:1#run:1 <name=y,type=int (id=7),value=<?>,index=3>
FR,context=Main:1,sc
VW,context=Main:1#run:1,x=4
FR,context=Main:1,sc
VW,context=Main:1#run:1,y=2
FR,context=Main:1,c
FR,context=Main:1,sc
FR,context=Main:1,m
VW,context=Main:1#run:1,i=19
VD,method=Main:1#run:1 <name=x,type=int (id=7),value=<?>,index=2>
VD,method=Main:1#run:1 <name=y,type=int (id=7),value=<?>,index=3>
FR,context=Main:1,sc
VW,context=Main:1#run:1,x=4
FR,context=Main:1,sc
VW,context=Main:1#run:1,y=3
FR,context=Main:1,c
FR,context=Main:1,sc
FR,context=Main:1,m
VD,method=Main:1#run:1 <name=x,type=int (id=7),value=<?>,index=2>
VD,method=Main:1#run:1 <name=y,type=int (id=7),value=<?>,index=3>
MC,caller=Main:1#run:1,target=Main:1#kd:1
FR,context=Main:1,kq
FR,context=Main:1,n
VW,context=Main:1#kd:1,s=java.util.BitSet (id=377)
FR,context=Main:1,d
FR,context=Main:1,n
FR,context=Main:1,a
FR,context=Main:1,a
MC,caller=Main:1#kd:1,target=Main:1#d:1
VW,context=Main:1#d:1,s=java.util.BitSet (id=377)
VW,context=Main:1#d:1,a=0
VW,context=Main:1#d:1,od=0
NO,object=int[]:1
FW,context=int[]:1,0=0
VW,context=Main:1#d:1,op=int[]:1
FR,context=Main:1,q
FR,context=Main:1,d
NO,object=Main$P:2
MC,caller=Main:1#d:1,target=Main$P:2#Main$P:2
VW,context=Main$P:2#Main$P:2,a=0
VW,context=Main$P:2#Main$P:2,b=int[]:1
FW,context=Main$P:2,d=0
FW,context=Main$P:2,p=int[]:1
ME,returner=Main$P:2#Main$P:2,value=<void>
FR,context=Main:1,n
VW,context=Main:1#d:1,i=0
FR,context=Main:1,d
MC,caller=Main:1#d:1,target=Main:1#a:1
VW,context=Main:1#a:1,p=Main$P:2
VW,context=Main:1#a:1,f=0
VW,context=Main:1#a:1,t=0
FR,context=Main:1,c
FR,context=Main:1,INF
ME,returner=Main:1#a:1,value=<void>
FR,context=Main:1,n
VW,context=Main:1#d:1,i=1
FR,context=Main:1,d
MC,caller=Main:1#d:1,target=Main:1#a:2
VW,context=Main:1#a:2,p=Main$P:2
VW,context=Main:1#a:2,f=0
VW,context=Main:1#a:2,t=1
FR,context=Main:1,c
FR,context=Main:1,INF
FR,context=Main$P:2,d
FR,context=Main:1,c
FR,context=Main$P:2,p
FR,context=Main$P:2,p
NO,object=Main$P:3
MC,caller=Main:1#a:2,target=Main$P:3#Main$P:3
VW,context=Main$P:3#Main$P:3,a=1
NO,object=int[]:2
FW,context=int[]:2,0=0
FW,context=int[]:2,1=0
VW,context=Main$P:3#Main$P:3,b=int[]:2
FW,context=Main$P:3,d=1
FW,context=Main$P:3,p=int[]:2
ME,returner=Main$P:3#Main$P:3,value=<void>
VW,context=Main:1#a:2,np=Main$P:3
FR,context=Main$P:3,p
FR,context=Main$P:3,p
FR,context=Main:1,d
MC,caller=Main:1#a:2,target=Main$P:3#compareTo:1
VW,context=Main$P:3#compareTo:1,t=null
VW,context=Main$P:3#compareTo:1,result=-1
ME,returner=Main$P:3#compareTo:1,value=-1
FR,context=Main:1,d
FR,context=Main:1,q
FR,context=Main:1,d
ME,returner=Main:1#a:2,value=<void>
FR,context=Main:1,n
VW,context=Main:1#d:1,i=2
FR,context=Main:1,d
MC,caller=Main:1#d:1,target=Main:1#a:3
VW,context=Main:1#a:3,p=Main$P:2
VW,context=Main:1#a:3,f=0
VW,context=Main:1#a:3,t=2
FR,context=Main:1,c
FR,context=Main:1,INF
FR,context=Main$P:2,d
FR,context=Main:1,c
FR,context=Main$P:2,p
FR,context=Main$P:2,p
NO,object=Main$P:4
MC,caller=Main:1#a:3,target=Main$P:4#Main$P:4
VW,context=Main$P:4#Main$P:4,a=2
NO,object=int[]:3
FW,context=int[]:3,0=0
FW,context=int[]:3,1=0
VW,context=Main$P:4#Main$P:4,b=int[]:3
FW,context=Main$P:4,d=2
FW,context=Main$P:4,p=int[]:3
ME,returner=Main$P:4#Main$P:4,value=<void>
VW,context=Main:1#a:3,np=Main$P:4
FR,context=Main$P:4,p
FR,context=Main$P:4,p
FR,context=Main:1,d
MC,caller=Main:1#a:3,target=Main$P:4#compareTo:2
VW,context=Main$P:4#compareTo:2,t=null
VW,context=Main$P:4#compareTo:2,result=-1
ME,returner=Main$P:4#compareTo:2,value=-1
FR,context=Main:1,d
FR,context=Main:1,q
FR,context=Main:1,d
MC,caller=Main:1#a:3,target=Ljava/util/PriorityQueue;.add(Ljava/lang/Object;)
MC,caller=Ljava/util/PriorityQueue;.add(Ljava/lang/Object;),target=Ljava/util/PriorityQueue;.add(Ljava/lang/Object;)
MC,caller=Ljava/util/PriorityQueue;.add(Ljava/lang/Object;),target=Ljava/util/PriorityQueue;.offer(Ljava/lang/Object;)
MC,caller=Ljava/util/PriorityQueue;.offer(Ljava/lang/Object;),target=Ljava/util/PriorityQueue;.siftUp(ILjava/lang/Object;)
MC,caller=Ljava/util/PriorityQueue;.siftUp(ILjava/lang/Object;),target=Ljava/util/PriorityQueue;.siftUpComparable(ILjava/lang/Object;)
ME,returner=Ljava/util/PriorityQueue;.siftUpComparable(ILjava/lang/Object;),value=<void>
ME,returner=Ljava/util/PriorityQueue;.siftUp(ILjava/lang/Object;),value=<void>
ME,returner=Ljava/util/PriorityQueue;.offer(Ljava/lang/Object;),value=<void>
ME,returner=Ljava/util/PriorityQueue;.add(Ljava/lang/Object;),value=<void>
MC,caller=Ljava/util/PriorityQueue;.add(Ljava/lang/Object;),target=Ljava/util/PriorityQueue;.siftUp(ILjava/lang/Object;)
MC,caller=Ljava/util/PriorityQueue;.siftUp(ILjava/lang/Object;),target=Ljava/util/PriorityQueue;.siftUp(ILjava/lang/Object;)
MC,caller=Ljava/util/PriorityQueue;.siftUp(ILjava/lang/Object;),target=Ljava/util/PriorityQueue;.siftUpComparable(ILjava/lang/Object;)
MC,caller=Ljava/util/PriorityQueue;.siftUpComparable(ILjava/lang/Object;),target=LMain$P;.compareTo(Ljava/lang/Object;) <BRIDGE>
MC,caller=LMain$P;.compareTo(Ljava/lang/Object;) <BRIDGE>,target=Main$P:4#compareTo:3
VW,context=Main$P:4#compareTo:3,t=Main$P:3
FR,context=Main$P:4,d
FR,context=Main$P:3,d
FR,context=Main$P:4,d
FR,context=Main$P:3,d
VW,context=Main$P:4#compareTo:3,result=1
ME,returner=Main$P:4#compareTo:3,value=1
ME,returner=LMain$P;.compareTo(Ljava/lang/Object;) <BRIDGE>,value=<void>
ME,returner=Ljava/util/PriorityQueue;.siftUpComparable(ILjava/lang/Object;),value=<void>
ME,returner=Ljava/util/PriorityQueue;.siftUp(ILjava/lang/Object;),value=<void>
ME,returner=Ljava/util/PriorityQueue;.siftUp(ILjava/lang/Object;),value=<void>
ME,returner=Ljava/util/PriorityQueue;.add(Ljava/lang/Object;),value=<void>
ME,returner=Main:1#a:3,value=<void>
FR,context=Main:1,n
VW,context=Main:1#d:1,i=3
FR,context=Main:1,d
MC,caller=Main:1#d:1,target=Main:1#a:4
VW,context=Main:1#a:4,p=Main$P:2
VW,context=Main:1#a:4,f=0
VW,context=Main:1#a:4,t=3
FR,context=Main:1,c
FR,context=Main:1,INF
FR,context=Main$P:2,d
FR,context=Main:1,c
FR,context=Main$P:2,p
FR,context=Main$P:2,p
NO,object=Main$P:5
MC,caller=Main:1#a:4,target=Main$P:5#Main$P:5
VW,context=Main$P:5#Main$P:5,a=1
NO,object=int[]:4
FW,context=int[]:4,0=0
FW,context=int[]:4,1=0
VW,context=Main$P:5#Main$P:5,b=int[]:4
FW,context=Main$P:5,d=1
FW,context=Main$P:5,p=int[]:4
ME,returner=Main$P:5#Main$P:5,value=<void>
VW,context=Main:1#a:4,np=Main$P:5
FR,context=Main$P:5,p
FR,context=Main$P:5,p
FR,context=Main:1,d
MC,caller=Main:1#a:4,target=Main$P:5#compareTo:4
VW,context=Main$P:5#compareTo:4,t=null
VW,context=Main$P:5#compareTo:4,result=-1
ME,returner=Main$P:5#compareTo:4,value=-1
FR,context=Main:1,d
FR,context=Main:1,q
FR,context=Main:1,d
MC,caller=Main:1#a:4,target=Ljava/util/PriorityQueue;.add(Ljava/lang/Object;)
MC,caller=Ljava/util/PriorityQueue;.add(Ljava/lang/Object;),target=Ljava/util/PriorityQueue;.add(Ljava/lang/Object;)
MC,caller=Ljava/util/PriorityQueue;.add(Ljava/lang/Object;),target=Ljava/util/PriorityQueue;.offer(Ljava/lang/Object;)
MC,caller=Ljava/util/PriorityQueue;.offer(Ljava/lang/Object;),target=Ljava/util/PriorityQueue;.siftUp(ILjava/lang/Object;)
MC,caller=Ljava/util/PriorityQueue;.siftUp(ILjava/lang/Object;),target=Ljava/util/PriorityQueue;.siftUpComparable(ILjava/lang/Object;)
ME,returner=Ljava/util/PriorityQueue;.siftUpComparable(ILjava/lang/Object;),value=<void>
ME,returner=Ljava/util/PriorityQueue;.siftUp(ILjava/lang/Object;),value=<void>
ME,returner=Ljava/util/PriorityQueue;.offer(Ljava/lang/Object;),value=<void>
ME,returner=Ljava/util/PriorityQueue;.add(Ljava/lang/Object;),value=<void>
MC,caller=Ljava/util/PriorityQueue;.add(Ljava/lang/Object;),target=Ljava/util/PriorityQueue;.siftUp(ILjava/lang/Object;)
MC,caller=Ljava/util/PriorityQueue;.siftUp(ILjava/lang/Object;),target=Ljava/util/PriorityQueue;.siftUp(ILjava/lang/Object;)
MC,caller=Ljava/util/PriorityQueue;.siftUp(ILjava/lang/Object;),target=Ljava/util/PriorityQueue;.siftUpComparable(ILjava/lang/Object;)
MC,caller=Ljava/util/PriorityQueue;.siftUpComparable(ILjava/lang/Object;),target=LMain$P;.compareTo(Ljava/lang/Object;) <BRIDGE>
MC,caller=LMain$P;.compareTo(Ljava/lang/Object;) <BRIDGE>,target=Main$P:5#compareTo:5
VW,context=Main$P:5#compareTo:5,t=Main$P:3
FR,context=Main$P:5,d
FR,context=Main$P:3,d
FR,context=Main$P:5,p
VW,context=Main$P:5#compareTo:5,i=0
FR,context=Main$P:3,p
FR,context=Main$P:5,p
FR,context=Main$P:3,p
FR,context=Main$P:5,p
VW,context=Main$P:5#compareTo:5,i=1
FR,context=Main$P:3,p
FR,context=Main$P:5,p
FR,context=Main$P:3,p
FR,context=Main$P:5,p
FR,context=Main$P:3,p
VW,context=Main$P:5#compareTo:5,result=2
ME,returner=Main$P:5#compareTo:5,value=2
ME,returner=LMain$P;.compareTo(Ljava/lang/Object;) <BRIDGE>,value=<void>
ME,returner=Ljava/util/PriorityQueue;.siftUpComparable(ILjava/lang/Object;),value=<void>
ME,returner=Ljava/util/PriorityQueue;.siftUp(ILjava/lang/Object;),value=<void>
ME,returner=Ljava/util/PriorityQueue;.siftUp(ILjava/lang/Object;),value=<void>
ME,returner=Ljava/util/PriorityQueue;.add(Ljava/lang/Object;),value=<void>
ME,returner=Main:1#a:4,value=<void>
FR,context=Main:1,n
VW,context=Main:1#d:1,i=4
FR,context=Main:1,d
MC,caller=Main:1#d:1,target=Main:1#a:5
VW,context=Main:1#a:5,p=Main$P:2
VW,context=Main:1#a:5,f=0
VW,context=Main:1#a:5,t=4
FR,context=Main:1,c
FR,context=Main:1,INF
FR,context=Main$P:2,d
FR,context=Main:1,c
FR,context=Main$P:2,p
FR,context=Main$P:2,p
NO,object=Main$P:6
MC,caller=Main:1#a:5,target=Main$P:6#Main$P:6
VW,context=Main$P:6#Main$P:6,a=3
NO,object=int[]:5
FW,context=int[]:5,0=0
FW,context=int[]:5,1=0
VW,context=Main$P:6#Main$P:6,b=int[]:5
FW,context=Main$P:6,d=3
FW,context=Main$P:6,p=int[]:5
ME,returner=Main$P:6#Main$P:6,value=<void>
VW,context=Main:1#a:5,np=Main$P:6
FR,context=Main$P:6,p
FR,context=Main$P:6,p
FR,context=Main:1,d
MC,caller=Main:1#a:5,target=Main$P:6#compareTo:6
VW,context=Main$P:6#compareTo:6,t=null
VW,context=Main$P:6#compareTo:6,result=-1
ME,returner=Main$P:6#compareTo:6,value=-1
FR,context=Main:1,d
FR,context=Main:1,q
FR,context=Main:1,d
MC,caller=Main:1#a:5,target=Ljava/util/PriorityQueue;.add(Ljava/lang/Object;)
MC,caller=Ljava/util/PriorityQueue;.add(Ljava/lang/Object;),target=Ljava/util/PriorityQueue;.add(Ljava/lang/Object;)
MC,caller=Ljava/util/PriorityQueue;.add(Ljava/lang/Object;),target=Ljava/util/PriorityQueue;.offer(Ljava/lang/Object;)
MC,caller=Ljava/util/PriorityQueue;.offer(Ljava/lang/Object;),target=Ljava/util/PriorityQueue;.siftUp(ILjava/lang/Object;)
MC,caller=Ljava/util/PriorityQueue;.siftUp(ILjava/lang/Object;),target=Ljava/util/PriorityQueue;.siftUpComparable(ILjava/lang/Object;)
ME,returner=Ljava/util/PriorityQueue;.siftUpComparable(ILjava/lang/Object;),value=<void>
ME,returner=Ljava/util/PriorityQueue;.siftUp(ILjava/lang/Object;),value=<void>
ME,returner=Ljava/util/PriorityQueue;.offer(Ljava/lang/Object;),value=<void>
ME,returner=Ljava/util/PriorityQueue;.add(Ljava/lang/Object;),value=<void>
MC,caller=Ljava/util/PriorityQueue;.add(Ljava/lang/Object;),target=Ljava/util/PriorityQueue;.siftUp(ILjava/lang/Object;)
MC,caller=Ljava/util/PriorityQueue;.siftUp(ILjava/lang/Object;),target=Ljava/util/PriorityQueue;.siftUp(ILjava/lang/Object;)
MC,caller=Ljava/util/PriorityQueue;.siftUp(ILjava/lang/Object;),target=Ljava/util/PriorityQueue;.siftUpComparable(ILjava/lang/Object;)
MC,caller=Ljava/util/PriorityQueue;.siftUpComparable(ILjava/lang/Object;),target=LMain$P;.compareTo(Ljava/lang/Object;) <BRIDGE>
MC,caller=LMain$P;.compareTo(Ljava/lang/Object;) <BRIDGE>,target=Main$P:6#compareTo:7
VW,context=Main$P:6#compareTo:7,t=Main$P:4
FR,context=Main$P:6,d
FR,context=Main$P:4,d
FR,context=Main$P:6,d
FR,context=Main$P:4,d
VW,context=Main$P:6#compareTo:7,result=1
ME,returner=Main$P:6#compareTo:7,value=1
ME,returner=LMain$P;.compareTo(Ljava/lang/Object;) <BRIDGE>,value=<void>
ME,returner=Ljava/util/PriorityQueue;.siftUpComparable(ILjava/lang/Object;),value=<void>
ME,returner=Ljava/util/PriorityQueue;.siftUp(ILjava/lang/Object;),value=<void>
ME,returner=Ljava/util/PriorityQueue;.siftUp(ILjava/lang/Object;),value=<void>
ME,returner=Ljava/util/PriorityQueue;.add(Ljava/lang/Object;),value=<void>
ME,returner=Main:1#a:5,value=<void>
FR,context=Main:1,n
FR,context=Main:1,q
FR,context=Main:1,q
MC,caller=Main:1#d:1,target=Ljava/util/AbstractQueue;.remove()
MC,caller=Ljava/util/AbstractQueue;.remove(),target=Ljava/util/AbstractQueue;.remove()
MC,caller=Ljava/util/AbstractQueue;.remove(),target=Ljava/util/PriorityQueue;.poll()
MC,caller=Ljava/util/PriorityQueue;.poll(),target=Ljava/util/PriorityQueue;.siftDown(ILjava/lang/Object;)
MC,caller=Ljava/util/PriorityQueue;.siftDown(ILjava/lang/Object;),target=Ljava/util/PriorityQueue;.siftDownComparable(ILjava/lang/Object;)
ME,returner=Ljava/util/PriorityQueue;.siftDownComparable(ILjava/lang/Object;),value=<void>
ME,returner=Ljava/util/PriorityQueue;.siftDown(ILjava/lang/Object;),value=<void>
ME,returner=Ljava/util/PriorityQueue;.poll(),value=<void>
ME,returner=Ljava/util/AbstractQueue;.remove(),value=<void>
MC,caller=Ljava/util/AbstractQueue;.remove(),target=Ljava/util/PriorityQueue;.siftDown(ILjava/lang/Object;)
MC,caller=Ljava/util/PriorityQueue;.siftDown(ILjava/lang/Object;),target=Ljava/util/PriorityQueue;.siftDown(ILjava/lang/Object;)
MC,caller=Ljava/util/PriorityQueue;.siftDown(ILjava/lang/Object;),target=Ljava/util/PriorityQueue;.siftDownComparable(ILjava/lang/Object;)
MC,caller=Ljava/util/PriorityQueue;.siftDownComparable(ILjava/lang/Object;),target=LMain$P;.compareTo(Ljava/lang/Object;) <BRIDGE>
MC,caller=LMain$P;.compareTo(Ljava/lang/Object;) <BRIDGE>,target=Main$P:4#compareTo:8
VW,context=Main$P:4#compareTo:8,t=Main$P:5
FR,context=Main$P:4,d
FR,context=Main$P:5,d
FR,context=Main$P:4,d
FR,context=Main$P:5,d
VW,context=Main$P:4#compareTo:8,result=1
ME,returner=Main$P:4#compareTo:8,value=1
MC,caller=LMain$P;.compareTo(Ljava/lang/Object;) <BRIDGE>,target=Main$P:6#compareTo:9
VW,context=Main$P:6#compareTo:9,t=Main$P:5
FR,context=Main$P:6,d
FR,context=Main$P:5,d
FR,context=Main$P:6,d
FR,context=Main$P:5,d
VW,context=Main$P:6#compareTo:9,result=2
ME,returner=Main$P:6#compareTo:9,value=2
ME,returner=LMain$P;.compareTo(Ljava/lang/Object;) <BRIDGE>,value=<void>
ME,returner=Ljava/util/PriorityQueue;.siftDownComparable(ILjava/lang/Object;),value=<void>
ME,returner=Ljava/util/PriorityQueue;.siftDown(ILjava/lang/Object;),value=<void>
ME,returner=Ljava/util/PriorityQueue;.siftDown(ILjava/lang/Object;),value=<void>
ME,returner=Ljava/util/AbstractQueue;.remove(),value=<void>
VW,context=Main:1#d:1,p=Main$P:3
FR,context=Main$P:3,p
FR,context=Main$P:3,p
VW,context=Main:1#d:1,v=1
FR,context=Main:1,b
FR,context=Main:1,d
MC,caller=Main:1#d:1,target=Main$P:3#compareTo:10
VW,context=Main$P:3#compareTo:10,t=Main$P:3
FR,context=Main$P:3,d
FR,context=Main$P:3,d
FR,context=Main$P:3,p
VW,context=Main$P:3#compareTo:10,i=0
FR,context=Main$P:3,p
FR,context=Main$P:3,p
FR,context=Main$P:3,p
FR,context=Main$P:3,p
VW,context=Main$P:3#compareTo:10,i=1
FR,context=Main$P:3,p
FR,context=Main$P:3,p
FR,context=Main$P:3,p
FR,context=Main$P:3,p
FR,context=Main$P:3,p
FR,context=Main$P:3,p
VW,context=Main$P:3#compareTo:10,result=0
ME,returner=Main$P:3#compareTo:10,value=0
FR,context=Main:1,n
MC,caller=Main:1#d:1,target=Main:1#a:6
VW,context=Main:1#a:6,p=Main$P:3
VW,context=Main:1#a:6,f=1
VW,context=Main:1#a:6,t=0
FR,context=Main:1,c
FR,context=Main:1,INF
FR,context=Main$P:3,d
FR,context=Main:1,c
FR,context=Main$P:3,p
FR,context=Main$P:3,p
NO,object=Main$P:7
MC,caller=Main:1#a:6,target=Main$P:7#Main$P:7
VW,context=Main$P:7#Main$P:7,a=2
NO,object=int[]:6
FW,context=int[]:6,0=0
FW,context=int[]:6,1=1
FW,context=int[]:6,2=0
VW,context=Main$P:7#Main$P:7,b=int[]:6
FW,context=Main$P:7,d=2
FW,context=Main$P:7,p=int[]:6
ME,returner=Main$P:7#Main$P:7,value=<void>
VW,context=Main:1#a:6,np=Main$P:7
FR,context=Main$P:7,p
FR,context=Main$P:7,p
FR,context=Main:1,d
MC,caller=Main:1#a:6,target=Main$P:7#compareTo:11
VW,context=Main$P:7#compareTo:11,t=Main$P:2
FR,context=Main$P:7,d
FR,context=Main$P:2,d
FR,context=Main$P:7,d
FR,context=Main$P:2,d
VW,context=Main$P:7#compareTo:11,result=2
ME,returner=Main$P:7#compareTo:11,value=2
ME,returner=Main:1#a:6,value=<void>
FR,context=Main:1,n
MC,caller=Main:1#d:1,target=Main:1#a:7
VW,context=Main:1#a:7,p=Main$P:3
VW,context=Main:1#a:7,f=1
VW,context=Main:1#a:7,t=1
FR,context=Main:1,c
FR,context=Main:1,INF
ME,returner=Main:1#a:7,value=<void>
FR,context=Main:1,n
MC,caller=Main:1#d:1,target=Main:1#a:8
VW,context=Main:1#a:8,p=Main$P:3
VW,context=Main:1#a:8,f=1
VW,context=Main:1#a:8,t=2
FR,context=Main:1,c
FR,context=Main:1,INF
FR,context=Main$P:3,d
FR,context=Main:1,c
FR,context=Main$P:3,p
FR,context=Main$P:3,p
NO,object=Main$P:8
MC,caller=Main:1#a:8,target=Main$P:8#Main$P:8
VW,context=Main$P:8#Main$P:8,a=2
NO,object=int[]:7
FW,context=int[]:7,0=0
FW,context=int[]:7,1=1
FW,context=int[]:7,2=0
VW,context=Main$P:8#Main$P:8,b=int[]:7
FW,context=Main$P:8,d=2
FW,context=Main$P:8,p=int[]:7
ME,returner=Main$P:8#Main$P:8,value=<void>
VW,context=Main:1#a:8,np=Main$P:8
FR,context=Main$P:8,p
FR,context=Main$P:8,p
FR,context=Main:1,d
MC,caller=Main:1#a:8,target=Main$P:8#compareTo:12
VW,context=Main$P:8#compareTo:12,t=Main$P:4
FR,context=Main$P:8,d
FR,context=Main$P:4,d
FR,context=Main$P:8,p
VW,context=Main$P:8#compareTo:12,i=0
FR,context=Main$P:4,p
FR,context=Main$P:8,p
FR,context=Main$P:4,p
FR,context=Main$P:8,p
VW,context=Main$P:8#compareTo:12,i=1
FR,context=Main$P:4,p
FR,context=Main$P:8,p
FR,context=Main$P:4,p
FR,context=Main$P:8,p
FR,context=Main$P:4,p
VW,context=Main$P:8#compareTo:12,result=-1
ME,returner=Main$P:8#compareTo:12,value=-1
FR,context=Main:1,d
FR,context=Main:1,q
FR,context=Main:1,d
MC,caller=Main:1#a:8,target=Ljava/util/PriorityQueue;.add(Ljava/lang/Object;)
MC,caller=Ljava/util/PriorityQueue;.add(Ljava/lang/Object;),target=Ljava/util/PriorityQueue;.add(Ljava/lang/Object;)
MC,caller=Ljava/util/PriorityQueue;.add(Ljava/lang/Object;),target=Ljava/util/PriorityQueue;.offer(Ljava/lang/Object;)
MC,caller=Ljava/util/PriorityQueue;.offer(Ljava/lang/Object;),target=Ljava/util/PriorityQueue;.siftUp(ILjava/lang/Object;)
MC,caller=Ljava/util/PriorityQueue;.siftUp(ILjava/lang/Object;),target=Ljava/util/PriorityQueue;.siftUpComparable(ILjava/lang/Object;)
ME,returner=Ljava/util/PriorityQueue;.siftUpComparable(ILjava/lang/Object;),value=<void>
ME,returner=Ljava/util/PriorityQueue;.siftUp(ILjava/lang/Object;),value=<void>
ME,returner=Ljava/util/PriorityQueue;.offer(Ljava/lang/Object;),value=<void>
ME,returner=Ljava/util/PriorityQueue;.add(Ljava/lang/Object;),value=<void>
MC,caller=Ljava/util/PriorityQueue;.add(Ljava/lang/Object;),target=Ljava/util/PriorityQueue;.siftUp(ILjava/lang/Object;)
MC,caller=Ljava/util/PriorityQueue;.siftUp(ILjava/lang/Object;),target=Ljava/util/PriorityQueue;.siftUp(ILjava/lang/Object;)
MC,caller=Ljava/util/PriorityQueue;.siftUp(ILjava/lang/Object;),target=Ljava/util/PriorityQueue;.siftUpComparable(ILjava/lang/Object;)
MC,caller=Ljava/util/PriorityQueue;.siftUpComparable(ILjava/lang/Object;),target=LMain$P;.compareTo(Ljava/lang/Object;) <BRIDGE>
MC,caller=LMain$P;.compareTo(Ljava/lang/Object;) <BRIDGE>,target=Main$P:8#compareTo:13
VW,context=Main$P:8#compareTo:13,t=Main$P:4
FR,context=Main$P:8,d
FR,context=Main$P:4,d
FR,context=Main$P:8,p
VW,context=Main$P:8#compareTo:13,i=0
FR,context=Main$P:4,p
FR,context=Main$P:8,p
FR,context=Main$P:4,p
FR,context=Main$P:8,p
VW,context=Main$P:8#compareTo:13,i=1
FR,context=Main$P:4,p
FR,context=Main$P:8,p
FR,context=Main$P:4,p
FR,context=Main$P:8,p
FR,context=Main$P:4,p
VW,context=Main$P:8#compareTo:13,result=-1
ME,returner=Main$P:8#compareTo:13,value=-1
MC,caller=LMain$P;.compareTo(Ljava/lang/Object;) <BRIDGE>,target=Main$P:8#compareTo:14
VW,context=Main$P:8#compareTo:14,t=Main$P:5
FR,context=Main$P:8,d
FR,context=Main$P:5,d
FR,context=Main$P:8,d
FR,context=Main$P:5,d
VW,context=Main$P:8#compareTo:14,result=1
ME,returner=Main$P:8#compareTo:14,value=1
ME,returner=LMain$P;.compareTo(Ljava/lang/Object;) <BRIDGE>,value=<void>
ME,returner=Ljava/util/PriorityQueue;.siftUpComparable(ILjava/lang/Object;),value=<void>
ME,returner=Ljava/util/PriorityQueue;.siftUp(ILjava/lang/Object;),value=<void>
ME,returner=Ljava/util/PriorityQueue;.siftUp(ILjava/lang/Object;),value=<void>
ME,returner=Ljava/util/PriorityQueue;.add(Ljava/lang/Object;),value=<void>
ME,returner=Main:1#a:8,value=<void>
FR,context=Main:1,n
MC,caller=Main:1#d:1,target=Main:1#a:9
VW,context=Main:1#a:9,p=Main$P:3
VW,context=Main:1#a:9,f=1
VW,context=Main:1#a:9,t=3
FR,context=Main:1,c
FR,context=Main:1,INF
FR,context=Main$P:3,d
FR,context=Main:1,c
FR,context=Main$P:3,p
FR,context=Main$P:3,p
NO,object=Main$P:9
MC,caller=Main:1#a:9,target=Main$P:9#Main$P:9
VW,context=Main$P:9#Main$P:9,a=3
NO,object=int[]:8
FW,context=int[]:8,0=0
FW,context=int[]:8,1=1
FW,context=int[]:8,2=0
VW,context=Main$P:9#Main$P:9,b=int[]:8
FW,context=Main$P:9,d=3
FW,context=Main$P:9,p=int[]:8
ME,returner=Main$P:9#Main$P:9,value=<void>
VW,context=Main:1#a:9,np=Main$P:9
FR,context=Main$P:9,p
FR,context=Main$P:9,p
FR,context=Main:1,d
MC,caller=Main:1#a:9,target=Main$P:9#compareTo:15
VW,context=Main$P:9#compareTo:15,t=Main$P:5
FR,context=Main$P:9,d
FR,context=Main$P:5,d
FR,context=Main$P:9,d
FR,context=Main$P:5,d
VW,context=Main$P:9#compareTo:15,result=2
ME,returner=Main$P:9#compareTo:15,value=2
ME,returner=Main:1#a:9,value=<void>
FR,context=Main:1,n
MC,caller=Main:1#d:1,target=Main:1#a:10
VW,context=Main:1#a:10,p=Main$P:3
VW,context=Main:1#a:10,f=1
VW,context=Main:1#a:10,t=4
FR,context=Main:1,c
FR,context=Main:1,INF
FR,context=Main$P:3,d
FR,context=Main:1,c
FR,context=Main$P:3,p
FR,context=Main$P:3,p
NO,object=Main$P:10
MC,caller=Main:1#a:10,target=Main$P:10#Main$P:10
VW,context=Main$P:10#Main$P:10,a=3
NO,object=int[]:9
FW,context=int[]:9,0=0
FW,context=int[]:9,1=1
FW,context=int[]:9,2=0
VW,context=Main$P:10#Main$P:10,b=int[]:9
FW,context=Main$P:10,d=3
FW,context=Main$P:10,p=int[]:9
ME,returner=Main$P:10#Main$P:10,value=<void>
VW,context=Main:1#a:10,np=Main$P:10
FR,context=Main$P:10,p
FR,context=Main$P:10,p
FR,context=Main:1,d
MC,caller=Main:1#a:10,target=Main$P:10#compareTo:16
VW,context=Main$P:10#compareTo:16,t=Main$P:6
FR,context=Main$P:10,d
FR,context=Main$P:6,d
FR,context=Main$P:10,p
VW,context=Main$P:10#compareTo:16,i=0
FR,context=Main$P:6,p
FR,context=Main$P:10,p
FR,context=Main$P:6,p
FR,context=Main$P:10,p
VW,context=Main$P:10#compareTo:16,i=1
FR,context=Main$P:6,p
FR,context=Main$P:10,p
FR,context=Main$P:6,p
FR,context=Main$P:10,p
FR,context=Main$P:6,p
VW,context=Main$P:10#compareTo:16,result=-3
ME,returner=Main$P:10#compareTo:16,value=-3
FR,context=Main:1,d
FR,context=Main:1,q
FR,context=Main:1,d
MC,caller=Main:1#a:10,target=Ljava/util/PriorityQueue;.add(Ljava/lang/Object;)
MC,caller=Ljava/util/PriorityQueue;.add(Ljava/lang/Object;),target=Ljava/util/PriorityQueue;.add(Ljava/lang/Object;)
MC,caller=Ljava/util/PriorityQueue;.add(Ljava/lang/Object;),target=Ljava/util/PriorityQueue;.offer(Ljava/lang/Object;)
MC,caller=Ljava/util/PriorityQueue;.offer(Ljava/lang/Object;),target=Ljava/util/PriorityQueue;.siftUp(ILjava/lang/Object;)
MC,caller=Ljava/util/PriorityQueue;.siftUp(ILjava/lang/Object;),target=Ljava/util/PriorityQueue;.siftUpComparable(ILjava/lang/Object;)
ME,returner=Ljava/util/PriorityQueue;.siftUpComparable(ILjava/lang/Object;),value=<void>
ME,returner=Ljava/util/PriorityQueue;.siftUp(ILjava/lang/Object;),value=<void>
ME,returner=Ljava/util/PriorityQueue;.offer(Ljava/lang/Object;),value=<void>
ME,returner=Ljava/util/PriorityQueue;.add(Ljava/lang/Object;),value=<void>
MC,caller=Ljava/util/PriorityQueue;.add(Ljava/lang/Object;),target=Ljava/util/PriorityQueue;.siftUp(ILjava/lang/Object;)
MC,caller=Ljava/util/PriorityQueue;.siftUp(ILjava/lang/Object;),target=Ljava/util/PriorityQueue;.siftUp(ILjava/lang/Object;)
MC,caller=Ljava/util/PriorityQueue;.siftUp(ILjava/lang/Object;),target=Ljava/util/PriorityQueue;.siftUpComparable(ILjava/lang/Object;)
MC,caller=Ljava/util/PriorityQueue;.siftUpComparable(ILjava/lang/Object;),target=LMain$P;.compareTo(Ljava/lang/Object;) <BRIDGE>
MC,caller=LMain$P;.compareTo(Ljava/lang/Object;) <BRIDGE>,target=Main$P:10#compareTo:17
VW,context=Main$P:10#compareTo:17,t=Main$P:8
FR,context=Main$P:10,d
FR,context=Main$P:8,d
FR,context=Main$P:10,d
FR,context=Main$P:8,d
VW,context=Main$P:10#compareTo:17,result=1
ME,returner=Main$P:10#compareTo:17,value=1
ME,returner=LMain$P;.compareTo(Ljava/lang/Object;) <BRIDGE>,value=<void>
ME,returner=Ljava/util/PriorityQueue;.siftUpComparable(ILjava/lang/Object;),value=<void>
ME,returner=Ljava/util/PriorityQueue;.siftUp(ILjava/lang/Object;),value=<void>
ME,returner=Ljava/util/PriorityQueue;.siftUp(ILjava/lang/Object;),value=<void>
ME,returner=Ljava/util/PriorityQueue;.add(Ljava/lang/Object;),value=<void>
ME,returner=Main:1#a:10,value=<void>
FR,context=Main:1,n
FR,context=Main:1,q
FR,context=Main:1,q
MC,caller=Main:1#d:1,target=Ljava/util/AbstractQueue;.remove()
MC,caller=Ljava/util/AbstractQueue;.remove(),target=Ljava/util/AbstractQueue;.remove()
MC,caller=Ljava/util/AbstractQueue;.remove(),target=Ljava/util/PriorityQueue;.poll()
MC,caller=Ljava/util/PriorityQueue;.poll(),target=Ljava/util/PriorityQueue;.siftDown(ILjava/lang/Object;)
MC,caller=Ljava/util/PriorityQueue;.siftDown(ILjava/lang/Object;),target=Ljava/util/PriorityQueue;.siftDownComparable(ILjava/lang/Object;)
ME,returner=Ljava/util/PriorityQueue;.siftDownComparable(ILjava/lang/Object;),value=<void>
ME,returner=Ljava/util/PriorityQueue;.siftDown(ILjava/lang/Object;),value=<void>
ME,returner=Ljava/util/PriorityQueue;.poll(),value=<void>
ME,returner=Ljava/util/AbstractQueue;.remove(),value=<void>
MC,caller=Ljava/util/AbstractQueue;.remove(),target=Ljava/util/PriorityQueue;.siftDown(ILjava/lang/Object;)
MC,caller=Ljava/util/PriorityQueue;.siftDown(ILjava/lang/Object;),target=Ljava/util/PriorityQueue;.siftDown(ILjava/lang/Object;)
MC,caller=Ljava/util/PriorityQueue;.siftDown(ILjava/lang/Object;),target=Ljava/util/PriorityQueue;.siftDownComparable(ILjava/lang/Object;)
MC,caller=Ljava/util/PriorityQueue;.siftDownComparable(ILjava/lang/Object;),target=LMain$P;.compareTo(Ljava/lang/Object;) <BRIDGE>
MC,caller=LMain$P;.compareTo(Ljava/lang/Object;) <BRIDGE>,target=Main$P:8#compareTo:18
VW,context=Main$P:8#compareTo:18,t=Main$P:6
FR,context=Main$P:8,d
FR,context=Main$P:6,d
FR,context=Main$P:8,d
FR,context=Main$P:6,d
VW,context=Main$P:8#compareTo:18,result=-1
ME,returner=Main$P:8#compareTo:18,value=-1
MC,caller=LMain$P;.compareTo(Ljava/lang/Object;) <BRIDGE>,target=Main$P:10#compareTo:19
VW,context=Main$P:10#compareTo:19,t=Main$P:8
FR,context=Main$P:10,d
FR,context=Main$P:8,d
FR,context=Main$P:10,d
FR,context=Main$P:8,d
VW,context=Main$P:10#compareTo:19,result=1
ME,returner=Main$P:10#compareTo:19,value=1
MC,caller=LMain$P;.compareTo(Ljava/lang/Object;) <BRIDGE>,target=Main$P:10#compareTo:20
VW,context=Main$P:10#compareTo:20,t=Main$P:4
FR,context=Main$P:10,d
FR,context=Main$P:4,d
FR,context=Main$P:10,d
FR,context=Main$P:4,d
VW,context=Main$P:10#compareTo:20,result=1
ME,returner=Main$P:10#compareTo:20,value=1
ME,returner=LMain$P;.compareTo(Ljava/lang/Object;) <BRIDGE>,value=<void>
ME,returner=Ljava/util/PriorityQueue;.siftDownComparable(ILjava/lang/Object;),value=<void>
ME,returner=Ljava/util/PriorityQueue;.siftDown(ILjava/lang/Object;),value=<void>
ME,returner=Ljava/util/PriorityQueue;.siftDown(ILjava/lang/Object;),value=<void>
ME,returner=Ljava/util/AbstractQueue;.remove(),value=<void>
VW,context=Main:1#d:1,p=Main$P:5
FR,context=Main$P:5,p
FR,context=Main$P:5,p
VW,context=Main:1#d:1,v=3
FR,context=Main:1,b
FR,context=Main:1,d
MC,caller=Main:1#d:1,target=Main$P:5#compareTo:21
VW,context=Main$P:5#compareTo:21,t=Main$P:5
FR,context=Main$P:5,d
FR,context=Main$P:5,d
FR,context=Main$P:5,p
VW,context=Main$P:5#compareTo:21,i=0
FR,context=Main$P:5,p
FR,context=Main$P:5,p
FR,context=Main$P:5,p
FR,context=Main$P:5,p
VW,context=Main$P:5#compareTo:21,i=1
FR,context=Main$P:5,p
FR,context=Main$P:5,p
FR,context=Main$P:5,p
FR,context=Main$P:5,p
FR,context=Main$P:5,p
FR,context=Main$P:5,p
VW,context=Main$P:5#compareTo:21,result=0
ME,returner=Main$P:5#compareTo:21,value=0
FR,context=Main:1,n
MC,caller=Main:1#d:1,target=Main:1#a:11
VW,context=Main:1#a:11,p=Main$P:5
VW,context=Main:1#a:11,f=3
VW,context=Main:1#a:11,t=0
FR,context=Main:1,c
FR,context=Main:1,INF
FR,context=Main$P:5,d
FR,context=Main:1,c
FR,context=Main$P:5,p
FR,context=Main$P:5,p
NO,object=Main$P:11
MC,caller=Main:1#a:11,target=Main$P:11#Main$P:11
VW,context=Main$P:11#Main$P:11,a=2
NO,object=int[]:10
FW,context=int[]:10,0=0
FW,context=int[]:10,1=3
FW,context=int[]:10,2=0
VW,context=Main$P:11#Main$P:11,b=int[]:10
FW,context=Main$P:11,d=2
FW,context=Main$P:11,p=int[]:10
ME,returner=Main$P:11#Main$P:11,value=<void>
VW,context=Main:1#a:11,np=Main$P:11
FR,context=Main$P:11,p
FR,context=Main$P:11,p
FR,context=Main:1,d
MC,caller=Main:1#a:11,target=Main$P:11#compareTo:22
VW,context=Main$P:11#compareTo:22,t=Main$P:2
FR,context=Main$P:11,d
FR,context=Main$P:2,d
FR,context=Main$P:11,d
FR,context=Main$P:2,d
VW,context=Main$P:11#compareTo:22,result=2
ME,returner=Main$P:11#compareTo:22,value=2
ME,returner=Main:1#a:11,value=<void>
FR,context=Main:1,n
MC,caller=Main:1#d:1,target=Main:1#a:12
VW,context=Main:1#a:12,p=Main$P:5
VW,context=Main:1#a:12,f=3
VW,context=Main:1#a:12,t=1
FR,context=Main:1,c
FR,context=Main:1,INF
FR,context=Main$P:5,d
FR,context=Main:1,c
FR,context=Main$P:5,p
FR,context=Main$P:5,p
NO,object=Main$P:12
MC,caller=Main:1#a:12,target=Main$P:12#Main$P:12
VW,context=Main$P:12#Main$P:12,a=2
NO,object=int[]:11
FW,context=int[]:11,0=0
FW,context=int[]:11,1=3
FW,context=int[]:11,2=0
VW,context=Main$P:12#Main$P:12,b=int[]:11
FW,context=Main$P:12,d=2
FW,context=Main$P:12,p=int[]:11
ME,returner=Main$P:12#Main$P:12,value=<void>
VW,context=Main:1#a:12,np=Main$P:12
FR,context=Main$P:12,p
FR,context=Main$P:12,p
FR,context=Main:1,d
MC,caller=Main:1#a:12,target=Main$P:12#compareTo:23
VW,context=Main$P:12#compareTo:23,t=Main$P:3
FR,context=Main$P:12,d
FR,context=Main$P:3,d
FR,context=Main$P:12,d
FR,context=Main$P:3,d
VW,context=Main$P:12#compareTo:23,result=1
ME,returner=Main$P:12#compareTo:23,value=1
ME,returner=Main:1#a:12,value=<void>
FR,context=Main:1,n
MC,caller=Main:1#d:1,target=Main:1#a:13
VW,context=Main:1#a:13,p=Main$P:5
VW,context=Main:1#a:13,f=3
VW,context=Main:1#a:13,t=2
FR,context=Main:1,c
FR,context=Main:1,INF
FR,context=Main$P:5,d
FR,context=Main:1,c
FR,context=Main$P:5,p
FR,context=Main$P:5,p
NO,object=Main$P:13
MC,caller=Main:1#a:13,target=Main$P:13#Main$P:13
VW,context=Main$P:13#Main$P:13,a=2
NO,object=int[]:12
FW,context=int[]:12,0=0
FW,context=int[]:12,1=3
FW,context=int[]:12,2=0
VW,context=Main$P:13#Main$P:13,b=int[]:12
FW,context=Main$P:13,d=2
FW,context=Main$P:13,p=int[]:12
ME,returner=Main$P:13#Main$P:13,value=<void>
VW,context=Main:1#a:13,np=Main$P:13
FR,context=Main$P:13,p
FR,context=Main$P:13,p
FR,context=Main:1,d
MC,caller=Main:1#a:13,target=Main$P:13#compareTo:24
VW,context=Main$P:13#compareTo:24,t=Main$P:8
FR,context=Main$P:13,d
FR,context=Main$P:8,d
FR,context=Main$P:13,p
VW,context=Main$P:13#compareTo:24,i=0
FR,context=Main$P:8,p
FR,context=Main$P:13,p
FR,context=Main$P:8,p
FR,context=Main$P:13,p
VW,context=Main$P:13#compareTo:24,i=1
FR,context=Main$P:8,p
FR,context=Main$P:13,p
FR,context=Main$P:8,p
FR,context=Main$P:13,p
FR,context=Main$P:8,p
VW,context=Main$P:13#compareTo:24,result=2
ME,returner=Main$P:13#compareTo:24,value=2
ME,returner=Main:1#a:13,value=<void>
FR,context=Main:1,n
MC,caller=Main:1#d:1,target=Main:1#a:14
VW,context=Main:1#a:14,p=Main$P:5
VW,context=Main:1#a:14,f=3
VW,context=Main:1#a:14,t=3
FR,context=Main:1,c
FR,context=Main:1,INF
ME,returner=Main:1#a:14,value=<void>
FR,context=Main:1,n
MC,caller=Main:1#d:1,target=Main:1#a:15
VW,context=Main:1#a:15,p=Main$P:5
VW,context=Main:1#a:15,f=3
VW,context=Main:1#a:15,t=4
FR,context=Main:1,c
FR,context=Main:1,INF
FR,context=Main$P:5,d
FR,context=Main:1,c
FR,context=Main$P:5,p
FR,context=Main$P:5,p
NO,object=Main$P:14
MC,caller=Main:1#a:15,target=Main$P:14#Main$P:14
VW,context=Main$P:14#Main$P:14,a=3
NO,object=int[]:13
FW,context=int[]:13,0=0
FW,context=int[]:13,1=3
FW,context=int[]:13,2=0
VW,context=Main$P:14#Main$P:14,b=int[]:13
FW,context=Main$P:14,d=3
FW,context=Main$P:14,p=int[]:13
ME,returner=Main$P:14#Main$P:14,value=<void>
VW,context=Main:1#a:15,np=Main$P:14
FR,context=Main$P:14,p
FR,context=Main$P:14,p
FR,context=Main:1,d
MC,caller=Main:1#a:15,target=Main$P:14#compareTo:25
VW,context=Main$P:14#compareTo:25,t=Main$P:10
FR,context=Main$P:14,d
FR,context=Main$P:10,d
FR,context=Main$P:14,p
VW,context=Main$P:14#compareTo:25,i=0
FR,context=Main$P:10,p
FR,context=Main$P:14,p
FR,context=Main$P:10,p
FR,context=Main$P:14,p
VW,context=Main$P:14#compareTo:25,i=1
FR,context=Main$P:10,p
FR,context=Main$P:14,p
FR,context=Main$P:10,p
FR,context=Main$P:14,p
FR,context=Main$P:10,p
VW,context=Main$P:14#compareTo:25,result=2
ME,returner=Main$P:14#compareTo:25,value=2
ME,returner=Main:1#a:15,value=<void>
FR,context=Main:1,n
FR,context=Main:1,q
FR,context=Main:1,q
MC,caller=Main:1#d:1,target=Ljava/util/AbstractQueue;.remove()
MC,caller=Ljava/util/AbstractQueue;.remove(),target=Ljava/util/AbstractQueue;.remove()
MC,caller=Ljava/util/AbstractQueue;.remove(),target=Ljava/util/PriorityQueue;.poll()
MC,caller=Ljava/util/PriorityQueue;.poll(),target=Ljava/util/PriorityQueue;.siftDown(ILjava/lang/Object;)
MC,caller=Ljava/util/PriorityQueue;.siftDown(ILjava/lang/Object;),target=Ljava/util/PriorityQueue;.siftDownComparable(ILjava/lang/Object;)
ME,returner=Ljava/util/PriorityQueue;.siftDownComparable(ILjava/lang/Object;),value=<void>
ME,returner=Ljava/util/PriorityQueue;.siftDown(ILjava/lang/Object;),value=<void>
ME,returner=Ljava/util/PriorityQueue;.poll(),value=<void>
ME,returner=Ljava/util/AbstractQueue;.remove(),value=<void>
MC,caller=Ljava/util/AbstractQueue;.remove(),target=Ljava/util/PriorityQueue;.siftDown(ILjava/lang/Object;)
MC,caller=Ljava/util/PriorityQueue;.siftDown(ILjava/lang/Object;),target=Ljava/util/PriorityQueue;.siftDown(ILjava/lang/Object;)
MC,caller=Ljava/util/PriorityQueue;.siftDown(ILjava/lang/Object;),target=Ljava/util/PriorityQueue;.siftDownComparable(ILjava/lang/Object;)
MC,caller=Ljava/util/PriorityQueue;.siftDownComparable(ILjava/lang/Object;),target=LMain$P;.compareTo(Ljava/lang/Object;) <BRIDGE>
MC,caller=LMain$P;.compareTo(Ljava/lang/Object;) <BRIDGE>,target=Main$P:4#compareTo:26
VW,context=Main$P:4#compareTo:26,t=Main$P:6
FR,context=Main$P:4,d
FR,context=Main$P:6,d
FR,context=Main$P:4,d
FR,context=Main$P:6,d
VW,context=Main$P:4#compareTo:26,result=-1
ME,returner=Main$P:4#compareTo:26,value=-1
MC,caller=LMain$P;.compareTo(Ljava/lang/Object;) <BRIDGE>,target=Main$P:10#compareTo:27
VW,context=Main$P:10#compareTo:27,t=Main$P:4
FR,context=Main$P:10,d
FR,context=Main$P:4,d
FR,context=Main$P:10,d
FR,context=Main$P:4,d
VW,context=Main$P:10#compareTo:27,result=1
ME,returner=Main$P:10#compareTo:27,value=1
ME,returner=LMain$P;.compareTo(Ljava/lang/Object;) <BRIDGE>,value=<void>
ME,returner=Ljava/util/PriorityQueue;.siftDownComparable(ILjava/lang/Object;),value=<void>
ME,returner=Ljava/util/PriorityQueue;.siftDown(ILjava/lang/Object;),value=<void>
ME,returner=Ljava/util/PriorityQueue;.siftDown(ILjava/lang/Object;),value=<void>
ME,returner=Ljava/util/AbstractQueue;.remove(),value=<void>
VW,context=Main:1#d:1,p=Main$P:8
FR,context=Main$P:8,p
FR,context=Main$P:8,p
VW,context=Main:1#d:1,v=2
FR,context=Main:1,b
FR,context=Main:1,d
MC,caller=Main:1#d:1,target=Main$P:8#compareTo:28
VW,context=Main$P:8#compareTo:28,t=Main$P:8
FR,context=Main$P:8,d
FR,context=Main$P:8,d
FR,context=Main$P:8,p
VW,context=Main$P:8#compareTo:28,i=0
FR,context=Main$P:8,p
FR,context=Main$P:8,p
FR,context=Main$P:8,p
FR,context=Main$P:8,p
VW,context=Main$P:8#compareTo:28,i=1
FR,context=Main$P:8,p
FR,context=Main$P:8,p
FR,context=Main$P:8,p
FR,context=Main$P:8,p
VW,context=Main$P:8#compareTo:28,i=2
FR,context=Main$P:8,p
FR,context=Main$P:8,p
FR,context=Main$P:8,p
FR,context=Main$P:8,p
FR,context=Main$P:8,p
FR,context=Main$P:8,p
VW,context=Main$P:8#compareTo:28,result=0
ME,returner=Main$P:8#compareTo:28,value=0
FR,context=Main:1,n
MC,caller=Main:1#d:1,target=Main:1#a:16
VW,context=Main:1#a:16,p=Main$P:8
VW,context=Main:1#a:16,f=2
VW,context=Main:1#a:16,t=0
FR,context=Main:1,c
FR,context=Main:1,INF
FR,context=Main$P:8,d
FR,context=Main:1,c
FR,context=Main$P:8,p
FR,context=Main$P:8,p
NO,object=Main$P:15
MC,caller=Main:1#a:16,target=Main$P:15#Main$P:15
VW,context=Main$P:15#Main$P:15,a=3
NO,object=int[]:14
FW,context=int[]:14,0=0
FW,context=int[]:14,1=1
FW,context=int[]:14,2=2
FW,context=int[]:14,3=0
VW,context=Main$P:15#Main$P:15,b=int[]:14
FW,context=Main$P:15,d=3
FW,context=Main$P:15,p=int[]:14
ME,returner=Main$P:15#Main$P:15,value=<void>
VW,context=Main:1#a:16,np=Main$P:15
FR,context=Main$P:15,p
FR,context=Main$P:15,p
FR,context=Main:1,d
MC,caller=Main:1#a:16,target=Main$P:15#compareTo:29
VW,context=Main$P:15#compareTo:29,t=Main$P:2
FR,context=Main$P:15,d
FR,context=Main$P:2,d
FR,context=Main$P:15,d
FR,context=Main$P:2,d
VW,context=Main$P:15#compareTo:29,result=3
ME,returner=Main$P:15#compareTo:29,value=3
ME,returner=Main:1#a:16,value=<void>
FR,context=Main:1,n
MC,caller=Main:1#d:1,target=Main:1#a:17
VW,context=Main:1#a:17,p=Main$P:8
VW,context=Main:1#a:17,f=2
VW,context=Main:1#a:17,t=1
FR,context=Main:1,c
FR,context=Main:1,INF
FR,context=Main$P:8,d
FR,context=Main:1,c
FR,context=Main$P:8,p
FR,context=Main$P:8,p
NO,object=Main$P:16
MC,caller=Main:1#a:17,target=Main$P:16#Main$P:16
VW,context=Main$P:16#Main$P:16,a=4
NO,object=int[]:15
FW,context=int[]:15,0=0
FW,context=int[]:15,1=1
FW,context=int[]:15,2=2
FW,context=int[]:15,3=0
VW,context=Main$P:16#Main$P:16,b=int[]:15
FW,context=Main$P:16,d=4
FW,context=Main$P:16,p=int[]:15
ME,returner=Main$P:16#Main$P:16,value=<void>
VW,context=Main:1#a:17,np=Main$P:16
FR,context=Main$P:16,p
FR,context=Main$P:16,p
FR,context=Main:1,d
MC,caller=Main:1#a:17,target=Main$P:16#compareTo:30
VW,context=Main$P:16#compareTo:30,t=Main$P:3
FR,context=Main$P:16,d
FR,context=Main$P:3,d
FR,context=Main$P:16,d
FR,context=Main$P:3,d
VW,context=Main$P:16#compareTo:30,result=3
ME,returner=Main$P:16#compareTo:30,value=3
ME,returner=Main:1#a:17,value=<void>
FR,context=Main:1,n
MC,caller=Main:1#d:1,target=Main:1#a:18
VW,context=Main:1#a:18,p=Main$P:8
VW,context=Main:1#a:18,f=2
VW,context=Main:1#a:18,t=2
FR,context=Main:1,c
FR,context=Main:1,INF
ME,returner=Main:1#a:18,value=<void>
FR,context=Main:1,n
MC,caller=Main:1#d:1,target=Main:1#a:19
VW,context=Main:1#a:19,p=Main$P:8
VW,context=Main:1#a:19,f=2
VW,context=Main:1#a:19,t=3
FR,context=Main:1,c
FR,context=Main:1,INF
FR,context=Main$P:8,d
FR,context=Main:1,c
FR,context=Main$P:8,p
FR,context=Main$P:8,p
NO,object=Main$P:17
MC,caller=Main:1#a:19,target=Main$P:17#Main$P:17
VW,context=Main$P:17#Main$P:17,a=3
NO,object=int[]:16
FW,context=int[]:16,0=0
FW,context=int[]:16,1=1
FW,context=int[]:16,2=2
FW,context=int[]:16,3=0
VW,context=Main$P:17#Main$P:17,b=int[]:16
FW,context=Main$P:17,d=3
FW,context=Main$P:17,p=int[]:16
ME,returner=Main$P:17#Main$P:17,value=<void>
VW,context=Main:1#a:19,np=Main$P:17
FR,context=Main$P:17,p
FR,context=Main$P:17,p
FR,context=Main:1,d
MC,caller=Main:1#a:19,target=Main$P:17#compareTo:31
VW,context=Main$P:17#compareTo:31,t=Main$P:5
FR,context=Main$P:17,d
FR,context=Main$P:5,d
FR,context=Main$P:17,d
FR,context=Main$P:5,d
VW,context=Main$P:17#compareTo:31,result=2
ME,returner=Main$P:17#compareTo:31,value=2
ME,returner=Main:1#a:19,value=<void>
FR,context=Main:1,n
MC,caller=Main:1#d:1,target=Main:1#a:20
VW,context=Main:1#a:20,p=Main$P:8
VW,context=Main:1#a:20,f=2
VW,context=Main:1#a:20,t=4
FR,context=Main:1,c
FR,context=Main:1,INF
FR,context=Main$P:8,d
FR,context=Main:1,c
FR,context=Main$P:8,p
FR,context=Main$P:8,p
NO,object=Main$P:18
MC,caller=Main:1#a:20,target=Main$P:18#Main$P:18
VW,context=Main$P:18#Main$P:18,a=3
NO,object=int[]:17
FW,context=int[]:17,0=0
FW,context=int[]:17,1=1
FW,context=int[]:17,2=2
FW,context=int[]:17,3=0
VW,context=Main$P:18#Main$P:18,b=int[]:17
FW,context=Main$P:18,d=3
FW,context=Main$P:18,p=int[]:17
ME,returner=Main$P:18#Main$P:18,value=<void>
VW,context=Main:1#a:20,np=Main$P:18
FR,context=Main$P:18,p
FR,context=Main$P:18,p
FR,context=Main:1,d
MC,caller=Main:1#a:20,target=Main$P:18#compareTo:32
VW,context=Main$P:18#compareTo:32,t=Main$P:10
FR,context=Main$P:18,d
FR,context=Main$P:10,d
FR,context=Main$P:18,p
VW,context=Main$P:18#compareTo:32,i=0
FR,context=Main$P:10,p
FR,context=Main$P:18,p
FR,context=Main$P:10,p
FR,context=Main$P:18,p
VW,context=Main$P:18#compareTo:32,i=1
FR,context=Main$P:10,p
FR,context=Main$P:18,p
FR,context=Main$P:10,p
FR,context=Main$P:18,p
VW,context=Main$P:18#compareTo:32,i=2
FR,context=Main$P:10,p
FR,context=Main$P:18,p
FR,context=Main$P:10,p
FR,context=Main$P:18,p
FR,context=Main$P:10,p
VW,context=Main$P:18#compareTo:32,result=-2
ME,returner=Main$P:18#compareTo:32,value=-2
FR,context=Main:1,d
FR,context=Main:1,q
FR,context=Main:1,d
MC,caller=Main:1#a:20,target=Ljava/util/PriorityQueue;.add(Ljava/lang/Object;)
MC,caller=Ljava/util/PriorityQueue;.add(Ljava/lang/Object;),target=Ljava/util/PriorityQueue;.add(Ljava/lang/Object;)
MC,caller=Ljava/util/PriorityQueue;.add(Ljava/lang/Object;),target=Ljava/util/PriorityQueue;.offer(Ljava/lang/Object;)
MC,caller=Ljava/util/PriorityQueue;.offer(Ljava/lang/Object;),target=Ljava/util/PriorityQueue;.siftUp(ILjava/lang/Object;)
MC,caller=Ljava/util/PriorityQueue;.siftUp(ILjava/lang/Object;),target=Ljava/util/PriorityQueue;.siftUpComparable(ILjava/lang/Object;)
ME,returner=Ljava/util/PriorityQueue;.siftUpComparable(ILjava/lang/Object;),value=<void>
ME,returner=Ljava/util/PriorityQueue;.siftUp(ILjava/lang/Object;),value=<void>
ME,returner=Ljava/util/PriorityQueue;.offer(Ljava/lang/Object;),value=<void>
ME,returner=Ljava/util/PriorityQueue;.add(Ljava/lang/Object;),value=<void>
MC,caller=Ljava/util/PriorityQueue;.add(Ljava/lang/Object;),target=Ljava/util/PriorityQueue;.siftUp(ILjava/lang/Object;)
MC,caller=Ljava/util/PriorityQueue;.siftUp(ILjava/lang/Object;),target=Ljava/util/PriorityQueue;.siftUp(ILjava/lang/Object;)
MC,caller=Ljava/util/PriorityQueue;.siftUp(ILjava/lang/Object;),target=Ljava/util/PriorityQueue;.siftUpComparable(ILjava/lang/Object;)
MC,caller=Ljava/util/PriorityQueue;.siftUpComparable(ILjava/lang/Object;),target=LMain$P;.compareTo(Ljava/lang/Object;) <BRIDGE>
MC,caller=LMain$P;.compareTo(Ljava/lang/Object;) <BRIDGE>,target=Main$P:18#compareTo:33
VW,context=Main$P:18#compareTo:33,t=Main$P:10
FR,context=Main$P:18,d
FR,context=Main$P:10,d
FR,context=Main$P:18,p
VW,context=Main$P:18#compareTo:33,i=0
FR,context=Main$P:10,p
FR,context=Main$P:18,p
FR,context=Main$P:10,p
FR,context=Main$P:18,p
VW,context=Main$P:18#compareTo:33,i=1
FR,context=Main$P:10,p
FR,context=Main$P:18,p
FR,context=Main$P:10,p
FR,context=Main$P:18,p
VW,context=Main$P:18#compareTo:33,i=2
FR,context=Main$P:10,p
FR,context=Main$P:18,p
FR,context=Main$P:10,p
FR,context=Main$P:18,p
FR,context=Main$P:10,p
VW,context=Main$P:18#compareTo:33,result=-2
ME,returner=Main$P:18#compareTo:33,value=-2
MC,caller=LMain$P;.compareTo(Ljava/lang/Object;) <BRIDGE>,target=Main$P:18#compareTo:34
VW,context=Main$P:18#compareTo:34,t=Main$P:4
FR,context=Main$P:18,d
FR,context=Main$P:4,d
FR,context=Main$P:18,d
FR,context=Main$P:4,d
VW,context=Main$P:18#compareTo:34,result=1
ME,returner=Main$P:18#compareTo:34,value=1
ME,returner=LMain$P;.compareTo(Ljava/lang/Object;) <BRIDGE>,value=<void>
ME,returner=Ljava/util/PriorityQueue;.siftUpComparable(ILjava/lang/Object;),value=<void>
ME,returner=Ljava/util/PriorityQueue;.siftUp(ILjava/lang/Object;),value=<void>
ME,returner=Ljava/util/PriorityQueue;.siftUp(ILjava/lang/Object;),value=<void>
ME,returner=Ljava/util/PriorityQueue;.add(Ljava/lang/Object;),value=<void>
ME,returner=Main:1#a:20,value=<void>
FR,context=Main:1,n
FR,context=Main:1,q
FR,context=Main:1,q
MC,caller=Main:1#d:1,target=Ljava/util/AbstractQueue;.remove()
MC,caller=Ljava/util/AbstractQueue;.remove(),target=Ljava/util/AbstractQueue;.remove()
MC,caller=Ljava/util/AbstractQueue;.remove(),target=Ljava/util/PriorityQueue;.poll()
MC,caller=Ljava/util/PriorityQueue;.poll(),target=Ljava/util/PriorityQueue;.siftDown(ILjava/lang/Object;)
MC,caller=Ljava/util/PriorityQueue;.siftDown(ILjava/lang/Object;),target=Ljava/util/PriorityQueue;.siftDownComparable(ILjava/lang/Object;)
ME,returner=Ljava/util/PriorityQueue;.siftDownComparable(ILjava/lang/Object;),value=<void>
ME,returner=Ljava/util/PriorityQueue;.siftDown(ILjava/lang/Object;),value=<void>
ME,returner=Ljava/util/PriorityQueue;.poll(),value=<void>
ME,returner=Ljava/util/AbstractQueue;.remove(),value=<void>
MC,caller=Ljava/util/AbstractQueue;.remove(),target=Ljava/util/PriorityQueue;.siftDown(ILjava/lang/Object;)
MC,caller=Ljava/util/PriorityQueue;.siftDown(ILjava/lang/Object;),target=Ljava/util/PriorityQueue;.siftDown(ILjava/lang/Object;)
MC,caller=Ljava/util/PriorityQueue;.siftDown(ILjava/lang/Object;),target=Ljava/util/PriorityQueue;.siftDownComparable(ILjava/lang/Object;)
MC,caller=Ljava/util/PriorityQueue;.siftDownComparable(ILjava/lang/Object;),target=LMain$P;.compareTo(Ljava/lang/Object;) <BRIDGE>
MC,caller=LMain$P;.compareTo(Ljava/lang/Object;) <BRIDGE>,target=Main$P:18#compareTo:35
VW,context=Main$P:18#compareTo:35,t=Main$P:6
FR,context=Main$P:18,d
FR,context=Main$P:6,d
FR,context=Main$P:18,p
VW,context=Main$P:18#compareTo:35,i=0
FR,context=Main$P:6,p
FR,context=Main$P:18,p
FR,context=Main$P:6,p
FR,context=Main$P:18,p
VW,context=Main$P:18#compareTo:35,i=1
FR,context=Main$P:6,p
FR,context=Main$P:18,p
FR,context=Main$P:6,p
FR,context=Main$P:18,p
FR,context=Main$P:6,p
VW,context=Main$P:18#compareTo:35,result=-3
ME,returner=Main$P:18#compareTo:35,value=-3
MC,caller=LMain$P;.compareTo(Ljava/lang/Object;) <BRIDGE>,target=Main$P:10#compareTo:36
VW,context=Main$P:10#compareTo:36,t=Main$P:18
FR,context=Main$P:10,d
FR,context=Main$P:18,d
FR,context=Main$P:10,p
VW,context=Main$P:10#compareTo:36,i=0
FR,context=Main$P:18,p
FR,context=Main$P:10,p
FR,context=Main$P:18,p
FR,context=Main$P:10,p
VW,context=Main$P:10#compareTo:36,i=1
FR,context=Main$P:18,p
FR,context=Main$P:10,p
FR,context=Main$P:18,p
FR,context=Main$P:10,p
VW,context=Main$P:10#compareTo:36,i=2
FR,context=Main$P:18,p
FR,context=Main$P:10,p
FR,context=Main$P:18,p
FR,context=Main$P:10,p
FR,context=Main$P:18,p
VW,context=Main$P:10#compareTo:36,result=2
ME,returner=Main$P:10#compareTo:36,value=2
ME,returner=LMain$P;.compareTo(Ljava/lang/Object;) <BRIDGE>,value=<void>
ME,returner=Ljava/util/PriorityQueue;.siftDownComparable(ILjava/lang/Object;),value=<void>
ME,returner=Ljava/util/PriorityQueue;.siftDown(ILjava/lang/Object;),value=<void>
ME,returner=Ljava/util/PriorityQueue;.siftDown(ILjava/lang/Object;),value=<void>
ME,returner=Ljava/util/AbstractQueue;.remove(),value=<void>
VW,context=Main:1#d:1,p=Main$P:4
FR,context=Main$P:4,p
FR,context=Main$P:4,p
FR,context=Main:1,b
FR,context=Main:1,d
MC,caller=Main:1#d:1,target=Main$P:4#compareTo:37
VW,context=Main$P:4#compareTo:37,t=Main$P:8
FR,context=Main$P:4,d
FR,context=Main$P:8,d
FR,context=Main$P:4,p
VW,context=Main$P:4#compareTo:37,i=0
FR,context=Main$P:8,p
FR,context=Main$P:4,p
FR,context=Main$P:8,p
FR,context=Main$P:4,p
VW,context=Main$P:4#compareTo:37,i=1
FR,context=Main$P:8,p
FR,context=Main$P:4,p
FR,context=Main$P:8,p
FR,context=Main$P:4,p
FR,context=Main$P:8,p
VW,context=Main$P:4#compareTo:37,result=1
ME,returner=Main$P:4#compareTo:37,value=1
FR,context=Main:1,q
FR,context=Main:1,q
MC,caller=Main:1#d:1,target=Ljava/util/AbstractQueue;.remove()
MC,caller=Ljava/util/AbstractQueue;.remove(),target=Ljava/util/AbstractQueue;.remove()
MC,caller=Ljava/util/AbstractQueue;.remove(),target=Ljava/util/PriorityQueue;.poll()
MC,caller=Ljava/util/PriorityQueue;.poll(),target=Ljava/util/PriorityQueue;.siftDown(ILjava/lang/Object;)
MC,caller=Ljava/util/PriorityQueue;.siftDown(ILjava/lang/Object;),target=Ljava/util/PriorityQueue;.siftDownComparable(ILjava/lang/Object;)
ME,returner=Ljava/util/PriorityQueue;.siftDownComparable(ILjava/lang/Object;),value=<void>
ME,returner=Ljava/util/PriorityQueue;.siftDown(ILjava/lang/Object;),value=<void>
ME,returner=Ljava/util/PriorityQueue;.poll(),value=<void>
ME,returner=Ljava/util/AbstractQueue;.remove(),value=<void>
MC,caller=Ljava/util/AbstractQueue;.remove(),target=Ljava/util/PriorityQueue;.siftDown(ILjava/lang/Object;)
MC,caller=Ljava/util/PriorityQueue;.siftDown(ILjava/lang/Object;),target=Ljava/util/PriorityQueue;.siftDown(ILjava/lang/Object;)
MC,caller=Ljava/util/PriorityQueue;.siftDown(ILjava/lang/Object;),target=Ljava/util/PriorityQueue;.siftDownComparable(ILjava/lang/Object;)
MC,caller=Ljava/util/PriorityQueue;.siftDownComparable(ILjava/lang/Object;),target=LMain$P;.compareTo(Ljava/lang/Object;) <BRIDGE>
MC,caller=LMain$P;.compareTo(Ljava/lang/Object;) <BRIDGE>,target=Main$P:6#compareTo:38
VW,context=Main$P:6#compareTo:38,t=Main$P:10
FR,context=Main$P:6,d
FR,context=Main$P:10,d
FR,context=Main$P:6,p
VW,context=Main$P:6#compareTo:38,i=0
FR,context=Main$P:10,p
FR,context=Main$P:6,p
FR,context=Main$P:10,p
FR,context=Main$P:6,p
VW,context=Main$P:6#compareTo:38,i=1
FR,context=Main$P:10,p
FR,context=Main$P:6,p
FR,context=Main$P:10,p
FR,context=Main$P:6,p
FR,context=Main$P:10,p
VW,context=Main$P:6#compareTo:38,result=3
ME,returner=Main$P:6#compareTo:38,value=3
ME,returner=LMain$P;.compareTo(Ljava/lang/Object;) <BRIDGE>,value=<void>
ME,returner=Ljava/util/PriorityQueue;.siftDownComparable(ILjava/lang/Object;),value=<void>
ME,returner=Ljava/util/PriorityQueue;.siftDown(ILjava/lang/Object;),value=<void>
ME,returner=Ljava/util/PriorityQueue;.siftDown(ILjava/lang/Object;),value=<void>
ME,returner=Ljava/util/AbstractQueue;.remove(),value=<void>
VW,context=Main:1#d:1,p=Main$P:18
FR,context=Main$P:18,p
FR,context=Main$P:18,p
VW,context=Main:1#d:1,v=4
FR,context=Main:1,b
ME,returner=Main:1#d:1,value=<void>
FR,context=Main:1,d
FR,context=Main:1,b
FR,context=Main:1,d
FR,context=Main:1,b
FW,context=Main$P:18,s=java.util.BitSet (id=377)
FR,context=Main:1,d
FR,context=Main:1,b
FW,context=Main$P:18,x=1
FR,context=Main:1,kq
FR,context=Main:1,d
FR,context=Main:1,b
FR,context=Main:1,k
VW,context=Main:1#kd:1,i=1
FR,context=Main:1,kq
FR,context=Main:1,kq
VW,context=Main:1#kd:1,p=Main$P:18
FR,context=Main$P:18,s
FR,context=Main:1,n
VW,context=Main:1#kd:1,s=java.util.BitSet (id=413)
FR,context=Main$P:18,p
FR,context=Main$P:18,x
FR,context=Main$P:18,p
FR,context=Main$P:18,x
NO,object=int[]:18
FW,context=int[]:18,0=0
VW,context=Main:1#kd:1,op=int[]:18
VW,context=Main:1#kd:1,od=0
FR,context=Main:1,d
FR,context=Main:1,n
FR,context=Main$P:18,x
FR,context=Main$P:18,p
FR,context=Main$P:18,x
MC,caller=Main:1#kd:1,target=Main:1#d:2
VW,context=Main:1#d:2,s=java.util.BitSet (id=413)
VW,context=Main:1#d:2,a=0
VW,context=Main:1#d:2,od=0
VW,context=Main:1#d:2,op=int[]:18
FR,context=Main:1,q
FR,context=Main:1,d
NO,object=Main$P:19
MC,caller=Main:1#d:2,target=Main$P:19#Main$P:19
VW,context=Main$P:19#Main$P:19,a=0
VW,context=Main$P:19#Main$P:19,b=int[]:18
FW,context=Main$P:19,d=0
FW,context=Main$P:19,p=int[]:18
ME,returner=Main$P:19#Main$P:19,value=<void>
FR,context=Main:1,n
VW,context=Main:1#d:2,i=0
FR,context=Main:1,d
MC,caller=Main:1#d:2,target=Main:1#a:21
VW,context=Main:1#a:21,p=Main$P:19
VW,context=Main:1#a:21,f=0
VW,context=Main:1#a:21,t=0
FR,context=Main:1,c
FR,context=Main:1,INF
ME,returner=Main:1#a:21,value=<void>
FR,context=Main:1,n
VW,context=Main:1#d:2,i=1
FR,context=Main:1,n
VW,context=Main:1#d:2,i=2
FR,context=Main:1,d
MC,caller=Main:1#d:2,target=Main:1#a:22
VW,context=Main:1#a:22,p=Main$P:19
VW,context=Main:1#a:22,f=0
VW,context=Main:1#a:22,t=2
FR,context=Main:1,c
FR,context=Main:1,INF
FR,context=Main$P:19,d
FR,context=Main:1,c
FR,context=Main$P:19,p
FR,context=Main$P:19,p
NO,object=Main$P:20
MC,caller=Main:1#a:22,target=Main$P:20#Main$P:20
VW,context=Main$P:20#Main$P:20,a=2
NO,object=int[]:19
FW,context=int[]:19,0=0
FW,context=int[]:19,1=0
VW,context=Main$P:20#Main$P:20,b=int[]:19
FW,context=Main$P:20,d=2
FW,context=Main$P:20,p=int[]:19
ME,returner=Main$P:20#Main$P:20,value=<void>
VW,context=Main:1#a:22,np=Main$P:20
FR,context=Main$P:20,p
FR,context=Main$P:20,p
FR,context=Main:1,d
MC,caller=Main:1#a:22,target=Main$P:20#compareTo:39
VW,context=Main$P:20#compareTo:39,t=null
VW,context=Main$P:20#compareTo:39,result=-1
ME,returner=Main$P:20#compareTo:39,value=-1
FR,context=Main:1,d
FR,context=Main:1,q
FR,context=Main:1,d
ME,returner=Main:1#a:22,value=<void>
FR,context=Main:1,n
VW,context=Main:1#d:2,i=3
FR,context=Main:1,d
MC,caller=Main:1#d:2,target=Main:1#a:23
VW,context=Main:1#a:23,p=Main$P:19
VW,context=Main:1#a:23,f=0
VW,context=Main:1#a:23,t=3
FR,context=Main:1,c
FR,context=Main:1,INF
FR,context=Main$P:19,d
FR,context=Main:1,c
FR,context=Main$P:19,p
FR,context=Main$P:19,p
NO,object=Main$P:21
MC,caller=Main:1#a:23,target=Main$P:21#Main$P:21
VW,context=Main$P:21#Main$P:21,a=1
NO,object=int[]:20
FW,context=int[]:20,0=0
FW,context=int[]:20,1=0
VW,context=Main$P:21#Main$P:21,b=int[]:20
FW,context=Main$P:21,d=1
FW,context=Main$P:21,p=int[]:20
ME,returner=Main$P:21#Main$P:21,value=<void>
VW,context=Main:1#a:23,np=Main$P:21
FR,context=Main$P:21,p
FR,context=Main$P:21,p
FR,context=Main:1,d
MC,caller=Main:1#a:23,target=Main$P:21#compareTo:40
VW,context=Main$P:21#compareTo:40,t=null
VW,context=Main$P:21#compareTo:40,result=-1
ME,returner=Main$P:21#compareTo:40,value=-1
FR,context=Main:1,d
FR,context=Main:1,q
FR,context=Main:1,d
MC,caller=Main:1#a:23,target=Ljava/util/PriorityQueue;.add(Ljava/lang/Object;)
MC,caller=Ljava/util/PriorityQueue;.add(Ljava/lang/Object;),target=Ljava/util/PriorityQueue;.add(Ljava/lang/Object;)
MC,caller=Ljava/util/PriorityQueue;.add(Ljava/lang/Object;),target=Ljava/util/PriorityQueue;.offer(Ljava/lang/Object;)
MC,caller=Ljava/util/PriorityQueue;.offer(Ljava/lang/Object;),target=Ljava/util/PriorityQueue;.siftUp(ILjava/lang/Object;)
MC,caller=Ljava/util/PriorityQueue;.siftUp(ILjava/lang/Object;),target=Ljava/util/PriorityQueue;.siftUpComparable(ILjava/lang/Object;)
ME,returner=Ljava/util/PriorityQueue;.siftUpComparable(ILjava/lang/Object;),value=<void>
ME,returner=Ljava/util/PriorityQueue;.siftUp(ILjava/lang/Object;),value=<void>
ME,returner=Ljava/util/PriorityQueue;.offer(Ljava/lang/Object;),value=<void>
ME,returner=Ljava/util/PriorityQueue;.add(Ljava/lang/Object;),value=<void>
MC,caller=Ljava/util/PriorityQueue;.add(Ljava/lang/Object;),target=Ljava/util/PriorityQueue;.siftUp(ILjava/lang/Object;)
MC,caller=Ljava/util/PriorityQueue;.siftUp(ILjava/lang/Object;),target=Ljava/util/PriorityQueue;.siftUp(ILjava/lang/Object;)
MC,caller=Ljava/util/PriorityQueue;.siftUp(ILjava/lang/Object;),target=Ljava/util/PriorityQueue;.siftUpComparable(ILjava/lang/Object;)
MC,caller=Ljava/util/PriorityQueue;.siftUpComparable(ILjava/lang/Object;),target=LMain$P;.compareTo(Ljava/lang/Object;) <BRIDGE>
MC,caller=LMain$P;.compareTo(Ljava/lang/Object;) <BRIDGE>,target=Main$P:21#compareTo:41
VW,context=Main$P:21#compareTo:41,t=Main$P:20
FR,context=Main$P:21,d
FR,context=Main$P:20,d
FR,context=Main$P:21,d
FR,context=Main$P:20,d
VW,context=Main$P:21#compareTo:41,result=-1
ME,returner=Main$P:21#compareTo:41,value=-1
ME,returner=LMain$P;.compareTo(Ljava/lang/Object;) <BRIDGE>,value=<void>
ME,returner=Ljava/util/PriorityQueue;.siftUpComparable(ILjava/lang/Object;),value=<void>
ME,returner=Ljava/util/PriorityQueue;.siftUp(ILjava/lang/Object;),value=<void>
ME,returner=Ljava/util/PriorityQueue;.siftUp(ILjava/lang/Object;),value=<void>
ME,returner=Ljava/util/PriorityQueue;.add(Ljava/lang/Object;),value=<void>
ME,returner=Main:1#a:23,value=<void>
FR,context=Main:1,n
VW,context=Main:1#d:2,i=4
FR,context=Main:1,d
MC,caller=Main:1#d:2,target=Main:1#a:24
VW,context=Main:1#a:24,p=Main$P:19
VW,context=Main:1#a:24,f=0
VW,context=Main:1#a:24,t=4
FR,context=Main:1,c
FR,context=Main:1,INF
FR,context=Main$P:19,d
FR,context=Main:1,c
FR,context=Main$P:19,p
FR,context=Main$P:19,p
NO,object=Main$P:22
MC,caller=Main:1#a:24,target=Main$P:22#Main$P:22
VW,context=Main$P:22#Main$P:22,a=3
NO,object=int[]:21
FW,context=int[]:21,0=0
FW,context=int[]:21,1=0
VW,context=Main$P:22#Main$P:22,b=int[]:21
FW,context=Main$P:22,d=3
FW,context=Main$P:22,p=int[]:21
ME,returner=Main$P:22#Main$P:22,value=<void>
VW,context=Main:1#a:24,np=Main$P:22
FR,context=Main$P:22,p
FR,context=Main$P:22,p
FR,context=Main:1,d
MC,caller=Main:1#a:24,target=Main$P:22#compareTo:42
VW,context=Main$P:22#compareTo:42,t=null
VW,context=Main$P:22#compareTo:42,result=-1
ME,returner=Main$P:22#compareTo:42,value=-1
FR,context=Main:1,d
FR,context=Main:1,q
FR,context=Main:1,d
MC,caller=Main:1#a:24,target=Ljava/util/PriorityQueue;.add(Ljava/lang/Object;)
MC,caller=Ljava/util/PriorityQueue;.add(Ljava/lang/Object;),target=Ljava/util/PriorityQueue;.add(Ljava/lang/Object;)
MC,caller=Ljava/util/PriorityQueue;.add(Ljava/lang/Object;),target=Ljava/util/PriorityQueue;.offer(Ljava/lang/Object;)
MC,caller=Ljava/util/PriorityQueue;.offer(Ljava/lang/Object;),target=Ljava/util/PriorityQueue;.siftUp(ILjava/lang/Object;)
MC,caller=Ljava/util/PriorityQueue;.siftUp(ILjava/lang/Object;),target=Ljava/util/PriorityQueue;.siftUpComparable(ILjava/lang/Object;)
ME,returner=Ljava/util/PriorityQueue;.siftUpComparable(ILjava/lang/Object;),value=<void>
ME,returner=Ljava/util/PriorityQueue;.siftUp(ILjava/lang/Object;),value=<void>
ME,returner=Ljava/util/PriorityQueue;.offer(Ljava/lang/Object;),value=<void>
ME,returner=Ljava/util/PriorityQueue;.add(Ljava/lang/Object;),value=<void>
MC,caller=Ljava/util/PriorityQueue;.add(Ljava/lang/Object;),target=Ljava/util/PriorityQueue;.siftUp(ILjava/lang/Object;)
MC,caller=Ljava/util/PriorityQueue;.siftUp(ILjava/lang/Object;),target=Ljava/util/PriorityQueue;.siftUp(ILjava/lang/Object;)
MC,caller=Ljava/util/PriorityQueue;.siftUp(ILjava/lang/Object;),target=Ljava/util/PriorityQueue;.siftUpComparable(ILjava/lang/Object;)
MC,caller=Ljava/util/PriorityQueue;.siftUpComparable(ILjava/lang/Object;),target=LMain$P;.compareTo(Ljava/lang/Object;) <BRIDGE>
MC,caller=LMain$P;.compareTo(Ljava/lang/Object;) <BRIDGE>,target=Main$P:22#compareTo:43
VW,context=Main$P:22#compareTo:43,t=Main$P:21
FR,context=Main$P:22,d
FR,context=Main$P:21,d
FR,context=Main$P:22,d
FR,context=Main$P:21,d
VW,context=Main$P:22#compareTo:43,result=2
ME,returner=Main$P:22#compareTo:43,value=2
ME,returner=LMain$P;.compareTo(Ljava/lang/Object;) <BRIDGE>,value=<void>
ME,returner=Ljava/util/PriorityQueue;.siftUpComparable(ILjava/lang/Object;),value=<void>
ME,returner=Ljava/util/PriorityQueue;.siftUp(ILjava/lang/Object;),value=<void>
ME,returner=Ljava/util/PriorityQueue;.siftUp(ILjava/lang/Object;),value=<void>
ME,returner=Ljava/util/PriorityQueue;.add(Ljava/lang/Object;),value=<void>
ME,returner=Main:1#a:24,value=<void>
FR,context=Main:1,n
FR,context=Main:1,q
FR,context=Main:1,q
MC,caller=Main:1#d:2,target=Ljava/util/AbstractQueue;.remove()
MC,caller=Ljava/util/AbstractQueue;.remove(),target=Ljava/util/AbstractQueue;.remove()
MC,caller=Ljava/util/AbstractQueue;.remove(),target=Ljava/util/PriorityQueue;.poll()
MC,caller=Ljava/util/PriorityQueue;.poll(),target=Ljava/util/PriorityQueue;.siftDown(ILjava/lang/Object;)
MC,caller=Ljava/util/PriorityQueue;.siftDown(ILjava/lang/Object;),target=Ljava/util/PriorityQueue;.siftDownComparable(ILjava/lang/Object;)
ME,returner=Ljava/util/PriorityQueue;.siftDownComparable(ILjava/lang/Object;),value=<void>
ME,returner=Ljava/util/PriorityQueue;.siftDown(ILjava/lang/Object;),value=<void>
ME,returner=Ljava/util/PriorityQueue;.poll(),value=<void>
ME,returner=Ljava/util/AbstractQueue;.remove(),value=<void>
MC,caller=Ljava/util/AbstractQueue;.remove(),target=Ljava/util/PriorityQueue;.siftDown(ILjava/lang/Object;)
MC,caller=Ljava/util/PriorityQueue;.siftDown(ILjava/lang/Object;),target=Ljava/util/PriorityQueue;.siftDown(ILjava/lang/Object;)
MC,caller=Ljava/util/PriorityQueue;.siftDown(ILjava/lang/Object;),target=Ljava/util/PriorityQueue;.siftDownComparable(ILjava/lang/Object;)
MC,caller=Ljava/util/PriorityQueue;.siftDownComparable(ILjava/lang/Object;),target=LMain$P;.compareTo(Ljava/lang/Object;) <BRIDGE>
MC,caller=LMain$P;.compareTo(Ljava/lang/Object;) <BRIDGE>,target=Main$P:22#compareTo:44
VW,context=Main$P:22#compareTo:44,t=Main$P:20
FR,context=Main$P:22,d
FR,context=Main$P:20,d
FR,context=Main$P:22,d
FR,context=Main$P:20,d
VW,context=Main$P:22#compareTo:44,result=1
ME,returner=Main$P:22#compareTo:44,value=1
ME,returner=LMain$P;.compareTo(Ljava/lang/Object;) <BRIDGE>,value=<void>
ME,returner=Ljava/util/PriorityQueue;.siftDownComparable(ILjava/lang/Object;),value=<void>
ME,returner=Ljava/util/PriorityQueue;.siftDown(ILjava/lang/Object;),value=<void>
ME,returner=Ljava/util/PriorityQueue;.siftDown(ILjava/lang/Object;),value=<void>
ME,returner=Ljava/util/AbstractQueue;.remove(),value=<void>
VW,context=Main:1#d:2,p=Main$P:21
FR,context=Main$P:21,p
FR,context=Main$P:21,p
VW,context=Main:1#d:2,v=3
FR,context=Main:1,b
FR,context=Main:1,d
MC,caller=Main:1#d:2,target=Main$P:21#compareTo:45
VW,context=Main$P:21#compareTo:45,t=Main$P:21
FR,context=Main$P:21,d
FR,context=Main$P:21,d
FR,context=Main$P:21,p
VW,context=Main$P:21#compareTo:45,i=0
FR,context=Main$P:21,p
FR,context=Main$P:21,p
FR,context=Main$P:21,p
FR,context=Main$P:21,p
VW,context=Main$P:21#compareTo:45,i=1
FR,context=Main$P:21,p
FR,context=Main$P:21,p
FR,context=Main$P:21,p
FR,context=Main$P:21,p
FR,context=Main$P:21,p
FR,context=Main$P:21,p
VW,context=Main$P:21#compareTo:45,result=0
ME,returner=Main$P:21#compareTo:45,value=0
FR,context=Main:1,n
MC,caller=Main:1#d:2,target=Main:1#a:25
VW,context=Main:1#a:25,p=Main$P:21
VW,context=Main:1#a:25,f=3
VW,context=Main:1#a:25,t=0
FR,context=Main:1,c
FR,context=Main:1,INF
FR,context=Main$P:21,d
FR,context=Main:1,c
FR,context=Main$P:21,p
FR,context=Main$P:21,p
NO,object=Main$P:23
MC,caller=Main:1#a:25,target=Main$P:23#Main$P:23
VW,context=Main$P:23#Main$P:23,a=2
NO,object=int[]:22
FW,context=int[]:22,0=0
FW,context=int[]:22,1=3
FW,context=int[]:22,2=0
VW,context=Main$P:23#Main$P:23,b=int[]:22
FW,context=Main$P:23,d=2
FW,context=Main$P:23,p=int[]:22
ME,returner=Main$P:23#Main$P:23,value=<void>
VW,context=Main:1#a:25,np=Main$P:23
FR,context=Main$P:23,p
FR,context=Main$P:23,p
FR,context=Main:1,d
MC,caller=Main:1#a:25,target=Main$P:23#compareTo:46
VW,context=Main$P:23#compareTo:46,t=Main$P:19
FR,context=Main$P:23,d
FR,context=Main$P:19,d
FR,context=Main$P:23,d
FR,context=Main$P:19,d
VW,context=Main$P:23#compareTo:46,result=2
ME,returner=Main$P:23#compareTo:46,value=2
ME,returner=Main:1#a:25,value=<void>
FR,context=Main:1,n
MC,caller=Main:1#d:2,target=Main:1#a:26
VW,context=Main:1#a:26,p=Main$P:21
VW,context=Main:1#a:26,f=3
VW,context=Main:1#a:26,t=1
FR,context=Main:1,c
FR,context=Main:1,INF
FR,context=Main$P:21,d
FR,context=Main:1,c
FR,context=Main$P:21,p
FR,context=Main$P:21,p
NO,object=Main$P:24
MC,caller=Main:1#a:26,target=Main$P:24#Main$P:24
VW,context=Main$P:24#Main$P:24,a=2
NO,object=int[]:23
FW,context=int[]:23,0=0
FW,context=int[]:23,1=3
FW,context=int[]:23,2=0
VW,context=Main$P:24#Main$P:24,b=int[]:23
FW,context=Main$P:24,d=2
FW,context=Main$P:24,p=int[]:23
ME,returner=Main$P:24#Main$P:24,value=<void>
VW,context=Main:1#a:26,np=Main$P:24
FR,context=Main$P:24,p
FR,context=Main$P:24,p
FR,context=Main:1,d
MC,caller=Main:1#a:26,target=Main$P:24#compareTo:47
VW,context=Main$P:24#compareTo:47,t=null
VW,context=Main$P:24#compareTo:47,result=-1
ME,returner=Main$P:24#compareTo:47,value=-1
FR,context=Main:1,d
FR,context=Main:1,q
FR,context=Main:1,d
MC,caller=Main:1#a:26,target=Ljava/util/PriorityQueue;.add(Ljava/lang/Object;)
MC,caller=Ljava/util/PriorityQueue;.add(Ljava/lang/Object;),target=Ljava/util/PriorityQueue;.add(Ljava/lang/Object;)
MC,caller=Ljava/util/PriorityQueue;.add(Ljava/lang/Object;),target=Ljava/util/PriorityQueue;.offer(Ljava/lang/Object;)
MC,caller=Ljava/util/PriorityQueue;.offer(Ljava/lang/Object;),target=Ljava/util/PriorityQueue;.siftUp(ILjava/lang/Object;)
MC,caller=Ljava/util/PriorityQueue;.siftUp(ILjava/lang/Object;),target=Ljava/util/PriorityQueue;.siftUpComparable(ILjava/lang/Object;)
ME,returner=Ljava/util/PriorityQueue;.siftUpComparable(ILjava/lang/Object;),value=<void>
ME,returner=Ljava/util/PriorityQueue;.siftUp(ILjava/lang/Object;),value=<void>
ME,returner=Ljava/util/PriorityQueue;.offer(Ljava/lang/Object;),value=<void>
ME,returner=Ljava/util/PriorityQueue;.add(Ljava/lang/Object;),value=<void>
MC,caller=Ljava/util/PriorityQueue;.add(Ljava/lang/Object;),target=Ljava/util/PriorityQueue;.siftUp(ILjava/lang/Object;)
MC,caller=Ljava/util/PriorityQueue;.siftUp(ILjava/lang/Object;),target=Ljava/util/PriorityQueue;.siftUp(ILjava/lang/Object;)
MC,caller=Ljava/util/PriorityQueue;.siftUp(ILjava/lang/Object;),target=Ljava/util/PriorityQueue;.siftUpComparable(ILjava/lang/Object;)
MC,caller=Ljava/util/PriorityQueue;.siftUpComparable(ILjava/lang/Object;),target=LMain$P;.compareTo(Ljava/lang/Object;) <BRIDGE>
MC,caller=LMain$P;.compareTo(Ljava/lang/Object;) <BRIDGE>,target=Main$P:24#compareTo:48
VW,context=Main$P:24#compareTo:48,t=Main$P:20
FR,context=Main$P:24,d
FR,context=Main$P:20,d
FR,context=Main$P:24,p
VW,context=Main$P:24#compareTo:48,i=0
FR,context=Main$P:20,p
FR,context=Main$P:24,p
FR,context=Main$P:20,p
FR,context=Main$P:24,p
VW,context=Main$P:24#compareTo:48,i=1
FR,context=Main$P:20,p
FR,context=Main$P:24,p
FR,context=Main$P:20,p
FR,context=Main$P:24,p
FR,context=Main$P:20,p
VW,context=Main$P:24#compareTo:48,result=1
ME,returner=Main$P:24#compareTo:48,value=1
ME,returner=LMain$P;.compareTo(Ljava/lang/Object;) <BRIDGE>,value=<void>
ME,returner=Ljava/util/PriorityQueue;.siftUpComparable(ILjava/lang/Object;),value=<void>
ME,returner=Ljava/util/PriorityQueue;.siftUp(ILjava/lang/Object;),value=<void>
ME,returner=Ljava/util/PriorityQueue;.siftUp(ILjava/lang/Object;),value=<void>
ME,returner=Ljava/util/PriorityQueue;.add(Ljava/lang/Object;),value=<void>
ME,returner=Main:1#a:26,value=<void>
FR,context=Main:1,n
MC,caller=Main:1#d:2,target=Main:1#a:27
VW,context=Main:1#a:27,p=Main$P:21
VW,context=Main:1#a:27,f=3
VW,context=Main:1#a:27,t=2
FR,context=Main:1,c
FR,context=Main:1,INF
FR,context=Main$P:21,d
FR,context=Main:1,c
FR,context=Main$P:21,p
FR,context=Main$P:21,p
NO,object=Main$P:25
MC,caller=Main:1#a:27,target=Main$P:25#Main$P:25
VW,context=Main$P:25#Main$P:25,a=2
NO,object=int[]:24
FW,context=int[]:24,0=0
FW,context=int[]:24,1=3
FW,context=int[]:24,2=0
VW,context=Main$P:25#Main$P:25,b=int[]:24
FW,context=Main$P:25,d=2
FW,context=Main$P:25,p=int[]:24
ME,returner=Main$P:25#Main$P:25,value=<void>
VW,context=Main:1#a:27,np=Main$P:25
FR,context=Main$P:25,p
FR,context=Main$P:25,p
FR,context=Main:1,d
MC,caller=Main:1#a:27,target=Main$P:25#compareTo:49
VW,context=Main$P:25#compareTo:49,t=Main$P:20
FR,context=Main$P:25,d
FR,context=Main$P:20,d
FR,context=Main$P:25,p
VW,context=Main$P:25#compareTo:49,i=0
FR,context=Main$P:20,p
FR,context=Main$P:25,p
FR,context=Main$P:20,p
FR,context=Main$P:25,p
VW,context=Main$P:25#compareTo:49,i=1
FR,context=Main$P:20,p
FR,context=Main$P:25,p
FR,context=Main$P:20,p
FR,context=Main$P:25,p
FR,context=Main$P:20,p
VW,context=Main$P:25#compareTo:49,result=1
ME,returner=Main$P:25#compareTo:49,value=1
ME,returner=Main:1#a:27,value=<void>
FR,context=Main:1,n
MC,caller=Main:1#d:2,target=Main:1#a:28
VW,context=Main:1#a:28,p=Main$P:21
VW,context=Main:1#a:28,f=3
VW,context=Main:1#a:28,t=3
FR,context=Main:1,c
FR,context=Main:1,INF
ME,returner=Main:1#a:28,value=<void>
FR,context=Main:1,n
MC,caller=Main:1#d:2,target=Main:1#a:29
VW,context=Main:1#a:29,p=Main$P:21
VW,context=Main:1#a:29,f=3
VW,context=Main:1#a:29,t=4
FR,context=Main:1,c
FR,context=Main:1,INF
FR,context=Main$P:21,d
FR,context=Main:1,c
FR,context=Main$P:21,p
FR,context=Main$P:21,p
NO,object=Main$P:26
MC,caller=Main:1#a:29,target=Main$P:26#Main$P:26
VW,context=Main$P:26#Main$P:26,a=3
NO,object=int[]:25
FW,context=int[]:25,0=0
FW,context=int[]:25,1=3
FW,context=int[]:25,2=0
VW,context=Main$P:26#Main$P:26,b=int[]:25
FW,context=Main$P:26,d=3
FW,context=Main$P:26,p=int[]:25
ME,returner=Main$P:26#Main$P:26,value=<void>
VW,context=Main:1#a:29,np=Main$P:26
FR,context=Main$P:26,p
FR,context=Main$P:26,p
FR,context=Main:1,d
MC,caller=Main:1#a:29,target=Main$P:26#compareTo:50
VW,context=Main$P:26#compareTo:50,t=Main$P:22
FR,context=Main$P:26,d
FR,context=Main$P:22,d
FR,context=Main$P:26,p
VW,context=Main$P:26#compareTo:50,i=0
FR,context=Main$P:22,p
FR,context=Main$P:26,p
FR,context=Main$P:22,p
FR,context=Main$P:26,p
VW,context=Main$P:26#compareTo:50,i=1
FR,context=Main$P:22,p
FR,context=Main$P:26,p
FR,context=Main$P:22,p
FR,context=Main$P:26,p
FR,context=Main$P:22,p
VW,context=Main$P:26#compareTo:50,result=-1
ME,returner=Main$P:26#compareTo:50,value=-1
FR,context=Main:1,d
FR,context=Main:1,q
FR,context=Main:1,d
MC,caller=Main:1#a:29,target=Ljava/util/PriorityQueue;.add(Ljava/lang/Object;)
MC,caller=Ljava/util/PriorityQueue;.add(Ljava/lang/Object;),target=Ljava/util/PriorityQueue;.add(Ljava/lang/Object;)
MC,caller=Ljava/util/PriorityQueue;.add(Ljava/lang/Object;),target=Ljava/util/PriorityQueue;.offer(Ljava/lang/Object;)
MC,caller=Ljava/util/PriorityQueue;.offer(Ljava/lang/Object;),target=Ljava/util/PriorityQueue;.siftUp(ILjava/lang/Object;)
MC,caller=Ljava/util/PriorityQueue;.siftUp(ILjava/lang/Object;),target=Ljava/util/PriorityQueue;.siftUpComparable(ILjava/lang/Object;)
ME,returner=Ljava/util/PriorityQueue;.siftUpComparable(ILjava/lang/Object;),value=<void>
ME,returner=Ljava/util/PriorityQueue;.siftUp(ILjava/lang/Object;),value=<void>
ME,returner=Ljava/util/PriorityQueue;.offer(Ljava/lang/Object;),value=<void>
ME,returner=Ljava/util/PriorityQueue;.add(Ljava/lang/Object;),value=<void>
MC,caller=Ljava/util/PriorityQueue;.add(Ljava/lang/Object;),target=Ljava/util/PriorityQueue;.siftUp(ILjava/lang/Object;)
MC,caller=Ljava/util/PriorityQueue;.siftUp(ILjava/lang/Object;),target=Ljava/util/PriorityQueue;.siftUp(ILjava/lang/Object;)
MC,caller=Ljava/util/PriorityQueue;.siftUp(ILjava/lang/Object;),target=Ljava/util/PriorityQueue;.siftUpComparable(ILjava/lang/Object;)
MC,caller=Ljava/util/PriorityQueue;.siftUpComparable(ILjava/lang/Object;),target=LMain$P;.compareTo(Ljava/lang/Object;) <BRIDGE>
MC,caller=LMain$P;.compareTo(Ljava/lang/Object;) <BRIDGE>,target=Main$P:26#compareTo:51
VW,context=Main$P:26#compareTo:51,t=Main$P:22
FR,context=Main$P:26,d
FR,context=Main$P:22,d
FR,context=Main$P:26,p
VW,context=Main$P:26#compareTo:51,i=0
FR,context=Main$P:22,p
FR,context=Main$P:26,p
FR,context=Main$P:22,p
FR,context=Main$P:26,p
VW,context=Main$P:26#compareTo:51,i=1
FR,context=Main$P:22,p
FR,context=Main$P:26,p
FR,context=Main$P:22,p
FR,context=Main$P:26,p
FR,context=Main$P:22,p
VW,context=Main$P:26#compareTo:51,result=-1
ME,returner=Main$P:26#compareTo:51,value=-1
MC,caller=LMain$P;.compareTo(Ljava/lang/Object;) <BRIDGE>,target=Main$P:26#compareTo:52
VW,context=Main$P:26#compareTo:52,t=Main$P:20
FR,context=Main$P:26,d
FR,context=Main$P:20,d
FR,context=Main$P:26,d
FR,context=Main$P:20,d
VW,context=Main$P:26#compareTo:52,result=1
ME,returner=Main$P:26#compareTo:52,value=1
ME,returner=LMain$P;.compareTo(Ljava/lang/Object;) <BRIDGE>,value=<void>
ME,returner=Ljava/util/PriorityQueue;.siftUpComparable(ILjava/lang/Object;),value=<void>
ME,returner=Ljava/util/PriorityQueue;.siftUp(ILjava/lang/Object;),value=<void>
ME,returner=Ljava/util/PriorityQueue;.siftUp(ILjava/lang/Object;),value=<void>
ME,returner=Ljava/util/PriorityQueue;.add(Ljava/lang/Object;),value=<void>
ME,returner=Main:1#a:29,value=<void>
FR,context=Main:1,n
FR,context=Main:1,q
FR,context=Main:1,q
MC,caller=Main:1#d:2,target=Ljava/util/AbstractQueue;.remove()
MC,caller=Ljava/util/AbstractQueue;.remove(),target=Ljava/util/AbstractQueue;.remove()
MC,caller=Ljava/util/AbstractQueue;.remove(),target=Ljava/util/PriorityQueue;.poll()
MC,caller=Ljava/util/PriorityQueue;.poll(),target=Ljava/util/PriorityQueue;.siftDown(ILjava/lang/Object;)
MC,caller=Ljava/util/PriorityQueue;.siftDown(ILjava/lang/Object;),target=Ljava/util/PriorityQueue;.siftDownComparable(ILjava/lang/Object;)
ME,returner=Ljava/util/PriorityQueue;.siftDownComparable(ILjava/lang/Object;),value=<void>
ME,returner=Ljava/util/PriorityQueue;.siftDown(ILjava/lang/Object;),value=<void>
ME,returner=Ljava/util/PriorityQueue;.poll(),value=<void>
ME,returner=Ljava/util/AbstractQueue;.remove(),value=<void>
MC,caller=Ljava/util/AbstractQueue;.remove(),target=Ljava/util/PriorityQueue;.siftDown(ILjava/lang/Object;)
MC,caller=Ljava/util/PriorityQueue;.siftDown(ILjava/lang/Object;),target=Ljava/util/PriorityQueue;.siftDown(ILjava/lang/Object;)
MC,caller=Ljava/util/PriorityQueue;.siftDown(ILjava/lang/Object;),target=Ljava/util/PriorityQueue;.siftDownComparable(ILjava/lang/Object;)
MC,caller=Ljava/util/PriorityQueue;.siftDownComparable(ILjava/lang/Object;),target=LMain$P;.compareTo(Ljava/lang/Object;) <BRIDGE>
MC,caller=LMain$P;.compareTo(Ljava/lang/Object;) <BRIDGE>,target=Main$P:26#compareTo:53
VW,context=Main$P:26#compareTo:53,t=Main$P:24
FR,context=Main$P:26,d
FR,context=Main$P:24,d
FR,context=Main$P:26,d
FR,context=Main$P:24,d
VW,context=Main$P:26#compareTo:53,result=1
ME,returner=Main$P:26#compareTo:53,value=1
MC,caller=LMain$P;.compareTo(Ljava/lang/Object;) <BRIDGE>,target=Main$P:22#compareTo:54
VW,context=Main$P:22#compareTo:54,t=Main$P:24
FR,context=Main$P:22,d
FR,context=Main$P:24,d
FR,context=Main$P:22,d
FR,context=Main$P:24,d
VW,context=Main$P:22#compareTo:54,result=1
ME,returner=Main$P:22#compareTo:54,value=1
ME,returner=LMain$P;.compareTo(Ljava/lang/Object;) <BRIDGE>,value=<void>
ME,returner=Ljava/util/PriorityQueue;.siftDownComparable(ILjava/lang/Object;),value=<void>
ME,returner=Ljava/util/PriorityQueue;.siftDown(ILjava/lang/Object;),value=<void>
ME,returner=Ljava/util/PriorityQueue;.siftDown(ILjava/lang/Object;),value=<void>
ME,returner=Ljava/util/AbstractQueue;.remove(),value=<void>
VW,context=Main:1#d:2,p=Main$P:20
FR,context=Main$P:20,p
FR,context=Main$P:20,p
VW,context=Main:1#d:2,v=2
FR,context=Main:1,b
FR,context=Main:1,d
MC,caller=Main:1#d:2,target=Main$P:20#compareTo:55
VW,context=Main$P:20#compareTo:55,t=Main$P:20
FR,context=Main$P:20,d
FR,context=Main$P:20,d
FR,context=Main$P:20,p
VW,context=Main$P:20#compareTo:55,i=0
FR,context=Main$P:20,p
FR,context=Main$P:20,p
FR,context=Main$P:20,p
FR,context=Main$P:20,p
VW,context=Main$P:20#compareTo:55,i=1
FR,context=Main$P:20,p
FR,context=Main$P:20,p
FR,context=Main$P:20,p
FR,context=Main$P:20,p
FR,context=Main$P:20,p
FR,context=Main$P:20,p
VW,context=Main$P:20#compareTo:55,result=0
ME,returner=Main$P:20#compareTo:55,value=0
FR,context=Main:1,n
MC,caller=Main:1#d:2,target=Main:1#a:30
VW,context=Main:1#a:30,p=Main$P:20
VW,context=Main:1#a:30,f=2
VW,context=Main:1#a:30,t=0
FR,context=Main:1,c
FR,context=Main:1,INF
FR,context=Main$P:20,d
FR,context=Main:1,c
FR,context=Main$P:20,p
FR,context=Main$P:20,p
NO,object=Main$P:27
MC,caller=Main:1#a:30,target=Main$P:27#Main$P:27
VW,context=Main$P:27#Main$P:27,a=3
NO,object=int[]:26
FW,context=int[]:26,0=0
FW,context=int[]:26,1=2
FW,context=int[]:26,2=0
VW,context=Main$P:27#Main$P:27,b=int[]:26
FW,context=Main$P:27,d=3
FW,context=Main$P:27,p=int[]:26
ME,returner=Main$P:27#Main$P:27,value=<void>
VW,context=Main:1#a:30,np=Main$P:27
FR,context=Main$P:27,p
FR,context=Main$P:27,p
FR,context=Main:1,d
MC,caller=Main:1#a:30,target=Main$P:27#compareTo:56
VW,context=Main$P:27#compareTo:56,t=Main$P:19
FR,context=Main$P:27,d
FR,context=Main$P:19,d
FR,context=Main$P:27,d
FR,context=Main$P:19,d
VW,context=Main$P:27#compareTo:56,result=3
ME,returner=Main$P:27#compareTo:56,value=3
ME,returner=Main:1#a:30,value=<void>
FR,context=Main:1,n
MC,caller=Main:1#d:2,target=Main:1#a:31
VW,context=Main:1#a:31,p=Main$P:20
VW,context=Main:1#a:31,f=2
VW,context=Main:1#a:31,t=1
FR,context=Main:1,c
FR,context=Main:1,INF
FR,context=Main$P:20,d
FR,context=Main:1,c
FR,context=Main$P:20,p
FR,context=Main$P:20,p
NO,object=Main$P:28
MC,caller=Main:1#a:31,target=Main$P:28#Main$P:28
VW,context=Main$P:28#Main$P:28,a=4
NO,object=int[]:27
FW,context=int[]:27,0=0
FW,context=int[]:27,1=2
FW,context=int[]:27,2=0
VW,context=Main$P:28#Main$P:28,b=int[]:27
FW,context=Main$P:28,d=4
FW,context=Main$P:28,p=int[]:27
ME,returner=Main$P:28#Main$P:28,value=<void>
VW,context=Main:1#a:31,np=Main$P:28
FR,context=Main$P:28,p
FR,context=Main$P:28,p
FR,context=Main:1,d
MC,caller=Main:1#a:31,target=Main$P:28#compareTo:57
VW,context=Main$P:28#compareTo:57,t=Main$P:24
FR,context=Main$P:28,d
FR,context=Main$P:24,d
FR,context=Main$P:28,d
FR,context=Main$P:24,d
VW,context=Main$P:28#compareTo:57,result=2
ME,returner=Main$P:28#compareTo:57,value=2
ME,returner=Main:1#a:31,value=<void>
FR,context=Main:1,n
MC,caller=Main:1#d:2,target=Main:1#a:32
VW,context=Main:1#a:32,p=Main$P:20
VW,context=Main:1#a:32,f=2
VW,context=Main:1#a:32,t=2
FR,context=Main:1,c
FR,context=Main:1,INF
ME,returner=Main:1#a:32,value=<void>
FR,context=Main:1,n
MC,caller=Main:1#d:2,target=Main:1#a:33
VW,context=Main:1#a:33,p=Main$P:20
VW,context=Main:1#a:33,f=2
VW,context=Main:1#a:33,t=3
FR,context=Main:1,c
FR,context=Main:1,INF
FR,context=Main$P:20,d
FR,context=Main:1,c
FR,context=Main$P:20,p
FR,context=Main$P:20,p
NO,object=Main$P:29
MC,caller=Main:1#a:33,target=Main$P:29#Main$P:29
VW,context=Main$P:29#Main$P:29,a=3
NO,object=int[]:28
FW,context=int[]:28,0=0
FW,context=int[]:28,1=2
FW,context=int[]:28,2=0
VW,context=Main$P:29#Main$P:29,b=int[]:28
FW,context=Main$P:29,d=3
FW,context=Main$P:29,p=int[]:28
ME,returner=Main$P:29#Main$P:29,value=<void>
VW,context=Main:1#a:33,np=Main$P:29
FR,context=Main$P:29,p
FR,context=Main$P:29,p
FR,context=Main:1,d
MC,caller=Main:1#a:33,target=Main$P:29#compareTo:58
VW,context=Main$P:29#compareTo:58,t=Main$P:21
FR,context=Main$P:29,d
FR,context=Main$P:21,d
FR,context=Main$P:29,d
FR,context=Main$P:21,d
VW,context=Main$P:29#compareTo:58,result=2
ME,returner=Main$P:29#compareTo:58,value=2
ME,returner=Main:1#a:33,value=<void>
FR,context=Main:1,n
MC,caller=Main:1#d:2,target=Main:1#a:34
VW,context=Main:1#a:34,p=Main$P:20
VW,context=Main:1#a:34,f=2
VW,context=Main:1#a:34,t=4
FR,context=Main:1,c
FR,context=Main:1,INF
FR,context=Main$P:20,d
FR,context=Main:1,c
FR,context=Main$P:20,p
FR,context=Main$P:20,p
NO,object=Main$P:30
MC,caller=Main:1#a:34,target=Main$P:30#Main$P:30
VW,context=Main$P:30#Main$P:30,a=3
NO,object=int[]:29
FW,context=int[]:29,0=0
FW,context=int[]:29,1=2
FW,context=int[]:29,2=0
VW,context=Main$P:30#Main$P:30,b=int[]:29
FW,context=Main$P:30,d=3
FW,context=Main$P:30,p=int[]:29
ME,returner=Main$P:30#Main$P:30,value=<void>
VW,context=Main:1#a:34,np=Main$P:30
FR,context=Main$P:30,p
FR,context=Main$P:30,p
FR,context=Main:1,d
MC,caller=Main:1#a:34,target=Main$P:30#compareTo:59
VW,context=Main$P:30#compareTo:59,t=Main$P:26
FR,context=Main$P:30,d
FR,context=Main$P:26,d
FR,context=Main$P:30,p
VW,context=Main$P:30#compareTo:59,i=0
FR,context=Main$P:26,p
FR,context=Main$P:30,p
FR,context=Main$P:26,p
FR,context=Main$P:30,p
VW,context=Main$P:30#compareTo:59,i=1
FR,context=Main$P:26,p
FR,context=Main$P:30,p
FR,context=Main$P:26,p
FR,context=Main$P:30,p
FR,context=Main$P:26,p
VW,context=Main$P:30#compareTo:59,result=-1
ME,returner=Main$P:30#compareTo:59,value=-1
FR,context=Main:1,d
FR,context=Main:1,q
FR,context=Main:1,d
MC,caller=Main:1#a:34,target=Ljava/util/PriorityQueue;.add(Ljava/lang/Object;)
MC,caller=Ljava/util/PriorityQueue;.add(Ljava/lang/Object;),target=Ljava/util/PriorityQueue;.add(Ljava/lang/Object;)
MC,caller=Ljava/util/PriorityQueue;.add(Ljava/lang/Object;),target=Ljava/util/PriorityQueue;.offer(Ljava/lang/Object;)
MC,caller=Ljava/util/PriorityQueue;.offer(Ljava/lang/Object;),target=Ljava/util/PriorityQueue;.siftUp(ILjava/lang/Object;)
MC,caller=Ljava/util/PriorityQueue;.siftUp(ILjava/lang/Object;),target=Ljava/util/PriorityQueue;.siftUpComparable(ILjava/lang/Object;)
ME,returner=Ljava/util/PriorityQueue;.siftUpComparable(ILjava/lang/Object;),value=<void>
ME,returner=Ljava/util/PriorityQueue;.siftUp(ILjava/lang/Object;),value=<void>
ME,returner=Ljava/util/PriorityQueue;.offer(Ljava/lang/Object;),value=<void>
ME,returner=Ljava/util/PriorityQueue;.add(Ljava/lang/Object;),value=<void>
MC,caller=Ljava/util/PriorityQueue;.add(Ljava/lang/Object;),target=Ljava/util/PriorityQueue;.siftUp(ILjava/lang/Object;)
MC,caller=Ljava/util/PriorityQueue;.siftUp(ILjava/lang/Object;),target=Ljava/util/PriorityQueue;.siftUp(ILjava/lang/Object;)
MC,caller=Ljava/util/PriorityQueue;.siftUp(ILjava/lang/Object;),target=Ljava/util/PriorityQueue;.siftUpComparable(ILjava/lang/Object;)
MC,caller=Ljava/util/PriorityQueue;.siftUpComparable(ILjava/lang/Object;),target=LMain$P;.compareTo(Ljava/lang/Object;) <BRIDGE>
MC,caller=LMain$P;.compareTo(Ljava/lang/Object;) <BRIDGE>,target=Main$P:30#compareTo:60
VW,context=Main$P:30#compareTo:60,t=Main$P:26
FR,context=Main$P:30,d
FR,context=Main$P:26,d
FR,context=Main$P:30,p
VW,context=Main$P:30#compareTo:60,i=0
FR,context=Main$P:26,p
FR,context=Main$P:30,p
FR,context=Main$P:26,p
FR,context=Main$P:30,p
VW,context=Main$P:30#compareTo:60,i=1
FR,context=Main$P:26,p
FR,context=Main$P:30,p
FR,context=Main$P:26,p
FR,context=Main$P:30,p
FR,context=Main$P:26,p
VW,context=Main$P:30#compareTo:60,result=-1
ME,returner=Main$P:30#compareTo:60,value=-1
MC,caller=LMain$P;.compareTo(Ljava/lang/Object;) <BRIDGE>,target=Main$P:30#compareTo:61
VW,context=Main$P:30#compareTo:61,t=Main$P:24
FR,context=Main$P:30,d
FR,context=Main$P:24,d
FR,context=Main$P:30,d
FR,context=Main$P:24,d
VW,context=Main$P:30#compareTo:61,result=1
ME,returner=Main$P:30#compareTo:61,value=1
ME,returner=LMain$P;.compareTo(Ljava/lang/Object;) <BRIDGE>,value=<void>
ME,returner=Ljava/util/PriorityQueue;.siftUpComparable(ILjava/lang/Object;),value=<void>
ME,returner=Ljava/util/PriorityQueue;.siftUp(ILjava/lang/Object;),value=<void>
ME,returner=Ljava/util/PriorityQueue;.siftUp(ILjava/lang/Object;),value=<void>
ME,returner=Ljava/util/PriorityQueue;.add(Ljava/lang/Object;),value=<void>
ME,returner=Main:1#a:34,value=<void>
FR,context=Main:1,n
FR,context=Main:1,q
FR,context=Main:1,q
MC,caller=Main:1#d:2,target=Ljava/util/AbstractQueue;.remove()
MC,caller=Ljava/util/AbstractQueue;.remove(),target=Ljava/util/AbstractQueue;.remove()
MC,caller=Ljava/util/AbstractQueue;.remove(),target=Ljava/util/PriorityQueue;.poll()
MC,caller=Ljava/util/PriorityQueue;.poll(),target=Ljava/util/PriorityQueue;.siftDown(ILjava/lang/Object;)
MC,caller=Ljava/util/PriorityQueue;.siftDown(ILjava/lang/Object;),target=Ljava/util/PriorityQueue;.siftDownComparable(ILjava/lang/Object;)
ME,returner=Ljava/util/PriorityQueue;.siftDownComparable(ILjava/lang/Object;),value=<void>
ME,returner=Ljava/util/PriorityQueue;.siftDown(ILjava/lang/Object;),value=<void>
ME,returner=Ljava/util/PriorityQueue;.poll(),value=<void>
ME,returner=Ljava/util/AbstractQueue;.remove(),value=<void>
MC,caller=Ljava/util/AbstractQueue;.remove(),target=Ljava/util/PriorityQueue;.siftDown(ILjava/lang/Object;)
MC,caller=Ljava/util/PriorityQueue;.siftDown(ILjava/lang/Object;),target=Ljava/util/PriorityQueue;.siftDown(ILjava/lang/Object;)
MC,caller=Ljava/util/PriorityQueue;.siftDown(ILjava/lang/Object;),target=Ljava/util/PriorityQueue;.siftDownComparable(ILjava/lang/Object;)
MC,caller=Ljava/util/PriorityQueue;.siftDownComparable(ILjava/lang/Object;),target=LMain$P;.compareTo(Ljava/lang/Object;) <BRIDGE>
MC,caller=LMain$P;.compareTo(Ljava/lang/Object;) <BRIDGE>,target=Main$P:30#compareTo:62
VW,context=Main$P:30#compareTo:62,t=Main$P:22
FR,context=Main$P:30,d
FR,context=Main$P:22,d
FR,context=Main$P:30,p
VW,context=Main$P:30#compareTo:62,i=0
FR,context=Main$P:22,p
FR,context=Main$P:30,p
FR,context=Main$P:22,p
FR,context=Main$P:30,p
VW,context=Main$P:30#compareTo:62,i=1
FR,context=Main$P:22,p
FR,context=Main$P:30,p
FR,context=Main$P:22,p
FR,context=Main$P:30,p
FR,context=Main$P:22,p
VW,context=Main$P:30#compareTo:62,result=-2
ME,returner=Main$P:30#compareTo:62,value=-2
MC,caller=LMain$P;.compareTo(Ljava/lang/Object;) <BRIDGE>,target=Main$P:26#compareTo:63
VW,context=Main$P:26#compareTo:63,t=Main$P:30
FR,context=Main$P:26,d
FR,context=Main$P:30,d
FR,context=Main$P:26,p
VW,context=Main$P:26#compareTo:63,i=0
FR,context=Main$P:30,p
FR,context=Main$P:26,p
FR,context=Main$P:30,p
FR,context=Main$P:26,p
VW,context=Main$P:26#compareTo:63,i=1
FR,context=Main$P:30,p
FR,context=Main$P:26,p
FR,context=Main$P:30,p
FR,context=Main$P:26,p
FR,context=Main$P:30,p
VW,context=Main$P:26#compareTo:63,result=1
ME,returner=Main$P:26#compareTo:63,value=1
ME,returner=LMain$P;.compareTo(Ljava/lang/Object;) <BRIDGE>,value=<void>
ME,returner=Ljava/util/PriorityQueue;.siftDownComparable(ILjava/lang/Object;),value=<void>
ME,returner=Ljava/util/PriorityQueue;.siftDown(ILjava/lang/Object;),value=<void>
ME,returner=Ljava/util/PriorityQueue;.siftDown(ILjava/lang/Object;),value=<void>
ME,returner=Ljava/util/AbstractQueue;.remove(),value=<void>
VW,context=Main:1#d:2,p=Main$P:24
FR,context=Main$P:24,p
FR,context=Main$P:24,p
VW,context=Main:1#d:2,v=1
FR,context=Main:1,b
FR,context=Main:1,d
MC,caller=Main:1#d:2,target=Main$P:24#compareTo:64
VW,context=Main$P:24#compareTo:64,t=Main$P:24
FR,context=Main$P:24,d
FR,context=Main$P:24,d
FR,context=Main$P:24,p
VW,context=Main$P:24#compareTo:64,i=0
FR,context=Main$P:24,p
FR,context=Main$P:24,p
FR,context=Main$P:24,p
FR,context=Main$P:24,p
VW,context=Main$P:24#compareTo:64,i=1
FR,context=Main$P:24,p
FR,context=Main$P:24,p
FR,context=Main$P:24,p
FR,context=Main$P:24,p
VW,context=Main$P:24#compareTo:64,i=2
FR,context=Main$P:24,p
FR,context=Main$P:24,p
FR,context=Main$P:24,p
FR,context=Main$P:24,p
FR,context=Main$P:24,p
FR,context=Main$P:24,p
VW,context=Main$P:24#compareTo:64,result=0
ME,returner=Main$P:24#compareTo:64,value=0
FR,context=Main:1,n
MC,caller=Main:1#d:2,target=Main:1#a:35
VW,context=Main:1#a:35,p=Main$P:24
VW,context=Main:1#a:35,f=1
VW,context=Main:1#a:35,t=0
FR,context=Main:1,c
FR,context=Main:1,INF
FR,context=Main$P:24,d
FR,context=Main:1,c
FR,context=Main$P:24,p
FR,context=Main$P:24,p
NO,object=Main$P:31
MC,caller=Main:1#a:35,target=Main$P:31#Main$P:31
VW,context=Main$P:31#Main$P:31,a=3
NO,object=int[]:30
FW,context=int[]:30,0=0
FW,context=int[]:30,1=3
FW,context=int[]:30,2=1
FW,context=int[]:30,3=0
VW,context=Main$P:31#Main$P:31,b=int[]:30
FW,context=Main$P:31,d=3
FW,context=Main$P:31,p=int[]:30
ME,returner=Main$P:31#Main$P:31,value=<void>
VW,context=Main:1#a:35,np=Main$P:31
FR,context=Main$P:31,p
FR,context=Main$P:31,p
FR,context=Main:1,d
MC,caller=Main:1#a:35,target=Main$P:31#compareTo:65
VW,context=Main$P:31#compareTo:65,t=Main$P:19
FR,context=Main$P:31,d
FR,context=Main$P:19,d
FR,context=Main$P:31,d
FR,context=Main$P:19,d
VW,context=Main$P:31#compareTo:65,result=3
ME,returner=Main$P:31#compareTo:65,value=3
ME,returner=Main:1#a:35,value=<void>
FR,context=Main:1,n
MC,caller=Main:1#d:2,target=Main:1#a:36
VW,context=Main:1#a:36,p=Main$P:24
VW,context=Main:1#a:36,f=1
VW,context=Main:1#a:36,t=1
FR,context=Main:1,c
FR,context=Main:1,INF
ME,returner=Main:1#a:36,value=<void>
FR,context=Main:1,n
MC,caller=Main:1#d:2,target=Main:1#a:37
VW,context=Main:1#a:37,p=Main$P:24
VW,context=Main:1#a:37,f=1
VW,context=Main:1#a:37,t=2
FR,context=Main:1,c
FR,context=Main:1,INF
FR,context=Main$P:24,d
FR,context=Main:1,c
FR,context=Main$P:24,p
FR,context=Main$P:24,p
NO,object=Main$P:32
MC,caller=Main:1#a:37,target=Main$P:32#Main$P:32
VW,context=Main$P:32#Main$P:32,a=3
NO,object=int[]:31
FW,context=int[]:31,0=0
FW,context=int[]:31,1=3
FW,context=int[]:31,2=1
FW,context=int[]:31,3=0
VW,context=Main$P:32#Main$P:32,b=int[]:31
FW,context=Main$P:32,d=3
FW,context=Main$P:32,p=int[]:31
ME,returner=Main$P:32#Main$P:32,value=<void>
VW,context=Main:1#a:37,np=Main$P:32
FR,context=Main$P:32,p
FR,context=Main$P:32,p
FR,context=Main:1,d
MC,caller=Main:1#a:37,target=Main$P:32#compareTo:66
VW,context=Main$P:32#compareTo:66,t=Main$P:20
FR,context=Main$P:32,d
FR,context=Main$P:20,d
FR,context=Main$P:32,d
FR,context=Main$P:20,d
VW,context=Main$P:32#compareTo:66,result=1
ME,returner=Main$P:32#compareTo:66,value=1
ME,returner=Main:1#a:37,value=<void>
FR,context=Main:1,n
MC,caller=Main:1#d:2,target=Main:1#a:38
VW,context=Main:1#a:38,p=Main$P:24
VW,context=Main:1#a:38,f=1
VW,context=Main:1#a:38,t=3
FR,context=Main:1,c
FR,context=Main:1,INF
FR,context=Main$P:24,d
FR,context=Main:1,c
FR,context=Main$P:24,p
FR,context=Main$P:24,p
NO,object=Main$P:33
MC,caller=Main:1#a:38,target=Main$P:33#Main$P:33
VW,context=Main$P:33#Main$P:33,a=4
NO,object=int[]:32
FW,context=int[]:32,0=0
FW,context=int[]:32,1=3
FW,context=int[]:32,2=1
FW,context=int[]:32,3=0
VW,context=Main$P:33#Main$P:33,b=int[]:32
FW,context=Main$P:33,d=4
FW,context=Main$P:33,p=int[]:32
ME,returner=Main$P:33#Main$P:33,value=<void>
VW,context=Main:1#a:38,np=Main$P:33
FR,context=Main$P:33,p
FR,context=Main$P:33,p
FR,context=Main:1,d
MC,caller=Main:1#a:38,target=Main$P:33#compareTo:67
VW,context=Main$P:33#compareTo:67,t=Main$P:21
FR,context=Main$P:33,d
FR,context=Main$P:21,d
FR,context=Main$P:33,d
FR,context=Main$P:21,d
VW,context=Main$P:33#compareTo:67,result=3
ME,returner=Main$P:33#compareTo:67,value=3
ME,returner=Main:1#a:38,value=<void>
FR,context=Main:1,n
MC,caller=Main:1#d:2,target=Main:1#a:39
VW,context=Main:1#a:39,p=Main$P:24
VW,context=Main:1#a:39,f=1
VW,context=Main:1#a:39,t=4
FR,context=Main:1,c
FR,context=Main:1,INF
FR,context=Main$P:24,d
FR,context=Main:1,c
FR,context=Main$P:24,p
FR,context=Main$P:24,p
NO,object=Main$P:34
MC,caller=Main:1#a:39,target=Main$P:34#Main$P:34
VW,context=Main$P:34#Main$P:34,a=4
NO,object=int[]:33
FW,context=int[]:33,0=0
FW,context=int[]:33,1=3
FW,context=int[]:33,2=1
FW,context=int[]:33,3=0
VW,context=Main$P:34#Main$P:34,b=int[]:33
FW,context=Main$P:34,d=4
FW,context=Main$P:34,p=int[]:33
ME,returner=Main$P:34#Main$P:34,value=<void>
VW,context=Main:1#a:39,np=Main$P:34
FR,context=Main$P:34,p
FR,context=Main$P:34,p
FR,context=Main:1,d
MC,caller=Main:1#a:39,target=Main$P:34#compareTo:68
VW,context=Main$P:34#compareTo:68,t=Main$P:30
FR,context=Main$P:34,d
FR,context=Main$P:30,d
FR,context=Main$P:34,d
FR,context=Main$P:30,d
VW,context=Main$P:34#compareTo:68,result=1
ME,returner=Main$P:34#compareTo:68,value=1
ME,returner=Main:1#a:39,value=<void>
FR,context=Main:1,n
FR,context=Main:1,q
FR,context=Main:1,q
MC,caller=Main:1#d:2,target=Ljava/util/AbstractQueue;.remove()
MC,caller=Ljava/util/AbstractQueue;.remove(),target=Ljava/util/AbstractQueue;.remove()
MC,caller=Ljava/util/AbstractQueue;.remove(),target=Ljava/util/PriorityQueue;.poll()
MC,caller=Ljava/util/PriorityQueue;.poll(),target=Ljava/util/PriorityQueue;.siftDown(ILjava/lang/Object;)
MC,caller=Ljava/util/PriorityQueue;.siftDown(ILjava/lang/Object;),target=Ljava/util/PriorityQueue;.siftDownComparable(ILjava/lang/Object;)
ME,returner=Ljava/util/PriorityQueue;.siftDownComparable(ILjava/lang/Object;),value=<void>
ME,returner=Ljava/util/PriorityQueue;.siftDown(ILjava/lang/Object;),value=<void>
ME,returner=Ljava/util/PriorityQueue;.poll(),value=<void>
ME,returner=Ljava/util/AbstractQueue;.remove(),value=<void>
MC,caller=Ljava/util/AbstractQueue;.remove(),target=Ljava/util/PriorityQueue;.siftDown(ILjava/lang/Object;)
MC,caller=Ljava/util/PriorityQueue;.siftDown(ILjava/lang/Object;),target=Ljava/util/PriorityQueue;.siftDown(ILjava/lang/Object;)
MC,caller=Ljava/util/PriorityQueue;.siftDown(ILjava/lang/Object;),target=Ljava/util/PriorityQueue;.siftDownComparable(ILjava/lang/Object;)
MC,caller=Ljava/util/PriorityQueue;.siftDownComparable(ILjava/lang/Object;),target=LMain$P;.compareTo(Ljava/lang/Object;) <BRIDGE>
MC,caller=LMain$P;.compareTo(Ljava/lang/Object;) <BRIDGE>,target=Main$P:22#compareTo:69
VW,context=Main$P:22#compareTo:69,t=Main$P:26
FR,context=Main$P:22,d
FR,context=Main$P:26,d
FR,context=Main$P:22,p
VW,context=Main$P:22#compareTo:69,i=0
FR,context=Main$P:26,p
FR,context=Main$P:22,p
FR,context=Main$P:26,p
FR,context=Main$P:22,p
VW,context=Main$P:22#compareTo:69,i=1
FR,context=Main$P:26,p
FR,context=Main$P:22,p
FR,context=Main$P:26,p
FR,context=Main$P:22,p
FR,context=Main$P:26,p
VW,context=Main$P:22#compareTo:69,result=1
ME,returner=Main$P:22#compareTo:69,value=1
ME,returner=LMain$P;.compareTo(Ljava/lang/Object;) <BRIDGE>,value=<void>
ME,returner=Ljava/util/PriorityQueue;.siftDownComparable(ILjava/lang/Object;),value=<void>
ME,returner=Ljava/util/PriorityQueue;.siftDown(ILjava/lang/Object;),value=<void>
ME,returner=Ljava/util/PriorityQueue;.siftDown(ILjava/lang/Object;),value=<void>
ME,returner=Ljava/util/AbstractQueue;.remove(),value=<void>
VW,context=Main:1#d:2,p=Main$P:30
FR,context=Main$P:30,p
FR,context=Main$P:30,p
VW,context=Main:1#d:2,v=4
FR,context=Main:1,b
ME,returner=Main:1#d:2,value=<void>
FR,context=Main:1,d
FR,context=Main:1,b
FR,context=Main:1,d
FR,context=Main:1,b
FW,context=Main$P:30,s=java.util.BitSet (id=413)
FR,context=Main:1,d
FR,context=Main:1,b
FR,context=Main$P:18,x
FW,context=Main$P:30,x=1
FR,context=Main:1,kq
FR,context=Main:1,d
FR,context=Main:1,b
FR,context=Main$P:18,x
FR,context=Main$P:18,p
VW,context=Main:1#kd:1,j=2
FR,context=Main:1,n
VW,context=Main:1#kd:1,s=java.util.BitSet (id=446)
FR,context=Main$P:18,p
FR,context=Main$P:18,p
NO,object=int[]:34
FW,context=int[]:34,0=0
FW,context=int[]:34,1=1
VW,context=Main:1#kd:1,op=int[]:34
FR,context=Main:1,c
FR,context=Main$P:18,p
FR,context=Main$P:18,p
VW,context=Main:1#kd:1,od=1
FR,context=Main:1,d
FR,context=Main:1,n
FR,context=Main:1,d
FR,context=Main$P:18,p
FR,context=Main:1,z
FR,context=Main$P:18,p
MC,caller=Main:1#kd:1,target=Main:1#d:3
VW,context=Main:1#d:3,s=java.util.BitSet (id=446)
VW,context=Main:1#d:3,a=1
VW,context=Main:1#d:3,od=1
VW,context=Main:1#d:3,op=int[]:34
FR,context=Main:1,q
FR,context=Main:1,d
NO,object=Main$P:35
MC,caller=Main:1#d:3,target=Main$P:35#Main$P:35
VW,context=Main$P:35#Main$P:35,a=1
VW,context=Main$P:35#Main$P:35,b=int[]:34
FW,context=Main$P:35,d=1
FW,context=Main$P:35,p=int[]:34
ME,returner=Main$P:35#Main$P:35,value=<void>
FR,context=Main:1,n
VW,context=Main:1#d:3,i=0
FR,context=Main:1,d
MC,caller=Main:1#d:3,target=Main:1#a:40
VW,context=Main:1#a:40,p=Main$P:35
VW,context=Main:1#a:40,f=1
VW,context=Main:1#a:40,t=0
FR,context=Main:1,c
FR,context=Main:1,INF
FR,context=Main$P:35,d
FR,context=Main:1,c
FR,context=Main$P:35,p
FR,context=Main$P:35,p
NO,object=Main$P:36
MC,caller=Main:1#a:40,target=Main$P:36#Main$P:36
VW,context=Main$P:36#Main$P:36,a=2
NO,object=int[]:35
FW,context=int[]:35,0=0
FW,context=int[]:35,1=1
FW,context=int[]:35,2=0
VW,context=Main$P:36#Main$P:36,b=int[]:35
FW,context=Main$P:36,d=2
FW,context=Main$P:36,p=int[]:35
ME,returner=Main$P:36#Main$P:36,value=<void>
VW,context=Main:1#a:40,np=Main$P:36
FR,context=Main$P:36,p
FR,context=Main$P:36,p
FR,context=Main:1,d
MC,caller=Main:1#a:40,target=Main$P:36#compareTo:70
VW,context=Main$P:36#compareTo:70,t=Main$P:1
FR,context=Main$P:36,d
FR,context=Main$P:1,d
FR,context=Main$P:36,d
FR,context=Main$P:1,d
VW,context=Main$P:36#compareTo:70,result=2
ME,returner=Main$P:36#compareTo:70,value=2
ME,returner=Main:1#a:40,value=<void>
FR,context=Main:1,n
VW,context=Main:1#d:3,i=1
FR,context=Main:1,d
MC,caller=Main:1#d:3,target=Main:1#a:41
VW,context=Main:1#a:41,p=Main$P:35
VW,context=Main:1#a:41,f=1
VW,context=Main:1#a:41,t=1
FR,context=Main:1,c
FR,context=Main:1,INF
ME,returner=Main:1#a:41,value=<void>
FR,context=Main:1,n
VW,context=Main:1#d:3,i=2
FR,context=Main:1,n
VW,context=Main:1#d:3,i=3
FR,context=Main:1,d
MC,caller=Main:1#d:3,target=Main:1#a:42
VW,context=Main:1#a:42,p=Main$P:35
VW,context=Main:1#a:42,f=1
VW,context=Main:1#a:42,t=3
FR,context=Main:1,c
FR,context=Main:1,INF
FR,context=Main$P:35,d
FR,context=Main:1,c
FR,context=Main$P:35,p
FR,context=Main$P:35,p
NO,object=Main$P:37
MC,caller=Main:1#a:42,target=Main$P:37#Main$P:37
VW,context=Main$P:37#Main$P:37,a=3
NO,object=int[]:36
FW,context=int[]:36,0=0
FW,context=int[]:36,1=1
FW,context=int[]:36,2=0
VW,context=Main$P:37#Main$P:37,b=int[]:36
FW,context=Main$P:37,d=3
FW,context=Main$P:37,p=int[]:36
ME,returner=Main$P:37#Main$P:37,value=<void>
VW,context=Main:1#a:42,np=Main$P:37
FR,context=Main$P:37,p
FR,context=Main$P:37,p
FR,context=Main:1,d
MC,caller=Main:1#a:42,target=Main$P:37#compareTo:71
VW,context=Main$P:37#compareTo:71,t=null
VW,context=Main$P:37#compareTo:71,result=-1
ME,returner=Main$P:37#compareTo:71,value=-1
FR,context=Main:1,d
FR,context=Main:1,q
FR,context=Main:1,d
ME,returner=Main:1#a:42,value=<void>
FR,context=Main:1,n
VW,context=Main:1#d:3,i=4
FR,context=Main:1,d
MC,caller=Main:1#d:3,target=Main:1#a:43
VW,context=Main:1#a:43,p=Main$P:35
VW,context=Main:1#a:43,f=1
VW,context=Main:1#a:43,t=4
FR,context=Main:1,c
FR,context=Main:1,INF
FR,context=Main$P:35,d
FR,context=Main:1,c
FR,context=Main$P:35,p
FR,context=Main$P:35,p
NO,object=Main$P:38
MC,caller=Main:1#a:43,target=Main$P:38#Main$P:38
VW,context=Main$P:38#Main$P:38,a=3
NO,object=int[]:37
FW,context=int[]:37,0=0
FW,context=int[]:37,1=1
FW,context=int[]:37,2=0
VW,context=Main$P:38#Main$P:38,b=int[]:37
FW,context=Main$P:38,d=3
FW,context=Main$P:38,p=int[]:37
ME,returner=Main$P:38#Main$P:38,value=<void>
VW,context=Main:1#a:43,np=Main$P:38
FR,context=Main$P:38,p
FR,context=Main$P:38,p
FR,context=Main:1,d
MC,caller=Main:1#a:43,target=Main$P:38#compareTo:72
VW,context=Main$P:38#compareTo:72,t=null
VW,context=Main$P:38#compareTo:72,result=-1
ME,returner=Main$P:38#compareTo:72,value=-1
FR,context=Main:1,d
FR,context=Main:1,q
FR,context=Main:1,d
MC,caller=Main:1#a:43,target=Ljava/util/PriorityQueue;.add(Ljava/lang/Object;)
MC,caller=Ljava/util/PriorityQueue;.add(Ljava/lang/Object;),target=Ljava/util/PriorityQueue;.add(Ljava/lang/Object;)
MC,caller=Ljava/util/PriorityQueue;.add(Ljava/lang/Object;),target=Ljava/util/PriorityQueue;.offer(Ljava/lang/Object;)
MC,caller=Ljava/util/PriorityQueue;.offer(Ljava/lang/Object;),target=Ljava/util/PriorityQueue;.siftUp(ILjava/lang/Object;)
MC,caller=Ljava/util/PriorityQueue;.siftUp(ILjava/lang/Object;),target=Ljava/util/PriorityQueue;.siftUpComparable(ILjava/lang/Object;)
ME,returner=Ljava/util/PriorityQueue;.siftUpComparable(ILjava/lang/Object;),value=<void>
ME,returner=Ljava/util/PriorityQueue;.siftUp(ILjava/lang/Object;),value=<void>
ME,returner=Ljava/util/PriorityQueue;.offer(Ljava/lang/Object;),value=<void>
ME,returner=Ljava/util/PriorityQueue;.add(Ljava/lang/Object;),value=<void>
MC,caller=Ljava/util/PriorityQueue;.add(Ljava/lang/Object;),target=Ljava/util/PriorityQueue;.siftUp(ILjava/lang/Object;)
MC,caller=Ljava/util/PriorityQueue;.siftUp(ILjava/lang/Object;),target=Ljava/util/PriorityQueue;.siftUp(ILjava/lang/Object;)
MC,caller=Ljava/util/PriorityQueue;.siftUp(ILjava/lang/Object;),target=Ljava/util/PriorityQueue;.siftUpComparable(ILjava/lang/Object;)
MC,caller=Ljava/util/PriorityQueue;.siftUpComparable(ILjava/lang/Object;),target=LMain$P;.compareTo(Ljava/lang/Object;) <BRIDGE>
MC,caller=LMain$P;.compareTo(Ljava/lang/Object;) <BRIDGE>,target=Main$P:38#compareTo:73
VW,context=Main$P:38#compareTo:73,t=Main$P:37
FR,context=Main$P:38,d
FR,context=Main$P:37,d
FR,context=Main$P:38,p
VW,context=Main$P:38#compareTo:73,i=0
FR,context=Main$P:37,p
FR,context=Main$P:38,p
FR,context=Main$P:37,p
FR,context=Main$P:38,p
VW,context=Main$P:38#compareTo:73,i=1
FR,context=Main$P:37,p
FR,context=Main$P:38,p
FR,context=Main$P:37,p
FR,context=Main$P:38,p
VW,context=Main$P:38#compareTo:73,i=2
FR,context=Main$P:37,p
FR,context=Main$P:38,p
FR,context=Main$P:37,p
FR,context=Main$P:38,p
FR,context=Main$P:37,p
VW,context=Main$P:38#compareTo:73,result=1
ME,returner=Main$P:38#compareTo:73,value=1
ME,returner=LMain$P;.compareTo(Ljava/lang/Object;) <BRIDGE>,value=<void>
ME,returner=Ljava/util/PriorityQueue;.siftUpComparable(ILjava/lang/Object;),value=<void>
ME,returner=Ljava/util/PriorityQueue;.siftUp(ILjava/lang/Object;),value=<void>
ME,returner=Ljava/util/PriorityQueue;.siftUp(ILjava/lang/Object;),value=<void>
ME,returner=Ljava/util/PriorityQueue;.add(Ljava/lang/Object;),value=<void>
ME,returner=Main:1#a:43,value=<void>
FR,context=Main:1,n
FR,context=Main:1,q
FR,context=Main:1,q
VW,context=Main:1#d:3,p=Main$P:37
FR,context=Main$P:37,p
FR,context=Main$P:37,p
VW,context=Main:1#d:3,v=3
FR,context=Main:1,b
FR,context=Main:1,d
MC,caller=Main:1#d:3,target=Main$P:37#compareTo:74
VW,context=Main$P:37#compareTo:74,t=Main$P:37
FR,context=Main$P:37,d
FR,context=Main$P:37,d
FR,context=Main$P:37,p
VW,context=Main$P:37#compareTo:74,i=0
FR,context=Main$P:37,p
FR,context=Main$P:37,p
FR,context=Main$P:37,p
FR,context=Main$P:37,p
VW,context=Main$P:37#compareTo:74,i=1
FR,context=Main$P:37,p
FR,context=Main$P:37,p
FR,context=Main$P:37,p
FR,context=Main$P:37,p
VW,context=Main$P:37#compareTo:74,i=2
FR,context=Main$P:37,p
FR,context=Main$P:37,p
FR,context=Main$P:37,p
FR,context=Main$P:37,p
FR,context=Main$P:37,p
FR,context=Main$P:37,p
VW,context=Main$P:37#compareTo:74,result=0
ME,returner=Main$P:37#compareTo:74,value=0
FR,context=Main:1,n
MC,caller=Main:1#d:3,target=Main:1#a:44
VW,context=Main:1#a:44,p=Main$P:37
VW,context=Main:1#a:44,f=3
VW,context=Main:1#a:44,t=0
FR,context=Main:1,c
FR,context=Main:1,INF
FR,context=Main$P:37,d
FR,context=Main:1,c
FR,context=Main$P:37,p
FR,context=Main$P:37,p
NO,object=Main$P:39
MC,caller=Main:1#a:44,target=Main$P:39#Main$P:39
VW,context=Main$P:39#Main$P:39,a=4
NO,object=int[]:38
FW,context=int[]:38,0=0
FW,context=int[]:38,1=1
FW,context=int[]:38,2=3
FW,context=int[]:38,3=0
VW,context=Main$P:39#Main$P:39,b=int[]:38
FW,context=Main$P:39,d=4
FW,context=Main$P:39,p=int[]:38
ME,returner=Main$P:39#Main$P:39,value=<void>
VW,context=Main:1#a:44,np=Main$P:39
FR,context=Main$P:39,p
FR,context=Main$P:39,p
FR,context=Main:1,d
MC,caller=Main:1#a:44,target=Main$P:39#compareTo:75
VW,context=Main$P:39#compareTo:75,t=Main$P:1
FR,context=Main$P:39,d
FR,context=Main$P:1,d
FR,context=Main$P:39,d
FR,context=Main$P:1,d
VW,context=Main$P:39#compareTo:75,result=4
ME,returner=Main$P:39#compareTo:75,value=4
ME,returner=Main:1#a:44,value=<void>
FR,context=Main:1,n
MC,caller=Main:1#d:3,target=Main:1#a:45
VW,context=Main:1#a:45,p=Main$P:37
VW,context=Main:1#a:45,f=3
VW,context=Main:1#a:45,t=1
FR,context=Main:1,c
FR,context=Main:1,INF
FR,context=Main$P:37,d
FR,context=Main:1,c
FR,context=Main$P:37,p
FR,context=Main$P:37,p
NO,object=Main$P:40
MC,caller=Main:1#a:45,target=Main$P:40#Main$P:40
VW,context=Main$P:40#Main$P:40,a=4
NO,object=int[]:39
FW,context=int[]:39,0=0
FW,context=int[]:39,1=1
FW,context=int[]:39,2=3
FW,context=int[]:39,3=0
VW,context=Main$P:40#Main$P:40,b=int[]:39
FW,context=Main$P:40,d=4
FW,context=Main$P:40,p=int[]:39
ME,returner=Main$P:40#Main$P:40,value=<void>
VW,context=Main:1#a:45,np=Main$P:40
FR,context=Main$P:40,p
FR,context=Main$P:40,p
FR,context=Main:1,d
MC,caller=Main:1#a:45,target=Main$P:40#compareTo:76
VW,context=Main$P:40#compareTo:76,t=Main$P:35
FR,context=Main$P:40,d
FR,context=Main$P:35,d
FR,context=Main$P:40,d
FR,context=Main$P:35,d
VW,context=Main$P:40#compareTo:76,result=3
ME,returner=Main$P:40#compareTo:76,value=3
ME,returner=Main:1#a:45,value=<void>
FR,context=Main:1,n
MC,caller=Main:1#d:3,target=Main:1#a:46
VW,context=Main:1#a:46,p=Main$P:37
VW,context=Main:1#a:46,f=3
VW,context=Main:1#a:46,t=2
FR,context=Main:1,c
FR,context=Main:1,INF
FR,context=Main$P:37,d
FR,context=Main:1,c
FR,context=Main$P:37,p
FR,context=Main$P:37,p
NO,object=Main$P:41
MC,caller=Main:1#a:46,target=Main$P:41#Main$P:41
VW,context=Main$P:41#Main$P:41,a=4
NO,object=int[]:40
FW,context=int[]:40,0=0
FW,context=int[]:40,1=1
FW,context=int[]:40,2=3
FW,context=int[]:40,3=0
VW,context=Main$P:41#Main$P:41,b=int[]:40
FW,context=Main$P:41,d=4
FW,context=Main$P:41,p=int[]:40
ME,returner=Main$P:41#Main$P:41,value=<void>
VW,context=Main:1#a:46,np=Main$P:41
FR,context=Main$P:41,p
FR,context=Main$P:41,p
FR,context=Main:1,d
MC,caller=Main:1#a:46,target=Main$P:41#compareTo:77
VW,context=Main$P:41#compareTo:77,t=null
VW,context=Main$P:41#compareTo:77,result=-1
ME,returner=Main$P:41#compareTo:77,value=-1
FR,context=Main:1,d
FR,context=Main:1,q
FR,context=Main:1,d
MC,caller=Main:1#a:46,target=Ljava/util/PriorityQueue;.add(Ljava/lang/Object;)
MC,caller=Ljava/util/PriorityQueue;.add(Ljava/lang/Object;),target=Ljava/util/PriorityQueue;.add(Ljava/lang/Object;)
MC,caller=Ljava/util/PriorityQueue;.add(Ljava/lang/Object;),target=Ljava/util/PriorityQueue;.offer(Ljava/lang/Object;)
MC,caller=Ljava/util/PriorityQueue;.offer(Ljava/lang/Object;),target=Ljava/util/PriorityQueue;.siftUp(ILjava/lang/Object;)
MC,caller=Ljava/util/PriorityQueue;.siftUp(ILjava/lang/Object;),target=Ljava/util/PriorityQueue;.siftUpComparable(ILjava/lang/Object;)
ME,returner=Ljava/util/PriorityQueue;.siftUpComparable(ILjava/lang/Object;),value=<void>
ME,returner=Ljava/util/PriorityQueue;.siftUp(ILjava/lang/Object;),value=<void>
ME,returner=Ljava/util/PriorityQueue;.offer(Ljava/lang/Object;),value=<void>
ME,returner=Ljava/util/PriorityQueue;.add(Ljava/lang/Object;),value=<void>
MC,caller=Ljava/util/PriorityQueue;.add(Ljava/lang/Object;),target=Ljava/util/PriorityQueue;.siftUp(ILjava/lang/Object;)
MC,caller=Ljava/util/PriorityQueue;.siftUp(ILjava/lang/Object;),target=Ljava/util/PriorityQueue;.siftUp(ILjava/lang/Object;)
MC,caller=Ljava/util/PriorityQueue;.siftUp(ILjava/lang/Object;),target=Ljava/util/PriorityQueue;.siftUpComparable(ILjava/lang/Object;)
MC,caller=Ljava/util/PriorityQueue;.siftUpComparable(ILjava/lang/Object;),target=LMain$P;.compareTo(Ljava/lang/Object;) <BRIDGE>
MC,caller=LMain$P;.compareTo(Ljava/lang/Object;) <BRIDGE>,target=Main$P:41#compareTo:78
VW,context=Main$P:41#compareTo:78,t=Main$P:38
FR,context=Main$P:41,d
FR,context=Main$P:38,d
FR,context=Main$P:41,d
FR,context=Main$P:38,d
VW,context=Main$P:41#compareTo:78,result=1
ME,returner=Main$P:41#compareTo:78,value=1
ME,returner=LMain$P;.compareTo(Ljava/lang/Object;) <BRIDGE>,value=<void>
ME,returner=Ljava/util/PriorityQueue;.siftUpComparable(ILjava/lang/Object;),value=<void>
ME,returner=Ljava/util/PriorityQueue;.siftUp(ILjava/lang/Object;),value=<void>
ME,returner=Ljava/util/PriorityQueue;.siftUp(ILjava/lang/Object;),value=<void>
ME,returner=Ljava/util/PriorityQueue;.add(Ljava/lang/Object;),value=<void>
ME,returner=Main:1#a:46,value=<void>
FR,context=Main:1,n
MC,caller=Main:1#d:3,target=Main:1#a:47
VW,context=Main:1#a:47,p=Main$P:37
VW,context=Main:1#a:47,f=3
VW,context=Main:1#a:47,t=3
FR,context=Main:1,c
FR,context=Main:1,INF
ME,returner=Main:1#a:47,value=<void>
FR,context=Main:1,n
MC,caller=Main:1#d:3,target=Main:1#a:48
VW,context=Main:1#a:48,p=Main$P:37
VW,context=Main:1#a:48,f=3
VW,context=Main:1#a:48,t=4
FR,context=Main:1,c
FR,context=Main:1,INF
FR,context=Main$P:37,d
FR,context=Main:1,c
FR,context=Main$P:37,p
FR,context=Main$P:37,p
NO,object=Main$P:42
MC,caller=Main:1#a:48,target=Main$P:42#Main$P:42
VW,context=Main$P:42#Main$P:42,a=5
NO,object=int[]:41
FW,context=int[]:41,0=0
FW,context=int[]:41,1=1
FW,context=int[]:41,2=3
FW,context=int[]:41,3=0
VW,context=Main$P:42#Main$P:42,b=int[]:41
FW,context=Main$P:42,d=5
FW,context=Main$P:42,p=int[]:41
ME,returner=Main$P:42#Main$P:42,value=<void>
VW,context=Main:1#a:48,np=Main$P:42
FR,context=Main$P:42,p
FR,context=Main$P:42,p
FR,context=Main:1,d
MC,caller=Main:1#a:48,target=Main$P:42#compareTo:79
VW,context=Main$P:42#compareTo:79,t=Main$P:38
FR,context=Main$P:42,d
FR,context=Main$P:38,d
FR,context=Main$P:42,d
FR,context=Main$P:38,d
VW,context=Main$P:42#compareTo:79,result=2
ME,returner=Main$P:42#compareTo:79,value=2
ME,returner=Main:1#a:48,value=<void>
FR,context=Main:1,n
FR,context=Main:1,q
FR,context=Main:1,q
VW,context=Main:1#d:3,p=Main$P:38
FR,context=Main$P:38,p
FR,context=Main$P:38,p
VW,context=Main:1#d:3,v=4
FR,context=Main:1,b
ME,returner=Main:1#d:3,value=<void>
FR,context=Main:1,d
FR,context=Main:1,b
FR,context=Main:1,d
FR,context=Main:1,b
FW,context=Main$P:38,s=java.util.BitSet (id=446)
FR,context=Main:1,d
FR,context=Main:1,b
FW,context=Main$P:38,x=2
FR,context=Main:1,kq
FR,context=Main:1,d
FR,context=Main:1,b
MC,caller=Main:1#kd:1,target=Ljava/util/PriorityQueue;.add(Ljava/lang/Object;)
MC,caller=Ljava/util/PriorityQueue;.add(Ljava/lang/Object;),target=Ljava/util/PriorityQueue;.add(Ljava/lang/Object;)
MC,caller=Ljava/util/PriorityQueue;.add(Ljava/lang/Object;),target=Ljava/util/PriorityQueue;.offer(Ljava/lang/Object;)
MC,caller=Ljava/util/PriorityQueue;.offer(Ljava/lang/Object;),target=Ljava/util/PriorityQueue;.siftUp(ILjava/lang/Object;)
MC,caller=Ljava/util/PriorityQueue;.siftUp(ILjava/lang/Object;),target=Ljava/util/PriorityQueue;.siftUpComparable(ILjava/lang/Object;)
ME,returner=Ljava/util/PriorityQueue;.siftUpComparable(ILjava/lang/Object;),value=<void>
ME,returner=Ljava/util/PriorityQueue;.siftUp(ILjava/lang/Object;),value=<void>
ME,returner=Ljava/util/PriorityQueue;.offer(Ljava/lang/Object;),value=<void>
ME,returner=Ljava/util/PriorityQueue;.add(Ljava/lang/Object;),value=<void>
MC,caller=Ljava/util/PriorityQueue;.add(Ljava/lang/Object;),target=Ljava/util/PriorityQueue;.siftUp(ILjava/lang/Object;)
MC,caller=Ljava/util/PriorityQueue;.siftUp(ILjava/lang/Object;),target=Ljava/util/PriorityQueue;.siftUp(ILjava/lang/Object;)
MC,caller=Ljava/util/PriorityQueue;.siftUp(ILjava/lang/Object;),target=Ljava/util/PriorityQueue;.siftUpComparable(ILjava/lang/Object;)
MC,caller=Ljava/util/PriorityQueue;.siftUpComparable(ILjava/lang/Object;),target=LMain$P;.compareTo(Ljava/lang/Object;) <BRIDGE>
MC,caller=LMain$P;.compareTo(Ljava/lang/Object;) <BRIDGE>,target=Main$P:38#compareTo:80
VW,context=Main$P:38#compareTo:80,t=Main$P:30
FR,context=Main$P:38,d
FR,context=Main$P:30,d
FR,context=Main$P:38,p
VW,context=Main$P:38#compareTo:80,i=0
FR,context=Main$P:30,p
FR,context=Main$P:38,p
FR,context=Main$P:30,p
FR,context=Main$P:38,p
VW,context=Main$P:38#compareTo:80,i=1
FR,context=Main$P:30,p
FR,context=Main$P:38,p
FR,context=Main$P:30,p
FR,context=Main$P:38,p
FR,context=Main$P:30,p
VW,context=Main$P:38#compareTo:80,result=-1
ME,returner=Main$P:38#compareTo:80,value=-1
ME,returner=LMain$P;.compareTo(Ljava/lang/Object;) <BRIDGE>,value=<void>
ME,returner=Ljava/util/PriorityQueue;.siftUpComparable(ILjava/lang/Object;),value=<void>
ME,returner=Ljava/util/PriorityQueue;.siftUp(ILjava/lang/Object;),value=<void>
ME,returner=Ljava/util/PriorityQueue;.siftUp(ILjava/lang/Object;),value=<void>
ME,returner=Ljava/util/PriorityQueue;.add(Ljava/lang/Object;),value=<void>
FR,context=Main$P:18,p
VW,context=Main:1#kd:1,j=3
FR,context=Main:1,n
VW,context=Main:1#kd:1,s=java.util.BitSet (id=463)
FR,context=Main$P:18,p
FR,context=Main$P:18,p
NO,object=int[]:42
FW,context=int[]:42,0=0
FW,context=int[]:42,1=1
FW,context=int[]:42,2=2
VW,context=Main:1#kd:1,op=int[]:42
FR,context=Main:1,c
FR,context=Main$P:18,p
FR,context=Main$P:18,p
VW,context=Main:1#kd:1,od=2
FR,context=Main:1,d
FR,context=Main:1,n
FR,context=Main:1,d
FR,context=Main$P:18,p
FR,context=Main:1,z
FR,context=Main:1,d
FR,context=Main$P:18,p
FR,context=Main:1,z
FR,context=Main$P:18,p
MC,caller=Main:1#kd:1,target=Main:1#d:4
VW,context=Main:1#d:4,s=java.util.BitSet (id=463)
VW,context=Main:1#d:4,a=2
VW,context=Main:1#d:4,od=2
VW,context=Main:1#d:4,op=int[]:42
FR,context=Main:1,q
FR,context=Main:1,d
NO,object=Main$P:43
MC,caller=Main:1#d:4,target=Main$P:43#Main$P:43
VW,context=Main$P:43#Main$P:43,a=2
VW,context=Main$P:43#Main$P:43,b=int[]:42
FW,context=Main$P:43,d=2
FW,context=Main$P:43,p=int[]:42
ME,returner=Main$P:43#Main$P:43,value=<void>
FR,context=Main:1,n
VW,context=Main:1#d:4,i=0
FR,context=Main:1,d
MC,caller=Main:1#d:4,target=Main:1#a:49
VW,context=Main:1#a:49,p=Main$P:43
VW,context=Main:1#a:49,f=2
VW,context=Main:1#a:49,t=0
FR,context=Main:1,c
FR,context=Main:1,INF
FR,context=Main$P:43,d
FR,context=Main:1,c
FR,context=Main$P:43,p
FR,context=Main$P:43,p
NO,object=Main$P:44
MC,caller=Main:1#a:49,target=Main$P:44#Main$P:44
VW,context=Main$P:44#Main$P:44,a=3
NO,object=int[]:43
FW,context=int[]:43,0=0
FW,context=int[]:43,1=1
FW,context=int[]:43,2=2
FW,context=int[]:43,3=0
VW,context=Main$P:44#Main$P:44,b=int[]:43
FW,context=Main$P:44,d=3
FW,context=Main$P:44,p=int[]:43
ME,returner=Main$P:44#Main$P:44,value=<void>
VW,context=Main:1#a:49,np=Main$P:44
FR,context=Main$P:44,p
FR,context=Main$P:44,p
FR,context=Main:1,d
MC,caller=Main:1#a:49,target=Main$P:44#compareTo:81
VW,context=Main$P:44#compareTo:81,t=Main$P:1
FR,context=Main$P:44,d
FR,context=Main$P:1,d
FR,context=Main$P:44,d
FR,context=Main$P:1,d
VW,context=Main$P:44#compareTo:81,result=3
ME,returner=Main$P:44#compareTo:81,value=3
ME,returner=Main:1#a:49,value=<void>
FR,context=Main:1,n
VW,context=Main:1#d:4,i=1
FR,context=Main:1,d
MC,caller=Main:1#d:4,target=Main:1#a:50
VW,context=Main:1#a:50,p=Main$P:43
VW,context=Main:1#a:50,f=2
VW,context=Main:1#a:50,t=1
FR,context=Main:1,c
FR,context=Main:1,INF
FR,context=Main$P:43,d
FR,context=Main:1,c
FR,context=Main$P:43,p
FR,context=Main$P:43,p
NO,object=Main$P:45
MC,caller=Main:1#a:50,target=Main$P:45#Main$P:45
VW,context=Main$P:45#Main$P:45,a=4
NO,object=int[]:44
FW,context=int[]:44,0=0
FW,context=int[]:44,1=1
FW,context=int[]:44,2=2
FW,context=int[]:44,3=0
VW,context=Main$P:45#Main$P:45,b=int[]:44
FW,context=Main$P:45,d=4
FW,context=Main$P:45,p=int[]:44
ME,returner=Main$P:45#Main$P:45,value=<void>
VW,context=Main:1#a:50,np=Main$P:45
FR,context=Main$P:45,p
FR,context=Main$P:45,p
FR,context=Main:1,d
MC,caller=Main:1#a:50,target=Main$P:45#compareTo:82
VW,context=Main$P:45#compareTo:82,t=Main$P:1
FR,context=Main$P:45,d
FR,context=Main$P:1,d
FR,context=Main$P:45,d
FR,context=Main$P:1,d
VW,context=Main$P:45#compareTo:82,result=4
ME,returner=Main$P:45#compareTo:82,value=4
ME,returner=Main:1#a:50,value=<void>
FR,context=Main:1,n
VW,context=Main:1#d:4,i=2
FR,context=Main:1,d
MC,caller=Main:1#d:4,target=Main:1#a:51
VW,context=Main:1#a:51,p=Main$P:43
VW,context=Main:1#a:51,f=2
VW,context=Main:1#a:51,t=2
FR,context=Main:1,c
FR,context=Main:1,INF
ME,returner=Main:1#a:51,value=<void>
FR,context=Main:1,n
VW,context=Main:1#d:4,i=3
FR,context=Main:1,d
MC,caller=Main:1#d:4,target=Main:1#a:52
VW,context=Main:1#a:52,p=Main$P:43
VW,context=Main:1#a:52,f=2
VW,context=Main:1#a:52,t=3
FR,context=Main:1,c
FR,context=Main:1,INF
FR,context=Main$P:43,d
FR,context=Main:1,c
FR,context=Main$P:43,p
FR,context=Main$P:43,p
NO,object=Main$P:46
MC,caller=Main:1#a:52,target=Main$P:46#Main$P:46
VW,context=Main$P:46#Main$P:46,a=3
NO,object=int[]:45
FW,context=int[]:45,0=0
FW,context=int[]:45,1=1
FW,context=int[]:45,2=2
FW,context=int[]:45,3=0
VW,context=Main$P:46#Main$P:46,b=int[]:45
FW,context=Main$P:46,d=3
FW,context=Main$P:46,p=int[]:45
ME,returner=Main$P:46#Main$P:46,value=<void>
VW,context=Main:1#a:52,np=Main$P:46
FR,context=Main$P:46,p
FR,context=Main$P:46,p
FR,context=Main:1,d
MC,caller=Main:1#a:52,target=Main$P:46#compareTo:83
VW,context=Main$P:46#compareTo:83,t=null
VW,context=Main$P:46#compareTo:83,result=-1
ME,returner=Main$P:46#compareTo:83,value=-1
FR,context=Main:1,d
FR,context=Main:1,q
FR,context=Main:1,d
ME,returner=Main:1#a:52,value=<void>
FR,context=Main:1,n
VW,context=Main:1#d:4,i=4
FR,context=Main:1,n
FR,context=Main:1,q
FR,context=Main:1,q
VW,context=Main:1#d:4,p=Main$P:46
FR,context=Main$P:46,p
FR,context=Main$P:46,p
VW,context=Main:1#d:4,v=3
FR,context=Main:1,b
FR,context=Main:1,d
MC,caller=Main:1#d:4,target=Main$P:46#compareTo:84
VW,context=Main$P:46#compareTo:84,t=Main$P:46
FR,context=Main$P:46,d
FR,context=Main$P:46,d
FR,context=Main$P:46,p
VW,context=Main$P:46#compareTo:84,i=0
FR,context=Main$P:46,p
FR,context=Main$P:46,p
FR,context=Main$P:46,p
FR,context=Main$P:46,p
VW,context=Main$P:46#compareTo:84,i=1
FR,context=Main$P:46,p
FR,context=Main$P:46,p
FR,context=Main$P:46,p
FR,context=Main$P:46,p
VW,context=Main$P:46#compareTo:84,i=2
FR,context=Main$P:46,p
FR,context=Main$P:46,p
FR,context=Main$P:46,p
FR,context=Main$P:46,p
VW,context=Main$P:46#compareTo:84,i=3
FR,context=Main$P:46,p
FR,context=Main$P:46,p
FR,context=Main$P:46,p
FR,context=Main$P:46,p
FR,context=Main$P:46,p
FR,context=Main$P:46,p
VW,context=Main$P:46#compareTo:84,result=0
ME,returner=Main$P:46#compareTo:84,value=0
FR,context=Main:1,n
MC,caller=Main:1#d:4,target=Main:1#a:53
VW,context=Main:1#a:53,p=Main$P:46
VW,context=Main:1#a:53,f=3
VW,context=Main:1#a:53,t=0
FR,context=Main:1,c
FR,context=Main:1,INF
FR,context=Main$P:46,d
FR,context=Main:1,c
FR,context=Main$P:46,p
FR,context=Main$P:46,p
NO,object=Main$P:47
MC,caller=Main:1#a:53,target=Main$P:47#Main$P:47
VW,context=Main$P:47#Main$P:47,a=4
NO,object=int[]:46
FW,context=int[]:46,0=0
FW,context=int[]:46,1=1
FW,context=int[]:46,2=2
FW,context=int[]:46,3=3
FW,context=int[]:46,4=0
VW,context=Main$P:47#Main$P:47,b=int[]:46
FW,context=Main$P:47,d=4
FW,context=Main$P:47,p=int[]:46
ME,returner=Main$P:47#Main$P:47,value=<void>
VW,context=Main:1#a:53,np=Main$P:47
FR,context=Main$P:47,p
FR,context=Main$P:47,p
FR,context=Main:1,d
MC,caller=Main:1#a:53,target=Main$P:47#compareTo:85
VW,context=Main$P:47#compareTo:85,t=Main$P:1
FR,context=Main$P:47,d
FR,context=Main$P:1,d
FR,context=Main$P:47,d
FR,context=Main$P:1,d
VW,context=Main$P:47#compareTo:85,result=4
ME,returner=Main$P:47#compareTo:85,value=4
ME,returner=Main:1#a:53,value=<void>
FR,context=Main:1,n
MC,caller=Main:1#d:4,target=Main:1#a:54
VW,context=Main:1#a:54,p=Main$P:46
VW,context=Main:1#a:54,f=3
VW,context=Main:1#a:54,t=1
FR,context=Main:1,c
FR,context=Main:1,INF
FR,context=Main$P:46,d
FR,context=Main:1,c
FR,context=Main$P:46,p
FR,context=Main$P:46,p
NO,object=Main$P:48
MC,caller=Main:1#a:54,target=Main$P:48#Main$P:48
VW,context=Main$P:48#Main$P:48,a=4
NO,object=int[]:47
FW,context=int[]:47,0=0
FW,context=int[]:47,1=1
FW,context=int[]:47,2=2
FW,context=int[]:47,3=3
FW,context=int[]:47,4=0
VW,context=Main$P:48#Main$P:48,b=int[]:47
FW,context=Main$P:48,d=4
FW,context=Main$P:48,p=int[]:47
ME,returner=Main$P:48#Main$P:48,value=<void>
VW,context=Main:1#a:54,np=Main$P:48
FR,context=Main$P:48,p
FR,context=Main$P:48,p
FR,context=Main:1,d
MC,caller=Main:1#a:54,target=Main$P:48#compareTo:86
VW,context=Main$P:48#compareTo:86,t=Main$P:1
FR,context=Main$P:48,d
FR,context=Main$P:1,d
FR,context=Main$P:48,d
FR,context=Main$P:1,d
VW,context=Main$P:48#compareTo:86,result=4
ME,returner=Main$P:48#compareTo:86,value=4
ME,returner=Main:1#a:54,value=<void>
FR,context=Main:1,n
MC,caller=Main:1#d:4,target=Main:1#a:55
VW,context=Main:1#a:55,p=Main$P:46
VW,context=Main:1#a:55,f=3
VW,context=Main:1#a:55,t=2
FR,context=Main:1,c
FR,context=Main:1,INF
FR,context=Main$P:46,d
FR,context=Main:1,c
FR,context=Main$P:46,p
FR,context=Main$P:46,p
NO,object=Main$P:49
MC,caller=Main:1#a:55,target=Main$P:49#Main$P:49
VW,context=Main$P:49#Main$P:49,a=4
NO,object=int[]:48
FW,context=int[]:48,0=0
FW,context=int[]:48,1=1
FW,context=int[]:48,2=2
FW,context=int[]:48,3=3
FW,context=int[]:48,4=0
VW,context=Main$P:49#Main$P:49,b=int[]:48
FW,context=Main$P:49,d=4
FW,context=Main$P:49,p=int[]:48
ME,returner=Main$P:49#Main$P:49,value=<void>
VW,context=Main:1#a:55,np=Main$P:49
FR,context=Main$P:49,p
FR,context=Main$P:49,p
FR,context=Main:1,d
MC,caller=Main:1#a:55,target=Main$P:49#compareTo:87
VW,context=Main$P:49#compareTo:87,t=Main$P:43
FR,context=Main$P:49,d
FR,context=Main$P:43,d
FR,context=Main$P:49,d
FR,context=Main$P:43,d
VW,context=Main$P:49#compareTo:87,result=2
ME,returner=Main$P:49#compareTo:87,value=2
ME,returner=Main:1#a:55,value=<void>
FR,context=Main:1,n
MC,caller=Main:1#d:4,target=Main:1#a:56
VW,context=Main:1#a:56,p=Main$P:46
VW,context=Main:1#a:56,f=3
VW,context=Main:1#a:56,t=3
FR,context=Main:1,c
FR,context=Main:1,INF
ME,returner=Main:1#a:56,value=<void>
FR,context=Main:1,n
MC,caller=Main:1#d:4,target=Main:1#a:57
VW,context=Main:1#a:57,p=Main$P:46
VW,context=Main:1#a:57,f=3
VW,context=Main:1#a:57,t=4
FR,context=Main:1,c
FR,context=Main:1,INF
FR,context=Main$P:46,d
FR,context=Main:1,c
FR,context=Main$P:46,p
FR,context=Main$P:46,p
NO,object=Main$P:50
MC,caller=Main:1#a:57,target=Main$P:50#Main$P:50
VW,context=Main$P:50#Main$P:50,a=5
NO,object=int[]:49
FW,context=int[]:49,0=0
FW,context=int[]:49,1=1
FW,context=int[]:49,2=2
FW,context=int[]:49,3=3
FW,context=int[]:49,4=0
VW,context=Main$P:50#Main$P:50,b=int[]:49
FW,context=Main$P:50,d=5
FW,context=Main$P:50,p=int[]:49
ME,returner=Main$P:50#Main$P:50,value=<void>
VW,context=Main:1#a:57,np=Main$P:50
FR,context=Main$P:50,p
FR,context=Main$P:50,p
FR,context=Main:1,d
MC,caller=Main:1#a:57,target=Main$P:50#compareTo:88
VW,context=Main$P:50#compareTo:88,t=null
VW,context=Main$P:50#compareTo:88,result=-1
ME,returner=Main$P:50#compareTo:88,value=-1
FR,context=Main:1,d
FR,context=Main:1,q
FR,context=Main:1,d
ME,returner=Main:1#a:57,value=<void>
FR,context=Main:1,n
FR,context=Main:1,q
FR,context=Main:1,q
VW,context=Main:1#d:4,p=Main$P:50
FR,context=Main$P:50,p
FR,context=Main$P:50,p
VW,context=Main:1#d:4,v=4
FR,context=Main:1,b
ME,returner=Main:1#d:4,value=<void>
FR,context=Main:1,d
FR,context=Main:1,b
FR,context=Main:1,d
FR,context=Main:1,b
FW,context=Main$P:50,s=java.util.BitSet (id=463)
FR,context=Main:1,d
FR,context=Main:1,b
FW,context=Main$P:50,x=3
FR,context=Main:1,kq
FR,context=Main:1,d
FR,context=Main:1,b
MC,caller=Main:1#kd:1,target=Ljava/util/PriorityQueue;.add(Ljava/lang/Object;)
MC,caller=Ljava/util/PriorityQueue;.add(Ljava/lang/Object;),target=Ljava/util/PriorityQueue;.add(Ljava/lang/Object;)
MC,caller=Ljava/util/PriorityQueue;.add(Ljava/lang/Object;),target=Ljava/util/PriorityQueue;.offer(Ljava/lang/Object;)
MC,caller=Ljava/util/PriorityQueue;.offer(Ljava/lang/Object;),target=Ljava/util/PriorityQueue;.siftUp(ILjava/lang/Object;)
MC,caller=Ljava/util/PriorityQueue;.siftUp(ILjava/lang/Object;),target=Ljava/util/PriorityQueue;.siftUpComparable(ILjava/lang/Object;)
ME,returner=Ljava/util/PriorityQueue;.siftUpComparable(ILjava/lang/Object;),value=<void>
ME,returner=Ljava/util/PriorityQueue;.siftUp(ILjava/lang/Object;),value=<void>
ME,returner=Ljava/util/PriorityQueue;.offer(Ljava/lang/Object;),value=<void>
ME,returner=Ljava/util/PriorityQueue;.add(Ljava/lang/Object;),value=<void>
MC,caller=Ljava/util/PriorityQueue;.add(Ljava/lang/Object;),target=Ljava/util/PriorityQueue;.siftUp(ILjava/lang/Object;)
MC,caller=Ljava/util/PriorityQueue;.siftUp(ILjava/lang/Object;),target=Ljava/util/PriorityQueue;.siftUp(ILjava/lang/Object;)
MC,caller=Ljava/util/PriorityQueue;.siftUp(ILjava/lang/Object;),target=Ljava/util/PriorityQueue;.siftUpComparable(ILjava/lang/Object;)
MC,caller=Ljava/util/PriorityQueue;.siftUpComparable(ILjava/lang/Object;),target=LMain$P;.compareTo(Ljava/lang/Object;) <BRIDGE>
MC,caller=LMain$P;.compareTo(Ljava/lang/Object;) <BRIDGE>,target=Main$P:50#compareTo:89
VW,context=Main$P:50#compareTo:89,t=Main$P:38
FR,context=Main$P:50,d
FR,context=Main$P:38,d
FR,context=Main$P:50,d
FR,context=Main$P:38,d
VW,context=Main$P:50#compareTo:89,result=2
ME,returner=Main$P:50#compareTo:89,value=2
ME,returner=LMain$P;.compareTo(Ljava/lang/Object;) <BRIDGE>,value=<void>
ME,returner=Ljava/util/PriorityQueue;.siftUpComparable(ILjava/lang/Object;),value=<void>
ME,returner=Ljava/util/PriorityQueue;.siftUp(ILjava/lang/Object;),value=<void>
ME,returner=Ljava/util/PriorityQueue;.siftUp(ILjava/lang/Object;),value=<void>
ME,returner=Ljava/util/PriorityQueue;.add(Ljava/lang/Object;),value=<void>
FR,context=Main$P:18,p
FR,context=Main:1,k
VW,context=Main:1#kd:1,i=2
FR,context=Main:1,kq
FR,context=Main:1,kq
MC,caller=Main:1#kd:1,target=Ljava/util/AbstractQueue;.remove()
MC,caller=Ljava/util/AbstractQueue;.remove(),target=Ljava/util/AbstractQueue;.remove()
MC,caller=Ljava/util/AbstractQueue;.remove(),target=Ljava/util/PriorityQueue;.poll()
MC,caller=Ljava/util/PriorityQueue;.poll(),target=Ljava/util/PriorityQueue;.siftDown(ILjava/lang/Object;)
MC,caller=Ljava/util/PriorityQueue;.siftDown(ILjava/lang/Object;),target=Ljava/util/PriorityQueue;.siftDownComparable(ILjava/lang/Object;)
ME,returner=Ljava/util/PriorityQueue;.siftDownComparable(ILjava/lang/Object;),value=<void>
ME,returner=Ljava/util/PriorityQueue;.siftDown(ILjava/lang/Object;),value=<void>
ME,returner=Ljava/util/PriorityQueue;.poll(),value=<void>
ME,returner=Ljava/util/AbstractQueue;.remove(),value=<void>
MC,caller=Ljava/util/AbstractQueue;.remove(),target=Ljava/util/PriorityQueue;.siftDown(ILjava/lang/Object;)
MC,caller=Ljava/util/PriorityQueue;.siftDown(ILjava/lang/Object;),target=Ljava/util/PriorityQueue;.siftDown(ILjava/lang/Object;)
MC,caller=Ljava/util/PriorityQueue;.siftDown(ILjava/lang/Object;),target=Ljava/util/PriorityQueue;.siftDownComparable(ILjava/lang/Object;)
MC,caller=Ljava/util/PriorityQueue;.siftDownComparable(ILjava/lang/Object;),target=LMain$P;.compareTo(Ljava/lang/Object;) <BRIDGE>
MC,caller=LMain$P;.compareTo(Ljava/lang/Object;) <BRIDGE>,target=Main$P:50#compareTo:90
VW,context=Main$P:50#compareTo:90,t=Main$P:30
FR,context=Main$P:50,d
FR,context=Main$P:30,d
FR,context=Main$P:50,d
FR,context=Main$P:30,d
VW,context=Main$P:50#compareTo:90,result=2
ME,returner=Main$P:50#compareTo:90,value=2
ME,returner=LMain$P;.compareTo(Ljava/lang/Object;) <BRIDGE>,value=<void>
ME,returner=Ljava/util/PriorityQueue;.siftDownComparable(ILjava/lang/Object;),value=<void>
ME,returner=Ljava/util/PriorityQueue;.siftDown(ILjava/lang/Object;),value=<void>
ME,returner=Ljava/util/PriorityQueue;.siftDown(ILjava/lang/Object;),value=<void>
ME,returner=Ljava/util/AbstractQueue;.remove(),value=<void>
VW,context=Main:1#kd:1,p=Main$P:38
FR,context=Main$P:38,s
FR,context=Main:1,n
VW,context=Main:1#kd:1,s=java.util.BitSet (id=480)
FR,context=Main$P:38,p
FR,context=Main$P:38,x
FR,context=Main$P:38,p
FR,context=Main$P:38,x
NO,object=int[]:50
FW,context=int[]:50,0=0
FW,context=int[]:50,1=1
VW,context=Main:1#kd:1,op=int[]:50
VW,context=Main:1#kd:1,od=0
FR,context=Main:1,d
FR,context=Main:1,n
FR,context=Main$P:38,x
VW,context=Main:1#kd:1,j=2
FR,context=Main:1,c
FR,context=Main$P:38,p
FR,context=Main$P:38,p
VW,context=Main:1#kd:1,od=1
FR,context=Main:1,d
FR,context=Main$P:38,p
FR,context=Main:1,z
FR,context=Main$P:38,x
FR,context=Main$P:38,p
FR,context=Main$P:38,x
MC,caller=Main:1#kd:1,target=Main:1#d:5
VW,context=Main:1#d:5,s=java.util.BitSet (id=480)
VW,context=Main:1#d:5,a=1
VW,context=Main:1#d:5,od=1
VW,context=Main:1#d:5,op=int[]:50
FR,context=Main:1,q
FR,context=Main:1,d
NO,object=Main$P:51
MC,caller=Main:1#d:5,target=Main$P:51#Main$P:51
VW,context=Main$P:51#Main$P:51,a=1
VW,context=Main$P:51#Main$P:51,b=int[]:50
FW,context=Main$P:51,d=1
FW,context=Main$P:51,p=int[]:50
ME,returner=Main$P:51#Main$P:51,value=<void>
FR,context=Main:1,n
VW,context=Main:1#d:5,i=0
FR,context=Main:1,d
MC,caller=Main:1#d:5,target=Main:1#a:58
VW,context=Main:1#a:58,p=Main$P:51
VW,context=Main:1#a:58,f=1
VW,context=Main:1#a:58,t=0
FR,context=Main:1,c
FR,context=Main:1,INF
FR,context=Main$P:51,d
FR,context=Main:1,c
FR,context=Main$P:51,p
FR,context=Main$P:51,p
NO,object=Main$P:52
MC,caller=Main:1#a:58,target=Main$P:52#Main$P:52
VW,context=Main$P:52#Main$P:52,a=2
NO,object=int[]:51
FW,context=int[]:51,0=0
FW,context=int[]:51,1=1
FW,context=int[]:51,2=0
VW,context=Main$P:52#Main$P:52,b=int[]:51
FW,context=Main$P:52,d=2
FW,context=Main$P:52,p=int[]:51
ME,returner=Main$P:52#Main$P:52,value=<void>
VW,context=Main:1#a:58,np=Main$P:52
FR,context=Main$P:52,p
FR,context=Main$P:52,p
FR,context=Main:1,d
MC,caller=Main:1#a:58,target=Main$P:52#compareTo:91
VW,context=Main$P:52#compareTo:91,t=Main$P:1
FR,context=Main$P:52,d
FR,context=Main$P:1,d
FR,context=Main$P:52,d
FR,context=Main$P:1,d
VW,context=Main$P:52#compareTo:91,result=2
ME,returner=Main$P:52#compareTo:91,value=2
ME,returner=Main:1#a:58,value=<void>
FR,context=Main:1,n
VW,context=Main:1#d:5,i=1
FR,context=Main:1,d
MC,caller=Main:1#d:5,target=Main:1#a:59
VW,context=Main:1#a:59,p=Main$P:51
VW,context=Main:1#a:59,f=1
VW,context=Main:1#a:59,t=1
FR,context=Main:1,c
FR,context=Main:1,INF
ME,returner=Main:1#a:59,value=<void>
FR,context=Main:1,n
VW,context=Main:1#d:5,i=2
FR,context=Main:1,n
VW,context=Main:1#d:5,i=3
FR,context=Main:1,d
MC,caller=Main:1#d:5,target=Main:1#a:60
VW,context=Main:1#a:60,p=Main$P:51
VW,context=Main:1#a:60,f=1
VW,context=Main:1#a:60,t=3
FR,context=Main:1,c
FR,context=Main:1,INF
FR,context=Main$P:51,d
FR,context=Main:1,c
FR,context=Main$P:51,p
FR,context=Main$P:51,p
NO,object=Main$P:53
MC,caller=Main:1#a:60,target=Main$P:53#Main$P:53
VW,context=Main$P:53#Main$P:53,a=3
NO,object=int[]:52
FW,context=int[]:52,0=0
FW,context=int[]:52,1=1
FW,context=int[]:52,2=0
VW,context=Main$P:53#Main$P:53,b=int[]:52
FW,context=Main$P:53,d=3
FW,context=Main$P:53,p=int[]:52
ME,returner=Main$P:53#Main$P:53,value=<void>
VW,context=Main:1#a:60,np=Main$P:53
FR,context=Main$P:53,p
FR,context=Main$P:53,p
FR,context=Main:1,d
MC,caller=Main:1#a:60,target=Main$P:53#compareTo:92
VW,context=Main$P:53#compareTo:92,t=null
VW,context=Main$P:53#compareTo:92,result=-1
ME,returner=Main$P:53#compareTo:92,value=-1
FR,context=Main:1,d
FR,context=Main:1,q
FR,context=Main:1,d
ME,returner=Main:1#a:60,value=<void>
FR,context=Main:1,n
VW,context=Main:1#d:5,i=4
FR,context=Main:1,n
FR,context=Main:1,q
FR,context=Main:1,q
VW,context=Main:1#d:5,p=Main$P:53
FR,context=Main$P:53,p
FR,context=Main$P:53,p
VW,context=Main:1#d:5,v=3
FR,context=Main:1,b
FR,context=Main:1,d
MC,caller=Main:1#d:5,target=Main$P:53#compareTo:93
VW,context=Main$P:53#compareTo:93,t=Main$P:53
FR,context=Main$P:53,d
FR,context=Main$P:53,d
FR,context=Main$P:53,p
VW,context=Main$P:53#compareTo:93,i=0
FR,context=Main$P:53,p
FR,context=Main$P:53,p
FR,context=Main$P:53,p
FR,context=Main$P:53,p
VW,context=Main$P:53#compareTo:93,i=1
FR,context=Main$P:53,p
FR,context=Main$P:53,p
FR,context=Main$P:53,p
FR,context=Main$P:53,p
VW,context=Main$P:53#compareTo:93,i=2
FR,context=Main$P:53,p
FR,context=Main$P:53,p
FR,context=Main$P:53,p
FR,context=Main$P:53,p
FR,context=Main$P:53,p
FR,context=Main$P:53,p
VW,context=Main$P:53#compareTo:93,result=0
ME,returner=Main$P:53#compareTo:93,value=0
FR,context=Main:1,n
MC,caller=Main:1#d:5,target=Main:1#a:61
VW,context=Main:1#a:61,p=Main$P:53
VW,context=Main:1#a:61,f=3
VW,context=Main:1#a:61,t=0
FR,context=Main:1,c
FR,context=Main:1,INF
FR,context=Main$P:53,d
FR,context=Main:1,c
FR,context=Main$P:53,p
FR,context=Main$P:53,p
NO,object=Main$P:54
MC,caller=Main:1#a:61,target=Main$P:54#Main$P:54
VW,context=Main$P:54#Main$P:54,a=4
NO,object=int[]:53
FW,context=int[]:53,0=0
FW,context=int[]:53,1=1
FW,context=int[]:53,2=3
FW,context=int[]:53,3=0
VW,context=Main$P:54#Main$P:54,b=int[]:53
FW,context=Main$P:54,d=4
FW,context=Main$P:54,p=int[]:53
ME,returner=Main$P:54#Main$P:54,value=<void>
VW,context=Main:1#a:61,np=Main$P:54
FR,context=Main$P:54,p
FR,context=Main$P:54,p
FR,context=Main:1,d
MC,caller=Main:1#a:61,target=Main$P:54#compareTo:94
VW,context=Main$P:54#compareTo:94,t=Main$P:1
FR,context=Main$P:54,d
FR,context=Main$P:1,d
FR,context=Main$P:54,d
FR,context=Main$P:1,d
VW,context=Main$P:54#compareTo:94,result=4
ME,returner=Main$P:54#compareTo:94,value=4
ME,returner=Main:1#a:61,value=<void>
FR,context=Main:1,n
MC,caller=Main:1#d:5,target=Main:1#a:62
VW,context=Main:1#a:62,p=Main$P:53
VW,context=Main:1#a:62,f=3
VW,context=Main:1#a:62,t=1
FR,context=Main:1,c
FR,context=Main:1,INF
FR,context=Main$P:53,d
FR,context=Main:1,c
FR,context=Main$P:53,p
FR,context=Main$P:53,p
NO,object=Main$P:55
MC,caller=Main:1#a:62,target=Main$P:55#Main$P:55
VW,context=Main$P:55#Main$P:55,a=4
NO,object=int[]:54
FW,context=int[]:54,0=0
FW,context=int[]:54,1=1
FW,context=int[]:54,2=3
FW,context=int[]:54,3=0
VW,context=Main$P:55#Main$P:55,b=int[]:54
FW,context=Main$P:55,d=4
FW,context=Main$P:55,p=int[]:54
ME,returner=Main$P:55#Main$P:55,value=<void>
VW,context=Main:1#a:62,np=Main$P:55
FR,context=Main$P:55,p
FR,context=Main$P:55,p
FR,context=Main:1,d
MC,caller=Main:1#a:62,target=Main$P:55#compareTo:95
VW,context=Main$P:55#compareTo:95,t=Main$P:51
FR,context=Main$P:55,d
FR,context=Main$P:51,d
FR,context=Main$P:55,d
FR,context=Main$P:51,d
VW,context=Main$P:55#compareTo:95,result=3
ME,returner=Main$P:55#compareTo:95,value=3
ME,returner=Main:1#a:62,value=<void>
FR,context=Main:1,n
MC,caller=Main:1#d:5,target=Main:1#a:63
VW,context=Main:1#a:63,p=Main$P:53
VW,context=Main:1#a:63,f=3
VW,context=Main:1#a:63,t=2
FR,context=Main:1,c
FR,context=Main:1,INF
FR,context=Main$P:53,d
FR,context=Main:1,c
FR,context=Main$P:53,p
FR,context=Main$P:53,p
NO,object=Main$P:56
MC,caller=Main:1#a:63,target=Main$P:56#Main$P:56
VW,context=Main$P:56#Main$P:56,a=4
NO,object=int[]:55
FW,context=int[]:55,0=0
FW,context=int[]:55,1=1
FW,context=int[]:55,2=3
FW,context=int[]:55,3=0
VW,context=Main$P:56#Main$P:56,b=int[]:55
FW,context=Main$P:56,d=4
FW,context=Main$P:56,p=int[]:55
ME,returner=Main$P:56#Main$P:56,value=<void>
VW,context=Main:1#a:63,np=Main$P:56
FR,context=Main$P:56,p
FR,context=Main$P:56,p
FR,context=Main:1,d
MC,caller=Main:1#a:63,target=Main$P:56#compareTo:96
VW,context=Main$P:56#compareTo:96,t=null
VW,context=Main$P:56#compareTo:96,result=-1
ME,returner=Main$P:56#compareTo:96,value=-1
FR,context=Main:1,d
FR,context=Main:1,q
FR,context=Main:1,d
ME,returner=Main:1#a:63,value=<void>
FR,context=Main:1,n
MC,caller=Main:1#d:5,target=Main:1#a:64
VW,context=Main:1#a:64,p=Main$P:53
VW,context=Main:1#a:64,f=3
VW,context=Main:1#a:64,t=3
FR,context=Main:1,c
FR,context=Main:1,INF
ME,returner=Main:1#a:64,value=<void>
FR,context=Main:1,n
MC,caller=Main:1#d:5,target=Main:1#a:65
VW,context=Main:1#a:65,p=Main$P:53
VW,context=Main:1#a:65,f=3
VW,context=Main:1#a:65,t=4
FR,context=Main:1,c
FR,context=Main:1,INF
FR,context=Main$P:53,d
FR,context=Main:1,c
FR,context=Main$P:53,p
FR,context=Main$P:53,p
NO,object=Main$P:57
MC,caller=Main:1#a:65,target=Main$P:57#Main$P:57
VW,context=Main$P:57#Main$P:57,a=5
NO,object=int[]:56
FW,context=int[]:56,0=0
FW,context=int[]:56,1=1
FW,context=int[]:56,2=3
FW,context=int[]:56,3=0
VW,context=Main$P:57#Main$P:57,b=int[]:56
FW,context=Main$P:57,d=5
FW,context=Main$P:57,p=int[]:56
ME,returner=Main$P:57#Main$P:57,value=<void>
VW,context=Main:1#a:65,np=Main$P:57
FR,context=Main$P:57,p
FR,context=Main$P:57,p
FR,context=Main:1,d
MC,caller=Main:1#a:65,target=Main$P:57#compareTo:97
VW,context=Main$P:57#compareTo:97,t=null
VW,context=Main$P:57#compareTo:97,result=-1
ME,returner=Main$P:57#compareTo:97,value=-1
FR,context=Main:1,d
FR,context=Main:1,q
FR,context=Main:1,d
MC,caller=Main:1#a:65,target=Ljava/util/PriorityQueue;.add(Ljava/lang/Object;)
MC,caller=Ljava/util/PriorityQueue;.add(Ljava/lang/Object;),target=Ljava/util/PriorityQueue;.add(Ljava/lang/Object;)
MC,caller=Ljava/util/PriorityQueue;.add(Ljava/lang/Object;),target=Ljava/util/PriorityQueue;.offer(Ljava/lang/Object;)
MC,caller=Ljava/util/PriorityQueue;.offer(Ljava/lang/Object;),target=Ljava/util/PriorityQueue;.siftUp(ILjava/lang/Object;)
MC,caller=Ljava/util/PriorityQueue;.siftUp(ILjava/lang/Object;),target=Ljava/util/PriorityQueue;.siftUpComparable(ILjava/lang/Object;)
ME,returner=Ljava/util/PriorityQueue;.siftUpComparable(ILjava/lang/Object;),value=<void>
ME,returner=Ljava/util/PriorityQueue;.siftUp(ILjava/lang/Object;),value=<void>
ME,returner=Ljava/util/PriorityQueue;.offer(Ljava/lang/Object;),value=<void>
ME,returner=Ljava/util/PriorityQueue;.add(Ljava/lang/Object;),value=<void>
MC,caller=Ljava/util/PriorityQueue;.add(Ljava/lang/Object;),target=Ljava/util/PriorityQueue;.siftUp(ILjava/lang/Object;)
MC,caller=Ljava/util/PriorityQueue;.siftUp(ILjava/lang/Object;),target=Ljava/util/PriorityQueue;.siftUp(ILjava/lang/Object;)
MC,caller=Ljava/util/PriorityQueue;.siftUp(ILjava/lang/Object;),target=Ljava/util/PriorityQueue;.siftUpComparable(ILjava/lang/Object;)
MC,caller=Ljava/util/PriorityQueue;.siftUpComparable(ILjava/lang/Object;),target=LMain$P;.compareTo(Ljava/lang/Object;) <BRIDGE>
MC,caller=LMain$P;.compareTo(Ljava/lang/Object;) <BRIDGE>,target=Main$P:57#compareTo:98
VW,context=Main$P:57#compareTo:98,t=Main$P:56
FR,context=Main$P:57,d
FR,context=Main$P:56,d
FR,context=Main$P:57,d
FR,context=Main$P:56,d
VW,context=Main$P:57#compareTo:98,result=1
ME,returner=Main$P:57#compareTo:98,value=1
ME,returner=LMain$P;.compareTo(Ljava/lang/Object;) <BRIDGE>,value=<void>
ME,returner=Ljava/util/PriorityQueue;.siftUpComparable(ILjava/lang/Object;),value=<void>
ME,returner=Ljava/util/PriorityQueue;.siftUp(ILjava/lang/Object;),value=<void>
ME,returner=Ljava/util/PriorityQueue;.siftUp(ILjava/lang/Object;),value=<void>
ME,returner=Ljava/util/PriorityQueue;.add(Ljava/lang/Object;),value=<void>
ME,returner=Main:1#a:65,value=<void>
FR,context=Main:1,n
FR,context=Main:1,q
FR,context=Main:1,q
VW,context=Main:1#d:5,p=Main$P:56
FR,context=Main$P:56,p
FR,context=Main$P:56,p
VW,context=Main:1#d:5,v=2
FR,context=Main:1,b
FR,context=Main:1,d
MC,caller=Main:1#d:5,target=Main$P:56#compareTo:99
VW,context=Main$P:56#compareTo:99,t=Main$P:56
FR,context=Main$P:56,d
FR,context=Main$P:56,d
FR,context=Main$P:56,p
VW,context=Main$P:56#compareTo:99,i=0
FR,context=Main$P:56,p
FR,context=Main$P:56,p
FR,context=Main$P:56,p
FR,context=Main$P:56,p
VW,context=Main$P:56#compareTo:99,i=1
FR,context=Main$P:56,p
FR,context=Main$P:56,p
FR,context=Main$P:56,p
FR,context=Main$P:56,p
VW,context=Main$P:56#compareTo:99,i=2
FR,context=Main$P:56,p
FR,context=Main$P:56,p
FR,context=Main$P:56,p
FR,context=Main$P:56,p
VW,context=Main$P:56#compareTo:99,i=3
FR,context=Main$P:56,p
FR,context=Main$P:56,p
FR,context=Main$P:56,p
FR,context=Main$P:56,p
FR,context=Main$P:56,p
FR,context=Main$P:56,p
VW,context=Main$P:56#compareTo:99,result=0
ME,returner=Main$P:56#compareTo:99,value=0
FR,context=Main:1,n
MC,caller=Main:1#d:5,target=Main:1#a:66
VW,context=Main:1#a:66,p=Main$P:56
VW,context=Main:1#a:66,f=2
VW,context=Main:1#a:66,t=0
FR,context=Main:1,c
FR,context=Main:1,INF
FR,context=Main$P:56,d
FR,context=Main:1,c
FR,context=Main$P:56,p
FR,context=Main$P:56,p
NO,object=Main$P:58
MC,caller=Main:1#a:66,target=Main$P:58#Main$P:58
VW,context=Main$P:58#Main$P:58,a=5
NO,object=int[]:57
FW,context=int[]:57,0=0
FW,context=int[]:57,1=1
FW,context=int[]:57,2=3
FW,context=int[]:57,3=2
FW,context=int[]:57,4=0
VW,context=Main$P:58#Main$P:58,b=int[]:57
FW,context=Main$P:58,d=5
FW,context=Main$P:58,p=int[]:57
ME,returner=Main$P:58#Main$P:58,value=<void>
VW,context=Main:1#a:66,np=Main$P:58
FR,context=Main$P:58,p
FR,context=Main$P:58,p
FR,context=Main:1,d
MC,caller=Main:1#a:66,target=Main$P:58#compareTo:100
VW,context=Main$P:58#compareTo:100,t=Main$P:1
FR,context=Main$P:58,d
FR,context=Main$P:1,d
FR,context=Main$P:58,d
FR,context=Main$P:1,d
VW,context=Main$P:58#compareTo:100,result=5
ME,returner=Main$P:58#compareTo:100,value=5
ME,returner=Main:1#a:66,value=<void>
FR,context=Main:1,n
MC,caller=Main:1#d:5,target=Main:1#a:67
VW,context=Main:1#a:67,p=Main$P:56
VW,context=Main:1#a:67,f=2
VW,context=Main:1#a:67,t=1
FR,context=Main:1,c
FR,context=Main:1,INF
FR,context=Main$P:56,d
FR,context=Main:1,c
FR,context=Main$P:56,p
FR,context=Main$P:56,p
NO,object=Main$P:59
MC,caller=Main:1#a:67,target=Main$P:59#Main$P:59
VW,context=Main$P:59#Main$P:59,a=6
NO,object=int[]:58
FW,context=int[]:58,0=0
FW,context=int[]:58,1=1
FW,context=int[]:58,2=3
FW,context=int[]:58,3=2
FW,context=int[]:58,4=0
VW,context=Main$P:59#Main$P:59,b=int[]:58
FW,context=Main$P:59,d=6
FW,context=Main$P:59,p=int[]:58
ME,returner=Main$P:59#Main$P:59,value=<void>
VW,context=Main:1#a:67,np=Main$P:59
FR,context=Main$P:59,p
FR,context=Main$P:59,p
FR,context=Main:1,d
MC,caller=Main:1#a:67,target=Main$P:59#compareTo:101
VW,context=Main$P:59#compareTo:101,t=Main$P:51
FR,context=Main$P:59,d
FR,context=Main$P:51,d
FR,context=Main$P:59,d
FR,context=Main$P:51,d
VW,context=Main$P:59#compareTo:101,result=5
ME,returner=Main$P:59#compareTo:101,value=5
ME,returner=Main:1#a:67,value=<void>
FR,context=Main:1,n
MC,caller=Main:1#d:5,target=Main:1#a:68
VW,context=Main:1#a:68,p=Main$P:56
VW,context=Main:1#a:68,f=2
VW,context=Main:1#a:68,t=2
FR,context=Main:1,c
FR,context=Main:1,INF
ME,returner=Main:1#a:68,value=<void>
FR,context=Main:1,n
MC,caller=Main:1#d:5,target=Main:1#a:69
VW,context=Main:1#a:69,p=Main$P:56
VW,context=Main:1#a:69,f=2
VW,context=Main:1#a:69,t=3
FR,context=Main:1,c
FR,context=Main:1,INF
FR,context=Main$P:56,d
FR,context=Main:1,c
FR,context=Main$P:56,p
FR,context=Main$P:56,p
NO,object=Main$P:60
MC,caller=Main:1#a:69,target=Main$P:60#Main$P:60
VW,context=Main$P:60#Main$P:60,a=5
NO,object=int[]:59
FW,context=int[]:59,0=0
FW,context=int[]:59,1=1
FW,context=int[]:59,2=3
FW,context=int[]:59,3=2
FW,context=int[]:59,4=0
VW,context=Main$P:60#Main$P:60,b=int[]:59
FW,context=Main$P:60,d=5
FW,context=Main$P:60,p=int[]:59
ME,returner=Main$P:60#Main$P:60,value=<void>
VW,context=Main:1#a:69,np=Main$P:60
FR,context=Main$P:60,p
FR,context=Main$P:60,p
FR,context=Main:1,d
MC,caller=Main:1#a:69,target=Main$P:60#compareTo:102
VW,context=Main$P:60#compareTo:102,t=Main$P:53
FR,context=Main$P:60,d
FR,context=Main$P:53,d
FR,context=Main$P:60,d
FR,context=Main$P:53,d
VW,context=Main$P:60#compareTo:102,result=2
ME,returner=Main$P:60#compareTo:102,value=2
ME,returner=Main:1#a:69,value=<void>
FR,context=Main:1,n
MC,caller=Main:1#d:5,target=Main:1#a:70
VW,context=Main:1#a:70,p=Main$P:56
VW,context=Main:1#a:70,f=2
VW,context=Main:1#a:70,t=4
FR,context=Main:1,c
FR,context=Main:1,INF
FR,context=Main$P:56,d
FR,context=Main:1,c
FR,context=Main$P:56,p
FR,context=Main$P:56,p
NO,object=Main$P:61
MC,caller=Main:1#a:70,target=Main$P:61#Main$P:61
VW,context=Main$P:61#Main$P:61,a=5
NO,object=int[]:60
FW,context=int[]:60,0=0
FW,context=int[]:60,1=1
FW,context=int[]:60,2=3
FW,context=int[]:60,3=2
FW,context=int[]:60,4=0
VW,context=Main$P:61#Main$P:61,b=int[]:60
FW,context=Main$P:61,d=5
FW,context=Main$P:61,p=int[]:60
ME,returner=Main$P:61#Main$P:61,value=<void>
VW,context=Main:1#a:70,np=Main$P:61
FR,context=Main$P:61,p
FR,context=Main$P:61,p
FR,context=Main:1,d
MC,caller=Main:1#a:70,target=Main$P:61#compareTo:103
VW,context=Main$P:61#compareTo:103,t=Main$P:57
FR,context=Main$P:61,d
FR,context=Main$P:57,d
FR,context=Main$P:61,p
VW,context=Main$P:61#compareTo:103,i=0
FR,context=Main$P:57,p
FR,context=Main$P:61,p
FR,context=Main$P:57,p
FR,context=Main$P:61,p
VW,context=Main$P:61#compareTo:103,i=1
FR,context=Main$P:57,p
FR,context=Main$P:61,p
FR,context=Main$P:57,p
FR,context=Main$P:61,p
VW,context=Main$P:61#compareTo:103,i=2
FR,context=Main$P:57,p
FR,context=Main$P:61,p
FR,context=Main$P:57,p
FR,context=Main$P:61,p
VW,context=Main$P:61#compareTo:103,i=3
FR,context=Main$P:57,p
FR,context=Main$P:61,p
FR,context=Main$P:57,p
FR,context=Main$P:61,p
FR,context=Main$P:57,p
VW,context=Main$P:61#compareTo:103,result=-2
ME,returner=Main$P:61#compareTo:103,value=-2
FR,context=Main:1,d
FR,context=Main:1,q
FR,context=Main:1,d
MC,caller=Main:1#a:70,target=Ljava/util/PriorityQueue;.add(Ljava/lang/Object;)
MC,caller=Ljava/util/PriorityQueue;.add(Ljava/lang/Object;),target=Ljava/util/PriorityQueue;.add(Ljava/lang/Object;)
MC,caller=Ljava/util/PriorityQueue;.add(Ljava/lang/Object;),target=Ljava/util/PriorityQueue;.offer(Ljava/lang/Object;)
MC,caller=Ljava/util/PriorityQueue;.offer(Ljava/lang/Object;),target=Ljava/util/PriorityQueue;.siftUp(ILjava/lang/Object;)
MC,caller=Ljava/util/PriorityQueue;.siftUp(ILjava/lang/Object;),target=Ljava/util/PriorityQueue;.siftUpComparable(ILjava/lang/Object;)
ME,returner=Ljava/util/PriorityQueue;.siftUpComparable(ILjava/lang/Object;),value=<void>
ME,returner=Ljava/util/PriorityQueue;.siftUp(ILjava/lang/Object;),value=<void>
ME,returner=Ljava/util/PriorityQueue;.offer(Ljava/lang/Object;),value=<void>
ME,returner=Ljava/util/PriorityQueue;.add(Ljava/lang/Object;),value=<void>
MC,caller=Ljava/util/PriorityQueue;.add(Ljava/lang/Object;),target=Ljava/util/PriorityQueue;.siftUp(ILjava/lang/Object;)
MC,caller=Ljava/util/PriorityQueue;.siftUp(ILjava/lang/Object;),target=Ljava/util/PriorityQueue;.siftUp(ILjava/lang/Object;)
MC,caller=Ljava/util/PriorityQueue;.siftUp(ILjava/lang/Object;),target=Ljava/util/PriorityQueue;.siftUpComparable(ILjava/lang/Object;)
MC,caller=Ljava/util/PriorityQueue;.siftUpComparable(ILjava/lang/Object;),target=LMain$P;.compareTo(Ljava/lang/Object;) <BRIDGE>
MC,caller=LMain$P;.compareTo(Ljava/lang/Object;) <BRIDGE>,target=Main$P:61#compareTo:104
VW,context=Main$P:61#compareTo:104,t=Main$P:57
FR,context=Main$P:61,d
FR,context=Main$P:57,d
FR,context=Main$P:61,p
VW,context=Main$P:61#compareTo:104,i=0
FR,context=Main$P:57,p
FR,context=Main$P:61,p
FR,context=Main$P:57,p
FR,context=Main$P:61,p
VW,context=Main$P:61#compareTo:104,i=1
FR,context=Main$P:57,p
FR,context=Main$P:61,p
FR,context=Main$P:57,p
FR,context=Main$P:61,p
VW,context=Main$P:61#compareTo:104,i=2
FR,context=Main$P:57,p
FR,context=Main$P:61,p
FR,context=Main$P:57,p
FR,context=Main$P:61,p
VW,context=Main$P:61#compareTo:104,i=3
FR,context=Main$P:57,p
FR,context=Main$P:61,p
FR,context=Main$P:57,p
FR,context=Main$P:61,p
FR,context=Main$P:57,p
VW,context=Main$P:61#compareTo:104,result=-2
ME,returner=Main$P:61#compareTo:104,value=-2
ME,returner=LMain$P;.compareTo(Ljava/lang/Object;) <BRIDGE>,value=<void>
ME,returner=Ljava/util/PriorityQueue;.siftUpComparable(ILjava/lang/Object;),value=<void>
ME,returner=Ljava/util/PriorityQueue;.siftUp(ILjava/lang/Object;),value=<void>
ME,returner=Ljava/util/PriorityQueue;.siftUp(ILjava/lang/Object;),value=<void>
ME,returner=Ljava/util/PriorityQueue;.add(Ljava/lang/Object;),value=<void>
ME,returner=Main:1#a:70,value=<void>
FR,context=Main:1,n
FR,context=Main:1,q
FR,context=Main:1,q
VW,context=Main:1#d:5,p=Main$P:61
FR,context=Main$P:61,p
FR,context=Main$P:61,p
VW,context=Main:1#d:5,v=4
FR,context=Main:1,b
ME,returner=Main:1#d:5,value=<void>
FR,context=Main:1,d
FR,context=Main:1,b
FR,context=Main:1,d
FR,context=Main:1,b
FW,context=Main$P:61,s=java.util.BitSet (id=480)
FR,context=Main:1,d
FR,context=Main:1,b
FR,context=Main$P:38,x
FW,context=Main$P:61,x=2
FR,context=Main:1,kq
FR,context=Main:1,d
FR,context=Main:1,b
MC,caller=Main:1#kd:1,target=Ljava/util/PriorityQueue;.add(Ljava/lang/Object;)
MC,caller=Ljava/util/PriorityQueue;.add(Ljava/lang/Object;),target=Ljava/util/PriorityQueue;.add(Ljava/lang/Object;)
MC,caller=Ljava/util/PriorityQueue;.add(Ljava/lang/Object;),target=Ljava/util/PriorityQueue;.offer(Ljava/lang/Object;)
MC,caller=Ljava/util/PriorityQueue;.offer(Ljava/lang/Object;),target=Ljava/util/PriorityQueue;.siftUp(ILjava/lang/Object;)
MC,caller=Ljava/util/PriorityQueue;.siftUp(ILjava/lang/Object;),target=Ljava/util/PriorityQueue;.siftUpComparable(ILjava/lang/Object;)
ME,returner=Ljava/util/PriorityQueue;.siftUpComparable(ILjava/lang/Object;),value=<void>
ME,returner=Ljava/util/PriorityQueue;.siftUp(ILjava/lang/Object;),value=<void>
ME,returner=Ljava/util/PriorityQueue;.offer(Ljava/lang/Object;),value=<void>
ME,returner=Ljava/util/PriorityQueue;.add(Ljava/lang/Object;),value=<void>
MC,caller=Ljava/util/PriorityQueue;.add(Ljava/lang/Object;),target=Ljava/util/PriorityQueue;.siftUp(ILjava/lang/Object;)
MC,caller=Ljava/util/PriorityQueue;.siftUp(ILjava/lang/Object;),target=Ljava/util/PriorityQueue;.siftUp(ILjava/lang/Object;)
MC,caller=Ljava/util/PriorityQueue;.siftUp(ILjava/lang/Object;),target=Ljava/util/PriorityQueue;.siftUpComparable(ILjava/lang/Object;)
MC,caller=Ljava/util/PriorityQueue;.siftUpComparable(ILjava/lang/Object;),target=LMain$P;.compareTo(Ljava/lang/Object;) <BRIDGE>
MC,caller=LMain$P;.compareTo(Ljava/lang/Object;) <BRIDGE>,target=Main$P:61#compareTo:105
VW,context=Main$P:61#compareTo:105,t=Main$P:30
FR,context=Main$P:61,d
FR,context=Main$P:30,d
FR,context=Main$P:61,d
FR,context=Main$P:30,d
VW,context=Main$P:61#compareTo:105,result=2
ME,returner=Main$P:61#compareTo:105,value=2
ME,returner=LMain$P;.compareTo(Ljava/lang/Object;) <BRIDGE>,value=<void>
ME,returner=Ljava/util/PriorityQueue;.siftUpComparable(ILjava/lang/Object;),value=<void>
ME,returner=Ljava/util/PriorityQueue;.siftUp(ILjava/lang/Object;),value=<void>
ME,returner=Ljava/util/PriorityQueue;.siftUp(ILjava/lang/Object;),value=<void>
ME,returner=Ljava/util/PriorityQueue;.add(Ljava/lang/Object;),value=<void>
FR,context=Main$P:38,x
FR,context=Main$P:38,p
FR,context=Main:1,k
VW,context=Main:1#kd:1,i=3
FR,context=Main:1,kq
FR,context=Main:1,kq
MC,caller=Main:1#kd:1,target=Ljava/util/AbstractQueue;.remove()
MC,caller=Ljava/util/AbstractQueue;.remove(),target=Ljava/util/AbstractQueue;.remove()
MC,caller=Ljava/util/AbstractQueue;.remove(),target=Ljava/util/PriorityQueue;.poll()
MC,caller=Ljava/util/PriorityQueue;.poll(),target=Ljava/util/PriorityQueue;.siftDown(ILjava/lang/Object;)
MC,caller=Ljava/util/PriorityQueue;.siftDown(ILjava/lang/Object;),target=Ljava/util/PriorityQueue;.siftDownComparable(ILjava/lang/Object;)
ME,returner=Ljava/util/PriorityQueue;.siftDownComparable(ILjava/lang/Object;),value=<void>
ME,returner=Ljava/util/PriorityQueue;.siftDown(ILjava/lang/Object;),value=<void>
ME,returner=Ljava/util/PriorityQueue;.poll(),value=<void>
ME,returner=Ljava/util/AbstractQueue;.remove(),value=<void>
MC,caller=Ljava/util/AbstractQueue;.remove(),target=Ljava/util/PriorityQueue;.siftDown(ILjava/lang/Object;)
MC,caller=Ljava/util/PriorityQueue;.siftDown(ILjava/lang/Object;),target=Ljava/util/PriorityQueue;.siftDown(ILjava/lang/Object;)
MC,caller=Ljava/util/PriorityQueue;.siftDown(ILjava/lang/Object;),target=Ljava/util/PriorityQueue;.siftDownComparable(ILjava/lang/Object;)
MC,caller=Ljava/util/PriorityQueue;.siftDownComparable(ILjava/lang/Object;),target=LMain$P;.compareTo(Ljava/lang/Object;) <BRIDGE>
MC,caller=LMain$P;.compareTo(Ljava/lang/Object;) <BRIDGE>,target=Main$P:61#compareTo:106
VW,context=Main$P:61#compareTo:106,t=Main$P:50
FR,context=Main$P:61,d
FR,context=Main$P:50,d
FR,context=Main$P:61,p
VW,context=Main$P:61#compareTo:106,i=0
FR,context=Main$P:50,p
FR,context=Main$P:61,p
FR,context=Main$P:50,p
FR,context=Main$P:61,p
VW,context=Main$P:61#compareTo:106,i=1
FR,context=Main$P:50,p
FR,context=Main$P:61,p
FR,context=Main$P:50,p
FR,context=Main$P:61,p
VW,context=Main$P:61#compareTo:106,i=2
FR,context=Main$P:50,p
FR,context=Main$P:61,p
FR,context=Main$P:50,p
FR,context=Main$P:61,p
FR,context=Main$P:50,p
VW,context=Main$P:61#compareTo:106,result=1
ME,returner=Main$P:61#compareTo:106,value=1
ME,returner=LMain$P;.compareTo(Ljava/lang/Object;) <BRIDGE>,value=<void>
ME,returner=Ljava/util/PriorityQueue;.siftDownComparable(ILjava/lang/Object;),value=<void>
ME,returner=Ljava/util/PriorityQueue;.siftDown(ILjava/lang/Object;),value=<void>
ME,returner=Ljava/util/PriorityQueue;.siftDown(ILjava/lang/Object;),value=<void>
ME,returner=Ljava/util/AbstractQueue;.remove(),value=<void>
VW,context=Main:1#kd:1,p=Main$P:30
FR,context=Main$P:30,s
FR,context=Main:1,n
VW,context=Main:1#kd:1,s=java.util.BitSet (id=503)
FR,context=Main$P:30,p
FR,context=Main$P:30,x
FR,context=Main$P:30,p
FR,context=Main$P:30,x
NO,object=int[]:61
FW,context=int[]:61,0=0
VW,context=Main:1#kd:1,op=int[]:61
VW,context=Main:1#kd:1,od=0
FR,context=Main:1,d
FR,context=Main:1,n
FR,context=Main$P:30,x
FR,context=Main$P:30,p
FR,context=Main$P:30,x
MC,caller=Main:1#kd:1,target=Main:1#d:6
VW,context=Main:1#d:6,s=java.util.BitSet (id=503)
VW,context=Main:1#d:6,a=0
VW,context=Main:1#d:6,od=0
VW,context=Main:1#d:6,op=int[]:61
FR,context=Main:1,q
FR,context=Main:1,d
NO,object=Main$P:62
MC,caller=Main:1#d:6,target=Main$P:62#Main$P:62
VW,context=Main$P:62#Main$P:62,a=0
VW,context=Main$P:62#Main$P:62,b=int[]:61
FW,context=Main$P:62,d=0
FW,context=Main$P:62,p=int[]:61
ME,returner=Main$P:62#Main$P:62,value=<void>
FR,context=Main:1,n
VW,context=Main:1#d:6,i=0
FR,context=Main:1,d
MC,caller=Main:1#d:6,target=Main:1#a:71
VW,context=Main:1#a:71,p=Main$P:62
VW,context=Main:1#a:71,f=0
VW,context=Main:1#a:71,t=0
FR,context=Main:1,c
FR,context=Main:1,INF
ME,returner=Main:1#a:71,value=<void>
FR,context=Main:1,n
VW,context=Main:1#d:6,i=1
FR,context=Main:1,n
VW,context=Main:1#d:6,i=2
FR,context=Main:1,n
VW,context=Main:1#d:6,i=3
FR,context=Main:1,d
MC,caller=Main:1#d:6,target=Main:1#a:72
VW,context=Main:1#a:72,p=Main$P:62
VW,context=Main:1#a:72,f=0
VW,context=Main:1#a:72,t=3
FR,context=Main:1,c
FR,context=Main:1,INF
FR,context=Main$P:62,d
FR,context=Main:1,c
FR,context=Main$P:62,p
FR,context=Main$P:62,p
NO,object=Main$P:63
MC,caller=Main:1#a:72,target=Main$P:63#Main$P:63
VW,context=Main$P:63#Main$P:63,a=1
NO,object=int[]:62
FW,context=int[]:62,0=0
FW,context=int[]:62,1=0
VW,context=Main$P:63#Main$P:63,b=int[]:62
FW,context=Main$P:63,d=1
FW,context=Main$P:63,p=int[]:62
ME,returner=Main$P:63#Main$P:63,value=<void>
VW,context=Main:1#a:72,np=Main$P:63
FR,context=Main$P:63,p
FR,context=Main$P:63,p
FR,context=Main:1,d
MC,caller=Main:1#a:72,target=Main$P:63#compareTo:107
VW,context=Main$P:63#compareTo:107,t=null
VW,context=Main$P:63#compareTo:107,result=-1
ME,returner=Main$P:63#compareTo:107,value=-1
FR,context=Main:1,d
FR,context=Main:1,q
FR,context=Main:1,d
ME,returner=Main:1#a:72,value=<void>
FR,context=Main:1,n
VW,context=Main:1#d:6,i=4
FR,context=Main:1,d
MC,caller=Main:1#d:6,target=Main:1#a:73
VW,context=Main:1#a:73,p=Main$P:62
VW,context=Main:1#a:73,f=0
VW,context=Main:1#a:73,t=4
FR,context=Main:1,c
FR,context=Main:1,INF
FR,context=Main$P:62,d
FR,context=Main:1,c
FR,context=Main$P:62,p
FR,context=Main$P:62,p
NO,object=Main$P:64
MC,caller=Main:1#a:73,target=Main$P:64#Main$P:64
VW,context=Main$P:64#Main$P:64,a=3
NO,object=int[]:63
FW,context=int[]:63,0=0
FW,context=int[]:63,1=0
VW,context=Main$P:64#Main$P:64,b=int[]:63
FW,context=Main$P:64,d=3
FW,context=Main$P:64,p=int[]:63
ME,returner=Main$P:64#Main$P:64,value=<void>
VW,context=Main:1#a:73,np=Main$P:64
FR,context=Main$P:64,p
FR,context=Main$P:64,p
FR,context=Main:1,d
MC,caller=Main:1#a:73,target=Main$P:64#compareTo:108
VW,context=Main$P:64#compareTo:108,t=null
VW,context=Main$P:64#compareTo:108,result=-1
ME,returner=Main$P:64#compareTo:108,value=-1
FR,context=Main:1,d
FR,context=Main:1,q
FR,context=Main:1,d
MC,caller=Main:1#a:73,target=Ljava/util/PriorityQueue;.add(Ljava/lang/Object;)
MC,caller=Ljava/util/PriorityQueue;.add(Ljava/lang/Object;),target=Ljava/util/PriorityQueue;.add(Ljava/lang/Object;)
MC,caller=Ljava/util/PriorityQueue;.add(Ljava/lang/Object;),target=Ljava/util/PriorityQueue;.offer(Ljava/lang/Object;)
MC,caller=Ljava/util/PriorityQueue;.offer(Ljava/lang/Object;),target=Ljava/util/PriorityQueue;.siftUp(ILjava/lang/Object;)
MC,caller=Ljava/util/PriorityQueue;.siftUp(ILjava/lang/Object;),target=Ljava/util/PriorityQueue;.siftUpComparable(ILjava/lang/Object;)
ME,returner=Ljava/util/PriorityQueue;.siftUpComparable(ILjava/lang/Object;),value=<void>
ME,returner=Ljava/util/PriorityQueue;.siftUp(ILjava/lang/Object;),value=<void>
ME,returner=Ljava/util/PriorityQueue;.offer(Ljava/lang/Object;),value=<void>
ME,returner=Ljava/util/PriorityQueue;.add(Ljava/lang/Object;),value=<void>
MC,caller=Ljava/util/PriorityQueue;.add(Ljava/lang/Object;),target=Ljava/util/PriorityQueue;.siftUp(ILjava/lang/Object;)
MC,caller=Ljava/util/PriorityQueue;.siftUp(ILjava/lang/Object;),target=Ljava/util/PriorityQueue;.siftUp(ILjava/lang/Object;)
MC,caller=Ljava/util/PriorityQueue;.siftUp(ILjava/lang/Object;),target=Ljava/util/PriorityQueue;.siftUpComparable(ILjava/lang/Object;)
MC,caller=Ljava/util/PriorityQueue;.siftUpComparable(ILjava/lang/Object;),target=LMain$P;.compareTo(Ljava/lang/Object;) <BRIDGE>
MC,caller=LMain$P;.compareTo(Ljava/lang/Object;) <BRIDGE>,target=Main$P:64#compareTo:109
VW,context=Main$P:64#compareTo:109,t=Main$P:63
FR,context=Main$P:64,d
FR,context=Main$P:63,d
FR,context=Main$P:64,d
FR,context=Main$P:63,d
VW,context=Main$P:64#compareTo:109,result=2
ME,returner=Main$P:64#compareTo:109,value=2
ME,returner=LMain$P;.compareTo(Ljava/lang/Object;) <BRIDGE>,value=<void>
ME,returner=Ljava/util/PriorityQueue;.siftUpComparable(ILjava/lang/Object;),value=<void>
ME,returner=Ljava/util/PriorityQueue;.siftUp(ILjava/lang/Object;),value=<void>
ME,returner=Ljava/util/PriorityQueue;.siftUp(ILjava/lang/Object;),value=<void>
ME,returner=Ljava/util/PriorityQueue;.add(Ljava/lang/Object;),value=<void>
ME,returner=Main:1#a:73,value=<void>
FR,context=Main:1,n
FR,context=Main:1,q
FR,context=Main:1,q
VW,context=Main:1#d:6,p=Main$P:63
FR,context=Main$P:63,p
FR,context=Main$P:63,p
VW,context=Main:1#d:6,v=3
FR,context=Main:1,b
FR,context=Main:1,d
MC,caller=Main:1#d:6,target=Main$P:63#compareTo:110
VW,context=Main$P:63#compareTo:110,t=Main$P:63
FR,context=Main$P:63,d
FR,context=Main$P:63,d
FR,context=Main$P:63,p
VW,context=Main$P:63#compareTo:110,i=0
FR,context=Main$P:63,p
FR,context=Main$P:63,p
FR,context=Main$P:63,p
FR,context=Main$P:63,p
VW,context=Main$P:63#compareTo:110,i=1
FR,context=Main$P:63,p
FR,context=Main$P:63,p
FR,context=Main$P:63,p
FR,context=Main$P:63,p
FR,context=Main$P:63,p
FR,context=Main$P:63,p
VW,context=Main$P:63#compareTo:110,result=0
ME,returner=Main$P:63#compareTo:110,value=0
FR,context=Main:1,n
MC,caller=Main:1#d:6,target=Main:1#a:74
VW,context=Main:1#a:74,p=Main$P:63
VW,context=Main:1#a:74,f=3
VW,context=Main:1#a:74,t=0
FR,context=Main:1,c
FR,context=Main:1,INF
FR,context=Main$P:63,d
FR,context=Main:1,c
FR,context=Main$P:63,p
FR,context=Main$P:63,p
NO,object=Main$P:65
MC,caller=Main:1#a:74,target=Main$P:65#Main$P:65
VW,context=Main$P:65#Main$P:65,a=2
NO,object=int[]:64
FW,context=int[]:64,0=0
FW,context=int[]:64,1=3
FW,context=int[]:64,2=0
VW,context=Main$P:65#Main$P:65,b=int[]:64
FW,context=Main$P:65,d=2
FW,context=Main$P:65,p=int[]:64
ME,returner=Main$P:65#Main$P:65,value=<void>
VW,context=Main:1#a:74,np=Main$P:65
FR,context=Main$P:65,p
FR,context=Main$P:65,p
FR,context=Main:1,d
MC,caller=Main:1#a:74,target=Main$P:65#compareTo:111
VW,context=Main$P:65#compareTo:111,t=Main$P:62
FR,context=Main$P:65,d
FR,context=Main$P:62,d
FR,context=Main$P:65,d
FR,context=Main$P:62,d
VW,context=Main$P:65#compareTo:111,result=2
ME,returner=Main$P:65#compareTo:111,value=2
ME,returner=Main:1#a:74,value=<void>
FR,context=Main:1,n
MC,caller=Main:1#d:6,target=Main:1#a:75
VW,context=Main:1#a:75,p=Main$P:63
VW,context=Main:1#a:75,f=3
VW,context=Main:1#a:75,t=1
FR,context=Main:1,c
FR,context=Main:1,INF
FR,context=Main$P:63,d
FR,context=Main:1,c
FR,context=Main$P:63,p
FR,context=Main$P:63,p
NO,object=Main$P:66
MC,caller=Main:1#a:75,target=Main$P:66#Main$P:66
VW,context=Main$P:66#Main$P:66,a=2
NO,object=int[]:65
FW,context=int[]:65,0=0
FW,context=int[]:65,1=3
FW,context=int[]:65,2=0
VW,context=Main$P:66#Main$P:66,b=int[]:65
FW,context=Main$P:66,d=2
FW,context=Main$P:66,p=int[]:65
ME,returner=Main$P:66#Main$P:66,value=<void>
VW,context=Main:1#a:75,np=Main$P:66
FR,context=Main$P:66,p
FR,context=Main$P:66,p
FR,context=Main:1,d
MC,caller=Main:1#a:75,target=Main$P:66#compareTo:112
VW,context=Main$P:66#compareTo:112,t=null
VW,context=Main$P:66#compareTo:112,result=-1
ME,returner=Main$P:66#compareTo:112,value=-1
FR,context=Main:1,d
FR,context=Main:1,q
FR,context=Main:1,d
MC,caller=Main:1#a:75,target=Ljava/util/PriorityQueue;.add(Ljava/lang/Object;)
MC,caller=Ljava/util/PriorityQueue;.add(Ljava/lang/Object;),target=Ljava/util/PriorityQueue;.add(Ljava/lang/Object;)
MC,caller=Ljava/util/PriorityQueue;.add(Ljava/lang/Object;),target=Ljava/util/PriorityQueue;.offer(Ljava/lang/Object;)
MC,caller=Ljava/util/PriorityQueue;.offer(Ljava/lang/Object;),target=Ljava/util/PriorityQueue;.siftUp(ILjava/lang/Object;)
MC,caller=Ljava/util/PriorityQueue;.siftUp(ILjava/lang/Object;),target=Ljava/util/PriorityQueue;.siftUpComparable(ILjava/lang/Object;)
ME,returner=Ljava/util/PriorityQueue;.siftUpComparable(ILjava/lang/Object;),value=<void>
ME,returner=Ljava/util/PriorityQueue;.siftUp(ILjava/lang/Object;),value=<void>
ME,returner=Ljava/util/PriorityQueue;.offer(Ljava/lang/Object;),value=<void>
ME,returner=Ljava/util/PriorityQueue;.add(Ljava/lang/Object;),value=<void>
MC,caller=Ljava/util/PriorityQueue;.add(Ljava/lang/Object;),target=Ljava/util/PriorityQueue;.siftUp(ILjava/lang/Object;)
MC,caller=Ljava/util/PriorityQueue;.siftUp(ILjava/lang/Object;),target=Ljava/util/PriorityQueue;.siftUp(ILjava/lang/Object;)
MC,caller=Ljava/util/PriorityQueue;.siftUp(ILjava/lang/Object;),target=Ljava/util/PriorityQueue;.siftUpComparable(ILjava/lang/Object;)
MC,caller=Ljava/util/PriorityQueue;.siftUpComparable(ILjava/lang/Object;),target=LMain$P;.compareTo(Ljava/lang/Object;) <BRIDGE>
MC,caller=LMain$P;.compareTo(Ljava/lang/Object;) <BRIDGE>,target=Main$P:66#compareTo:113
VW,context=Main$P:66#compareTo:113,t=Main$P:64
FR,context=Main$P:66,d
FR,context=Main$P:64,d
FR,context=Main$P:66,d
FR,context=Main$P:64,d
VW,context=Main$P:66#compareTo:113,result=-1
ME,returner=Main$P:66#compareTo:113,value=-1
ME,returner=LMain$P;.compareTo(Ljava/lang/Object;) <BRIDGE>,value=<void>
ME,returner=Ljava/util/PriorityQueue;.siftUpComparable(ILjava/lang/Object;),value=<void>
ME,returner=Ljava/util/PriorityQueue;.siftUp(ILjava/lang/Object;),value=<void>
ME,returner=Ljava/util/PriorityQueue;.siftUp(ILjava/lang/Object;),value=<void>
ME,returner=Ljava/util/PriorityQueue;.add(Ljava/lang/Object;),value=<void>
ME,returner=Main:1#a:75,value=<void>
FR,context=Main:1,n
MC,caller=Main:1#d:6,target=Main:1#a:76
VW,context=Main:1#a:76,p=Main$P:63
VW,context=Main:1#a:76,f=3
VW,context=Main:1#a:76,t=2
FR,context=Main:1,c
FR,context=Main:1,INF
FR,context=Main$P:63,d
FR,context=Main:1,c
FR,context=Main$P:63,p
FR,context=Main$P:63,p
NO,object=Main$P:67
MC,caller=Main:1#a:76,target=Main$P:67#Main$P:67
VW,context=Main$P:67#Main$P:67,a=2
NO,object=int[]:66
FW,context=int[]:66,0=0
FW,context=int[]:66,1=3
FW,context=int[]:66,2=0
VW,context=Main$P:67#Main$P:67,b=int[]:66
FW,context=Main$P:67,d=2
FW,context=Main$P:67,p=int[]:66
ME,returner=Main$P:67#Main$P:67,value=<void>
VW,context=Main:1#a:76,np=Main$P:67
FR,context=Main$P:67,p
FR,context=Main$P:67,p
FR,context=Main:1,d
MC,caller=Main:1#a:76,target=Main$P:67#compareTo:114
VW,context=Main$P:67#compareTo:114,t=null
VW,context=Main$P:67#compareTo:114,result=-1
ME,returner=Main$P:67#compareTo:114,value=-1
FR,context=Main:1,d
FR,context=Main:1,q
FR,context=Main:1,d
MC,caller=Main:1#a:76,target=Ljava/util/PriorityQueue;.add(Ljava/lang/Object;)
MC,caller=Ljava/util/PriorityQueue;.add(Ljava/lang/Object;),target=Ljava/util/PriorityQueue;.add(Ljava/lang/Object;)
MC,caller=Ljava/util/PriorityQueue;.add(Ljava/lang/Object;),target=Ljava/util/PriorityQueue;.offer(Ljava/lang/Object;)
MC,caller=Ljava/util/PriorityQueue;.offer(Ljava/lang/Object;),target=Ljava/util/PriorityQueue;.siftUp(ILjava/lang/Object;)
MC,caller=Ljava/util/PriorityQueue;.siftUp(ILjava/lang/Object;),target=Ljava/util/PriorityQueue;.siftUpComparable(ILjava/lang/Object;)
ME,returner=Ljava/util/PriorityQueue;.siftUpComparable(ILjava/lang/Object;),value=<void>
ME,returner=Ljava/util/PriorityQueue;.siftUp(ILjava/lang/Object;),value=<void>
ME,returner=Ljava/util/PriorityQueue;.offer(Ljava/lang/Object;),value=<void>
ME,returner=Ljava/util/PriorityQueue;.add(Ljava/lang/Object;),value=<void>
MC,caller=Ljava/util/PriorityQueue;.add(Ljava/lang/Object;),target=Ljava/util/PriorityQueue;.siftUp(ILjava/lang/Object;)
MC,caller=Ljava/util/PriorityQueue;.siftUp(ILjava/lang/Object;),target=Ljava/util/PriorityQueue;.siftUp(ILjava/lang/Object;)
MC,caller=Ljava/util/PriorityQueue;.siftUp(ILjava/lang/Object;),target=Ljava/util/PriorityQueue;.siftUpComparable(ILjava/lang/Object;)
MC,caller=Ljava/util/PriorityQueue;.siftUpComparable(ILjava/lang/Object;),target=LMain$P;.compareTo(Ljava/lang/Object;) <BRIDGE>
MC,caller=LMain$P;.compareTo(Ljava/lang/Object;) <BRIDGE>,target=Main$P:67#compareTo:115
VW,context=Main$P:67#compareTo:115,t=Main$P:66
FR,context=Main$P:67,d
FR,context=Main$P:66,d
FR,context=Main$P:67,p
VW,context=Main$P:67#compareTo:115,i=0
FR,context=Main$P:66,p
FR,context=Main$P:67,p
FR,context=Main$P:66,p
FR,context=Main$P:67,p
VW,context=Main$P:67#compareTo:115,i=1
FR,context=Main$P:66,p
FR,context=Main$P:67,p
FR,context=Main$P:66,p
FR,context=Main$P:67,p
VW,context=Main$P:67#compareTo:115,i=2
FR,context=Main$P:66,p
FR,context=Main$P:67,p
FR,context=Main$P:66,p
FR,context=Main$P:67,p
FR,context=Main$P:66,p
VW,context=Main$P:67#compareTo:115,result=1
ME,returner=Main$P:67#compareTo:115,value=1
ME,returner=LMain$P;.compareTo(Ljava/lang/Object;) <BRIDGE>,value=<void>
ME,returner=Ljava/util/PriorityQueue;.siftUpComparable(ILjava/lang/Object;),value=<void>
ME,returner=Ljava/util/PriorityQueue;.siftUp(ILjava/lang/Object;),value=<void>
ME,returner=Ljava/util/PriorityQueue;.siftUp(ILjava/lang/Object;),value=<void>
ME,returner=Ljava/util/PriorityQueue;.add(Ljava/lang/Object;),value=<void>
ME,returner=Main:1#a:76,value=<void>
FR,context=Main:1,n
MC,caller=Main:1#d:6,target=Main:1#a:77
VW,context=Main:1#a:77,p=Main$P:63
VW,context=Main:1#a:77,f=3
VW,context=Main:1#a:77,t=3
FR,context=Main:1,c
FR,context=Main:1,INF
ME,returner=Main:1#a:77,value=<void>
FR,context=Main:1,n
MC,caller=Main:1#d:6,target=Main:1#a:78
VW,context=Main:1#a:78,p=Main$P:63
VW,context=Main:1#a:78,f=3
VW,context=Main:1#a:78,t=4
FR,context=Main:1,c
FR,context=Main:1,INF
FR,context=Main$P:63,d
FR,context=Main:1,c
FR,context=Main$P:63,p
FR,context=Main$P:63,p
NO,object=Main$P:68
MC,caller=Main:1#a:78,target=Main$P:68#Main$P:68
VW,context=Main$P:68#Main$P:68,a=3
NO,object=int[]:67
FW,context=int[]:67,0=0
FW,context=int[]:67,1=3
FW,context=int[]:67,2=0
VW,context=Main$P:68#Main$P:68,b=int[]:67
FW,context=Main$P:68,d=3
FW,context=Main$P:68,p=int[]:67
ME,returner=Main$P:68#Main$P:68,value=<void>
VW,context=Main:1#a:78,np=Main$P:68
FR,context=Main$P:68,p
FR,context=Main$P:68,p
FR,context=Main:1,d
MC,caller=Main:1#a:78,target=Main$P:68#compareTo:116
VW,context=Main$P:68#compareTo:116,t=Main$P:64
FR,context=Main$P:68,d
FR,context=Main$P:64,d
FR,context=Main$P:68,p
VW,context=Main$P:68#compareTo:116,i=0
FR,context=Main$P:64,p
FR,context=Main$P:68,p
FR,context=Main$P:64,p
FR,context=Main$P:68,p
VW,context=Main$P:68#compareTo:116,i=1
FR,context=Main$P:64,p
FR,context=Main$P:68,p
FR,context=Main$P:64,p
FR,context=Main$P:68,p
FR,context=Main$P:64,p
VW,context=Main$P:68#compareTo:116,result=-1
ME,returner=Main$P:68#compareTo:116,value=-1
FR,context=Main:1,d
FR,context=Main:1,q
FR,context=Main:1,d
MC,caller=Main:1#a:78,target=Ljava/util/PriorityQueue;.add(Ljava/lang/Object;)
MC,caller=Ljava/util/PriorityQueue;.add(Ljava/lang/Object;),target=Ljava/util/PriorityQueue;.add(Ljava/lang/Object;)
MC,caller=Ljava/util/PriorityQueue;.add(Ljava/lang/Object;),target=Ljava/util/PriorityQueue;.offer(Ljava/lang/Object;)
MC,caller=Ljava/util/PriorityQueue;.offer(Ljava/lang/Object;),target=Ljava/util/PriorityQueue;.siftUp(ILjava/lang/Object;)
MC,caller=Ljava/util/PriorityQueue;.siftUp(ILjava/lang/Object;),target=Ljava/util/PriorityQueue;.siftUpComparable(ILjava/lang/Object;)
ME,returner=Ljava/util/PriorityQueue;.siftUpComparable(ILjava/lang/Object;),value=<void>
ME,returner=Ljava/util/PriorityQueue;.siftUp(ILjava/lang/Object;),value=<void>
ME,returner=Ljava/util/PriorityQueue;.offer(Ljava/lang/Object;),value=<void>
ME,returner=Ljava/util/PriorityQueue;.add(Ljava/lang/Object;),value=<void>
MC,caller=Ljava/util/PriorityQueue;.add(Ljava/lang/Object;),target=Ljava/util/PriorityQueue;.siftUp(ILjava/lang/Object;)
MC,caller=Ljava/util/PriorityQueue;.siftUp(ILjava/lang/Object;),target=Ljava/util/PriorityQueue;.siftUp(ILjava/lang/Object;)
MC,caller=Ljava/util/PriorityQueue;.siftUp(ILjava/lang/Object;),target=Ljava/util/PriorityQueue;.siftUpComparable(ILjava/lang/Object;)
MC,caller=Ljava/util/PriorityQueue;.siftUpComparable(ILjava/lang/Object;),target=LMain$P;.compareTo(Ljava/lang/Object;) <BRIDGE>
MC,caller=LMain$P;.compareTo(Ljava/lang/Object;) <BRIDGE>,target=Main$P:68#compareTo:117
VW,context=Main$P:68#compareTo:117,t=Main$P:64
FR,context=Main$P:68,d
FR,context=Main$P:64,d
FR,context=Main$P:68,p
VW,context=Main$P:68#compareTo:117,i=0
FR,context=Main$P:64,p
FR,context=Main$P:68,p
FR,context=Main$P:64,p
FR,context=Main$P:68,p
VW,context=Main$P:68#compareTo:117,i=1
FR,context=Main$P:64,p
FR,context=Main$P:68,p
FR,context=Main$P:64,p
FR,context=Main$P:68,p
FR,context=Main$P:64,p
VW,context=Main$P:68#compareTo:117,result=-1
ME,returner=Main$P:68#compareTo:117,value=-1
MC,caller=LMain$P;.compareTo(Ljava/lang/Object;) <BRIDGE>,target=Main$P:68#compareTo:118
VW,context=Main$P:68#compareTo:118,t=Main$P:66
FR,context=Main$P:68,d
FR,context=Main$P:66,d
FR,context=Main$P:68,d
FR,context=Main$P:66,d
VW,context=Main$P:68#compareTo:118,result=1
ME,returner=Main$P:68#compareTo:118,value=1
ME,returner=LMain$P;.compareTo(Ljava/lang/Object;) <BRIDGE>,value=<void>
ME,returner=Ljava/util/PriorityQueue;.siftUpComparable(ILjava/lang/Object;),value=<void>
ME,returner=Ljava/util/PriorityQueue;.siftUp(ILjava/lang/Object;),value=<void>
ME,returner=Ljava/util/PriorityQueue;.siftUp(ILjava/lang/Object;),value=<void>
ME,returner=Ljava/util/PriorityQueue;.add(Ljava/lang/Object;),value=<void>
ME,returner=Main:1#a:78,value=<void>
FR,context=Main:1,n
FR,context=Main:1,q
FR,context=Main:1,q
MC,caller=Main:1#d:6,target=Ljava/util/AbstractQueue;.remove()
MC,caller=Ljava/util/AbstractQueue;.remove(),target=Ljava/util/AbstractQueue;.remove()
MC,caller=Ljava/util/AbstractQueue;.remove(),target=Ljava/util/PriorityQueue;.poll()
MC,caller=Ljava/util/PriorityQueue;.poll(),target=Ljava/util/PriorityQueue;.siftDown(ILjava/lang/Object;)
MC,caller=Ljava/util/PriorityQueue;.siftDown(ILjava/lang/Object;),target=Ljava/util/PriorityQueue;.siftDownComparable(ILjava/lang/Object;)
ME,returner=Ljava/util/PriorityQueue;.siftDownComparable(ILjava/lang/Object;),value=<void>
ME,returner=Ljava/util/PriorityQueue;.siftDown(ILjava/lang/Object;),value=<void>
ME,returner=Ljava/util/PriorityQueue;.poll(),value=<void>
ME,returner=Ljava/util/AbstractQueue;.remove(),value=<void>
MC,caller=Ljava/util/AbstractQueue;.remove(),target=Ljava/util/PriorityQueue;.siftDown(ILjava/lang/Object;)
MC,caller=Ljava/util/PriorityQueue;.siftDown(ILjava/lang/Object;),target=Ljava/util/PriorityQueue;.siftDown(ILjava/lang/Object;)
MC,caller=Ljava/util/PriorityQueue;.siftDown(ILjava/lang/Object;),target=Ljava/util/PriorityQueue;.siftDownComparable(ILjava/lang/Object;)
MC,caller=Ljava/util/PriorityQueue;.siftDownComparable(ILjava/lang/Object;),target=LMain$P;.compareTo(Ljava/lang/Object;) <BRIDGE>
MC,caller=LMain$P;.compareTo(Ljava/lang/Object;) <BRIDGE>,target=Main$P:68#compareTo:119
VW,context=Main$P:68#compareTo:119,t=Main$P:67
FR,context=Main$P:68,d
FR,context=Main$P:67,d
FR,context=Main$P:68,d
FR,context=Main$P:67,d
VW,context=Main$P:68#compareTo:119,result=1
ME,returner=Main$P:68#compareTo:119,value=1
MC,caller=LMain$P;.compareTo(Ljava/lang/Object;) <BRIDGE>,target=Main$P:64#compareTo:120
VW,context=Main$P:64#compareTo:120,t=Main$P:67
FR,context=Main$P:64,d
FR,context=Main$P:67,d
FR,context=Main$P:64,d
FR,context=Main$P:67,d
VW,context=Main$P:64#compareTo:120,result=1
ME,returner=Main$P:64#compareTo:120,value=1
ME,returner=LMain$P;.compareTo(Ljava/lang/Object;) <BRIDGE>,value=<void>
ME,returner=Ljava/util/PriorityQueue;.siftDownComparable(ILjava/lang/Object;),value=<void>
ME,returner=Ljava/util/PriorityQueue;.siftDown(ILjava/lang/Object;),value=<void>
ME,returner=Ljava/util/PriorityQueue;.siftDown(ILjava/lang/Object;),value=<void>
ME,returner=Ljava/util/AbstractQueue;.remove(),value=<void>
VW,context=Main:1#d:6,p=Main$P:66
FR,context=Main$P:66,p
FR,context=Main$P:66,p
VW,context=Main:1#d:6,v=1
FR,context=Main:1,b
FR,context=Main:1,d
MC,caller=Main:1#d:6,target=Main$P:66#compareTo:121
VW,context=Main$P:66#compareTo:121,t=Main$P:66
FR,context=Main$P:66,d
FR,context=Main$P:66,d
FR,context=Main$P:66,p
VW,context=Main$P:66#compareTo:121,i=0
FR,context=Main$P:66,p
FR,context=Main$P:66,p
FR,context=Main$P:66,p
FR,context=Main$P:66,p
VW,context=Main$P:66#compareTo:121,i=1
FR,context=Main$P:66,p
FR,context=Main$P:66,p
FR,context=Main$P:66,p
FR,context=Main$P:66,p
VW,context=Main$P:66#compareTo:121,i=2
FR,context=Main$P:66,p
FR,context=Main$P:66,p
FR,context=Main$P:66,p
FR,context=Main$P:66,p
FR,context=Main$P:66,p
FR,context=Main$P:66,p
VW,context=Main$P:66#compareTo:121,result=0
ME,returner=Main$P:66#compareTo:121,value=0
FR,context=Main:1,n
MC,caller=Main:1#d:6,target=Main:1#a:79
VW,context=Main:1#a:79,p=Main$P:66
VW,context=Main:1#a:79,f=1
VW,context=Main:1#a:79,t=0
FR,context=Main:1,c
FR,context=Main:1,INF
FR,context=Main$P:66,d
FR,context=Main:1,c
FR,context=Main$P:66,p
FR,context=Main$P:66,p
NO,object=Main$P:69
MC,caller=Main:1#a:79,target=Main$P:69#Main$P:69
VW,context=Main$P:69#Main$P:69,a=3
NO,object=int[]:68
FW,context=int[]:68,0=0
FW,context=int[]:68,1=3
FW,context=int[]:68,2=1
FW,context=int[]:68,3=0
VW,context=Main$P:69#Main$P:69,b=int[]:68
FW,context=Main$P:69,d=3
FW,context=Main$P:69,p=int[]:68
ME,returner=Main$P:69#Main$P:69,value=<void>
VW,context=Main:1#a:79,np=Main$P:69
FR,context=Main$P:69,p
FR,context=Main$P:69,p
FR,context=Main:1,d
MC,caller=Main:1#a:79,target=Main$P:69#compareTo:122
VW,context=Main$P:69#compareTo:122,t=Main$P:62
FR,context=Main$P:69,d
FR,context=Main$P:62,d
FR,context=Main$P:69,d
FR,context=Main$P:62,d
VW,context=Main$P:69#compareTo:122,result=3
ME,returner=Main$P:69#compareTo:122,value=3
ME,returner=Main:1#a:79,value=<void>
FR,context=Main:1,n
MC,caller=Main:1#d:6,target=Main:1#a:80
VW,context=Main:1#a:80,p=Main$P:66
VW,context=Main:1#a:80,f=1
VW,context=Main:1#a:80,t=1
FR,context=Main:1,c
FR,context=Main:1,INF
ME,returner=Main:1#a:80,value=<void>
FR,context=Main:1,n
MC,caller=Main:1#d:6,target=Main:1#a:81
VW,context=Main:1#a:81,p=Main$P:66
VW,context=Main:1#a:81,f=1
VW,context=Main:1#a:81,t=2
FR,context=Main:1,c
FR,context=Main:1,INF
FR,context=Main$P:66,d
FR,context=Main:1,c
FR,context=Main$P:66,p
FR,context=Main$P:66,p
NO,object=Main$P:70
MC,caller=Main:1#a:81,target=Main$P:70#Main$P:70
VW,context=Main$P:70#Main$P:70,a=3
NO,object=int[]:69
FW,context=int[]:69,0=0
FW,context=int[]:69,1=3
FW,context=int[]:69,2=1
FW,context=int[]:69,3=0
VW,context=Main$P:70#Main$P:70,b=int[]:69
FW,context=Main$P:70,d=3
FW,context=Main$P:70,p=int[]:69
ME,returner=Main$P:70#Main$P:70,value=<void>
VW,context=Main:1#a:81,np=Main$P:70
FR,context=Main$P:70,p
FR,context=Main$P:70,p
FR,context=Main:1,d
MC,caller=Main:1#a:81,target=Main$P:70#compareTo:123
VW,context=Main$P:70#compareTo:123,t=Main$P:67
FR,context=Main$P:70,d
FR,context=Main$P:67,d
FR,context=Main$P:70,d
FR,context=Main$P:67,d
VW,context=Main$P:70#compareTo:123,result=1
ME,returner=Main$P:70#compareTo:123,value=1
ME,returner=Main:1#a:81,value=<void>
FR,context=Main:1,n
MC,caller=Main:1#d:6,target=Main:1#a:82
VW,context=Main:1#a:82,p=Main$P:66
VW,context=Main:1#a:82,f=1
VW,context=Main:1#a:82,t=3
FR,context=Main:1,c
FR,context=Main:1,INF
FR,context=Main$P:66,d
FR,context=Main:1,c
FR,context=Main$P:66,p
FR,context=Main$P:66,p
NO,object=Main$P:71
MC,caller=Main:1#a:82,target=Main$P:71#Main$P:71
VW,context=Main$P:71#Main$P:71,a=4
NO,object=int[]:70
FW,context=int[]:70,0=0
FW,context=int[]:70,1=3
FW,context=int[]:70,2=1
FW,context=int[]:70,3=0
VW,context=Main$P:71#Main$P:71,b=int[]:70
FW,context=Main$P:71,d=4
FW,context=Main$P:71,p=int[]:70
ME,returner=Main$P:71#Main$P:71,value=<void>
VW,context=Main:1#a:82,np=Main$P:71
FR,context=Main$P:71,p
FR,context=Main$P:71,p
FR,context=Main:1,d
MC,caller=Main:1#a:82,target=Main$P:71#compareTo:124
VW,context=Main$P:71#compareTo:124,t=Main$P:63
FR,context=Main$P:71,d
FR,context=Main$P:63,d
FR,context=Main$P:71,d
FR,context=Main$P:63,d
VW,context=Main$P:71#compareTo:124,result=3
ME,returner=Main$P:71#compareTo:124,value=3
ME,returner=Main:1#a:82,value=<void>
FR,context=Main:1,n
MC,caller=Main:1#d:6,target=Main:1#a:83
VW,context=Main:1#a:83,p=Main$P:66
VW,context=Main:1#a:83,f=1
VW,context=Main:1#a:83,t=4
FR,context=Main:1,c
FR,context=Main:1,INF
FR,context=Main$P:66,d
FR,context=Main:1,c
FR,context=Main$P:66,p
FR,context=Main$P:66,p
NO,object=Main$P:72
MC,caller=Main:1#a:83,target=Main$P:72#Main$P:72
VW,context=Main$P:72#Main$P:72,a=4
NO,object=int[]:71
FW,context=int[]:71,0=0
FW,context=int[]:71,1=3
FW,context=int[]:71,2=1
FW,context=int[]:71,3=0
VW,context=Main$P:72#Main$P:72,b=int[]:71
FW,context=Main$P:72,d=4
FW,context=Main$P:72,p=int[]:71
ME,returner=Main$P:72#Main$P:72,value=<void>
VW,context=Main:1#a:83,np=Main$P:72
FR,context=Main$P:72,p
FR,context=Main$P:72,p
FR,context=Main:1,d
MC,caller=Main:1#a:83,target=Main$P:72#compareTo:125
VW,context=Main$P:72#compareTo:125,t=Main$P:68
FR,context=Main$P:72,d
FR,context=Main$P:68,d
FR,context=Main$P:72,d
FR,context=Main$P:68,d
VW,context=Main$P:72#compareTo:125,result=1
ME,returner=Main$P:72#compareTo:125,value=1
ME,returner=Main:1#a:83,value=<void>
FR,context=Main:1,n
FR,context=Main:1,q
FR,context=Main:1,q
MC,caller=Main:1#d:6,target=Ljava/util/AbstractQueue;.remove()
MC,caller=Ljava/util/AbstractQueue;.remove(),target=Ljava/util/AbstractQueue;.remove()
MC,caller=Ljava/util/AbstractQueue;.remove(),target=Ljava/util/PriorityQueue;.poll()
MC,caller=Ljava/util/PriorityQueue;.poll(),target=Ljava/util/PriorityQueue;.siftDown(ILjava/lang/Object;)
MC,caller=Ljava/util/PriorityQueue;.siftDown(ILjava/lang/Object;),target=Ljava/util/PriorityQueue;.siftDownComparable(ILjava/lang/Object;)
ME,returner=Ljava/util/PriorityQueue;.siftDownComparable(ILjava/lang/Object;),value=<void>
ME,returner=Ljava/util/PriorityQueue;.siftDown(ILjava/lang/Object;),value=<void>
ME,returner=Ljava/util/PriorityQueue;.poll(),value=<void>
ME,returner=Ljava/util/AbstractQueue;.remove(),value=<void>
MC,caller=Ljava/util/AbstractQueue;.remove(),target=Ljava/util/PriorityQueue;.siftDown(ILjava/lang/Object;)
MC,caller=Ljava/util/PriorityQueue;.siftDown(ILjava/lang/Object;),target=Ljava/util/PriorityQueue;.siftDown(ILjava/lang/Object;)
MC,caller=Ljava/util/PriorityQueue;.siftDown(ILjava/lang/Object;),target=Ljava/util/PriorityQueue;.siftDownComparable(ILjava/lang/Object;)
MC,caller=Ljava/util/PriorityQueue;.siftDownComparable(ILjava/lang/Object;),target=LMain$P;.compareTo(Ljava/lang/Object;) <BRIDGE>
MC,caller=LMain$P;.compareTo(Ljava/lang/Object;) <BRIDGE>,target=Main$P:64#compareTo:126
VW,context=Main$P:64#compareTo:126,t=Main$P:68
FR,context=Main$P:64,d
FR,context=Main$P:68,d
FR,context=Main$P:64,p
VW,context=Main$P:64#compareTo:126,i=0
FR,context=Main$P:68,p
FR,context=Main$P:64,p
FR,context=Main$P:68,p
FR,context=Main$P:64,p
VW,context=Main$P:64#compareTo:126,i=1
FR,context=Main$P:68,p
FR,context=Main$P:64,p
FR,context=Main$P:68,p
FR,context=Main$P:64,p
FR,context=Main$P:68,p
VW,context=Main$P:64#compareTo:126,result=1
ME,returner=Main$P:64#compareTo:126,value=1
ME,returner=LMain$P;.compareTo(Ljava/lang/Object;) <BRIDGE>,value=<void>
ME,returner=Ljava/util/PriorityQueue;.siftDownComparable(ILjava/lang/Object;),value=<void>
ME,returner=Ljava/util/PriorityQueue;.siftDown(ILjava/lang/Object;),value=<void>
ME,returner=Ljava/util/PriorityQueue;.siftDown(ILjava/lang/Object;),value=<void>
ME,returner=Ljava/util/AbstractQueue;.remove(),value=<void>
VW,context=Main:1#d:6,p=Main$P:67
FR,context=Main$P:67,p
FR,context=Main$P:67,p
VW,context=Main:1#d:6,v=2
FR,context=Main:1,b
FR,context=Main:1,d
MC,caller=Main:1#d:6,target=Main$P:67#compareTo:127
VW,context=Main$P:67#compareTo:127,t=Main$P:67
FR,context=Main$P:67,d
FR,context=Main$P:67,d
FR,context=Main$P:67,p
VW,context=Main$P:67#compareTo:127,i=0
FR,context=Main$P:67,p
FR,context=Main$P:67,p
FR,context=Main$P:67,p
FR,context=Main$P:67,p
VW,context=Main$P:67#compareTo:127,i=1
FR,context=Main$P:67,p
FR,context=Main$P:67,p
FR,context=Main$P:67,p
FR,context=Main$P:67,p
VW,context=Main$P:67#compareTo:127,i=2
FR,context=Main$P:67,p
FR,context=Main$P:67,p
FR,context=Main$P:67,p
FR,context=Main$P:67,p
FR,context=Main$P:67,p
FR,context=Main$P:67,p
VW,context=Main$P:67#compareTo:127,result=0
ME,returner=Main$P:67#compareTo:127,value=0
FR,context=Main:1,n
MC,caller=Main:1#d:6,target=Main:1#a:84
VW,context=Main:1#a:84,p=Main$P:67
VW,context=Main:1#a:84,f=2
VW,context=Main:1#a:84,t=0
FR,context=Main:1,c
FR,context=Main:1,INF
FR,context=Main$P:67,d
FR,context=Main:1,c
FR,context=Main$P:67,p
FR,context=Main$P:67,p
NO,object=Main$P:73
MC,caller=Main:1#a:84,target=Main$P:73#Main$P:73
VW,context=Main$P:73#Main$P:73,a=3
NO,object=int[]:72
FW,context=int[]:72,0=0
FW,context=int[]:72,1=3
FW,context=int[]:72,2=2
FW,context=int[]:72,3=0
VW,context=Main$P:73#Main$P:73,b=int[]:72
FW,context=Main$P:73,d=3
FW,context=Main$P:73,p=int[]:72
ME,returner=Main$P:73#Main$P:73,value=<void>
VW,context=Main:1#a:84,np=Main$P:73
FR,context=Main$P:73,p
FR,context=Main$P:73,p
FR,context=Main:1,d
MC,caller=Main:1#a:84,target=Main$P:73#compareTo:128
VW,context=Main$P:73#compareTo:128,t=Main$P:62
FR,context=Main$P:73,d
FR,context=Main$P:62,d
FR,context=Main$P:73,d
FR,context=Main$P:62,d
VW,context=Main$P:73#compareTo:128,result=3
ME,returner=Main$P:73#compareTo:128,value=3
ME,returner=Main:1#a:84,value=<void>
FR,context=Main:1,n
MC,caller=Main:1#d:6,target=Main:1#a:85
VW,context=Main:1#a:85,p=Main$P:67
VW,context=Main:1#a:85,f=2
VW,context=Main:1#a:85,t=1
FR,context=Main:1,c
FR,context=Main:1,INF
FR,context=Main$P:67,d
FR,context=Main:1,c
FR,context=Main$P:67,p
FR,context=Main$P:67,p
NO,object=Main$P:74
MC,caller=Main:1#a:85,target=Main$P:74#Main$P:74
VW,context=Main$P:74#Main$P:74,a=4
NO,object=int[]:73
FW,context=int[]:73,0=0
FW,context=int[]:73,1=3
FW,context=int[]:73,2=2
FW,context=int[]:73,3=0
VW,context=Main$P:74#Main$P:74,b=int[]:73
FW,context=Main$P:74,d=4
FW,context=Main$P:74,p=int[]:73
ME,returner=Main$P:74#Main$P:74,value=<void>
VW,context=Main:1#a:85,np=Main$P:74
FR,context=Main$P:74,p
FR,context=Main$P:74,p
FR,context=Main:1,d
MC,caller=Main:1#a:85,target=Main$P:74#compareTo:129
VW,context=Main$P:74#compareTo:129,t=Main$P:66
FR,context=Main$P:74,d
FR,context=Main$P:66,d
FR,context=Main$P:74,d
FR,context=Main$P:66,d
VW,context=Main$P:74#compareTo:129,result=2
ME,returner=Main$P:74#compareTo:129,value=2
ME,returner=Main:1#a:85,value=<void>
FR,context=Main:1,n
MC,caller=Main:1#d:6,target=Main:1#a:86
VW,context=Main:1#a:86,p=Main$P:67
VW,context=Main:1#a:86,f=2
VW,context=Main:1#a:86,t=2
FR,context=Main:1,c
FR,context=Main:1,INF
ME,returner=Main:1#a:86,value=<void>
FR,context=Main:1,n
MC,caller=Main:1#d:6,target=Main:1#a:87
VW,context=Main:1#a:87,p=Main$P:67
VW,context=Main:1#a:87,f=2
VW,context=Main:1#a:87,t=3
FR,context=Main:1,c
FR,context=Main:1,INF
FR,context=Main$P:67,d
FR,context=Main:1,c
FR,context=Main$P:67,p
FR,context=Main$P:67,p
NO,object=Main$P:75
MC,caller=Main:1#a:87,target=Main$P:75#Main$P:75
VW,context=Main$P:75#Main$P:75,a=3
NO,object=int[]:74
FW,context=int[]:74,0=0
FW,context=int[]:74,1=3
FW,context=int[]:74,2=2
FW,context=int[]:74,3=0
VW,context=Main$P:75#Main$P:75,b=int[]:74
FW,context=Main$P:75,d=3
FW,context=Main$P:75,p=int[]:74
ME,returner=Main$P:75#Main$P:75,value=<void>
VW,context=Main:1#a:87,np=Main$P:75
FR,context=Main$P:75,p
FR,context=Main$P:75,p
FR,context=Main:1,d
MC,caller=Main:1#a:87,target=Main$P:75#compareTo:130
VW,context=Main$P:75#compareTo:130,t=Main$P:63
FR,context=Main$P:75,d
FR,context=Main$P:63,d
FR,context=Main$P:75,d
FR,context=Main$P:63,d
VW,context=Main$P:75#compareTo:130,result=2
ME,returner=Main$P:75#compareTo:130,value=2
ME,returner=Main:1#a:87,value=<void>
FR,context=Main:1,n
MC,caller=Main:1#d:6,target=Main:1#a:88
VW,context=Main:1#a:88,p=Main$P:67
VW,context=Main:1#a:88,f=2
VW,context=Main:1#a:88,t=4
FR,context=Main:1,c
FR,context=Main:1,INF
FR,context=Main$P:67,d
FR,context=Main:1,c
FR,context=Main$P:67,p
FR,context=Main$P:67,p
NO,object=Main$P:76
MC,caller=Main:1#a:88,target=Main$P:76#Main$P:76
VW,context=Main$P:76#Main$P:76,a=3
NO,object=int[]:75
FW,context=int[]:75,0=0
FW,context=int[]:75,1=3
FW,context=int[]:75,2=2
FW,context=int[]:75,3=0
VW,context=Main$P:76#Main$P:76,b=int[]:75
FW,context=Main$P:76,d=3
FW,context=Main$P:76,p=int[]:75
ME,returner=Main$P:76#Main$P:76,value=<void>
VW,context=Main:1#a:88,np=Main$P:76
FR,context=Main$P:76,p
FR,context=Main$P:76,p
FR,context=Main:1,d
MC,caller=Main:1#a:88,target=Main$P:76#compareTo:131
VW,context=Main$P:76#compareTo:131,t=Main$P:68
FR,context=Main$P:76,d
FR,context=Main$P:68,d
FR,context=Main$P:76,p
VW,context=Main$P:76#compareTo:131,i=0
FR,context=Main$P:68,p
FR,context=Main$P:76,p
FR,context=Main$P:68,p
FR,context=Main$P:76,p
VW,context=Main$P:76#compareTo:131,i=1
FR,context=Main$P:68,p
FR,context=Main$P:76,p
FR,context=Main$P:68,p
FR,context=Main$P:76,p
VW,context=Main$P:76#compareTo:131,i=2
FR,context=Main$P:68,p
FR,context=Main$P:76,p
FR,context=Main$P:68,p
FR,context=Main$P:76,p
FR,context=Main$P:68,p
VW,context=Main$P:76#compareTo:131,result=-2
ME,returner=Main$P:76#compareTo:131,value=-2
FR,context=Main:1,d
FR,context=Main:1,q
FR,context=Main:1,d
MC,caller=Main:1#a:88,target=Ljava/util/PriorityQueue;.add(Ljava/lang/Object;)
MC,caller=Ljava/util/PriorityQueue;.add(Ljava/lang/Object;),target=Ljava/util/PriorityQueue;.add(Ljava/lang/Object;)
MC,caller=Ljava/util/PriorityQueue;.add(Ljava/lang/Object;),target=Ljava/util/PriorityQueue;.offer(Ljava/lang/Object;)
MC,caller=Ljava/util/PriorityQueue;.offer(Ljava/lang/Object;),target=Ljava/util/PriorityQueue;.siftUp(ILjava/lang/Object;)
MC,caller=Ljava/util/PriorityQueue;.siftUp(ILjava/lang/Object;),target=Ljava/util/PriorityQueue;.siftUpComparable(ILjava/lang/Object;)
ME,returner=Ljava/util/PriorityQueue;.siftUpComparable(ILjava/lang/Object;),value=<void>
ME,returner=Ljava/util/PriorityQueue;.siftUp(ILjava/lang/Object;),value=<void>
ME,returner=Ljava/util/PriorityQueue;.offer(Ljava/lang/Object;),value=<void>
ME,returner=Ljava/util/PriorityQueue;.add(Ljava/lang/Object;),value=<void>
MC,caller=Ljava/util/PriorityQueue;.add(Ljava/lang/Object;),target=Ljava/util/PriorityQueue;.siftUp(ILjava/lang/Object;)
MC,caller=Ljava/util/PriorityQueue;.siftUp(ILjava/lang/Object;),target=Ljava/util/PriorityQueue;.siftUp(ILjava/lang/Object;)
MC,caller=Ljava/util/PriorityQueue;.siftUp(ILjava/lang/Object;),target=Ljava/util/PriorityQueue;.siftUpComparable(ILjava/lang/Object;)
MC,caller=Ljava/util/PriorityQueue;.siftUpComparable(ILjava/lang/Object;),target=LMain$P;.compareTo(Ljava/lang/Object;) <BRIDGE>
MC,caller=LMain$P;.compareTo(Ljava/lang/Object;) <BRIDGE>,target=Main$P:76#compareTo:132
VW,context=Main$P:76#compareTo:132,t=Main$P:68
FR,context=Main$P:76,d
FR,context=Main$P:68,d
FR,context=Main$P:76,p
VW,context=Main$P:76#compareTo:132,i=0
FR,context=Main$P:68,p
FR,context=Main$P:76,p
FR,context=Main$P:68,p
FR,context=Main$P:76,p
VW,context=Main$P:76#compareTo:132,i=1
FR,context=Main$P:68,p
FR,context=Main$P:76,p
FR,context=Main$P:68,p
FR,context=Main$P:76,p
VW,context=Main$P:76#compareTo:132,i=2
FR,context=Main$P:68,p
FR,context=Main$P:76,p
FR,context=Main$P:68,p
FR,context=Main$P:76,p
FR,context=Main$P:68,p
VW,context=Main$P:76#compareTo:132,result=-2
ME,returner=Main$P:76#compareTo:132,value=-2
ME,returner=LMain$P;.compareTo(Ljava/lang/Object;) <BRIDGE>,value=<void>
ME,returner=Ljava/util/PriorityQueue;.siftUpComparable(ILjava/lang/Object;),value=<void>
ME,returner=Ljava/util/PriorityQueue;.siftUp(ILjava/lang/Object;),value=<void>
ME,returner=Ljava/util/PriorityQueue;.siftUp(ILjava/lang/Object;),value=<void>
ME,returner=Ljava/util/PriorityQueue;.add(Ljava/lang/Object;),value=<void>
ME,returner=Main:1#a:88,value=<void>
FR,context=Main:1,n
FR,context=Main:1,q
FR,context=Main:1,q
MC,caller=Main:1#d:6,target=Ljava/util/AbstractQueue;.remove()
MC,caller=Ljava/util/AbstractQueue;.remove(),target=Ljava/util/AbstractQueue;.remove()
MC,caller=Ljava/util/AbstractQueue;.remove(),target=Ljava/util/PriorityQueue;.poll()
MC,caller=Ljava/util/PriorityQueue;.poll(),target=Ljava/util/PriorityQueue;.siftDown(ILjava/lang/Object;)
MC,caller=Ljava/util/PriorityQueue;.siftDown(ILjava/lang/Object;),target=Ljava/util/PriorityQueue;.siftDownComparable(ILjava/lang/Object;)
ME,returner=Ljava/util/PriorityQueue;.siftDownComparable(ILjava/lang/Object;),value=<void>
ME,returner=Ljava/util/PriorityQueue;.siftDown(ILjava/lang/Object;),value=<void>
ME,returner=Ljava/util/PriorityQueue;.poll(),value=<void>
ME,returner=Ljava/util/AbstractQueue;.remove(),value=<void>
MC,caller=Ljava/util/AbstractQueue;.remove(),target=Ljava/util/PriorityQueue;.siftDown(ILjava/lang/Object;)
MC,caller=Ljava/util/PriorityQueue;.siftDown(ILjava/lang/Object;),target=Ljava/util/PriorityQueue;.siftDown(ILjava/lang/Object;)
MC,caller=Ljava/util/PriorityQueue;.siftDown(ILjava/lang/Object;),target=Ljava/util/PriorityQueue;.siftDownComparable(ILjava/lang/Object;)
MC,caller=Ljava/util/PriorityQueue;.siftDownComparable(ILjava/lang/Object;),target=LMain$P;.compareTo(Ljava/lang/Object;) <BRIDGE>
MC,caller=LMain$P;.compareTo(Ljava/lang/Object;) <BRIDGE>,target=Main$P:68#compareTo:133
VW,context=Main$P:68#compareTo:133,t=Main$P:64
FR,context=Main$P:68,d
FR,context=Main$P:64,d
FR,context=Main$P:68,p
VW,context=Main$P:68#compareTo:133,i=0
FR,context=Main$P:64,p
FR,context=Main$P:68,p
FR,context=Main$P:64,p
FR,context=Main$P:68,p
VW,context=Main$P:68#compareTo:133,i=1
FR,context=Main$P:64,p
FR,context=Main$P:68,p
FR,context=Main$P:64,p
FR,context=Main$P:68,p
FR,context=Main$P:64,p
VW,context=Main$P:68#compareTo:133,result=-1
ME,returner=Main$P:68#compareTo:133,value=-1
ME,returner=LMain$P;.compareTo(Ljava/lang/Object;) <BRIDGE>,value=<void>
ME,returner=Ljava/util/PriorityQueue;.siftDownComparable(ILjava/lang/Object;),value=<void>
ME,returner=Ljava/util/PriorityQueue;.siftDown(ILjava/lang/Object;),value=<void>
ME,returner=Ljava/util/PriorityQueue;.siftDown(ILjava/lang/Object;),value=<void>
ME,returner=Ljava/util/AbstractQueue;.remove(),value=<void>
VW,context=Main:1#d:6,p=Main$P:76
FR,context=Main$P:76,p
FR,context=Main$P:76,p
VW,context=Main:1#d:6,v=4
FR,context=Main:1,b
ME,returner=Main:1#d:6,value=<void>
FR,context=Main:1,d
FR,context=Main:1,b
FR,context=Main:1,d
FR,context=Main:1,b
FW,context=Main$P:76,s=java.util.BitSet (id=503)
FR,context=Main:1,d
FR,context=Main:1,b
FR,context=Main$P:30,x
FW,context=Main$P:76,x=1
FR,context=Main:1,kq
FR,context=Main:1,d
FR,context=Main:1,b
MC,caller=Main:1#kd:1,target=Ljava/util/PriorityQueue;.add(Ljava/lang/Object;)
MC,caller=Ljava/util/PriorityQueue;.add(Ljava/lang/Object;),target=Ljava/util/PriorityQueue;.add(Ljava/lang/Object;)
MC,caller=Ljava/util/PriorityQueue;.add(Ljava/lang/Object;),target=Ljava/util/PriorityQueue;.offer(Ljava/lang/Object;)
MC,caller=Ljava/util/PriorityQueue;.offer(Ljava/lang/Object;),target=Ljava/util/PriorityQueue;.siftUp(ILjava/lang/Object;)
MC,caller=Ljava/util/PriorityQueue;.siftUp(ILjava/lang/Object;),target=Ljava/util/PriorityQueue;.siftUpComparable(ILjava/lang/Object;)
ME,returner=Ljava/util/PriorityQueue;.siftUpComparable(ILjava/lang/Object;),value=<void>
ME,returner=Ljava/util/PriorityQueue;.siftUp(ILjava/lang/Object;),value=<void>
ME,returner=Ljava/util/PriorityQueue;.offer(Ljava/lang/Object;),value=<void>
ME,returner=Ljava/util/PriorityQueue;.add(Ljava/lang/Object;),value=<void>
MC,caller=Ljava/util/PriorityQueue;.add(Ljava/lang/Object;),target=Ljava/util/PriorityQueue;.siftUp(ILjava/lang/Object;)
MC,caller=Ljava/util/PriorityQueue;.siftUp(ILjava/lang/Object;),target=Ljava/util/PriorityQueue;.siftUp(ILjava/lang/Object;)
MC,caller=Ljava/util/PriorityQueue;.siftUp(ILjava/lang/Object;),target=Ljava/util/PriorityQueue;.siftUpComparable(ILjava/lang/Object;)
MC,caller=Ljava/util/PriorityQueue;.siftUpComparable(ILjava/lang/Object;),target=LMain$P;.compareTo(Ljava/lang/Object;) <BRIDGE>
MC,caller=LMain$P;.compareTo(Ljava/lang/Object;) <BRIDGE>,target=Main$P:76#compareTo:134
VW,context=Main$P:76#compareTo:134,t=Main$P:50
FR,context=Main$P:76,d
FR,context=Main$P:50,d
FR,context=Main$P:76,d
FR,context=Main$P:50,d
VW,context=Main$P:76#compareTo:134,result=-2
ME,returner=Main$P:76#compareTo:134,value=-2
ME,returner=LMain$P;.compareTo(Ljava/lang/Object;) <BRIDGE>,value=<void>
ME,returner=Ljava/util/PriorityQueue;.siftUpComparable(ILjava/lang/Object;),value=<void>
ME,returner=Ljava/util/PriorityQueue;.siftUp(ILjava/lang/Object;),value=<void>
ME,returner=Ljava/util/PriorityQueue;.siftUp(ILjava/lang/Object;),value=<void>
ME,returner=Ljava/util/PriorityQueue;.add(Ljava/lang/Object;),value=<void>
FR,context=Main$P:30,x
FR,context=Main$P:30,p
VW,context=Main:1#kd:1,j=2
FR,context=Main:1,n
VW,context=Main:1#kd:1,s=java.util.BitSet (id=534)
FR,context=Main$P:30,p
FR,context=Main$P:30,p
NO,object=int[]:76
FW,context=int[]:76,0=0
FW,context=int[]:76,1=2
VW,context=Main:1#kd:1,op=int[]:76
FR,context=Main:1,c
FR,context=Main$P:30,p
FR,context=Main$P:30,p
VW,context=Main:1#kd:1,od=2
FR,context=Main:1,d
FR,context=Main:1,n
FR,context=Main:1,d
FR,context=Main$P:30,p
FR,context=Main:1,z
FR,context=Main$P:30,p
MC,caller=Main:1#kd:1,target=Main:1#d:7
VW,context=Main:1#d:7,s=java.util.BitSet (id=534)
VW,context=Main:1#d:7,a=2
VW,context=Main:1#d:7,od=2
VW,context=Main:1#d:7,op=int[]:76
FR,context=Main:1,q
FR,context=Main:1,d
NO,object=Main$P:77
MC,caller=Main:1#d:7,target=Main$P:77#Main$P:77
VW,context=Main$P:77#Main$P:77,a=2
VW,context=Main$P:77#Main$P:77,b=int[]:76
FW,context=Main$P:77,d=2
FW,context=Main$P:77,p=int[]:76
ME,returner=Main$P:77#Main$P:77,value=<void>
FR,context=Main:1,n
VW,context=Main:1#d:7,i=0
FR,context=Main:1,d
MC,caller=Main:1#d:7,target=Main:1#a:89
VW,context=Main:1#a:89,p=Main$P:77
VW,context=Main:1#a:89,f=2
VW,context=Main:1#a:89,t=0
FR,context=Main:1,c
FR,context=Main:1,INF
FR,context=Main$P:77,d
FR,context=Main:1,c
FR,context=Main$P:77,p
FR,context=Main$P:77,p
NO,object=Main$P:78
MC,caller=Main:1#a:89,target=Main$P:78#Main$P:78
VW,context=Main$P:78#Main$P:78,a=3
NO,object=int[]:77
FW,context=int[]:77,0=0
FW,context=int[]:77,1=2
FW,context=int[]:77,2=0
VW,context=Main$P:78#Main$P:78,b=int[]:77
FW,context=Main$P:78,d=3
FW,context=Main$P:78,p=int[]:77
ME,returner=Main$P:78#Main$P:78,value=<void>
VW,context=Main:1#a:89,np=Main$P:78
FR,context=Main$P:78,p
FR,context=Main$P:78,p
FR,context=Main:1,d
MC,caller=Main:1#a:89,target=Main$P:78#compareTo:135
VW,context=Main$P:78#compareTo:135,t=Main$P:1
FR,context=Main$P:78,d
FR,context=Main$P:1,d
FR,context=Main$P:78,d
FR,context=Main$P:1,d
VW,context=Main$P:78#compareTo:135,result=3
ME,returner=Main$P:78#compareTo:135,value=3
ME,returner=Main:1#a:89,value=<void>
FR,context=Main:1,n
VW,context=Main:1#d:7,i=1
FR,context=Main:1,d
MC,caller=Main:1#d:7,target=Main:1#a:90
VW,context=Main:1#a:90,p=Main$P:77
VW,context=Main:1#a:90,f=2
VW,context=Main:1#a:90,t=1
FR,context=Main:1,c
FR,context=Main:1,INF
FR,context=Main$P:77,d
FR,context=Main:1,c
FR,context=Main$P:77,p
FR,context=Main$P:77,p
NO,object=Main$P:79
MC,caller=Main:1#a:90,target=Main$P:79#Main$P:79
VW,context=Main$P:79#Main$P:79,a=4
NO,object=int[]:78
FW,context=int[]:78,0=0
FW,context=int[]:78,1=2
FW,context=int[]:78,2=0
VW,context=Main$P:79#Main$P:79,b=int[]:78
FW,context=Main$P:79,d=4
FW,context=Main$P:79,p=int[]:78
ME,returner=Main$P:79#Main$P:79,value=<void>
VW,context=Main:1#a:90,np=Main$P:79
FR,context=Main$P:79,p
FR,context=Main$P:79,p
FR,context=Main:1,d
MC,caller=Main:1#a:90,target=Main$P:79#compareTo:136
VW,context=Main$P:79#compareTo:136,t=null
VW,context=Main$P:79#compareTo:136,result=-1
ME,returner=Main$P:79#compareTo:136,value=-1
FR,context=Main:1,d
FR,context=Main:1,q
FR,context=Main:1,d
ME,returner=Main:1#a:90,value=<void>
FR,context=Main:1,n
VW,context=Main:1#d:7,i=2
FR,context=Main:1,d
MC,caller=Main:1#d:7,target=Main:1#a:91
VW,context=Main:1#a:91,p=Main$P:77
VW,context=Main:1#a:91,f=2
VW,context=Main:1#a:91,t=2
FR,context=Main:1,c
FR,context=Main:1,INF
ME,returner=Main:1#a:91,value=<void>
FR,context=Main:1,n
VW,context=Main:1#d:7,i=3
FR,context=Main:1,d
MC,caller=Main:1#d:7,target=Main:1#a:92
VW,context=Main:1#a:92,p=Main$P:77
VW,context=Main:1#a:92,f=2
VW,context=Main:1#a:92,t=3
FR,context=Main:1,c
FR,context=Main:1,INF
FR,context=Main$P:77,d
FR,context=Main:1,c
FR,context=Main$P:77,p
FR,context=Main$P:77,p
NO,object=Main$P:80
MC,caller=Main:1#a:92,target=Main$P:80#Main$P:80
VW,context=Main$P:80#Main$P:80,a=3
NO,object=int[]:79
FW,context=int[]:79,0=0
FW,context=int[]:79,1=2
FW,context=int[]:79,2=0
VW,context=Main$P:80#Main$P:80,b=int[]:79
FW,context=Main$P:80,d=3
FW,context=Main$P:80,p=int[]:79
ME,returner=Main$P:80#Main$P:80,value=<void>
VW,context=Main:1#a:92,np=Main$P:80
FR,context=Main$P:80,p
FR,context=Main$P:80,p
FR,context=Main:1,d
MC,caller=Main:1#a:92,target=Main$P:80#compareTo:137
VW,context=Main$P:80#compareTo:137,t=null
VW,context=Main$P:80#compareTo:137,result=-1
ME,returner=Main$P:80#compareTo:137,value=-1
FR,context=Main:1,d
FR,context=Main:1,q
FR,context=Main:1,d
MC,caller=Main:1#a:92,target=Ljava/util/PriorityQueue;.add(Ljava/lang/Object;)
MC,caller=Ljava/util/PriorityQueue;.add(Ljava/lang/Object;),target=Ljava/util/PriorityQueue;.add(Ljava/lang/Object;)
MC,caller=Ljava/util/PriorityQueue;.add(Ljava/lang/Object;),target=Ljava/util/PriorityQueue;.offer(Ljava/lang/Object;)
MC,caller=Ljava/util/PriorityQueue;.offer(Ljava/lang/Object;),target=Ljava/util/PriorityQueue;.siftUp(ILjava/lang/Object;)
MC,caller=Ljava/util/PriorityQueue;.siftUp(ILjava/lang/Object;),target=Ljava/util/PriorityQueue;.siftUpComparable(ILjava/lang/Object;)
ME,returner=Ljava/util/PriorityQueue;.siftUpComparable(ILjava/lang/Object;),value=<void>
ME,returner=Ljava/util/PriorityQueue;.siftUp(ILjava/lang/Object;),value=<void>
ME,returner=Ljava/util/PriorityQueue;.offer(Ljava/lang/Object;),value=<void>
ME,returner=Ljava/util/PriorityQueue;.add(Ljava/lang/Object;),value=<void>
MC,caller=Ljava/util/PriorityQueue;.add(Ljava/lang/Object;),target=Ljava/util/PriorityQueue;.siftUp(ILjava/lang/Object;)
MC,caller=Ljava/util/PriorityQueue;.siftUp(ILjava/lang/Object;),target=Ljava/util/PriorityQueue;.siftUp(ILjava/lang/Object;)
MC,caller=Ljava/util/PriorityQueue;.siftUp(ILjava/lang/Object;),target=Ljava/util/PriorityQueue;.siftUpComparable(ILjava/lang/Object;)
MC,caller=Ljava/util/PriorityQueue;.siftUpComparable(ILjava/lang/Object;),target=LMain$P;.compareTo(Ljava/lang/Object;) <BRIDGE>
MC,caller=LMain$P;.compareTo(Ljava/lang/Object;) <BRIDGE>,target=Main$P:80#compareTo:138
VW,context=Main$P:80#compareTo:138,t=Main$P:79
FR,context=Main$P:80,d
FR,context=Main$P:79,d
FR,context=Main$P:80,d
FR,context=Main$P:79,d
VW,context=Main$P:80#compareTo:138,result=-1
ME,returner=Main$P:80#compareTo:138,value=-1
ME,returner=LMain$P;.compareTo(Ljava/lang/Object;) <BRIDGE>,value=<void>
ME,returner=Ljava/util/PriorityQueue;.siftUpComparable(ILjava/lang/Object;),value=<void>
ME,returner=Ljava/util/PriorityQueue;.siftUp(ILjava/lang/Object;),value=<void>
ME,returner=Ljava/util/PriorityQueue;.siftUp(ILjava/lang/Object;),value=<void>
ME,returner=Ljava/util/PriorityQueue;.add(Ljava/lang/Object;),value=<void>
ME,returner=Main:1#a:92,value=<void>
FR,context=Main:1,n
VW,context=Main:1#d:7,i=4
FR,context=Main:1,n
FR,context=Main:1,q
FR,context=Main:1,q
VW,context=Main:1#d:7,p=Main$P:80
FR,context=Main$P:80,p
FR,context=Main$P:80,p
VW,context=Main:1#d:7,v=3
FR,context=Main:1,b
FR,context=Main:1,d
MC,caller=Main:1#d:7,target=Main$P:80#compareTo:139
VW,context=Main$P:80#compareTo:139,t=Main$P:80
FR,context=Main$P:80,d
FR,context=Main$P:80,d
FR,context=Main$P:80,p
VW,context=Main$P:80#compareTo:139,i=0
FR,context=Main$P:80,p
FR,context=Main$P:80,p
FR,context=Main$P:80,p
FR,context=Main$P:80,p
VW,context=Main$P:80#compareTo:139,i=1
FR,context=Main$P:80,p
FR,context=Main$P:80,p
FR,context=Main$P:80,p
FR,context=Main$P:80,p
VW,context=Main$P:80#compareTo:139,i=2
FR,context=Main$P:80,p
FR,context=Main$P:80,p
FR,context=Main$P:80,p
FR,context=Main$P:80,p
FR,context=Main$P:80,p
FR,context=Main$P:80,p
VW,context=Main$P:80#compareTo:139,result=0
ME,returner=Main$P:80#compareTo:139,value=0
FR,context=Main:1,n
MC,caller=Main:1#d:7,target=Main:1#a:93
VW,context=Main:1#a:93,p=Main$P:80
VW,context=Main:1#a:93,f=3
VW,context=Main:1#a:93,t=0
FR,context=Main:1,c
FR,context=Main:1,INF
FR,context=Main$P:80,d
FR,context=Main:1,c
FR,context=Main$P:80,p
FR,context=Main$P:80,p
NO,object=Main$P:81
MC,caller=Main:1#a:93,target=Main$P:81#Main$P:81
VW,context=Main$P:81#Main$P:81,a=4
NO,object=int[]:80
FW,context=int[]:80,0=0
FW,context=int[]:80,1=2
FW,context=int[]:80,2=3
FW,context=int[]:80,3=0
VW,context=Main$P:81#Main$P:81,b=int[]:80
FW,context=Main$P:81,d=4
FW,context=Main$P:81,p=int[]:80
ME,returner=Main$P:81#Main$P:81,value=<void>
VW,context=Main:1#a:93,np=Main$P:81
FR,context=Main$P:81,p
FR,context=Main$P:81,p
FR,context=Main:1,d
MC,caller=Main:1#a:93,target=Main$P:81#compareTo:140
VW,context=Main$P:81#compareTo:140,t=Main$P:1
FR,context=Main$P:81,d
FR,context=Main$P:1,d
FR,context=Main$P:81,d
FR,context=Main$P:1,d
VW,context=Main$P:81#compareTo:140,result=4
ME,returner=Main$P:81#compareTo:140,value=4
ME,returner=Main:1#a:93,value=<void>
FR,context=Main:1,n
MC,caller=Main:1#d:7,target=Main:1#a:94
VW,context=Main:1#a:94,p=Main$P:80
VW,context=Main:1#a:94,f=3
VW,context=Main:1#a:94,t=1
FR,context=Main:1,c
FR,context=Main:1,INF
FR,context=Main$P:80,d
FR,context=Main:1,c
FR,context=Main$P:80,p
FR,context=Main$P:80,p
NO,object=Main$P:82
MC,caller=Main:1#a:94,target=Main$P:82#Main$P:82
VW,context=Main$P:82#Main$P:82,a=4
NO,object=int[]:81
FW,context=int[]:81,0=0
FW,context=int[]:81,1=2
FW,context=int[]:81,2=3
FW,context=int[]:81,3=0
VW,context=Main$P:82#Main$P:82,b=int[]:81
FW,context=Main$P:82,d=4
FW,context=Main$P:82,p=int[]:81
ME,returner=Main$P:82#Main$P:82,value=<void>
VW,context=Main:1#a:94,np=Main$P:82
FR,context=Main$P:82,p
FR,context=Main$P:82,p
FR,context=Main:1,d
MC,caller=Main:1#a:94,target=Main$P:82#compareTo:141
VW,context=Main$P:82#compareTo:141,t=Main$P:79
FR,context=Main$P:82,d
FR,context=Main$P:79,d
FR,context=Main$P:82,p
VW,context=Main$P:82#compareTo:141,i=0
FR,context=Main$P:79,p
FR,context=Main$P:82,p
FR,context=Main$P:79,p
FR,context=Main$P:82,p
VW,context=Main$P:82#compareTo:141,i=1
FR,context=Main$P:79,p
FR,context=Main$P:82,p
FR,context=Main$P:79,p
FR,context=Main$P:82,p
VW,context=Main$P:82#compareTo:141,i=2
FR,context=Main$P:79,p
FR,context=Main$P:82,p
FR,context=Main$P:79,p
FR,context=Main$P:82,p
FR,context=Main$P:79,p
VW,context=Main$P:82#compareTo:141,result=2
ME,returner=Main$P:82#compareTo:141,value=2
ME,returner=Main:1#a:94,value=<void>
FR,context=Main:1,n
MC,caller=Main:1#d:7,target=Main:1#a:95
VW,context=Main:1#a:95,p=Main$P:80
VW,context=Main:1#a:95,f=3
VW,context=Main:1#a:95,t=2
FR,context=Main:1,c
FR,context=Main:1,INF
FR,context=Main$P:80,d
FR,context=Main:1,c
FR,context=Main$P:80,p
FR,context=Main$P:80,p
NO,object=Main$P:83
MC,caller=Main:1#a:95,target=Main$P:83#Main$P:83
VW,context=Main$P:83#Main$P:83,a=4
NO,object=int[]:82
FW,context=int[]:82,0=0
FW,context=int[]:82,1=2
FW,context=int[]:82,2=3
FW,context=int[]:82,3=0
VW,context=Main$P:83#Main$P:83,b=int[]:82
FW,context=Main$P:83,d=4
FW,context=Main$P:83,p=int[]:82
ME,returner=Main$P:83#Main$P:83,value=<void>
VW,context=Main:1#a:95,np=Main$P:83
FR,context=Main$P:83,p
FR,context=Main$P:83,p
FR,context=Main:1,d
MC,caller=Main:1#a:95,target=Main$P:83#compareTo:142
VW,context=Main$P:83#compareTo:142,t=Main$P:77
FR,context=Main$P:83,d
FR,context=Main$P:77,d
FR,context=Main$P:83,d
FR,context=Main$P:77,d
VW,context=Main$P:83#compareTo:142,result=2
ME,returner=Main$P:83#compareTo:142,value=2
ME,returner=Main:1#a:95,value=<void>
FR,context=Main:1,n
MC,caller=Main:1#d:7,target=Main:1#a:96
VW,context=Main:1#a:96,p=Main$P:80
VW,context=Main:1#a:96,f=3
VW,context=Main:1#a:96,t=3
FR,context=Main:1,c
FR,context=Main:1,INF
ME,returner=Main:1#a:96,value=<void>
FR,context=Main:1,n
MC,caller=Main:1#d:7,target=Main:1#a:97
VW,context=Main:1#a:97,p=Main$P:80
VW,context=Main:1#a:97,f=3
VW,context=Main:1#a:97,t=4
FR,context=Main:1,c
FR,context=Main:1,INF
FR,context=Main$P:80,d
FR,context=Main:1,c
FR,context=Main$P:80,p
FR,context=Main$P:80,p
NO,object=Main$P:84
MC,caller=Main:1#a:97,target=Main$P:84#Main$P:84
VW,context=Main$P:84#Main$P:84,a=5
NO,object=int[]:83
FW,context=int[]:83,0=0
FW,context=int[]:83,1=2
FW,context=int[]:83,2=3
FW,context=int[]:83,3=0
VW,context=Main$P:84#Main$P:84,b=int[]:83
FW,context=Main$P:84,d=5
FW,context=Main$P:84,p=int[]:83
ME,returner=Main$P:84#Main$P:84,value=<void>
VW,context=Main:1#a:97,np=Main$P:84
FR,context=Main$P:84,p
FR,context=Main$P:84,p
FR,context=Main:1,d
MC,caller=Main:1#a:97,target=Main$P:84#compareTo:143
VW,context=Main$P:84#compareTo:143,t=null
VW,context=Main$P:84#compareTo:143,result=-1
ME,returner=Main$P:84#compareTo:143,value=-1
FR,context=Main:1,d
FR,context=Main:1,q
FR,context=Main:1,d
MC,caller=Main:1#a:97,target=Ljava/util/PriorityQueue;.add(Ljava/lang/Object;)
MC,caller=Ljava/util/PriorityQueue;.add(Ljava/lang/Object;),target=Ljava/util/PriorityQueue;.add(Ljava/lang/Object;)
MC,caller=Ljava/util/PriorityQueue;.add(Ljava/lang/Object;),target=Ljava/util/PriorityQueue;.offer(Ljava/lang/Object;)
MC,caller=Ljava/util/PriorityQueue;.offer(Ljava/lang/Object;),target=Ljava/util/PriorityQueue;.siftUp(ILjava/lang/Object;)
MC,caller=Ljava/util/PriorityQueue;.siftUp(ILjava/lang/Object;),target=Ljava/util/PriorityQueue;.siftUpComparable(ILjava/lang/Object;)
ME,returner=Ljava/util/PriorityQueue;.siftUpComparable(ILjava/lang/Object;),value=<void>
ME,returner=Ljava/util/PriorityQueue;.siftUp(ILjava/lang/Object;),value=<void>
ME,returner=Ljava/util/PriorityQueue;.offer(Ljava/lang/Object;),value=<void>
ME,returner=Ljava/util/PriorityQueue;.add(Ljava/lang/Object;),value=<void>
MC,caller=Ljava/util/PriorityQueue;.add(Ljava/lang/Object;),target=Ljava/util/PriorityQueue;.siftUp(ILjava/lang/Object;)
MC,caller=Ljava/util/PriorityQueue;.siftUp(ILjava/lang/Object;),target=Ljava/util/PriorityQueue;.siftUp(ILjava/lang/Object;)
MC,caller=Ljava/util/PriorityQueue;.siftUp(ILjava/lang/Object;),target=Ljava/util/PriorityQueue;.siftUpComparable(ILjava/lang/Object;)
MC,caller=Ljava/util/PriorityQueue;.siftUpComparable(ILjava/lang/Object;),target=LMain$P;.compareTo(Ljava/lang/Object;) <BRIDGE>
MC,caller=LMain$P;.compareTo(Ljava/lang/Object;) <BRIDGE>,target=Main$P:84#compareTo:144
VW,context=Main$P:84#compareTo:144,t=Main$P:79
FR,context=Main$P:84,d
FR,context=Main$P:79,d
FR,context=Main$P:84,d
FR,context=Main$P:79,d
VW,context=Main$P:84#compareTo:144,result=1
ME,returner=Main$P:84#compareTo:144,value=1
ME,returner=LMain$P;.compareTo(Ljava/lang/Object;) <BRIDGE>,value=<void>
ME,returner=Ljava/util/PriorityQueue;.siftUpComparable(ILjava/lang/Object;),value=<void>
ME,returner=Ljava/util/PriorityQueue;.siftUp(ILjava/lang/Object;),value=<void>
ME,returner=Ljava/util/PriorityQueue;.siftUp(ILjava/lang/Object;),value=<void>
ME,returner=Ljava/util/PriorityQueue;.add(Ljava/lang/Object;),value=<void>
ME,returner=Main:1#a:97,value=<void>
FR,context=Main:1,n
FR,context=Main:1,q
FR,context=Main:1,q
VW,context=Main:1#d:7,p=Main$P:79
FR,context=Main$P:79,p
FR,context=Main$P:79,p
VW,context=Main:1#d:7,v=1
FR,context=Main:1,b
FR,context=Main:1,d
MC,caller=Main:1#d:7,target=Main$P:79#compareTo:145
VW,context=Main$P:79#compareTo:145,t=Main$P:79
FR,context=Main$P:79,d
FR,context=Main$P:79,d
FR,context=Main$P:79,p
VW,context=Main$P:79#compareTo:145,i=0
FR,context=Main$P:79,p
FR,context=Main$P:79,p
FR,context=Main$P:79,p
FR,context=Main$P:79,p
VW,context=Main$P:79#compareTo:145,i=1
FR,context=Main$P:79,p
FR,context=Main$P:79,p
FR,context=Main$P:79,p
FR,context=Main$P:79,p
VW,context=Main$P:79#compareTo:145,i=2
FR,context=Main$P:79,p
FR,context=Main$P:79,p
FR,context=Main$P:79,p
FR,context=Main$P:79,p
FR,context=Main$P:79,p
FR,context=Main$P:79,p
VW,context=Main$P:79#compareTo:145,result=0
ME,returner=Main$P:79#compareTo:145,value=0
FR,context=Main:1,n
MC,caller=Main:1#d:7,target=Main:1#a:98
VW,context=Main:1#a:98,p=Main$P:79
VW,context=Main:1#a:98,f=1
VW,context=Main:1#a:98,t=0
FR,context=Main:1,c
FR,context=Main:1,INF
FR,context=Main$P:79,d
FR,context=Main:1,c
FR,context=Main$P:79,p
FR,context=Main$P:79,p
NO,object=Main$P:85
MC,caller=Main:1#a:98,target=Main$P:85#Main$P:85
VW,context=Main$P:85#Main$P:85,a=5
NO,object=int[]:84
FW,context=int[]:84,0=0
FW,context=int[]:84,1=2
FW,context=int[]:84,2=1
FW,context=int[]:84,3=0
VW,context=Main$P:85#Main$P:85,b=int[]:84
FW,context=Main$P:85,d=5
FW,context=Main$P:85,p=int[]:84
ME,returner=Main$P:85#Main$P:85,value=<void>
VW,context=Main:1#a:98,np=Main$P:85
FR,context=Main$P:85,p
FR,context=Main$P:85,p
FR,context=Main:1,d
MC,caller=Main:1#a:98,target=Main$P:85#compareTo:146
VW,context=Main$P:85#compareTo:146,t=Main$P:1
FR,context=Main$P:85,d
FR,context=Main$P:1,d
FR,context=Main$P:85,d
FR,context=Main$P:1,d
VW,context=Main$P:85#compareTo:146,result=5
ME,returner=Main$P:85#compareTo:146,value=5
ME,returner=Main:1#a:98,value=<void>
FR,context=Main:1,n
MC,caller=Main:1#d:7,target=Main:1#a:99
VW,context=Main:1#a:99,p=Main$P:79
VW,context=Main:1#a:99,f=1
VW,context=Main:1#a:99,t=1
FR,context=Main:1,c
FR,context=Main:1,INF
ME,returner=Main:1#a:99,value=<void>
FR,context=Main:1,n
MC,caller=Main:1#d:7,target=Main:1#a:100
VW,context=Main:1#a:100,p=Main$P:79
VW,context=Main:1#a:100,f=1
VW,context=Main:1#a:100,t=2
FR,context=Main:1,c
FR,context=Main:1,INF
FR,context=Main$P:79,d
FR,context=Main:1,c
FR,context=Main$P:79,p
FR,context=Main$P:79,p
NO,object=Main$P:86
MC,caller=Main:1#a:100,target=Main$P:86#Main$P:86
VW,context=Main$P:86#Main$P:86,a=5
NO,object=int[]:85
FW,context=int[]:85,0=0
FW,context=int[]:85,1=2
FW,context=int[]:85,2=1
FW,context=int[]:85,3=0
VW,context=Main$P:86#Main$P:86,b=int[]:85
FW,context=Main$P:86,d=5
FW,context=Main$P:86,p=int[]:85
ME,returner=Main$P:86#Main$P:86,value=<void>
VW,context=Main:1#a:100,np=Main$P:86
FR,context=Main$P:86,p
FR,context=Main$P:86,p
FR,context=Main:1,d
MC,caller=Main:1#a:100,target=Main$P:86#compareTo:147
VW,context=Main$P:86#compareTo:147,t=Main$P:77
FR,context=Main$P:86,d
FR,context=Main$P:77,d
FR,context=Main$P:86,d
FR,context=Main$P:77,d
VW,context=Main$P:86#compareTo:147,result=3
ME,returner=Main$P:86#compareTo:147,value=3
ME,returner=Main:1#a:100,value=<void>
FR,context=Main:1,n
MC,caller=Main:1#d:7,target=Main:1#a:101
VW,context=Main:1#a:101,p=Main$P:79
VW,context=Main:1#a:101,f=1
VW,context=Main:1#a:101,t=3
FR,context=Main:1,c
FR,context=Main:1,INF
FR,context=Main$P:79,d
FR,context=Main:1,c
FR,context=Main$P:79,p
FR,context=Main$P:79,p
NO,object=Main$P:87
MC,caller=Main:1#a:101,target=Main$P:87#Main$P:87
VW,context=Main$P:87#Main$P:87,a=6
NO,object=int[]:86
FW,context=int[]:86,0=0
FW,context=int[]:86,1=2
FW,context=int[]:86,2=1
FW,context=int[]:86,3=0
VW,context=Main$P:87#Main$P:87,b=int[]:86
FW,context=Main$P:87,d=6
FW,context=Main$P:87,p=int[]:86
ME,returner=Main$P:87#Main$P:87,value=<void>
VW,context=Main:1#a:101,np=Main$P:87
FR,context=Main$P:87,p
FR,context=Main$P:87,p
FR,context=Main:1,d
MC,caller=Main:1#a:101,target=Main$P:87#compareTo:148
VW,context=Main$P:87#compareTo:148,t=Main$P:80
FR,context=Main$P:87,d
FR,context=Main$P:80,d
FR,context=Main$P:87,d
FR,context=Main$P:80,d
VW,context=Main$P:87#compareTo:148,result=3
ME,returner=Main$P:87#compareTo:148,value=3
ME,returner=Main:1#a:101,value=<void>
FR,context=Main:1,n
MC,caller=Main:1#d:7,target=Main:1#a:102
VW,context=Main:1#a:102,p=Main$P:79
VW,context=Main:1#a:102,f=1
VW,context=Main:1#a:102,t=4
FR,context=Main:1,c
FR,context=Main:1,INF
FR,context=Main$P:79,d
FR,context=Main:1,c
FR,context=Main$P:79,p
FR,context=Main$P:79,p
NO,object=Main$P:88
MC,caller=Main:1#a:102,target=Main$P:88#Main$P:88
VW,context=Main$P:88#Main$P:88,a=6
NO,object=int[]:87
FW,context=int[]:87,0=0
FW,context=int[]:87,1=2
FW,context=int[]:87,2=1
FW,context=int[]:87,3=0
VW,context=Main$P:88#Main$P:88,b=int[]:87
FW,context=Main$P:88,d=6
FW,context=Main$P:88,p=int[]:87
ME,returner=Main$P:88#Main$P:88,value=<void>
VW,context=Main:1#a:102,np=Main$P:88
FR,context=Main$P:88,p
FR,context=Main$P:88,p
FR,context=Main:1,d
MC,caller=Main:1#a:102,target=Main$P:88#compareTo:149
VW,context=Main$P:88#compareTo:149,t=Main$P:84
FR,context=Main$P:88,d
FR,context=Main$P:84,d
FR,context=Main$P:88,d
FR,context=Main$P:84,d
VW,context=Main$P:88#compareTo:149,result=1
ME,returner=Main$P:88#compareTo:149,value=1
ME,returner=Main:1#a:102,value=<void>
FR,context=Main:1,n
FR,context=Main:1,q
FR,context=Main:1,q
VW,context=Main:1#d:7,p=Main$P:84
FR,context=Main$P:84,p
FR,context=Main$P:84,p
VW,context=Main:1#d:7,v=4
FR,context=Main:1,b
ME,returner=Main:1#d:7,value=<void>
FR,context=Main:1,d
FR,context=Main:1,b
FR,context=Main:1,d
FR,context=Main:1,b
FW,context=Main$P:84,s=java.util.BitSet (id=534)
FR,context=Main:1,d
FR,context=Main:1,b
FW,context=Main$P:84,x=2
FR,context=Main:1,kq
FR,context=Main:1,d
FR,context=Main:1,b
MC,caller=Main:1#kd:1,target=Ljava/util/PriorityQueue;.add(Ljava/lang/Object;)
MC,caller=Ljava/util/PriorityQueue;.add(Ljava/lang/Object;),target=Ljava/util/PriorityQueue;.add(Ljava/lang/Object;)
MC,caller=Ljava/util/PriorityQueue;.add(Ljava/lang/Object;),target=Ljava/util/PriorityQueue;.offer(Ljava/lang/Object;)
MC,caller=Ljava/util/PriorityQueue;.offer(Ljava/lang/Object;),target=Ljava/util/PriorityQueue;.siftUp(ILjava/lang/Object;)
MC,caller=Ljava/util/PriorityQueue;.siftUp(ILjava/lang/Object;),target=Ljava/util/PriorityQueue;.siftUpComparable(ILjava/lang/Object;)
ME,returner=Ljava/util/PriorityQueue;.siftUpComparable(ILjava/lang/Object;),value=<void>
ME,returner=Ljava/util/PriorityQueue;.siftUp(ILjava/lang/Object;),value=<void>
ME,returner=Ljava/util/PriorityQueue;.offer(Ljava/lang/Object;),value=<void>
ME,returner=Ljava/util/PriorityQueue;.add(Ljava/lang/Object;),value=<void>
MC,caller=Ljava/util/PriorityQueue;.add(Ljava/lang/Object;),target=Ljava/util/PriorityQueue;.siftUp(ILjava/lang/Object;)
MC,caller=Ljava/util/PriorityQueue;.siftUp(ILjava/lang/Object;),target=Ljava/util/PriorityQueue;.siftUp(ILjava/lang/Object;)
MC,caller=Ljava/util/PriorityQueue;.siftUp(ILjava/lang/Object;),target=Ljava/util/PriorityQueue;.siftUpComparable(ILjava/lang/Object;)
MC,caller=Ljava/util/PriorityQueue;.siftUpComparable(ILjava/lang/Object;),target=LMain$P;.compareTo(Ljava/lang/Object;) <BRIDGE>
MC,caller=LMain$P;.compareTo(Ljava/lang/Object;) <BRIDGE>,target=Main$P:84#compareTo:150
VW,context=Main$P:84#compareTo:150,t=Main$P:61
FR,context=Main$P:84,d
FR,context=Main$P:61,d
FR,context=Main$P:84,p
VW,context=Main$P:84#compareTo:150,i=0
FR,context=Main$P:61,p
FR,context=Main$P:84,p
FR,context=Main$P:61,p
FR,context=Main$P:84,p
VW,context=Main$P:84#compareTo:150,i=1
FR,context=Main$P:61,p
FR,context=Main$P:84,p
FR,context=Main$P:61,p
FR,context=Main$P:84,p
FR,context=Main$P:61,p
VW,context=Main$P:84#compareTo:150,result=1
ME,returner=Main$P:84#compareTo:150,value=1
ME,returner=LMain$P;.compareTo(Ljava/lang/Object;) <BRIDGE>,value=<void>
ME,returner=Ljava/util/PriorityQueue;.siftUpComparable(ILjava/lang/Object;),value=<void>
ME,returner=Ljava/util/PriorityQueue;.siftUp(ILjava/lang/Object;),value=<void>
ME,returner=Ljava/util/PriorityQueue;.siftUp(ILjava/lang/Object;),value=<void>
ME,returner=Ljava/util/PriorityQueue;.add(Ljava/lang/Object;),value=<void>
FR,context=Main$P:30,p
FR,context=Main:1,k
VW,context=Main:1#kd:1,i=4
FR,context=Main:1,kq
FR,context=Main:1,kq
MC,caller=Main:1#kd:1,target=Ljava/util/AbstractQueue;.remove()
MC,caller=Ljava/util/AbstractQueue;.remove(),target=Ljava/util/AbstractQueue;.remove()
MC,caller=Ljava/util/AbstractQueue;.remove(),target=Ljava/util/PriorityQueue;.poll()
MC,caller=Ljava/util/PriorityQueue;.poll(),target=Ljava/util/PriorityQueue;.siftDown(ILjava/lang/Object;)
MC,caller=Ljava/util/PriorityQueue;.siftDown(ILjava/lang/Object;),target=Ljava/util/PriorityQueue;.siftDownComparable(ILjava/lang/Object;)
ME,returner=Ljava/util/PriorityQueue;.siftDownComparable(ILjava/lang/Object;),value=<void>
ME,returner=Ljava/util/PriorityQueue;.siftDown(ILjava/lang/Object;),value=<void>
ME,returner=Ljava/util/PriorityQueue;.poll(),value=<void>
ME,returner=Ljava/util/AbstractQueue;.remove(),value=<void>
MC,caller=Ljava/util/AbstractQueue;.remove(),target=Ljava/util/PriorityQueue;.siftDown(ILjava/lang/Object;)
MC,caller=Ljava/util/PriorityQueue;.siftDown(ILjava/lang/Object;),target=Ljava/util/PriorityQueue;.siftDown(ILjava/lang/Object;)
MC,caller=Ljava/util/PriorityQueue;.siftDown(ILjava/lang/Object;),target=Ljava/util/PriorityQueue;.siftDownComparable(ILjava/lang/Object;)
MC,caller=Ljava/util/PriorityQueue;.siftDownComparable(ILjava/lang/Object;),target=LMain$P;.compareTo(Ljava/lang/Object;) <BRIDGE>
MC,caller=LMain$P;.compareTo(Ljava/lang/Object;) <BRIDGE>,target=Main$P:61#compareTo:151
VW,context=Main$P:61#compareTo:151,t=Main$P:50
FR,context=Main$P:61,d
FR,context=Main$P:50,d
FR,context=Main$P:61,p
VW,context=Main$P:61#compareTo:151,i=0
FR,context=Main$P:50,p
FR,context=Main$P:61,p
FR,context=Main$P:50,p
FR,context=Main$P:61,p
VW,context=Main$P:61#compareTo:151,i=1
FR,context=Main$P:50,p
FR,context=Main$P:61,p
FR,context=Main$P:50,p
FR,context=Main$P:61,p
VW,context=Main$P:61#compareTo:151,i=2
FR,context=Main$P:50,p
FR,context=Main$P:61,p
FR,context=Main$P:50,p
FR,context=Main$P:61,p
FR,context=Main$P:50,p
VW,context=Main$P:61#compareTo:151,result=1
ME,returner=Main$P:61#compareTo:151,value=1
MC,caller=LMain$P;.compareTo(Ljava/lang/Object;) <BRIDGE>,target=Main$P:84#compareTo:152
VW,context=Main$P:84#compareTo:152,t=Main$P:50
FR,context=Main$P:84,d
FR,context=Main$P:50,d
FR,context=Main$P:84,p
VW,context=Main$P:84#compareTo:152,i=0
FR,context=Main$P:50,p
FR,context=Main$P:84,p
FR,context=Main$P:50,p
FR,context=Main$P:84,p
VW,context=Main$P:84#compareTo:152,i=1
FR,context=Main$P:50,p
FR,context=Main$P:84,p
FR,context=Main$P:50,p
FR,context=Main$P:84,p
FR,context=Main$P:50,p
VW,context=Main$P:84#compareTo:152,result=1
ME,returner=Main$P:84#compareTo:152,value=1
ME,returner=LMain$P;.compareTo(Ljava/lang/Object;) <BRIDGE>,value=<void>
ME,returner=Ljava/util/PriorityQueue;.siftDownComparable(ILjava/lang/Object;),value=<void>
ME,returner=Ljava/util/PriorityQueue;.siftDown(ILjava/lang/Object;),value=<void>
ME,returner=Ljava/util/PriorityQueue;.siftDown(ILjava/lang/Object;),value=<void>
ME,returner=Ljava/util/AbstractQueue;.remove(),value=<void>
VW,context=Main:1#kd:1,p=Main$P:76
FR,context=Main$P:76,s
FR,context=Main:1,n
VW,context=Main:1#kd:1,s=java.util.BitSet (id=559)
FR,context=Main$P:76,p
FR,context=Main$P:76,x
FR,context=Main$P:76,p
FR,context=Main$P:76,x
NO,object=int[]:88
FW,context=int[]:88,0=0
VW,context=Main:1#kd:1,op=int[]:88
VW,context=Main:1#kd:1,od=0
FR,context=Main:1,d
FR,context=Main:1,n
FR,context=Main$P:76,x
FR,context=Main$P:76,p
FR,context=Main$P:76,x
MC,caller=Main:1#kd:1,target=Main:1#d:8
VW,context=Main:1#d:8,s=java.util.BitSet (id=559)
VW,context=Main:1#d:8,a=0
VW,context=Main:1#d:8,od=0
VW,context=Main:1#d:8,op=int[]:88
FR,context=Main:1,q
FR,context=Main:1,d
NO,object=Main$P:89
MC,caller=Main:1#d:8,target=Main$P:89#Main$P:89
VW,context=Main$P:89#Main$P:89,a=0
VW,context=Main$P:89#Main$P:89,b=int[]:88
FW,context=Main$P:89,d=0
FW,context=Main$P:89,p=int[]:88
ME,returner=Main$P:89#Main$P:89,value=<void>
FR,context=Main:1,n
VW,context=Main:1#d:8,i=0
FR,context=Main:1,d
MC,caller=Main:1#d:8,target=Main:1#a:103
VW,context=Main:1#a:103,p=Main$P:89
VW,context=Main:1#a:103,f=0
VW,context=Main:1#a:103,t=0
FR,context=Main:1,c
FR,context=Main:1,INF
ME,returner=Main:1#a:103,value=<void>
FR,context=Main:1,n
VW,context=Main:1#d:8,i=1
FR,context=Main:1,n
VW,context=Main:1#d:8,i=2
FR,context=Main:1,n
VW,context=Main:1#d:8,i=3
FR,context=Main:1,n
VW,context=Main:1#d:8,i=4
FR,context=Main:1,d
MC,caller=Main:1#d:8,target=Main:1#a:104
VW,context=Main:1#a:104,p=Main$P:89
VW,context=Main:1#a:104,f=0
VW,context=Main:1#a:104,t=4
FR,context=Main:1,c
FR,context=Main:1,INF
FR,context=Main$P:89,d
FR,context=Main:1,c
FR,context=Main$P:89,p
FR,context=Main$P:89,p
NO,object=Main$P:90
MC,caller=Main:1#a:104,target=Main$P:90#Main$P:90
VW,context=Main$P:90#Main$P:90,a=3
NO,object=int[]:89
FW,context=int[]:89,0=0
FW,context=int[]:89,1=0
VW,context=Main$P:90#Main$P:90,b=int[]:89
FW,context=Main$P:90,d=3
FW,context=Main$P:90,p=int[]:89
ME,returner=Main$P:90#Main$P:90,value=<void>
VW,context=Main:1#a:104,np=Main$P:90
FR,context=Main$P:90,p
FR,context=Main$P:90,p
FR,context=Main:1,d
MC,caller=Main:1#a:104,target=Main$P:90#compareTo:153
VW,context=Main$P:90#compareTo:153,t=null
VW,context=Main$P:90#compareTo:153,result=-1
ME,returner=Main$P:90#compareTo:153,value=-1
FR,context=Main:1,d
FR,context=Main:1,q
FR,context=Main:1,d
ME,returner=Main:1#a:104,value=<void>
FR,context=Main:1,n
FR,context=Main:1,q
FR,context=Main:1,q
VW,context=Main:1#d:8,p=Main$P:90
FR,context=Main$P:90,p
FR,context=Main$P:90,p
VW,context=Main:1#d:8,v=4
FR,context=Main:1,b
ME,returner=Main:1#d:8,value=<void>
FR,context=Main:1,d
FR,context=Main:1,b
FR,context=Main:1,d
FR,context=Main:1,b
FW,context=Main$P:90,s=java.util.BitSet (id=559)
FR,context=Main:1,d
FR,context=Main:1,b
FR,context=Main$P:76,x
FW,context=Main$P:90,x=1
FR,context=Main:1,kq
FR,context=Main:1,d
FR,context=Main:1,b
MC,caller=Main:1#kd:1,target=Ljava/util/PriorityQueue;.add(Ljava/lang/Object;)
MC,caller=Ljava/util/PriorityQueue;.add(Ljava/lang/Object;),target=Ljava/util/PriorityQueue;.add(Ljava/lang/Object;)
MC,caller=Ljava/util/PriorityQueue;.add(Ljava/lang/Object;),target=Ljava/util/PriorityQueue;.offer(Ljava/lang/Object;)
MC,caller=Ljava/util/PriorityQueue;.offer(Ljava/lang/Object;),target=Ljava/util/PriorityQueue;.siftUp(ILjava/lang/Object;)
MC,caller=Ljava/util/PriorityQueue;.siftUp(ILjava/lang/Object;),target=Ljava/util/PriorityQueue;.siftUpComparable(ILjava/lang/Object;)
ME,returner=Ljava/util/PriorityQueue;.siftUpComparable(ILjava/lang/Object;),value=<void>
ME,returner=Ljava/util/PriorityQueue;.siftUp(ILjava/lang/Object;),value=<void>
ME,returner=Ljava/util/PriorityQueue;.offer(Ljava/lang/Object;),value=<void>
ME,returner=Ljava/util/PriorityQueue;.add(Ljava/lang/Object;),value=<void>
MC,caller=Ljava/util/PriorityQueue;.add(Ljava/lang/Object;),target=Ljava/util/PriorityQueue;.siftUp(ILjava/lang/Object;)
MC,caller=Ljava/util/PriorityQueue;.siftUp(ILjava/lang/Object;),target=Ljava/util/PriorityQueue;.siftUp(ILjava/lang/Object;)
MC,caller=Ljava/util/PriorityQueue;.siftUp(ILjava/lang/Object;),target=Ljava/util/PriorityQueue;.siftUpComparable(ILjava/lang/Object;)
MC,caller=Ljava/util/PriorityQueue;.siftUpComparable(ILjava/lang/Object;),target=LMain$P;.compareTo(Ljava/lang/Object;) <BRIDGE>
MC,caller=LMain$P;.compareTo(Ljava/lang/Object;) <BRIDGE>,target=Main$P:90#compareTo:154
VW,context=Main$P:90#compareTo:154,t=Main$P:61
FR,context=Main$P:90,d
FR,context=Main$P:61,d
FR,context=Main$P:90,d
FR,context=Main$P:61,d
VW,context=Main$P:90#compareTo:154,result=-2
ME,returner=Main$P:90#compareTo:154,value=-2
MC,caller=LMain$P;.compareTo(Ljava/lang/Object;) <BRIDGE>,target=Main$P:90#compareTo:155
VW,context=Main$P:90#compareTo:155,t=Main$P:50
FR,context=Main$P:90,d
FR,context=Main$P:50,d
FR,context=Main$P:90,d
FR,context=Main$P:50,d
VW,context=Main$P:90#compareTo:155,result=-2
ME,returner=Main$P:90#compareTo:155,value=-2
ME,returner=LMain$P;.compareTo(Ljava/lang/Object;) <BRIDGE>,value=<void>
ME,returner=Ljava/util/PriorityQueue;.siftUpComparable(ILjava/lang/Object;),value=<void>
ME,returner=Ljava/util/PriorityQueue;.siftUp(ILjava/lang/Object;),value=<void>
ME,returner=Ljava/util/PriorityQueue;.siftUp(ILjava/lang/Object;),value=<void>
ME,returner=Ljava/util/PriorityQueue;.add(Ljava/lang/Object;),value=<void>
FR,context=Main$P:76,x
FR,context=Main$P:76,p
FR,context=Main:1,n
VW,context=Main:1#kd:1,s=java.util.BitSet (id=564)
FR,context=Main$P:76,p
FR,context=Main$P:76,p
NO,object=int[]:90
FW,context=int[]:90,0=0
FW,context=int[]:90,1=3
VW,context=Main:1#kd:1,op=int[]:90
FR,context=Main:1,c
FR,context=Main$P:76,p
FR,context=Main$P:76,p
VW,context=Main:1#kd:1,od=1
FR,context=Main:1,d
FR,context=Main:1,n
FR,context=Main:1,d
FR,context=Main$P:76,p
FR,context=Main:1,z
FR,context=Main$P:76,p
MC,caller=Main:1#kd:1,target=Main:1#d:9
VW,context=Main:1#d:9,s=java.util.BitSet (id=564)
VW,context=Main:1#d:9,a=3
VW,context=Main:1#d:9,od=1
VW,context=Main:1#d:9,op=int[]:90
FR,context=Main:1,q
FR,context=Main:1,d
NO,object=Main$P:91
MC,caller=Main:1#d:9,target=Main$P:91#Main$P:91
VW,context=Main$P:91#Main$P:91,a=1
VW,context=Main$P:91#Main$P:91,b=int[]:90
FW,context=Main$P:91,d=1
FW,context=Main$P:91,p=int[]:90
ME,returner=Main$P:91#Main$P:91,value=<void>
FR,context=Main:1,n
VW,context=Main:1#d:9,i=0
FR,context=Main:1,d
MC,caller=Main:1#d:9,target=Main:1#a:105
VW,context=Main:1#a:105,p=Main$P:91
VW,context=Main:1#a:105,f=3
VW,context=Main:1#a:105,t=0
FR,context=Main:1,c
FR,context=Main:1,INF
FR,context=Main$P:91,d
FR,context=Main:1,c
FR,context=Main$P:91,p
FR,context=Main$P:91,p
NO,object=Main$P:92
MC,caller=Main:1#a:105,target=Main$P:92#Main$P:92
VW,context=Main$P:92#Main$P:92,a=2
NO,object=int[]:91
FW,context=int[]:91,0=0
FW,context=int[]:91,1=3
FW,context=int[]:91,2=0
VW,context=Main$P:92#Main$P:92,b=int[]:91
FW,context=Main$P:92,d=2
FW,context=Main$P:92,p=int[]:91
ME,returner=Main$P:92#Main$P:92,value=<void>
VW,context=Main:1#a:105,np=Main$P:92
FR,context=Main$P:92,p
FR,context=Main$P:92,p
FR,context=Main:1,d
MC,caller=Main:1#a:105,target=Main$P:92#compareTo:156
VW,context=Main$P:92#compareTo:156,t=Main$P:1
FR,context=Main$P:92,d
FR,context=Main$P:1,d
FR,context=Main$P:92,d
FR,context=Main$P:1,d
VW,context=Main$P:92#compareTo:156,result=2
ME,returner=Main$P:92#compareTo:156,value=2
ME,returner=Main:1#a:105,value=<void>
FR,context=Main:1,n
VW,context=Main:1#d:9,i=1
FR,context=Main:1,d
MC,caller=Main:1#d:9,target=Main:1#a:106
VW,context=Main:1#a:106,p=Main$P:91
VW,context=Main:1#a:106,f=3
VW,context=Main:1#a:106,t=1
FR,context=Main:1,c
FR,context=Main:1,INF
FR,context=Main$P:91,d
FR,context=Main:1,c
FR,context=Main$P:91,p
FR,context=Main$P:91,p
NO,object=Main$P:93
MC,caller=Main:1#a:106,target=Main$P:93#Main$P:93
VW,context=Main$P:93#Main$P:93,a=2
NO,object=int[]:92
FW,context=int[]:92,0=0
FW,context=int[]:92,1=3
FW,context=int[]:92,2=0
VW,context=Main$P:93#Main$P:93,b=int[]:92
FW,context=Main$P:93,d=2
FW,context=Main$P:93,p=int[]:92
ME,returner=Main$P:93#Main$P:93,value=<void>
VW,context=Main:1#a:106,np=Main$P:93
FR,context=Main$P:93,p
FR,context=Main$P:93,p
FR,context=Main:1,d
MC,caller=Main:1#a:106,target=Main$P:93#compareTo:157
VW,context=Main$P:93#compareTo:157,t=null
VW,context=Main$P:93#compareTo:157,result=-1
ME,returner=Main$P:93#compareTo:157,value=-1
FR,context=Main:1,d
FR,context=Main:1,q
FR,context=Main:1,d
ME,returner=Main:1#a:106,value=<void>
FR,context=Main:1,n
VW,context=Main:1#d:9,i=2
FR,context=Main:1,n
VW,context=Main:1#d:9,i=3
FR,context=Main:1,d
MC,caller=Main:1#d:9,target=Main:1#a:107
VW,context=Main:1#a:107,p=Main$P:91
VW,context=Main:1#a:107,f=3
VW,context=Main:1#a:107,t=3
FR,context=Main:1,c
FR,context=Main:1,INF
ME,returner=Main:1#a:107,value=<void>
FR,context=Main:1,n
VW,context=Main:1#d:9,i=4
FR,context=Main:1,d
MC,caller=Main:1#d:9,target=Main:1#a:108
VW,context=Main:1#a:108,p=Main$P:91
VW,context=Main:1#a:108,f=3
VW,context=Main:1#a:108,t=4
FR,context=Main:1,c
FR,context=Main:1,INF
FR,context=Main$P:91,d
FR,context=Main:1,c
FR,context=Main$P:91,p
FR,context=Main$P:91,p
NO,object=Main$P:94
MC,caller=Main:1#a:108,target=Main$P:94#Main$P:94
VW,context=Main$P:94#Main$P:94,a=3
NO,object=int[]:93
FW,context=int[]:93,0=0
FW,context=int[]:93,1=3
FW,context=int[]:93,2=0
VW,context=Main$P:94#Main$P:94,b=int[]:93
FW,context=Main$P:94,d=3
FW,context=Main$P:94,p=int[]:93
ME,returner=Main$P:94#Main$P:94,value=<void>
VW,context=Main:1#a:108,np=Main$P:94
FR,context=Main$P:94,p
FR,context=Main$P:94,p
FR,context=Main:1,d
MC,caller=Main:1#a:108,target=Main$P:94#compareTo:158
VW,context=Main$P:94#compareTo:158,t=null
VW,context=Main$P:94#compareTo:158,result=-1
ME,returner=Main$P:94#compareTo:158,value=-1
FR,context=Main:1,d
FR,context=Main:1,q
FR,context=Main:1,d
MC,caller=Main:1#a:108,target=Ljava/util/PriorityQueue;.add(Ljava/lang/Object;)
MC,caller=Ljava/util/PriorityQueue;.add(Ljava/lang/Object;),target=Ljava/util/PriorityQueue;.add(Ljava/lang/Object;)
MC,caller=Ljava/util/PriorityQueue;.add(Ljava/lang/Object;),target=Ljava/util/PriorityQueue;.offer(Ljava/lang/Object;)
MC,caller=Ljava/util/PriorityQueue;.offer(Ljava/lang/Object;),target=Ljava/util/PriorityQueue;.siftUp(ILjava/lang/Object;)
MC,caller=Ljava/util/PriorityQueue;.siftUp(ILjava/lang/Object;),target=Ljava/util/PriorityQueue;.siftUpComparable(ILjava/lang/Object;)
ME,returner=Ljava/util/PriorityQueue;.siftUpComparable(ILjava/lang/Object;),value=<void>
ME,returner=Ljava/util/PriorityQueue;.siftUp(ILjava/lang/Object;),value=<void>
ME,returner=Ljava/util/PriorityQueue;.offer(Ljava/lang/Object;),value=<void>
ME,returner=Ljava/util/PriorityQueue;.add(Ljava/lang/Object;),value=<void>
MC,caller=Ljava/util/PriorityQueue;.add(Ljava/lang/Object;),target=Ljava/util/PriorityQueue;.siftUp(ILjava/lang/Object;)
MC,caller=Ljava/util/PriorityQueue;.siftUp(ILjava/lang/Object;),target=Ljava/util/PriorityQueue;.siftUp(ILjava/lang/Object;)
MC,caller=Ljava/util/PriorityQueue;.siftUp(ILjava/lang/Object;),target=Ljava/util/PriorityQueue;.siftUpComparable(ILjava/lang/Object;)
MC,caller=Ljava/util/PriorityQueue;.siftUpComparable(ILjava/lang/Object;),target=LMain$P;.compareTo(Ljava/lang/Object;) <BRIDGE>
MC,caller=LMain$P;.compareTo(Ljava/lang/Object;) <BRIDGE>,target=Main$P:94#compareTo:159
VW,context=Main$P:94#compareTo:159,t=Main$P:93
FR,context=Main$P:94,d
FR,context=Main$P:93,d
FR,context=Main$P:94,d
FR,context=Main$P:93,d
VW,context=Main$P:94#compareTo:159,result=1
ME,returner=Main$P:94#compareTo:159,value=1
ME,returner=LMain$P;.compareTo(Ljava/lang/Object;) <BRIDGE>,value=<void>
ME,returner=Ljava/util/PriorityQueue;.siftUpComparable(ILjava/lang/Object;),value=<void>
ME,returner=Ljava/util/PriorityQueue;.siftUp(ILjava/lang/Object;),value=<void>
ME,returner=Ljava/util/PriorityQueue;.siftUp(ILjava/lang/Object;),value=<void>
ME,returner=Ljava/util/PriorityQueue;.add(Ljava/lang/Object;),value=<void>
ME,returner=Main:1#a:108,value=<void>
FR,context=Main:1,n
FR,context=Main:1,q
FR,context=Main:1,q
VW,context=Main:1#d:9,p=Main$P:93
FR,context=Main$P:93,p
FR,context=Main$P:93,p
VW,context=Main:1#d:9,v=1
FR,context=Main:1,b
FR,context=Main:1,d
MC,caller=Main:1#d:9,target=Main$P:93#compareTo:160
VW,context=Main$P:93#compareTo:160,t=Main$P:93
FR,context=Main$P:93,d
FR,context=Main$P:93,d
FR,context=Main$P:93,p
VW,context=Main$P:93#compareTo:160,i=0
FR,context=Main$P:93,p
FR,context=Main$P:93,p
FR,context=Main$P:93,p
FR,context=Main$P:93,p
VW,context=Main$P:93#compareTo:160,i=1
FR,context=Main$P:93,p
FR,context=Main$P:93,p
FR,context=Main$P:93,p
FR,context=Main$P:93,p
VW,context=Main$P:93#compareTo:160,i=2
FR,context=Main$P:93,p
FR,context=Main$P:93,p
FR,context=Main$P:93,p
FR,context=Main$P:93,p
FR,context=Main$P:93,p
FR,context=Main$P:93,p
VW,context=Main$P:93#compareTo:160,result=0
ME,returner=Main$P:93#compareTo:160,value=0
FR,context=Main:1,n
MC,caller=Main:1#d:9,target=Main:1#a:109
VW,context=Main:1#a:109,p=Main$P:93
VW,context=Main:1#a:109,f=1
VW,context=Main:1#a:109,t=0
FR,context=Main:1,c
FR,context=Main:1,INF
FR,context=Main$P:93,d
FR,context=Main:1,c
FR,context=Main$P:93,p
FR,context=Main$P:93,p
NO,object=Main$P:95
MC,caller=Main:1#a:109,target=Main$P:95#Main$P:95
VW,context=Main$P:95#Main$P:95,a=3
NO,object=int[]:94
FW,context=int[]:94,0=0
FW,context=int[]:94,1=3
FW,context=int[]:94,2=1
FW,context=int[]:94,3=0
VW,context=Main$P:95#Main$P:95,b=int[]:94
FW,context=Main$P:95,d=3
FW,context=Main$P:95,p=int[]:94
ME,returner=Main$P:95#Main$P:95,value=<void>
VW,context=Main:1#a:109,np=Main$P:95
FR,context=Main$P:95,p
FR,context=Main$P:95,p
FR,context=Main:1,d
MC,caller=Main:1#a:109,target=Main$P:95#compareTo:161
VW,context=Main$P:95#compareTo:161,t=Main$P:1
FR,context=Main$P:95,d
FR,context=Main$P:1,d
FR,context=Main$P:95,d
FR,context=Main$P:1,d
VW,context=Main$P:95#compareTo:161,result=3
ME,returner=Main$P:95#compareTo:161,value=3
ME,returner=Main:1#a:109,value=<void>
FR,context=Main:1,n
MC,caller=Main:1#d:9,target=Main:1#a:110
VW,context=Main:1#a:110,p=Main$P:93
VW,context=Main:1#a:110,f=1
VW,context=Main:1#a:110,t=1
FR,context=Main:1,c
FR,context=Main:1,INF
ME,returner=Main:1#a:110,value=<void>
FR,context=Main:1,n
MC,caller=Main:1#d:9,target=Main:1#a:111
VW,context=Main:1#a:111,p=Main$P:93
VW,context=Main:1#a:111,f=1
VW,context=Main:1#a:111,t=2
FR,context=Main:1,c
FR,context=Main:1,INF
FR,context=Main$P:93,d
FR,context=Main:1,c
FR,context=Main$P:93,p
FR,context=Main$P:93,p
NO,object=Main$P:96
MC,caller=Main:1#a:111,target=Main$P:96#Main$P:96
VW,context=Main$P:96#Main$P:96,a=3
NO,object=int[]:95
FW,context=int[]:95,0=0
FW,context=int[]:95,1=3
FW,context=int[]:95,2=1
FW,context=int[]:95,3=0
VW,context=Main$P:96#Main$P:96,b=int[]:95
FW,context=Main$P:96,d=3
FW,context=Main$P:96,p=int[]:95
ME,returner=Main$P:96#Main$P:96,value=<void>
VW,context=Main:1#a:111,np=Main$P:96
FR,context=Main$P:96,p
FR,context=Main$P:96,p
FR,context=Main:1,d
MC,caller=Main:1#a:111,target=Main$P:96#compareTo:162
VW,context=Main$P:96#compareTo:162,t=null
VW,context=Main$P:96#compareTo:162,result=-1
ME,returner=Main$P:96#compareTo:162,value=-1
FR,context=Main:1,d
FR,context=Main:1,q
FR,context=Main:1,d
MC,caller=Main:1#a:111,target=Ljava/util/PriorityQueue;.add(Ljava/lang/Object;)
MC,caller=Ljava/util/PriorityQueue;.add(Ljava/lang/Object;),target=Ljava/util/PriorityQueue;.add(Ljava/lang/Object;)
MC,caller=Ljava/util/PriorityQueue;.add(Ljava/lang/Object;),target=Ljava/util/PriorityQueue;.offer(Ljava/lang/Object;)
MC,caller=Ljava/util/PriorityQueue;.offer(Ljava/lang/Object;),target=Ljava/util/PriorityQueue;.siftUp(ILjava/lang/Object;)
MC,caller=Ljava/util/PriorityQueue;.siftUp(ILjava/lang/Object;),target=Ljava/util/PriorityQueue;.siftUpComparable(ILjava/lang/Object;)
ME,returner=Ljava/util/PriorityQueue;.siftUpComparable(ILjava/lang/Object;),value=<void>
ME,returner=Ljava/util/PriorityQueue;.siftUp(ILjava/lang/Object;),value=<void>
ME,returner=Ljava/util/PriorityQueue;.offer(Ljava/lang/Object;),value=<void>
ME,returner=Ljava/util/PriorityQueue;.add(Ljava/lang/Object;),value=<void>
MC,caller=Ljava/util/PriorityQueue;.add(Ljava/lang/Object;),target=Ljava/util/PriorityQueue;.siftUp(ILjava/lang/Object;)
MC,caller=Ljava/util/PriorityQueue;.siftUp(ILjava/lang/Object;),target=Ljava/util/PriorityQueue;.siftUp(ILjava/lang/Object;)
MC,caller=Ljava/util/PriorityQueue;.siftUp(ILjava/lang/Object;),target=Ljava/util/PriorityQueue;.siftUpComparable(ILjava/lang/Object;)
MC,caller=Ljava/util/PriorityQueue;.siftUpComparable(ILjava/lang/Object;),target=LMain$P;.compareTo(Ljava/lang/Object;) <BRIDGE>
MC,caller=LMain$P;.compareTo(Ljava/lang/Object;) <BRIDGE>,target=Main$P:96#compareTo:163
VW,context=Main$P:96#compareTo:163,t=Main$P:94
FR,context=Main$P:96,d
FR,context=Main$P:94,d
FR,context=Main$P:96,p
VW,context=Main$P:96#compareTo:163,i=0
FR,context=Main$P:94,p
FR,context=Main$P:96,p
FR,context=Main$P:94,p
FR,context=Main$P:96,p
VW,context=Main$P:96#compareTo:163,i=1
FR,context=Main$P:94,p
FR,context=Main$P:96,p
FR,context=Main$P:94,p
FR,context=Main$P:96,p
VW,context=Main$P:96#compareTo:163,i=2
FR,context=Main$P:94,p
FR,context=Main$P:96,p
FR,context=Main$P:94,p
FR,context=Main$P:96,p
FR,context=Main$P:94,p
VW,context=Main$P:96#compareTo:163,result=-3
ME,returner=Main$P:96#compareTo:163,value=-3
ME,returner=LMain$P;.compareTo(Ljava/lang/Object;) <BRIDGE>,value=<void>
ME,returner=Ljava/util/PriorityQueue;.siftUpComparable(ILjava/lang/Object;),value=<void>
ME,returner=Ljava/util/PriorityQueue;.siftUp(ILjava/lang/Object;),value=<void>
ME,returner=Ljava/util/PriorityQueue;.siftUp(ILjava/lang/Object;),value=<void>
ME,returner=Ljava/util/PriorityQueue;.add(Ljava/lang/Object;),value=<void>
ME,returner=Main:1#a:111,value=<void>
FR,context=Main:1,n
MC,caller=Main:1#d:9,target=Main:1#a:112
VW,context=Main:1#a:112,p=Main$P:93
VW,context=Main:1#a:112,f=1
VW,context=Main:1#a:112,t=3
FR,context=Main:1,c
FR,context=Main:1,INF
FR,context=Main$P:93,d
FR,context=Main:1,c
FR,context=Main$P:93,p
FR,context=Main$P:93,p
NO,object=Main$P:97
MC,caller=Main:1#a:112,target=Main$P:97#Main$P:97
VW,context=Main$P:97#Main$P:97,a=4
NO,object=int[]:96
FW,context=int[]:96,0=0
FW,context=int[]:96,1=3
FW,context=int[]:96,2=1
FW,context=int[]:96,3=0
VW,context=Main$P:97#Main$P:97,b=int[]:96
FW,context=Main$P:97,d=4
FW,context=Main$P:97,p=int[]:96
ME,returner=Main$P:97#Main$P:97,value=<void>
VW,context=Main:1#a:112,np=Main$P:97
FR,context=Main$P:97,p
FR,context=Main$P:97,p
FR,context=Main:1,d
MC,caller=Main:1#a:112,target=Main$P:97#compareTo:164
VW,context=Main$P:97#compareTo:164,t=Main$P:91
FR,context=Main$P:97,d
FR,context=Main$P:91,d
FR,context=Main$P:97,d
FR,context=Main$P:91,d
VW,context=Main$P:97#compareTo:164,result=3
ME,returner=Main$P:97#compareTo:164,value=3
ME,returner=Main:1#a:112,value=<void>
FR,context=Main:1,n
MC,caller=Main:1#d:9,target=Main:1#a:113
VW,context=Main:1#a:113,p=Main$P:93
VW,context=Main:1#a:113,f=1
VW,context=Main:1#a:113,t=4
FR,context=Main:1,c
FR,context=Main:1,INF
FR,context=Main$P:93,d
FR,context=Main:1,c
FR,context=Main$P:93,p
FR,context=Main$P:93,p
NO,object=Main$P:98
MC,caller=Main:1#a:113,target=Main$P:98#Main$P:98
VW,context=Main$P:98#Main$P:98,a=4
NO,object=int[]:97
FW,context=int[]:97,0=0
FW,context=int[]:97,1=3
FW,context=int[]:97,2=1
FW,context=int[]:97,3=0
VW,context=Main$P:98#Main$P:98,b=int[]:97
FW,context=Main$P:98,d=4
FW,context=Main$P:98,p=int[]:97
ME,returner=Main$P:98#Main$P:98,value=<void>
VW,context=Main:1#a:113,np=Main$P:98
FR,context=Main$P:98,p
FR,context=Main$P:98,p
FR,context=Main:1,d
MC,caller=Main:1#a:113,target=Main$P:98#compareTo:165
VW,context=Main$P:98#compareTo:165,t=Main$P:94
FR,context=Main$P:98,d
FR,context=Main$P:94,d
FR,context=Main$P:98,d
FR,context=Main$P:94,d
VW,context=Main$P:98#compareTo:165,result=1
ME,returner=Main$P:98#compareTo:165,value=1
ME,returner=Main:1#a:113,value=<void>
FR,context=Main:1,n
FR,context=Main:1,q
FR,context=Main:1,q
VW,context=Main:1#d:9,p=Main$P:96
FR,context=Main$P:96,p
FR,context=Main$P:96,p
VW,context=Main:1#d:9,v=2
FR,context=Main:1,b
FR,context=Main:1,d
MC,caller=Main:1#d:9,target=Main$P:96#compareTo:166
VW,context=Main$P:96#compareTo:166,t=Main$P:96
FR,context=Main$P:96,d
FR,context=Main$P:96,d
FR,context=Main$P:96,p
VW,context=Main$P:96#compareTo:166,i=0
FR,context=Main$P:96,p
FR,context=Main$P:96,p
FR,context=Main$P:96,p
FR,context=Main$P:96,p
VW,context=Main$P:96#compareTo:166,i=1
FR,context=Main$P:96,p
FR,context=Main$P:96,p
FR,context=Main$P:96,p
FR,context=Main$P:96,p
VW,context=Main$P:96#compareTo:166,i=2
FR,context=Main$P:96,p
FR,context=Main$P:96,p
FR,context=Main$P:96,p
FR,context=Main$P:96,p
VW,context=Main$P:96#compareTo:166,i=3
FR,context=Main$P:96,p
FR,context=Main$P:96,p
FR,context=Main$P:96,p
FR,context=Main$P:96,p
FR,context=Main$P:96,p
FR,context=Main$P:96,p
VW,context=Main$P:96#compareTo:166,result=0
ME,returner=Main$P:96#compareTo:166,value=0
FR,context=Main:1,n
MC,caller=Main:1#d:9,target=Main:1#a:114
VW,context=Main:1#a:114,p=Main$P:96
VW,context=Main:1#a:114,f=2
VW,context=Main:1#a:114,t=0
FR,context=Main:1,c
FR,context=Main:1,INF
FR,context=Main$P:96,d
FR,context=Main:1,c
FR,context=Main$P:96,p
FR,context=Main$P:96,p
NO,object=Main$P:99
MC,caller=Main:1#a:114,target=Main$P:99#Main$P:99
VW,context=Main$P:99#Main$P:99,a=4
NO,object=int[]:98
FW,context=int[]:98,0=0
FW,context=int[]:98,1=3
FW,context=int[]:98,2=1
FW,context=int[]:98,3=2
FW,context=int[]:98,4=0
VW,context=Main$P:99#Main$P:99,b=int[]:98
FW,context=Main$P:99,d=4
FW,context=Main$P:99,p=int[]:98
ME,returner=Main$P:99#Main$P:99,value=<void>
VW,context=Main:1#a:114,np=Main$P:99
FR,context=Main$P:99,p
FR,context=Main$P:99,p
FR,context=Main:1,d
MC,caller=Main:1#a:114,target=Main$P:99#compareTo:167
VW,context=Main$P:99#compareTo:167,t=Main$P:1
FR,context=Main$P:99,d
FR,context=Main$P:1,d
FR,context=Main$P:99,d
FR,context=Main$P:1,d
VW,context=Main$P:99#compareTo:167,result=4
ME,returner=Main$P:99#compareTo:167,value=4
ME,returner=Main:1#a:114,value=<void>
FR,context=Main:1,n
MC,caller=Main:1#d:9,target=Main:1#a:115
VW,context=Main:1#a:115,p=Main$P:96
VW,context=Main:1#a:115,f=2
VW,context=Main:1#a:115,t=1
FR,context=Main:1,c
FR,context=Main:1,INF
FR,context=Main$P:96,d
FR,context=Main:1,c
FR,context=Main$P:96,p
FR,context=Main$P:96,p
NO,object=Main$P:100
MC,caller=Main:1#a:115,target=Main$P:100#Main$P:100
VW,context=Main$P:100#Main$P:100,a=5
NO,object=int[]:99
FW,context=int[]:99,0=0
FW,context=int[]:99,1=3
FW,context=int[]:99,2=1
FW,context=int[]:99,3=2
FW,context=int[]:99,4=0
VW,context=Main$P:100#Main$P:100,b=int[]:99
FW,context=Main$P:100,d=5
FW,context=Main$P:100,p=int[]:99
ME,returner=Main$P:100#Main$P:100,value=<void>
VW,context=Main:1#a:115,np=Main$P:100
FR,context=Main$P:100,p
FR,context=Main$P:100,p
FR,context=Main:1,d
MC,caller=Main:1#a:115,target=Main$P:100#compareTo:168
VW,context=Main$P:100#compareTo:168,t=Main$P:93
FR,context=Main$P:100,d
FR,context=Main$P:93,d
FR,context=Main$P:100,d
FR,context=Main$P:93,d
VW,context=Main$P:100#compareTo:168,result=3
ME,returner=Main$P:100#compareTo:168,value=3
ME,returner=Main:1#a:115,value=<void>
FR,context=Main:1,n
MC,caller=Main:1#d:9,target=Main:1#a:116
VW,context=Main:1#a:116,p=Main$P:96
VW,context=Main:1#a:116,f=2
VW,context=Main:1#a:116,t=2
FR,context=Main:1,c
FR,context=Main:1,INF
ME,returner=Main:1#a:116,value=<void>
FR,context=Main:1,n
MC,caller=Main:1#d:9,target=Main:1#a:117
VW,context=Main:1#a:117,p=Main$P:96
VW,context=Main:1#a:117,f=2
VW,context=Main:1#a:117,t=3
FR,context=Main:1,c
FR,context=Main:1,INF
FR,context=Main$P:96,d
FR,context=Main:1,c
FR,context=Main$P:96,p
FR,context=Main$P:96,p
NO,object=Main$P:101
MC,caller=Main:1#a:117,target=Main$P:101#Main$P:101
VW,context=Main$P:101#Main$P:101,a=4
NO,object=int[]:100
FW,context=int[]:100,0=0
FW,context=int[]:100,1=3
FW,context=int[]:100,2=1
FW,context=int[]:100,3=2
FW,context=int[]:100,4=0
VW,context=Main$P:101#Main$P:101,b=int[]:100
FW,context=Main$P:101,d=4
FW,context=Main$P:101,p=int[]:100
ME,returner=Main$P:101#Main$P:101,value=<void>
VW,context=Main:1#a:117,np=Main$P:101
FR,context=Main$P:101,p
FR,context=Main$P:101,p
FR,context=Main:1,d
MC,caller=Main:1#a:117,target=Main$P:101#compareTo:169
VW,context=Main$P:101#compareTo:169,t=Main$P:91
FR,context=Main$P:101,d
FR,context=Main$P:91,d
FR,context=Main$P:101,d
FR,context=Main$P:91,d
VW,context=Main$P:101#compareTo:169,result=3
ME,returner=Main$P:101#compareTo:169,value=3
ME,returner=Main:1#a:117,value=<void>
FR,context=Main:1,n
MC,caller=Main:1#d:9,target=Main:1#a:118
VW,context=Main:1#a:118,p=Main$P:96
VW,context=Main:1#a:118,f=2
VW,context=Main:1#a:118,t=4
FR,context=Main:1,c
FR,context=Main:1,INF
FR,context=Main$P:96,d
FR,context=Main:1,c
FR,context=Main$P:96,p
FR,context=Main$P:96,p
NO,object=Main$P:102
MC,caller=Main:1#a:118,target=Main$P:102#Main$P:102
VW,context=Main$P:102#Main$P:102,a=4
NO,object=int[]:101
FW,context=int[]:101,0=0
FW,context=int[]:101,1=3
FW,context=int[]:101,2=1
FW,context=int[]:101,3=2
FW,context=int[]:101,4=0
VW,context=Main$P:102#Main$P:102,b=int[]:101
FW,context=Main$P:102,d=4
FW,context=Main$P:102,p=int[]:101
ME,returner=Main$P:102#Main$P:102,value=<void>
VW,context=Main:1#a:118,np=Main$P:102
FR,context=Main$P:102,p
FR,context=Main$P:102,p
FR,context=Main:1,d
MC,caller=Main:1#a:118,target=Main$P:102#compareTo:170
VW,context=Main$P:102#compareTo:170,t=Main$P:94
FR,context=Main$P:102,d
FR,context=Main$P:94,d
FR,context=Main$P:102,d
FR,context=Main$P:94,d
VW,context=Main$P:102#compareTo:170,result=1
ME,returner=Main$P:102#compareTo:170,value=1
ME,returner=Main:1#a:118,value=<void>
FR,context=Main:1,n
FR,context=Main:1,q
FR,context=Main:1,q
VW,context=Main:1#d:9,p=Main$P:94
FR,context=Main$P:94,p
FR,context=Main$P:94,p
VW,context=Main:1#d:9,v=4
FR,context=Main:1,b
ME,returner=Main:1#d:9,value=<void>
FR,context=Main:1,d
FR,context=Main:1,b
FR,context=Main:1,d
FR,context=Main:1,b
FW,context=Main$P:94,s=java.util.BitSet (id=564)
FR,context=Main:1,d
FR,context=Main:1,b
FW,context=Main$P:94,x=2
FR,context=Main:1,kq
FR,context=Main:1,d
FR,context=Main:1,b
MC,caller=Main:1#kd:1,target=Ljava/util/PriorityQueue;.add(Ljava/lang/Object;)
MC,caller=Ljava/util/PriorityQueue;.add(Ljava/lang/Object;),target=Ljava/util/PriorityQueue;.add(Ljava/lang/Object;)
MC,caller=Ljava/util/PriorityQueue;.add(Ljava/lang/Object;),target=Ljava/util/PriorityQueue;.offer(Ljava/lang/Object;)
MC,caller=Ljava/util/PriorityQueue;.offer(Ljava/lang/Object;),target=Ljava/util/PriorityQueue;.siftUp(ILjava/lang/Object;)
MC,caller=Ljava/util/PriorityQueue;.siftUp(ILjava/lang/Object;),target=Ljava/util/PriorityQueue;.siftUpComparable(ILjava/lang/Object;)
ME,returner=Ljava/util/PriorityQueue;.siftUpComparable(ILjava/lang/Object;),value=<void>
ME,returner=Ljava/util/PriorityQueue;.siftUp(ILjava/lang/Object;),value=<void>
ME,returner=Ljava/util/PriorityQueue;.offer(Ljava/lang/Object;),value=<void>
ME,returner=Ljava/util/PriorityQueue;.add(Ljava/lang/Object;),value=<void>
MC,caller=Ljava/util/PriorityQueue;.add(Ljava/lang/Object;),target=Ljava/util/PriorityQueue;.siftUp(ILjava/lang/Object;)
MC,caller=Ljava/util/PriorityQueue;.siftUp(ILjava/lang/Object;),target=Ljava/util/PriorityQueue;.siftUp(ILjava/lang/Object;)
MC,caller=Ljava/util/PriorityQueue;.siftUp(ILjava/lang/Object;),target=Ljava/util/PriorityQueue;.siftUpComparable(ILjava/lang/Object;)
MC,caller=Ljava/util/PriorityQueue;.siftUpComparable(ILjava/lang/Object;),target=LMain$P;.compareTo(Ljava/lang/Object;) <BRIDGE>
MC,caller=LMain$P;.compareTo(Ljava/lang/Object;) <BRIDGE>,target=Main$P:94#compareTo:171
VW,context=Main$P:94#compareTo:171,t=Main$P:50
FR,context=Main$P:94,d
FR,context=Main$P:50,d
FR,context=Main$P:94,d
FR,context=Main$P:50,d
VW,context=Main$P:94#compareTo:171,result=-2
ME,returner=Main$P:94#compareTo:171,value=-2
MC,caller=LMain$P;.compareTo(Ljava/lang/Object;) <BRIDGE>,target=Main$P:94#compareTo:172
VW,context=Main$P:94#compareTo:172,t=Main$P:90
FR,context=Main$P:94,d
FR,context=Main$P:90,d
FR,context=Main$P:94,p
VW,context=Main$P:94#compareTo:172,i=0
FR,context=Main$P:90,p
FR,context=Main$P:94,p
FR,context=Main$P:90,p
FR,context=Main$P:94,p
VW,context=Main$P:94#compareTo:172,i=1
FR,context=Main$P:90,p
FR,context=Main$P:94,p
FR,context=Main$P:90,p
FR,context=Main$P:94,p
FR,context=Main$P:90,p
VW,context=Main$P:94#compareTo:172,result=-1
ME,returner=Main$P:94#compareTo:172,value=-1
ME,returner=LMain$P;.compareTo(Ljava/lang/Object;) <BRIDGE>,value=<void>
ME,returner=Ljava/util/PriorityQueue;.siftUpComparable(ILjava/lang/Object;),value=<void>
ME,returner=Ljava/util/PriorityQueue;.siftUp(ILjava/lang/Object;),value=<void>
ME,returner=Ljava/util/PriorityQueue;.siftUp(ILjava/lang/Object;),value=<void>
ME,returner=Ljava/util/PriorityQueue;.add(Ljava/lang/Object;),value=<void>
FR,context=Main$P:76,p
VW,context=Main:1#kd:1,j=3
FR,context=Main:1,n
VW,context=Main:1#kd:1,s=java.util.BitSet (id=589)
FR,context=Main$P:76,p
FR,context=Main$P:76,p
NO,object=int[]:102
FW,context=int[]:102,0=0
FW,context=int[]:102,1=3
FW,context=int[]:102,2=2
VW,context=Main:1#kd:1,op=int[]:102
FR,context=Main:1,c
FR,context=Main$P:76,p
FR,context=Main$P:76,p
VW,context=Main:1#kd:1,od=2
FR,context=Main:1,d
FR,context=Main:1,n
FR,context=Main:1,d
FR,context=Main$P:76,p
FR,context=Main:1,z
FR,context=Main:1,d
FR,context=Main$P:76,p
FR,context=Main:1,z
FR,context=Main$P:76,p
MC,caller=Main:1#kd:1,target=Main:1#d:10
VW,context=Main:1#d:10,s=java.util.BitSet (id=589)
VW,context=Main:1#d:10,a=2
VW,context=Main:1#d:10,od=2
VW,context=Main:1#d:10,op=int[]:102
FR,context=Main:1,q
FR,context=Main:1,d
NO,object=Main$P:103
MC,caller=Main:1#d:10,target=Main$P:103#Main$P:103
VW,context=Main$P:103#Main$P:103,a=2
VW,context=Main$P:103#Main$P:103,b=int[]:102
FW,context=Main$P:103,d=2
FW,context=Main$P:103,p=int[]:102
ME,returner=Main$P:103#Main$P:103,value=<void>
FR,context=Main:1,n
VW,context=Main:1#d:10,i=0
FR,context=Main:1,d
MC,caller=Main:1#d:10,target=Main:1#a:119
VW,context=Main:1#a:119,p=Main$P:103
VW,context=Main:1#a:119,f=2
VW,context=Main:1#a:119,t=0
FR,context=Main:1,c
FR,context=Main:1,INF
FR,context=Main$P:103,d
FR,context=Main:1,c
FR,context=Main$P:103,p
FR,context=Main$P:103,p
NO,object=Main$P:104
MC,caller=Main:1#a:119,target=Main$P:104#Main$P:104
VW,context=Main$P:104#Main$P:104,a=3
NO,object=int[]:103
FW,context=int[]:103,0=0
FW,context=int[]:103,1=3
FW,context=int[]:103,2=2
FW,context=int[]:103,3=0
VW,context=Main$P:104#Main$P:104,b=int[]:103
FW,context=Main$P:104,d=3
FW,context=Main$P:104,p=int[]:103
ME,returner=Main$P:104#Main$P:104,value=<void>
VW,context=Main:1#a:119,np=Main$P:104
FR,context=Main$P:104,p
FR,context=Main$P:104,p
FR,context=Main:1,d
MC,caller=Main:1#a:119,target=Main$P:104#compareTo:173
VW,context=Main$P:104#compareTo:173,t=Main$P:1
FR,context=Main$P:104,d
FR,context=Main$P:1,d
FR,context=Main$P:104,d
FR,context=Main$P:1,d
VW,context=Main$P:104#compareTo:173,result=3
ME,returner=Main$P:104#compareTo:173,value=3
ME,returner=Main:1#a:119,value=<void>
FR,context=Main:1,n
VW,context=Main:1#d:10,i=1
FR,context=Main:1,d
MC,caller=Main:1#d:10,target=Main:1#a:120
VW,context=Main:1#a:120,p=Main$P:103
VW,context=Main:1#a:120,f=2
VW,context=Main:1#a:120,t=1
FR,context=Main:1,c
FR,context=Main:1,INF
FR,context=Main$P:103,d
FR,context=Main:1,c
FR,context=Main$P:103,p
FR,context=Main$P:103,p
NO,object=Main$P:105
MC,caller=Main:1#a:120,target=Main$P:105#Main$P:105
VW,context=Main$P:105#Main$P:105,a=4
NO,object=int[]:104
FW,context=int[]:104,0=0
FW,context=int[]:104,1=3
FW,context=int[]:104,2=2
FW,context=int[]:104,3=0
VW,context=Main$P:105#Main$P:105,b=int[]:104
FW,context=Main$P:105,d=4
FW,context=Main$P:105,p=int[]:104
ME,returner=Main$P:105#Main$P:105,value=<void>
VW,context=Main:1#a:120,np=Main$P:105
FR,context=Main$P:105,p
FR,context=Main$P:105,p
FR,context=Main:1,d
MC,caller=Main:1#a:120,target=Main$P:105#compareTo:174
VW,context=Main$P:105#compareTo:174,t=null
VW,context=Main$P:105#compareTo:174,result=-1
ME,returner=Main$P:105#compareTo:174,value=-1
FR,context=Main:1,d
FR,context=Main:1,q
FR,context=Main:1,d
ME,returner=Main:1#a:120,value=<void>
FR,context=Main:1,n
VW,context=Main:1#d:10,i=2
FR,context=Main:1,d
MC,caller=Main:1#d:10,target=Main:1#a:121
VW,context=Main:1#a:121,p=Main$P:103
VW,context=Main:1#a:121,f=2
VW,context=Main:1#a:121,t=2
FR,context=Main:1,c
FR,context=Main:1,INF
ME,returner=Main:1#a:121,value=<void>
FR,context=Main:1,n
VW,context=Main:1#d:10,i=3
FR,context=Main:1,d
MC,caller=Main:1#d:10,target=Main:1#a:122
VW,context=Main:1#a:122,p=Main$P:103
VW,context=Main:1#a:122,f=2
VW,context=Main:1#a:122,t=3
FR,context=Main:1,c
FR,context=Main:1,INF
FR,context=Main$P:103,d
FR,context=Main:1,c
FR,context=Main$P:103,p
FR,context=Main$P:103,p
NO,object=Main$P:106
MC,caller=Main:1#a:122,target=Main$P:106#Main$P:106
VW,context=Main$P:106#Main$P:106,a=3
NO,object=int[]:105
FW,context=int[]:105,0=0
FW,context=int[]:105,1=3
FW,context=int[]:105,2=2
FW,context=int[]:105,3=0
VW,context=Main$P:106#Main$P:106,b=int[]:105
FW,context=Main$P:106,d=3
FW,context=Main$P:106,p=int[]:105
ME,returner=Main$P:106#Main$P:106,value=<void>
VW,context=Main:1#a:122,np=Main$P:106
FR,context=Main$P:106,p
FR,context=Main$P:106,p
FR,context=Main:1,d
MC,caller=Main:1#a:122,target=Main$P:106#compareTo:175
VW,context=Main$P:106#compareTo:175,t=Main$P:1
FR,context=Main$P:106,d
FR,context=Main$P:1,d
FR,context=Main$P:106,d
FR,context=Main$P:1,d
VW,context=Main$P:106#compareTo:175,result=3
ME,returner=Main$P:106#compareTo:175,value=3
ME,returner=Main:1#a:122,value=<void>
FR,context=Main:1,n
VW,context=Main:1#d:10,i=4
FR,context=Main:1,n
FR,context=Main:1,q
FR,context=Main:1,q
VW,context=Main:1#d:10,p=Main$P:105
FR,context=Main$P:105,p
FR,context=Main$P:105,p
VW,context=Main:1#d:10,v=1
FR,context=Main:1,b
FR,context=Main:1,d
MC,caller=Main:1#d:10,target=Main$P:105#compareTo:176
VW,context=Main$P:105#compareTo:176,t=Main$P:105
FR,context=Main$P:105,d
FR,context=Main$P:105,d
FR,context=Main$P:105,p
VW,context=Main$P:105#compareTo:176,i=0
FR,context=Main$P:105,p
FR,context=Main$P:105,p
FR,context=Main$P:105,p
FR,context=Main$P:105,p
VW,context=Main$P:105#compareTo:176,i=1
FR,context=Main$P:105,p
FR,context=Main$P:105,p
FR,context=Main$P:105,p
FR,context=Main$P:105,p
VW,context=Main$P:105#compareTo:176,i=2
FR,context=Main$P:105,p
FR,context=Main$P:105,p
FR,context=Main$P:105,p
FR,context=Main$P:105,p
VW,context=Main$P:105#compareTo:176,i=3
FR,context=Main$P:105,p
FR,context=Main$P:105,p
FR,context=Main$P:105,p
FR,context=Main$P:105,p
FR,context=Main$P:105,p
FR,context=Main$P:105,p
VW,context=Main$P:105#compareTo:176,result=0
ME,returner=Main$P:105#compareTo:176,value=0
FR,context=Main:1,n
MC,caller=Main:1#d:10,target=Main:1#a:123
VW,context=Main:1#a:123,p=Main$P:105
VW,context=Main:1#a:123,f=1
VW,context=Main:1#a:123,t=0
FR,context=Main:1,c
FR,context=Main:1,INF
FR,context=Main$P:105,d
FR,context=Main:1,c
FR,context=Main$P:105,p
FR,context=Main$P:105,p
NO,object=Main$P:107
MC,caller=Main:1#a:123,target=Main$P:107#Main$P:107
VW,context=Main$P:107#Main$P:107,a=5
NO,object=int[]:106
FW,context=int[]:106,0=0
FW,context=int[]:106,1=3
FW,context=int[]:106,2=2
FW,context=int[]:106,3=1
FW,context=int[]:106,4=0
VW,context=Main$P:107#Main$P:107,b=int[]:106
FW,context=Main$P:107,d=5
FW,context=Main$P:107,p=int[]:106
ME,returner=Main$P:107#Main$P:107,value=<void>
VW,context=Main:1#a:123,np=Main$P:107
FR,context=Main$P:107,p
FR,context=Main$P:107,p
FR,context=Main:1,d
MC,caller=Main:1#a:123,target=Main$P:107#compareTo:177
VW,context=Main$P:107#compareTo:177,t=Main$P:1
FR,context=Main$P:107,d
FR,context=Main$P:1,d
FR,context=Main$P:107,d
FR,context=Main$P:1,d
VW,context=Main$P:107#compareTo:177,result=5
ME,returner=Main$P:107#compareTo:177,value=5
ME,returner=Main:1#a:123,value=<void>
FR,context=Main:1,n
MC,caller=Main:1#d:10,target=Main:1#a:124
VW,context=Main:1#a:124,p=Main$P:105
VW,context=Main:1#a:124,f=1
VW,context=Main:1#a:124,t=1
FR,context=Main:1,c
FR,context=Main:1,INF
ME,returner=Main:1#a:124,value=<void>
FR,context=Main:1,n
MC,caller=Main:1#d:10,target=Main:1#a:125
VW,context=Main:1#a:125,p=Main$P:105
VW,context=Main:1#a:125,f=1
VW,context=Main:1#a:125,t=2
FR,context=Main:1,c
FR,context=Main:1,INF
FR,context=Main$P:105,d
FR,context=Main:1,c
FR,context=Main$P:105,p
FR,context=Main$P:105,p
NO,object=Main$P:108
MC,caller=Main:1#a:125,target=Main$P:108#Main$P:108
VW,context=Main$P:108#Main$P:108,a=5
NO,object=int[]:107
FW,context=int[]:107,0=0
FW,context=int[]:107,1=3
FW,context=int[]:107,2=2
FW,context=int[]:107,3=1
FW,context=int[]:107,4=0
VW,context=Main$P:108#Main$P:108,b=int[]:107
FW,context=Main$P:108,d=5
FW,context=Main$P:108,p=int[]:107
ME,returner=Main$P:108#Main$P:108,value=<void>
VW,context=Main:1#a:125,np=Main$P:108
FR,context=Main$P:108,p
FR,context=Main$P:108,p
FR,context=Main:1,d
MC,caller=Main:1#a:125,target=Main$P:108#compareTo:178
VW,context=Main$P:108#compareTo:178,t=Main$P:103
FR,context=Main$P:108,d
FR,context=Main$P:103,d
FR,context=Main$P:108,d
FR,context=Main$P:103,d
VW,context=Main$P:108#compareTo:178,result=3
ME,returner=Main$P:108#compareTo:178,value=3
ME,returner=Main:1#a:125,value=<void>
FR,context=Main:1,n
MC,caller=Main:1#d:10,target=Main:1#a:126
VW,context=Main:1#a:126,p=Main$P:105
VW,context=Main:1#a:126,f=1
VW,context=Main:1#a:126,t=3
FR,context=Main:1,c
FR,context=Main:1,INF
FR,context=Main$P:105,d
FR,context=Main:1,c
FR,context=Main$P:105,p
FR,context=Main$P:105,p
NO,object=Main$P:109
MC,caller=Main:1#a:126,target=Main$P:109#Main$P:109
VW,context=Main$P:109#Main$P:109,a=6
NO,object=int[]:108
FW,context=int[]:108,0=0
FW,context=int[]:108,1=3
FW,context=int[]:108,2=2
FW,context=int[]:108,3=1
FW,context=int[]:108,4=0
VW,context=Main$P:109#Main$P:109,b=int[]:108
FW,context=Main$P:109,d=6
FW,context=Main$P:109,p=int[]:108
ME,returner=Main$P:109#Main$P:109,value=<void>
VW,context=Main:1#a:126,np=Main$P:109
FR,context=Main$P:109,p
FR,context=Main$P:109,p
FR,context=Main:1,d
MC,caller=Main:1#a:126,target=Main$P:109#compareTo:179
VW,context=Main$P:109#compareTo:179,t=Main$P:1
FR,context=Main$P:109,d
FR,context=Main$P:1,d
FR,context=Main$P:109,d
FR,context=Main$P:1,d
VW,context=Main$P:109#compareTo:179,result=6
ME,returner=Main$P:109#compareTo:179,value=6
ME,returner=Main:1#a:126,value=<void>
FR,context=Main:1,n
MC,caller=Main:1#d:10,target=Main:1#a:127
VW,context=Main:1#a:127,p=Main$P:105
VW,context=Main:1#a:127,f=1
VW,context=Main:1#a:127,t=4
FR,context=Main:1,c
FR,context=Main:1,INF
FR,context=Main$P:105,d
FR,context=Main:1,c
FR,context=Main$P:105,p
FR,context=Main$P:105,p
NO,object=Main$P:110
MC,caller=Main:1#a:127,target=Main$P:110#Main$P:110
VW,context=Main$P:110#Main$P:110,a=6
NO,object=int[]:109
FW,context=int[]:109,0=0
FW,context=int[]:109,1=3
FW,context=int[]:109,2=2
FW,context=int[]:109,3=1
FW,context=int[]:109,4=0
VW,context=Main$P:110#Main$P:110,b=int[]:109
FW,context=Main$P:110,d=6
FW,context=Main$P:110,p=int[]:109
ME,returner=Main$P:110#Main$P:110,value=<void>
VW,context=Main:1#a:127,np=Main$P:110
FR,context=Main$P:110,p
FR,context=Main$P:110,p
FR,context=Main:1,d
MC,caller=Main:1#a:127,target=Main$P:110#compareTo:180
VW,context=Main$P:110#compareTo:180,t=null
VW,context=Main$P:110#compareTo:180,result=-1
ME,returner=Main$P:110#compareTo:180,value=-1
FR,context=Main:1,d
FR,context=Main:1,q
FR,context=Main:1,d
ME,returner=Main:1#a:127,value=<void>
FR,context=Main:1,n
FR,context=Main:1,q
FR,context=Main:1,q
VW,context=Main:1#d:10,p=Main$P:110
FR,context=Main$P:110,p
FR,context=Main$P:110,p
VW,context=Main:1#d:10,v=4
FR,context=Main:1,b
ME,returner=Main:1#d:10,value=<void>
FR,context=Main:1,d
FR,context=Main:1,b
FR,context=Main:1,d
FR,context=Main:1,b
FW,context=Main$P:110,s=java.util.BitSet (id=589)
FR,context=Main:1,d
FR,context=Main:1,b
FW,context=Main$P:110,x=3
FR,context=Main:1,kq
FR,context=Main:1,d
FR,context=Main:1,b
MC,caller=Main:1#kd:1,target=Ljava/util/PriorityQueue;.add(Ljava/lang/Object;)
MC,caller=Ljava/util/PriorityQueue;.add(Ljava/lang/Object;),target=Ljava/util/PriorityQueue;.add(Ljava/lang/Object;)
MC,caller=Ljava/util/PriorityQueue;.add(Ljava/lang/Object;),target=Ljava/util/PriorityQueue;.offer(Ljava/lang/Object;)
MC,caller=Ljava/util/PriorityQueue;.offer(Ljava/lang/Object;),target=Ljava/util/PriorityQueue;.siftUp(ILjava/lang/Object;)
MC,caller=Ljava/util/PriorityQueue;.siftUp(ILjava/lang/Object;),target=Ljava/util/PriorityQueue;.siftUpComparable(ILjava/lang/Object;)
ME,returner=Ljava/util/PriorityQueue;.siftUpComparable(ILjava/lang/Object;),value=<void>
ME,returner=Ljava/util/PriorityQueue;.siftUp(ILjava/lang/Object;),value=<void>
ME,returner=Ljava/util/PriorityQueue;.offer(Ljava/lang/Object;),value=<void>
ME,returner=Ljava/util/PriorityQueue;.add(Ljava/lang/Object;),value=<void>
MC,caller=Ljava/util/PriorityQueue;.add(Ljava/lang/Object;),target=Ljava/util/PriorityQueue;.siftUp(ILjava/lang/Object;)
MC,caller=Ljava/util/PriorityQueue;.siftUp(ILjava/lang/Object;),target=Ljava/util/PriorityQueue;.siftUp(ILjava/lang/Object;)
MC,caller=Ljava/util/PriorityQueue;.siftUp(ILjava/lang/Object;),target=Ljava/util/PriorityQueue;.siftUpComparable(ILjava/lang/Object;)
MC,caller=Ljava/util/PriorityQueue;.siftUpComparable(ILjava/lang/Object;),target=LMain$P;.compareTo(Ljava/lang/Object;) <BRIDGE>
MC,caller=LMain$P;.compareTo(Ljava/lang/Object;) <BRIDGE>,target=Main$P:110#compareTo:181
VW,context=Main$P:110#compareTo:181,t=Main$P:84
FR,context=Main$P:110,d
FR,context=Main$P:84,d
FR,context=Main$P:110,d
FR,context=Main$P:84,d
VW,context=Main$P:110#compareTo:181,result=1
ME,returner=Main$P:110#compareTo:181,value=1
ME,returner=LMain$P;.compareTo(Ljava/lang/Object;) <BRIDGE>,value=<void>
ME,returner=Ljava/util/PriorityQueue;.siftUpComparable(ILjava/lang/Object;),value=<void>
ME,returner=Ljava/util/PriorityQueue;.siftUp(ILjava/lang/Object;),value=<void>
ME,returner=Ljava/util/PriorityQueue;.siftUp(ILjava/lang/Object;),value=<void>
ME,returner=Ljava/util/PriorityQueue;.add(Ljava/lang/Object;),value=<void>
FR,context=Main$P:76,p
FR,context=Main:1,k
VW,context=Main:1#kd:1,i=5
FR,context=Main:1,kq
FR,context=Main:1,kq
MC,caller=Main:1#kd:1,target=Ljava/util/AbstractQueue;.remove()
MC,caller=Ljava/util/AbstractQueue;.remove(),target=Ljava/util/AbstractQueue;.remove()
MC,caller=Ljava/util/AbstractQueue;.remove(),target=Ljava/util/PriorityQueue;.poll()
MC,caller=Ljava/util/PriorityQueue;.poll(),target=Ljava/util/PriorityQueue;.siftDown(ILjava/lang/Object;)
MC,caller=Ljava/util/PriorityQueue;.siftDown(ILjava/lang/Object;),target=Ljava/util/PriorityQueue;.siftDownComparable(ILjava/lang/Object;)
ME,returner=Ljava/util/PriorityQueue;.siftDownComparable(ILjava/lang/Object;),value=<void>
ME,returner=Ljava/util/PriorityQueue;.siftDown(ILjava/lang/Object;),value=<void>
ME,returner=Ljava/util/PriorityQueue;.poll(),value=<void>
ME,returner=Ljava/util/AbstractQueue;.remove(),value=<void>
MC,caller=Ljava/util/AbstractQueue;.remove(),target=Ljava/util/PriorityQueue;.siftDown(ILjava/lang/Object;)
MC,caller=Ljava/util/PriorityQueue;.siftDown(ILjava/lang/Object;),target=Ljava/util/PriorityQueue;.siftDown(ILjava/lang/Object;)
MC,caller=Ljava/util/PriorityQueue;.siftDown(ILjava/lang/Object;),target=Ljava/util/PriorityQueue;.siftDownComparable(ILjava/lang/Object;)
MC,caller=Ljava/util/PriorityQueue;.siftDownComparable(ILjava/lang/Object;),target=LMain$P;.compareTo(Ljava/lang/Object;) <BRIDGE>
MC,caller=LMain$P;.compareTo(Ljava/lang/Object;) <BRIDGE>,target=Main$P:90#compareTo:182
VW,context=Main$P:90#compareTo:182,t=Main$P:84
FR,context=Main$P:90,d
FR,context=Main$P:84,d
FR,context=Main$P:90,d
FR,context=Main$P:84,d
VW,context=Main$P:90#compareTo:182,result=-2
ME,returner=Main$P:90#compareTo:182,value=-2
MC,caller=LMain$P;.compareTo(Ljava/lang/Object;) <BRIDGE>,target=Main$P:110#compareTo:183
VW,context=Main$P:110#compareTo:183,t=Main$P:90
FR,context=Main$P:110,d
FR,context=Main$P:90,d
FR,context=Main$P:110,d
FR,context=Main$P:90,d
VW,context=Main$P:110#compareTo:183,result=3
ME,returner=Main$P:110#compareTo:183,value=3
MC,caller=LMain$P;.compareTo(Ljava/lang/Object;) <BRIDGE>,target=Main$P:61#compareTo:184
VW,context=Main$P:61#compareTo:184,t=Main$P:50
FR,context=Main$P:61,d
FR,context=Main$P:50,d
FR,context=Main$P:61,p
VW,context=Main$P:61#compareTo:184,i=0
FR,context=Main$P:50,p
FR,context=Main$P:61,p
FR,context=Main$P:50,p
FR,context=Main$P:61,p
VW,context=Main$P:61#compareTo:184,i=1
FR,context=Main$P:50,p
FR,context=Main$P:61,p
FR,context=Main$P:50,p
FR,context=Main$P:61,p
VW,context=Main$P:61#compareTo:184,i=2
FR,context=Main$P:50,p
FR,context=Main$P:61,p
FR,context=Main$P:50,p
FR,context=Main$P:61,p
FR,context=Main$P:50,p
VW,context=Main$P:61#compareTo:184,result=1
ME,returner=Main$P:61#compareTo:184,value=1
MC,caller=LMain$P;.compareTo(Ljava/lang/Object;) <BRIDGE>,target=Main$P:110#compareTo:185
VW,context=Main$P:110#compareTo:185,t=Main$P:50
FR,context=Main$P:110,d
FR,context=Main$P:50,d
FR,context=Main$P:110,d
FR,context=Main$P:50,d
VW,context=Main$P:110#compareTo:185,result=1
ME,returner=Main$P:110#compareTo:185,value=1
ME,returner=LMain$P;.compareTo(Ljava/lang/Object;) <BRIDGE>,value=<void>
ME,returner=Ljava/util/PriorityQueue;.siftDownComparable(ILjava/lang/Object;),value=<void>
ME,returner=Ljava/util/PriorityQueue;.siftDown(ILjava/lang/Object;),value=<void>
ME,returner=Ljava/util/PriorityQueue;.siftDown(ILjava/lang/Object;),value=<void>
ME,returner=Ljava/util/AbstractQueue;.remove(),value=<void>
VW,context=Main:1#kd:1,p=Main$P:94
FR,context=Main$P:94,s
FR,context=Main:1,n
VW,context=Main:1#kd:1,s=java.util.BitSet (id=606)
FR,context=Main$P:94,p
FR,context=Main$P:94,x
FR,context=Main$P:94,p
FR,context=Main$P:94,x
NO,object=int[]:110
FW,context=int[]:110,0=0
FW,context=int[]:110,1=3
VW,context=Main:1#kd:1,op=int[]:110
VW,context=Main:1#kd:1,od=0
FR,context=Main:1,d
FR,context=Main:1,n
FR,context=Main$P:94,x
FR,context=Main:1,c
FR,context=Main$P:94,p
FR,context=Main$P:94,p
VW,context=Main:1#kd:1,od=1
FR,context=Main:1,d
FR,context=Main$P:94,p
FR,context=Main:1,z
FR,context=Main$P:94,x
FR,context=Main$P:94,p
FR,context=Main$P:94,x
MC,caller=Main:1#kd:1,target=Main:1#d:11
VW,context=Main:1#d:11,s=java.util.BitSet (id=606)
VW,context=Main:1#d:11,a=3
VW,context=Main:1#d:11,od=1
VW,context=Main:1#d:11,op=int[]:110
FR,context=Main:1,q
FR,context=Main:1,d
NO,object=Main$P:111
MC,caller=Main:1#d:11,target=Main$P:111#Main$P:111
VW,context=Main$P:111#Main$P:111,a=1
VW,context=Main$P:111#Main$P:111,b=int[]:110
FW,context=Main$P:111,d=1
FW,context=Main$P:111,p=int[]:110
ME,returner=Main$P:111#Main$P:111,value=<void>
FR,context=Main:1,n
VW,context=Main:1#d:11,i=0
FR,context=Main:1,d
MC,caller=Main:1#d:11,target=Main:1#a:128
VW,context=Main:1#a:128,p=Main$P:111
VW,context=Main:1#a:128,f=3
VW,context=Main:1#a:128,t=0
FR,context=Main:1,c
FR,context=Main:1,INF
FR,context=Main$P:111,d
FR,context=Main:1,c
FR,context=Main$P:111,p
FR,context=Main$P:111,p
NO,object=Main$P:112
MC,caller=Main:1#a:128,target=Main$P:112#Main$P:112
VW,context=Main$P:112#Main$P:112,a=2
NO,object=int[]:111
FW,context=int[]:111,0=0
FW,context=int[]:111,1=3
FW,context=int[]:111,2=0
VW,context=Main$P:112#Main$P:112,b=int[]:111
FW,context=Main$P:112,d=2
FW,context=Main$P:112,p=int[]:111
ME,returner=Main$P:112#Main$P:112,value=<void>
VW,context=Main:1#a:128,np=Main$P:112
FR,context=Main$P:112,p
FR,context=Main$P:112,p
FR,context=Main:1,d
MC,caller=Main:1#a:128,target=Main$P:112#compareTo:186
VW,context=Main$P:112#compareTo:186,t=Main$P:1
FR,context=Main$P:112,d
FR,context=Main$P:1,d
FR,context=Main$P:112,d
FR,context=Main$P:1,d
VW,context=Main$P:112#compareTo:186,result=2
ME,returner=Main$P:112#compareTo:186,value=2
ME,returner=Main:1#a:128,value=<void>
FR,context=Main:1,n
VW,context=Main:1#d:11,i=1
FR,context=Main:1,d
MC,caller=Main:1#d:11,target=Main:1#a:129
VW,context=Main:1#a:129,p=Main$P:111
VW,context=Main:1#a:129,f=3
VW,context=Main:1#a:129,t=1
FR,context=Main:1,c
FR,context=Main:1,INF
FR,context=Main$P:111,d
FR,context=Main:1,c
FR,context=Main$P:111,p
FR,context=Main$P:111,p
NO,object=Main$P:113
MC,caller=Main:1#a:129,target=Main$P:113#Main$P:113
VW,context=Main$P:113#Main$P:113,a=2
NO,object=int[]:112
FW,context=int[]:112,0=0
FW,context=int[]:112,1=3
FW,context=int[]:112,2=0
VW,context=Main$P:113#Main$P:113,b=int[]:112
FW,context=Main$P:113,d=2
FW,context=Main$P:113,p=int[]:112
ME,returner=Main$P:113#Main$P:113,value=<void>
VW,context=Main:1#a:129,np=Main$P:113
FR,context=Main$P:113,p
FR,context=Main$P:113,p
FR,context=Main:1,d
MC,caller=Main:1#a:129,target=Main$P:113#compareTo:187
VW,context=Main$P:113#compareTo:187,t=null
VW,context=Main$P:113#compareTo:187,result=-1
ME,returner=Main$P:113#compareTo:187,value=-1
FR,context=Main:1,d
FR,context=Main:1,q
FR,context=Main:1,d
ME,returner=Main:1#a:129,value=<void>
FR,context=Main:1,n
VW,context=Main:1#d:11,i=2
FR,context=Main:1,n
VW,context=Main:1#d:11,i=3
FR,context=Main:1,d
MC,caller=Main:1#d:11,target=Main:1#a:130
VW,context=Main:1#a:130,p=Main$P:111
VW,context=Main:1#a:130,f=3
VW,context=Main:1#a:130,t=3
FR,context=Main:1,c
FR,context=Main:1,INF
ME,returner=Main:1#a:130,value=<void>
FR,context=Main:1,n
VW,context=Main:1#d:11,i=4
FR,context=Main:1,n
FR,context=Main:1,q
FR,context=Main:1,q
VW,context=Main:1#d:11,p=Main$P:113
FR,context=Main$P:113,p
FR,context=Main$P:113,p
VW,context=Main:1#d:11,v=1
FR,context=Main:1,b
FR,context=Main:1,d
MC,caller=Main:1#d:11,target=Main$P:113#compareTo:188
VW,context=Main$P:113#compareTo:188,t=Main$P:113
FR,context=Main$P:113,d
FR,context=Main$P:113,d
FR,context=Main$P:113,p
VW,context=Main$P:113#compareTo:188,i=0
FR,context=Main$P:113,p
FR,context=Main$P:113,p
FR,context=Main$P:113,p
FR,context=Main$P:113,p
VW,context=Main$P:113#compareTo:188,i=1
FR,context=Main$P:113,p
FR,context=Main$P:113,p
FR,context=Main$P:113,p
FR,context=Main$P:113,p
VW,context=Main$P:113#compareTo:188,i=2
FR,context=Main$P:113,p
FR,context=Main$P:113,p
FR,context=Main$P:113,p
FR,context=Main$P:113,p
FR,context=Main$P:113,p
FR,context=Main$P:113,p
VW,context=Main$P:113#compareTo:188,result=0
ME,returner=Main$P:113#compareTo:188,value=0
FR,context=Main:1,n
MC,caller=Main:1#d:11,target=Main:1#a:131
VW,context=Main:1#a:131,p=Main$P:113
VW,context=Main:1#a:131,f=1
VW,context=Main:1#a:131,t=0
FR,context=Main:1,c
FR,context=Main:1,INF
FR,context=Main$P:113,d
FR,context=Main:1,c
FR,context=Main$P:113,p
FR,context=Main$P:113,p
NO,object=Main$P:114
MC,caller=Main:1#a:131,target=Main$P:114#Main$P:114
VW,context=Main$P:114#Main$P:114,a=3
NO,object=int[]:113
FW,context=int[]:113,0=0
FW,context=int[]:113,1=3
FW,context=int[]:113,2=1
FW,context=int[]:113,3=0
VW,context=Main$P:114#Main$P:114,b=int[]:113
FW,context=Main$P:114,d=3
FW,context=Main$P:114,p=int[]:113
ME,returner=Main$P:114#Main$P:114,value=<void>
VW,context=Main:1#a:131,np=Main$P:114
FR,context=Main$P:114,p
FR,context=Main$P:114,p
FR,context=Main:1,d
MC,caller=Main:1#a:131,target=Main$P:114#compareTo:189
VW,context=Main$P:114#compareTo:189,t=Main$P:1
FR,context=Main$P:114,d
FR,context=Main$P:1,d
FR,context=Main$P:114,d
FR,context=Main$P:1,d
VW,context=Main$P:114#compareTo:189,result=3
ME,returner=Main$P:114#compareTo:189,value=3
ME,returner=Main:1#a:131,value=<void>
FR,context=Main:1,n
MC,caller=Main:1#d:11,target=Main:1#a:132
VW,context=Main:1#a:132,p=Main$P:113
VW,context=Main:1#a:132,f=1
VW,context=Main:1#a:132,t=1
FR,context=Main:1,c
FR,context=Main:1,INF
ME,returner=Main:1#a:132,value=<void>
FR,context=Main:1,n
MC,caller=Main:1#d:11,target=Main:1#a:133
VW,context=Main:1#a:133,p=Main$P:113
VW,context=Main:1#a:133,f=1
VW,context=Main:1#a:133,t=2
FR,context=Main:1,c
FR,context=Main:1,INF
FR,context=Main$P:113,d
FR,context=Main:1,c
FR,context=Main$P:113,p
FR,context=Main$P:113,p
NO,object=Main$P:115
MC,caller=Main:1#a:133,target=Main$P:115#Main$P:115
VW,context=Main$P:115#Main$P:115,a=3
NO,object=int[]:114
FW,context=int[]:114,0=0
FW,context=int[]:114,1=3
FW,context=int[]:114,2=1
FW,context=int[]:114,3=0
VW,context=Main$P:115#Main$P:115,b=int[]:114
FW,context=Main$P:115,d=3
FW,context=Main$P:115,p=int[]:114
ME,returner=Main$P:115#Main$P:115,value=<void>
VW,context=Main:1#a:133,np=Main$P:115
FR,context=Main$P:115,p
FR,context=Main$P:115,p
FR,context=Main:1,d
MC,caller=Main:1#a:133,target=Main$P:115#compareTo:190
VW,context=Main$P:115#compareTo:190,t=null
VW,context=Main$P:115#compareTo:190,result=-1
ME,returner=Main$P:115#compareTo:190,value=-1
FR,context=Main:1,d
FR,context=Main:1,q
FR,context=Main:1,d
ME,returner=Main:1#a:133,value=<void>
FR,context=Main:1,n
MC,caller=Main:1#d:11,target=Main:1#a:134
VW,context=Main:1#a:134,p=Main$P:113
VW,context=Main:1#a:134,f=1
VW,context=Main:1#a:134,t=3
FR,context=Main:1,c
FR,context=Main:1,INF
FR,context=Main$P:113,d
FR,context=Main:1,c
FR,context=Main$P:113,p
FR,context=Main$P:113,p
NO,object=Main$P:116
MC,caller=Main:1#a:134,target=Main$P:116#Main$P:116
VW,context=Main$P:116#Main$P:116,a=4
NO,object=int[]:115
FW,context=int[]:115,0=0
FW,context=int[]:115,1=3
FW,context=int[]:115,2=1
FW,context=int[]:115,3=0
VW,context=Main$P:116#Main$P:116,b=int[]:115
FW,context=Main$P:116,d=4
FW,context=Main$P:116,p=int[]:115
ME,returner=Main$P:116#Main$P:116,value=<void>
VW,context=Main:1#a:134,np=Main$P:116
FR,context=Main$P:116,p
FR,context=Main$P:116,p
FR,context=Main:1,d
MC,caller=Main:1#a:134,target=Main$P:116#compareTo:191
VW,context=Main$P:116#compareTo:191,t=Main$P:111
FR,context=Main$P:116,d
FR,context=Main$P:111,d
FR,context=Main$P:116,d
FR,context=Main$P:111,d
VW,context=Main$P:116#compareTo:191,result=3
ME,returner=Main$P:116#compareTo:191,value=3
ME,returner=Main:1#a:134,value=<void>
FR,context=Main:1,n
MC,caller=Main:1#d:11,target=Main:1#a:135
VW,context=Main:1#a:135,p=Main$P:113
VW,context=Main:1#a:135,f=1
VW,context=Main:1#a:135,t=4
FR,context=Main:1,c
FR,context=Main:1,INF
FR,context=Main$P:113,d
FR,context=Main:1,c
FR,context=Main$P:113,p
FR,context=Main$P:113,p
NO,object=Main$P:117
MC,caller=Main:1#a:135,target=Main$P:117#Main$P:117
VW,context=Main$P:117#Main$P:117,a=4
NO,object=int[]:116
FW,context=int[]:116,0=0
FW,context=int[]:116,1=3
FW,context=int[]:116,2=1
FW,context=int[]:116,3=0
VW,context=Main$P:117#Main$P:117,b=int[]:116
FW,context=Main$P:117,d=4
FW,context=Main$P:117,p=int[]:116
ME,returner=Main$P:117#Main$P:117,value=<void>
VW,context=Main:1#a:135,np=Main$P:117
FR,context=Main$P:117,p
FR,context=Main$P:117,p
FR,context=Main:1,d
MC,caller=Main:1#a:135,target=Main$P:117#compareTo:192
VW,context=Main$P:117#compareTo:192,t=null
VW,context=Main$P:117#compareTo:192,result=-1
ME,returner=Main$P:117#compareTo:192,value=-1
FR,context=Main:1,d
FR,context=Main:1,q
FR,context=Main:1,d
MC,caller=Main:1#a:135,target=Ljava/util/PriorityQueue;.add(Ljava/lang/Object;)
MC,caller=Ljava/util/PriorityQueue;.add(Ljava/lang/Object;),target=Ljava/util/PriorityQueue;.add(Ljava/lang/Object;)
MC,caller=Ljava/util/PriorityQueue;.add(Ljava/lang/Object;),target=Ljava/util/PriorityQueue;.offer(Ljava/lang/Object;)
MC,caller=Ljava/util/PriorityQueue;.offer(Ljava/lang/Object;),target=Ljava/util/PriorityQueue;.siftUp(ILjava/lang/Object;)
MC,caller=Ljava/util/PriorityQueue;.siftUp(ILjava/lang/Object;),target=Ljava/util/PriorityQueue;.siftUpComparable(ILjava/lang/Object;)
ME,returner=Ljava/util/PriorityQueue;.siftUpComparable(ILjava/lang/Object;),value=<void>
ME,returner=Ljava/util/PriorityQueue;.siftUp(ILjava/lang/Object;),value=<void>
ME,returner=Ljava/util/PriorityQueue;.offer(Ljava/lang/Object;),value=<void>
ME,returner=Ljava/util/PriorityQueue;.add(Ljava/lang/Object;),value=<void>
MC,caller=Ljava/util/PriorityQueue;.add(Ljava/lang/Object;),target=Ljava/util/PriorityQueue;.siftUp(ILjava/lang/Object;)
MC,caller=Ljava/util/PriorityQueue;.siftUp(ILjava/lang/Object;),target=Ljava/util/PriorityQueue;.siftUp(ILjava/lang/Object;)
MC,caller=Ljava/util/PriorityQueue;.siftUp(ILjava/lang/Object;),target=Ljava/util/PriorityQueue;.siftUpComparable(ILjava/lang/Object;)
MC,caller=Ljava/util/PriorityQueue;.siftUpComparable(ILjava/lang/Object;),target=LMain$P;.compareTo(Ljava/lang/Object;) <BRIDGE>
MC,caller=LMain$P;.compareTo(Ljava/lang/Object;) <BRIDGE>,target=Main$P:117#compareTo:193
VW,context=Main$P:117#compareTo:193,t=Main$P:115
FR,context=Main$P:117,d
FR,context=Main$P:115,d
FR,context=Main$P:117,d
FR,context=Main$P:115,d
VW,context=Main$P:117#compareTo:193,result=1
ME,returner=Main$P:117#compareTo:193,value=1
ME,returner=LMain$P;.compareTo(Ljava/lang/Object;) <BRIDGE>,value=<void>
ME,returner=Ljava/util/PriorityQueue;.siftUpComparable(ILjava/lang/Object;),value=<void>
ME,returner=Ljava/util/PriorityQueue;.siftUp(ILjava/lang/Object;),value=<void>
ME,returner=Ljava/util/PriorityQueue;.siftUp(ILjava/lang/Object;),value=<void>
ME,returner=Ljava/util/PriorityQueue;.add(Ljava/lang/Object;),value=<void>
ME,returner=Main:1#a:135,value=<void>
FR,context=Main:1,n
FR,context=Main:1,q
FR,context=Main:1,q
VW,context=Main:1#d:11,p=Main$P:115
FR,context=Main$P:115,p
FR,context=Main$P:115,p
VW,context=Main:1#d:11,v=2
FR,context=Main:1,b
FR,context=Main:1,d
MC,caller=Main:1#d:11,target=Main$P:115#compareTo:194
VW,context=Main$P:115#compareTo:194,t=Main$P:115
FR,context=Main$P:115,d
FR,context=Main$P:115,d
FR,context=Main$P:115,p
VW,context=Main$P:115#compareTo:194,i=0
FR,context=Main$P:115,p
FR,context=Main$P:115,p
FR,context=Main$P:115,p
FR,context=Main$P:115,p
VW,context=Main$P:115#compareTo:194,i=1
FR,context=Main$P:115,p
FR,context=Main$P:115,p
FR,context=Main$P:115,p
FR,context=Main$P:115,p
VW,context=Main$P:115#compareTo:194,i=2
FR,context=Main$P:115,p
FR,context=Main$P:115,p
FR,context=Main$P:115,p
FR,context=Main$P:115,p
VW,context=Main$P:115#compareTo:194,i=3
FR,context=Main$P:115,p
FR,context=Main$P:115,p
FR,context=Main$P:115,p
FR,context=Main$P:115,p
FR,context=Main$P:115,p
FR,context=Main$P:115,p
VW,context=Main$P:115#compareTo:194,result=0
ME,returner=Main$P:115#compareTo:194,value=0
FR,context=Main:1,n
MC,caller=Main:1#d:11,target=Main:1#a:136
VW,context=Main:1#a:136,p=Main$P:115
VW,context=Main:1#a:136,f=2
VW,context=Main:1#a:136,t=0
FR,context=Main:1,c
FR,context=Main:1,INF
FR,context=Main$P:115,d
FR,context=Main:1,c
FR,context=Main$P:115,p
FR,context=Main$P:115,p
NO,object=Main$P:118
MC,caller=Main:1#a:136,target=Main$P:118#Main$P:118
VW,context=Main$P:118#Main$P:118,a=4
NO,object=int[]:117
FW,context=int[]:117,0=0
FW,context=int[]:117,1=3
FW,context=int[]:117,2=1
FW,context=int[]:117,3=2
FW,context=int[]:117,4=0
VW,context=Main$P:118#Main$P:118,b=int[]:117
FW,context=Main$P:118,d=4
FW,context=Main$P:118,p=int[]:117
ME,returner=Main$P:118#Main$P:118,value=<void>
VW,context=Main:1#a:136,np=Main$P:118
FR,context=Main$P:118,p
FR,context=Main$P:118,p
FR,context=Main:1,d
MC,caller=Main:1#a:136,target=Main$P:118#compareTo:195
VW,context=Main$P:118#compareTo:195,t=Main$P:1
FR,context=Main$P:118,d
FR,context=Main$P:1,d
FR,context=Main$P:118,d
FR,context=Main$P:1,d
VW,context=Main$P:118#compareTo:195,result=4
ME,returner=Main$P:118#compareTo:195,value=4
ME,returner=Main:1#a:136,value=<void>
FR,context=Main:1,n
MC,caller=Main:1#d:11,target=Main:1#a:137
VW,context=Main:1#a:137,p=Main$P:115
VW,context=Main:1#a:137,f=2
VW,context=Main:1#a:137,t=1
FR,context=Main:1,c
FR,context=Main:1,INF
FR,context=Main$P:115,d
FR,context=Main:1,c
FR,context=Main$P:115,p
FR,context=Main$P:115,p
NO,object=Main$P:119
MC,caller=Main:1#a:137,target=Main$P:119#Main$P:119
VW,context=Main$P:119#Main$P:119,a=5
NO,object=int[]:118
FW,context=int[]:118,0=0
FW,context=int[]:118,1=3
FW,context=int[]:118,2=1
FW,context=int[]:118,3=2
FW,context=int[]:118,4=0
VW,context=Main$P:119#Main$P:119,b=int[]:118
FW,context=Main$P:119,d=5
FW,context=Main$P:119,p=int[]:118
ME,returner=Main$P:119#Main$P:119,value=<void>
VW,context=Main:1#a:137,np=Main$P:119
FR,context=Main$P:119,p
FR,context=Main$P:119,p
FR,context=Main:1,d
MC,caller=Main:1#a:137,target=Main$P:119#compareTo:196
VW,context=Main$P:119#compareTo:196,t=Main$P:113
FR,context=Main$P:119,d
FR,context=Main$P:113,d
FR,context=Main$P:119,d
FR,context=Main$P:113,d
VW,context=Main$P:119#compareTo:196,result=3
ME,returner=Main$P:119#compareTo:196,value=3
ME,returner=Main:1#a:137,value=<void>
FR,context=Main:1,n
MC,caller=Main:1#d:11,target=Main:1#a:138
VW,context=Main:1#a:138,p=Main$P:115
VW,context=Main:1#a:138,f=2
VW,context=Main:1#a:138,t=2
FR,context=Main:1,c
FR,context=Main:1,INF
ME,returner=Main:1#a:138,value=<void>
FR,context=Main:1,n
MC,caller=Main:1#d:11,target=Main:1#a:139
VW,context=Main:1#a:139,p=Main$P:115
VW,context=Main:1#a:139,f=2
VW,context=Main:1#a:139,t=3
FR,context=Main:1,c
FR,context=Main:1,INF
FR,context=Main$P:115,d
FR,context=Main:1,c
FR,context=Main$P:115,p
FR,context=Main$P:115,p
NO,object=Main$P:120
MC,caller=Main:1#a:139,target=Main$P:120#Main$P:120
VW,context=Main$P:120#Main$P:120,a=4
NO,object=int[]:119
FW,context=int[]:119,0=0
FW,context=int[]:119,1=3
FW,context=int[]:119,2=1
FW,context=int[]:119,3=2
FW,context=int[]:119,4=0
VW,context=Main$P:120#Main$P:120,b=int[]:119
FW,context=Main$P:120,d=4
FW,context=Main$P:120,p=int[]:119
ME,returner=Main$P:120#Main$P:120,value=<void>
VW,context=Main:1#a:139,np=Main$P:120
FR,context=Main$P:120,p
FR,context=Main$P:120,p
FR,context=Main:1,d
MC,caller=Main:1#a:139,target=Main$P:120#compareTo:197
VW,context=Main$P:120#compareTo:197,t=Main$P:111
FR,context=Main$P:120,d
FR,context=Main$P:111,d
FR,context=Main$P:120,d
FR,context=Main$P:111,d
VW,context=Main$P:120#compareTo:197,result=3
ME,returner=Main$P:120#compareTo:197,value=3
ME,returner=Main:1#a:139,value=<void>
FR,context=Main:1,n
MC,caller=Main:1#d:11,target=Main:1#a:140
VW,context=Main:1#a:140,p=Main$P:115
VW,context=Main:1#a:140,f=2
VW,context=Main:1#a:140,t=4
FR,context=Main:1,c
FR,context=Main:1,INF
FR,context=Main$P:115,d
FR,context=Main:1,c
FR,context=Main$P:115,p
FR,context=Main$P:115,p
NO,object=Main$P:121
MC,caller=Main:1#a:140,target=Main$P:121#Main$P:121
VW,context=Main$P:121#Main$P:121,a=4
NO,object=int[]:120
FW,context=int[]:120,0=0
FW,context=int[]:120,1=3
FW,context=int[]:120,2=1
FW,context=int[]:120,3=2
FW,context=int[]:120,4=0
VW,context=Main$P:121#Main$P:121,b=int[]:120
FW,context=Main$P:121,d=4
FW,context=Main$P:121,p=int[]:120
ME,returner=Main$P:121#Main$P:121,value=<void>
VW,context=Main:1#a:140,np=Main$P:121
FR,context=Main$P:121,p
FR,context=Main$P:121,p
FR,context=Main:1,d
MC,caller=Main:1#a:140,target=Main$P:121#compareTo:198
VW,context=Main$P:121#compareTo:198,t=Main$P:117
FR,context=Main$P:121,d
FR,context=Main$P:117,d
FR,context=Main$P:121,p
VW,context=Main$P:121#compareTo:198,i=0
FR,context=Main$P:117,p
FR,context=Main$P:121,p
FR,context=Main$P:117,p
FR,context=Main$P:121,p
VW,context=Main$P:121#compareTo:198,i=1
FR,context=Main$P:117,p
FR,context=Main$P:121,p
FR,context=Main$P:117,p
FR,context=Main$P:121,p
VW,context=Main$P:121#compareTo:198,i=2
FR,context=Main$P:117,p
FR,context=Main$P:121,p
FR,context=Main$P:117,p
FR,context=Main$P:121,p
VW,context=Main$P:121#compareTo:198,i=3
FR,context=Main$P:117,p
FR,context=Main$P:121,p
FR,context=Main$P:117,p
FR,context=Main$P:121,p
FR,context=Main$P:117,p
VW,context=Main$P:121#compareTo:198,result=-2
ME,returner=Main$P:121#compareTo:198,value=-2
FR,context=Main:1,d
FR,context=Main:1,q
FR,context=Main:1,d
MC,caller=Main:1#a:140,target=Ljava/util/PriorityQueue;.add(Ljava/lang/Object;)
MC,caller=Ljava/util/PriorityQueue;.add(Ljava/lang/Object;),target=Ljava/util/PriorityQueue;.add(Ljava/lang/Object;)
MC,caller=Ljava/util/PriorityQueue;.add(Ljava/lang/Object;),target=Ljava/util/PriorityQueue;.offer(Ljava/lang/Object;)
MC,caller=Ljava/util/PriorityQueue;.offer(Ljava/lang/Object;),target=Ljava/util/PriorityQueue;.siftUp(ILjava/lang/Object;)
MC,caller=Ljava/util/PriorityQueue;.siftUp(ILjava/lang/Object;),target=Ljava/util/PriorityQueue;.siftUpComparable(ILjava/lang/Object;)
ME,returner=Ljava/util/PriorityQueue;.siftUpComparable(ILjava/lang/Object;),value=<void>
ME,returner=Ljava/util/PriorityQueue;.siftUp(ILjava/lang/Object;),value=<void>
ME,returner=Ljava/util/PriorityQueue;.offer(Ljava/lang/Object;),value=<void>
ME,returner=Ljava/util/PriorityQueue;.add(Ljava/lang/Object;),value=<void>
MC,caller=Ljava/util/PriorityQueue;.add(Ljava/lang/Object;),target=Ljava/util/PriorityQueue;.siftUp(ILjava/lang/Object;)
MC,caller=Ljava/util/PriorityQueue;.siftUp(ILjava/lang/Object;),target=Ljava/util/PriorityQueue;.siftUp(ILjava/lang/Object;)
MC,caller=Ljava/util/PriorityQueue;.siftUp(ILjava/lang/Object;),target=Ljava/util/PriorityQueue;.siftUpComparable(ILjava/lang/Object;)
MC,caller=Ljava/util/PriorityQueue;.siftUpComparable(ILjava/lang/Object;),target=LMain$P;.compareTo(Ljava/lang/Object;) <BRIDGE>
MC,caller=LMain$P;.compareTo(Ljava/lang/Object;) <BRIDGE>,target=Main$P:121#compareTo:199
VW,context=Main$P:121#compareTo:199,t=Main$P:117
FR,context=Main$P:121,d
FR,context=Main$P:117,d
FR,context=Main$P:121,p
VW,context=Main$P:121#compareTo:199,i=0
FR,context=Main$P:117,p
FR,context=Main$P:121,p
FR,context=Main$P:117,p
FR,context=Main$P:121,p
VW,context=Main$P:121#compareTo:199,i=1
FR,context=Main$P:117,p
FR,context=Main$P:121,p
FR,context=Main$P:117,p
FR,context=Main$P:121,p
VW,context=Main$P:121#compareTo:199,i=2
FR,context=Main$P:117,p
FR,context=Main$P:121,p
FR,context=Main$P:117,p
FR,context=Main$P:121,p
VW,context=Main$P:121#compareTo:199,i=3
FR,context=Main$P:117,p
FR,context=Main$P:121,p
FR,context=Main$P:117,p
FR,context=Main$P:121,p
FR,context=Main$P:117,p
VW,context=Main$P:121#compareTo:199,result=-2
ME,returner=Main$P:121#compareTo:199,value=-2
ME,returner=LMain$P;.compareTo(Ljava/lang/Object;) <BRIDGE>,value=<void>
ME,returner=Ljava/util/PriorityQueue;.siftUpComparable(ILjava/lang/Object;),value=<void>
ME,returner=Ljava/util/PriorityQueue;.siftUp(ILjava/lang/Object;),value=<void>
ME,returner=Ljava/util/PriorityQueue;.siftUp(ILjava/lang/Object;),value=<void>
ME,returner=Ljava/util/PriorityQueue;.add(Ljava/lang/Object;),value=<void>
ME,returner=Main:1#a:140,value=<void>
FR,context=Main:1,n
FR,context=Main:1,q
FR,context=Main:1,q
VW,context=Main:1#d:11,p=Main$P:121
FR,context=Main$P:121,p
FR,context=Main$P:121,p
VW,context=Main:1#d:11,v=4
FR,context=Main:1,b
ME,returner=Main:1#d:11,value=<void>
FR,context=Main:1,d
FR,context=Main:1,b
FR,context=Main:1,d
FR,context=Main:1,b
FW,context=Main$P:121,s=java.util.BitSet (id=606)
FR,context=Main:1,d
FR,context=Main:1,b
FR,context=Main$P:94,x
FW,context=Main$P:121,x=2
FR,context=Main:1,kq
FR,context=Main:1,d
FR,context=Main:1,b
MC,caller=Main:1#kd:1,target=Ljava/util/PriorityQueue;.add(Ljava/lang/Object;)
MC,caller=Ljava/util/PriorityQueue;.add(Ljava/lang/Object;),target=Ljava/util/PriorityQueue;.add(Ljava/lang/Object;)
MC,caller=Ljava/util/PriorityQueue;.add(Ljava/lang/Object;),target=Ljava/util/PriorityQueue;.offer(Ljava/lang/Object;)
MC,caller=Ljava/util/PriorityQueue;.offer(Ljava/lang/Object;),target=Ljava/util/PriorityQueue;.siftUp(ILjava/lang/Object;)
MC,caller=Ljava/util/PriorityQueue;.siftUp(ILjava/lang/Object;),target=Ljava/util/PriorityQueue;.siftUpComparable(ILjava/lang/Object;)
ME,returner=Ljava/util/PriorityQueue;.siftUpComparable(ILjava/lang/Object;),value=<void>
ME,returner=Ljava/util/PriorityQueue;.siftUp(ILjava/lang/Object;),value=<void>
ME,returner=Ljava/util/PriorityQueue;.offer(Ljava/lang/Object;),value=<void>
ME,returner=Ljava/util/PriorityQueue;.add(Ljava/lang/Object;),value=<void>
MC,caller=Ljava/util/PriorityQueue;.add(Ljava/lang/Object;),target=Ljava/util/PriorityQueue;.siftUp(ILjava/lang/Object;)
MC,caller=Ljava/util/PriorityQueue;.siftUp(ILjava/lang/Object;),target=Ljava/util/PriorityQueue;.siftUp(ILjava/lang/Object;)
MC,caller=Ljava/util/PriorityQueue;.siftUp(ILjava/lang/Object;),target=Ljava/util/PriorityQueue;.siftUpComparable(ILjava/lang/Object;)
MC,caller=Ljava/util/PriorityQueue;.siftUpComparable(ILjava/lang/Object;),target=LMain$P;.compareTo(Ljava/lang/Object;) <BRIDGE>
MC,caller=LMain$P;.compareTo(Ljava/lang/Object;) <BRIDGE>,target=Main$P:121#compareTo:200
VW,context=Main$P:121#compareTo:200,t=Main$P:84
FR,context=Main$P:121,d
FR,context=Main$P:84,d
FR,context=Main$P:121,d
FR,context=Main$P:84,d
VW,context=Main$P:121#compareTo:200,result=-1
ME,returner=Main$P:121#compareTo:200,value=-1
MC,caller=LMain$P;.compareTo(Ljava/lang/Object;) <BRIDGE>,target=Main$P:121#compareTo:201
VW,context=Main$P:121#compareTo:201,t=Main$P:90
FR,context=Main$P:121,d
FR,context=Main$P:90,d
FR,context=Main$P:121,d
FR,context=Main$P:90,d
VW,context=Main$P:121#compareTo:201,result=1
ME,returner=Main$P:121#compareTo:201,value=1
ME,returner=LMain$P;.compareTo(Ljava/lang/Object;) <BRIDGE>,value=<void>
ME,returner=Ljava/util/PriorityQueue;.siftUpComparable(ILjava/lang/Object;),value=<void>
ME,returner=Ljava/util/PriorityQueue;.siftUp(ILjava/lang/Object;),value=<void>
ME,returner=Ljava/util/PriorityQueue;.siftUp(ILjava/lang/Object;),value=<void>
ME,returner=Ljava/util/PriorityQueue;.add(Ljava/lang/Object;),value=<void>
FR,context=Main$P:94,x
FR,context=Main$P:94,p
FR,context=Main:1,k
VW,context=Main:1#kd:1,i=6
FR,context=Main:1,kq
FR,context=Main:1,kq
MC,caller=Main:1#kd:1,target=Ljava/util/AbstractQueue;.remove()
MC,caller=Ljava/util/AbstractQueue;.remove(),target=Ljava/util/AbstractQueue;.remove()
MC,caller=Ljava/util/AbstractQueue;.remove(),target=Ljava/util/PriorityQueue;.poll()
MC,caller=Ljava/util/PriorityQueue;.poll(),target=Ljava/util/PriorityQueue;.siftDown(ILjava/lang/Object;)
MC,caller=Ljava/util/PriorityQueue;.siftDown(ILjava/lang/Object;),target=Ljava/util/PriorityQueue;.siftDownComparable(ILjava/lang/Object;)
ME,returner=Ljava/util/PriorityQueue;.siftDownComparable(ILjava/lang/Object;),value=<void>
ME,returner=Ljava/util/PriorityQueue;.siftDown(ILjava/lang/Object;),value=<void>
ME,returner=Ljava/util/PriorityQueue;.poll(),value=<void>
ME,returner=Ljava/util/AbstractQueue;.remove(),value=<void>
MC,caller=Ljava/util/AbstractQueue;.remove(),target=Ljava/util/PriorityQueue;.siftDown(ILjava/lang/Object;)
MC,caller=Ljava/util/PriorityQueue;.siftDown(ILjava/lang/Object;),target=Ljava/util/PriorityQueue;.siftDown(ILjava/lang/Object;)
MC,caller=Ljava/util/PriorityQueue;.siftDown(ILjava/lang/Object;),target=Ljava/util/PriorityQueue;.siftDownComparable(ILjava/lang/Object;)
MC,caller=Ljava/util/PriorityQueue;.siftDownComparable(ILjava/lang/Object;),target=LMain$P;.compareTo(Ljava/lang/Object;) <BRIDGE>
MC,caller=LMain$P;.compareTo(Ljava/lang/Object;) <BRIDGE>,target=Main$P:50#compareTo:202
VW,context=Main$P:50#compareTo:202,t=Main$P:121
FR,context=Main$P:50,d
FR,context=Main$P:121,d
FR,context=Main$P:50,d
FR,context=Main$P:121,d
VW,context=Main$P:50#compareTo:202,result=1
ME,returner=Main$P:50#compareTo:202,value=1
MC,caller=LMain$P;.compareTo(Ljava/lang/Object;) <BRIDGE>,target=Main$P:84#compareTo:203
VW,context=Main$P:84#compareTo:203,t=Main$P:121
FR,context=Main$P:84,d
FR,context=Main$P:121,d
FR,context=Main$P:84,d
FR,context=Main$P:121,d
VW,context=Main$P:84#compareTo:203,result=1
ME,returner=Main$P:84#compareTo:203,value=1
ME,returner=LMain$P;.compareTo(Ljava/lang/Object;) <BRIDGE>,value=<void>
ME,returner=Ljava/util/PriorityQueue;.siftDownComparable(ILjava/lang/Object;),value=<void>
ME,returner=Ljava/util/PriorityQueue;.siftDown(ILjava/lang/Object;),value=<void>
ME,returner=Ljava/util/PriorityQueue;.siftDown(ILjava/lang/Object;),value=<void>
ME,returner=Ljava/util/AbstractQueue;.remove(),value=<void>
VW,context=Main:1#kd:1,p=Main$P:90
FR,context=Main$P:90,s
FR,context=Main:1,n
VW,context=Main:1#kd:1,s=java.util.BitSet (id=629)
FR,context=Main$P:90,p
FR,context=Main$P:90,x
FR,context=Main$P:90,p
FR,context=Main$P:90,x
NO,object=int[]:121
FW,context=int[]:121,0=0
VW,context=Main:1#kd:1,op=int[]:121
VW,context=Main:1#kd:1,od=0
FR,context=Main:1,d
FR,context=Main:1,n
FR,context=Main$P:90,x
FR,context=Main$P:90,p
FR,context=Main$P:90,x
MC,caller=Main:1#kd:1,target=Main:1#d:12
VW,context=Main:1#d:12,s=java.util.BitSet (id=629)
VW,context=Main:1#d:12,a=0
VW,context=Main:1#d:12,od=0
VW,context=Main:1#d:12,op=int[]:121
FR,context=Main:1,q
FR,context=Main:1,d
NO,object=Main$P:122
MC,caller=Main:1#d:12,target=Main$P:122#Main$P:122
VW,context=Main$P:122#Main$P:122,a=0
VW,context=Main$P:122#Main$P:122,b=int[]:121
FW,context=Main$P:122,d=0
FW,context=Main$P:122,p=int[]:121
ME,returner=Main$P:122#Main$P:122,value=<void>
FR,context=Main:1,n
VW,context=Main:1#d:12,i=0
FR,context=Main:1,d
MC,caller=Main:1#d:12,target=Main:1#a:141
VW,context=Main:1#a:141,p=Main$P:122
VW,context=Main:1#a:141,f=0
VW,context=Main:1#a:141,t=0
FR,context=Main:1,c
FR,context=Main:1,INF
ME,returner=Main:1#a:141,value=<void>
FR,context=Main:1,n
VW,context=Main:1#d:12,i=1
FR,context=Main:1,n
VW,context=Main:1#d:12,i=2
FR,context=Main:1,n
VW,context=Main:1#d:12,i=3
FR,context=Main:1,n
VW,context=Main:1#d:12,i=4
FR,context=Main:1,n
FR,context=Main:1,q
ME,returner=Main:1#d:12,value=<void>
FR,context=Main:1,d
FR,context=Main:1,b
FR,context=Main$P:90,x
FR,context=Main$P:90,p
FR,context=Main:1,k
VW,context=Main:1#kd:1,i=7
FR,context=Main:1,kq
FR,context=Main:1,kq
MC,caller=Main:1#kd:1,target=Ljava/util/AbstractQueue;.remove()
MC,caller=Ljava/util/AbstractQueue;.remove(),target=Ljava/util/AbstractQueue;.remove()
MC,caller=Ljava/util/AbstractQueue;.remove(),target=Ljava/util/PriorityQueue;.poll()
MC,caller=Ljava/util/PriorityQueue;.poll(),target=Ljava/util/PriorityQueue;.siftDown(ILjava/lang/Object;)
MC,caller=Ljava/util/PriorityQueue;.siftDown(ILjava/lang/Object;),target=Ljava/util/PriorityQueue;.siftDownComparable(ILjava/lang/Object;)
ME,returner=Ljava/util/PriorityQueue;.siftDownComparable(ILjava/lang/Object;),value=<void>
ME,returner=Ljava/util/PriorityQueue;.siftDown(ILjava/lang/Object;),value=<void>
ME,returner=Ljava/util/PriorityQueue;.poll(),value=<void>
ME,returner=Ljava/util/AbstractQueue;.remove(),value=<void>
MC,caller=Ljava/util/AbstractQueue;.remove(),target=Ljava/util/PriorityQueue;.siftDown(ILjava/lang/Object;)
MC,caller=Ljava/util/PriorityQueue;.siftDown(ILjava/lang/Object;),target=Ljava/util/PriorityQueue;.siftDown(ILjava/lang/Object;)
MC,caller=Ljava/util/PriorityQueue;.siftDown(ILjava/lang/Object;),target=Ljava/util/PriorityQueue;.siftDownComparable(ILjava/lang/Object;)
MC,caller=Ljava/util/PriorityQueue;.siftDownComparable(ILjava/lang/Object;),target=LMain$P;.compareTo(Ljava/lang/Object;) <BRIDGE>
MC,caller=LMain$P;.compareTo(Ljava/lang/Object;) <BRIDGE>,target=Main$P:50#compareTo:204
VW,context=Main$P:50#compareTo:204,t=Main$P:84
FR,context=Main$P:50,d
FR,context=Main$P:84,d
FR,context=Main$P:50,p
VW,context=Main$P:50#compareTo:204,i=0
FR,context=Main$P:84,p
FR,context=Main$P:50,p
FR,context=Main$P:84,p
FR,context=Main$P:50,p
VW,context=Main$P:50#compareTo:204,i=1
FR,context=Main$P:84,p
FR,context=Main$P:50,p
FR,context=Main$P:84,p
FR,context=Main$P:50,p
FR,context=Main$P:84,p
VW,context=Main$P:50#compareTo:204,result=-1
ME,returner=Main$P:50#compareTo:204,value=-1
MC,caller=LMain$P;.compareTo(Ljava/lang/Object;) <BRIDGE>,target=Main$P:110#compareTo:205
VW,context=Main$P:110#compareTo:205,t=Main$P:50
FR,context=Main$P:110,d
FR,context=Main$P:50,d
FR,context=Main$P:110,d
FR,context=Main$P:50,d
VW,context=Main$P:110#compareTo:205,result=1
ME,returner=Main$P:110#compareTo:205,value=1
MC,caller=LMain$P;.compareTo(Ljava/lang/Object;) <BRIDGE>,target=Main$P:110#compareTo:206
VW,context=Main$P:110#compareTo:206,t=Main$P:61
FR,context=Main$P:110,d
FR,context=Main$P:61,d
FR,context=Main$P:110,d
FR,context=Main$P:61,d
VW,context=Main$P:110#compareTo:206,result=1
ME,returner=Main$P:110#compareTo:206,value=1
ME,returner=LMain$P;.compareTo(Ljava/lang/Object;) <BRIDGE>,value=<void>
ME,returner=Ljava/util/PriorityQueue;.siftDownComparable(ILjava/lang/Object;),value=<void>
ME,returner=Ljava/util/PriorityQueue;.siftDown(ILjava/lang/Object;),value=<void>
ME,returner=Ljava/util/PriorityQueue;.siftDown(ILjava/lang/Object;),value=<void>
ME,returner=Ljava/util/AbstractQueue;.remove(),value=<void>
VW,context=Main:1#kd:1,p=Main$P:121
FR,context=Main$P:121,s
FR,context=Main:1,n
VW,context=Main:1#kd:1,s=java.util.BitSet (id=632)
FR,context=Main$P:121,p
FR,context=Main$P:121,x
FR,context=Main$P:121,p
FR,context=Main$P:121,x
NO,object=int[]:122
FW,context=int[]:122,0=0
FW,context=int[]:122,1=3
VW,context=Main:1#kd:1,op=int[]:122
FR,context=Main:1,d
FR,context=Main:1,n
FR,context=Main$P:121,x
FR,context=Main:1,c
FR,context=Main$P:121,p
FR,context=Main$P:121,p
VW,context=Main:1#kd:1,od=1
FR,context=Main:1,d
FR,context=Main$P:121,p
FR,context=Main:1,z
FR,context=Main$P:121,x
FR,context=Main$P:121,p
FR,context=Main$P:121,x
MC,caller=Main:1#kd:1,target=Main:1#d:13
VW,context=Main:1#d:13,s=java.util.BitSet (id=632)
VW,context=Main:1#d:13,a=3
VW,context=Main:1#d:13,od=1
VW,context=Main:1#d:13,op=int[]:122
FR,context=Main:1,q
FR,context=Main:1,d
NO,object=Main$P:123
MC,caller=Main:1#d:13,target=Main$P:123#Main$P:123
VW,context=Main$P:123#Main$P:123,a=1
VW,context=Main$P:123#Main$P:123,b=int[]:122
FW,context=Main$P:123,d=1
FW,context=Main$P:123,p=int[]:122
ME,returner=Main$P:123#Main$P:123,value=<void>
FR,context=Main:1,n
VW,context=Main:1#d:13,i=0
FR,context=Main:1,d
MC,caller=Main:1#d:13,target=Main:1#a:142
VW,context=Main:1#a:142,p=Main$P:123
VW,context=Main:1#a:142,f=3
VW,context=Main:1#a:142,t=0
FR,context=Main:1,c
FR,context=Main:1,INF
FR,context=Main$P:123,d
FR,context=Main:1,c
FR,context=Main$P:123,p
FR,context=Main$P:123,p
NO,object=Main$P:124
MC,caller=Main:1#a:142,target=Main$P:124#Main$P:124
VW,context=Main$P:124#Main$P:124,a=2
NO,object=int[]:123
FW,context=int[]:123,0=0
FW,context=int[]:123,1=3
FW,context=int[]:123,2=0
VW,context=Main$P:124#Main$P:124,b=int[]:123
FW,context=Main$P:124,d=2
FW,context=Main$P:124,p=int[]:123
ME,returner=Main$P:124#Main$P:124,value=<void>
VW,context=Main:1#a:142,np=Main$P:124
FR,context=Main$P:124,p
FR,context=Main$P:124,p
FR,context=Main:1,d
MC,caller=Main:1#a:142,target=Main$P:124#compareTo:207
VW,context=Main$P:124#compareTo:207,t=Main$P:1
FR,context=Main$P:124,d
FR,context=Main$P:1,d
FR,context=Main$P:124,d
FR,context=Main$P:1,d
VW,context=Main$P:124#compareTo:207,result=2
ME,returner=Main$P:124#compareTo:207,value=2
ME,returner=Main:1#a:142,value=<void>
FR,context=Main:1,n
VW,context=Main:1#d:13,i=1
FR,context=Main:1,n
VW,context=Main:1#d:13,i=2
FR,context=Main:1,n
VW,context=Main:1#d:13,i=3
FR,context=Main:1,d
MC,caller=Main:1#d:13,target=Main:1#a:143
VW,context=Main:1#a:143,p=Main$P:123
VW,context=Main:1#a:143,f=3
VW,context=Main:1#a:143,t=3
FR,context=Main:1,c
FR,context=Main:1,INF
ME,returner=Main:1#a:143,value=<void>
FR,context=Main:1,n
VW,context=Main:1#d:13,i=4
FR,context=Main:1,n
FR,context=Main:1,q
ME,returner=Main:1#d:13,value=<void>
FR,context=Main:1,d
FR,context=Main:1,b
FR,context=Main$P:121,x
FR,context=Main$P:121,p
FR,context=Main:1,n
VW,context=Main:1#kd:1,s=java.util.BitSet (id=637)
FR,context=Main$P:121,p
FR,context=Main$P:121,p
NO,object=int[]:124
FW,context=int[]:124,0=0
FW,context=int[]:124,1=3
FW,context=int[]:124,2=1
VW,context=Main:1#kd:1,op=int[]:124
FR,context=Main:1,c
FR,context=Main$P:121,p
FR,context=Main$P:121,p
VW,context=Main:1#kd:1,od=2
FR,context=Main:1,d
FR,context=Main:1,n
FR,context=Main:1,d
FR,context=Main$P:121,p
FR,context=Main:1,z
FR,context=Main:1,d
FR,context=Main$P:121,p
FR,context=Main:1,z
FR,context=Main$P:121,p
MC,caller=Main:1#kd:1,target=Main:1#d:14
VW,context=Main:1#d:14,s=java.util.BitSet (id=637)
VW,context=Main:1#d:14,a=1
VW,context=Main:1#d:14,od=2
VW,context=Main:1#d:14,op=int[]:124
FR,context=Main:1,q
FR,context=Main:1,d
NO,object=Main$P:125
MC,caller=Main:1#d:14,target=Main$P:125#Main$P:125
VW,context=Main$P:125#Main$P:125,a=2
VW,context=Main$P:125#Main$P:125,b=int[]:124
FW,context=Main$P:125,d=2
FW,context=Main$P:125,p=int[]:124
ME,returner=Main$P:125#Main$P:125,value=<void>
FR,context=Main:1,n
VW,context=Main:1#d:14,i=0
FR,context=Main:1,d
MC,caller=Main:1#d:14,target=Main:1#a:144
VW,context=Main:1#a:144,p=Main$P:125
VW,context=Main:1#a:144,f=1
VW,context=Main:1#a:144,t=0
FR,context=Main:1,c
FR,context=Main:1,INF
FR,context=Main$P:125,d
FR,context=Main:1,c
FR,context=Main$P:125,p
FR,context=Main$P:125,p
NO,object=Main$P:126
MC,caller=Main:1#a:144,target=Main$P:126#Main$P:126
VW,context=Main$P:126#Main$P:126,a=3
NO,object=int[]:125
FW,context=int[]:125,0=0
FW,context=int[]:125,1=3
FW,context=int[]:125,2=1
FW,context=int[]:125,3=0
VW,context=Main$P:126#Main$P:126,b=int[]:125
FW,context=Main$P:126,d=3
FW,context=Main$P:126,p=int[]:125
ME,returner=Main$P:126#Main$P:126,value=<void>
VW,context=Main:1#a:144,np=Main$P:126
FR,context=Main$P:126,p
FR,context=Main$P:126,p
FR,context=Main:1,d
MC,caller=Main:1#a:144,target=Main$P:126#compareTo:208
VW,context=Main$P:126#compareTo:208,t=Main$P:1
FR,context=Main$P:126,d
FR,context=Main$P:1,d
FR,context=Main$P:126,d
FR,context=Main$P:1,d
VW,context=Main$P:126#compareTo:208,result=3
ME,returner=Main$P:126#compareTo:208,value=3
ME,returner=Main:1#a:144,value=<void>
FR,context=Main:1,n
VW,context=Main:1#d:14,i=1
FR,context=Main:1,d
MC,caller=Main:1#d:14,target=Main:1#a:145
VW,context=Main:1#a:145,p=Main$P:125
VW,context=Main:1#a:145,f=1
VW,context=Main:1#a:145,t=1
FR,context=Main:1,c
FR,context=Main:1,INF
ME,returner=Main:1#a:145,value=<void>
FR,context=Main:1,n
VW,context=Main:1#d:14,i=2
FR,context=Main:1,n
VW,context=Main:1#d:14,i=3
FR,context=Main:1,d
MC,caller=Main:1#d:14,target=Main:1#a:146
VW,context=Main:1#a:146,p=Main$P:125
VW,context=Main:1#a:146,f=1
VW,context=Main:1#a:146,t=3
FR,context=Main:1,c
FR,context=Main:1,INF
FR,context=Main$P:125,d
FR,context=Main:1,c
FR,context=Main$P:125,p
FR,context=Main$P:125,p
NO,object=Main$P:127
MC,caller=Main:1#a:146,target=Main$P:127#Main$P:127
VW,context=Main$P:127#Main$P:127,a=4
NO,object=int[]:126
FW,context=int[]:126,0=0
FW,context=int[]:126,1=3
FW,context=int[]:126,2=1
FW,context=int[]:126,3=0
VW,context=Main$P:127#Main$P:127,b=int[]:126
FW,context=Main$P:127,d=4
FW,context=Main$P:127,p=int[]:126
ME,returner=Main$P:127#Main$P:127,value=<void>
VW,context=Main:1#a:146,np=Main$P:127
FR,context=Main$P:127,p
FR,context=Main$P:127,p
FR,context=Main:1,d
MC,caller=Main:1#a:146,target=Main$P:127#compareTo:209
VW,context=Main$P:127#compareTo:209,t=Main$P:1
FR,context=Main$P:127,d
FR,context=Main$P:1,d
FR,context=Main$P:127,d
FR,context=Main$P:1,d
VW,context=Main$P:127#compareTo:209,result=4
ME,returner=Main$P:127#compareTo:209,value=4
ME,returner=Main:1#a:146,value=<void>
FR,context=Main:1,n
VW,context=Main:1#d:14,i=4
FR,context=Main:1,d
MC,caller=Main:1#d:14,target=Main:1#a:147
VW,context=Main:1#a:147,p=Main$P:125
VW,context=Main:1#a:147,f=1
VW,context=Main:1#a:147,t=4
FR,context=Main:1,c
FR,context=Main:1,INF
FR,context=Main$P:125,d
FR,context=Main:1,c
FR,context=Main$P:125,p
FR,context=Main$P:125,p
NO,object=Main$P:128
MC,caller=Main:1#a:147,target=Main$P:128#Main$P:128
VW,context=Main$P:128#Main$P:128,a=4
NO,object=int[]:127
FW,context=int[]:127,0=0
FW,context=int[]:127,1=3
FW,context=int[]:127,2=1
FW,context=int[]:127,3=0
VW,context=Main$P:128#Main$P:128,b=int[]:127
FW,context=Main$P:128,d=4
FW,context=Main$P:128,p=int[]:127
ME,returner=Main$P:128#Main$P:128,value=<void>
VW,context=Main:1#a:147,np=Main$P:128
FR,context=Main$P:128,p
FR,context=Main$P:128,p
FR,context=Main:1,d
MC,caller=Main:1#a:147,target=Main$P:128#compareTo:210
VW,context=Main$P:128#compareTo:210,t=null
VW,context=Main$P:128#compareTo:210,result=-1
ME,returner=Main$P:128#compareTo:210,value=-1
FR,context=Main:1,d
FR,context=Main:1,q
FR,context=Main:1,d
ME,returner=Main:1#a:147,value=<void>
FR,context=Main:1,n
FR,context=Main:1,q
FR,context=Main:1,q
VW,context=Main:1#d:14,p=Main$P:128
FR,context=Main$P:128,p
FR,context=Main$P:128,p
VW,context=Main:1#d:14,v=4
FR,context=Main:1,b
ME,returner=Main:1#d:14,value=<void>
FR,context=Main:1,d
FR,context=Main:1,b
FR,context=Main:1,d
FR,context=Main:1,b
FW,context=Main$P:128,s=java.util.BitSet (id=637)
FR,context=Main:1,d
FR,context=Main:1,b
FW,context=Main$P:128,x=3
FR,context=Main:1,kq
FR,context=Main:1,d
FR,context=Main:1,b
MC,caller=Main:1#kd:1,target=Ljava/util/PriorityQueue;.add(Ljava/lang/Object;)
MC,caller=Ljava/util/PriorityQueue;.add(Ljava/lang/Object;),target=Ljava/util/PriorityQueue;.add(Ljava/lang/Object;)
MC,caller=Ljava/util/PriorityQueue;.add(Ljava/lang/Object;),target=Ljava/util/PriorityQueue;.offer(Ljava/lang/Object;)
MC,caller=Ljava/util/PriorityQueue;.offer(Ljava/lang/Object;),target=Ljava/util/PriorityQueue;.siftUp(ILjava/lang/Object;)
MC,caller=Ljava/util/PriorityQueue;.siftUp(ILjava/lang/Object;),target=Ljava/util/PriorityQueue;.siftUpComparable(ILjava/lang/Object;)
ME,returner=Ljava/util/PriorityQueue;.siftUpComparable(ILjava/lang/Object;),value=<void>
ME,returner=Ljava/util/PriorityQueue;.siftUp(ILjava/lang/Object;),value=<void>
ME,returner=Ljava/util/PriorityQueue;.offer(Ljava/lang/Object;),value=<void>
ME,returner=Ljava/util/PriorityQueue;.add(Ljava/lang/Object;),value=<void>
MC,caller=Ljava/util/PriorityQueue;.add(Ljava/lang/Object;),target=Ljava/util/PriorityQueue;.siftUp(ILjava/lang/Object;)
MC,caller=Ljava/util/PriorityQueue;.siftUp(ILjava/lang/Object;),target=Ljava/util/PriorityQueue;.siftUp(ILjava/lang/Object;)
MC,caller=Ljava/util/PriorityQueue;.siftUp(ILjava/lang/Object;),target=Ljava/util/PriorityQueue;.siftUpComparable(ILjava/lang/Object;)
MC,caller=Ljava/util/PriorityQueue;.siftUpComparable(ILjava/lang/Object;),target=LMain$P;.compareTo(Ljava/lang/Object;) <BRIDGE>
MC,caller=LMain$P;.compareTo(Ljava/lang/Object;) <BRIDGE>,target=Main$P:128#compareTo:211
VW,context=Main$P:128#compareTo:211,t=Main$P:61
FR,context=Main$P:128,d
FR,context=Main$P:61,d
FR,context=Main$P:128,d
FR,context=Main$P:61,d
VW,context=Main$P:128#compareTo:211,result=-1
ME,returner=Main$P:128#compareTo:211,value=-1
MC,caller=LMain$P;.compareTo(Ljava/lang/Object;) <BRIDGE>,target=Main$P:128#compareTo:212
VW,context=Main$P:128#compareTo:212,t=Main$P:50
FR,context=Main$P:128,d
FR,context=Main$P:50,d
FR,context=Main$P:128,d
FR,context=Main$P:50,d
VW,context=Main$P:128#compareTo:212,result=-1
ME,returner=Main$P:128#compareTo:212,value=-1
ME,returner=LMain$P;.compareTo(Ljava/lang/Object;) <BRIDGE>,value=<void>
ME,returner=Ljava/util/PriorityQueue;.siftUpComparable(ILjava/lang/Object;),value=<void>
ME,returner=Ljava/util/PriorityQueue;.siftUp(ILjava/lang/Object;),value=<void>
ME,returner=Ljava/util/PriorityQueue;.siftUp(ILjava/lang/Object;),value=<void>
ME,returner=Ljava/util/PriorityQueue;.add(Ljava/lang/Object;),value=<void>
FR,context=Main$P:121,p
VW,context=Main:1#kd:1,j=4
FR,context=Main:1,n
VW,context=Main:1#kd:1,s=java.util.BitSet (id=646)
FR,context=Main$P:121,p
FR,context=Main$P:121,p
NO,object=int[]:128
FW,context=int[]:128,0=0
FW,context=int[]:128,1=3
FW,context=int[]:128,2=1
FW,context=int[]:128,3=2
VW,context=Main:1#kd:1,op=int[]:128
FR,context=Main:1,c
FR,context=Main$P:121,p
FR,context=Main$P:121,p
VW,context=Main:1#kd:1,od=3
FR,context=Main:1,d
FR,context=Main:1,n
FR,context=Main:1,d
FR,context=Main$P:121,p
FR,context=Main:1,z
FR,context=Main:1,d
FR,context=Main$P:121,p
FR,context=Main:1,z
FR,context=Main:1,d
FR,context=Main$P:121,p
FR,context=Main:1,z
FR,context=Main$P:121,p
MC,caller=Main:1#kd:1,target=Main:1#d:15
VW,context=Main:1#d:15,s=java.util.BitSet (id=646)
VW,context=Main:1#d:15,a=2
VW,context=Main:1#d:15,od=3
VW,context=Main:1#d:15,op=int[]:128
FR,context=Main:1,q
FR,context=Main:1,d
NO,object=Main$P:129
MC,caller=Main:1#d:15,target=Main$P:129#Main$P:129
VW,context=Main$P:129#Main$P:129,a=3
VW,context=Main$P:129#Main$P:129,b=int[]:128
FW,context=Main$P:129,d=3
FW,context=Main$P:129,p=int[]:128
ME,returner=Main$P:129#Main$P:129,value=<void>
FR,context=Main:1,n
VW,context=Main:1#d:15,i=0
FR,context=Main:1,d
MC,caller=Main:1#d:15,target=Main:1#a:148
VW,context=Main:1#a:148,p=Main$P:129
VW,context=Main:1#a:148,f=2
VW,context=Main:1#a:148,t=0
FR,context=Main:1,c
FR,context=Main:1,INF
FR,context=Main$P:129,d
FR,context=Main:1,c
FR,context=Main$P:129,p
FR,context=Main$P:129,p
NO,object=Main$P:130
MC,caller=Main:1#a:148,target=Main$P:130#Main$P:130
VW,context=Main$P:130#Main$P:130,a=4
NO,object=int[]:129
FW,context=int[]:129,0=0
FW,context=int[]:129,1=3
FW,context=int[]:129,2=1
FW,context=int[]:129,3=2
FW,context=int[]:129,4=0
VW,context=Main$P:130#Main$P:130,b=int[]:129
FW,context=Main$P:130,d=4
FW,context=Main$P:130,p=int[]:129
ME,returner=Main$P:130#Main$P:130,value=<void>
VW,context=Main:1#a:148,np=Main$P:130
FR,context=Main$P:130,p
FR,context=Main$P:130,p
FR,context=Main:1,d
MC,caller=Main:1#a:148,target=Main$P:130#compareTo:213
VW,context=Main$P:130#compareTo:213,t=Main$P:1
FR,context=Main$P:130,d
FR,context=Main$P:1,d
FR,context=Main$P:130,d
FR,context=Main$P:1,d
VW,context=Main$P:130#compareTo:213,result=4
ME,returner=Main$P:130#compareTo:213,value=4
ME,returner=Main:1#a:148,value=<void>
FR,context=Main:1,n
VW,context=Main:1#d:15,i=1
FR,context=Main:1,d
MC,caller=Main:1#d:15,target=Main:1#a:149
VW,context=Main:1#a:149,p=Main$P:129
VW,context=Main:1#a:149,f=2
VW,context=Main:1#a:149,t=1
FR,context=Main:1,c
FR,context=Main:1,INF
FR,context=Main$P:129,d
FR,context=Main:1,c
FR,context=Main$P:129,p
FR,context=Main$P:129,p
NO,object=Main$P:131
MC,caller=Main:1#a:149,target=Main$P:131#Main$P:131
VW,context=Main$P:131#Main$P:131,a=5
NO,object=int[]:130
FW,context=int[]:130,0=0
FW,context=int[]:130,1=3
FW,context=int[]:130,2=1
FW,context=int[]:130,3=2
FW,context=int[]:130,4=0
VW,context=Main$P:131#Main$P:131,b=int[]:130
FW,context=Main$P:131,d=5
FW,context=Main$P:131,p=int[]:130
ME,returner=Main$P:131#Main$P:131,value=<void>
VW,context=Main:1#a:149,np=Main$P:131
FR,context=Main$P:131,p
FR,context=Main$P:131,p
FR,context=Main:1,d
MC,caller=Main:1#a:149,target=Main$P:131#compareTo:214
VW,context=Main$P:131#compareTo:214,t=Main$P:1
FR,context=Main$P:131,d
FR,context=Main$P:1,d
FR,context=Main$P:131,d
FR,context=Main$P:1,d
VW,context=Main$P:131#compareTo:214,result=5
ME,returner=Main$P:131#compareTo:214,value=5
ME,returner=Main:1#a:149,value=<void>
FR,context=Main:1,n
VW,context=Main:1#d:15,i=2
FR,context=Main:1,d
MC,caller=Main:1#d:15,target=Main:1#a:150
VW,context=Main:1#a:150,p=Main$P:129
VW,context=Main:1#a:150,f=2
VW,context=Main:1#a:150,t=2
FR,context=Main:1,c
FR,context=Main:1,INF
ME,returner=Main:1#a:150,value=<void>
FR,context=Main:1,n
VW,context=Main:1#d:15,i=3
FR,context=Main:1,d
MC,caller=Main:1#d:15,target=Main:1#a:151
VW,context=Main:1#a:151,p=Main$P:129
VW,context=Main:1#a:151,f=2
VW,context=Main:1#a:151,t=3
FR,context=Main:1,c
FR,context=Main:1,INF
FR,context=Main$P:129,d
FR,context=Main:1,c
FR,context=Main$P:129,p
FR,context=Main$P:129,p
NO,object=Main$P:132
MC,caller=Main:1#a:151,target=Main$P:132#Main$P:132
VW,context=Main$P:132#Main$P:132,a=4
NO,object=int[]:131
FW,context=int[]:131,0=0
FW,context=int[]:131,1=3
FW,context=int[]:131,2=1
FW,context=int[]:131,3=2
FW,context=int[]:131,4=0
VW,context=Main$P:132#Main$P:132,b=int[]:131
FW,context=Main$P:132,d=4
FW,context=Main$P:132,p=int[]:131
ME,returner=Main$P:132#Main$P:132,value=<void>
VW,context=Main:1#a:151,np=Main$P:132
FR,context=Main$P:132,p
FR,context=Main$P:132,p
FR,context=Main:1,d
MC,caller=Main:1#a:151,target=Main$P:132#compareTo:215
VW,context=Main$P:132#compareTo:215,t=Main$P:1
FR,context=Main$P:132,d
FR,context=Main$P:1,d
FR,context=Main$P:132,d
FR,context=Main$P:1,d
VW,context=Main$P:132#compareTo:215,result=4
ME,returner=Main$P:132#compareTo:215,value=4
ME,returner=Main:1#a:151,value=<void>
FR,context=Main:1,n
VW,context=Main:1#d:15,i=4
FR,context=Main:1,n
FR,context=Main:1,q
ME,returner=Main:1#d:15,value=<void>
FR,context=Main:1,d
FR,context=Main:1,b
FR,context=Main$P:121,p
FR,context=Main:1,k
VW,context=Main:1#kd:1,i=8
FR,context=Main:1,kq
FR,context=Main:1,kq
MC,caller=Main:1#kd:1,target=Ljava/util/AbstractQueue;.remove()
MC,caller=Ljava/util/AbstractQueue;.remove(),target=Ljava/util/AbstractQueue;.remove()
MC,caller=Ljava/util/AbstractQueue;.remove(),target=Ljava/util/PriorityQueue;.poll()
MC,caller=Ljava/util/PriorityQueue;.poll(),target=Ljava/util/PriorityQueue;.siftDown(ILjava/lang/Object;)
MC,caller=Ljava/util/PriorityQueue;.siftDown(ILjava/lang/Object;),target=Ljava/util/PriorityQueue;.siftDownComparable(ILjava/lang/Object;)
ME,returner=Ljava/util/PriorityQueue;.siftDownComparable(ILjava/lang/Object;),value=<void>
ME,returner=Ljava/util/PriorityQueue;.siftDown(ILjava/lang/Object;),value=<void>
ME,returner=Ljava/util/PriorityQueue;.poll(),value=<void>
ME,returner=Ljava/util/AbstractQueue;.remove(),value=<void>
MC,caller=Ljava/util/AbstractQueue;.remove(),target=Ljava/util/PriorityQueue;.siftDown(ILjava/lang/Object;)
MC,caller=Ljava/util/PriorityQueue;.siftDown(ILjava/lang/Object;),target=Ljava/util/PriorityQueue;.siftDown(ILjava/lang/Object;)
MC,caller=Ljava/util/PriorityQueue;.siftDown(ILjava/lang/Object;),target=Ljava/util/PriorityQueue;.siftDownComparable(ILjava/lang/Object;)
MC,caller=Ljava/util/PriorityQueue;.siftDownComparable(ILjava/lang/Object;),target=LMain$P;.compareTo(Ljava/lang/Object;) <BRIDGE>
MC,caller=LMain$P;.compareTo(Ljava/lang/Object;) <BRIDGE>,target=Main$P:50#compareTo:216
VW,context=Main$P:50#compareTo:216,t=Main$P:84
FR,context=Main$P:50,d
FR,context=Main$P:84,d
FR,context=Main$P:50,p
VW,context=Main$P:50#compareTo:216,i=0
FR,context=Main$P:84,p
FR,context=Main$P:50,p
FR,context=Main$P:84,p
FR,context=Main$P:50,p
VW,context=Main$P:50#compareTo:216,i=1
FR,context=Main$P:84,p
FR,context=Main$P:50,p
FR,context=Main$P:84,p
FR,context=Main$P:50,p
FR,context=Main$P:84,p
VW,context=Main$P:50#compareTo:216,result=-1
ME,returner=Main$P:50#compareTo:216,value=-1
MC,caller=LMain$P;.compareTo(Ljava/lang/Object;) <BRIDGE>,target=Main$P:61#compareTo:217
VW,context=Main$P:61#compareTo:217,t=Main$P:50
FR,context=Main$P:61,d
FR,context=Main$P:50,d
FR,context=Main$P:61,p
VW,context=Main$P:61#compareTo:217,i=0
FR,context=Main$P:50,p
FR,context=Main$P:61,p
FR,context=Main$P:50,p
FR,context=Main$P:61,p
VW,context=Main$P:61#compareTo:217,i=1
FR,context=Main$P:50,p
FR,context=Main$P:61,p
FR,context=Main$P:50,p
FR,context=Main$P:61,p
VW,context=Main$P:61#compareTo:217,i=2
FR,context=Main$P:50,p
FR,context=Main$P:61,p
FR,context=Main$P:50,p
FR,context=Main$P:61,p
FR,context=Main$P:50,p
VW,context=Main$P:61#compareTo:217,result=1
ME,returner=Main$P:61#compareTo:217,value=1
MC,caller=LMain$P;.compareTo(Ljava/lang/Object;) <BRIDGE>,target=Main$P:61#compareTo:218
VW,context=Main$P:61#compareTo:218,t=Main$P:110
FR,context=Main$P:61,d
FR,context=Main$P:110,d
FR,context=Main$P:61,d
FR,context=Main$P:110,d
VW,context=Main$P:61#compareTo:218,result=-1
ME,returner=Main$P:61#compareTo:218,value=-1
ME,returner=LMain$P;.compareTo(Ljava/lang/Object;) <BRIDGE>,value=<void>
ME,returner=Ljava/util/PriorityQueue;.siftDownComparable(ILjava/lang/Object;),value=<void>
ME,returner=Ljava/util/PriorityQueue;.siftDown(ILjava/lang/Object;),value=<void>
ME,returner=Ljava/util/PriorityQueue;.siftDown(ILjava/lang/Object;),value=<void>
ME,returner=Ljava/util/AbstractQueue;.remove(),value=<void>
VW,context=Main:1#kd:1,p=Main$P:128
FR,context=Main$P:128,s
FR,context=Main:1,n
VW,context=Main:1#kd:1,s=java.util.BitSet (id=655)
FR,context=Main$P:128,p
FR,context=Main$P:128,x
FR,context=Main$P:128,p
FR,context=Main$P:128,x
NO,object=int[]:132
FW,context=int[]:132,0=0
FW,context=int[]:132,1=3
FW,context=int[]:132,2=1
VW,context=Main:1#kd:1,op=int[]:132
VW,context=Main:1#kd:1,od=0
FR,context=Main:1,d
FR,context=Main:1,n
FR,context=Main$P:128,x
FR,context=Main:1,c
FR,context=Main$P:128,p
FR,context=Main$P:128,p
VW,context=Main:1#kd:1,od=1
FR,context=Main:1,d
FR,context=Main$P:128,p
FR,context=Main:1,z
FR,context=Main$P:128,x
VW,context=Main:1#kd:1,j=3
FR,context=Main:1,c
FR,context=Main$P:128,p
FR,context=Main$P:128,p
VW,context=Main:1#kd:1,od=2
FR,context=Main:1,d
FR,context=Main$P:128,p
FR,context=Main:1,z
FR,context=Main$P:128,x
FR,context=Main$P:128,p
FR,context=Main$P:128,x
MC,caller=Main:1#kd:1,target=Main:1#d:16
VW,context=Main:1#d:16,s=java.util.BitSet (id=655)
VW,context=Main:1#d:16,a=1
VW,context=Main:1#d:16,od=2
VW,context=Main:1#d:16,op=int[]:132
FR,context=Main:1,q
FR,context=Main:1,d
NO,object=Main$P:133
MC,caller=Main:1#d:16,target=Main$P:133#Main$P:133
VW,context=Main$P:133#Main$P:133,a=2
VW,context=Main$P:133#Main$P:133,b=int[]:132
FW,context=Main$P:133,d=2
FW,context=Main$P:133,p=int[]:132
ME,returner=Main$P:133#Main$P:133,value=<void>
FR,context=Main:1,n
VW,context=Main:1#d:16,i=0
FR,context=Main:1,d
MC,caller=Main:1#d:16,target=Main:1#a:152
VW,context=Main:1#a:152,p=Main$P:133
VW,context=Main:1#a:152,f=1
VW,context=Main:1#a:152,t=0
FR,context=Main:1,c
FR,context=Main:1,INF
FR,context=Main$P:133,d
FR,context=Main:1,c
FR,context=Main$P:133,p
FR,context=Main$P:133,p
NO,object=Main$P:134
MC,caller=Main:1#a:152,target=Main$P:134#Main$P:134
VW,context=Main$P:134#Main$P:134,a=3
NO,object=int[]:133
FW,context=int[]:133,0=0
FW,context=int[]:133,1=3
FW,context=int[]:133,2=1
FW,context=int[]:133,3=0
VW,context=Main$P:134#Main$P:134,b=int[]:133
FW,context=Main$P:134,d=3
FW,context=Main$P:134,p=int[]:133
ME,returner=Main$P:134#Main$P:134,value=<void>
VW,context=Main:1#a:152,np=Main$P:134
FR,context=Main$P:134,p
FR,context=Main$P:134,p
FR,context=Main:1,d
MC,caller=Main:1#a:152,target=Main$P:134#compareTo:219
VW,context=Main$P:134#compareTo:219,t=Main$P:1
FR,context=Main$P:134,d
FR,context=Main$P:1,d
FR,context=Main$P:134,d
FR,context=Main$P:1,d
VW,context=Main$P:134#compareTo:219,result=3
ME,returner=Main$P:134#compareTo:219,value=3
ME,returner=Main:1#a:152,value=<void>
FR,context=Main:1,n
VW,context=Main:1#d:16,i=1
FR,context=Main:1,d
MC,caller=Main:1#d:16,target=Main:1#a:153
VW,context=Main:1#a:153,p=Main$P:133
VW,context=Main:1#a:153,f=1
VW,context=Main:1#a:153,t=1
FR,context=Main:1,c
FR,context=Main:1,INF
ME,returner=Main:1#a:153,value=<void>
FR,context=Main:1,n
VW,context=Main:1#d:16,i=2
FR,context=Main:1,n
VW,context=Main:1#d:16,i=3
FR,context=Main:1,d
MC,caller=Main:1#d:16,target=Main:1#a:154
VW,context=Main:1#a:154,p=Main$P:133
VW,context=Main:1#a:154,f=1
VW,context=Main:1#a:154,t=3
FR,context=Main:1,c
FR,context=Main:1,INF
FR,context=Main$P:133,d
FR,context=Main:1,c
FR,context=Main$P:133,p
FR,context=Main$P:133,p
NO,object=Main$P:135
MC,caller=Main:1#a:154,target=Main$P:135#Main$P:135
VW,context=Main$P:135#Main$P:135,a=4
NO,object=int[]:134
FW,context=int[]:134,0=0
FW,context=int[]:134,1=3
FW,context=int[]:134,2=1
FW,context=int[]:134,3=0
VW,context=Main$P:135#Main$P:135,b=int[]:134
FW,context=Main$P:135,d=4
FW,context=Main$P:135,p=int[]:134
ME,returner=Main$P:135#Main$P:135,value=<void>
VW,context=Main:1#a:154,np=Main$P:135
FR,context=Main$P:135,p
FR,context=Main$P:135,p
FR,context=Main:1,d
MC,caller=Main:1#a:154,target=Main$P:135#compareTo:220
VW,context=Main$P:135#compareTo:220,t=Main$P:1
FR,context=Main$P:135,d
FR,context=Main$P:1,d
FR,context=Main$P:135,d
FR,context=Main$P:1,d
VW,context=Main$P:135#compareTo:220,result=4
ME,returner=Main$P:135#compareTo:220,value=4
ME,returner=Main:1#a:154,value=<void>
FR,context=Main:1,n
VW,context=Main:1#d:16,i=4
FR,context=Main:1,n
FR,context=Main:1,q
ME,returner=Main:1#d:16,value=<void>
FR,context=Main:1,d
FR,context=Main:1,b
FR,context=Main$P:128,x
FR,context=Main$P:128,p
FR,context=Main:1,k
VW,context=Main:1#kd:1,i=9
FR,context=Main:1,kq
FR,context=Main:1,kq
MC,caller=Main:1#kd:1,target=Ljava/util/AbstractQueue;.remove()
MC,caller=Ljava/util/AbstractQueue;.remove(),target=Ljava/util/AbstractQueue;.remove()
MC,caller=Ljava/util/AbstractQueue;.remove(),target=Ljava/util/PriorityQueue;.poll()
MC,caller=Ljava/util/PriorityQueue;.poll(),target=Ljava/util/PriorityQueue;.siftDown(ILjava/lang/Object;)
MC,caller=Ljava/util/PriorityQueue;.siftDown(ILjava/lang/Object;),target=Ljava/util/PriorityQueue;.siftDownComparable(ILjava/lang/Object;)
ME,returner=Ljava/util/PriorityQueue;.siftDownComparable(ILjava/lang/Object;),value=<void>
ME,returner=Ljava/util/PriorityQueue;.siftDown(ILjava/lang/Object;),value=<void>
ME,returner=Ljava/util/PriorityQueue;.poll(),value=<void>
ME,returner=Ljava/util/AbstractQueue;.remove(),value=<void>
MC,caller=Ljava/util/AbstractQueue;.remove(),target=Ljava/util/PriorityQueue;.siftDown(ILjava/lang/Object;)
MC,caller=Ljava/util/PriorityQueue;.siftDown(ILjava/lang/Object;),target=Ljava/util/PriorityQueue;.siftDown(ILjava/lang/Object;)
MC,caller=Ljava/util/PriorityQueue;.siftDown(ILjava/lang/Object;),target=Ljava/util/PriorityQueue;.siftDownComparable(ILjava/lang/Object;)
MC,caller=Ljava/util/PriorityQueue;.siftDownComparable(ILjava/lang/Object;),target=LMain$P;.compareTo(Ljava/lang/Object;) <BRIDGE>
MC,caller=LMain$P;.compareTo(Ljava/lang/Object;) <BRIDGE>,target=Main$P:61#compareTo:221
VW,context=Main$P:61#compareTo:221,t=Main$P:84
FR,context=Main$P:61,d
FR,context=Main$P:84,d
FR,context=Main$P:61,p
VW,context=Main$P:61#compareTo:221,i=0
FR,context=Main$P:84,p
FR,context=Main$P:61,p
FR,context=Main$P:84,p
FR,context=Main$P:61,p
VW,context=Main$P:61#compareTo:221,i=1
FR,context=Main$P:84,p
FR,context=Main$P:61,p
FR,context=Main$P:84,p
FR,context=Main$P:61,p
FR,context=Main$P:84,p
VW,context=Main$P:61#compareTo:221,result=-1
ME,returner=Main$P:61#compareTo:221,value=-1
MC,caller=LMain$P;.compareTo(Ljava/lang/Object;) <BRIDGE>,target=Main$P:110#compareTo:222
VW,context=Main$P:110#compareTo:222,t=Main$P:61
FR,context=Main$P:110,d
FR,context=Main$P:61,d
FR,context=Main$P:110,d
FR,context=Main$P:61,d
VW,context=Main$P:110#compareTo:222,result=1
ME,returner=Main$P:110#compareTo:222,value=1
ME,returner=LMain$P;.compareTo(Ljava/lang/Object;) <BRIDGE>,value=<void>
ME,returner=Ljava/util/PriorityQueue;.siftDownComparable(ILjava/lang/Object;),value=<void>
ME,returner=Ljava/util/PriorityQueue;.siftDown(ILjava/lang/Object;),value=<void>
ME,returner=Ljava/util/PriorityQueue;.siftDown(ILjava/lang/Object;),value=<void>
ME,returner=Ljava/util/AbstractQueue;.remove(),value=<void>
VW,context=Main:1#kd:1,p=Main$P:50
FR,context=Main$P:50,s
FR,context=Main:1,n
VW,context=Main:1#kd:1,s=java.util.BitSet (id=662)
FR,context=Main$P:50,p
FR,context=Main$P:50,x
FR,context=Main$P:50,p
FR,context=Main$P:50,x
NO,object=int[]:135
FW,context=int[]:135,0=0
FW,context=int[]:135,1=1
FW,context=int[]:135,2=2
VW,context=Main:1#kd:1,op=int[]:135
VW,context=Main:1#kd:1,od=0
FR,context=Main:1,d
FR,context=Main:1,n
FR,context=Main$P:50,x
VW,context=Main:1#kd:1,j=2
FR,context=Main:1,c
FR,context=Main$P:50,p
FR,context=Main$P:50,p
VW,context=Main:1#kd:1,od=1
FR,context=Main:1,d
FR,context=Main$P:50,p
FR,context=Main:1,z
FR,context=Main$P:50,x
VW,context=Main:1#kd:1,j=3
FR,context=Main:1,c
FR,context=Main$P:50,p
FR,context=Main$P:50,p
VW,context=Main:1#kd:1,od=2
FR,context=Main:1,d
FR,context=Main$P:50,p
FR,context=Main:1,z
FR,context=Main$P:50,x
FR,context=Main$P:50,p
FR,context=Main$P:50,x
MC,caller=Main:1#kd:1,target=Main:1#d:17
VW,context=Main:1#d:17,s=java.util.BitSet (id=662)
VW,context=Main:1#d:17,a=2
VW,context=Main:1#d:17,od=2
VW,context=Main:1#d:17,op=int[]:135
FR,context=Main:1,q
FR,context=Main:1,d
NO,object=Main$P:136
MC,caller=Main:1#d:17,target=Main$P:136#Main$P:136
VW,context=Main$P:136#Main$P:136,a=2
VW,context=Main$P:136#Main$P:136,b=int[]:135
FW,context=Main$P:136,d=2
FW,context=Main$P:136,p=int[]:135
ME,returner=Main$P:136#Main$P:136,value=<void>
FR,context=Main:1,n
VW,context=Main:1#d:17,i=0
FR,context=Main:1,d
MC,caller=Main:1#d:17,target=Main:1#a:155
VW,context=Main:1#a:155,p=Main$P:136
VW,context=Main:1#a:155,f=2
VW,context=Main:1#a:155,t=0
FR,context=Main:1,c
FR,context=Main:1,INF
FR,context=Main$P:136,d
FR,context=Main:1,c
FR,context=Main$P:136,p
FR,context=Main$P:136,p
NO,object=Main$P:137
MC,caller=Main:1#a:155,target=Main$P:137#Main$P:137
VW,context=Main$P:137#Main$P:137,a=3
NO,object=int[]:136
FW,context=int[]:136,0=0
FW,context=int[]:136,1=1
FW,context=int[]:136,2=2
FW,context=int[]:136,3=0
VW,context=Main$P:137#Main$P:137,b=int[]:136
FW,context=Main$P:137,d=3
FW,context=Main$P:137,p=int[]:136
ME,returner=Main$P:137#Main$P:137,value=<void>
VW,context=Main:1#a:155,np=Main$P:137
FR,context=Main$P:137,p
FR,context=Main$P:137,p
FR,context=Main:1,d
MC,caller=Main:1#a:155,target=Main$P:137#compareTo:223
VW,context=Main$P:137#compareTo:223,t=Main$P:1
FR,context=Main$P:137,d
FR,context=Main$P:1,d
FR,context=Main$P:137,d
FR,context=Main$P:1,d
VW,context=Main$P:137#compareTo:223,result=3
ME,returner=Main$P:137#compareTo:223,value=3
ME,returner=Main:1#a:155,value=<void>
FR,context=Main:1,n
VW,context=Main:1#d:17,i=1
FR,context=Main:1,d
MC,caller=Main:1#d:17,target=Main:1#a:156
VW,context=Main:1#a:156,p=Main$P:136
VW,context=Main:1#a:156,f=2
VW,context=Main:1#a:156,t=1
FR,context=Main:1,c
FR,context=Main:1,INF
FR,context=Main$P:136,d
FR,context=Main:1,c
FR,context=Main$P:136,p
FR,context=Main$P:136,p
NO,object=Main$P:138
MC,caller=Main:1#a:156,target=Main$P:138#Main$P:138
VW,context=Main$P:138#Main$P:138,a=4
NO,object=int[]:137
FW,context=int[]:137,0=0
FW,context=int[]:137,1=1
FW,context=int[]:137,2=2
FW,context=int[]:137,3=0
VW,context=Main$P:138#Main$P:138,b=int[]:137
FW,context=Main$P:138,d=4
FW,context=Main$P:138,p=int[]:137
ME,returner=Main$P:138#Main$P:138,value=<void>
VW,context=Main:1#a:156,np=Main$P:138
FR,context=Main$P:138,p
FR,context=Main$P:138,p
FR,context=Main:1,d
MC,caller=Main:1#a:156,target=Main$P:138#compareTo:224
VW,context=Main$P:138#compareTo:224,t=Main$P:1
FR,context=Main$P:138,d
FR,context=Main$P:1,d
FR,context=Main$P:138,d
FR,context=Main$P:1,d
VW,context=Main$P:138#compareTo:224,result=4
ME,returner=Main$P:138#compareTo:224,value=4
ME,returner=Main:1#a:156,value=<void>
FR,context=Main:1,n
VW,context=Main:1#d:17,i=2
FR,context=Main:1,d
MC,caller=Main:1#d:17,target=Main:1#a:157
VW,context=Main:1#a:157,p=Main$P:136
VW,context=Main:1#a:157,f=2
VW,context=Main:1#a:157,t=2
FR,context=Main:1,c
FR,context=Main:1,INF
ME,returner=Main:1#a:157,value=<void>
FR,context=Main:1,n
VW,context=Main:1#d:17,i=3
FR,context=Main:1,n
VW,context=Main:1#d:17,i=4
FR,context=Main:1,n
FR,context=Main:1,q
ME,returner=Main:1#d:17,value=<void>
FR,context=Main:1,d
FR,context=Main:1,b
FR,context=Main$P:50,x
FR,context=Main$P:50,p
FR,context=Main:1,n
VW,context=Main:1#kd:1,s=java.util.BitSet (id=669)
FR,context=Main$P:50,p
FR,context=Main$P:50,p
NO,object=int[]:138
FW,context=int[]:138,0=0
FW,context=int[]:138,1=1
FW,context=int[]:138,2=2
FW,context=int[]:138,3=3
VW,context=Main:1#kd:1,op=int[]:138
FR,context=Main:1,c
FR,context=Main$P:50,p
FR,context=Main$P:50,p
VW,context=Main:1#kd:1,od=3
FR,context=Main:1,d
FR,context=Main:1,n
FR,context=Main:1,d
FR,context=Main$P:50,p
FR,context=Main:1,z
FR,context=Main:1,d
FR,context=Main$P:50,p
FR,context=Main:1,z
FR,context=Main:1,d
FR,context=Main$P:50,p
FR,context=Main:1,z
FR,context=Main$P:50,p
MC,caller=Main:1#kd:1,target=Main:1#d:18
VW,context=Main:1#d:18,s=java.util.BitSet (id=669)
VW,context=Main:1#d:18,a=3
VW,context=Main:1#d:18,od=3
VW,context=Main:1#d:18,op=int[]:138
FR,context=Main:1,q
FR,context=Main:1,d
NO,object=Main$P:139
MC,caller=Main:1#d:18,target=Main$P:139#Main$P:139
VW,context=Main$P:139#Main$P:139,a=3
VW,context=Main$P:139#Main$P:139,b=int[]:138
FW,context=Main$P:139,d=3
FW,context=Main$P:139,p=int[]:138
ME,returner=Main$P:139#Main$P:139,value=<void>
FR,context=Main:1,n
VW,context=Main:1#d:18,i=0
FR,context=Main:1,d
MC,caller=Main:1#d:18,target=Main:1#a:158
VW,context=Main:1#a:158,p=Main$P:139
VW,context=Main:1#a:158,f=3
VW,context=Main:1#a:158,t=0
FR,context=Main:1,c
FR,context=Main:1,INF
FR,context=Main$P:139,d
FR,context=Main:1,c
FR,context=Main$P:139,p
FR,context=Main$P:139,p
NO,object=Main$P:140
MC,caller=Main:1#a:158,target=Main$P:140#Main$P:140
VW,context=Main$P:140#Main$P:140,a=4
NO,object=int[]:139
FW,context=int[]:139,0=0
FW,context=int[]:139,1=1
FW,context=int[]:139,2=2
FW,context=int[]:139,3=3
FW,context=int[]:139,4=0
VW,context=Main$P:140#Main$P:140,b=int[]:139
FW,context=Main$P:140,d=4
FW,context=Main$P:140,p=int[]:139
ME,returner=Main$P:140#Main$P:140,value=<void>
VW,context=Main:1#a:158,np=Main$P:140
FR,context=Main$P:140,p
FR,context=Main$P:140,p
FR,context=Main:1,d
MC,caller=Main:1#a:158,target=Main$P:140#compareTo:225
VW,context=Main$P:140#compareTo:225,t=Main$P:1
FR,context=Main$P:140,d
FR,context=Main$P:1,d
FR,context=Main$P:140,d
FR,context=Main$P:1,d
VW,context=Main$P:140#compareTo:225,result=4
ME,returner=Main$P:140#compareTo:225,value=4
ME,returner=Main:1#a:158,value=<void>
FR,context=Main:1,n
VW,context=Main:1#d:18,i=1
FR,context=Main:1,d
MC,caller=Main:1#d:18,target=Main:1#a:159
VW,context=Main:1#a:159,p=Main$P:139
VW,context=Main:1#a:159,f=3
VW,context=Main:1#a:159,t=1
FR,context=Main:1,c
FR,context=Main:1,INF
FR,context=Main$P:139,d
FR,context=Main:1,c
FR,context=Main$P:139,p
FR,context=Main$P:139,p
NO,object=Main$P:141
MC,caller=Main:1#a:159,target=Main$P:141#Main$P:141
VW,context=Main$P:141#Main$P:141,a=4
NO,object=int[]:140
FW,context=int[]:140,0=0
FW,context=int[]:140,1=1
FW,context=int[]:140,2=2
FW,context=int[]:140,3=3
FW,context=int[]:140,4=0
VW,context=Main$P:141#Main$P:141,b=int[]:140
FW,context=Main$P:141,d=4
FW,context=Main$P:141,p=int[]:140
ME,returner=Main$P:141#Main$P:141,value=<void>
VW,context=Main:1#a:159,np=Main$P:141
FR,context=Main$P:141,p
FR,context=Main$P:141,p
FR,context=Main:1,d
MC,caller=Main:1#a:159,target=Main$P:141#compareTo:226
VW,context=Main$P:141#compareTo:226,t=Main$P:1
FR,context=Main$P:141,d
FR,context=Main$P:1,d
FR,context=Main$P:141,d
FR,context=Main$P:1,d
VW,context=Main$P:141#compareTo:226,result=4
ME,returner=Main$P:141#compareTo:226,value=4
ME,returner=Main:1#a:159,value=<void>
FR,context=Main:1,n
VW,context=Main:1#d:18,i=2
FR,context=Main:1,d
MC,caller=Main:1#d:18,target=Main:1#a:160
VW,context=Main:1#a:160,p=Main$P:139
VW,context=Main:1#a:160,f=3
VW,context=Main:1#a:160,t=2
FR,context=Main:1,c
FR,context=Main:1,INF
FR,context=Main$P:139,d
FR,context=Main:1,c
FR,context=Main$P:139,p
FR,context=Main$P:139,p
NO,object=Main$P:142
MC,caller=Main:1#a:160,target=Main$P:142#Main$P:142
VW,context=Main$P:142#Main$P:142,a=4
NO,object=int[]:141
FW,context=int[]:141,0=0
FW,context=int[]:141,1=1
FW,context=int[]:141,2=2
FW,context=int[]:141,3=3
FW,context=int[]:141,4=0
VW,context=Main$P:142#Main$P:142,b=int[]:141
FW,context=Main$P:142,d=4
FW,context=Main$P:142,p=int[]:141
ME,returner=Main$P:142#Main$P:142,value=<void>
VW,context=Main:1#a:160,np=Main$P:142
FR,context=Main$P:142,p
FR,context=Main$P:142,p
FR,context=Main:1,d
MC,caller=Main:1#a:160,target=Main$P:142#compareTo:227
VW,context=Main$P:142#compareTo:227,t=Main$P:1
FR,context=Main$P:142,d
FR,context=Main$P:1,d
FR,context=Main$P:142,d
FR,context=Main$P:1,d
VW,context=Main$P:142#compareTo:227,result=4
ME,returner=Main$P:142#compareTo:227,value=4
ME,returner=Main:1#a:160,value=<void>
FR,context=Main:1,n
VW,context=Main:1#d:18,i=3
FR,context=Main:1,d
MC,caller=Main:1#d:18,target=Main:1#a:161
VW,context=Main:1#a:161,p=Main$P:139
VW,context=Main:1#a:161,f=3
VW,context=Main:1#a:161,t=3
FR,context=Main:1,c
FR,context=Main:1,INF
ME,returner=Main:1#a:161,value=<void>
FR,context=Main:1,n
VW,context=Main:1#d:18,i=4
FR,context=Main:1,n
FR,context=Main:1,q
ME,returner=Main:1#d:18,value=<void>
FR,context=Main:1,d
FR,context=Main:1,b
FR,context=Main$P:50,p
FR,context=Main:1,k
ME,returner=Main:1#kd:1,value=<void>
FR,context=Main:1,kq
VD,method=Main:1#run:1 <name=i,type=int (id=7),value=<?>,index=1>
FR,context=Main:1,kq
MC,caller=Main:1#run:1,target=Ljava/util/AbstractQueue;.remove()
MC,caller=Ljava/util/AbstractQueue;.remove(),target=Ljava/util/AbstractQueue;.remove()
MC,caller=Ljava/util/AbstractQueue;.remove(),target=Ljava/util/PriorityQueue;.poll()
MC,caller=Ljava/util/PriorityQueue;.poll(),target=Ljava/util/PriorityQueue;.siftDown(ILjava/lang/Object;)
MC,caller=Ljava/util/PriorityQueue;.siftDown(ILjava/lang/Object;),target=Ljava/util/PriorityQueue;.siftDownComparable(ILjava/lang/Object;)
ME,returner=Ljava/util/PriorityQueue;.siftDownComparable(ILjava/lang/Object;),value=<void>
ME,returner=Ljava/util/PriorityQueue;.siftDown(ILjava/lang/Object;),value=<void>
ME,returner=Ljava/util/PriorityQueue;.poll(),value=<void>
ME,returner=Ljava/util/AbstractQueue;.remove(),value=<void>
MC,caller=Ljava/util/AbstractQueue;.remove(),target=Ljava/util/PriorityQueue;.siftDown(ILjava/lang/Object;)
MC,caller=Ljava/util/PriorityQueue;.siftDown(ILjava/lang/Object;),target=Ljava/util/PriorityQueue;.siftDown(ILjava/lang/Object;)
MC,caller=Ljava/util/PriorityQueue;.siftDown(ILjava/lang/Object;),target=Ljava/util/PriorityQueue;.siftDownComparable(ILjava/lang/Object;)
MC,caller=Ljava/util/PriorityQueue;.siftDownComparable(ILjava/lang/Object;),target=LMain$P;.compareTo(Ljava/lang/Object;) <BRIDGE>
MC,caller=LMain$P;.compareTo(Ljava/lang/Object;) <BRIDGE>,target=Main$P:84#compareTo:228
VW,context=Main$P:84#compareTo:228,t=Main$P:110
FR,context=Main$P:84,d
FR,context=Main$P:110,d
FR,context=Main$P:84,d
FR,context=Main$P:110,d
VW,context=Main$P:84#compareTo:228,result=-1
ME,returner=Main$P:84#compareTo:228,value=-1
ME,returner=LMain$P;.compareTo(Ljava/lang/Object;) <BRIDGE>,value=<void>
ME,returner=Ljava/util/PriorityQueue;.siftDownComparable(ILjava/lang/Object;),value=<void>
ME,returner=Ljava/util/PriorityQueue;.siftDown(ILjava/lang/Object;),value=<void>
ME,returner=Ljava/util/PriorityQueue;.siftDown(ILjava/lang/Object;),value=<void>
ME,returner=Ljava/util/AbstractQueue;.remove(),value=<void>
VW,context=Main:1#run:1,p=Main$P:61
FR,context=Main$P:61,p
VW,context=Main:1#run:1,i=0
FR,context=Main$P:61,p
FR,context=Main$P:61,p
VW,context=Main:1#run:1,i=1
FR,context=Main$P:61,p
FR,context=Main$P:61,p
VW,context=Main:1#run:1,i=2
FR,context=Main$P:61,p
FR,context=Main$P:61,p
VW,context=Main:1#run:1,i=3
FR,context=Main$P:61,p
FR,context=Main$P:61,p
VW,context=Main:1#run:1,i=4
FR,context=Main$P:61,p
VD,method=Main:1#run:1 <name=p,type=Main$P (id=97),value=<?>,index=4>
VD,method=Main:1#run:1 <name=i,type=int (id=7),value=<?>,index=5>
FR,context=Main:1,sc
FW,context=Main:1,n=4
FR,context=Main:1,sc
FW,context=Main:1,m=6
FR,context=Main:1,sc
FW,context=Main:1,k=1
FR,context=Main:1,sc
FW,context=Main:1,a=1
FR,context=Main:1,sc
FW,context=Main:1,b=4
FR,context=Main:1,n
FR,context=Main:1,m
FR,context=Main:1,k
FR,context=Main:1,a
FW,context=Main:1,a=0
FR,context=Main:1,b
FW,context=Main:1,b=3
FR,context=Main:1,n
FR,context=Main:1,c
FR,context=Main:1,n
FR,context=Main:1,INF
FR,context=Main:1,n
FR,context=Main:1,c
FR,context=Main:1,n
FR,context=Main:1,INF
FR,context=Main:1,n
FR,context=Main:1,c
FR,context=Main:1,n
FR,context=Main:1,INF
FR,context=Main:1,n
FR,context=Main:1,c
FR,context=Main:1,n
FR,context=Main:1,INF
FR,context=Main:1,n
FR,context=Main:1,m
VW,context=Main:1#run:1,i=0
FR,context=Main:1,sc
VW,context=Main:1#run:1,x=1
FR,context=Main:1,sc
VW,context=Main:1#run:1,y=3
FR,context=Main:1,c
FR,context=Main:1,sc
FR,context=Main:1,m
VW,context=Main:1#run:1,i=1
VD,method=Main:1#run:1 <name=x,type=int (id=7),value=<?>,index=2>
VD,method=Main:1#run:1 <name=y,type=int (id=7),value=<?>,index=3>
FR,context=Main:1,sc
VW,context=Main:1#run:1,x=0
FR,context=Main:1,sc
VW,context=Main:1#run:1,y=2
FR,context=Main:1,c
FR,context=Main:1,sc
FR,context=Main:1,m
VW,context=Main:1#run:1,i=2
VD,method=Main:1#run:1 <name=x,type=int (id=7),value=<?>,index=2>
VD,method=Main:1#run:1 <name=y,type=int (id=7),value=<?>,index=3>
FR,context=Main:1,sc
VW,context=Main:1#run:1,x=0
FR,context=Main:1,sc
VW,context=Main:1#run:1,y=1
FR,context=Main:1,c
FR,context=Main:1,sc
FR,context=Main:1,m
VW,context=Main:1#run:1,i=3
VD,method=Main:1#run:1 <name=x,type=int (id=7),value=<?>,index=2>
VD,method=Main:1#run:1 <name=y,type=int (id=7),value=<?>,index=3>
FR,context=Main:1,sc
VW,context=Main:1#run:1,x=0
FR,context=Main:1,sc
VW,context=Main:1#run:1,y=3
FR,context=Main:1,c
FR,context=Main:1,sc
FR,context=Main:1,m
VW,context=Main:1#run:1,i=4
VD,method=Main:1#run:1 <name=x,type=int (id=7),value=<?>,index=2>
VD,method=Main:1#run:1 <name=y,type=int (id=7),value=<?>,index=3>
FR,context=Main:1,sc
VW,context=Main:1#run:1,x=1
FR,context=Main:1,sc
VW,context=Main:1#run:1,y=2
FR,context=Main:1,c
FR,context=Main:1,sc
FR,context=Main:1,m
VW,context=Main:1#run:1,i=5
VD,method=Main:1#run:1 <name=x,type=int (id=7),value=<?>,index=2>
VD,method=Main:1#run:1 <name=y,type=int (id=7),value=<?>,index=3>
FR,context=Main:1,sc
VW,context=Main:1#run:1,x=2
FR,context=Main:1,sc
VW,context=Main:1#run:1,y=3
FR,context=Main:1,c
FR,context=Main:1,sc
FR,context=Main:1,m
VD,method=Main:1#run:1 <name=x,type=int (id=7),value=<?>,index=2>
VD,method=Main:1#run:1 <name=y,type=int (id=7),value=<?>,index=3>
MC,caller=Main:1#run:1,target=Main:1#kd:2
FR,context=Main:1,kq
FR,context=Main:1,n
VW,context=Main:1#kd:2,s=java.util.BitSet (id=678)
FR,context=Main:1,d
FR,context=Main:1,n
FR,context=Main:1,a
FR,context=Main:1,a
MC,caller=Main:1#kd:2,target=Main:1#d:19
VW,context=Main:1#d:19,s=java.util.BitSet (id=678)
VW,context=Main:1#d:19,a=0
VW,context=Main:1#d:19,od=0
NO,object=int[]:142
FW,context=int[]:142,0=0
VW,context=Main:1#d:19,op=int[]:142
FR,context=Main:1,q
FR,context=Main:1,d
NO,object=Main$P:143
MC,caller=Main:1#d:19,target=Main$P:143#Main$P:143
VW,context=Main$P:143#Main$P:143,a=0
VW,context=Main$P:143#Main$P:143,b=int[]:142
FW,context=Main$P:143,d=0
FW,context=Main$P:143,p=int[]:142
ME,returner=Main$P:143#Main$P:143,value=<void>
FR,context=Main:1,n
VW,context=Main:1#d:19,i=0
FR,context=Main:1,d
MC,caller=Main:1#d:19,target=Main:1#a:162
VW,context=Main:1#a:162,p=Main$P:143
VW,context=Main:1#a:162,f=0
VW,context=Main:1#a:162,t=0
FR,context=Main:1,c
FR,context=Main:1,INF
ME,returner=Main:1#a:162,value=<void>
FR,context=Main:1,n
VW,context=Main:1#d:19,i=1
FR,context=Main:1,d
MC,caller=Main:1#d:19,target=Main:1#a:163
VW,context=Main:1#a:163,p=Main$P:143
VW,context=Main:1#a:163,f=0
VW,context=Main:1#a:163,t=1
FR,context=Main:1,c
FR,context=Main:1,INF
FR,context=Main$P:143,d
FR,context=Main:1,c
FR,context=Main$P:143,p
FR,context=Main$P:143,p
NO,object=Main$P:144
MC,caller=Main:1#a:163,target=Main$P:144#Main$P:144
VW,context=Main$P:144#Main$P:144,a=1
NO,object=int[]:143
FW,context=int[]:143,0=0
FW,context=int[]:143,1=0
VW,context=Main$P:144#Main$P:144,b=int[]:143
FW,context=Main$P:144,d=1
FW,context=Main$P:144,p=int[]:143
ME,returner=Main$P:144#Main$P:144,value=<void>
VW,context=Main:1#a:163,np=Main$P:144
FR,context=Main$P:144,p
FR,context=Main$P:144,p
FR,context=Main:1,d
MC,caller=Main:1#a:163,target=Main$P:144#compareTo:229
VW,context=Main$P:144#compareTo:229,t=null
VW,context=Main$P:144#compareTo:229,result=-1
ME,returner=Main$P:144#compareTo:229,value=-1
FR,context=Main:1,d
FR,context=Main:1,q
FR,context=Main:1,d
ME,returner=Main:1#a:163,value=<void>
FR,context=Main:1,n
VW,context=Main:1#d:19,i=2
FR,context=Main:1,d
MC,caller=Main:1#d:19,target=Main:1#a:164
VW,context=Main:1#a:164,p=Main$P:143
VW,context=Main:1#a:164,f=0
VW,context=Main:1#a:164,t=2
FR,context=Main:1,c
FR,context=Main:1,INF
FR,context=Main$P:143,d
FR,context=Main:1,c
FR,context=Main$P:143,p
FR,context=Main$P:143,p
NO,object=Main$P:145
MC,caller=Main:1#a:164,target=Main$P:145#Main$P:145
VW,context=Main$P:145#Main$P:145,a=2
NO,object=int[]:144
FW,context=int[]:144,0=0
FW,context=int[]:144,1=0
VW,context=Main$P:145#Main$P:145,b=int[]:144
FW,context=Main$P:145,d=2
FW,context=Main$P:145,p=int[]:144
ME,returner=Main$P:145#Main$P:145,value=<void>
VW,context=Main:1#a:164,np=Main$P:145
FR,context=Main$P:145,p
FR,context=Main$P:145,p
FR,context=Main:1,d
MC,caller=Main:1#a:164,target=Main$P:145#compareTo:230
VW,context=Main$P:145#compareTo:230,t=null
VW,context=Main$P:145#compareTo:230,result=-1
ME,returner=Main$P:145#compareTo:230,value=-1
FR,context=Main:1,d
FR,context=Main:1,q
FR,context=Main:1,d
MC,caller=Main:1#a:164,target=Ljava/util/PriorityQueue;.add(Ljava/lang/Object;)
MC,caller=Ljava/util/PriorityQueue;.add(Ljava/lang/Object;),target=Ljava/util/PriorityQueue;.add(Ljava/lang/Object;)
MC,caller=Ljava/util/PriorityQueue;.add(Ljava/lang/Object;),target=Ljava/util/PriorityQueue;.offer(Ljava/lang/Object;)
MC,caller=Ljava/util/PriorityQueue;.offer(Ljava/lang/Object;),target=Ljava/util/PriorityQueue;.siftUp(ILjava/lang/Object;)
MC,caller=Ljava/util/PriorityQueue;.siftUp(ILjava/lang/Object;),target=Ljava/util/PriorityQueue;.siftUpComparable(ILjava/lang/Object;)
ME,returner=Ljava/util/PriorityQueue;.siftUpComparable(ILjava/lang/Object;),value=<void>
ME,returner=Ljava/util/PriorityQueue;.siftUp(ILjava/lang/Object;),value=<void>
ME,returner=Ljava/util/PriorityQueue;.offer(Ljava/lang/Object;),value=<void>
ME,returner=Ljava/util/PriorityQueue;.add(Ljava/lang/Object;),value=<void>
MC,caller=Ljava/util/PriorityQueue;.add(Ljava/lang/Object;),target=Ljava/util/PriorityQueue;.siftUp(ILjava/lang/Object;)
MC,caller=Ljava/util/PriorityQueue;.siftUp(ILjava/lang/Object;),target=Ljava/util/PriorityQueue;.siftUp(ILjava/lang/Object;)
MC,caller=Ljava/util/PriorityQueue;.siftUp(ILjava/lang/Object;),target=Ljava/util/PriorityQueue;.siftUpComparable(ILjava/lang/Object;)
MC,caller=Ljava/util/PriorityQueue;.siftUpComparable(ILjava/lang/Object;),target=LMain$P;.compareTo(Ljava/lang/Object;) <BRIDGE>
MC,caller=LMain$P;.compareTo(Ljava/lang/Object;) <BRIDGE>,target=Main$P:145#compareTo:231
VW,context=Main$P:145#compareTo:231,t=Main$P:144
FR,context=Main$P:145,d
FR,context=Main$P:144,d
FR,context=Main$P:145,d
FR,context=Main$P:144,d
VW,context=Main$P:145#compareTo:231,result=1
ME,returner=Main$P:145#compareTo:231,value=1
ME,returner=LMain$P;.compareTo(Ljava/lang/Object;) <BRIDGE>,value=<void>
ME,returner=Ljava/util/PriorityQueue;.siftUpComparable(ILjava/lang/Object;),value=<void>
ME,returner=Ljava/util/PriorityQueue;.siftUp(ILjava/lang/Object;),value=<void>
ME,returner=Ljava/util/PriorityQueue;.siftUp(ILjava/lang/Object;),value=<void>
ME,returner=Ljava/util/PriorityQueue;.add(Ljava/lang/Object;),value=<void>
ME,returner=Main:1#a:164,value=<void>
FR,context=Main:1,n
VW,context=Main:1#d:19,i=3
FR,context=Main:1,d
MC,caller=Main:1#d:19,target=Main:1#a:165
VW,context=Main:1#a:165,p=Main$P:143
VW,context=Main:1#a:165,f=0
VW,context=Main:1#a:165,t=3
FR,context=Main:1,c
FR,context=Main:1,INF
FR,context=Main$P:143,d
FR,context=Main:1,c
FR,context=Main$P:143,p
FR,context=Main$P:143,p
NO,object=Main$P:146
MC,caller=Main:1#a:165,target=Main$P:146#Main$P:146
VW,context=Main$P:146#Main$P:146,a=3
NO,object=int[]:145
FW,context=int[]:145,0=0
FW,context=int[]:145,1=0
VW,context=Main$P:146#Main$P:146,b=int[]:145
FW,context=Main$P:146,d=3
FW,context=Main$P:146,p=int[]:145
ME,returner=Main$P:146#Main$P:146,value=<void>
VW,context=Main:1#a:165,np=Main$P:146
FR,context=Main$P:146,p
FR,context=Main$P:146,p
FR,context=Main:1,d
MC,caller=Main:1#a:165,target=Main$P:146#compareTo:232
VW,context=Main$P:146#compareTo:232,t=null
VW,context=Main$P:146#compareTo:232,result=-1
ME,returner=Main$P:146#compareTo:232,value=-1
FR,context=Main:1,d
FR,context=Main:1,q
FR,context=Main:1,d
MC,caller=Main:1#a:165,target=Ljava/util/PriorityQueue;.add(Ljava/lang/Object;)
MC,caller=Ljava/util/PriorityQueue;.add(Ljava/lang/Object;),target=Ljava/util/PriorityQueue;.add(Ljava/lang/Object;)
MC,caller=Ljava/util/PriorityQueue;.add(Ljava/lang/Object;),target=Ljava/util/PriorityQueue;.offer(Ljava/lang/Object;)
MC,caller=Ljava/util/PriorityQueue;.offer(Ljava/lang/Object;),target=Ljava/util/PriorityQueue;.siftUp(ILjava/lang/Object;)
MC,caller=Ljava/util/PriorityQueue;.siftUp(ILjava/lang/Object;),target=Ljava/util/PriorityQueue;.siftUpComparable(ILjava/lang/Object;)
ME,returner=Ljava/util/PriorityQueue;.siftUpComparable(ILjava/lang/Object;),value=<void>
ME,returner=Ljava/util/PriorityQueue;.siftUp(ILjava/lang/Object;),value=<void>
ME,returner=Ljava/util/PriorityQueue;.offer(Ljava/lang/Object;),value=<void>
ME,returner=Ljava/util/PriorityQueue;.add(Ljava/lang/Object;),value=<void>
MC,caller=Ljava/util/PriorityQueue;.add(Ljava/lang/Object;),target=Ljava/util/PriorityQueue;.siftUp(ILjava/lang/Object;)
MC,caller=Ljava/util/PriorityQueue;.siftUp(ILjava/lang/Object;),target=Ljava/util/PriorityQueue;.siftUp(ILjava/lang/Object;)
MC,caller=Ljava/util/PriorityQueue;.siftUp(ILjava/lang/Object;),target=Ljava/util/PriorityQueue;.siftUpComparable(ILjava/lang/Object;)
MC,caller=Ljava/util/PriorityQueue;.siftUpComparable(ILjava/lang/Object;),target=LMain$P;.compareTo(Ljava/lang/Object;) <BRIDGE>
MC,caller=LMain$P;.compareTo(Ljava/lang/Object;) <BRIDGE>,target=Main$P:146#compareTo:233
VW,context=Main$P:146#compareTo:233,t=Main$P:144
FR,context=Main$P:146,d
FR,context=Main$P:144,d
FR,context=Main$P:146,d
FR,context=Main$P:144,d
VW,context=Main$P:146#compareTo:233,result=2
ME,returner=Main$P:146#compareTo:233,value=2
ME,returner=LMain$P;.compareTo(Ljava/lang/Object;) <BRIDGE>,value=<void>
ME,returner=Ljava/util/PriorityQueue;.siftUpComparable(ILjava/lang/Object;),value=<void>
ME,returner=Ljava/util/PriorityQueue;.siftUp(ILjava/lang/Object;),value=<void>
ME,returner=Ljava/util/PriorityQueue;.siftUp(ILjava/lang/Object;),value=<void>
ME,returner=Ljava/util/PriorityQueue;.add(Ljava/lang/Object;),value=<void>
ME,returner=Main:1#a:165,value=<void>
FR,context=Main:1,n
FR,context=Main:1,q
FR,context=Main:1,q
MC,caller=Main:1#d:19,target=Ljava/util/AbstractQueue;.remove()
MC,caller=Ljava/util/AbstractQueue;.remove(),target=Ljava/util/AbstractQueue;.remove()
MC,caller=Ljava/util/AbstractQueue;.remove(),target=Ljava/util/PriorityQueue;.poll()
MC,caller=Ljava/util/PriorityQueue;.poll(),target=Ljava/util/PriorityQueue;.siftDown(ILjava/lang/Object;)
MC,caller=Ljava/util/PriorityQueue;.siftDown(ILjava/lang/Object;),target=Ljava/util/PriorityQueue;.siftDownComparable(ILjava/lang/Object;)
ME,returner=Ljava/util/PriorityQueue;.siftDownComparable(ILjava/lang/Object;),value=<void>
ME,returner=Ljava/util/PriorityQueue;.siftDown(ILjava/lang/Object;),value=<void>
ME,returner=Ljava/util/PriorityQueue;.poll(),value=<void>
ME,returner=Ljava/util/AbstractQueue;.remove(),value=<void>
MC,caller=Ljava/util/AbstractQueue;.remove(),target=Ljava/util/PriorityQueue;.siftDown(ILjava/lang/Object;)
MC,caller=Ljava/util/PriorityQueue;.siftDown(ILjava/lang/Object;),target=Ljava/util/PriorityQueue;.siftDown(ILjava/lang/Object;)
MC,caller=Ljava/util/PriorityQueue;.siftDown(ILjava/lang/Object;),target=Ljava/util/PriorityQueue;.siftDownComparable(ILjava/lang/Object;)
MC,caller=Ljava/util/PriorityQueue;.siftDownComparable(ILjava/lang/Object;),target=LMain$P;.compareTo(Ljava/lang/Object;) <BRIDGE>
MC,caller=LMain$P;.compareTo(Ljava/lang/Object;) <BRIDGE>,target=Main$P:146#compareTo:234
VW,context=Main$P:146#compareTo:234,t=Main$P:145
FR,context=Main$P:146,d
FR,context=Main$P:145,d
FR,context=Main$P:146,d
FR,context=Main$P:145,d
VW,context=Main$P:146#compareTo:234,result=1
ME,returner=Main$P:146#compareTo:234,value=1
ME,returner=LMain$P;.compareTo(Ljava/lang/Object;) <BRIDGE>,value=<void>
ME,returner=Ljava/util/PriorityQueue;.siftDownComparable(ILjava/lang/Object;),value=<void>
ME,returner=Ljava/util/PriorityQueue;.siftDown(ILjava/lang/Object;),value=<void>
ME,returner=Ljava/util/PriorityQueue;.siftDown(ILjava/lang/Object;),value=<void>
ME,returner=Ljava/util/AbstractQueue;.remove(),value=<void>
VW,context=Main:1#d:19,p=Main$P:144
FR,context=Main$P:144,p
FR,context=Main$P:144,p
VW,context=Main:1#d:19,v=1
FR,context=Main:1,b
FR,context=Main:1,d
MC,caller=Main:1#d:19,target=Main$P:144#compareTo:235
VW,context=Main$P:144#compareTo:235,t=Main$P:144
FR,context=Main$P:144,d
FR,context=Main$P:144,d
FR,context=Main$P:144,p
VW,context=Main$P:144#compareTo:235,i=0
FR,context=Main$P:144,p
FR,context=Main$P:144,p
FR,context=Main$P:144,p
FR,context=Main$P:144,p
VW,context=Main$P:144#compareTo:235,i=1
FR,context=Main$P:144,p
FR,context=Main$P:144,p
FR,context=Main$P:144,p
FR,context=Main$P:144,p
FR,context=Main$P:144,p
FR,context=Main$P:144,p
VW,context=Main$P:144#compareTo:235,result=0
ME,returner=Main$P:144#compareTo:235,value=0
FR,context=Main:1,n
MC,caller=Main:1#d:19,target=Main:1#a:166
VW,context=Main:1#a:166,p=Main$P:144
VW,context=Main:1#a:166,f=1
VW,context=Main:1#a:166,t=0
FR,context=Main:1,c
FR,context=Main:1,INF
ME,returner=Main:1#a:166,value=<void>
FR,context=Main:1,n
MC,caller=Main:1#d:19,target=Main:1#a:167
VW,context=Main:1#a:167,p=Main$P:144
VW,context=Main:1#a:167,f=1
VW,context=Main:1#a:167,t=1
FR,context=Main:1,c
FR,context=Main:1,INF
ME,returner=Main:1#a:167,value=<void>
FR,context=Main:1,n
MC,caller=Main:1#d:19,target=Main:1#a:168
VW,context=Main:1#a:168,p=Main$P:144
VW,context=Main:1#a:168,f=1
VW,context=Main:1#a:168,t=2
FR,context=Main:1,c
FR,context=Main:1,INF
FR,context=Main$P:144,d
FR,context=Main:1,c
FR,context=Main$P:144,p
FR,context=Main$P:144,p
NO,object=Main$P:147
MC,caller=Main:1#a:168,target=Main$P:147#Main$P:147
VW,context=Main$P:147#Main$P:147,a=2
NO,object=int[]:146
FW,context=int[]:146,0=0
FW,context=int[]:146,1=1
FW,context=int[]:146,2=0
VW,context=Main$P:147#Main$P:147,b=int[]:146
FW,context=Main$P:147,d=2
FW,context=Main$P:147,p=int[]:146
ME,returner=Main$P:147#Main$P:147,value=<void>
VW,context=Main:1#a:168,np=Main$P:147
FR,context=Main$P:147,p
FR,context=Main$P:147,p
FR,context=Main:1,d
MC,caller=Main:1#a:168,target=Main$P:147#compareTo:236
VW,context=Main$P:147#compareTo:236,t=Main$P:145
FR,context=Main$P:147,d
FR,context=Main$P:145,d
FR,context=Main$P:147,p
VW,context=Main$P:147#compareTo:236,i=0
FR,context=Main$P:145,p
FR,context=Main$P:147,p
FR,context=Main$P:145,p
FR,context=Main$P:147,p
VW,context=Main$P:147#compareTo:236,i=1
FR,context=Main$P:145,p
FR,context=Main$P:147,p
FR,context=Main$P:145,p
FR,context=Main$P:147,p
FR,context=Main$P:145,p
VW,context=Main$P:147#compareTo:236,result=-1
ME,returner=Main$P:147#compareTo:236,value=-1
FR,context=Main:1,d
FR,context=Main:1,q
FR,context=Main:1,d
MC,caller=Main:1#a:168,target=Ljava/util/PriorityQueue;.add(Ljava/lang/Object;)
MC,caller=Ljava/util/PriorityQueue;.add(Ljava/lang/Object;),target=Ljava/util/PriorityQueue;.add(Ljava/lang/Object;)
MC,caller=Ljava/util/PriorityQueue;.add(Ljava/lang/Object;),target=Ljava/util/PriorityQueue;.offer(Ljava/lang/Object;)
MC,caller=Ljava/util/PriorityQueue;.offer(Ljava/lang/Object;),target=Ljava/util/PriorityQueue;.siftUp(ILjava/lang/Object;)
MC,caller=Ljava/util/PriorityQueue;.siftUp(ILjava/lang/Object;),target=Ljava/util/PriorityQueue;.siftUpComparable(ILjava/lang/Object;)
ME,returner=Ljava/util/PriorityQueue;.siftUpComparable(ILjava/lang/Object;),value=<void>
ME,returner=Ljava/util/PriorityQueue;.siftUp(ILjava/lang/Object;),value=<void>
ME,returner=Ljava/util/PriorityQueue;.offer(Ljava/lang/Object;),value=<void>
ME,returner=Ljava/util/PriorityQueue;.add(Ljava/lang/Object;),value=<void>
MC,caller=Ljava/util/PriorityQueue;.add(Ljava/lang/Object;),target=Ljava/util/PriorityQueue;.siftUp(ILjava/lang/Object;)
MC,caller=Ljava/util/PriorityQueue;.siftUp(ILjava/lang/Object;),target=Ljava/util/PriorityQueue;.siftUp(ILjava/lang/Object;)
MC,caller=Ljava/util/PriorityQueue;.siftUp(ILjava/lang/Object;),target=Ljava/util/PriorityQueue;.siftUpComparable(ILjava/lang/Object;)
MC,caller=Ljava/util/PriorityQueue;.siftUpComparable(ILjava/lang/Object;),target=LMain$P;.compareTo(Ljava/lang/Object;) <BRIDGE>
MC,caller=LMain$P;.compareTo(Ljava/lang/Object;) <BRIDGE>,target=Main$P:147#compareTo:237
VW,context=Main$P:147#compareTo:237,t=Main$P:145
FR,context=Main$P:147,d
FR,context=Main$P:145,d
FR,context=Main$P:147,p
VW,context=Main$P:147#compareTo:237,i=0
FR,context=Main$P:145,p
FR,context=Main$P:147,p
FR,context=Main$P:145,p
FR,context=Main$P:147,p
VW,context=Main$P:147#compareTo:237,i=1
FR,context=Main$P:145,p
FR,context=Main$P:147,p
FR,context=Main$P:145,p
FR,context=Main$P:147,p
FR,context=Main$P:145,p
VW,context=Main$P:147#compareTo:237,result=-1
ME,returner=Main$P:147#compareTo:237,value=-1
ME,returner=LMain$P;.compareTo(Ljava/lang/Object;) <BRIDGE>,value=<void>
ME,returner=Ljava/util/PriorityQueue;.siftUpComparable(ILjava/lang/Object;),value=<void>
ME,returner=Ljava/util/PriorityQueue;.siftUp(ILjava/lang/Object;),value=<void>
ME,returner=Ljava/util/PriorityQueue;.siftUp(ILjava/lang/Object;),value=<void>
ME,returner=Ljava/util/PriorityQueue;.add(Ljava/lang/Object;),value=<void>
ME,returner=Main:1#a:168,value=<void>
FR,context=Main:1,n
MC,caller=Main:1#d:19,target=Main:1#a:169
VW,context=Main:1#a:169,p=Main$P:144
VW,context=Main:1#a:169,f=1
VW,context=Main:1#a:169,t=3
FR,context=Main:1,c
FR,context=Main:1,INF
FR,context=Main$P:144,d
FR,context=Main:1,c
FR,context=Main$P:144,p
FR,context=Main$P:144,p
NO,object=Main$P:148
MC,caller=Main:1#a:169,target=Main$P:148#Main$P:148
VW,context=Main$P:148#Main$P:148,a=3
NO,object=int[]:147
FW,context=int[]:147,0=0
FW,context=int[]:147,1=1
FW,context=int[]:147,2=0
VW,context=Main$P:148#Main$P:148,b=int[]:147
FW,context=Main$P:148,d=3
FW,context=Main$P:148,p=int[]:147
ME,returner=Main$P:148#Main$P:148,value=<void>
VW,context=Main:1#a:169,np=Main$P:148
FR,context=Main$P:148,p
FR,context=Main$P:148,p
FR,context=Main:1,d
MC,caller=Main:1#a:169,target=Main$P:148#compareTo:238
VW,context=Main$P:148#compareTo:238,t=Main$P:146
FR,context=Main$P:148,d
FR,context=Main$P:146,d
FR,context=Main$P:148,p
VW,context=Main$P:148#compareTo:238,i=0
FR,context=Main$P:146,p
FR,context=Main$P:148,p
FR,context=Main$P:146,p
FR,context=Main$P:148,p
VW,context=Main$P:148#compareTo:238,i=1
FR,context=Main$P:146,p
FR,context=Main$P:148,p
FR,context=Main$P:146,p
FR,context=Main$P:148,p
FR,context=Main$P:146,p
VW,context=Main$P:148#compareTo:238,result=-2
ME,returner=Main$P:148#compareTo:238,value=-2
FR,context=Main:1,d
FR,context=Main:1,q
FR,context=Main:1,d
MC,caller=Main:1#a:169,target=Ljava/util/PriorityQueue;.add(Ljava/lang/Object;)
MC,caller=Ljava/util/PriorityQueue;.add(Ljava/lang/Object;),target=Ljava/util/PriorityQueue;.add(Ljava/lang/Object;)
MC,caller=Ljava/util/PriorityQueue;.add(Ljava/lang/Object;),target=Ljava/util/PriorityQueue;.offer(Ljava/lang/Object;)
MC,caller=Ljava/util/PriorityQueue;.offer(Ljava/lang/Object;),target=Ljava/util/PriorityQueue;.siftUp(ILjava/lang/Object;)
MC,caller=Ljava/util/PriorityQueue;.siftUp(ILjava/lang/Object;),target=Ljava/util/PriorityQueue;.siftUpComparable(ILjava/lang/Object;)
ME,returner=Ljava/util/PriorityQueue;.siftUpComparable(ILjava/lang/Object;),value=<void>
ME,returner=Ljava/util/PriorityQueue;.siftUp(ILjava/lang/Object;),value=<void>
ME,returner=Ljava/util/PriorityQueue;.offer(Ljava/lang/Object;),value=<void>
ME,returner=Ljava/util/PriorityQueue;.add(Ljava/lang/Object;),value=<void>
MC,caller=Ljava/util/PriorityQueue;.add(Ljava/lang/Object;),target=Ljava/util/PriorityQueue;.siftUp(ILjava/lang/Object;)
MC,caller=Ljava/util/PriorityQueue;.siftUp(ILjava/lang/Object;),target=Ljava/util/PriorityQueue;.siftUp(ILjava/lang/Object;)
MC,caller=Ljava/util/PriorityQueue;.siftUp(ILjava/lang/Object;),target=Ljava/util/PriorityQueue;.siftUpComparable(ILjava/lang/Object;)
MC,caller=Ljava/util/PriorityQueue;.siftUpComparable(ILjava/lang/Object;),target=LMain$P;.compareTo(Ljava/lang/Object;) <BRIDGE>
MC,caller=LMain$P;.compareTo(Ljava/lang/Object;) <BRIDGE>,target=Main$P:148#compareTo:239
VW,context=Main$P:148#compareTo:239,t=Main$P:146
FR,context=Main$P:148,d
FR,context=Main$P:146,d
FR,context=Main$P:148,p
VW,context=Main$P:148#compareTo:239,i=0
FR,context=Main$P:146,p
FR,context=Main$P:148,p
FR,context=Main$P:146,p
FR,context=Main$P:148,p
VW,context=Main$P:148#compareTo:239,i=1
FR,context=Main$P:146,p
FR,context=Main$P:148,p
FR,context=Main$P:146,p
FR,context=Main$P:148,p
FR,context=Main$P:146,p
VW,context=Main$P:148#compareTo:239,result=-2
ME,returner=Main$P:148#compareTo:239,value=-2
MC,caller=LMain$P;.compareTo(Ljava/lang/Object;) <BRIDGE>,target=Main$P:148#compareTo:240
VW,context=Main$P:148#compareTo:240,t=Main$P:147
FR,context=Main$P:148,d
FR,context=Main$P:147,d
FR,context=Main$P:148,d
FR,context=Main$P:147,d
VW,context=Main$P:148#compareTo:240,result=1
ME,returner=Main$P:148#compareTo:240,value=1
ME,returner=LMain$P;.compareTo(Ljava/lang/Object;) <BRIDGE>,value=<void>
ME,returner=Ljava/util/PriorityQueue;.siftUpComparable(ILjava/lang/Object;),value=<void>
ME,returner=Ljava/util/PriorityQueue;.siftUp(ILjava/lang/Object;),value=<void>
ME,returner=Ljava/util/PriorityQueue;.siftUp(ILjava/lang/Object;),value=<void>
ME,returner=Ljava/util/PriorityQueue;.add(Ljava/lang/Object;),value=<void>
ME,returner=Main:1#a:169,value=<void>
FR,context=Main:1,n
FR,context=Main:1,q
FR,context=Main:1,q
MC,caller=Main:1#d:19,target=Ljava/util/AbstractQueue;.remove()
MC,caller=Ljava/util/AbstractQueue;.remove(),target=Ljava/util/AbstractQueue;.remove()
MC,caller=Ljava/util/AbstractQueue;.remove(),target=Ljava/util/PriorityQueue;.poll()
MC,caller=Ljava/util/PriorityQueue;.poll(),target=Ljava/util/PriorityQueue;.siftDown(ILjava/lang/Object;)
MC,caller=Ljava/util/PriorityQueue;.siftDown(ILjava/lang/Object;),target=Ljava/util/PriorityQueue;.siftDownComparable(ILjava/lang/Object;)
ME,returner=Ljava/util/PriorityQueue;.siftDownComparable(ILjava/lang/Object;),value=<void>
ME,returner=Ljava/util/PriorityQueue;.siftDown(ILjava/lang/Object;),value=<void>
ME,returner=Ljava/util/PriorityQueue;.poll(),value=<void>
ME,returner=Ljava/util/AbstractQueue;.remove(),value=<void>
MC,caller=Ljava/util/AbstractQueue;.remove(),target=Ljava/util/PriorityQueue;.siftDown(ILjava/lang/Object;)
MC,caller=Ljava/util/PriorityQueue;.siftDown(ILjava/lang/Object;),target=Ljava/util/PriorityQueue;.siftDown(ILjava/lang/Object;)
MC,caller=Ljava/util/PriorityQueue;.siftDown(ILjava/lang/Object;),target=Ljava/util/PriorityQueue;.siftDownComparable(ILjava/lang/Object;)
MC,caller=Ljava/util/PriorityQueue;.siftDownComparable(ILjava/lang/Object;),target=LMain$P;.compareTo(Ljava/lang/Object;) <BRIDGE>
MC,caller=LMain$P;.compareTo(Ljava/lang/Object;) <BRIDGE>,target=Main$P:148#compareTo:241
VW,context=Main$P:148#compareTo:241,t=Main$P:145
FR,context=Main$P:148,d
FR,context=Main$P:145,d
FR,context=Main$P:148,d
FR,context=Main$P:145,d
VW,context=Main$P:148#compareTo:241,result=1
ME,returner=Main$P:148#compareTo:241,value=1
MC,caller=LMain$P;.compareTo(Ljava/lang/Object;) <BRIDGE>,target=Main$P:146#compareTo:242
VW,context=Main$P:146#compareTo:242,t=Main$P:145
FR,context=Main$P:146,d
FR,context=Main$P:145,d
FR,context=Main$P:146,d
FR,context=Main$P:145,d
VW,context=Main$P:146#compareTo:242,result=1
ME,returner=Main$P:146#compareTo:242,value=1
ME,returner=LMain$P;.compareTo(Ljava/lang/Object;) <BRIDGE>,value=<void>
ME,returner=Ljava/util/PriorityQueue;.siftDownComparable(ILjava/lang/Object;),value=<void>
ME,returner=Ljava/util/PriorityQueue;.siftDown(ILjava/lang/Object;),value=<void>
ME,returner=Ljava/util/PriorityQueue;.siftDown(ILjava/lang/Object;),value=<void>
ME,returner=Ljava/util/AbstractQueue;.remove(),value=<void>
VW,context=Main:1#d:19,p=Main$P:147
FR,context=Main$P:147,p
FR,context=Main$P:147,p
VW,context=Main:1#d:19,v=2
FR,context=Main:1,b
FR,context=Main:1,d
MC,caller=Main:1#d:19,target=Main$P:147#compareTo:243
VW,context=Main$P:147#compareTo:243,t=Main$P:147
FR,context=Main$P:147,d
FR,context=Main$P:147,d
FR,context=Main$P:147,p
VW,context=Main$P:147#compareTo:243,i=0
FR,context=Main$P:147,p
FR,context=Main$P:147,p
FR,context=Main$P:147,p
FR,context=Main$P:147,p
VW,context=Main$P:147#compareTo:243,i=1
FR,context=Main$P:147,p
FR,context=Main$P:147,p
FR,context=Main$P:147,p
FR,context=Main$P:147,p
VW,context=Main$P:147#compareTo:243,i=2
FR,context=Main$P:147,p
FR,context=Main$P:147,p
FR,context=Main$P:147,p
FR,context=Main$P:147,p
FR,context=Main$P:147,p
FR,context=Main$P:147,p
VW,context=Main$P:147#compareTo:243,result=0
ME,returner=Main$P:147#compareTo:243,value=0
FR,context=Main:1,n
MC,caller=Main:1#d:19,target=Main:1#a:170
VW,context=Main:1#a:170,p=Main$P:147
VW,context=Main:1#a:170,f=2
VW,context=Main:1#a:170,t=0
FR,context=Main:1,c
FR,context=Main:1,INF
ME,returner=Main:1#a:170,value=<void>
FR,context=Main:1,n
MC,caller=Main:1#d:19,target=Main:1#a:171
VW,context=Main:1#a:171,p=Main$P:147
VW,context=Main:1#a:171,f=2
VW,context=Main:1#a:171,t=1
FR,context=Main:1,c
FR,context=Main:1,INF
ME,returner=Main:1#a:171,value=<void>
FR,context=Main:1,n
MC,caller=Main:1#d:19,target=Main:1#a:172
VW,context=Main:1#a:172,p=Main$P:147
VW,context=Main:1#a:172,f=2
VW,context=Main:1#a:172,t=2
FR,context=Main:1,c
FR,context=Main:1,INF
ME,returner=Main:1#a:172,value=<void>
FR,context=Main:1,n
MC,caller=Main:1#d:19,target=Main:1#a:173
VW,context=Main:1#a:173,p=Main$P:147
VW,context=Main:1#a:173,f=2
VW,context=Main:1#a:173,t=3
FR,context=Main:1,c
FR,context=Main:1,INF
FR,context=Main$P:147,d
FR,context=Main:1,c
FR,context=Main$P:147,p
FR,context=Main$P:147,p
NO,object=Main$P:149
MC,caller=Main:1#a:173,target=Main$P:149#Main$P:149
VW,context=Main$P:149#Main$P:149,a=3
NO,object=int[]:148
FW,context=int[]:148,0=0
FW,context=int[]:148,1=1
FW,context=int[]:148,2=2
FW,context=int[]:148,3=0
VW,context=Main$P:149#Main$P:149,b=int[]:148
FW,context=Main$P:149,d=3
FW,context=Main$P:149,p=int[]:148
ME,returner=Main$P:149#Main$P:149,value=<void>
VW,context=Main:1#a:173,np=Main$P:149
FR,context=Main$P:149,p
FR,context=Main$P:149,p
FR,context=Main:1,d
MC,caller=Main:1#a:173,target=Main$P:149#compareTo:244
VW,context=Main$P:149#compareTo:244,t=Main$P:148
FR,context=Main$P:149,d
FR,context=Main$P:148,d
FR,context=Main$P:149,p
VW,context=Main$P:149#compareTo:244,i=0
FR,context=Main$P:148,p
FR,context=Main$P:149,p
FR,context=Main$P:148,p
FR,context=Main$P:149,p
VW,context=Main$P:149#compareTo:244,i=1
FR,context=Main$P:148,p
FR,context=Main$P:149,p
FR,context=Main$P:148,p
FR,context=Main$P:149,p
VW,context=Main$P:149#compareTo:244,i=2
FR,context=Main$P:148,p
FR,context=Main$P:149,p
FR,context=Main$P:148,p
FR,context=Main$P:149,p
FR,context=Main$P:148,p
VW,context=Main$P:149#compareTo:244,result=-1
ME,returner=Main$P:149#compareTo:244,value=-1
FR,context=Main:1,d
FR,context=Main:1,q
FR,context=Main:1,d
MC,caller=Main:1#a:173,target=Ljava/util/PriorityQueue;.add(Ljava/lang/Object;)
MC,caller=Ljava/util/PriorityQueue;.add(Ljava/lang/Object;),target=Ljava/util/PriorityQueue;.add(Ljava/lang/Object;)
MC,caller=Ljava/util/PriorityQueue;.add(Ljava/lang/Object;),target=Ljava/util/PriorityQueue;.offer(Ljava/lang/Object;)
MC,caller=Ljava/util/PriorityQueue;.offer(Ljava/lang/Object;),target=Ljava/util/PriorityQueue;.siftUp(ILjava/lang/Object;)
MC,caller=Ljava/util/PriorityQueue;.siftUp(ILjava/lang/Object;),target=Ljava/util/PriorityQueue;.siftUpComparable(ILjava/lang/Object;)
ME,returner=Ljava/util/PriorityQueue;.siftUpComparable(ILjava/lang/Object;),value=<void>
ME,returner=Ljava/util/PriorityQueue;.siftUp(ILjava/lang/Object;),value=<void>
ME,returner=Ljava/util/PriorityQueue;.offer(Ljava/lang/Object;),value=<void>
ME,returner=Ljava/util/PriorityQueue;.add(Ljava/lang/Object;),value=<void>
MC,caller=Ljava/util/PriorityQueue;.add(Ljava/lang/Object;),target=Ljava/util/PriorityQueue;.siftUp(ILjava/lang/Object;)
MC,caller=Ljava/util/PriorityQueue;.siftUp(ILjava/lang/Object;),target=Ljava/util/PriorityQueue;.siftUp(ILjava/lang/Object;)
MC,caller=Ljava/util/PriorityQueue;.siftUp(ILjava/lang/Object;),target=Ljava/util/PriorityQueue;.siftUpComparable(ILjava/lang/Object;)
MC,caller=Ljava/util/PriorityQueue;.siftUpComparable(ILjava/lang/Object;),target=LMain$P;.compareTo(Ljava/lang/Object;) <BRIDGE>
MC,caller=LMain$P;.compareTo(Ljava/lang/Object;) <BRIDGE>,target=Main$P:149#compareTo:245
VW,context=Main$P:149#compareTo:245,t=Main$P:148
FR,context=Main$P:149,d
FR,context=Main$P:148,d
FR,context=Main$P:149,p
VW,context=Main$P:149#compareTo:245,i=0
FR,context=Main$P:148,p
FR,context=Main$P:149,p
FR,context=Main$P:148,p
FR,context=Main$P:149,p
VW,context=Main$P:149#compareTo:245,i=1
FR,context=Main$P:148,p
FR,context=Main$P:149,p
FR,context=Main$P:148,p
FR,context=Main$P:149,p
VW,context=Main$P:149#compareTo:245,i=2
FR,context=Main$P:148,p
FR,context=Main$P:149,p
FR,context=Main$P:148,p
FR,context=Main$P:149,p
FR,context=Main$P:148,p
VW,context=Main$P:149#compareTo:245,result=-1
ME,returner=Main$P:149#compareTo:245,value=-1
MC,caller=LMain$P;.compareTo(Ljava/lang/Object;) <BRIDGE>,target=Main$P:149#compareTo:246
VW,context=Main$P:149#compareTo:246,t=Main$P:145
FR,context=Main$P:149,d
FR,context=Main$P:145,d
FR,context=Main$P:149,d
FR,context=Main$P:145,d
VW,context=Main$P:149#compareTo:246,result=1
ME,returner=Main$P:149#compareTo:246,value=1
ME,returner=LMain$P;.compareTo(Ljava/lang/Object;) <BRIDGE>,value=<void>
ME,returner=Ljava/util/PriorityQueue;.siftUpComparable(ILjava/lang/Object;),value=<void>
ME,returner=Ljava/util/PriorityQueue;.siftUp(ILjava/lang/Object;),value=<void>
ME,returner=Ljava/util/PriorityQueue;.siftUp(ILjava/lang/Object;),value=<void>
ME,returner=Ljava/util/PriorityQueue;.add(Ljava/lang/Object;),value=<void>
ME,returner=Main:1#a:173,value=<void>
FR,context=Main:1,n
FR,context=Main:1,q
FR,context=Main:1,q
MC,caller=Main:1#d:19,target=Ljava/util/AbstractQueue;.remove()
MC,caller=Ljava/util/AbstractQueue;.remove(),target=Ljava/util/AbstractQueue;.remove()
MC,caller=Ljava/util/AbstractQueue;.remove(),target=Ljava/util/PriorityQueue;.poll()
MC,caller=Ljava/util/PriorityQueue;.poll(),target=Ljava/util/PriorityQueue;.siftDown(ILjava/lang/Object;)
MC,caller=Ljava/util/PriorityQueue;.siftDown(ILjava/lang/Object;),target=Ljava/util/PriorityQueue;.siftDownComparable(ILjava/lang/Object;)
ME,returner=Ljava/util/PriorityQueue;.siftDownComparable(ILjava/lang/Object;),value=<void>
ME,returner=Ljava/util/PriorityQueue;.siftDown(ILjava/lang/Object;),value=<void>
ME,returner=Ljava/util/PriorityQueue;.poll(),value=<void>
ME,returner=Ljava/util/AbstractQueue;.remove(),value=<void>
MC,caller=Ljava/util/AbstractQueue;.remove(),target=Ljava/util/PriorityQueue;.siftDown(ILjava/lang/Object;)
MC,caller=Ljava/util/PriorityQueue;.siftDown(ILjava/lang/Object;),target=Ljava/util/PriorityQueue;.siftDown(ILjava/lang/Object;)
MC,caller=Ljava/util/PriorityQueue;.siftDown(ILjava/lang/Object;),target=Ljava/util/PriorityQueue;.siftDownComparable(ILjava/lang/Object;)
MC,caller=Ljava/util/PriorityQueue;.siftDownComparable(ILjava/lang/Object;),target=LMain$P;.compareTo(Ljava/lang/Object;) <BRIDGE>
MC,caller=LMain$P;.compareTo(Ljava/lang/Object;) <BRIDGE>,target=Main$P:149#compareTo:247
VW,context=Main$P:149#compareTo:247,t=Main$P:146
FR,context=Main$P:149,d
FR,context=Main$P:146,d
FR,context=Main$P:149,p
VW,context=Main$P:149#compareTo:247,i=0
FR,context=Main$P:146,p
FR,context=Main$P:149,p
FR,context=Main$P:146,p
FR,context=Main$P:149,p
VW,context=Main$P:149#compareTo:247,i=1
FR,context=Main$P:146,p
FR,context=Main$P:149,p
FR,context=Main$P:146,p
FR,context=Main$P:149,p
FR,context=Main$P:146,p
VW,context=Main$P:149#compareTo:247,result=-2
ME,returner=Main$P:149#compareTo:247,value=-2
MC,caller=LMain$P;.compareTo(Ljava/lang/Object;) <BRIDGE>,target=Main$P:148#compareTo:248
VW,context=Main$P:148#compareTo:248,t=Main$P:149
FR,context=Main$P:148,d
FR,context=Main$P:149,d
FR,context=Main$P:148,p
VW,context=Main$P:148#compareTo:248,i=0
FR,context=Main$P:149,p
FR,context=Main$P:148,p
FR,context=Main$P:149,p
FR,context=Main$P:148,p
VW,context=Main$P:148#compareTo:248,i=1
FR,context=Main$P:149,p
FR,context=Main$P:148,p
FR,context=Main$P:149,p
FR,context=Main$P:148,p
VW,context=Main$P:148#compareTo:248,i=2
FR,context=Main$P:149,p
FR,context=Main$P:148,p
FR,context=Main$P:149,p
FR,context=Main$P:148,p
FR,context=Main$P:149,p
VW,context=Main$P:148#compareTo:248,result=1
ME,returner=Main$P:148#compareTo:248,value=1
ME,returner=LMain$P;.compareTo(Ljava/lang/Object;) <BRIDGE>,value=<void>
ME,returner=Ljava/util/PriorityQueue;.siftDownComparable(ILjava/lang/Object;),value=<void>
ME,returner=Ljava/util/PriorityQueue;.siftDown(ILjava/lang/Object;),value=<void>
ME,returner=Ljava/util/PriorityQueue;.siftDown(ILjava/lang/Object;),value=<void>
ME,returner=Ljava/util/AbstractQueue;.remove(),value=<void>
VW,context=Main:1#d:19,p=Main$P:145
FR,context=Main$P:145,p
FR,context=Main$P:145,p
FR,context=Main:1,b
FR,context=Main:1,d
MC,caller=Main:1#d:19,target=Main$P:145#compareTo:249
VW,context=Main$P:145#compareTo:249,t=Main$P:147
FR,context=Main$P:145,d
FR,context=Main$P:147,d
FR,context=Main$P:145,p
VW,context=Main$P:145#compareTo:249,i=0
FR,context=Main$P:147,p
FR,context=Main$P:145,p
FR,context=Main$P:147,p
FR,context=Main$P:145,p
VW,context=Main$P:145#compareTo:249,i=1
FR,context=Main$P:147,p
FR,context=Main$P:145,p
FR,context=Main$P:147,p
FR,context=Main$P:145,p
FR,context=Main$P:147,p
VW,context=Main$P:145#compareTo:249,result=1
ME,returner=Main$P:145#compareTo:249,value=1
FR,context=Main:1,q
FR,context=Main:1,q
MC,caller=Main:1#d:19,target=Ljava/util/AbstractQueue;.remove()
MC,caller=Ljava/util/AbstractQueue;.remove(),target=Ljava/util/AbstractQueue;.remove()
MC,caller=Ljava/util/AbstractQueue;.remove(),target=Ljava/util/PriorityQueue;.poll()
MC,caller=Ljava/util/PriorityQueue;.poll(),target=Ljava/util/PriorityQueue;.siftDown(ILjava/lang/Object;)
MC,caller=Ljava/util/PriorityQueue;.siftDown(ILjava/lang/Object;),target=Ljava/util/PriorityQueue;.siftDownComparable(ILjava/lang/Object;)
ME,returner=Ljava/util/PriorityQueue;.siftDownComparable(ILjava/lang/Object;),value=<void>
ME,returner=Ljava/util/PriorityQueue;.siftDown(ILjava/lang/Object;),value=<void>
ME,returner=Ljava/util/PriorityQueue;.poll(),value=<void>
ME,returner=Ljava/util/AbstractQueue;.remove(),value=<void>
MC,caller=Ljava/util/AbstractQueue;.remove(),target=Ljava/util/PriorityQueue;.siftDown(ILjava/lang/Object;)
MC,caller=Ljava/util/PriorityQueue;.siftDown(ILjava/lang/Object;),target=Ljava/util/PriorityQueue;.siftDown(ILjava/lang/Object;)
MC,caller=Ljava/util/PriorityQueue;.siftDown(ILjava/lang/Object;),target=Ljava/util/PriorityQueue;.siftDownComparable(ILjava/lang/Object;)
MC,caller=Ljava/util/PriorityQueue;.siftDownComparable(ILjava/lang/Object;),target=LMain$P;.compareTo(Ljava/lang/Object;) <BRIDGE>
MC,caller=LMain$P;.compareTo(Ljava/lang/Object;) <BRIDGE>,target=Main$P:146#compareTo:250
VW,context=Main$P:146#compareTo:250,t=Main$P:148
FR,context=Main$P:146,d
FR,context=Main$P:148,d
FR,context=Main$P:146,p
VW,context=Main$P:146#compareTo:250,i=0
FR,context=Main$P:148,p
FR,context=Main$P:146,p
FR,context=Main$P:148,p
FR,context=Main$P:146,p
VW,context=Main$P:146#compareTo:250,i=1
FR,context=Main$P:148,p
FR,context=Main$P:146,p
FR,context=Main$P:148,p
FR,context=Main$P:146,p
FR,context=Main$P:148,p
VW,context=Main$P:146#compareTo:250,result=2
ME,returner=Main$P:146#compareTo:250,value=2
ME,returner=LMain$P;.compareTo(Ljava/lang/Object;) <BRIDGE>,value=<void>
ME,returner=Ljava/util/PriorityQueue;.siftDownComparable(ILjava/lang/Object;),value=<void>
ME,returner=Ljava/util/PriorityQueue;.siftDown(ILjava/lang/Object;),value=<void>
ME,returner=Ljava/util/PriorityQueue;.siftDown(ILjava/lang/Object;),value=<void>
ME,returner=Ljava/util/AbstractQueue;.remove(),value=<void>
VW,context=Main:1#d:19,p=Main$P:149
FR,context=Main$P:149,p
FR,context=Main$P:149,p
VW,context=Main:1#d:19,v=3
FR,context=Main:1,b
ME,returner=Main:1#d:19,value=<void>
FR,context=Main:1,d
FR,context=Main:1,b
FR,context=Main:1,d
FR,context=Main:1,b
FW,context=Main$P:149,s=java.util.BitSet (id=678)
FR,context=Main:1,d
FR,context=Main:1,b
FW,context=Main$P:149,x=1
FR,context=Main:1,kq
FR,context=Main:1,d
FR,context=Main:1,b
FR,context=Main:1,k
ME,returner=Main:1#kd:2,value=<void>
FR,context=Main:1,kq
VD,method=Main:1#run:1 <name=i,type=int (id=7),value=<?>,index=1>
FR,context=Main:1,kq
VW,context=Main:1#run:1,p=Main$P:149
FR,context=Main$P:149,p
VW,context=Main:1#run:1,i=0
FR,context=Main$P:149,p
FR,context=Main$P:149,p
VW,context=Main:1#run:1,i=1
FR,context=Main$P:149,p
FR,context=Main$P:149,p
VW,context=Main:1#run:1,i=2
FR,context=Main$P:149,p
FR,context=Main$P:149,p
VW,context=Main:1#run:1,i=3
FR,context=Main$P:149,p
VD,method=Main:1#run:1 <name=p,type=Main$P (id=97),value=<?>,index=4>
VD,method=Main:1#run:1 <name=i,type=int (id=7),value=<?>,index=5>
FR,context=Main:1,sc
FW,context=Main:1,n=3
FR,context=Main:1,sc
FW,context=Main:1,m=3
FR,context=Main:1,sc
FW,context=Main:1,k=5
FR,context=Main:1,sc
FW,context=Main:1,a=1
FR,context=Main:1,sc
FW,context=Main:1,b=3
FR,context=Main:1,n
FR,context=Main:1,m
FR,context=Main:1,k
FR,context=Main:1,a
FW,context=Main:1,a=0
FR,context=Main:1,b
FW,context=Main:1,b=2
FR,context=Main:1,n
FR,context=Main:1,c
FR,context=Main:1,n
FR,context=Main:1,INF
FR,context=Main:1,n
FR,context=Main:1,c
FR,context=Main:1,n
FR,context=Main:1,INF
FR,context=Main:1,n
FR,context=Main:1,c
FR,context=Main:1,n
FR,context=Main:1,INF
FR,context=Main:1,n
FR,context=Main:1,m
VW,context=Main:1#run:1,i=0
FR,context=Main:1,sc
VW,context=Main:1#run:1,x=0
FR,context=Main:1,sc
VW,context=Main:1#run:1,y=1
FR,context=Main:1,c
FR,context=Main:1,sc
FR,context=Main:1,m
VW,context=Main:1#run:1,i=1
VD,method=Main:1#run:1 <name=x,type=int (id=7),value=<?>,index=2>
VD,method=Main:1#run:1 <name=y,type=int (id=7),value=<?>,index=3>
FR,context=Main:1,sc
VW,context=Main:1#run:1,x=1
FR,context=Main:1,sc
VW,context=Main:1#run:1,y=2
FR,context=Main:1,c
FR,context=Main:1,sc
FR,context=Main:1,m
VW,context=Main:1#run:1,i=2
VD,method=Main:1#run:1 <name=x,type=int (id=7),value=<?>,index=2>
VD,method=Main:1#run:1 <name=y,type=int (id=7),value=<?>,index=3>
FR,context=Main:1,sc
VW,context=Main:1#run:1,x=0
FR,context=Main:1,sc
VW,context=Main:1#run:1,y=2
FR,context=Main:1,c
FR,context=Main:1,sc
FR,context=Main:1,m
VD,method=Main:1#run:1 <name=x,type=int (id=7),value=<?>,index=2>
VD,method=Main:1#run:1 <name=y,type=int (id=7),value=<?>,index=3>
MC,caller=Main:1#run:1,target=Main:1#kd:3
FR,context=Main:1,kq
FR,context=Main:1,n
VW,context=Main:1#kd:3,s=java.util.BitSet (id=693)
FR,context=Main:1,d
FR,context=Main:1,n
FR,context=Main:1,a
FR,context=Main:1,a
MC,caller=Main:1#kd:3,target=Main:1#d:20
VW,context=Main:1#d:20,s=java.util.BitSet (id=693)
VW,context=Main:1#d:20,a=0
VW,context=Main:1#d:20,od=0
NO,object=int[]:149
FW,context=int[]:149,0=0
VW,context=Main:1#d:20,op=int[]:149
FR,context=Main:1,q
FR,context=Main:1,d
NO,object=Main$P:150
MC,caller=Main:1#d:20,target=Main$P:150#Main$P:150
VW,context=Main$P:150#Main$P:150,a=0
VW,context=Main$P:150#Main$P:150,b=int[]:149
FW,context=Main$P:150,d=0
FW,context=Main$P:150,p=int[]:149
ME,returner=Main$P:150#Main$P:150,value=<void>
FR,context=Main:1,n
VW,context=Main:1#d:20,i=0
FR,context=Main:1,d
MC,caller=Main:1#d:20,target=Main:1#a:174
VW,context=Main:1#a:174,p=Main$P:150
VW,context=Main:1#a:174,f=0
VW,context=Main:1#a:174,t=0
FR,context=Main:1,c
FR,context=Main:1,INF
ME,returner=Main:1#a:174,value=<void>
FR,context=Main:1,n
VW,context=Main:1#d:20,i=1
FR,context=Main:1,d
MC,caller=Main:1#d:20,target=Main:1#a:175
VW,context=Main:1#a:175,p=Main$P:150
VW,context=Main:1#a:175,f=0
VW,context=Main:1#a:175,t=1
FR,context=Main:1,c
FR,context=Main:1,INF
FR,context=Main$P:150,d
FR,context=Main:1,c
FR,context=Main$P:150,p
FR,context=Main$P:150,p
NO,object=Main$P:151
MC,caller=Main:1#a:175,target=Main$P:151#Main$P:151
VW,context=Main$P:151#Main$P:151,a=1
NO,object=int[]:150
FW,context=int[]:150,0=0
FW,context=int[]:150,1=0
VW,context=Main$P:151#Main$P:151,b=int[]:150
FW,context=Main$P:151,d=1
FW,context=Main$P:151,p=int[]:150
ME,returner=Main$P:151#Main$P:151,value=<void>
VW,context=Main:1#a:175,np=Main$P:151
FR,context=Main$P:151,p
FR,context=Main$P:151,p
FR,context=Main:1,d
MC,caller=Main:1#a:175,target=Main$P:151#compareTo:251
VW,context=Main$P:151#compareTo:251,t=null
VW,context=Main$P:151#compareTo:251,result=-1
ME,returner=Main$P:151#compareTo:251,value=-1
FR,context=Main:1,d
FR,context=Main:1,q
FR,context=Main:1,d
ME,returner=Main:1#a:175,value=<void>
FR,context=Main:1,n
VW,context=Main:1#d:20,i=2
FR,context=Main:1,d
MC,caller=Main:1#d:20,target=Main:1#a:176
VW,context=Main:1#a:176,p=Main$P:150
VW,context=Main:1#a:176,f=0
VW,context=Main:1#a:176,t=2
FR,context=Main:1,c
FR,context=Main:1,INF
FR,context=Main$P:150,d
FR,context=Main:1,c
FR,context=Main$P:150,p
FR,context=Main$P:150,p
NO,object=Main$P:152
MC,caller=Main:1#a:176,target=Main$P:152#Main$P:152
VW,context=Main$P:152#Main$P:152,a=1
NO,object=int[]:151
FW,context=int[]:151,0=0
FW,context=int[]:151,1=0
VW,context=Main$P:152#Main$P:152,b=int[]:151
FW,context=Main$P:152,d=1
FW,context=Main$P:152,p=int[]:151
ME,returner=Main$P:152#Main$P:152,value=<void>
VW,context=Main:1#a:176,np=Main$P:152
FR,context=Main$P:152,p
FR,context=Main$P:152,p
FR,context=Main:1,d
MC,caller=Main:1#a:176,target=Main$P:152#compareTo:252
VW,context=Main$P:152#compareTo:252,t=null
VW,context=Main$P:152#compareTo:252,result=-1
ME,returner=Main$P:152#compareTo:252,value=-1
FR,context=Main:1,d
FR,context=Main:1,q
FR,context=Main:1,d
MC,caller=Main:1#a:176,target=Ljava/util/PriorityQueue;.add(Ljava/lang/Object;)
MC,caller=Ljava/util/PriorityQueue;.add(Ljava/lang/Object;),target=Ljava/util/PriorityQueue;.add(Ljava/lang/Object;)
MC,caller=Ljava/util/PriorityQueue;.add(Ljava/lang/Object;),target=Ljava/util/PriorityQueue;.offer(Ljava/lang/Object;)
MC,caller=Ljava/util/PriorityQueue;.offer(Ljava/lang/Object;),target=Ljava/util/PriorityQueue;.siftUp(ILjava/lang/Object;)
MC,caller=Ljava/util/PriorityQueue;.siftUp(ILjava/lang/Object;),target=Ljava/util/PriorityQueue;.siftUpComparable(ILjava/lang/Object;)
ME,returner=Ljava/util/PriorityQueue;.siftUpComparable(ILjava/lang/Object;),value=<void>
ME,returner=Ljava/util/PriorityQueue;.siftUp(ILjava/lang/Object;),value=<void>
ME,returner=Ljava/util/PriorityQueue;.offer(Ljava/lang/Object;),value=<void>
ME,returner=Ljava/util/PriorityQueue;.add(Ljava/lang/Object;),value=<void>
MC,caller=Ljava/util/PriorityQueue;.add(Ljava/lang/Object;),target=Ljava/util/PriorityQueue;.siftUp(ILjava/lang/Object;)
MC,caller=Ljava/util/PriorityQueue;.siftUp(ILjava/lang/Object;),target=Ljava/util/PriorityQueue;.siftUp(ILjava/lang/Object;)
MC,caller=Ljava/util/PriorityQueue;.siftUp(ILjava/lang/Object;),target=Ljava/util/PriorityQueue;.siftUpComparable(ILjava/lang/Object;)
MC,caller=Ljava/util/PriorityQueue;.siftUpComparable(ILjava/lang/Object;),target=LMain$P;.compareTo(Ljava/lang/Object;) <BRIDGE>
MC,caller=LMain$P;.compareTo(Ljava/lang/Object;) <BRIDGE>,target=Main$P:152#compareTo:253
VW,context=Main$P:152#compareTo:253,t=Main$P:151
FR,context=Main$P:152,d
FR,context=Main$P:151,d
FR,context=Main$P:152,p
VW,context=Main$P:152#compareTo:253,i=0
FR,context=Main$P:151,p
FR,context=Main$P:152,p
FR,context=Main$P:151,p
FR,context=Main$P:152,p
VW,context=Main$P:152#compareTo:253,i=1
FR,context=Main$P:151,p
FR,context=Main$P:152,p
FR,context=Main$P:151,p
FR,context=Main$P:152,p
FR,context=Main$P:151,p
VW,context=Main$P:152#compareTo:253,result=1
ME,returner=Main$P:152#compareTo:253,value=1
ME,returner=LMain$P;.compareTo(Ljava/lang/Object;) <BRIDGE>,value=<void>
ME,returner=Ljava/util/PriorityQueue;.siftUpComparable(ILjava/lang/Object;),value=<void>
ME,returner=Ljava/util/PriorityQueue;.siftUp(ILjava/lang/Object;),value=<void>
ME,returner=Ljava/util/PriorityQueue;.siftUp(ILjava/lang/Object;),value=<void>
ME,returner=Ljava/util/PriorityQueue;.add(Ljava/lang/Object;),value=<void>
ME,returner=Main:1#a:176,value=<void>
FR,context=Main:1,n
FR,context=Main:1,q
FR,context=Main:1,q
VW,context=Main:1#d:20,p=Main$P:151
FR,context=Main$P:151,p
FR,context=Main$P:151,p
VW,context=Main:1#d:20,v=1
FR,context=Main:1,b
FR,context=Main:1,d
MC,caller=Main:1#d:20,target=Main$P:151#compareTo:254
VW,context=Main$P:151#compareTo:254,t=Main$P:151
FR,context=Main$P:151,d
FR,context=Main$P:151,d
FR,context=Main$P:151,p
VW,context=Main$P:151#compareTo:254,i=0
FR,context=Main$P:151,p
FR,context=Main$P:151,p
FR,context=Main$P:151,p
FR,context=Main$P:151,p
VW,context=Main$P:151#compareTo:254,i=1
FR,context=Main$P:151,p
FR,context=Main$P:151,p
FR,context=Main$P:151,p
FR,context=Main$P:151,p
FR,context=Main$P:151,p
FR,context=Main$P:151,p
VW,context=Main$P:151#compareTo:254,result=0
ME,returner=Main$P:151#compareTo:254,value=0
FR,context=Main:1,n
MC,caller=Main:1#d:20,target=Main:1#a:177
VW,context=Main:1#a:177,p=Main$P:151
VW,context=Main:1#a:177,f=1
VW,context=Main:1#a:177,t=0
FR,context=Main:1,c
FR,context=Main:1,INF
ME,returner=Main:1#a:177,value=<void>
FR,context=Main:1,n
MC,caller=Main:1#d:20,target=Main:1#a:178
VW,context=Main:1#a:178,p=Main$P:151
VW,context=Main:1#a:178,f=1
VW,context=Main:1#a:178,t=1
FR,context=Main:1,c
FR,context=Main:1,INF
ME,returner=Main:1#a:178,value=<void>
FR,context=Main:1,n
MC,caller=Main:1#d:20,target=Main:1#a:179
VW,context=Main:1#a:179,p=Main$P:151
VW,context=Main:1#a:179,f=1
VW,context=Main:1#a:179,t=2
FR,context=Main:1,c
FR,context=Main:1,INF
FR,context=Main$P:151,d
FR,context=Main:1,c
FR,context=Main$P:151,p
FR,context=Main$P:151,p
NO,object=Main$P:153
MC,caller=Main:1#a:179,target=Main$P:153#Main$P:153
VW,context=Main$P:153#Main$P:153,a=2
NO,object=int[]:152
FW,context=int[]:152,0=0
FW,context=int[]:152,1=1
FW,context=int[]:152,2=0
VW,context=Main$P:153#Main$P:153,b=int[]:152
FW,context=Main$P:153,d=2
FW,context=Main$P:153,p=int[]:152
ME,returner=Main$P:153#Main$P:153,value=<void>
VW,context=Main:1#a:179,np=Main$P:153
FR,context=Main$P:153,p
FR,context=Main$P:153,p
FR,context=Main:1,d
MC,caller=Main:1#a:179,target=Main$P:153#compareTo:255
VW,context=Main$P:153#compareTo:255,t=Main$P:152
FR,context=Main$P:153,d
FR,context=Main$P:152,d
FR,context=Main$P:153,d
FR,context=Main$P:152,d
VW,context=Main$P:153#compareTo:255,result=1
ME,returner=Main$P:153#compareTo:255,value=1
ME,returner=Main:1#a:179,value=<void>
FR,context=Main:1,n
FR,context=Main:1,q
FR,context=Main:1,q
VW,context=Main:1#d:20,p=Main$P:152
FR,context=Main$P:152,p
FR,context=Main$P:152,p
VW,context=Main:1#d:20,v=2
FR,context=Main:1,b
ME,returner=Main:1#d:20,value=<void>
FR,context=Main:1,d
FR,context=Main:1,b
FR,context=Main:1,d
FR,context=Main:1,b
FW,context=Main$P:152,s=java.util.BitSet (id=693)
FR,context=Main:1,d
FR,context=Main:1,b
FW,context=Main$P:152,x=1
FR,context=Main:1,kq
FR,context=Main:1,d
FR,context=Main:1,b
FR,context=Main:1,k
VW,context=Main:1#kd:3,i=1
FR,context=Main:1,kq
FR,context=Main:1,kq
VW,context=Main:1#kd:3,p=Main$P:152
FR,context=Main$P:152,s
FR,context=Main:1,n
VW,context=Main:1#kd:3,s=java.util.BitSet (id=702)
FR,context=Main$P:152,p
FR,context=Main$P:152,x
FR,context=Main$P:152,p
FR,context=Main$P:152,x
NO,object=int[]:153
FW,context=int[]:153,0=0
VW,context=Main:1#kd:3,op=int[]:153
VW,context=Main:1#kd:3,od=0
FR,context=Main:1,d
FR,context=Main:1,n
FR,context=Main$P:152,x
FR,context=Main$P:152,p
FR,context=Main$P:152,x
MC,caller=Main:1#kd:3,target=Main:1#d:21
VW,context=Main:1#d:21,s=java.util.BitSet (id=702)
VW,context=Main:1#d:21,a=0
VW,context=Main:1#d:21,od=0
VW,context=Main:1#d:21,op=int[]:153
FR,context=Main:1,q
FR,context=Main:1,d
NO,object=Main$P:154
MC,caller=Main:1#d:21,target=Main$P:154#Main$P:154
VW,context=Main$P:154#Main$P:154,a=0
VW,context=Main$P:154#Main$P:154,b=int[]:153
FW,context=Main$P:154,d=0
FW,context=Main$P:154,p=int[]:153
ME,returner=Main$P:154#Main$P:154,value=<void>
FR,context=Main:1,n
VW,context=Main:1#d:21,i=0
FR,context=Main:1,d
MC,caller=Main:1#d:21,target=Main:1#a:180
VW,context=Main:1#a:180,p=Main$P:154
VW,context=Main:1#a:180,f=0
VW,context=Main:1#a:180,t=0
FR,context=Main:1,c
FR,context=Main:1,INF
ME,returner=Main:1#a:180,value=<void>
FR,context=Main:1,n
VW,context=Main:1#d:21,i=1
FR,context=Main:1,d
MC,caller=Main:1#d:21,target=Main:1#a:181
VW,context=Main:1#a:181,p=Main$P:154
VW,context=Main:1#a:181,f=0
VW,context=Main:1#a:181,t=1
FR,context=Main:1,c
FR,context=Main:1,INF
FR,context=Main$P:154,d
FR,context=Main:1,c
FR,context=Main$P:154,p
FR,context=Main$P:154,p
NO,object=Main$P:155
MC,caller=Main:1#a:181,target=Main$P:155#Main$P:155
VW,context=Main$P:155#Main$P:155,a=1
NO,object=int[]:154
FW,context=int[]:154,0=0
FW,context=int[]:154,1=0
VW,context=Main$P:155#Main$P:155,b=int[]:154
FW,context=Main$P:155,d=1
FW,context=Main$P:155,p=int[]:154
ME,returner=Main$P:155#Main$P:155,value=<void>
VW,context=Main:1#a:181,np=Main$P:155
FR,context=Main$P:155,p
FR,context=Main$P:155,p
FR,context=Main:1,d
MC,caller=Main:1#a:181,target=Main$P:155#compareTo:256
VW,context=Main$P:155#compareTo:256,t=null
VW,context=Main$P:155#compareTo:256,result=-1
ME,returner=Main$P:155#compareTo:256,value=-1
FR,context=Main:1,d
FR,context=Main:1,q
FR,context=Main:1,d
ME,returner=Main:1#a:181,value=<void>
FR,context=Main:1,n
VW,context=Main:1#d:21,i=2
FR,context=Main:1,n
FR,context=Main:1,q
FR,context=Main:1,q
VW,context=Main:1#d:21,p=Main$P:155
FR,context=Main$P:155,p
FR,context=Main$P:155,p
VW,context=Main:1#d:21,v=1
FR,context=Main:1,b
FR,context=Main:1,d
MC,caller=Main:1#d:21,target=Main$P:155#compareTo:257
VW,context=Main$P:155#compareTo:257,t=Main$P:155
FR,context=Main$P:155,d
FR,context=Main$P:155,d
FR,context=Main$P:155,p
VW,context=Main$P:155#compareTo:257,i=0
FR,context=Main$P:155,p
FR,context=Main$P:155,p
FR,context=Main$P:155,p
FR,context=Main$P:155,p
VW,context=Main$P:155#compareTo:257,i=1
FR,context=Main$P:155,p
FR,context=Main$P:155,p
FR,context=Main$P:155,p
FR,context=Main$P:155,p
FR,context=Main$P:155,p
FR,context=Main$P:155,p
VW,context=Main$P:155#compareTo:257,result=0
ME,returner=Main$P:155#compareTo:257,value=0
FR,context=Main:1,n
MC,caller=Main:1#d:21,target=Main:1#a:182
VW,context=Main:1#a:182,p=Main$P:155
VW,context=Main:1#a:182,f=1
VW,context=Main:1#a:182,t=0
FR,context=Main:1,c
FR,context=Main:1,INF
ME,returner=Main:1#a:182,value=<void>
FR,context=Main:1,n
MC,caller=Main:1#d:21,target=Main:1#a:183
VW,context=Main:1#a:183,p=Main$P:155
VW,context=Main:1#a:183,f=1
VW,context=Main:1#a:183,t=1
FR,context=Main:1,c
FR,context=Main:1,INF
ME,returner=Main:1#a:183,value=<void>
FR,context=Main:1,n
MC,caller=Main:1#d:21,target=Main:1#a:184
VW,context=Main:1#a:184,p=Main$P:155
VW,context=Main:1#a:184,f=1
VW,context=Main:1#a:184,t=2
FR,context=Main:1,c
FR,context=Main:1,INF
FR,context=Main$P:155,d
FR,context=Main:1,c
FR,context=Main$P:155,p
FR,context=Main$P:155,p
NO,object=Main$P:156
MC,caller=Main:1#a:184,target=Main$P:156#Main$P:156
VW,context=Main$P:156#Main$P:156,a=2
NO,object=int[]:155
FW,context=int[]:155,0=0
FW,context=int[]:155,1=1
FW,context=int[]:155,2=0
VW,context=Main$P:156#Main$P:156,b=int[]:155
FW,context=Main$P:156,d=2
FW,context=Main$P:156,p=int[]:155
ME,returner=Main$P:156#Main$P:156,value=<void>
VW,context=Main:1#a:184,np=Main$P:156
FR,context=Main$P:156,p
FR,context=Main$P:156,p
FR,context=Main:1,d
MC,caller=Main:1#a:184,target=Main$P:156#compareTo:258
VW,context=Main$P:156#compareTo:258,t=null
VW,context=Main$P:156#compareTo:258,result=-1
ME,returner=Main$P:156#compareTo:258,value=-1
FR,context=Main:1,d
FR,context=Main:1,q
FR,context=Main:1,d
ME,returner=Main:1#a:184,value=<void>
FR,context=Main:1,n
FR,context=Main:1,q
FR,context=Main:1,q
VW,context=Main:1#d:21,p=Main$P:156
FR,context=Main$P:156,p
FR,context=Main$P:156,p
VW,context=Main:1#d:21,v=2
FR,context=Main:1,b
ME,returner=Main:1#d:21,value=<void>
FR,context=Main:1,d
FR,context=Main:1,b
FR,context=Main:1,d
FR,context=Main:1,b
FW,context=Main$P:156,s=java.util.BitSet (id=702)
FR,context=Main:1,d
FR,context=Main:1,b
FR,context=Main$P:152,x
FW,context=Main$P:156,x=1
FR,context=Main:1,kq
FR,context=Main:1,d
FR,context=Main:1,b
FR,context=Main$P:152,x
FR,context=Main$P:152,p
FR,context=Main:1,k
VW,context=Main:1#kd:3,i=2
FR,context=Main:1,kq
FR,context=Main:1,kq
VW,context=Main:1#kd:3,p=Main$P:156
FR,context=Main$P:156,s
FR,context=Main:1,n
VW,context=Main:1#kd:3,s=java.util.BitSet (id=709)
FR,context=Main$P:156,p
FR,context=Main$P:156,x
FR,context=Main$P:156,p
FR,context=Main$P:156,x
NO,object=int[]:156
FW,context=int[]:156,0=0
VW,context=Main:1#kd:3,op=int[]:156
FR,context=Main:1,d
FR,context=Main:1,n
FR,context=Main$P:156,x
FR,context=Main$P:156,p
FR,context=Main$P:156,x
MC,caller=Main:1#kd:3,target=Main:1#d:22
VW,context=Main:1#d:22,s=java.util.BitSet (id=709)
VW,context=Main:1#d:22,a=0
VW,context=Main:1#d:22,od=0
VW,context=Main:1#d:22,op=int[]:156
FR,context=Main:1,q
FR,context=Main:1,d
NO,object=Main$P:157
MC,caller=Main:1#d:22,target=Main$P:157#Main$P:157
VW,context=Main$P:157#Main$P:157,a=0
VW,context=Main$P:157#Main$P:157,b=int[]:156
FW,context=Main$P:157,d=0
FW,context=Main$P:157,p=int[]:156
ME,returner=Main$P:157#Main$P:157,value=<void>
FR,context=Main:1,n
VW,context=Main:1#d:22,i=0
FR,context=Main:1,d
MC,caller=Main:1#d:22,target=Main:1#a:185
VW,context=Main:1#a:185,p=Main$P:157
VW,context=Main:1#a:185,f=0
VW,context=Main:1#a:185,t=0
FR,context=Main:1,c
FR,context=Main:1,INF
ME,returner=Main:1#a:185,value=<void>
FR,context=Main:1,n
VW,context=Main:1#d:22,i=1
FR,context=Main:1,n
VW,context=Main:1#d:22,i=2
FR,context=Main:1,n
FR,context=Main:1,q
ME,returner=Main:1#d:22,value=<void>
FR,context=Main:1,d
FR,context=Main:1,b
FR,context=Main$P:156,x
FR,context=Main$P:156,p
VW,context=Main:1#kd:3,j=2
FR,context=Main:1,n
VW,context=Main:1#kd:3,s=java.util.BitSet (id=712)
FR,context=Main$P:156,p
FR,context=Main$P:156,p
NO,object=int[]:157
FW,context=int[]:157,0=0
FW,context=int[]:157,1=1
VW,context=Main:1#kd:3,op=int[]:157
FR,context=Main:1,c
FR,context=Main$P:156,p
FR,context=Main$P:156,p
VW,context=Main:1#kd:3,od=1
FR,context=Main:1,d
FR,context=Main:1,n
FR,context=Main:1,d
FR,context=Main$P:156,p
FR,context=Main:1,z
FR,context=Main$P:156,p
MC,caller=Main:1#kd:3,target=Main:1#d:23
VW,context=Main:1#d:23,s=java.util.BitSet (id=712)
VW,context=Main:1#d:23,a=1
VW,context=Main:1#d:23,od=1
VW,context=Main:1#d:23,op=int[]:157
FR,context=Main:1,q
FR,context=Main:1,d
NO,object=Main$P:158
MC,caller=Main:1#d:23,target=Main$P:158#Main$P:158
VW,context=Main$P:158#Main$P:158,a=1
VW,context=Main$P:158#Main$P:158,b=int[]:157
FW,context=Main$P:158,d=1
FW,context=Main$P:158,p=int[]:157
ME,returner=Main$P:158#Main$P:158,value=<void>
FR,context=Main:1,n
VW,context=Main:1#d:23,i=0
FR,context=Main:1,d
MC,caller=Main:1#d:23,target=Main:1#a:186
VW,context=Main:1#a:186,p=Main$P:158
VW,context=Main:1#a:186,f=1
VW,context=Main:1#a:186,t=0
FR,context=Main:1,c
FR,context=Main:1,INF
ME,returner=Main:1#a:186,value=<void>
FR,context=Main:1,n
VW,context=Main:1#d:23,i=1
FR,context=Main:1,d
MC,caller=Main:1#d:23,target=Main:1#a:187
VW,context=Main:1#a:187,p=Main$P:158
VW,context=Main:1#a:187,f=1
VW,context=Main:1#a:187,t=1
FR,context=Main:1,c
FR,context=Main:1,INF
ME,returner=Main:1#a:187,value=<void>
FR,context=Main:1,n
VW,context=Main:1#d:23,i=2
FR,context=Main:1,n
FR,context=Main:1,q
ME,returner=Main:1#d:23,value=<void>
FR,context=Main:1,d
FR,context=Main:1,b
FR,context=Main$P:156,p
FR,context=Main:1,k
VW,context=Main:1#kd:3,i=3
FR,context=Main:1,kq
ME,returner=Main:1#kd:3,value=<void>
FR,context=Main:1,kq
VD,method=Main:1#run:1 <name=i,type=int (id=7),value=<?>,index=1>
FR,context=Main:1,sc
FW,context=Main:1,n=0
FR,context=Main:1,sc
FW,context=Main:1,m=0
FR,context=Main:1,sc
FW,context=Main:1,k=0
FR,context=Main:1,sc
FW,context=Main:1,a=0
FR,context=Main:1,sc
FW,context=Main:1,b=0
FR,context=Main:1,n
FR,context=Main:1,m
FR,context=Main:1,k
FR,context=Main:1,a
FW,context=Main:1,a=-1
FR,context=Main:1,b
FW,context=Main:1,b=-1
ME,returner=Main:1#run:1,value=<void>
ME,returner=Main#main:1,value=<void>
TE,
