TS,main (1)
MC,caller=SYSTEM,target=Main#main:1
NO,object=java.lang.String[]:1
VW,context=Main#main:1,args=java.lang.String[]:1
NO,object=Main:1
MC,caller=Main#main:1,target=Main:1#Main:1
FW,context=Main:1,sc=java.util.Scanner (id=364)
ME,returner=Main:1#Main:1,value=<void>
MC,caller=Main#main:1,target=Main:1#run:1
FW,context=Main:1,p=boolean[1000000] (id=365)
MC,caller=Main:1#run:1,target=Main:1#setP:1
FR,context=Main:1,p
FR,context=Main:1,p
FR,context=Main:1,p
FR,context=Main:1,p
VW,context=Main:1#setP:1,i=2
FR,context=Main:1,p
FR,context=Main:1,p
VW,context=Main:1#setP:1,k=4
FR,context=Main:1,p
FR,context=Main:1,p
VW,context=Main:1#setP:1,k=6
FR,context=Main:1,p
FR,context=Main:1,p
VW,context=Main:1#setP:1,k=8
FR,context=Main:1,p
FR,context=Main:1,p
VW,context=Main:1#setP:1,k=10
FR,context=Main:1,p
FR,context=Main:1,p
VW,context=Main:1#setP:1,k=12
FR,context=Main:1,p
FR,context=Main:1,p
VW,context=Main:1#setP:1,k=14
FR,context=Main:1,p
FR,context=Main:1,p
VW,context=Main:1#setP:1,k=16
FR,context=Main:1,p
FR,context=Main:1,p
VW,context=Main:1#setP:1,k=18
FR,context=Main:1,p
FR,context=Main:1,p
VW,context=Main:1#setP:1,k=20
FR,context=Main:1,p
FR,context=Main:1,p
VW,context=Main:1#setP:1,k=22
FR,context=Main:1,p
FR,context=Main:1,p
VW,context=Main:1#setP:1,k=24
FR,context=Main:1,p
FR,context=Main:1,p
VW,context=Main:1#setP:1,k=26
FR,context=Main:1,p
FR,context=Main:1,p
VW,context=Main:1#setP:1,k=28
FR,context=Main:1,p
FR,context=Main:1,p
VW,context=Main:1#setP:1,k=30
FR,context=Main:1,p
FR,context=Main:1,p
VW,context=Main:1#setP:1,k=32
FR,context=Main:1,p
FR,context=Main:1,p
VW,context=Main:1#setP:1,k=34
FR,context=Main:1,p
FR,context=Main:1,p
VW,context=Main:1#setP:1,k=36
FR,context=Main:1,p
FR,context=Main:1,p
VW,context=Main:1#setP:1,k=38
FR,context=Main:1,p
FR,context=Main:1,p
VW,context=Main:1#setP:1,k=40
FR,context=Main:1,p
FR,context=Main:1,p
VW,context=Main:1#setP:1,k=42
FR,context=Main:1,p
FR,context=Main:1,p
VW,context=Main:1#setP:1,k=44
FR,context=Main:1,p
FR,context=Main:1,p
VW,context=Main:1#setP:1,k=46
FR,context=Main:1,p
FR,context=Main:1,p
VW,context=Main:1#setP:1,k=48
FR,context=Main:1,p
FR,context=Main:1,p
VW,context=Main:1#setP:1,k=50
FR,context=Main:1,p
FR,context=Main:1,p
VW,context=Main:1#setP:1,k=52
FR,context=Main:1,p
FR,context=Main:1,p
VW,context=Main:1#setP:1,k=54
FR,context=Main:1,p
FR,context=Main:1,p
VW,context=Main:1#setP:1,k=56
FR,context=Main:1,p
FR,context=Main:1,p
VW,context=Main:1#setP:1,k=58
FR,context=Main:1,p
FR,context=Main:1,p
VW,context=Main:1#setP:1,k=60
FR,context=Main:1,p
FR,context=Main:1,p
VW,context=Main:1#setP:1,k=62
FR,context=Main:1,p
FR,context=Main:1,p
VW,context=Main:1#setP:1,k=64
FR,context=Main:1,p
FR,context=Main:1,p
VW,context=Main:1#setP:1,k=66
FR,context=Main:1,p
FR,context=Main:1,p
VW,context=Main:1#setP:1,k=68
FR,context=Main:1,p
FR,context=Main:1,p
VW,context=Main:1#setP:1,k=70
FR,context=Main:1,p
FR,context=Main:1,p
VW,context=Main:1#setP:1,k=72
FR,context=Main:1,p
FR,context=Main:1,p
VW,context=Main:1#setP:1,k=74
FR,context=Main:1,p
FR,context=Main:1,p
VW,context=Main:1#setP:1,k=76
FR,context=Main:1,p
FR,context=Main:1,p
VW,context=Main:1#setP:1,k=78
FR,context=Main:1,p
FR,context=Main:1,p
VW,context=Main:1#setP:1,k=80
FR,context=Main:1,p
FR,context=Main:1,p
VW,context=Main:1#setP:1,k=82
FR,context=Main:1,p
FR,context=Main:1,p
VW,context=Main:1#setP:1,k=84
FR,context=Main:1,p
FR,context=Main:1,p
VW,context=Main:1#setP:1,k=86
FR,context=Main:1,p
FR,context=Main:1,p
VW,context=Main:1#setP:1,k=88
FR,context=Main:1,p
FR,context=Main:1,p
VW,context=Main:1#setP:1,k=90
FR,context=Main:1,p
FR,context=Main:1,p
VW,context=Main:1#setP:1,k=92
FR,context=Main:1,p
FR,context=Main:1,p
VW,context=Main:1#setP:1,k=94
FR,context=Main:1,p
FR,context=Main:1,p
VW,context=Main:1#setP:1,k=96
FR,context=Main:1,p
FR,context=Main:1,p
VW,context=Main:1#setP:1,k=98
FR,context=Main:1,p
FR,context=Main:1,p
VW,context=Main:1#setP:1,k=100
FR,context=Main:1,p
FR,context=Main:1,p
VW,context=Main:1#setP:1,k=102
FR,context=Main:1,p
FR,context=Main:1,p
VW,context=Main:1#setP:1,k=104
FR,context=Main:1,p
FR,context=Main:1,p
VW,context=Main:1#setP:1,k=106
FR,context=Main:1,p
FR,context=Main:1,p
VW,context=Main:1#setP:1,k=108
FR,context=Main:1,p
FR,context=Main:1,p
VW,context=Main:1#setP:1,k=110
FR,context=Main:1,p
FR,context=Main:1,p
VW,context=Main:1#setP:1,k=112
FR,context=Main:1,p
FR,context=Main:1,p
VW,context=Main:1#setP:1,k=114
FR,context=Main:1,p
FR,context=Main:1,p
VW,context=Main:1#setP:1,k=116
FR,context=Main:1,p
FR,context=Main:1,p
VW,context=Main:1#setP:1,k=118
FR,context=Main:1,p
FR,context=Main:1,p
VW,context=Main:1#setP:1,k=120
FR,context=Main:1,p
FR,context=Main:1,p
VW,context=Main:1#setP:1,k=122
FR,context=Main:1,p
FR,context=Main:1,p
VW,context=Main:1#setP:1,k=124
FR,context=Main:1,p
FR,context=Main:1,p
VW,context=Main:1#setP:1,k=126
FR,context=Main:1,p
FR,context=Main:1,p
VW,context=Main:1#setP:1,k=128
FR,context=Main:1,p
FR,context=Main:1,p
VW,context=Main:1#setP:1,k=130
FR,context=Main:1,p
FR,context=Main:1,p
VW,context=Main:1#setP:1,k=132
FR,context=Main:1,p
FR,context=Main:1,p
VW,context=Main:1#setP:1,k=134
FR,context=Main:1,p
FR,context=Main:1,p
VW,context=Main:1#setP:1,k=136
FR,context=Main:1,p
FR,context=Main:1,p
VW,context=Main:1#setP:1,k=138
FR,context=Main:1,p
FR,context=Main:1,p
VW,context=Main:1#setP:1,k=140
FR,context=Main:1,p
FR,context=Main:1,p
VW,context=Main:1#setP:1,k=142
FR,context=Main:1,p
FR,context=Main:1,p
VW,context=Main:1#setP:1,k=144
FR,context=Main:1,p
FR,context=Main:1,p
VW,context=Main:1#setP:1,k=146
FR,context=Main:1,p
FR,context=Main:1,p
VW,context=Main:1#setP:1,k=148
FR,context=Main:1,p
FR,context=Main:1,p
VW,context=Main:1#setP:1,k=150
FR,context=Main:1,p
FR,context=Main:1,p
VW,context=Main:1#setP:1,k=152
FR,context=Main:1,p
FR,context=Main:1,p
VW,context=Main:1#setP:1,k=154
FR,context=Main:1,p
FR,context=Main:1,p
VW,context=Main:1#setP:1,k=156
FR,context=Main:1,p
FR,context=Main:1,p
VW,context=Main:1#setP:1,k=158
FR,context=Main:1,p
FR,context=Main:1,p
VW,context=Main:1#setP:1,k=160
FR,context=Main:1,p
FR,context=Main:1,p
VW,context=Main:1#setP:1,k=162
FR,context=Main:1,p
FR,context=Main:1,p
VW,context=Main:1#setP:1,k=164
FR,context=Main:1,p
FR,context=Main:1,p
VW,context=Main:1#setP:1,k=166
FR,context=Main:1,p
FR,context=Main:1,p
VW,context=Main:1#setP:1,k=168
FR,context=Main:1,p
FR,context=Main:1,p
VW,context=Main:1#setP:1,k=170
FR,context=Main:1,p
FR,context=Main:1,p
VW,context=Main:1#setP:1,k=172
FR,context=Main:1,p
FR,context=Main:1,p
VW,context=Main:1#setP:1,k=174
FR,context=Main:1,p
FR,context=Main:1,p
VW,context=Main:1#setP:1,k=176
FR,context=Main:1,p
FR,context=Main:1,p
VW,context=Main:1#setP:1,k=178
FR,context=Main:1,p
FR,context=Main:1,p
VW,context=Main:1#setP:1,k=180
FR,context=Main:1,p
FR,context=Main:1,p
VW,context=Main:1#setP:1,k=182
FR,context=Main:1,p
FR,context=Main:1,p
VW,context=Main:1#setP:1,k=184
FR,context=Main:1,p
FR,context=Main:1,p
VW,context=Main:1#setP:1,k=186
FR,context=Main:1,p
FR,context=Main:1,p
VW,context=Main:1#setP:1,k=188
FR,context=Main:1,p
FR,context=Main:1,p
VW,context=Main:1#setP:1,k=190
FR,context=Main:1,p
FR,context=Main:1,p
VW,context=Main:1#setP:1,k=192
FR,context=Main:1,p
FR,context=Main:1,p
VW,context=Main:1#setP:1,k=194
FR,context=Main:1,p
FR,context=Main:1,p
VW,context=Main:1#setP:1,k=196
FR,context=Main:1,p
FR,context=Main:1,p
VW,context=Main:1#setP:1,k=198
FR,context=Main:1,p
FR,context=Main:1,p
VW,context=Main:1#setP:1,k=200
FR,context=Main:1,p
FR,context=Main:1,p
VW,context=Main:1#setP:1,k=202
FR,context=Main:1,p
FR,context=Main:1,p
VW,context=Main:1#setP:1,k=204
FR,context=Main:1,p
FR,context=Main:1,p
VW,context=Main:1#setP:1,k=206
FR,context=Main:1,p
FR,context=Main:1,p
VW,context=Main:1#setP:1,k=208
FR,context=Main:1,p
FR,context=Main:1,p
VW,context=Main:1#setP:1,k=210
FR,context=Main:1,p
FR,context=Main:1,p
VW,context=Main:1#setP:1,k=212
FR,context=Main:1,p
FR,context=Main:1,p
VW,context=Main:1#setP:1,k=214
FR,context=Main:1,p
FR,context=Main:1,p
VW,context=Main:1#setP:1,k=216
FR,context=Main:1,p
FR,context=Main:1,p
VW,context=Main:1#setP:1,k=218
FR,context=Main:1,p
FR,context=Main:1,p
VW,context=Main:1#setP:1,k=220
FR,context=Main:1,p
FR,context=Main:1,p
VW,context=Main:1#setP:1,k=222
FR,context=Main:1,p
FR,context=Main:1,p
VW,context=Main:1#setP:1,k=224
FR,context=Main:1,p
FR,context=Main:1,p
VW,context=Main:1#setP:1,k=226
FR,context=Main:1,p
FR,context=Main:1,p
VW,context=Main:1#setP:1,k=228
FR,context=Main:1,p
FR,context=Main:1,p
VW,context=Main:1#setP:1,k=230
FR,context=Main:1,p
FR,context=Main:1,p
VW,context=Main:1#setP:1,k=232
FR,context=Main:1,p
FR,context=Main:1,p
VW,context=Main:1#setP:1,k=234
FR,context=Main:1,p
FR,context=Main:1,p
VW,context=Main:1#setP:1,k=236
FR,context=Main:1,p
FR,context=Main:1,p
VW,context=Main:1#setP:1,k=238
FR,context=Main:1,p
FR,context=Main:1,p
VW,context=Main:1#setP:1,k=240
FR,context=Main:1,p
FR,context=Main:1,p
VW,context=Main:1#setP:1,k=242
FR,context=Main:1,p
FR,context=Main:1,p
VW,context=Main:1#setP:1,k=244
FR,context=Main:1,p
FR,context=Main:1,p
VW,context=Main:1#setP:1,k=246
FR,context=Main:1,p
FR,context=Main:1,p
VW,context=Main:1#setP:1,k=248
FR,context=Main:1,p
FR,context=Main:1,p
VW,context=Main:1#setP:1,k=250
FR,context=Main:1,p
FR,context=Main:1,p
VW,context=Main:1#setP:1,k=252
FR,context=Main:1,p
FR,context=Main:1,p
VW,context=Main:1#setP:1,k=254
FR,context=Main:1,p
FR,context=Main:1,p
VW,context=Main:1#setP:1,k=256
FR,context=Main:1,p
FR,context=Main:1,p
VW,context=Main:1#setP:1,k=258
FR,context=Main:1,p
FR,context=Main:1,p
VW,context=Main:1#setP:1,k=260
FR,context=Main:1,p
FR,context=Main:1,p
VW,context=Main:1#setP:1,k=262
FR,context=Main:1,p
FR,context=Main:1,p
VW,context=Main:1#setP:1,k=264
FR,context=Main:1,p
FR,context=Main:1,p
VW,context=Main:1#setP:1,k=266
FR,context=Main:1,p
FR,context=Main:1,p
VW,context=Main:1#setP:1,k=268
FR,context=Main:1,p
FR,context=Main:1,p
VW,context=Main:1#setP:1,k=270
FR,context=Main:1,p
FR,context=Main:1,p
VW,context=Main:1#setP:1,k=272
FR,context=Main:1,p
FR,context=Main:1,p
VW,context=Main:1#setP:1,k=274
FR,context=Main:1,p
FR,context=Main:1,p
VW,context=Main:1#setP:1,k=276
FR,context=Main:1,p
FR,context=Main:1,p
VW,context=Main:1#setP:1,k=278
FR,context=Main:1,p
FR,context=Main:1,p
VW,context=Main:1#setP:1,k=280
FR,context=Main:1,p
FR,context=Main:1,p
VW,context=Main:1#setP:1,k=282
FR,context=Main:1,p
FR,context=Main:1,p
VW,context=Main:1#setP:1,k=284
FR,context=Main:1,p
FR,context=Main:1,p
VW,context=Main:1#setP:1,k=286
FR,context=Main:1,p
FR,context=Main:1,p
VW,context=Main:1#setP:1,k=288
FR,context=Main:1,p
FR,context=Main:1,p
VW,context=Main:1#setP:1,k=290
FR,context=Main:1,p
FR,context=Main:1,p
VW,context=Main:1#setP:1,k=292
FR,context=Main:1,p
FR,context=Main:1,p
VW,context=Main:1#setP:1,k=294
FR,context=Main:1,p
FR,context=Main:1,p
VW,context=Main:1#setP:1,k=296
FR,context=Main:1,p
FR,context=Main:1,p
VW,context=Main:1#setP:1,k=298
FR,context=Main:1,p
FR,context=Main:1,p
VW,context=Main:1#setP:1,k=300
FR,context=Main:1,p
FR,context=Main:1,p
VW,context=Main:1#setP:1,k=302
FR,context=Main:1,p
FR,context=Main:1,p
VW,context=Main:1#setP:1,k=304
FR,context=Main:1,p
FR,context=Main:1,p
VW,context=Main:1#setP:1,k=306
FR,context=Main:1,p
FR,context=Main:1,p
VW,context=Main:1#setP:1,k=308
FR,context=Main:1,p
FR,context=Main:1,p
VW,context=Main:1#setP:1,k=310
FR,context=Main:1,p
FR,context=Main:1,p
VW,context=Main:1#setP:1,k=312
FR,context=Main:1,p
FR,context=Main:1,p
VW,context=Main:1#setP:1,k=314
FR,context=Main:1,p
FR,context=Main:1,p
VW,context=Main:1#setP:1,k=316
FR,context=Main:1,p
FR,context=Main:1,p
VW,context=Main:1#setP:1,k=318
FR,context=Main:1,p
FR,context=Main:1,p
VW,context=Main:1#setP:1,k=320
FR,context=Main:1,p
FR,context=Main:1,p
VW,context=Main:1#setP:1,k=322
FR,context=Main:1,p
FR,context=Main:1,p
VW,context=Main:1#setP:1,k=324
FR,context=Main:1,p
FR,context=Main:1,p
VW,context=Main:1#setP:1,k=326
FR,context=Main:1,p
FR,context=Main:1,p
VW,context=Main:1#setP:1,k=328
FR,context=Main:1,p
FR,context=Main:1,p
VW,context=Main:1#setP:1,k=330
FR,context=Main:1,p
FR,context=Main:1,p
VW,context=Main:1#setP:1,k=332
FR,context=Main:1,p
FR,context=Main:1,p
VW,context=Main:1#setP:1,k=334
FR,context=Main:1,p
FR,context=Main:1,p
VW,context=Main:1#setP:1,k=336
FR,context=Main:1,p
FR,context=Main:1,p
VW,context=Main:1#setP:1,k=338
FR,context=Main:1,p
FR,context=Main:1,p
VW,context=Main:1#setP:1,k=340
FR,context=Main:1,p
FR,context=Main:1,p
VW,context=Main:1#setP:1,k=342
FR,context=Main:1,p
FR,context=Main:1,p
VW,context=Main:1#setP:1,k=344
FR,context=Main:1,p
FR,context=Main:1,p
VW,context=Main:1#setP:1,k=346
FR,context=Main:1,p
FR,context=Main:1,p
VW,context=Main:1#setP:1,k=348
FR,context=Main:1,p
FR,context=Main:1,p
VW,context=Main:1#setP:1,k=350
FR,context=Main:1,p
FR,context=Main:1,p
VW,context=Main:1#setP:1,k=352
FR,context=Main:1,p
FR,context=Main:1,p
VW,context=Main:1#setP:1,k=354
FR,context=Main:1,p
FR,context=Main:1,p
VW,context=Main:1#setP:1,k=356
FR,context=Main:1,p
FR,context=Main:1,p
VW,context=Main:1#setP:1,k=358
FR,context=Main:1,p
FR,context=Main:1,p
VW,context=Main:1#setP:1,k=360
FR,context=Main:1,p
FR,context=Main:1,p
VW,context=Main:1#setP:1,k=362
FR,context=Main:1,p
FR,context=Main:1,p
VW,context=Main:1#setP:1,k=364
FR,context=Main:1,p
FR,context=Main:1,p
VW,context=Main:1#setP:1,k=366
FR,context=Main:1,p
FR,context=Main:1,p
VW,context=Main:1#setP:1,k=368
FR,context=Main:1,p
FR,context=Main:1,p
VW,context=Main:1#setP:1,k=370
FR,context=Main:1,p
FR,context=Main:1,p
VW,context=Main:1#setP:1,k=372
FR,context=Main:1,p
FR,context=Main:1,p
VW,context=Main:1#setP:1,k=374
FR,context=Main:1,p
FR,context=Main:1,p
VW,context=Main:1#setP:1,k=376
FR,context=Main:1,p
FR,context=Main:1,p
VW,context=Main:1#setP:1,k=378
FR,context=Main:1,p
FR,context=Main:1,p
VW,context=Main:1#setP:1,k=380
FR,context=Main:1,p
FR,context=Main:1,p
VW,context=Main:1#setP:1,k=382
FR,context=Main:1,p
FR,context=Main:1,p
VW,context=Main:1#setP:1,k=384
FR,context=Main:1,p
FR,context=Main:1,p
VW,context=Main:1#setP:1,k=386
FR,context=Main:1,p
FR,context=Main:1,p
VW,context=Main:1#setP:1,k=388
FR,context=Main:1,p
FR,context=Main:1,p
VW,context=Main:1#setP:1,k=390
FR,context=Main:1,p
FR,context=Main:1,p
VW,context=Main:1#setP:1,k=392
FR,context=Main:1,p
FR,context=Main:1,p
VW,context=Main:1#setP:1,k=394
FR,context=Main:1,p
FR,context=Main:1,p
VW,context=Main:1#setP:1,k=396
FR,context=Main:1,p
FR,context=Main:1,p
VW,context=Main:1#setP:1,k=398
FR,context=Main:1,p
FR,context=Main:1,p
VW,context=Main:1#setP:1,k=400
FR,context=Main:1,p
FR,context=Main:1,p
VW,context=Main:1#setP:1,k=402
FR,context=Main:1,p
FR,context=Main:1,p
VW,context=Main:1#setP:1,k=404
FR,context=Main:1,p
FR,context=Main:1,p
VW,context=Main:1#setP:1,k=406
FR,context=Main:1,p
FR,context=Main:1,p
VW,context=Main:1#setP:1,k=408
FR,context=Main:1,p
FR,context=Main:1,p
VW,context=Main:1#setP:1,k=410
FR,context=Main:1,p
FR,context=Main:1,p
VW,context=Main:1#setP:1,k=412
FR,context=Main:1,p
FR,context=Main:1,p
VW,context=Main:1#setP:1,k=414
FR,context=Main:1,p
FR,context=Main:1,p
VW,context=Main:1#setP:1,k=416
FR,context=Main:1,p
FR,context=Main:1,p
VW,context=Main:1#setP:1,k=418
FR,context=Main:1,p
FR,context=Main:1,p
VW,context=Main:1#setP:1,k=420
FR,context=Main:1,p
FR,context=Main:1,p
VW,context=Main:1#setP:1,k=422
FR,context=Main:1,p
FR,context=Main:1,p
VW,context=Main:1#setP:1,k=424
FR,context=Main:1,p
FR,context=Main:1,p
VW,context=Main:1#setP:1,k=426
FR,context=Main:1,p
FR,context=Main:1,p
VW,context=Main:1#setP:1,k=428
FR,context=Main:1,p
FR,context=Main:1,p
VW,context=Main:1#setP:1,k=430
FR,context=Main:1,p
FR,context=Main:1,p
VW,context=Main:1#setP:1,k=432
FR,context=Main:1,p
FR,context=Main:1,p
VW,context=Main:1#setP:1,k=434
FR,context=Main:1,p
FR,context=Main:1,p
VW,context=Main:1#setP:1,k=436
FR,context=Main:1,p
FR,context=Main:1,p
VW,context=Main:1#setP:1,k=438
FR,context=Main:1,p
FR,context=Main:1,p
VW,context=Main:1#setP:1,k=440
FR,context=Main:1,p
FR,context=Main:1,p
VW,context=Main:1#setP:1,k=442
FR,context=Main:1,p
FR,context=Main:1,p
VW,context=Main:1#setP:1,k=444
FR,context=Main:1,p
FR,context=Main:1,p
VW,context=Main:1#setP:1,k=446
FR,context=Main:1,p
FR,context=Main:1,p
VW,context=Main:1#setP:1,k=448
FR,context=Main:1,p
FR,context=Main:1,p
VW,context=Main:1#setP:1,k=450
FR,context=Main:1,p
FR,context=Main:1,p
VW,context=Main:1#setP:1,k=452
FR,context=Main:1,p
FR,context=Main:1,p
VW,context=Main:1#setP:1,k=454
FR,context=Main:1,p
FR,context=Main:1,p
VW,context=Main:1#setP:1,k=456
FR,context=Main:1,p
FR,context=Main:1,p
VW,context=Main:1#setP:1,k=458
FR,context=Main:1,p
FR,context=Main:1,p
VW,context=Main:1#setP:1,k=460
FR,context=Main:1,p
FR,context=Main:1,p
VW,context=Main:1#setP:1,k=462
FR,context=Main:1,p
FR,context=Main:1,p
VW,context=Main:1#setP:1,k=464
FR,context=Main:1,p
FR,context=Main:1,p
VW,context=Main:1#setP:1,k=466
FR,context=Main:1,p
FR,context=Main:1,p
VW,context=Main:1#setP:1,k=468
FR,context=Main:1,p
FR,context=Main:1,p
VW,context=Main:1#setP:1,k=470
FR,context=Main:1,p
FR,context=Main:1,p
VW,context=Main:1#setP:1,k=472
FR,context=Main:1,p
FR,context=Main:1,p
VW,context=Main:1#setP:1,k=474
FR,context=Main:1,p
FR,context=Main:1,p
VW,context=Main:1#setP:1,k=476
FR,context=Main:1,p
FR,context=Main:1,p
VW,context=Main:1#setP:1,k=478
FR,context=Main:1,p
FR,context=Main:1,p
VW,context=Main:1#setP:1,k=480
FR,context=Main:1,p
FR,context=Main:1,p
VW,context=Main:1#setP:1,k=482
FR,context=Main:1,p
FR,context=Main:1,p
VW,context=Main:1#setP:1,k=484
FR,context=Main:1,p
FR,context=Main:1,p
VW,context=Main:1#setP:1,k=486
FR,context=Main:1,p
FR,context=Main:1,p
VW,context=Main:1#setP:1,k=488
FR,context=Main:1,p
FR,context=Main:1,p
VW,context=Main:1#setP:1,k=490
FR,context=Main:1,p
FR,context=Main:1,p
VW,context=Main:1#setP:1,k=492
FR,context=Main:1,p
FR,context=Main:1,p
VW,context=Main:1#setP:1,k=494
FR,context=Main:1,p
FR,context=Main:1,p
VW,context=Main:1#setP:1,k=496
FR,context=Main:1,p
FR,context=Main:1,p
VW,context=Main:1#setP:1,k=498
FR,context=Main:1,p
FR,context=Main:1,p
VW,context=Main:1#setP:1,k=500
FR,context=Main:1,p
FR,context=Main:1,p
VW,context=Main:1#setP:1,k=502
FR,context=Main:1,p
FR,context=Main:1,p
VW,context=Main:1#setP:1,k=504
FR,context=Main:1,p
FR,context=Main:1,p
VW,context=Main:1#setP:1,k=506
FR,context=Main:1,p
FR,context=Main:1,p
VW,context=Main:1#setP:1,k=508
FR,context=Main:1,p
FR,context=Main:1,p
VW,context=Main:1#setP:1,k=510
FR,context=Main:1,p
FR,context=Main:1,p
VW,context=Main:1#setP:1,k=512
FR,context=Main:1,p
FR,context=Main:1,p
VW,context=Main:1#setP:1,k=514
FR,context=Main:1,p
FR,context=Main:1,p
VW,context=Main:1#setP:1,k=516
FR,context=Main:1,p
FR,context=Main:1,p
VW,context=Main:1#setP:1,k=518
FR,context=Main:1,p
FR,context=Main:1,p
VW,context=Main:1#setP:1,k=520
FR,context=Main:1,p
FR,context=Main:1,p
VW,context=Main:1#setP:1,k=522
FR,context=Main:1,p
FR,context=Main:1,p
VW,context=Main:1#setP:1,k=524
FR,context=Main:1,p
FR,context=Main:1,p
VW,context=Main:1#setP:1,k=526
FR,context=Main:1,p
FR,context=Main:1,p
VW,context=Main:1#setP:1,k=528
FR,context=Main:1,p
FR,context=Main:1,p
VW,context=Main:1#setP:1,k=530
FR,context=Main:1,p
FR,context=Main:1,p
VW,context=Main:1#setP:1,k=532
FR,context=Main:1,p
FR,context=Main:1,p
VW,context=Main:1#setP:1,k=534
FR,context=Main:1,p
FR,context=Main:1,p
VW,context=Main:1#setP:1,k=536
FR,context=Main:1,p
FR,context=Main:1,p
VW,context=Main:1#setP:1,k=538
FR,context=Main:1,p
FR,context=Main:1,p
VW,context=Main:1#setP:1,k=540
FR,context=Main:1,p
FR,context=Main:1,p
VW,context=Main:1#setP:1,k=542
FR,context=Main:1,p
FR,context=Main:1,p
VW,context=Main:1#setP:1,k=544
FR,context=Main:1,p
FR,context=Main:1,p
VW,context=Main:1#setP:1,k=546
FR,context=Main:1,p
FR,context=Main:1,p
VW,context=Main:1#setP:1,k=548
FR,context=Main:1,p
FR,context=Main:1,p
VW,context=Main:1#setP:1,k=550
FR,context=Main:1,p
FR,context=Main:1,p
VW,context=Main:1#setP:1,k=552
FR,context=Main:1,p
FR,context=Main:1,p
VW,context=Main:1#setP:1,k=554
FR,context=Main:1,p
FR,context=Main:1,p
VW,context=Main:1#setP:1,k=556
FR,context=Main:1,p
FR,context=Main:1,p
VW,context=Main:1#setP:1,k=558
FR,context=Main:1,p
FR,context=Main:1,p
VW,context=Main:1#setP:1,k=560
FR,context=Main:1,p
FR,context=Main:1,p
VW,context=Main:1#setP:1,k=562
FR,context=Main:1,p
FR,context=Main:1,p
VW,context=Main:1#setP:1,k=564
FR,context=Main:1,p
FR,context=Main:1,p
VW,context=Main:1#setP:1,k=566
FR,context=Main:1,p
FR,context=Main:1,p
VW,context=Main:1#setP:1,k=568
FR,context=Main:1,p
FR,context=Main:1,p
VW,context=Main:1#setP:1,k=570
FR,context=Main:1,p
FR,context=Main:1,p
VW,context=Main:1#setP:1,k=572
FR,context=Main:1,p
FR,context=Main:1,p
VW,context=Main:1#setP:1,k=574
FR,context=Main:1,p
FR,context=Main:1,p
VW,context=Main:1#setP:1,k=576
FR,context=Main:1,p
FR,context=Main:1,p
VW,context=Main:1#setP:1,k=578
FR,context=Main:1,p
FR,context=Main:1,p
VW,context=Main:1#setP:1,k=580
FR,context=Main:1,p
FR,context=Main:1,p
VW,context=Main:1#setP:1,k=582
FR,context=Main:1,p
FR,context=Main:1,p
VW,context=Main:1#setP:1,k=584
FR,context=Main:1,p
FR,context=Main:1,p
VW,context=Main:1#setP:1,k=586
FR,context=Main:1,p
FR,context=Main:1,p
VW,context=Main:1#setP:1,k=588
FR,context=Main:1,p
FR,context=Main:1,p
VW,context=Main:1#setP:1,k=590
FR,context=Main:1,p
FR,context=Main:1,p
VW,context=Main:1#setP:1,k=592
FR,context=Main:1,p
FR,context=Main:1,p
VW,context=Main:1#setP:1,k=594
FR,context=Main:1,p
FR,context=Main:1,p
VW,context=Main:1#setP:1,k=596
FR,context=Main:1,p
FR,context=Main:1,p
VW,context=Main:1#setP:1,k=598
FR,context=Main:1,p
FR,context=Main:1,p
VW,context=Main:1#setP:1,k=600
FR,context=Main:1,p
FR,context=Main:1,p
VW,context=Main:1#setP:1,k=602
FR,context=Main:1,p
FR,context=Main:1,p
VW,context=Main:1#setP:1,k=604
FR,context=Main:1,p
FR,context=Main:1,p
VW,context=Main:1#setP:1,k=606
FR,context=Main:1,p
FR,context=Main:1,p
VW,context=Main:1#setP:1,k=608
FR,context=Main:1,p
FR,context=Main:1,p
VW,context=Main:1#setP:1,k=610
FR,context=Main:1,p
FR,context=Main:1,p
VW,context=Main:1#setP:1,k=612
FR,context=Main:1,p
FR,context=Main:1,p
VW,context=Main:1#setP:1,k=614
FR,context=Main:1,p
FR,context=Main:1,p
VW,context=Main:1#setP:1,k=616
FR,context=Main:1,p
FR,context=Main:1,p
VW,context=Main:1#setP:1,k=618
FR,context=Main:1,p
FR,context=Main:1,p
VW,context=Main:1#setP:1,k=620
FR,context=Main:1,p
FR,context=Main:1,p
VW,context=Main:1#setP:1,k=622
FR,context=Main:1,p
FR,context=Main:1,p
VW,context=Main:1#setP:1,k=624
FR,context=Main:1,p
FR,context=Main:1,p
VW,context=Main:1#setP:1,k=626
FR,context=Main:1,p
FR,context=Main:1,p
VW,context=Main:1#setP:1,k=628
FR,context=Main:1,p
FR,context=Main:1,p
VW,context=Main:1#setP:1,k=630
FR,context=Main:1,p
FR,context=Main:1,p
VW,context=Main:1#setP:1,k=632
FR,context=Main:1,p
FR,context=Main:1,p
VW,context=Main:1#setP:1,k=634
FR,context=Main:1,p
FR,context=Main:1,p
VW,context=Main:1#setP:1,k=636
FR,context=Main:1,p
FR,context=Main:1,p
VW,context=Main:1#setP:1,k=638
FR,context=Main:1,p
FR,context=Main:1,p
VW,context=Main:1#setP:1,k=640
FR,context=Main:1,p
FR,context=Main:1,p
VW,context=Main:1#setP:1,k=642
FR,context=Main:1,p
FR,context=Main:1,p
VW,context=Main:1#setP:1,k=644
FR,context=Main:1,p
FR,context=Main:1,p
VW,context=Main:1#setP:1,k=646
FR,context=Main:1,p
FR,context=Main:1,p
VW,context=Main:1#setP:1,k=648
FR,context=Main:1,p
FR,context=Main:1,p
VW,context=Main:1#setP:1,k=650
FR,context=Main:1,p
FR,context=Main:1,p
VW,context=Main:1#setP:1,k=652
FR,context=Main:1,p
FR,context=Main:1,p
VW,context=Main:1#setP:1,k=654
FR,context=Main:1,p
FR,context=Main:1,p
VW,context=Main:1#setP:1,k=656
FR,context=Main:1,p
FR,context=Main:1,p
VW,context=Main:1#setP:1,k=658
FR,context=Main:1,p
FR,context=Main:1,p
VW,context=Main:1#setP:1,k=660
FR,context=Main:1,p
FR,context=Main:1,p
VW,context=Main:1#setP:1,k=662
FR,context=Main:1,p
FR,context=Main:1,p
VW,context=Main:1#setP:1,k=664
FR,context=Main:1,p
FR,context=Main:1,p
VW,context=Main:1#setP:1,k=666
FR,context=Main:1,p
FR,context=Main:1,p
VW,context=Main:1#setP:1,k=668
FR,context=Main:1,p
FR,context=Main:1,p
VW,context=Main:1#setP:1,k=670
FR,context=Main:1,p
FR,context=Main:1,p
VW,context=Main:1#setP:1,k=672
FR,context=Main:1,p
FR,context=Main:1,p
VW,context=Main:1#setP:1,k=674
FR,context=Main:1,p
FR,context=Main:1,p
VW,context=Main:1#setP:1,k=676
FR,context=Main:1,p
FR,context=Main:1,p
VW,context=Main:1#setP:1,k=678
FR,context=Main:1,p
FR,context=Main:1,p
VW,context=Main:1#setP:1,k=680
FR,context=Main:1,p
FR,context=Main:1,p
VW,context=Main:1#setP:1,k=682
FR,context=Main:1,p
FR,context=Main:1,p
VW,context=Main:1#setP:1,k=684
FR,context=Main:1,p
FR,context=Main:1,p
VW,context=Main:1#setP:1,k=686
FR,context=Main:1,p
FR,context=Main:1,p
VW,context=Main:1#setP:1,k=688
FR,context=Main:1,p
FR,context=Main:1,p
VW,context=Main:1#setP:1,k=690
FR,context=Main:1,p
FR,context=Main:1,p
VW,context=Main:1#setP:1,k=692
FR,context=Main:1,p
FR,context=Main:1,p
VW,context=Main:1#setP:1,k=694
FR,context=Main:1,p
FR,context=Main:1,p
VW,context=Main:1#setP:1,k=696
FR,context=Main:1,p
FR,context=Main:1,p
VW,context=Main:1#setP:1,k=698
FR,context=Main:1,p
FR,context=Main:1,p
VW,context=Main:1#setP:1,k=700
FR,context=Main:1,p
FR,context=Main:1,p
VW,context=Main:1#setP:1,k=702
FR,context=Main:1,p
FR,context=Main:1,p
VW,context=Main:1#setP:1,k=704
FR,context=Main:1,p
FR,context=Main:1,p
VW,context=Main:1#setP:1,k=706
FR,context=Main:1,p
FR,context=Main:1,p
VW,context=Main:1#setP:1,k=708
FR,context=Main:1,p
FR,context=Main:1,p
VW,context=Main:1#setP:1,k=710
FR,context=Main:1,p
FR,context=Main:1,p
VW,context=Main:1#setP:1,k=712
FR,context=Main:1,p
FR,context=Main:1,p
VW,context=Main:1#setP:1,k=714
FR,context=Main:1,p
FR,context=Main:1,p
VW,context=Main:1#setP:1,k=716
FR,context=Main:1,p
FR,context=Main:1,p
VW,context=Main:1#setP:1,k=718
FR,context=Main:1,p
FR,context=Main:1,p
VW,context=Main:1#setP:1,k=720
FR,context=Main:1,p
FR,context=Main:1,p
VW,context=Main:1#setP:1,k=722
FR,context=Main:1,p
FR,context=Main:1,p
VW,context=Main:1#setP:1,k=724
FR,context=Main:1,p
FR,context=Main:1,p
VW,context=Main:1#setP:1,k=726
FR,context=Main:1,p
FR,context=Main:1,p
VW,context=Main:1#setP:1,k=728
FR,context=Main:1,p
FR,context=Main:1,p
VW,context=Main:1#setP:1,k=730
FR,context=Main:1,p
FR,context=Main:1,p
VW,context=Main:1#setP:1,k=732
FR,context=Main:1,p
FR,context=Main:1,p
VW,context=Main:1#setP:1,k=734
FR,context=Main:1,p
FR,context=Main:1,p
VW,context=Main:1#setP:1,k=736
FR,context=Main:1,p
FR,context=Main:1,p
VW,context=Main:1#setP:1,k=738
FR,context=Main:1,p
FR,context=Main:1,p
VW,context=Main:1#setP:1,k=740
FR,context=Main:1,p
FR,context=Main:1,p
VW,context=Main:1#setP:1,k=742
FR,context=Main:1,p
FR,context=Main:1,p
VW,context=Main:1#setP:1,k=744
FR,context=Main:1,p
FR,context=Main:1,p
VW,context=Main:1#setP:1,k=746
FR,context=Main:1,p
FR,context=Main:1,p
VW,context=Main:1#setP:1,k=748
FR,context=Main:1,p
FR,context=Main:1,p
VW,context=Main:1#setP:1,k=750
FR,context=Main:1,p
FR,context=Main:1,p
VW,context=Main:1#setP:1,k=752
FR,context=Main:1,p
FR,context=Main:1,p
VW,context=Main:1#setP:1,k=754
FR,context=Main:1,p
FR,context=Main:1,p
VW,context=Main:1#setP:1,k=756
FR,context=Main:1,p
FR,context=Main:1,p
VW,context=Main:1#setP:1,k=758
FR,context=Main:1,p
FR,context=Main:1,p
VW,context=Main:1#setP:1,k=760
FR,context=Main:1,p
FR,context=Main:1,p
VW,context=Main:1#setP:1,k=762
FR,context=Main:1,p
FR,context=Main:1,p
VW,context=Main:1#setP:1,k=764
FR,context=Main:1,p
FR,context=Main:1,p
VW,context=Main:1#setP:1,k=766
FR,context=Main:1,p
FR,context=Main:1,p
VW,context=Main:1#setP:1,k=768
FR,context=Main:1,p
FR,context=Main:1,p
VW,context=Main:1#setP:1,k=770
FR,context=Main:1,p
FR,context=Main:1,p
VW,context=Main:1#setP:1,k=772
FR,context=Main:1,p
FR,context=Main:1,p
VW,context=Main:1#setP:1,k=774
FR,context=Main:1,p
FR,context=Main:1,p
VW,context=Main:1#setP:1,k=776
FR,context=Main:1,p
FR,context=Main:1,p
VW,context=Main:1#setP:1,k=778
FR,context=Main:1,p
FR,context=Main:1,p
VW,context=Main:1#setP:1,k=780
FR,context=Main:1,p
FR,context=Main:1,p
VW,context=Main:1#setP:1,k=782
FR,context=Main:1,p
FR,context=Main:1,p
VW,context=Main:1#setP:1,k=784
FR,context=Main:1,p
FR,context=Main:1,p
VW,context=Main:1#setP:1,k=786
FR,context=Main:1,p
FR,context=Main:1,p
VW,context=Main:1#setP:1,k=788
FR,context=Main:1,p
FR,context=Main:1,p
VW,context=Main:1#setP:1,k=790
FR,context=Main:1,p
FR,context=Main:1,p
VW,context=Main:1#setP:1,k=792
FR,context=Main:1,p
FR,context=Main:1,p
VW,context=Main:1#setP:1,k=794
FR,context=Main:1,p
FR,context=Main:1,p
VW,context=Main:1#setP:1,k=796
FR,context=Main:1,p
FR,context=Main:1,p
VW,context=Main:1#setP:1,k=798
FR,context=Main:1,p
FR,context=Main:1,p
VW,context=Main:1#setP:1,k=800
FR,context=Main:1,p
FR,context=Main:1,p
VW,context=Main:1#setP:1,k=802
FR,context=Main:1,p
FR,context=Main:1,p
VW,context=Main:1#setP:1,k=804
FR,context=Main:1,p
FR,context=Main:1,p
VW,context=Main:1#setP:1,k=806
FR,context=Main:1,p
FR,context=Main:1,p
VW,context=Main:1#setP:1,k=808
FR,context=Main:1,p
FR,context=Main:1,p
VW,context=Main:1#setP:1,k=810
FR,context=Main:1,p
FR,context=Main:1,p
VW,context=Main:1#setP:1,k=812
FR,context=Main:1,p
FR,context=Main:1,p
VW,context=Main:1#setP:1,k=814
FR,context=Main:1,p
FR,context=Main:1,p
VW,context=Main:1#setP:1,k=816
FR,context=Main:1,p
FR,context=Main:1,p
VW,context=Main:1#setP:1,k=818
FR,context=Main:1,p
FR,context=Main:1,p
VW,context=Main:1#setP:1,k=820
FR,context=Main:1,p
FR,context=Main:1,p
VW,context=Main:1#setP:1,k=822
FR,context=Main:1,p
FR,context=Main:1,p
VW,context=Main:1#setP:1,k=824
FR,context=Main:1,p
FR,context=Main:1,p
VW,context=Main:1#setP:1,k=826
FR,context=Main:1,p
FR,context=Main:1,p
VW,context=Main:1#setP:1,k=828
FR,context=Main:1,p
FR,context=Main:1,p
VW,context=Main:1#setP:1,k=830
FR,context=Main:1,p
FR,context=Main:1,p
VW,context=Main:1#setP:1,k=832
FR,context=Main:1,p
FR,context=Main:1,p
VW,context=Main:1#setP:1,k=834
FR,context=Main:1,p
FR,context=Main:1,p
VW,context=Main:1#setP:1,k=836
FR,context=Main:1,p
FR,context=Main:1,p
VW,context=Main:1#setP:1,k=838
FR,context=Main:1,p
FR,context=Main:1,p
VW,context=Main:1#setP:1,k=840
FR,context=Main:1,p
FR,context=Main:1,p
VW,context=Main:1#setP:1,k=842
FR,context=Main:1,p
FR,context=Main:1,p
VW,context=Main:1#setP:1,k=844
FR,context=Main:1,p
FR,context=Main:1,p
VW,context=Main:1#setP:1,k=846
FR,context=Main:1,p
FR,context=Main:1,p
VW,context=Main:1#setP:1,k=848
FR,context=Main:1,p
FR,context=Main:1,p
VW,context=Main:1#setP:1,k=850
FR,context=Main:1,p
FR,context=Main:1,p
VW,context=Main:1#setP:1,k=852
FR,context=Main:1,p
FR,context=Main:1,p
VW,context=Main:1#setP:1,k=854
FR,context=Main:1,p
FR,context=Main:1,p
VW,context=Main:1#setP:1,k=856
FR,context=Main:1,p
FR,context=Main:1,p
VW,context=Main:1#setP:1,k=858
FR,context=Main:1,p
FR,context=Main:1,p
VW,context=Main:1#setP:1,k=860
FR,context=Main:1,p
FR,context=Main:1,p
VW,context=Main:1#setP:1,k=862
FR,context=Main:1,p
FR,context=Main:1,p
VW,context=Main:1#setP:1,k=864
FR,context=Main:1,p
FR,context=Main:1,p
VW,context=Main:1#setP:1,k=866
FR,context=Main:1,p
FR,context=Main:1,p
VW,context=Main:1#setP:1,k=868
FR,context=Main:1,p
FR,context=Main:1,p
VW,context=Main:1#setP:1,k=870
FR,context=Main:1,p
FR,context=Main:1,p
VW,context=Main:1#setP:1,k=872
FR,context=Main:1,p
FR,context=Main:1,p
VW,context=Main:1#setP:1,k=874
FR,context=Main:1,p
FR,context=Main:1,p
VW,context=Main:1#setP:1,k=876
FR,context=Main:1,p
FR,context=Main:1,p
VW,context=Main:1#setP:1,k=878
FR,context=Main:1,p
FR,context=Main:1,p
VW,context=Main:1#setP:1,k=880
FR,context=Main:1,p
FR,context=Main:1,p
VW,context=Main:1#setP:1,k=882
FR,context=Main:1,p
FR,context=Main:1,p
VW,context=Main:1#setP:1,k=884
FR,context=Main:1,p
FR,context=Main:1,p
VW,context=Main:1#setP:1,k=886
FR,context=Main:1,p
FR,context=Main:1,p
VW,context=Main:1#setP:1,k=888
FR,context=Main:1,p
FR,context=Main:1,p
VW,context=Main:1#setP:1,k=890
FR,context=Main:1,p
FR,context=Main:1,p
VW,context=Main:1#setP:1,k=892
FR,context=Main:1,p
FR,context=Main:1,p
VW,context=Main:1#setP:1,k=894
FR,context=Main:1,p
FR,context=Main:1,p
VW,context=Main:1#setP:1,k=896
FR,context=Main:1,p
FR,context=Main:1,p
VW,context=Main:1#setP:1,k=898
FR,context=Main:1,p
FR,context=Main:1,p
VW,context=Main:1#setP:1,k=900
FR,context=Main:1,p
FR,context=Main:1,p
VW,context=Main:1#setP:1,k=902
FR,context=Main:1,p
FR,context=Main:1,p
VW,context=Main:1#setP:1,k=904
FR,context=Main:1,p
FR,context=Main:1,p
VW,context=Main:1#setP:1,k=906
FR,context=Main:1,p
FR,context=Main:1,p
VW,context=Main:1#setP:1,k=908
FR,context=Main:1,p
FR,context=Main:1,p
VW,context=Main:1#setP:1,k=910
FR,context=Main:1,p
FR,context=Main:1,p
VW,context=Main:1#setP:1,k=912
FR,context=Main:1,p
FR,context=Main:1,p
VW,context=Main:1#setP:1,k=914
FR,context=Main:1,p
FR,context=Main:1,p
VW,context=Main:1#setP:1,k=916
FR,context=Main:1,p
FR,context=Main:1,p
VW,context=Main:1#setP:1,k=918
FR,context=Main:1,p
FR,context=Main:1,p
VW,context=Main:1#setP:1,k=920
FR,context=Main:1,p
FR,context=Main:1,p
VW,context=Main:1#setP:1,k=922
FR,context=Main:1,p
FR,context=Main:1,p
VW,context=Main:1#setP:1,k=924
FR,context=Main:1,p
FR,context=Main:1,p
VW,context=Main:1#setP:1,k=926
FR,context=Main:1,p
FR,context=Main:1,p
VW,context=Main:1#setP:1,k=928
FR,context=Main:1,p
FR,context=Main:1,p
VW,context=Main:1#setP:1,k=930
FR,context=Main:1,p
FR,context=Main:1,p
VW,context=Main:1#setP:1,k=932
FR,context=Main:1,p
FR,context=Main:1,p
VW,context=Main:1#setP:1,k=934
FR,context=Main:1,p
FR,context=Main:1,p
VW,context=Main:1#setP:1,k=936
FR,context=Main:1,p
FR,context=Main:1,p
VW,context=Main:1#setP:1,k=938
FR,context=Main:1,p
FR,context=Main:1,p
VW,context=Main:1#setP:1,k=940
FR,context=Main:1,p
FR,context=Main:1,p
VW,context=Main:1#setP:1,k=942
FR,context=Main:1,p
FR,context=Main:1,p
VW,context=Main:1#setP:1,k=944
FR,context=Main:1,p
FR,context=Main:1,p
VW,context=Main:1#setP:1,k=946
FR,context=Main:1,p
FR,context=Main:1,p
VW,context=Main:1#setP:1,k=948
FR,context=Main:1,p
FR,context=Main:1,p
VW,context=Main:1#setP:1,k=950
FR,context=Main:1,p
FR,context=Main:1,p
VW,context=Main:1#setP:1,k=952
FR,context=Main:1,p
FR,context=Main:1,p
VW,context=Main:1#setP:1,k=954
FR,context=Main:1,p
FR,context=Main:1,p
VW,context=Main:1#setP:1,k=956
FR,context=Main:1,p
FR,context=Main:1,p
VW,context=Main:1#setP:1,k=958
FR,context=Main:1,p
FR,context=Main:1,p
VW,context=Main:1#setP:1,k=960
FR,context=Main:1,p
FR,context=Main:1,p
VW,context=Main:1#setP:1,k=962
FR,context=Main:1,p
FR,context=Main:1,p
VW,context=Main:1#setP:1,k=964
FR,context=Main:1,p
FR,context=Main:1,p
VW,context=Main:1#setP:1,k=966
FR,context=Main:1,p
FR,context=Main:1,p
VW,context=Main:1#setP:1,k=968
FR,context=Main:1,p
FR,context=Main:1,p
VW,context=Main:1#setP:1,k=970
FR,context=Main:1,p
FR,context=Main:1,p
VW,context=Main:1#setP:1,k=972
FR,context=Main:1,p
FR,context=Main:1,p
VW,context=Main:1#setP:1,k=974
FR,context=Main:1,p
FR,context=Main:1,p
VW,context=Main:1#setP:1,k=976
FR,context=Main:1,p
FR,context=Main:1,p
VW,context=Main:1#setP:1,k=978
FR,context=Main:1,p
FR,context=Main:1,p
VW,context=Main:1#setP:1,k=980
FR,context=Main:1,p
FR,context=Main:1,p
VW,context=Main:1#setP:1,k=982
FR,context=Main:1,p
FR,context=Main:1,p
VW,context=Main:1#setP:1,k=984
FR,context=Main:1,p
FR,context=Main:1,p
VW,context=Main:1#setP:1,k=986
FR,context=Main:1,p
FR,context=Main:1,p
VW,context=Main:1#setP:1,k=988
FR,context=Main:1,p
FR,context=Main:1,p
VW,context=Main:1#setP:1,k=990
FR,context=Main:1,p
FR,context=Main:1,p
VW,context=Main:1#setP:1,k=992
FR,context=Main:1,p
FR,context=Main:1,p
VW,context=Main:1#setP:1,k=994
FR,context=Main:1,p
FR,context=Main:1,p
VW,context=Main:1#setP:1,k=996
FR,context=Main:1,p
FR,context=Main:1,p
VW,context=Main:1#setP:1,k=998
FR,context=Main:1,p
FR,context=Main:1,p
VW,context=Main:1#setP:1,k=1000
FR,context=Main:1,p
FR,context=Main:1,p
VW,context=Main:1#setP:1,k=1002
FR,context=Main:1,p
FR,context=Main:1,p
VW,context=Main:1#setP:1,k=1004
FR,context=Main:1,p
FR,context=Main:1,p
VW,context=Main:1#setP:1,k=1006
FR,context=Main:1,p
FR,context=Main:1,p
VW,context=Main:1#setP:1,k=1008
FR,context=Main:1,p
FR,context=Main:1,p
VW,context=Main:1#setP:1,k=1010
FR,context=Main:1,p
FR,context=Main:1,p
VW,context=Main:1#setP:1,k=1012
FR,context=Main:1,p
FR,context=Main:1,p
VW,context=Main:1#setP:1,k=1014
FR,context=Main:1,p
FR,context=Main:1,p
VW,context=Main:1#setP:1,k=1016
FR,context=Main:1,p
FR,context=Main:1,p
VW,context=Main:1#setP:1,k=1018
FR,context=Main:1,p
FR,context=Main:1,p
VW,context=Main:1#setP:1,k=1020
FR,context=Main:1,p
FR,context=Main:1,p
VW,context=Main:1#setP:1,k=1022
FR,context=Main:1,p
FR,context=Main:1,p
VW,context=Main:1#setP:1,k=1024
FR,context=Main:1,p
FR,context=Main:1,p
VW,context=Main:1#setP:1,k=1026
FR,context=Main:1,p
FR,context=Main:1,p
VW,context=Main:1#setP:1,k=1028
FR,context=Main:1,p
FR,context=Main:1,p
VW,context=Main:1#setP:1,k=1030
FR,context=Main:1,p
FR,context=Main:1,p
VW,context=Main:1#setP:1,k=1032
FR,context=Main:1,p
FR,context=Main:1,p
VW,context=Main:1#setP:1,k=1034
FR,context=Main:1,p
FR,context=Main:1,p
VW,context=Main:1#setP:1,k=1036
FR,context=Main:1,p
FR,context=Main:1,p
VW,context=Main:1#setP:1,k=1038
FR,context=Main:1,p
FR,context=Main:1,p
VW,context=Main:1#setP:1,k=1040
FR,context=Main:1,p
FR,context=Main:1,p
VW,context=Main:1#setP:1,k=1042
FR,context=Main:1,p
FR,context=Main:1,p
VW,context=Main:1#setP:1,k=1044
FR,context=Main:1,p
FR,context=Main:1,p
VW,context=Main:1#setP:1,k=1046
FR,context=Main:1,p
FR,context=Main:1,p
VW,context=Main:1#setP:1,k=1048
FR,context=Main:1,p
FR,context=Main:1,p
VW,context=Main:1#setP:1,k=1050
FR,context=Main:1,p
FR,context=Main:1,p
VW,context=Main:1#setP:1,k=1052
FR,context=Main:1,p
FR,context=Main:1,p
VW,context=Main:1#setP:1,k=1054
FR,context=Main:1,p
FR,context=Main:1,p
VW,context=Main:1#setP:1,k=1056
FR,context=Main:1,p
FR,context=Main:1,p
VW,context=Main:1#setP:1,k=1058
FR,context=Main:1,p
FR,context=Main:1,p
VW,context=Main:1#setP:1,k=1060
FR,context=Main:1,p
FR,context=Main:1,p
VW,context=Main:1#setP:1,k=1062
FR,context=Main:1,p
FR,context=Main:1,p
VW,context=Main:1#setP:1,k=1064
FR,context=Main:1,p
FR,context=Main:1,p
VW,context=Main:1#setP:1,k=1066
FR,context=Main:1,p
FR,context=Main:1,p
VW,context=Main:1#setP:1,k=1068
FR,context=Main:1,p
FR,context=Main:1,p
VW,context=Main:1#setP:1,k=1070
FR,context=Main:1,p
FR,context=Main:1,p
VW,context=Main:1#setP:1,k=1072
FR,context=Main:1,p
FR,context=Main:1,p
VW,context=Main:1#setP:1,k=1074
FR,context=Main:1,p
FR,context=Main:1,p
VW,context=Main:1#setP:1,k=1076
FR,context=Main:1,p
FR,context=Main:1,p
VW,context=Main:1#setP:1,k=1078
FR,context=Main:1,p
FR,context=Main:1,p
VW,context=Main:1#setP:1,k=1080
FR,context=Main:1,p
FR,context=Main:1,p
VW,context=Main:1#setP:1,k=1082
FR,context=Main:1,p
FR,context=Main:1,p
VW,context=Main:1#setP:1,k=1084
FR,context=Main:1,p
FR,context=Main:1,p
VW,context=Main:1#setP:1,k=1086
FR,context=Main:1,p
FR,context=Main:1,p
VW,context=Main:1#setP:1,k=1088
FR,context=Main:1,p
FR,context=Main:1,p
VW,context=Main:1#setP:1,k=1090
FR,context=Main:1,p
FR,context=Main:1,p
VW,context=Main:1#setP:1,k=1092
FR,context=Main:1,p
FR,context=Main:1,p
VW,context=Main:1#setP:1,k=1094
FR,context=Main:1,p
FR,context=Main:1,p
VW,context=Main:1#setP:1,k=1096
FR,context=Main:1,p
FR,context=Main:1,p
VW,context=Main:1#setP:1,k=1098
FR,context=Main:1,p
FR,context=Main:1,p
VW,context=Main:1#setP:1,k=1100
FR,context=Main:1,p
FR,context=Main:1,p
VW,context=Main:1#setP:1,k=1102
FR,context=Main:1,p
FR,context=Main:1,p
VW,context=Main:1#setP:1,k=1104
FR,context=Main:1,p
FR,context=Main:1,p
VW,context=Main:1#setP:1,k=1106
FR,context=Main:1,p
FR,context=Main:1,p
VW,context=Main:1#setP:1,k=1108
FR,context=Main:1,p
FR,context=Main:1,p
VW,context=Main:1#setP:1,k=1110
FR,context=Main:1,p
FR,context=Main:1,p
VW,context=Main:1#setP:1,k=1112
FR,context=Main:1,p
FR,context=Main:1,p
VW,context=Main:1#setP:1,k=1114
FR,context=Main:1,p
FR,context=Main:1,p
VW,context=Main:1#setP:1,k=1116
FR,context=Main:1,p
FR,context=Main:1,p
VW,context=Main:1#setP:1,k=1118
FR,context=Main:1,p
FR,context=Main:1,p
VW,context=Main:1#setP:1,k=1120
FR,context=Main:1,p
FR,context=Main:1,p
VW,context=Main:1#setP:1,k=1122
FR,context=Main:1,p
FR,context=Main:1,p
VW,context=Main:1#setP:1,k=1124
FR,context=Main:1,p
FR,context=Main:1,p
VW,context=Main:1#setP:1,k=1126
FR,context=Main:1,p
FR,context=Main:1,p
VW,context=Main:1#setP:1,k=1128
FR,context=Main:1,p
FR,context=Main:1,p
VW,context=Main:1#setP:1,k=1130
FR,context=Main:1,p
FR,context=Main:1,p
VW,context=Main:1#setP:1,k=1132
FR,context=Main:1,p
FR,context=Main:1,p
VW,context=Main:1#setP:1,k=1134
FR,context=Main:1,p
FR,context=Main:1,p
VW,context=Main:1#setP:1,k=1136
FR,context=Main:1,p
FR,context=Main:1,p
VW,context=Main:1#setP:1,k=1138
FR,context=Main:1,p
FR,context=Main:1,p
VW,context=Main:1#setP:1,k=1140
FR,context=Main:1,p
FR,context=Main:1,p
VW,context=Main:1#setP:1,k=1142
FR,context=Main:1,p
FR,context=Main:1,p
VW,context=Main:1#setP:1,k=1144
FR,context=Main:1,p
FR,context=Main:1,p
VW,context=Main:1#setP:1,k=1146
FR,context=Main:1,p
FR,context=Main:1,p
VW,context=Main:1#setP:1,k=1148
FR,context=Main:1,p
FR,context=Main:1,p
VW,context=Main:1#setP:1,k=1150
FR,context=Main:1,p
FR,context=Main:1,p
VW,context=Main:1#setP:1,k=1152
FR,context=Main:1,p
FR,context=Main:1,p
VW,context=Main:1#setP:1,k=1154
FR,context=Main:1,p
FR,context=Main:1,p
VW,context=Main:1#setP:1,k=1156
FR,context=Main:1,p
FR,context=Main:1,p
VW,context=Main:1#setP:1,k=1158
FR,context=Main:1,p
FR,context=Main:1,p
VW,context=Main:1#setP:1,k=1160
FR,context=Main:1,p
FR,context=Main:1,p
VW,context=Main:1#setP:1,k=1162
FR,context=Main:1,p
FR,context=Main:1,p
VW,context=Main:1#setP:1,k=1164
FR,context=Main:1,p
FR,context=Main:1,p
VW,context=Main:1#setP:1,k=1166
FR,context=Main:1,p
FR,context=Main:1,p
VW,context=Main:1#setP:1,k=1168
FR,context=Main:1,p
FR,context=Main:1,p
VW,context=Main:1#setP:1,k=1170
FR,context=Main:1,p
FR,context=Main:1,p
VW,context=Main:1#setP:1,k=1172
FR,context=Main:1,p
FR,context=Main:1,p
VW,context=Main:1#setP:1,k=1174
FR,context=Main:1,p
FR,context=Main:1,p
VW,context=Main:1#setP:1,k=1176
FR,context=Main:1,p
FR,context=Main:1,p
VW,context=Main:1#setP:1,k=1178
FR,context=Main:1,p
FR,context=Main:1,p
VW,context=Main:1#setP:1,k=1180
FR,context=Main:1,p
FR,context=Main:1,p
VW,context=Main:1#setP:1,k=1182
FR,context=Main:1,p
FR,context=Main:1,p
VW,context=Main:1#setP:1,k=1184
FR,context=Main:1,p
FR,context=Main:1,p
VW,context=Main:1#setP:1,k=1186
FR,context=Main:1,p
FR,context=Main:1,p
VW,context=Main:1#setP:1,k=1188
FR,context=Main:1,p
FR,context=Main:1,p
VW,context=Main:1#setP:1,k=1190
FR,context=Main:1,p
FR,context=Main:1,p
VW,context=Main:1#setP:1,k=1192
FR,context=Main:1,p
FR,context=Main:1,p
VW,context=Main:1#setP:1,k=1194
FR,context=Main:1,p
FR,context=Main:1,p
VW,context=Main:1#setP:1,k=1196
FR,context=Main:1,p
FR,context=Main:1,p
VW,context=Main:1#setP:1,k=1198
FR,context=Main:1,p
FR,context=Main:1,p
VW,context=Main:1#setP:1,k=1200
FR,context=Main:1,p
FR,context=Main:1,p
VW,context=Main:1#setP:1,k=1202
FR,context=Main:1,p
FR,context=Main:1,p
VW,context=Main:1#setP:1,k=1204
FR,context=Main:1,p
FR,context=Main:1,p
VW,context=Main:1#setP:1,k=1206
FR,context=Main:1,p
FR,context=Main:1,p
VW,context=Main:1#setP:1,k=1208
FR,context=Main:1,p
FR,context=Main:1,p
VW,context=Main:1#setP:1,k=1210
FR,context=Main:1,p
FR,context=Main:1,p
VW,context=Main:1#setP:1,k=1212
FR,context=Main:1,p
FR,context=Main:1,p
VW,context=Main:1#setP:1,k=1214
FR,context=Main:1,p
FR,context=Main:1,p
VW,context=Main:1#setP:1,k=1216
FR,context=Main:1,p
FR,context=Main:1,p
VW,context=Main:1#setP:1,k=1218
FR,context=Main:1,p
FR,context=Main:1,p
VW,context=Main:1#setP:1,k=1220
FR,context=Main:1,p
FR,context=Main:1,p
VW,context=Main:1#setP:1,k=1222
FR,context=Main:1,p
FR,context=Main:1,p
VW,context=Main:1#setP:1,k=1224
FR,context=Main:1,p
FR,context=Main:1,p
VW,context=Main:1#setP:1,k=1226
FR,context=Main:1,p
FR,context=Main:1,p
VW,context=Main:1#setP:1,k=1228
FR,context=Main:1,p
FR,context=Main:1,p
VW,context=Main:1#setP:1,k=1230
FR,context=Main:1,p
FR,context=Main:1,p
VW,context=Main:1#setP:1,k=1232
FR,context=Main:1,p
FR,context=Main:1,p
VW,context=Main:1#setP:1,k=1234
FR,context=Main:1,p
FR,context=Main:1,p
VW,context=Main:1#setP:1,k=1236
FR,context=Main:1,p
FR,context=Main:1,p
VW,context=Main:1#setP:1,k=1238
FR,context=Main:1,p
FR,context=Main:1,p
VW,context=Main:1#setP:1,k=1240
FR,context=Main:1,p
FR,context=Main:1,p
VW,context=Main:1#setP:1,k=1242
FR,context=Main:1,p
FR,context=Main:1,p
VW,context=Main:1#setP:1,k=1244
FR,context=Main:1,p
FR,context=Main:1,p
VW,context=Main:1#setP:1,k=1246
FR,context=Main:1,p
FR,context=Main:1,p
VW,context=Main:1#setP:1,k=1248
FR,context=Main:1,p
FR,context=Main:1,p
VW,context=Main:1#setP:1,k=1250
FR,context=Main:1,p
FR,context=Main:1,p
VW,context=Main:1#setP:1,k=1252
FR,context=Main:1,p
FR,context=Main:1,p
VW,context=Main:1#setP:1,k=1254
FR,context=Main:1,p
FR,context=Main:1,p
VW,context=Main:1#setP:1,k=1256
FR,context=Main:1,p
FR,context=Main:1,p
VW,context=Main:1#setP:1,k=1258
FR,context=Main:1,p
FR,context=Main:1,p
VW,context=Main:1#setP:1,k=1260
FR,context=Main:1,p
FR,context=Main:1,p
VW,context=Main:1#setP:1,k=1262
FR,context=Main:1,p
FR,context=Main:1,p
VW,context=Main:1#setP:1,k=1264
FR,context=Main:1,p
FR,context=Main:1,p
VW,context=Main:1#setP:1,k=1266
FR,context=Main:1,p
FR,context=Main:1,p
VW,context=Main:1#setP:1,k=1268
FR,context=Main:1,p
FR,context=Main:1,p
VW,context=Main:1#setP:1,k=1270
FR,context=Main:1,p
FR,context=Main:1,p
VW,context=Main:1#setP:1,k=1272
FR,context=Main:1,p
FR,context=Main:1,p
VW,context=Main:1#setP:1,k=1274
FR,context=Main:1,p
FR,context=Main:1,p
VW,context=Main:1#setP:1,k=1276
FR,context=Main:1,p
FR,context=Main:1,p
VW,context=Main:1#setP:1,k=1278
FR,context=Main:1,p
FR,context=Main:1,p
VW,context=Main:1#setP:1,k=1280
FR,context=Main:1,p
FR,context=Main:1,p
VW,context=Main:1#setP:1,k=1282
FR,context=Main:1,p
FR,context=Main:1,p
VW,context=Main:1#setP:1,k=1284
FR,context=Main:1,p
FR,context=Main:1,p
VW,context=Main:1#setP:1,k=1286
FR,context=Main:1,p
FR,context=Main:1,p
VW,context=Main:1#setP:1,k=1288
FR,context=Main:1,p
FR,context=Main:1,p
VW,context=Main:1#setP:1,k=1290
FR,context=Main:1,p
FR,context=Main:1,p
VW,context=Main:1#setP:1,k=1292
FR,context=Main:1,p
FR,context=Main:1,p
VW,context=Main:1#setP:1,k=1294
FR,context=Main:1,p
FR,context=Main:1,p
VW,context=Main:1#setP:1,k=1296
FR,context=Main:1,p
FR,context=Main:1,p
VW,context=Main:1#setP:1,k=1298
FR,context=Main:1,p
FR,context=Main:1,p
VW,context=Main:1#setP:1,k=1300
FR,context=Main:1,p
FR,context=Main:1,p
VW,context=Main:1#setP:1,k=1302
FR,context=Main:1,p
FR,context=Main:1,p
VW,context=Main:1#setP:1,k=1304
FR,context=Main:1,p
FR,context=Main:1,p
VW,context=Main:1#setP:1,k=1306
FR,context=Main:1,p
FR,context=Main:1,p
VW,context=Main:1#setP:1,k=1308
FR,context=Main:1,p
FR,context=Main:1,p
VW,context=Main:1#setP:1,k=1310
FR,context=Main:1,p
FR,context=Main:1,p
VW,context=Main:1#setP:1,k=1312
FR,context=Main:1,p
FR,context=Main:1,p
VW,context=Main:1#setP:1,k=1314
FR,context=Main:1,p
FR,context=Main:1,p
VW,context=Main:1#setP:1,k=1316
FR,context=Main:1,p
FR,context=Main:1,p
VW,context=Main:1#setP:1,k=1318
FR,context=Main:1,p
FR,context=Main:1,p
VW,context=Main:1#setP:1,k=1320
FR,context=Main:1,p
FR,context=Main:1,p
VW,context=Main:1#setP:1,k=1322
FR,context=Main:1,p
FR,context=Main:1,p
VW,context=Main:1#setP:1,k=1324
FR,context=Main:1,p
FR,context=Main:1,p
VW,context=Main:1#setP:1,k=1326
FR,context=Main:1,p
FR,context=Main:1,p
VW,context=Main:1#setP:1,k=1328
FR,context=Main:1,p
FR,context=Main:1,p
VW,context=Main:1#setP:1,k=1330
FR,context=Main:1,p
FR,context=Main:1,p
VW,context=Main:1#setP:1,k=1332
FR,context=Main:1,p
FR,context=Main:1,p
VW,context=Main:1#setP:1,k=1334
FR,context=Main:1,p
FR,context=Main:1,p
VW,context=Main:1#setP:1,k=1336
FR,context=Main:1,p
FR,context=Main:1,p
VW,context=Main:1#setP:1,k=1338
FR,context=Main:1,p
FR,context=Main:1,p
VW,context=Main:1#setP:1,k=1340
FR,context=Main:1,p
FR,context=Main:1,p
VW,context=Main:1#setP:1,k=1342
FR,context=Main:1,p
FR,context=Main:1,p
VW,context=Main:1#setP:1,k=1344
FR,context=Main:1,p
FR,context=Main:1,p
VW,context=Main:1#setP:1,k=1346
FR,context=Main:1,p
FR,context=Main:1,p
VW,context=Main:1#setP:1,k=1348
FR,context=Main:1,p
FR,context=Main:1,p
VW,context=Main:1#setP:1,k=1350
FR,context=Main:1,p
FR,context=Main:1,p
VW,context=Main:1#setP:1,k=1352
FR,context=Main:1,p
FR,context=Main:1,p
VW,context=Main:1#setP:1,k=1354
FR,context=Main:1,p
FR,context=Main:1,p
VW,context=Main:1#setP:1,k=1356
FR,context=Main:1,p
FR,context=Main:1,p
VW,context=Main:1#setP:1,k=1358
FR,context=Main:1,p
FR,context=Main:1,p
VW,context=Main:1#setP:1,k=1360
FR,context=Main:1,p
FR,context=Main:1,p
VW,context=Main:1#setP:1,k=1362
FR,context=Main:1,p
FR,context=Main:1,p
VW,context=Main:1#setP:1,k=1364
FR,context=Main:1,p
FR,context=Main:1,p
VW,context=Main:1#setP:1,k=1366
FR,context=Main:1,p
FR,context=Main:1,p
VW,context=Main:1#setP:1,k=1368
FR,context=Main:1,p
FR,context=Main:1,p
VW,context=Main:1#setP:1,k=1370
FR,context=Main:1,p
FR,context=Main:1,p
VW,context=Main:1#setP:1,k=1372
FR,context=Main:1,p
FR,context=Main:1,p
VW,context=Main:1#setP:1,k=1374
FR,context=Main:1,p
FR,context=Main:1,p
VW,context=Main:1#setP:1,k=1376
FR,context=Main:1,p
FR,context=Main:1,p
VW,context=Main:1#setP:1,k=1378
FR,context=Main:1,p
FR,context=Main:1,p
VW,context=Main:1#setP:1,k=1380
FR,context=Main:1,p
FR,context=Main:1,p
VW,context=Main:1#setP:1,k=1382
FR,context=Main:1,p
FR,context=Main:1,p
VW,context=Main:1#setP:1,k=1384
FR,context=Main:1,p
FR,context=Main:1,p
VW,context=Main:1#setP:1,k=1386
FR,context=Main:1,p
FR,context=Main:1,p
VW,context=Main:1#setP:1,k=1388
FR,context=Main:1,p
FR,context=Main:1,p
VW,context=Main:1#setP:1,k=1390
FR,context=Main:1,p
FR,context=Main:1,p
VW,context=Main:1#setP:1,k=1392
FR,context=Main:1,p
FR,context=Main:1,p
VW,context=Main:1#setP:1,k=1394
FR,context=Main:1,p
FR,context=Main:1,p
VW,context=Main:1#setP:1,k=1396
FR,context=Main:1,p
FR,context=Main:1,p
VW,context=Main:1#setP:1,k=1398
FR,context=Main:1,p
FR,context=Main:1,p
VW,context=Main:1#setP:1,k=1400
FR,context=Main:1,p
FR,context=Main:1,p
VW,context=Main:1#setP:1,k=1402
FR,context=Main:1,p
FR,context=Main:1,p
VW,context=Main:1#setP:1,k=1404
FR,context=Main:1,p
FR,context=Main:1,p
VW,context=Main:1#setP:1,k=1406
FR,context=Main:1,p
FR,context=Main:1,p
VW,context=Main:1#setP:1,k=1408
FR,context=Main:1,p
FR,context=Main:1,p
VW,context=Main:1#setP:1,k=1410
FR,context=Main:1,p
FR,context=Main:1,p
VW,context=Main:1#setP:1,k=1412
FR,context=Main:1,p
FR,context=Main:1,p
VW,context=Main:1#setP:1,k=1414
FR,context=Main:1,p
FR,context=Main:1,p
VW,context=Main:1#setP:1,k=1416
FR,context=Main:1,p
FR,context=Main:1,p
VW,context=Main:1#setP:1,k=1418
FR,context=Main:1,p
FR,context=Main:1,p
VW,context=Main:1#setP:1,k=1420
FR,context=Main:1,p
FR,context=Main:1,p
VW,context=Main:1#setP:1,k=1422
FR,context=Main:1,p
FR,context=Main:1,p
VW,context=Main:1#setP:1,k=1424
FR,context=Main:1,p
FR,context=Main:1,p
VW,context=Main:1#setP:1,k=1426
FR,context=Main:1,p
FR,context=Main:1,p
VW,context=Main:1#setP:1,k=1428
FR,context=Main:1,p
FR,context=Main:1,p
VW,context=Main:1#setP:1,k=1430
FR,context=Main:1,p
FR,context=Main:1,p
VW,context=Main:1#setP:1,k=1432
FR,context=Main:1,p
FR,context=Main:1,p
VW,context=Main:1#setP:1,k=1434
FR,context=Main:1,p
FR,context=Main:1,p
VW,context=Main:1#setP:1,k=1436
FR,context=Main:1,p
FR,context=Main:1,p
VW,context=Main:1#setP:1,k=1438
FR,context=Main:1,p
FR,context=Main:1,p
VW,context=Main:1#setP:1,k=1440
FR,context=Main:1,p
FR,context=Main:1,p
VW,context=Main:1#setP:1,k=1442
FR,context=Main:1,p
FR,context=Main:1,p
VW,context=Main:1#setP:1,k=1444
FR,context=Main:1,p
FR,context=Main:1,p
VW,context=Main:1#setP:1,k=1446
FR,context=Main:1,p
FR,context=Main:1,p
VW,context=Main:1#setP:1,k=1448
FR,context=Main:1,p
FR,context=Main:1,p
VW,context=Main:1#setP:1,k=1450
FR,context=Main:1,p
FR,context=Main:1,p
VW,context=Main:1#setP:1,k=1452
FR,context=Main:1,p
FR,context=Main:1,p
VW,context=Main:1#setP:1,k=1454
FR,context=Main:1,p
FR,context=Main:1,p
VW,context=Main:1#setP:1,k=1456
FR,context=Main:1,p
FR,context=Main:1,p
VW,context=Main:1#setP:1,k=1458
FR,context=Main:1,p
FR,context=Main:1,p
VW,context=Main:1#setP:1,k=1460
FR,context=Main:1,p
FR,context=Main:1,p
VW,context=Main:1#setP:1,k=1462
FR,context=Main:1,p
FR,context=Main:1,p
VW,context=Main:1#setP:1,k=1464
FR,context=Main:1,p
FR,context=Main:1,p
VW,context=Main:1#setP:1,k=1466
FR,context=Main:1,p
FR,context=Main:1,p
VW,context=Main:1#setP:1,k=1468
FR,context=Main:1,p
FR,context=Main:1,p
VW,context=Main:1#setP:1,k=1470
FR,context=Main:1,p
FR,context=Main:1,p
VW,context=Main:1#setP:1,k=1472
FR,context=Main:1,p
FR,context=Main:1,p
VW,context=Main:1#setP:1,k=1474
FR,context=Main:1,p
FR,context=Main:1,p
VW,context=Main:1#setP:1,k=1476
FR,context=Main:1,p
FR,context=Main:1,p
VW,context=Main:1#setP:1,k=1478
FR,context=Main:1,p
FR,context=Main:1,p
VW,context=Main:1#setP:1,k=1480
FR,context=Main:1,p
FR,context=Main:1,p
VW,context=Main:1#setP:1,k=1482
FR,context=Main:1,p
FR,context=Main:1,p
VW,context=Main:1#setP:1,k=1484
FR,context=Main:1,p
FR,context=Main:1,p
VW,context=Main:1#setP:1,k=1486
FR,context=Main:1,p
FR,context=Main:1,p
VW,context=Main:1#setP:1,k=1488
FR,context=Main:1,p
FR,context=Main:1,p
VW,context=Main:1#setP:1,k=1490
FR,context=Main:1,p
FR,context=Main:1,p
VW,context=Main:1#setP:1,k=1492
FR,context=Main:1,p
FR,context=Main:1,p
VW,context=Main:1#setP:1,k=1494
FR,context=Main:1,p
FR,context=Main:1,p
VW,context=Main:1#setP:1,k=1496
FR,context=Main:1,p
FR,context=Main:1,p
VW,context=Main:1#setP:1,k=1498
FR,context=Main:1,p
FR,context=Main:1,p
VW,context=Main:1#setP:1,k=1500
FR,context=Main:1,p
FR,context=Main:1,p
VW,context=Main:1#setP:1,k=1502
FR,context=Main:1,p
FR,context=Main:1,p
VW,context=Main:1#setP:1,k=1504
FR,context=Main:1,p
FR,context=Main:1,p
VW,context=Main:1#setP:1,k=1506
FR,context=Main:1,p
FR,context=Main:1,p
VW,context=Main:1#setP:1,k=1508
FR,context=Main:1,p
FR,context=Main:1,p
VW,context=Main:1#setP:1,k=1510
FR,context=Main:1,p
FR,context=Main:1,p
VW,context=Main:1#setP:1,k=1512
FR,context=Main:1,p
FR,context=Main:1,p
VW,context=Main:1#setP:1,k=1514
FR,context=Main:1,p
FR,context=Main:1,p
VW,context=Main:1#setP:1,k=1516
FR,context=Main:1,p
FR,context=Main:1,p
VW,context=Main:1#setP:1,k=1518
FR,context=Main:1,p
FR,context=Main:1,p
VW,context=Main:1#setP:1,k=1520
FR,context=Main:1,p
FR,context=Main:1,p
VW,context=Main:1#setP:1,k=1522
FR,context=Main:1,p
FR,context=Main:1,p
VW,context=Main:1#setP:1,k=1524
FR,context=Main:1,p
FR,context=Main:1,p
VW,context=Main:1#setP:1,k=1526
FR,context=Main:1,p
FR,context=Main:1,p
VW,context=Main:1#setP:1,k=1528
FR,context=Main:1,p
FR,context=Main:1,p
VW,context=Main:1#setP:1,k=1530
FR,context=Main:1,p
FR,context=Main:1,p
VW,context=Main:1#setP:1,k=1532
FR,context=Main:1,p
FR,context=Main:1,p
VW,context=Main:1#setP:1,k=1534
FR,context=Main:1,p
FR,context=Main:1,p
VW,context=Main:1#setP:1,k=1536
FR,context=Main:1,p
FR,context=Main:1,p
VW,context=Main:1#setP:1,k=1538
FR,context=Main:1,p
FR,context=Main:1,p
VW,context=Main:1#setP:1,k=1540
FR,context=Main:1,p
FR,context=Main:1,p
VW,context=Main:1#setP:1,k=1542
FR,context=Main:1,p
FR,context=Main:1,p
VW,context=Main:1#setP:1,k=1544
FR,context=Main:1,p
FR,context=Main:1,p
VW,context=Main:1#setP:1,k=1546
FR,context=Main:1,p
FR,context=Main:1,p
VW,context=Main:1#setP:1,k=1548
FR,context=Main:1,p
FR,context=Main:1,p
VW,context=Main:1#setP:1,k=1550
FR,context=Main:1,p
FR,context=Main:1,p
VW,context=Main:1#setP:1,k=1552
FR,context=Main:1,p
FR,context=Main:1,p
VW,context=Main:1#setP:1,k=1554
FR,context=Main:1,p
FR,context=Main:1,p
VW,context=Main:1#setP:1,k=1556
FR,context=Main:1,p
FR,context=Main:1,p
VW,context=Main:1#setP:1,k=1558
FR,context=Main:1,p
FR,context=Main:1,p
VW,context=Main:1#setP:1,k=1560
FR,context=Main:1,p
FR,context=Main:1,p
VW,context=Main:1#setP:1,k=1562
FR,context=Main:1,p
FR,context=Main:1,p
VW,context=Main:1#setP:1,k=1564
FR,context=Main:1,p
FR,context=Main:1,p
VW,context=Main:1#setP:1,k=1566
FR,context=Main:1,p
FR,context=Main:1,p
VW,context=Main:1#setP:1,k=1568
FR,context=Main:1,p
FR,context=Main:1,p
VW,context=Main:1#setP:1,k=1570
FR,context=Main:1,p
FR,context=Main:1,p
VW,context=Main:1#setP:1,k=1572
FR,context=Main:1,p
FR,context=Main:1,p
VW,context=Main:1#setP:1,k=1574
FR,context=Main:1,p
FR,context=Main:1,p
VW,context=Main:1#setP:1,k=1576
FR,context=Main:1,p
FR,context=Main:1,p
VW,context=Main:1#setP:1,k=1578
FR,context=Main:1,p
FR,context=Main:1,p
VW,context=Main:1#setP:1,k=1580
FR,context=Main:1,p
FR,context=Main:1,p
VW,context=Main:1#setP:1,k=1582
FR,context=Main:1,p
FR,context=Main:1,p
VW,context=Main:1#setP:1,k=1584
FR,context=Main:1,p
FR,context=Main:1,p
VW,context=Main:1#setP:1,k=1586
FR,context=Main:1,p
FR,context=Main:1,p
VW,context=Main:1#setP:1,k=1588
FR,context=Main:1,p
FR,context=Main:1,p
VW,context=Main:1#setP:1,k=1590
FR,context=Main:1,p
FR,context=Main:1,p
VW,context=Main:1#setP:1,k=1592
FR,context=Main:1,p
FR,context=Main:1,p
VW,context=Main:1#setP:1,k=1594
FR,context=Main:1,p
FR,context=Main:1,p
VW,context=Main:1#setP:1,k=1596
FR,context=Main:1,p
FR,context=Main:1,p
VW,context=Main:1#setP:1,k=1598
FR,context=Main:1,p
FR,context=Main:1,p
VW,context=Main:1#setP:1,k=1600
FR,context=Main:1,p
FR,context=Main:1,p
VW,context=Main:1#setP:1,k=1602
FR,context=Main:1,p
FR,context=Main:1,p
VW,context=Main:1#setP:1,k=1604
FR,context=Main:1,p
FR,context=Main:1,p
VW,context=Main:1#setP:1,k=1606
FR,context=Main:1,p
FR,context=Main:1,p
VW,context=Main:1#setP:1,k=1608
FR,context=Main:1,p
FR,context=Main:1,p
VW,context=Main:1#setP:1,k=1610
FR,context=Main:1,p
FR,context=Main:1,p
VW,context=Main:1#setP:1,k=1612
FR,context=Main:1,p
FR,context=Main:1,p
VW,context=Main:1#setP:1,k=1614
FR,context=Main:1,p
FR,context=Main:1,p
VW,context=Main:1#setP:1,k=1616
FR,context=Main:1,p
FR,context=Main:1,p
VW,context=Main:1#setP:1,k=1618
FR,context=Main:1,p
FR,context=Main:1,p
VW,context=Main:1#setP:1,k=1620
FR,context=Main:1,p
FR,context=Main:1,p
VW,context=Main:1#setP:1,k=1622
FR,context=Main:1,p
FR,context=Main:1,p
VW,context=Main:1#setP:1,k=1624
FR,context=Main:1,p
FR,context=Main:1,p
VW,context=Main:1#setP:1,k=1626
FR,context=Main:1,p
FR,context=Main:1,p
VW,context=Main:1#setP:1,k=1628
FR,context=Main:1,p
FR,context=Main:1,p
VW,context=Main:1#setP:1,k=1630
FR,context=Main:1,p
FR,context=Main:1,p
VW,context=Main:1#setP:1,k=1632
FR,context=Main:1,p
FR,context=Main:1,p
VW,context=Main:1#setP:1,k=1634
FR,context=Main:1,p
FR,context=Main:1,p
VW,context=Main:1#setP:1,k=1636
FR,context=Main:1,p
FR,context=Main:1,p
VW,context=Main:1#setP:1,k=1638
FR,context=Main:1,p
FR,context=Main:1,p
VW,context=Main:1#setP:1,k=1640
FR,context=Main:1,p
FR,context=Main:1,p
VW,context=Main:1#setP:1,k=1642
FR,context=Main:1,p
FR,context=Main:1,p
VW,context=Main:1#setP:1,k=1644
FR,context=Main:1,p
FR,context=Main:1,p
VW,context=Main:1#setP:1,k=1646
FR,context=Main:1,p
FR,context=Main:1,p
VW,context=Main:1#setP:1,k=1648
FR,context=Main:1,p
FR,context=Main:1,p
VW,context=Main:1#setP:1,k=1650
FR,context=Main:1,p
FR,context=Main:1,p
VW,context=Main:1#setP:1,k=1652
FR,context=Main:1,p
FR,context=Main:1,p
VW,context=Main:1#setP:1,k=1654
FR,context=Main:1,p
FR,context=Main:1,p
VW,context=Main:1#setP:1,k=1656
FR,context=Main:1,p
FR,context=Main:1,p
VW,context=Main:1#setP:1,k=1658
FR,context=Main:1,p
FR,context=Main:1,p
VW,context=Main:1#setP:1,k=1660
FR,context=Main:1,p
FR,context=Main:1,p
VW,context=Main:1#setP:1,k=1662
FR,context=Main:1,p
FR,context=Main:1,p
VW,context=Main:1#setP:1,k=1664
FR,context=Main:1,p
FR,context=Main:1,p
VW,context=Main:1#setP:1,k=1666
FR,context=Main:1,p
FR,context=Main:1,p
VW,context=Main:1#setP:1,k=1668
FR,context=Main:1,p
FR,context=Main:1,p
VW,context=Main:1#setP:1,k=1670
FR,context=Main:1,p
FR,context=Main:1,p
VW,context=Main:1#setP:1,k=1672
FR,context=Main:1,p
FR,context=Main:1,p
VW,context=Main:1#setP:1,k=1674
FR,context=Main:1,p
FR,context=Main:1,p
VW,context=Main:1#setP:1,k=1676
FR,context=Main:1,p
FR,context=Main:1,p
VW,context=Main:1#setP:1,k=1678
FR,context=Main:1,p
FR,context=Main:1,p
VW,context=Main:1#setP:1,k=1680
FR,context=Main:1,p
FR,context=Main:1,p
VW,context=Main:1#setP:1,k=1682
FR,context=Main:1,p
FR,context=Main:1,p
VW,context=Main:1#setP:1,k=1684
FR,context=Main:1,p
FR,context=Main:1,p
VW,context=Main:1#setP:1,k=1686
FR,context=Main:1,p
FR,context=Main:1,p
VW,context=Main:1#setP:1,k=1688
FR,context=Main:1,p
FR,context=Main:1,p
VW,context=Main:1#setP:1,k=1690
FR,context=Main:1,p
FR,context=Main:1,p
VW,context=Main:1#setP:1,k=1692
FR,context=Main:1,p
FR,context=Main:1,p
VW,context=Main:1#setP:1,k=1694
FR,context=Main:1,p
FR,context=Main:1,p
VW,context=Main:1#setP:1,k=1696
FR,context=Main:1,p
FR,context=Main:1,p
VW,context=Main:1#setP:1,k=1698
FR,context=Main:1,p
FR,context=Main:1,p
VW,context=Main:1#setP:1,k=1700
FR,context=Main:1,p
FR,context=Main:1,p
VW,context=Main:1#setP:1,k=1702
FR,context=Main:1,p
FR,context=Main:1,p
VW,context=Main:1#setP:1,k=1704
FR,context=Main:1,p
FR,context=Main:1,p
VW,context=Main:1#setP:1,k=1706
FR,context=Main:1,p
FR,context=Main:1,p
VW,context=Main:1#setP:1,k=1708
FR,context=Main:1,p
FR,context=Main:1,p
VW,context=Main:1#setP:1,k=1710
FR,context=Main:1,p
FR,context=Main:1,p
VW,context=Main:1#setP:1,k=1712
FR,context=Main:1,p
FR,context=Main:1,p
VW,context=Main:1#setP:1,k=1714
FR,context=Main:1,p
FR,context=Main:1,p
VW,context=Main:1#setP:1,k=1716
FR,context=Main:1,p
FR,context=Main:1,p
VW,context=Main:1#setP:1,k=1718
FR,context=Main:1,p
FR,context=Main:1,p
VW,context=Main:1#setP:1,k=1720
FR,context=Main:1,p
FR,context=Main:1,p
VW,context=Main:1#setP:1,k=1722
FR,context=Main:1,p
FR,context=Main:1,p
VW,context=Main:1#setP:1,k=1724
FR,context=Main:1,p
FR,context=Main:1,p
VW,context=Main:1#setP:1,k=1726
FR,context=Main:1,p
FR,context=Main:1,p
VW,context=Main:1#setP:1,k=1728
FR,context=Main:1,p
FR,context=Main:1,p
VW,context=Main:1#setP:1,k=1730
FR,context=Main:1,p
FR,context=Main:1,p
VW,context=Main:1#setP:1,k=1732
FR,context=Main:1,p
FR,context=Main:1,p
VW,context=Main:1#setP:1,k=1734
FR,context=Main:1,p
FR,context=Main:1,p
VW,context=Main:1#setP:1,k=1736
FR,context=Main:1,p
FR,context=Main:1,p
VW,context=Main:1#setP:1,k=1738
FR,context=Main:1,p
FR,context=Main:1,p
VW,context=Main:1#setP:1,k=1740
FR,context=Main:1,p
FR,context=Main:1,p
VW,context=Main:1#setP:1,k=1742
FR,context=Main:1,p
FR,context=Main:1,p
VW,context=Main:1#setP:1,k=1744
FR,context=Main:1,p
FR,context=Main:1,p
VW,context=Main:1#setP:1,k=1746
FR,context=Main:1,p
FR,context=Main:1,p
VW,context=Main:1#setP:1,k=1748
FR,context=Main:1,p
FR,context=Main:1,p
VW,context=Main:1#setP:1,k=1750
FR,context=Main:1,p
FR,context=Main:1,p
VW,context=Main:1#setP:1,k=1752
FR,context=Main:1,p
FR,context=Main:1,p
VW,context=Main:1#setP:1,k=1754
FR,context=Main:1,p
FR,context=Main:1,p
VW,context=Main:1#setP:1,k=1756
FR,context=Main:1,p
FR,context=Main:1,p
VW,context=Main:1#setP:1,k=1758
FR,context=Main:1,p
FR,context=Main:1,p
VW,context=Main:1#setP:1,k=1760
FR,context=Main:1,p
FR,context=Main:1,p
VW,context=Main:1#setP:1,k=1762
FR,context=Main:1,p
FR,context=Main:1,p
VW,context=Main:1#setP:1,k=1764
FR,context=Main:1,p
FR,context=Main:1,p
VW,context=Main:1#setP:1,k=1766
FR,context=Main:1,p
FR,context=Main:1,p
VW,context=Main:1#setP:1,k=1768
FR,context=Main:1,p
FR,context=Main:1,p
VW,context=Main:1#setP:1,k=1770
FR,context=Main:1,p
FR,context=Main:1,p
VW,context=Main:1#setP:1,k=1772
FR,context=Main:1,p
FR,context=Main:1,p
VW,context=Main:1#setP:1,k=1774
FR,context=Main:1,p
FR,context=Main:1,p
VW,context=Main:1#setP:1,k=1776
FR,context=Main:1,p
FR,context=Main:1,p
VW,context=Main:1#setP:1,k=1778
FR,context=Main:1,p
FR,context=Main:1,p
VW,context=Main:1#setP:1,k=1780
FR,context=Main:1,p
FR,context=Main:1,p
VW,context=Main:1#setP:1,k=1782
FR,context=Main:1,p
FR,context=Main:1,p
VW,context=Main:1#setP:1,k=1784
FR,context=Main:1,p
FR,context=Main:1,p
VW,context=Main:1#setP:1,k=1786
FR,context=Main:1,p
FR,context=Main:1,p
VW,context=Main:1#setP:1,k=1788
FR,context=Main:1,p
FR,context=Main:1,p
VW,context=Main:1#setP:1,k=1790
FR,context=Main:1,p
FR,context=Main:1,p
VW,context=Main:1#setP:1,k=1792
FR,context=Main:1,p
FR,context=Main:1,p
VW,context=Main:1#setP:1,k=1794
FR,context=Main:1,p
FR,context=Main:1,p
VW,context=Main:1#setP:1,k=1796
FR,context=Main:1,p
FR,context=Main:1,p
VW,context=Main:1#setP:1,k=1798
FR,context=Main:1,p
FR,context=Main:1,p
VW,context=Main:1#setP:1,k=1800
FR,context=Main:1,p
FR,context=Main:1,p
VW,context=Main:1#setP:1,k=1802
FR,context=Main:1,p
FR,context=Main:1,p
VW,context=Main:1#setP:1,k=1804
FR,context=Main:1,p
FR,context=Main:1,p
VW,context=Main:1#setP:1,k=1806
FR,context=Main:1,p
FR,context=Main:1,p
VW,context=Main:1#setP:1,k=1808
FR,context=Main:1,p
FR,context=Main:1,p
VW,context=Main:1#setP:1,k=1810
FR,context=Main:1,p
FR,context=Main:1,p
VW,context=Main:1#setP:1,k=1812
FR,context=Main:1,p
FR,context=Main:1,p
VW,context=Main:1#setP:1,k=1814
FR,context=Main:1,p
FR,context=Main:1,p
VW,context=Main:1#setP:1,k=1816
FR,context=Main:1,p
FR,context=Main:1,p
VW,context=Main:1#setP:1,k=1818
FR,context=Main:1,p
FR,context=Main:1,p
VW,context=Main:1#setP:1,k=1820
FR,context=Main:1,p
FR,context=Main:1,p
VW,context=Main:1#setP:1,k=1822
FR,context=Main:1,p
FR,context=Main:1,p
VW,context=Main:1#setP:1,k=1824
FR,context=Main:1,p
FR,context=Main:1,p
VW,context=Main:1#setP:1,k=1826
FR,context=Main:1,p
FR,context=Main:1,p
VW,context=Main:1#setP:1,k=1828
FR,context=Main:1,p
FR,context=Main:1,p
VW,context=Main:1#setP:1,k=1830
FR,context=Main:1,p
FR,context=Main:1,p
VW,context=Main:1#setP:1,k=1832
FR,context=Main:1,p
FR,context=Main:1,p
VW,context=Main:1#setP:1,k=1834
FR,context=Main:1,p
FR,context=Main:1,p
VW,context=Main:1#setP:1,k=1836
FR,context=Main:1,p
FR,context=Main:1,p
VW,context=Main:1#setP:1,k=1838
FR,context=Main:1,p
FR,context=Main:1,p
VW,context=Main:1#setP:1,k=1840
FR,context=Main:1,p
FR,context=Main:1,p
VW,context=Main:1#setP:1,k=1842
FR,context=Main:1,p
FR,context=Main:1,p
VW,context=Main:1#setP:1,k=1844
FR,context=Main:1,p
FR,context=Main:1,p
VW,context=Main:1#setP:1,k=1846
FR,context=Main:1,p
FR,context=Main:1,p
VW,context=Main:1#setP:1,k=1848
FR,context=Main:1,p
FR,context=Main:1,p
VW,context=Main:1#setP:1,k=1850
FR,context=Main:1,p
FR,context=Main:1,p
VW,context=Main:1#setP:1,k=1852
FR,context=Main:1,p
FR,context=Main:1,p
VW,context=Main:1#setP:1,k=1854
FR,context=Main:1,p
FR,context=Main:1,p
VW,context=Main:1#setP:1,k=1856
FR,context=Main:1,p
FR,context=Main:1,p
VW,context=Main:1#setP:1,k=1858
FR,context=Main:1,p
FR,context=Main:1,p
VW,context=Main:1#setP:1,k=1860
FR,context=Main:1,p
FR,context=Main:1,p
VW,context=Main:1#setP:1,k=1862
FR,context=Main:1,p
FR,context=Main:1,p
VW,context=Main:1#setP:1,k=1864
FR,context=Main:1,p
FR,context=Main:1,p
VW,context=Main:1#setP:1,k=1866
FR,context=Main:1,p
FR,context=Main:1,p
VW,context=Main:1#setP:1,k=1868
FR,context=Main:1,p
FR,context=Main:1,p
VW,context=Main:1#setP:1,k=1870
FR,context=Main:1,p
FR,context=Main:1,p
VW,context=Main:1#setP:1,k=1872
FR,context=Main:1,p
FR,context=Main:1,p
VW,context=Main:1#setP:1,k=1874
FR,context=Main:1,p
FR,context=Main:1,p
VW,context=Main:1#setP:1,k=1876
FR,context=Main:1,p
FR,context=Main:1,p
VW,context=Main:1#setP:1,k=1878
FR,context=Main:1,p
FR,context=Main:1,p
VW,context=Main:1#setP:1,k=1880
FR,context=Main:1,p
FR,context=Main:1,p
VW,context=Main:1#setP:1,k=1882
FR,context=Main:1,p
FR,context=Main:1,p
VW,context=Main:1#setP:1,k=1884
FR,context=Main:1,p
FR,context=Main:1,p
VW,context=Main:1#setP:1,k=1886
FR,context=Main:1,p
FR,context=Main:1,p
VW,context=Main:1#setP:1,k=1888
FR,context=Main:1,p
FR,context=Main:1,p
VW,context=Main:1#setP:1,k=1890
FR,context=Main:1,p
FR,context=Main:1,p
VW,context=Main:1#setP:1,k=1892
FR,context=Main:1,p
FR,context=Main:1,p
VW,context=Main:1#setP:1,k=1894
FR,context=Main:1,p
FR,context=Main:1,p
VW,context=Main:1#setP:1,k=1896
FR,context=Main:1,p
FR,context=Main:1,p
VW,context=Main:1#setP:1,k=1898
FR,context=Main:1,p
FR,context=Main:1,p
VW,context=Main:1#setP:1,k=1900
FR,context=Main:1,p
FR,context=Main:1,p
VW,context=Main:1#setP:1,k=1902
FR,context=Main:1,p
FR,context=Main:1,p
VW,context=Main:1#setP:1,k=1904
FR,context=Main:1,p
FR,context=Main:1,p
VW,context=Main:1#setP:1,k=1906
FR,context=Main:1,p
FR,context=Main:1,p
VW,context=Main:1#setP:1,k=1908
FR,context=Main:1,p
FR,context=Main:1,p
VW,context=Main:1#setP:1,k=1910
FR,context=Main:1,p
FR,context=Main:1,p
VW,context=Main:1#setP:1,k=1912
FR,context=Main:1,p
FR,context=Main:1,p
VW,context=Main:1#setP:1,k=1914
FR,context=Main:1,p
FR,context=Main:1,p
VW,context=Main:1#setP:1,k=1916
FR,context=Main:1,p
FR,context=Main:1,p
VW,context=Main:1#setP:1,k=1918
FR,context=Main:1,p
FR,context=Main:1,p
VW,context=Main:1#setP:1,k=1920
FR,context=Main:1,p
FR,context=Main:1,p
VW,context=Main:1#setP:1,k=1922
FR,context=Main:1,p
FR,context=Main:1,p
VW,context=Main:1#setP:1,k=1924
FR,context=Main:1,p
FR,context=Main:1,p
VW,context=Main:1#setP:1,k=1926
FR,context=Main:1,p
FR,context=Main:1,p
VW,context=Main:1#setP:1,k=1928
FR,context=Main:1,p
FR,context=Main:1,p
VW,context=Main:1#setP:1,k=1930
FR,context=Main:1,p
FR,context=Main:1,p
VW,context=Main:1#setP:1,k=1932
FR,context=Main:1,p
FR,context=Main:1,p
VW,context=Main:1#setP:1,k=1934
FR,context=Main:1,p
FR,context=Main:1,p
VW,context=Main:1#setP:1,k=1936
FR,context=Main:1,p
FR,context=Main:1,p
VW,context=Main:1#setP:1,k=1938
FR,context=Main:1,p
FR,context=Main:1,p
VW,context=Main:1#setP:1,k=1940
FR,context=Main:1,p
FR,context=Main:1,p
VW,context=Main:1#setP:1,k=1942
FR,context=Main:1,p
FR,context=Main:1,p
VW,context=Main:1#setP:1,k=1944
FR,context=Main:1,p
FR,context=Main:1,p
VW,context=Main:1#setP:1,k=1946
FR,context=Main:1,p
FR,context=Main:1,p
VW,context=Main:1#setP:1,k=1948
FR,context=Main:1,p
FR,context=Main:1,p
VW,context=Main:1#setP:1,k=1950
FR,context=Main:1,p
FR,context=Main:1,p
VW,context=Main:1#setP:1,k=1952
FR,context=Main:1,p
FR,context=Main:1,p
VW,context=Main:1#setP:1,k=1954
FR,context=Main:1,p
FR,context=Main:1,p
VW,context=Main:1#setP:1,k=1956
FR,context=Main:1,p
FR,context=Main:1,p
VW,context=Main:1#setP:1,k=1958
FR,context=Main:1,p
FR,context=Main:1,p
VW,context=Main:1#setP:1,k=1960
FR,context=Main:1,p
FR,context=Main:1,p
VW,context=Main:1#setP:1,k=1962
FR,context=Main:1,p
FR,context=Main:1,p
VW,context=Main:1#setP:1,k=1964
FR,context=Main:1,p
FR,context=Main:1,p
VW,context=Main:1#setP:1,k=1966
FR,context=Main:1,p
FR,context=Main:1,p
VW,context=Main:1#setP:1,k=1968
FR,context=Main:1,p
FR,context=Main:1,p
VW,context=Main:1#setP:1,k=1970
FR,context=Main:1,p
FR,context=Main:1,p
VW,context=Main:1#setP:1,k=1972
FR,context=Main:1,p
FR,context=Main:1,p
VW,context=Main:1#setP:1,k=1974
FR,context=Main:1,p
FR,context=Main:1,p
VW,context=Main:1#setP:1,k=1976
FR,context=Main:1,p
FR,context=Main:1,p
VW,context=Main:1#setP:1,k=1978
FR,context=Main:1,p
FR,context=Main:1,p
VW,context=Main:1#setP:1,k=1980
FR,context=Main:1,p
FR,context=Main:1,p
VW,context=Main:1#setP:1,k=1982
FR,context=Main:1,p
FR,context=Main:1,p
VW,context=Main:1#setP:1,k=1984
FR,context=Main:1,p
FR,context=Main:1,p
VW,context=Main:1#setP:1,k=1986
FR,context=Main:1,p
FR,context=Main:1,p
VW,context=Main:1#setP:1,k=1988
FR,context=Main:1,p
FR,context=Main:1,p
VW,context=Main:1#setP:1,k=1990
FR,context=Main:1,p
FR,context=Main:1,p
VW,context=Main:1#setP:1,k=1992
FR,context=Main:1,p
FR,context=Main:1,p
VW,context=Main:1#setP:1,k=1994
FR,context=Main:1,p
FR,context=Main:1,p
VW,context=Main:1#setP:1,k=1996
FR,context=Main:1,p
FR,context=Main:1,p
VW,context=Main:1#setP:1,k=1998
FR,context=Main:1,p
FR,context=Main:1,p
VW,context=Main:1#setP:1,k=2000
FR,context=Main:1,p
FR,context=Main:1,p
VW,context=Main:1#setP:1,k=2002
FR,context=Main:1,p
FR,context=Main:1,p
VW,context=Main:1#setP:1,k=2004
FR,context=Main:1,p
FR,context=Main:1,p
VW,context=Main:1#setP:1,k=2006
FR,context=Main:1,p
FR,context=Main:1,p
VW,context=Main:1#setP:1,k=2008
FR,context=Main:1,p
FR,context=Main:1,p
VW,context=Main:1#setP:1,k=2010
FR,context=Main:1,p
FR,context=Main:1,p
VW,context=Main:1#setP:1,k=2012
FR,context=Main:1,p
FR,context=Main:1,p
VW,context=Main:1#setP:1,k=2014
FR,context=Main:1,p
FR,context=Main:1,p
VW,context=Main:1#setP:1,k=2016
FR,context=Main:1,p
FR,context=Main:1,p
VW,context=Main:1#setP:1,k=2018
FR,context=Main:1,p
FR,context=Main:1,p
VW,context=Main:1#setP:1,k=2020
FR,context=Main:1,p
FR,context=Main:1,p
VW,context=Main:1#setP:1,k=2022
FR,context=Main:1,p
FR,context=Main:1,p
VW,context=Main:1#setP:1,k=2024
FR,context=Main:1,p
FR,context=Main:1,p
VW,context=Main:1#setP:1,k=2026
FR,context=Main:1,p
FR,context=Main:1,p
VW,context=Main:1#setP:1,k=2028
FR,context=Main:1,p
FR,context=Main:1,p
VW,context=Main:1#setP:1,k=2030
FR,context=Main:1,p
FR,context=Main:1,p
VW,context=Main:1#setP:1,k=2032
FR,context=Main:1,p
FR,context=Main:1,p
VW,context=Main:1#setP:1,k=2034
FR,context=Main:1,p
FR,context=Main:1,p
VW,context=Main:1#setP:1,k=2036
FR,context=Main:1,p
FR,context=Main:1,p
VW,context=Main:1#setP:1,k=2038
FR,context=Main:1,p
FR,context=Main:1,p
VW,context=Main:1#setP:1,k=2040
FR,context=Main:1,p
FR,context=Main:1,p
VW,context=Main:1#setP:1,k=2042
FR,context=Main:1,p
FR,context=Main:1,p
VW,context=Main:1#setP:1,k=2044
FR,context=Main:1,p
FR,context=Main:1,p
VW,context=Main:1#setP:1,k=2046
FR,context=Main:1,p
FR,context=Main:1,p
VW,context=Main:1#setP:1,k=2048
FR,context=Main:1,p
FR,context=Main:1,p
VW,context=Main:1#setP:1,k=2050
FR,context=Main:1,p
FR,context=Main:1,p
VW,context=Main:1#setP:1,k=2052
FR,context=Main:1,p
FR,context=Main:1,p
VW,context=Main:1#setP:1,k=2054
FR,context=Main:1,p
FR,context=Main:1,p
VW,context=Main:1#setP:1,k=2056
FR,context=Main:1,p
FR,context=Main:1,p
VW,context=Main:1#setP:1,k=2058
FR,context=Main:1,p
FR,context=Main:1,p
VW,context=Main:1#setP:1,k=2060
FR,context=Main:1,p
FR,context=Main:1,p
VW,context=Main:1#setP:1,k=2062
FR,context=Main:1,p
FR,context=Main:1,p
VW,context=Main:1#setP:1,k=2064
FR,context=Main:1,p
FR,context=Main:1,p
VW,context=Main:1#setP:1,k=2066
FR,context=Main:1,p
FR,context=Main:1,p
VW,context=Main:1#setP:1,k=2068
FR,context=Main:1,p
FR,context=Main:1,p
VW,context=Main:1#setP:1,k=2070
FR,context=Main:1,p
FR,context=Main:1,p
VW,context=Main:1#setP:1,k=2072
FR,context=Main:1,p
FR,context=Main:1,p
VW,context=Main:1#setP:1,k=2074
FR,context=Main:1,p
FR,context=Main:1,p
VW,context=Main:1#setP:1,k=2076
FR,context=Main:1,p
FR,context=Main:1,p
VW,context=Main:1#setP:1,k=2078
FR,context=Main:1,p
FR,context=Main:1,p
VW,context=Main:1#setP:1,k=2080
FR,context=Main:1,p
FR,context=Main:1,p
VW,context=Main:1#setP:1,k=2082
FR,context=Main:1,p
FR,context=Main:1,p
VW,context=Main:1#setP:1,k=2084
FR,context=Main:1,p
FR,context=Main:1,p
VW,context=Main:1#setP:1,k=2086
FR,context=Main:1,p
FR,context=Main:1,p
VW,context=Main:1#setP:1,k=2088
FR,context=Main:1,p
FR,context=Main:1,p
VW,context=Main:1#setP:1,k=2090
FR,context=Main:1,p
FR,context=Main:1,p
VW,context=Main:1#setP:1,k=2092
FR,context=Main:1,p
FR,context=Main:1,p
VW,context=Main:1#setP:1,k=2094
FR,context=Main:1,p
FR,context=Main:1,p
VW,context=Main:1#setP:1,k=2096
FR,context=Main:1,p
FR,context=Main:1,p
VW,context=Main:1#setP:1,k=2098
FR,context=Main:1,p
FR,context=Main:1,p
VW,context=Main:1#setP:1,k=2100
FR,context=Main:1,p
FR,context=Main:1,p
VW,context=Main:1#setP:1,k=2102
FR,context=Main:1,p
FR,context=Main:1,p
VW,context=Main:1#setP:1,k=2104
FR,context=Main:1,p
FR,context=Main:1,p
VW,context=Main:1#setP:1,k=2106
FR,context=Main:1,p
FR,context=Main:1,p
VW,context=Main:1#setP:1,k=2108
FR,context=Main:1,p
FR,context=Main:1,p
VW,context=Main:1#setP:1,k=2110
FR,context=Main:1,p
FR,context=Main:1,p
VW,context=Main:1#setP:1,k=2112
FR,context=Main:1,p
FR,context=Main:1,p
VW,context=Main:1#setP:1,k=2114
FR,context=Main:1,p
FR,context=Main:1,p
VW,context=Main:1#setP:1,k=2116
FR,context=Main:1,p
FR,context=Main:1,p
VW,context=Main:1#setP:1,k=2118
FR,context=Main:1,p
FR,context=Main:1,p
VW,context=Main:1#setP:1,k=2120
FR,context=Main:1,p
FR,context=Main:1,p
VW,context=Main:1#setP:1,k=2122
FR,context=Main:1,p
FR,context=Main:1,p
VW,context=Main:1#setP:1,k=2124
FR,context=Main:1,p
FR,context=Main:1,p
VW,context=Main:1#setP:1,k=2126
FR,context=Main:1,p
FR,context=Main:1,p
VW,context=Main:1#setP:1,k=2128
FR,context=Main:1,p
FR,context=Main:1,p
VW,context=Main:1#setP:1,k=2130
FR,context=Main:1,p
FR,context=Main:1,p
VW,context=Main:1#setP:1,k=2132
FR,context=Main:1,p
FR,context=Main:1,p
VW,context=Main:1#setP:1,k=2134
FR,context=Main:1,p
FR,context=Main:1,p
VW,context=Main:1#setP:1,k=2136
FR,context=Main:1,p
FR,context=Main:1,p
VW,context=Main:1#setP:1,k=2138
FR,context=Main:1,p
FR,context=Main:1,p
VW,context=Main:1#setP:1,k=2140
FR,context=Main:1,p
FR,context=Main:1,p
VW,context=Main:1#setP:1,k=2142
FR,context=Main:1,p
FR,context=Main:1,p
VW,context=Main:1#setP:1,k=2144
FR,context=Main:1,p
FR,context=Main:1,p
VW,context=Main:1#setP:1,k=2146
FR,context=Main:1,p
FR,context=Main:1,p
VW,context=Main:1#setP:1,k=2148
FR,context=Main:1,p
FR,context=Main:1,p
VW,context=Main:1#setP:1,k=2150
FR,context=Main:1,p
FR,context=Main:1,p
VW,context=Main:1#setP:1,k=2152
FR,context=Main:1,p
FR,context=Main:1,p
VW,context=Main:1#setP:1,k=2154
FR,context=Main:1,p
FR,context=Main:1,p
VW,context=Main:1#setP:1,k=2156
FR,context=Main:1,p
FR,context=Main:1,p
VW,context=Main:1#setP:1,k=2158
FR,context=Main:1,p
FR,context=Main:1,p
VW,context=Main:1#setP:1,k=2160
FR,context=Main:1,p
FR,context=Main:1,p
VW,context=Main:1#setP:1,k=2162
FR,context=Main:1,p
FR,context=Main:1,p
VW,context=Main:1#setP:1,k=2164
FR,context=Main:1,p
FR,context=Main:1,p
VW,context=Main:1#setP:1,k=2166
FR,context=Main:1,p
FR,context=Main:1,p
VW,context=Main:1#setP:1,k=2168
FR,context=Main:1,p
FR,context=Main:1,p
VW,context=Main:1#setP:1,k=2170
FR,context=Main:1,p
FR,context=Main:1,p
VW,context=Main:1#setP:1,k=2172
FR,context=Main:1,p
FR,context=Main:1,p
VW,context=Main:1#setP:1,k=2174
FR,context=Main:1,p
FR,context=Main:1,p
VW,context=Main:1#setP:1,k=2176
FR,context=Main:1,p
FR,context=Main:1,p
VW,context=Main:1#setP:1,k=2178
FR,context=Main:1,p
FR,context=Main:1,p
VW,context=Main:1#setP:1,k=2180
FR,context=Main:1,p
FR,context=Main:1,p
VW,context=Main:1#setP:1,k=2182
FR,context=Main:1,p
FR,context=Main:1,p
VW,context=Main:1#setP:1,k=2184
FR,context=Main:1,p
FR,context=Main:1,p
VW,context=Main:1#setP:1,k=2186
FR,context=Main:1,p
FR,context=Main:1,p
VW,context=Main:1#setP:1,k=2188
FR,context=Main:1,p
FR,context=Main:1,p
VW,context=Main:1#setP:1,k=2190
FR,context=Main:1,p
FR,context=Main:1,p
VW,context=Main:1#setP:1,k=2192
FR,context=Main:1,p
FR,context=Main:1,p
VW,context=Main:1#setP:1,k=2194
FR,context=Main:1,p
FR,context=Main:1,p
VW,context=Main:1#setP:1,k=2196
FR,context=Main:1,p
FR,context=Main:1,p
VW,context=Main:1#setP:1,k=2198
FR,context=Main:1,p
FR,context=Main:1,p
VW,context=Main:1#setP:1,k=2200
FR,context=Main:1,p
FR,context=Main:1,p
VW,context=Main:1#setP:1,k=2202
FR,context=Main:1,p
FR,context=Main:1,p
VW,context=Main:1#setP:1,k=2204
FR,context=Main:1,p
FR,context=Main:1,p
VW,context=Main:1#setP:1,k=2206
FR,context=Main:1,p
FR,context=Main:1,p
VW,context=Main:1#setP:1,k=2208
FR,context=Main:1,p
FR,context=Main:1,p
VW,context=Main:1#setP:1,k=2210
FR,context=Main:1,p
FR,context=Main:1,p
VW,context=Main:1#setP:1,k=2212
FR,context=Main:1,p
FR,context=Main:1,p
VW,context=Main:1#setP:1,k=2214
FR,context=Main:1,p
FR,context=Main:1,p
VW,context=Main:1#setP:1,k=2216
FR,context=Main:1,p
FR,context=Main:1,p
VW,context=Main:1#setP:1,k=2218
FR,context=Main:1,p
FR,context=Main:1,p
VW,context=Main:1#setP:1,k=2220
FR,context=Main:1,p
FR,context=Main:1,p
VW,context=Main:1#setP:1,k=2222
FR,context=Main:1,p
FR,context=Main:1,p
VW,context=Main:1#setP:1,k=2224
FR,context=Main:1,p
FR,context=Main:1,p
VW,context=Main:1#setP:1,k=2226
FR,context=Main:1,p
FR,context=Main:1,p
VW,context=Main:1#setP:1,k=2228
FR,context=Main:1,p
FR,context=Main:1,p
VW,context=Main:1#setP:1,k=2230
FR,context=Main:1,p
FR,context=Main:1,p
VW,context=Main:1#setP:1,k=2232
FR,context=Main:1,p
FR,context=Main:1,p
VW,context=Main:1#setP:1,k=2234
FR,context=Main:1,p
FR,context=Main:1,p
VW,context=Main:1#setP:1,k=2236
FR,context=Main:1,p
FR,context=Main:1,p
VW,context=Main:1#setP:1,k=2238
FR,context=Main:1,p
FR,context=Main:1,p
VW,context=Main:1#setP:1,k=2240
FR,context=Main:1,p
FR,context=Main:1,p
VW,context=Main:1#setP:1,k=2242
FR,context=Main:1,p
FR,context=Main:1,p
VW,context=Main:1#setP:1,k=2244
FR,context=Main:1,p
FR,context=Main:1,p
VW,context=Main:1#setP:1,k=2246
FR,context=Main:1,p
FR,context=Main:1,p
VW,context=Main:1#setP:1,k=2248
FR,context=Main:1,p
FR,context=Main:1,p
VW,context=Main:1#setP:1,k=2250
FR,context=Main:1,p
FR,context=Main:1,p
VW,context=Main:1#setP:1,k=2252
FR,context=Main:1,p
FR,context=Main:1,p
VW,context=Main:1#setP:1,k=2254
FR,context=Main:1,p
FR,context=Main:1,p
VW,context=Main:1#setP:1,k=2256
FR,context=Main:1,p
FR,context=Main:1,p
VW,context=Main:1#setP:1,k=2258
FR,context=Main:1,p
FR,context=Main:1,p
VW,context=Main:1#setP:1,k=2260
FR,context=Main:1,p
FR,context=Main:1,p
VW,context=Main:1#setP:1,k=2262
FR,context=Main:1,p
FR,context=Main:1,p
VW,context=Main:1#setP:1,k=2264
FR,context=Main:1,p
FR,context=Main:1,p
VW,context=Main:1#setP:1,k=2266
FR,context=Main:1,p
FR,context=Main:1,p
VW,context=Main:1#setP:1,k=2268
FR,context=Main:1,p
FR,context=Main:1,p
VW,context=Main:1#setP:1,k=2270
FR,context=Main:1,p
FR,context=Main:1,p
VW,context=Main:1#setP:1,k=2272
FR,context=Main:1,p
FR,context=Main:1,p
VW,context=Main:1#setP:1,k=2274
FR,context=Main:1,p
FR,context=Main:1,p
VW,context=Main:1#setP:1,k=2276
FR,context=Main:1,p
FR,context=Main:1,p
VW,context=Main:1#setP:1,k=2278
FR,context=Main:1,p
FR,context=Main:1,p
VW,context=Main:1#setP:1,k=2280
FR,context=Main:1,p
FR,context=Main:1,p
VW,context=Main:1#setP:1,k=2282
FR,context=Main:1,p
FR,context=Main:1,p
VW,context=Main:1#setP:1,k=2284
FR,context=Main:1,p
FR,context=Main:1,p
VW,context=Main:1#setP:1,k=2286
FR,context=Main:1,p
FR,context=Main:1,p
VW,context=Main:1#setP:1,k=2288
FR,context=Main:1,p
FR,context=Main:1,p
VW,context=Main:1#setP:1,k=2290
FR,context=Main:1,p
FR,context=Main:1,p
VW,context=Main:1#setP:1,k=2292
FR,context=Main:1,p
FR,context=Main:1,p
VW,context=Main:1#setP:1,k=2294
FR,context=Main:1,p
FR,context=Main:1,p
VW,context=Main:1#setP:1,k=2296
FR,context=Main:1,p
FR,context=Main:1,p
VW,context=Main:1#setP:1,k=2298
FR,context=Main:1,p
FR,context=Main:1,p
VW,context=Main:1#setP:1,k=2300
FR,context=Main:1,p
FR,context=Main:1,p
VW,context=Main:1#setP:1,k=2302
FR,context=Main:1,p
FR,context=Main:1,p
VW,context=Main:1#setP:1,k=2304
FR,context=Main:1,p
FR,context=Main:1,p
VW,context=Main:1#setP:1,k=2306
FR,context=Main:1,p
FR,context=Main:1,p
VW,context=Main:1#setP:1,k=2308
FR,context=Main:1,p
FR,context=Main:1,p
VW,context=Main:1#setP:1,k=2310
FR,context=Main:1,p
FR,context=Main:1,p
VW,context=Main:1#setP:1,k=2312
FR,context=Main:1,p
FR,context=Main:1,p
VW,context=Main:1#setP:1,k=2314
FR,context=Main:1,p
FR,context=Main:1,p
VW,context=Main:1#setP:1,k=2316
FR,context=Main:1,p
FR,context=Main:1,p
VW,context=Main:1#setP:1,k=2318
FR,context=Main:1,p
FR,context=Main:1,p
VW,context=Main:1#setP:1,k=2320
FR,context=Main:1,p
FR,context=Main:1,p
VW,context=Main:1#setP:1,k=2322
FR,context=Main:1,p
FR,context=Main:1,p
VW,context=Main:1#setP:1,k=2324
FR,context=Main:1,p
FR,context=Main:1,p
VW,context=Main:1#setP:1,k=2326
FR,context=Main:1,p
FR,context=Main:1,p
VW,context=Main:1#setP:1,k=2328
FR,context=Main:1,p
FR,context=Main:1,p
VW,context=Main:1#setP:1,k=2330
FR,context=Main:1,p
FR,context=Main:1,p
VW,context=Main:1#setP:1,k=2332
FR,context=Main:1,p
FR,context=Main:1,p
VW,context=Main:1#setP:1,k=2334
FR,context=Main:1,p
FR,context=Main:1,p
VW,context=Main:1#setP:1,k=2336
FR,context=Main:1,p
FR,context=Main:1,p
VW,context=Main:1#setP:1,k=2338
FR,context=Main:1,p
FR,context=Main:1,p
VW,context=Main:1#setP:1,k=2340
FR,context=Main:1,p
FR,context=Main:1,p
VW,context=Main:1#setP:1,k=2342
FR,context=Main:1,p
FR,context=Main:1,p
VW,context=Main:1#setP:1,k=2344
FR,context=Main:1,p
FR,context=Main:1,p
VW,context=Main:1#setP:1,k=2346
FR,context=Main:1,p
FR,context=Main:1,p
VW,context=Main:1#setP:1,k=2348
FR,context=Main:1,p
FR,context=Main:1,p
VW,context=Main:1#setP:1,k=2350
FR,context=Main:1,p
FR,context=Main:1,p
VW,context=Main:1#setP:1,k=2352
FR,context=Main:1,p
FR,context=Main:1,p
VW,context=Main:1#setP:1,k=2354
FR,context=Main:1,p
FR,context=Main:1,p
VW,context=Main:1#setP:1,k=2356
FR,context=Main:1,p
FR,context=Main:1,p
VW,context=Main:1#setP:1,k=2358
FR,context=Main:1,p
FR,context=Main:1,p
VW,context=Main:1#setP:1,k=2360
FR,context=Main:1,p
FR,context=Main:1,p
VW,context=Main:1#setP:1,k=2362
FR,context=Main:1,p
FR,context=Main:1,p
VW,context=Main:1#setP:1,k=2364
FR,context=Main:1,p
FR,context=Main:1,p
VW,context=Main:1#setP:1,k=2366
FR,context=Main:1,p
FR,context=Main:1,p
VW,context=Main:1#setP:1,k=2368
FR,context=Main:1,p
FR,context=Main:1,p
VW,context=Main:1#setP:1,k=2370
FR,context=Main:1,p
FR,context=Main:1,p
VW,context=Main:1#setP:1,k=2372
FR,context=Main:1,p
FR,context=Main:1,p
VW,context=Main:1#setP:1,k=2374
FR,context=Main:1,p
FR,context=Main:1,p
VW,context=Main:1#setP:1,k=2376
FR,context=Main:1,p
FR,context=Main:1,p
VW,context=Main:1#setP:1,k=2378
FR,context=Main:1,p
FR,context=Main:1,p
VW,context=Main:1#setP:1,k=2380
FR,context=Main:1,p
FR,context=Main:1,p
VW,context=Main:1#setP:1,k=2382
FR,context=Main:1,p
FR,context=Main:1,p
VW,context=Main:1#setP:1,k=2384
FR,context=Main:1,p
FR,context=Main:1,p
VW,context=Main:1#setP:1,k=2386
FR,context=Main:1,p
FR,context=Main:1,p
VW,context=Main:1#setP:1,k=2388
FR,context=Main:1,p
FR,context=Main:1,p
VW,context=Main:1#setP:1,k=2390
FR,context=Main:1,p
FR,context=Main:1,p
VW,context=Main:1#setP:1,k=2392
FR,context=Main:1,p
FR,context=Main:1,p
VW,context=Main:1#setP:1,k=2394
FR,context=Main:1,p
FR,context=Main:1,p
VW,context=Main:1#setP:1,k=2396
FR,context=Main:1,p
FR,context=Main:1,p
VW,context=Main:1#setP:1,k=2398
FR,context=Main:1,p
FR,context=Main:1,p
VW,context=Main:1#setP:1,k=2400
FR,context=Main:1,p
FR,context=Main:1,p
VW,context=Main:1#setP:1,k=2402
FR,context=Main:1,p
FR,context=Main:1,p
VW,context=Main:1#setP:1,k=2404
FR,context=Main:1,p
FR,context=Main:1,p
VW,context=Main:1#setP:1,k=2406
FR,context=Main:1,p
FR,context=Main:1,p
VW,context=Main:1#setP:1,k=2408
FR,context=Main:1,p
FR,context=Main:1,p
VW,context=Main:1#setP:1,k=2410
FR,context=Main:1,p
FR,context=Main:1,p
VW,context=Main:1#setP:1,k=2412
FR,context=Main:1,p
FR,context=Main:1,p
VW,context=Main:1#setP:1,k=2414
FR,context=Main:1,p
FR,context=Main:1,p
VW,context=Main:1#setP:1,k=2416
FR,context=Main:1,p
FR,context=Main:1,p
VW,context=Main:1#setP:1,k=2418
FR,context=Main:1,p
FR,context=Main:1,p
VW,context=Main:1#setP:1,k=2420
FR,context=Main:1,p
FR,context=Main:1,p
VW,context=Main:1#setP:1,k=2422
FR,context=Main:1,p
FR,context=Main:1,p
VW,context=Main:1#setP:1,k=2424
FR,context=Main:1,p
FR,context=Main:1,p
VW,context=Main:1#setP:1,k=2426
FR,context=Main:1,p
FR,context=Main:1,p
VW,context=Main:1#setP:1,k=2428
FR,context=Main:1,p
FR,context=Main:1,p
VW,context=Main:1#setP:1,k=2430
FR,context=Main:1,p
FR,context=Main:1,p
VW,context=Main:1#setP:1,k=2432
FR,context=Main:1,p
FR,context=Main:1,p
VW,context=Main:1#setP:1,k=2434
FR,context=Main:1,p
FR,context=Main:1,p
VW,context=Main:1#setP:1,k=2436
FR,context=Main:1,p
FR,context=Main:1,p
VW,context=Main:1#setP:1,k=2438
FR,context=Main:1,p
FR,context=Main:1,p
VW,context=Main:1#setP:1,k=2440
FR,context=Main:1,p
FR,context=Main:1,p
VW,context=Main:1#setP:1,k=2442
FR,context=Main:1,p
FR,context=Main:1,p
VW,context=Main:1#setP:1,k=2444
FR,context=Main:1,p
FR,context=Main:1,p
VW,context=Main:1#setP:1,k=2446
FR,context=Main:1,p
FR,context=Main:1,p
VW,context=Main:1#setP:1,k=2448
FR,context=Main:1,p
FR,context=Main:1,p
VW,context=Main:1#setP:1,k=2450
FR,context=Main:1,p
FR,context=Main:1,p
VW,context=Main:1#setP:1,k=2452
FR,context=Main:1,p
FR,context=Main:1,p
VW,context=Main:1#setP:1,k=2454
FR,context=Main:1,p
FR,context=Main:1,p
VW,context=Main:1#setP:1,k=2456
FR,context=Main:1,p
FR,context=Main:1,p
VW,context=Main:1#setP:1,k=2458
FR,context=Main:1,p
FR,context=Main:1,p
VW,context=Main:1#setP:1,k=2460
FR,context=Main:1,p
FR,context=Main:1,p
VW,context=Main:1#setP:1,k=2462
FR,context=Main:1,p
FR,context=Main:1,p
VW,context=Main:1#setP:1,k=2464
FR,context=Main:1,p
FR,context=Main:1,p
VW,context=Main:1#setP:1,k=2466
FR,context=Main:1,p
FR,context=Main:1,p
VW,context=Main:1#setP:1,k=2468
FR,context=Main:1,p
FR,context=Main:1,p
VW,context=Main:1#setP:1,k=2470
FR,context=Main:1,p
FR,context=Main:1,p
VW,context=Main:1#setP:1,k=2472
FR,context=Main:1,p
FR,context=Main:1,p
VW,context=Main:1#setP:1,k=2474
FR,context=Main:1,p
FR,context=Main:1,p
VW,context=Main:1#setP:1,k=2476
FR,context=Main:1,p
FR,context=Main:1,p
VW,context=Main:1#setP:1,k=2478
FR,context=Main:1,p
FR,context=Main:1,p
VW,context=Main:1#setP:1,k=2480
FR,context=Main:1,p
FR,context=Main:1,p
VW,context=Main:1#setP:1,k=2482
FR,context=Main:1,p
FR,context=Main:1,p
VW,context=Main:1#setP:1,k=2484
FR,context=Main:1,p
FR,context=Main:1,p
VW,context=Main:1#setP:1,k=2486
FR,context=Main:1,p
FR,context=Main:1,p
VW,context=Main:1#setP:1,k=2488
FR,context=Main:1,p
FR,context=Main:1,p
VW,context=Main:1#setP:1,k=2490
FR,context=Main:1,p
FR,context=Main:1,p
VW,context=Main:1#setP:1,k=2492
FR,context=Main:1,p
FR,context=Main:1,p
VW,context=Main:1#setP:1,k=2494
FR,context=Main:1,p
FR,context=Main:1,p
VW,context=Main:1#setP:1,k=2496
FR,context=Main:1,p
FR,context=Main:1,p
VW,context=Main:1#setP:1,k=2498
FR,context=Main:1,p
FR,context=Main:1,p
VW,context=Main:1#setP:1,k=2500
FR,context=Main:1,p
FR,context=Main:1,p
VW,context=Main:1#setP:1,k=2502
FR,context=Main:1,p
FR,context=Main:1,p
VW,context=Main:1#setP:1,k=2504
FR,context=Main:1,p
FR,context=Main:1,p
VW,context=Main:1#setP:1,k=2506
FR,context=Main:1,p
FR,context=Main:1,p
VW,context=Main:1#setP:1,k=2508
FR,context=Main:1,p
FR,context=Main:1,p
VW,context=Main:1#setP:1,k=2510
FR,context=Main:1,p
FR,context=Main:1,p
VW,context=Main:1#setP:1,k=2512
FR,context=Main:1,p
FR,context=Main:1,p
VW,context=Main:1#setP:1,k=2514
FR,context=Main:1,p
FR,context=Main:1,p
VW,context=Main:1#setP:1,k=2516
FR,context=Main:1,p
FR,context=Main:1,p
VW,context=Main:1#setP:1,k=2518
FR,context=Main:1,p
FR,context=Main:1,p
VW,context=Main:1#setP:1,k=2520
FR,context=Main:1,p
FR,context=Main:1,p
VW,context=Main:1#setP:1,k=2522
FR,context=Main:1,p
FR,context=Main:1,p
VW,context=Main:1#setP:1,k=2524
FR,context=Main:1,p
FR,context=Main:1,p
VW,context=Main:1#setP:1,k=2526
FR,context=Main:1,p
FR,context=Main:1,p
VW,context=Main:1#setP:1,k=2528
FR,context=Main:1,p
FR,context=Main:1,p
VW,context=Main:1#setP:1,k=2530
FR,context=Main:1,p
FR,context=Main:1,p
VW,context=Main:1#setP:1,k=2532
FR,context=Main:1,p
FR,context=Main:1,p
VW,context=Main:1#setP:1,k=2534
FR,context=Main:1,p
FR,context=Main:1,p
VW,context=Main:1#setP:1,k=2536
FR,context=Main:1,p
FR,context=Main:1,p
VW,context=Main:1#setP:1,k=2538
FR,context=Main:1,p
FR,context=Main:1,p
VW,context=Main:1#setP:1,k=2540
FR,context=Main:1,p
FR,context=Main:1,p
VW,context=Main:1#setP:1,k=2542
FR,context=Main:1,p
FR,context=Main:1,p
VW,context=Main:1#setP:1,k=2544
FR,context=Main:1,p
FR,context=Main:1,p
VW,context=Main:1#setP:1,k=2546
FR,context=Main:1,p
FR,context=Main:1,p
VW,context=Main:1#setP:1,k=2548
FR,context=Main:1,p
FR,context=Main:1,p
VW,context=Main:1#setP:1,k=2550
FR,context=Main:1,p
FR,context=Main:1,p
VW,context=Main:1#setP:1,k=2552
FR,context=Main:1,p
FR,context=Main:1,p
VW,context=Main:1#setP:1,k=2554
FR,context=Main:1,p
FR,context=Main:1,p
VW,context=Main:1#setP:1,k=2556
FR,context=Main:1,p
FR,context=Main:1,p
VW,context=Main:1#setP:1,k=2558
FR,context=Main:1,p
FR,context=Main:1,p
VW,context=Main:1#setP:1,k=2560
FR,context=Main:1,p
FR,context=Main:1,p
VW,context=Main:1#setP:1,k=2562
FR,context=Main:1,p
FR,context=Main:1,p
VW,context=Main:1#setP:1,k=2564
FR,context=Main:1,p
FR,context=Main:1,p
VW,context=Main:1#setP:1,k=2566
FR,context=Main:1,p
FR,context=Main:1,p
VW,context=Main:1#setP:1,k=2568
FR,context=Main:1,p
FR,context=Main:1,p
VW,context=Main:1#setP:1,k=2570
FR,context=Main:1,p
FR,context=Main:1,p
VW,context=Main:1#setP:1,k=2572
FR,context=Main:1,p
FR,context=Main:1,p
VW,context=Main:1#setP:1,k=2574
FR,context=Main:1,p
FR,context=Main:1,p
VW,context=Main:1#setP:1,k=2576
FR,context=Main:1,p
FR,context=Main:1,p
VW,context=Main:1#setP:1,k=2578
FR,context=Main:1,p
FR,context=Main:1,p
VW,context=Main:1#setP:1,k=2580
FR,context=Main:1,p
FR,context=Main:1,p
VW,context=Main:1#setP:1,k=2582
FR,context=Main:1,p
FR,context=Main:1,p
VW,context=Main:1#setP:1,k=2584
FR,context=Main:1,p
FR,context=Main:1,p
VW,context=Main:1#setP:1,k=2586
FR,context=Main:1,p
FR,context=Main:1,p
VW,context=Main:1#setP:1,k=2588
FR,context=Main:1,p
FR,context=Main:1,p
VW,context=Main:1#setP:1,k=2590
FR,context=Main:1,p
FR,context=Main:1,p
VW,context=Main:1#setP:1,k=2592
FR,context=Main:1,p
FR,context=Main:1,p
VW,context=Main:1#setP:1,k=2594
FR,context=Main:1,p
FR,context=Main:1,p
VW,context=Main:1#setP:1,k=2596
FR,context=Main:1,p
FR,context=Main:1,p
VW,context=Main:1#setP:1,k=2598
FR,context=Main:1,p
FR,context=Main:1,p
VW,context=Main:1#setP:1,k=2600
FR,context=Main:1,p
FR,context=Main:1,p
VW,context=Main:1#setP:1,k=2602
FR,context=Main:1,p
FR,context=Main:1,p
VW,context=Main:1#setP:1,k=2604
FR,context=Main:1,p
FR,context=Main:1,p
VW,context=Main:1#setP:1,k=2606
FR,context=Main:1,p
FR,context=Main:1,p
VW,context=Main:1#setP:1,k=2608
FR,context=Main:1,p
FR,context=Main:1,p
VW,context=Main:1#setP:1,k=2610
FR,context=Main:1,p
FR,context=Main:1,p
VW,context=Main:1#setP:1,k=2612
FR,context=Main:1,p
FR,context=Main:1,p
VW,context=Main:1#setP:1,k=2614
FR,context=Main:1,p
FR,context=Main:1,p
VW,context=Main:1#setP:1,k=2616
FR,context=Main:1,p
FR,context=Main:1,p
VW,context=Main:1#setP:1,k=2618
FR,context=Main:1,p
FR,context=Main:1,p
VW,context=Main:1#setP:1,k=2620
FR,context=Main:1,p
FR,context=Main:1,p
VW,context=Main:1#setP:1,k=2622
FR,context=Main:1,p
FR,context=Main:1,p
VW,context=Main:1#setP:1,k=2624
FR,context=Main:1,p
FR,context=Main:1,p
VW,context=Main:1#setP:1,k=2626
FR,context=Main:1,p
FR,context=Main:1,p
VW,context=Main:1#setP:1,k=2628
FR,context=Main:1,p
FR,context=Main:1,p
VW,context=Main:1#setP:1,k=2630
FR,context=Main:1,p
FR,context=Main:1,p
VW,context=Main:1#setP:1,k=2632
FR,context=Main:1,p
FR,context=Main:1,p
VW,context=Main:1#setP:1,k=2634
FR,context=Main:1,p
FR,context=Main:1,p
VW,context=Main:1#setP:1,k=2636
FR,context=Main:1,p
FR,context=Main:1,p
VW,context=Main:1#setP:1,k=2638
FR,context=Main:1,p
FR,context=Main:1,p
VW,context=Main:1#setP:1,k=2640
FR,context=Main:1,p
FR,context=Main:1,p
VW,context=Main:1#setP:1,k=2642
FR,context=Main:1,p
FR,context=Main:1,p
VW,context=Main:1#setP:1,k=2644
FR,context=Main:1,p
FR,context=Main:1,p
VW,context=Main:1#setP:1,k=2646
FR,context=Main:1,p
FR,context=Main:1,p
VW,context=Main:1#setP:1,k=2648
FR,context=Main:1,p
FR,context=Main:1,p
VW,context=Main:1#setP:1,k=2650
FR,context=Main:1,p
FR,context=Main:1,p
VW,context=Main:1#setP:1,k=2652
FR,context=Main:1,p
FR,context=Main:1,p
VW,context=Main:1#setP:1,k=2654
FR,context=Main:1,p
FR,context=Main:1,p
VW,context=Main:1#setP:1,k=2656
FR,context=Main:1,p
FR,context=Main:1,p
VW,context=Main:1#setP:1,k=2658
FR,context=Main:1,p
FR,context=Main:1,p
VW,context=Main:1#setP:1,k=2660
FR,context=Main:1,p
FR,context=Main:1,p
VW,context=Main:1#setP:1,k=2662
FR,context=Main:1,p
FR,context=Main:1,p
VW,context=Main:1#setP:1,k=2664
FR,context=Main:1,p
FR,context=Main:1,p
VW,context=Main:1#setP:1,k=2666
FR,context=Main:1,p
FR,context=Main:1,p
VW,context=Main:1#setP:1,k=2668
FR,context=Main:1,p
FR,context=Main:1,p
VW,context=Main:1#setP:1,k=2670
FR,context=Main:1,p
FR,context=Main:1,p
VW,context=Main:1#setP:1,k=2672
FR,context=Main:1,p
FR,context=Main:1,p
VW,context=Main:1#setP:1,k=2674
FR,context=Main:1,p
FR,context=Main:1,p
VW,context=Main:1#setP:1,k=2676
FR,context=Main:1,p
FR,context=Main:1,p
VW,context=Main:1#setP:1,k=2678
FR,context=Main:1,p
FR,context=Main:1,p
VW,context=Main:1#setP:1,k=2680
FR,context=Main:1,p
FR,context=Main:1,p
VW,context=Main:1#setP:1,k=2682
FR,context=Main:1,p
FR,context=Main:1,p
VW,context=Main:1#setP:1,k=2684
FR,context=Main:1,p
FR,context=Main:1,p
VW,context=Main:1#setP:1,k=2686
FR,context=Main:1,p
FR,context=Main:1,p
VW,context=Main:1#setP:1,k=2688
FR,context=Main:1,p
FR,context=Main:1,p
VW,context=Main:1#setP:1,k=2690
FR,context=Main:1,p
FR,context=Main:1,p
VW,context=Main:1#setP:1,k=2692
FR,context=Main:1,p
FR,context=Main:1,p
VW,context=Main:1#setP:1,k=2694
FR,context=Main:1,p
FR,context=Main:1,p
VW,context=Main:1#setP:1,k=2696
FR,context=Main:1,p
FR,context=Main:1,p
VW,context=Main:1#setP:1,k=2698
FR,context=Main:1,p
FR,context=Main:1,p
VW,context=Main:1#setP:1,k=2700
FR,context=Main:1,p
FR,context=Main:1,p
VW,context=Main:1#setP:1,k=2702
FR,context=Main:1,p
FR,context=Main:1,p
VW,context=Main:1#setP:1,k=2704
FR,context=Main:1,p
FR,context=Main:1,p
VW,context=Main:1#setP:1,k=2706
FR,context=Main:1,p
FR,context=Main:1,p
VW,context=Main:1#setP:1,k=2708
FR,context=Main:1,p
FR,context=Main:1,p
VW,context=Main:1#setP:1,k=2710
FR,context=Main:1,p
FR,context=Main:1,p
VW,context=Main:1#setP:1,k=2712
FR,context=Main:1,p
FR,context=Main:1,p
VW,context=Main:1#setP:1,k=2714
FR,context=Main:1,p
FR,context=Main:1,p
VW,context=Main:1#setP:1,k=2716
FR,context=Main:1,p
FR,context=Main:1,p
VW,context=Main:1#setP:1,k=2718
FR,context=Main:1,p
FR,context=Main:1,p
VW,context=Main:1#setP:1,k=2720
FR,context=Main:1,p
FR,context=Main:1,p
VW,context=Main:1#setP:1,k=2722
FR,context=Main:1,p
FR,context=Main:1,p
VW,context=Main:1#setP:1,k=2724
FR,context=Main:1,p
FR,context=Main:1,p
VW,context=Main:1#setP:1,k=2726
FR,context=Main:1,p
FR,context=Main:1,p
VW,context=Main:1#setP:1,k=2728
FR,context=Main:1,p
FR,context=Main:1,p
VW,context=Main:1#setP:1,k=2730
FR,context=Main:1,p
FR,context=Main:1,p
VW,context=Main:1#setP:1,k=2732
FR,context=Main:1,p
FR,context=Main:1,p
VW,context=Main:1#setP:1,k=2734
FR,context=Main:1,p
FR,context=Main:1,p
VW,context=Main:1#setP:1,k=2736
FR,context=Main:1,p
FR,context=Main:1,p
VW,context=Main:1#setP:1,k=2738
FR,context=Main:1,p
FR,context=Main:1,p
VW,context=Main:1#setP:1,k=2740
FR,context=Main:1,p
FR,context=Main:1,p
VW,context=Main:1#setP:1,k=2742
FR,context=Main:1,p
FR,context=Main:1,p
VW,context=Main:1#setP:1,k=2744
FR,context=Main:1,p
FR,context=Main:1,p
VW,context=Main:1#setP:1,k=2746
FR,context=Main:1,p
FR,context=Main:1,p
VW,context=Main:1#setP:1,k=2748
FR,context=Main:1,p
FR,context=Main:1,p
VW,context=Main:1#setP:1,k=2750
FR,context=Main:1,p
FR,context=Main:1,p
VW,context=Main:1#setP:1,k=2752
FR,context=Main:1,p
FR,context=Main:1,p
VW,context=Main:1#setP:1,k=2754
FR,context=Main:1,p
FR,context=Main:1,p
VW,context=Main:1#setP:1,k=2756
FR,context=Main:1,p
FR,context=Main:1,p
VW,context=Main:1#setP:1,k=2758
FR,context=Main:1,p
FR,context=Main:1,p
VW,context=Main:1#setP:1,k=2760
FR,context=Main:1,p
FR,context=Main:1,p
VW,context=Main:1#setP:1,k=2762
FR,context=Main:1,p
FR,context=Main:1,p
VW,context=Main:1#setP:1,k=2764
FR,context=Main:1,p
FR,context=Main:1,p
VW,context=Main:1#setP:1,k=2766
FR,context=Main:1,p
FR,context=Main:1,p
VW,context=Main:1#setP:1,k=2768
FR,context=Main:1,p
FR,context=Main:1,p
VW,context=Main:1#setP:1,k=2770
FR,context=Main:1,p
FR,context=Main:1,p
VW,context=Main:1#setP:1,k=2772
FR,context=Main:1,p
FR,context=Main:1,p
VW,context=Main:1#setP:1,k=2774
FR,context=Main:1,p
FR,context=Main:1,p
VW,context=Main:1#setP:1,k=2776
FR,context=Main:1,p
FR,context=Main:1,p
VW,context=Main:1#setP:1,k=2778
FR,context=Main:1,p
FR,context=Main:1,p
VW,context=Main:1#setP:1,k=2780
FR,context=Main:1,p
FR,context=Main:1,p
VW,context=Main:1#setP:1,k=2782
FR,context=Main:1,p
FR,context=Main:1,p
VW,context=Main:1#setP:1,k=2784
FR,context=Main:1,p
FR,context=Main:1,p
VW,context=Main:1#setP:1,k=2786
FR,context=Main:1,p
FR,context=Main:1,p
VW,context=Main:1#setP:1,k=2788
FR,context=Main:1,p
FR,context=Main:1,p
VW,context=Main:1#setP:1,k=2790
FR,context=Main:1,p
FR,context=Main:1,p
VW,context=Main:1#setP:1,k=2792
FR,context=Main:1,p
FR,context=Main:1,p
VW,context=Main:1#setP:1,k=2794
FR,context=Main:1,p
FR,context=Main:1,p
VW,context=Main:1#setP:1,k=2796
FR,context=Main:1,p
FR,context=Main:1,p
VW,context=Main:1#setP:1,k=2798
FR,context=Main:1,p
FR,context=Main:1,p
VW,context=Main:1#setP:1,k=2800
FR,context=Main:1,p
FR,context=Main:1,p
VW,context=Main:1#setP:1,k=2802
FR,context=Main:1,p
FR,context=Main:1,p
VW,context=Main:1#setP:1,k=2804
FR,context=Main:1,p
FR,context=Main:1,p
VW,context=Main:1#setP:1,k=2806
FR,context=Main:1,p
FR,context=Main:1,p
VW,context=Main:1#setP:1,k=2808
FR,context=Main:1,p
FR,context=Main:1,p
VW,context=Main:1#setP:1,k=2810
FR,context=Main:1,p
FR,context=Main:1,p
VW,context=Main:1#setP:1,k=2812
FR,context=Main:1,p
FR,context=Main:1,p
VW,context=Main:1#setP:1,k=2814
FR,context=Main:1,p
FR,context=Main:1,p
VW,context=Main:1#setP:1,k=2816
FR,context=Main:1,p
FR,context=Main:1,p
VW,context=Main:1#setP:1,k=2818
FR,context=Main:1,p
FR,context=Main:1,p
VW,context=Main:1#setP:1,k=2820
FR,context=Main:1,p
FR,context=Main:1,p
VW,context=Main:1#setP:1,k=2822
FR,context=Main:1,p
FR,context=Main:1,p
VW,context=Main:1#setP:1,k=2824
FR,context=Main:1,p
FR,context=Main:1,p
VW,context=Main:1#setP:1,k=2826
FR,context=Main:1,p
FR,context=Main:1,p
VW,context=Main:1#setP:1,k=2828
FR,context=Main:1,p
FR,context=Main:1,p
VW,context=Main:1#setP:1,k=2830
FR,context=Main:1,p
FR,context=Main:1,p
VW,context=Main:1#setP:1,k=2832
FR,context=Main:1,p
FR,context=Main:1,p
VW,context=Main:1#setP:1,k=2834
FR,context=Main:1,p
FR,context=Main:1,p
VW,context=Main:1#setP:1,k=2836
FR,context=Main:1,p
FR,context=Main:1,p
VW,context=Main:1#setP:1,k=2838
FR,context=Main:1,p
FR,context=Main:1,p
VW,context=Main:1#setP:1,k=2840
FR,context=Main:1,p
FR,context=Main:1,p
VW,context=Main:1#setP:1,k=2842
FR,context=Main:1,p
FR,context=Main:1,p
VW,context=Main:1#setP:1,k=2844
FR,context=Main:1,p
FR,context=Main:1,p
VW,context=Main:1#setP:1,k=2846
FR,context=Main:1,p
FR,context=Main:1,p
VW,context=Main:1#setP:1,k=2848
FR,context=Main:1,p
FR,context=Main:1,p
VW,context=Main:1#setP:1,k=2850
FR,context=Main:1,p
FR,context=Main:1,p
VW,context=Main:1#setP:1,k=2852
FR,context=Main:1,p
FR,context=Main:1,p
VW,context=Main:1#setP:1,k=2854
FR,context=Main:1,p
FR,context=Main:1,p
VW,context=Main:1#setP:1,k=2856
FR,context=Main:1,p
FR,context=Main:1,p
VW,context=Main:1#setP:1,k=2858
FR,context=Main:1,p
FR,context=Main:1,p
VW,context=Main:1#setP:1,k=2860
FR,context=Main:1,p
FR,context=Main:1,p
VW,context=Main:1#setP:1,k=2862
FR,context=Main:1,p
FR,context=Main:1,p
VW,context=Main:1#setP:1,k=2864
FR,context=Main:1,p
FR,context=Main:1,p
VW,context=Main:1#setP:1,k=2866
FR,context=Main:1,p
FR,context=Main:1,p
VW,context=Main:1#setP:1,k=2868
FR,context=Main:1,p
FR,context=Main:1,p
VW,context=Main:1#setP:1,k=2870
FR,context=Main:1,p
FR,context=Main:1,p
VW,context=Main:1#setP:1,k=2872
FR,context=Main:1,p
FR,context=Main:1,p
VW,context=Main:1#setP:1,k=2874
FR,context=Main:1,p
FR,context=Main:1,p
VW,context=Main:1#setP:1,k=2876
FR,context=Main:1,p
FR,context=Main:1,p
VW,context=Main:1#setP:1,k=2878
FR,context=Main:1,p
FR,context=Main:1,p
VW,context=Main:1#setP:1,k=2880
FR,context=Main:1,p
FR,context=Main:1,p
VW,context=Main:1#setP:1,k=2882
FR,context=Main:1,p
FR,context=Main:1,p
VW,context=Main:1#setP:1,k=2884
FR,context=Main:1,p
FR,context=Main:1,p
VW,context=Main:1#setP:1,k=2886
FR,context=Main:1,p
FR,context=Main:1,p
VW,context=Main:1#setP:1,k=2888
FR,context=Main:1,p
FR,context=Main:1,p
VW,context=Main:1#setP:1,k=2890
FR,context=Main:1,p
FR,context=Main:1,p
VW,context=Main:1#setP:1,k=2892
FR,context=Main:1,p
FR,context=Main:1,p
VW,context=Main:1#setP:1,k=2894
FR,context=Main:1,p
FR,context=Main:1,p
VW,context=Main:1#setP:1,k=2896
FR,context=Main:1,p
FR,context=Main:1,p
VW,context=Main:1#setP:1,k=2898
FR,context=Main:1,p
FR,context=Main:1,p
VW,context=Main:1#setP:1,k=2900
FR,context=Main:1,p
FR,context=Main:1,p
VW,context=Main:1#setP:1,k=2902
FR,context=Main:1,p
FR,context=Main:1,p
VW,context=Main:1#setP:1,k=2904
FR,context=Main:1,p
FR,context=Main:1,p
VW,context=Main:1#setP:1,k=2906
FR,context=Main:1,p
FR,context=Main:1,p
VW,context=Main:1#setP:1,k=2908
FR,context=Main:1,p
FR,context=Main:1,p
VW,context=Main:1#setP:1,k=2910
FR,context=Main:1,p
FR,context=Main:1,p
VW,context=Main:1#setP:1,k=2912
FR,context=Main:1,p
FR,context=Main:1,p
VW,context=Main:1#setP:1,k=2914
FR,context=Main:1,p
FR,context=Main:1,p
VW,context=Main:1#setP:1,k=2916
FR,context=Main:1,p
FR,context=Main:1,p
VW,context=Main:1#setP:1,k=2918
FR,context=Main:1,p
FR,context=Main:1,p
VW,context=Main:1#setP:1,k=2920
FR,context=Main:1,p
FR,context=Main:1,p
VW,context=Main:1#setP:1,k=2922
FR,context=Main:1,p
FR,context=Main:1,p
VW,context=Main:1#setP:1,k=2924
FR,context=Main:1,p
FR,context=Main:1,p
VW,context=Main:1#setP:1,k=2926
FR,context=Main:1,p
FR,context=Main:1,p
VW,context=Main:1#setP:1,k=2928
FR,context=Main:1,p
FR,context=Main:1,p
VW,context=Main:1#setP:1,k=2930
FR,context=Main:1,p
FR,context=Main:1,p
VW,context=Main:1#setP:1,k=2932
FR,context=Main:1,p
FR,context=Main:1,p
VW,context=Main:1#setP:1,k=2934
FR,context=Main:1,p
FR,context=Main:1,p
VW,context=Main:1#setP:1,k=2936
FR,context=Main:1,p
FR,context=Main:1,p
VW,context=Main:1#setP:1,k=2938
FR,context=Main:1,p
FR,context=Main:1,p
VW,context=Main:1#setP:1,k=2940
FR,context=Main:1,p
FR,context=Main:1,p
VW,context=Main:1#setP:1,k=2942
FR,context=Main:1,p
FR,context=Main:1,p
VW,context=Main:1#setP:1,k=2944
FR,context=Main:1,p
FR,context=Main:1,p
VW,context=Main:1#setP:1,k=2946
FR,context=Main:1,p
FR,context=Main:1,p
VW,context=Main:1#setP:1,k=2948
FR,context=Main:1,p
FR,context=Main:1,p
VW,context=Main:1#setP:1,k=2950
FR,context=Main:1,p
FR,context=Main:1,p
VW,context=Main:1#setP:1,k=2952
FR,context=Main:1,p
FR,context=Main:1,p
VW,context=Main:1#setP:1,k=2954
FR,context=Main:1,p
FR,context=Main:1,p
VW,context=Main:1#setP:1,k=2956
FR,context=Main:1,p
FR,context=Main:1,p
VW,context=Main:1#setP:1,k=2958
FR,context=Main:1,p
FR,context=Main:1,p
VW,context=Main:1#setP:1,k=2960
FR,context=Main:1,p
FR,context=Main:1,p
VW,context=Main:1#setP:1,k=2962
FR,context=Main:1,p
FR,context=Main:1,p
VW,context=Main:1#setP:1,k=2964
FR,context=Main:1,p
FR,context=Main:1,p
VW,context=Main:1#setP:1,k=2966
FR,context=Main:1,p
FR,context=Main:1,p
VW,context=Main:1#setP:1,k=2968
FR,context=Main:1,p
FR,context=Main:1,p
VW,context=Main:1#setP:1,k=2970
FR,context=Main:1,p
FR,context=Main:1,p
VW,context=Main:1#setP:1,k=2972
FR,context=Main:1,p
FR,context=Main:1,p
VW,context=Main:1#setP:1,k=2974
FR,context=Main:1,p
FR,context=Main:1,p
VW,context=Main:1#setP:1,k=2976
FR,context=Main:1,p
FR,context=Main:1,p
VW,context=Main:1#setP:1,k=2978
FR,context=Main:1,p
FR,context=Main:1,p
VW,context=Main:1#setP:1,k=2980
FR,context=Main:1,p
FR,context=Main:1,p
VW,context=Main:1#setP:1,k=2982
FR,context=Main:1,p
FR,context=Main:1,p
VW,context=Main:1#setP:1,k=2984
FR,context=Main:1,p
FR,context=Main:1,p
VW,context=Main:1#setP:1,k=2986
FR,context=Main:1,p
FR,context=Main:1,p
VW,context=Main:1#setP:1,k=2988
FR,context=Main:1,p
FR,context=Main:1,p
VW,context=Main:1#setP:1,k=2990
FR,context=Main:1,p
FR,context=Main:1,p
VW,context=Main:1#setP:1,k=2992
FR,context=Main:1,p
FR,context=Main:1,p
VW,context=Main:1#setP:1,k=2994
FR,context=Main:1,p
FR,context=Main:1,p
VW,context=Main:1#setP:1,k=2996
FR,context=Main:1,p
FR,context=Main:1,p
VW,context=Main:1#setP:1,k=2998
FR,context=Main:1,p
FR,context=Main:1,p
VW,context=Main:1#setP:1,k=3000
FR,context=Main:1,p
FR,context=Main:1,p
VW,context=Main:1#setP:1,k=3002
FR,context=Main:1,p
FR,context=Main:1,p
VW,context=Main:1#setP:1,k=3004
FR,context=Main:1,p
FR,context=Main:1,p
VW,context=Main:1#setP:1,k=3006
FR,context=Main:1,p
FR,context=Main:1,p
VW,context=Main:1#setP:1,k=3008
FR,context=Main:1,p
FR,context=Main:1,p
VW,context=Main:1#setP:1,k=3010
FR,context=Main:1,p
FR,context=Main:1,p
VW,context=Main:1#setP:1,k=3012
FR,context=Main:1,p
FR,context=Main:1,p
VW,context=Main:1#setP:1,k=3014
FR,context=Main:1,p
FR,context=Main:1,p
VW,context=Main:1#setP:1,k=3016
FR,context=Main:1,p
FR,context=Main:1,p
VW,context=Main:1#setP:1,k=3018
FR,context=Main:1,p
FR,context=Main:1,p
VW,context=Main:1#setP:1,k=3020
FR,context=Main:1,p
FR,context=Main:1,p
VW,context=Main:1#setP:1,k=3022
FR,context=Main:1,p
FR,context=Main:1,p
VW,context=Main:1#setP:1,k=3024
FR,context=Main:1,p
FR,context=Main:1,p
VW,context=Main:1#setP:1,k=3026
FR,context=Main:1,p
FR,context=Main:1,p
VW,context=Main:1#setP:1,k=3028
FR,context=Main:1,p
FR,context=Main:1,p
VW,context=Main:1#setP:1,k=3030
FR,context=Main:1,p
FR,context=Main:1,p
VW,context=Main:1#setP:1,k=3032
FR,context=Main:1,p
FR,context=Main:1,p
VW,context=Main:1#setP:1,k=3034
FR,context=Main:1,p
FR,context=Main:1,p
VW,context=Main:1#setP:1,k=3036
FR,context=Main:1,p
FR,context=Main:1,p
VW,context=Main:1#setP:1,k=3038
FR,context=Main:1,p
FR,context=Main:1,p
VW,context=Main:1#setP:1,k=3040
FR,context=Main:1,p
FR,context=Main:1,p
VW,context=Main:1#setP:1,k=3042
FR,context=Main:1,p
FR,context=Main:1,p
VW,context=Main:1#setP:1,k=3044
FR,context=Main:1,p
FR,context=Main:1,p
VW,context=Main:1#setP:1,k=3046
FR,context=Main:1,p
FR,context=Main:1,p
VW,context=Main:1#setP:1,k=3048
FR,context=Main:1,p
FR,context=Main:1,p
VW,context=Main:1#setP:1,k=3050
FR,context=Main:1,p
FR,context=Main:1,p
VW,context=Main:1#setP:1,k=3052
FR,context=Main:1,p
FR,context=Main:1,p
VW,context=Main:1#setP:1,k=3054
FR,context=Main:1,p
FR,context=Main:1,p
VW,context=Main:1#setP:1,k=3056
FR,context=Main:1,p
FR,context=Main:1,p
VW,context=Main:1#setP:1,k=3058
FR,context=Main:1,p
FR,context=Main:1,p
VW,context=Main:1#setP:1,k=3060
FR,context=Main:1,p
FR,context=Main:1,p
VW,context=Main:1#setP:1,k=3062
FR,context=Main:1,p
FR,context=Main:1,p
VW,context=Main:1#setP:1,k=3064
FR,context=Main:1,p
FR,context=Main:1,p
VW,context=Main:1#setP:1,k=3066
FR,context=Main:1,p
FR,context=Main:1,p
VW,context=Main:1#setP:1,k=3068
FR,context=Main:1,p
FR,context=Main:1,p
VW,context=Main:1#setP:1,k=3070
FR,context=Main:1,p
FR,context=Main:1,p
VW,context=Main:1#setP:1,k=3072
FR,context=Main:1,p
FR,context=Main:1,p
VW,context=Main:1#setP:1,k=3074
FR,context=Main:1,p
FR,context=Main:1,p
VW,context=Main:1#setP:1,k=3076
FR,context=Main:1,p
FR,context=Main:1,p
VW,context=Main:1#setP:1,k=3078
FR,context=Main:1,p
FR,context=Main:1,p
VW,context=Main:1#setP:1,k=3080
FR,context=Main:1,p
FR,context=Main:1,p
VW,context=Main:1#setP:1,k=3082
FR,context=Main:1,p
FR,context=Main:1,p
VW,context=Main:1#setP:1,k=3084
FR,context=Main:1,p
FR,context=Main:1,p
VW,context=Main:1#setP:1,k=3086
FR,context=Main:1,p
FR,context=Main:1,p
VW,context=Main:1#setP:1,k=3088
FR,context=Main:1,p
FR,context=Main:1,p
VW,context=Main:1#setP:1,k=3090
FR,context=Main:1,p
FR,context=Main:1,p
VW,context=Main:1#setP:1,k=3092
FR,context=Main:1,p
FR,context=Main:1,p
VW,context=Main:1#setP:1,k=3094
FR,context=Main:1,p
FR,context=Main:1,p
VW,context=Main:1#setP:1,k=3096
FR,context=Main:1,p
FR,context=Main:1,p
VW,context=Main:1#setP:1,k=3098
FR,context=Main:1,p
FR,context=Main:1,p
VW,context=Main:1#setP:1,k=3100
FR,context=Main:1,p
FR,context=Main:1,p
VW,context=Main:1#setP:1,k=3102
FR,context=Main:1,p
FR,context=Main:1,p
VW,context=Main:1#setP:1,k=3104
FR,context=Main:1,p
FR,context=Main:1,p
VW,context=Main:1#setP:1,k=3106
FR,context=Main:1,p
FR,context=Main:1,p
VW,context=Main:1#setP:1,k=3108
FR,context=Main:1,p
FR,context=Main:1,p
VW,context=Main:1#setP:1,k=3110
FR,context=Main:1,p
FR,context=Main:1,p
VW,context=Main:1#setP:1,k=3112
FR,context=Main:1,p
FR,context=Main:1,p
VW,context=Main:1#setP:1,k=3114
FR,context=Main:1,p
FR,context=Main:1,p
VW,context=Main:1#setP:1,k=3116
FR,context=Main:1,p
FR,context=Main:1,p
VW,context=Main:1#setP:1,k=3118
FR,context=Main:1,p
FR,context=Main:1,p
VW,context=Main:1#setP:1,k=3120
FR,context=Main:1,p
FR,context=Main:1,p
VW,context=Main:1#setP:1,k=3122
FR,context=Main:1,p
FR,context=Main:1,p
VW,context=Main:1#setP:1,k=3124
FR,context=Main:1,p
FR,context=Main:1,p
VW,context=Main:1#setP:1,k=3126
FR,context=Main:1,p
FR,context=Main:1,p
VW,context=Main:1#setP:1,k=3128
FR,context=Main:1,p
FR,context=Main:1,p
VW,context=Main:1#setP:1,k=3130
FR,context=Main:1,p
FR,context=Main:1,p
VW,context=Main:1#setP:1,k=3132
FR,context=Main:1,p
FR,context=Main:1,p
VW,context=Main:1#setP:1,k=3134
FR,context=Main:1,p
FR,context=Main:1,p
VW,context=Main:1#setP:1,k=3136
FR,context=Main:1,p
FR,context=Main:1,p
VW,context=Main:1#setP:1,k=3138
FR,context=Main:1,p
FR,context=Main:1,p
VW,context=Main:1#setP:1,k=3140
FR,context=Main:1,p
FR,context=Main:1,p
VW,context=Main:1#setP:1,k=3142
FR,context=Main:1,p
FR,context=Main:1,p
VW,context=Main:1#setP:1,k=3144
FR,context=Main:1,p
FR,context=Main:1,p
VW,context=Main:1#setP:1,k=3146
FR,context=Main:1,p
FR,context=Main:1,p
VW,context=Main:1#setP:1,k=3148
FR,context=Main:1,p
FR,context=Main:1,p
VW,context=Main:1#setP:1,k=3150
FR,context=Main:1,p
FR,context=Main:1,p
VW,context=Main:1#setP:1,k=3152
FR,context=Main:1,p
FR,context=Main:1,p
VW,context=Main:1#setP:1,k=3154
FR,context=Main:1,p
FR,context=Main:1,p
VW,context=Main:1#setP:1,k=3156
FR,context=Main:1,p
FR,context=Main:1,p
VW,context=Main:1#setP:1,k=3158
FR,context=Main:1,p
FR,context=Main:1,p
VW,context=Main:1#setP:1,k=3160
FR,context=Main:1,p
FR,context=Main:1,p
VW,context=Main:1#setP:1,k=3162
FR,context=Main:1,p
FR,context=Main:1,p
VW,context=Main:1#setP:1,k=3164
FR,context=Main:1,p
FR,context=Main:1,p
VW,context=Main:1#setP:1,k=3166
FR,context=Main:1,p
FR,context=Main:1,p
VW,context=Main:1#setP:1,k=3168
FR,context=Main:1,p
FR,context=Main:1,p
VW,context=Main:1#setP:1,k=3170
FR,context=Main:1,p
FR,context=Main:1,p
VW,context=Main:1#setP:1,k=3172
FR,context=Main:1,p
FR,context=Main:1,p
VW,context=Main:1#setP:1,k=3174
FR,context=Main:1,p
FR,context=Main:1,p
VW,context=Main:1#setP:1,k=3176
FR,context=Main:1,p
FR,context=Main:1,p
VW,context=Main:1#setP:1,k=3178
FR,context=Main:1,p
FR,context=Main:1,p
VW,context=Main:1#setP:1,k=3180
FR,context=Main:1,p
FR,context=Main:1,p
VW,context=Main:1#setP:1,k=3182
FR,context=Main:1,p
FR,context=Main:1,p
VW,context=Main:1#setP:1,k=3184
FR,context=Main:1,p
FR,context=Main:1,p
VW,context=Main:1#setP:1,k=3186
FR,context=Main:1,p
FR,context=Main:1,p
VW,context=Main:1#setP:1,k=3188
FR,context=Main:1,p
FR,context=Main:1,p
VW,context=Main:1#setP:1,k=3190
FR,context=Main:1,p
FR,context=Main:1,p
VW,context=Main:1#setP:1,k=3192
FR,context=Main:1,p
FR,context=Main:1,p
VW,context=Main:1#setP:1,k=3194
FR,context=Main:1,p
FR,context=Main:1,p
VW,context=Main:1#setP:1,k=3196
FR,context=Main:1,p
FR,context=Main:1,p
VW,context=Main:1#setP:1,k=3198
FR,context=Main:1,p
FR,context=Main:1,p
VW,context=Main:1#setP:1,k=3200
FR,context=Main:1,p
FR,context=Main:1,p
VW,context=Main:1#setP:1,k=3202
FR,context=Main:1,p
FR,context=Main:1,p
VW,context=Main:1#setP:1,k=3204
FR,context=Main:1,p
FR,context=Main:1,p
VW,context=Main:1#setP:1,k=3206
FR,context=Main:1,p
FR,context=Main:1,p
VW,context=Main:1#setP:1,k=3208
FR,context=Main:1,p
FR,context=Main:1,p
VW,context=Main:1#setP:1,k=3210
FR,context=Main:1,p
FR,context=Main:1,p
VW,context=Main:1#setP:1,k=3212
FR,context=Main:1,p
FR,context=Main:1,p
VW,context=Main:1#setP:1,k=3214
FR,context=Main:1,p
FR,context=Main:1,p
VW,context=Main:1#setP:1,k=3216
FR,context=Main:1,p
FR,context=Main:1,p
VW,context=Main:1#setP:1,k=3218
FR,context=Main:1,p
FR,context=Main:1,p
VW,context=Main:1#setP:1,k=3220
FR,context=Main:1,p
FR,context=Main:1,p
VW,context=Main:1#setP:1,k=3222
FR,context=Main:1,p
FR,context=Main:1,p
VW,context=Main:1#setP:1,k=3224
FR,context=Main:1,p
FR,context=Main:1,p
VW,context=Main:1#setP:1,k=3226
FR,context=Main:1,p
FR,context=Main:1,p
VW,context=Main:1#setP:1,k=3228
FR,context=Main:1,p
FR,context=Main:1,p
VW,context=Main:1#setP:1,k=3230
FR,context=Main:1,p
FR,context=Main:1,p
VW,context=Main:1#setP:1,k=3232
FR,context=Main:1,p
FR,context=Main:1,p
VW,context=Main:1#setP:1,k=3234
FR,context=Main:1,p
FR,context=Main:1,p
VW,context=Main:1#setP:1,k=3236
FR,context=Main:1,p
FR,context=Main:1,p
VW,context=Main:1#setP:1,k=3238
FR,context=Main:1,p
FR,context=Main:1,p
VW,context=Main:1#setP:1,k=3240
FR,context=Main:1,p
FR,context=Main:1,p
VW,context=Main:1#setP:1,k=3242
FR,context=Main:1,p
FR,context=Main:1,p
VW,context=Main:1#setP:1,k=3244
FR,context=Main:1,p
FR,context=Main:1,p
VW,context=Main:1#setP:1,k=3246
FR,context=Main:1,p
FR,context=Main:1,p
VW,context=Main:1#setP:1,k=3248
FR,context=Main:1,p
FR,context=Main:1,p
VW,context=Main:1#setP:1,k=3250
FR,context=Main:1,p
FR,context=Main:1,p
VW,context=Main:1#setP:1,k=3252
FR,context=Main:1,p
FR,context=Main:1,p
VW,context=Main:1#setP:1,k=3254
FR,context=Main:1,p
FR,context=Main:1,p
VW,context=Main:1#setP:1,k=3256
FR,context=Main:1,p
FR,context=Main:1,p
VW,context=Main:1#setP:1,k=3258
FR,context=Main:1,p
FR,context=Main:1,p
VW,context=Main:1#setP:1,k=3260
FR,context=Main:1,p
FR,context=Main:1,p
VW,context=Main:1#setP:1,k=3262
FR,context=Main:1,p
FR,context=Main:1,p
VW,context=Main:1#setP:1,k=3264
FR,context=Main:1,p
FR,context=Main:1,p
VW,context=Main:1#setP:1,k=3266
FR,context=Main:1,p
FR,context=Main:1,p
VW,context=Main:1#setP:1,k=3268
FR,context=Main:1,p
FR,context=Main:1,p
VW,context=Main:1#setP:1,k=3270
FR,context=Main:1,p
FR,context=Main:1,p
VW,context=Main:1#setP:1,k=3272
FR,context=Main:1,p
FR,context=Main:1,p
VW,context=Main:1#setP:1,k=3274
FR,context=Main:1,p
FR,context=Main:1,p
VW,context=Main:1#setP:1,k=3276
FR,context=Main:1,p
FR,context=Main:1,p
VW,context=Main:1#setP:1,k=3278
FR,context=Main:1,p
FR,context=Main:1,p
VW,context=Main:1#setP:1,k=3280
FR,context=Main:1,p
FR,context=Main:1,p
VW,context=Main:1#setP:1,k=3282
FR,context=Main:1,p
FR,context=Main:1,p
VW,context=Main:1#setP:1,k=3284
FR,context=Main:1,p
FR,context=Main:1,p
VW,context=Main:1#setP:1,k=3286
FR,context=Main:1,p
FR,context=Main:1,p
VW,context=Main:1#setP:1,k=3288
FR,context=Main:1,p
FR,context=Main:1,p
VW,context=Main:1#setP:1,k=3290
FR,context=Main:1,p
FR,context=Main:1,p
VW,context=Main:1#setP:1,k=3292
FR,context=Main:1,p
FR,context=Main:1,p
VW,context=Main:1#setP:1,k=3294
FR,context=Main:1,p
FR,context=Main:1,p
VW,context=Main:1#setP:1,k=3296
FR,context=Main:1,p
FR,context=Main:1,p
VW,context=Main:1#setP:1,k=3298
FR,context=Main:1,p
FR,context=Main:1,p
VW,context=Main:1#setP:1,k=3300
FR,context=Main:1,p
FR,context=Main:1,p
VW,context=Main:1#setP:1,k=3302
FR,context=Main:1,p
FR,context=Main:1,p
VW,context=Main:1#setP:1,k=3304
FR,context=Main:1,p
FR,context=Main:1,p
VW,context=Main:1#setP:1,k=3306
FR,context=Main:1,p
FR,context=Main:1,p
VW,context=Main:1#setP:1,k=3308
FR,context=Main:1,p
FR,context=Main:1,p
VW,context=Main:1#setP:1,k=3310
FR,context=Main:1,p
FR,context=Main:1,p
VW,context=Main:1#setP:1,k=3312
FR,context=Main:1,p
FR,context=Main:1,p
VW,context=Main:1#setP:1,k=3314
FR,context=Main:1,p
FR,context=Main:1,p
VW,context=Main:1#setP:1,k=3316
FR,context=Main:1,p
FR,context=Main:1,p
VW,context=Main:1#setP:1,k=3318
FR,context=Main:1,p
FR,context=Main:1,p
VW,context=Main:1#setP:1,k=3320
FR,context=Main:1,p
FR,context=Main:1,p
VW,context=Main:1#setP:1,k=3322
FR,context=Main:1,p
FR,context=Main:1,p
VW,context=Main:1#setP:1,k=3324
FR,context=Main:1,p
FR,context=Main:1,p
VW,context=Main:1#setP:1,k=3326
FR,context=Main:1,p
FR,context=Main:1,p
VW,context=Main:1#setP:1,k=3328
FR,context=Main:1,p
FR,context=Main:1,p
VW,context=Main:1#setP:1,k=3330
FR,context=Main:1,p
FR,context=Main:1,p
VW,context=Main:1#setP:1,k=3332
FR,context=Main:1,p
FR,context=Main:1,p
VW,context=Main:1#setP:1,k=3334
FR,context=Main:1,p
FR,context=Main:1,p
VW,context=Main:1#setP:1,k=3336
FR,context=Main:1,p
FR,context=Main:1,p
VW,context=Main:1#setP:1,k=3338
FR,context=Main:1,p
FR,context=Main:1,p
VW,context=Main:1#setP:1,k=3340
FR,context=Main:1,p
FR,context=Main:1,p
VW,context=Main:1#setP:1,k=3342
FR,context=Main:1,p
FR,context=Main:1,p
VW,context=Main:1#setP:1,k=3344
FR,context=Main:1,p
FR,context=Main:1,p
VW,context=Main:1#setP:1,k=3346
FR,context=Main:1,p
FR,context=Main:1,p
VW,context=Main:1#setP:1,k=3348
FR,context=Main:1,p
FR,context=Main:1,p
VW,context=Main:1#setP:1,k=3350
FR,context=Main:1,p
FR,context=Main:1,p
VW,context=Main:1#setP:1,k=3352
FR,context=Main:1,p
FR,context=Main:1,p
VW,context=Main:1#setP:1,k=3354
FR,context=Main:1,p
FR,context=Main:1,p
VW,context=Main:1#setP:1,k=3356
FR,context=Main:1,p
FR,context=Main:1,p
VW,context=Main:1#setP:1,k=3358
FR,context=Main:1,p
FR,context=Main:1,p
VW,context=Main:1#setP:1,k=3360
FR,context=Main:1,p
FR,context=Main:1,p
VW,context=Main:1#setP:1,k=3362
FR,context=Main:1,p
FR,context=Main:1,p
VW,context=Main:1#setP:1,k=3364
FR,context=Main:1,p
FR,context=Main:1,p
VW,context=Main:1#setP:1,k=3366
FR,context=Main:1,p
FR,context=Main:1,p
VW,context=Main:1#setP:1,k=3368
FR,context=Main:1,p
FR,context=Main:1,p
VW,context=Main:1#setP:1,k=3370
FR,context=Main:1,p
FR,context=Main:1,p
VW,context=Main:1#setP:1,k=3372
FR,context=Main:1,p
FR,context=Main:1,p
VW,context=Main:1#setP:1,k=3374
FR,context=Main:1,p
FR,context=Main:1,p
VW,context=Main:1#setP:1,k=3376
FR,context=Main:1,p
FR,context=Main:1,p
VW,context=Main:1#setP:1,k=3378
FR,context=Main:1,p
FR,context=Main:1,p
VW,context=Main:1#setP:1,k=3380
FR,context=Main:1,p
FR,context=Main:1,p
VW,context=Main:1#setP:1,k=3382
FR,context=Main:1,p
FR,context=Main:1,p
VW,context=Main:1#setP:1,k=3384
FR,context=Main:1,p
FR,context=Main:1,p
VW,context=Main:1#setP:1,k=3386
FR,context=Main:1,p
FR,context=Main:1,p
VW,context=Main:1#setP:1,k=3388
FR,context=Main:1,p
FR,context=Main:1,p
VW,context=Main:1#setP:1,k=3390
FR,context=Main:1,p
FR,context=Main:1,p
VW,context=Main:1#setP:1,k=3392
FR,context=Main:1,p
FR,context=Main:1,p
VW,context=Main:1#setP:1,k=3394
FR,context=Main:1,p
FR,context=Main:1,p
VW,context=Main:1#setP:1,k=3396
FR,context=Main:1,p
FR,context=Main:1,p
VW,context=Main:1#setP:1,k=3398
FR,context=Main:1,p
FR,context=Main:1,p
VW,context=Main:1#setP:1,k=3400
FR,context=Main:1,p
FR,context=Main:1,p
VW,context=Main:1#setP:1,k=3402
FR,context=Main:1,p
FR,context=Main:1,p
VW,context=Main:1#setP:1,k=3404
FR,context=Main:1,p
FR,context=Main:1,p
VW,context=Main:1#setP:1,k=3406
FR,context=Main:1,p
FR,context=Main:1,p
VW,context=Main:1#setP:1,k=3408
FR,context=Main:1,p
FR,context=Main:1,p
VW,context=Main:1#setP:1,k=3410
FR,context=Main:1,p
FR,context=Main:1,p
VW,context=Main:1#setP:1,k=3412
FR,context=Main:1,p
FR,context=Main:1,p
VW,context=Main:1#setP:1,k=3414
FR,context=Main:1,p
FR,context=Main:1,p
VW,context=Main:1#setP:1,k=3416
FR,context=Main:1,p
FR,context=Main:1,p
VW,context=Main:1#setP:1,k=3418
FR,context=Main:1,p
FR,context=Main:1,p
VW,context=Main:1#setP:1,k=3420
FR,context=Main:1,p
FR,context=Main:1,p
VW,context=Main:1#setP:1,k=3422
FR,context=Main:1,p
FR,context=Main:1,p
VW,context=Main:1#setP:1,k=3424
FR,context=Main:1,p
FR,context=Main:1,p
VW,context=Main:1#setP:1,k=3426
FR,context=Main:1,p
FR,context=Main:1,p
VW,context=Main:1#setP:1,k=3428
FR,context=Main:1,p
FR,context=Main:1,p
VW,context=Main:1#setP:1,k=3430
FR,context=Main:1,p
FR,context=Main:1,p
VW,context=Main:1#setP:1,k=3432
FR,context=Main:1,p
FR,context=Main:1,p
VW,context=Main:1#setP:1,k=3434
FR,context=Main:1,p
FR,context=Main:1,p
VW,context=Main:1#setP:1,k=3436
FR,context=Main:1,p
FR,context=Main:1,p
VW,context=Main:1#setP:1,k=3438
FR,context=Main:1,p
FR,context=Main:1,p
VW,context=Main:1#setP:1,k=3440
FR,context=Main:1,p
FR,context=Main:1,p
VW,context=Main:1#setP:1,k=3442
FR,context=Main:1,p
FR,context=Main:1,p
VW,context=Main:1#setP:1,k=3444
FR,context=Main:1,p
FR,context=Main:1,p
VW,context=Main:1#setP:1,k=3446
FR,context=Main:1,p
FR,context=Main:1,p
VW,context=Main:1#setP:1,k=3448
FR,context=Main:1,p
FR,context=Main:1,p
VW,context=Main:1#setP:1,k=3450
FR,context=Main:1,p
FR,context=Main:1,p
VW,context=Main:1#setP:1,k=3452
FR,context=Main:1,p
FR,context=Main:1,p
VW,context=Main:1#setP:1,k=3454
FR,context=Main:1,p
FR,context=Main:1,p
VW,context=Main:1#setP:1,k=3456
FR,context=Main:1,p
FR,context=Main:1,p
VW,context=Main:1#setP:1,k=3458
FR,context=Main:1,p
FR,context=Main:1,p
VW,context=Main:1#setP:1,k=3460
FR,context=Main:1,p
FR,context=Main:1,p
VW,context=Main:1#setP:1,k=3462
FR,context=Main:1,p
FR,context=Main:1,p
VW,context=Main:1#setP:1,k=3464
FR,context=Main:1,p
FR,context=Main:1,p
VW,context=Main:1#setP:1,k=3466
FR,context=Main:1,p
FR,context=Main:1,p
VW,context=Main:1#setP:1,k=3468
FR,context=Main:1,p
FR,context=Main:1,p
VW,context=Main:1#setP:1,k=3470
FR,context=Main:1,p
FR,context=Main:1,p
VW,context=Main:1#setP:1,k=3472
FR,context=Main:1,p
FR,context=Main:1,p
VW,context=Main:1#setP:1,k=3474
FR,context=Main:1,p
FR,context=Main:1,p
VW,context=Main:1#setP:1,k=3476
FR,context=Main:1,p
FR,context=Main:1,p
VW,context=Main:1#setP:1,k=3478
FR,context=Main:1,p
FR,context=Main:1,p
VW,context=Main:1#setP:1,k=3480
FR,context=Main:1,p
FR,context=Main:1,p
VW,context=Main:1#setP:1,k=3482
FR,context=Main:1,p
FR,context=Main:1,p
VW,context=Main:1#setP:1,k=3484
FR,context=Main:1,p
FR,context=Main:1,p
VW,context=Main:1#setP:1,k=3486
FR,context=Main:1,p
FR,context=Main:1,p
VW,context=Main:1#setP:1,k=3488
FR,context=Main:1,p
FR,context=Main:1,p
VW,context=Main:1#setP:1,k=3490
FR,context=Main:1,p
FR,context=Main:1,p
VW,context=Main:1#setP:1,k=3492
FR,context=Main:1,p
FR,context=Main:1,p
VW,context=Main:1#setP:1,k=3494
FR,context=Main:1,p
FR,context=Main:1,p
VW,context=Main:1#setP:1,k=3496
FR,context=Main:1,p
FR,context=Main:1,p
VW,context=Main:1#setP:1,k=3498
FR,context=Main:1,p
FR,context=Main:1,p
VW,context=Main:1#setP:1,k=3500
FR,context=Main:1,p
FR,context=Main:1,p
VW,context=Main:1#setP:1,k=3502
FR,context=Main:1,p
FR,context=Main:1,p
VW,context=Main:1#setP:1,k=3504
FR,context=Main:1,p
FR,context=Main:1,p
VW,context=Main:1#setP:1,k=3506
FR,context=Main:1,p
FR,context=Main:1,p
VW,context=Main:1#setP:1,k=3508
FR,context=Main:1,p
FR,context=Main:1,p
VW,context=Main:1#setP:1,k=3510
FR,context=Main:1,p
FR,context=Main:1,p
VW,context=Main:1#setP:1,k=3512
FR,context=Main:1,p
FR,context=Main:1,p
VW,context=Main:1#setP:1,k=3514
FR,context=Main:1,p
FR,context=Main:1,p
VW,context=Main:1#setP:1,k=3516
FR,context=Main:1,p
FR,context=Main:1,p
VW,context=Main:1#setP:1,k=3518
FR,context=Main:1,p
FR,context=Main:1,p
VW,context=Main:1#setP:1,k=3520
FR,context=Main:1,p
FR,context=Main:1,p
VW,context=Main:1#setP:1,k=3522
FR,context=Main:1,p
FR,context=Main:1,p
VW,context=Main:1#setP:1,k=3524
FR,context=Main:1,p
FR,context=Main:1,p
VW,context=Main:1#setP:1,k=3526
FR,context=Main:1,p
FR,context=Main:1,p
VW,context=Main:1#setP:1,k=3528
FR,context=Main:1,p
FR,context=Main:1,p
VW,context=Main:1#setP:1,k=3530
FR,context=Main:1,p
FR,context=Main:1,p
VW,context=Main:1#setP:1,k=3532
FR,context=Main:1,p
FR,context=Main:1,p
VW,context=Main:1#setP:1,k=3534
FR,context=Main:1,p
FR,context=Main:1,p
VW,context=Main:1#setP:1,k=3536
FR,context=Main:1,p
FR,context=Main:1,p
VW,context=Main:1#setP:1,k=3538
FR,context=Main:1,p
FR,context=Main:1,p
VW,context=Main:1#setP:1,k=3540
FR,context=Main:1,p
FR,context=Main:1,p
VW,context=Main:1#setP:1,k=3542
FR,context=Main:1,p
FR,context=Main:1,p
VW,context=Main:1#setP:1,k=3544
FR,context=Main:1,p
FR,context=Main:1,p
VW,context=Main:1#setP:1,k=3546
FR,context=Main:1,p
FR,context=Main:1,p
VW,context=Main:1#setP:1,k=3548
FR,context=Main:1,p
FR,context=Main:1,p
VW,context=Main:1#setP:1,k=3550
FR,context=Main:1,p
FR,context=Main:1,p
VW,context=Main:1#setP:1,k=3552
FR,context=Main:1,p
FR,context=Main:1,p
VW,context=Main:1#setP:1,k=3554
FR,context=Main:1,p
FR,context=Main:1,p
VW,context=Main:1#setP:1,k=3556
FR,context=Main:1,p
FR,context=Main:1,p
VW,context=Main:1#setP:1,k=3558
FR,context=Main:1,p
FR,context=Main:1,p
VW,context=Main:1#setP:1,k=3560
FR,context=Main:1,p
FR,context=Main:1,p
VW,context=Main:1#setP:1,k=3562
FR,context=Main:1,p
FR,context=Main:1,p
VW,context=Main:1#setP:1,k=3564
FR,context=Main:1,p
FR,context=Main:1,p
VW,context=Main:1#setP:1,k=3566
FR,context=Main:1,p
FR,context=Main:1,p
VW,context=Main:1#setP:1,k=3568
FR,context=Main:1,p
FR,context=Main:1,p
VW,context=Main:1#setP:1,k=3570
FR,context=Main:1,p
FR,context=Main:1,p
VW,context=Main:1#setP:1,k=3572
FR,context=Main:1,p
FR,context=Main:1,p
VW,context=Main:1#setP:1,k=3574
FR,context=Main:1,p
FR,context=Main:1,p
VW,context=Main:1#setP:1,k=3576
FR,context=Main:1,p
FR,context=Main:1,p
VW,context=Main:1#setP:1,k=3578
FR,context=Main:1,p
FR,context=Main:1,p
VW,context=Main:1#setP:1,k=3580
FR,context=Main:1,p
FR,context=Main:1,p
VW,context=Main:1#setP:1,k=3582
FR,context=Main:1,p
FR,context=Main:1,p
VW,context=Main:1#setP:1,k=3584
FR,context=Main:1,p
FR,context=Main:1,p
VW,context=Main:1#setP:1,k=3586
FR,context=Main:1,p
FR,context=Main:1,p
VW,context=Main:1#setP:1,k=3588
FR,context=Main:1,p
FR,context=Main:1,p
VW,context=Main:1#setP:1,k=3590
FR,context=Main:1,p
FR,context=Main:1,p
VW,context=Main:1#setP:1,k=3592
FR,context=Main:1,p
FR,context=Main:1,p
VW,context=Main:1#setP:1,k=3594
FR,context=Main:1,p
FR,context=Main:1,p
VW,context=Main:1#setP:1,k=3596
FR,context=Main:1,p
FR,context=Main:1,p
VW,context=Main:1#setP:1,k=3598
FR,context=Main:1,p
FR,context=Main:1,p
VW,context=Main:1#setP:1,k=3600
FR,context=Main:1,p
FR,context=Main:1,p
VW,context=Main:1#setP:1,k=3602
FR,context=Main:1,p
FR,context=Main:1,p
VW,context=Main:1#setP:1,k=3604
FR,context=Main:1,p
FR,context=Main:1,p
VW,context=Main:1#setP:1,k=3606
FR,context=Main:1,p
FR,context=Main:1,p
VW,context=Main:1#setP:1,k=3608
FR,context=Main:1,p
FR,context=Main:1,p
VW,context=Main:1#setP:1,k=3610
FR,context=Main:1,p
FR,context=Main:1,p
VW,context=Main:1#setP:1,k=3612
FR,context=Main:1,p
FR,context=Main:1,p
VW,context=Main:1#setP:1,k=3614
FR,context=Main:1,p
FR,context=Main:1,p
VW,context=Main:1#setP:1,k=3616
FR,context=Main:1,p
FR,context=Main:1,p
VW,context=Main:1#setP:1,k=3618
FR,context=Main:1,p
FR,context=Main:1,p
VW,context=Main:1#setP:1,k=3620
FR,context=Main:1,p
FR,context=Main:1,p
VW,context=Main:1#setP:1,k=3622
FR,context=Main:1,p
FR,context=Main:1,p
VW,context=Main:1#setP:1,k=3624
FR,context=Main:1,p
FR,context=Main:1,p
VW,context=Main:1#setP:1,k=3626
FR,context=Main:1,p
FR,context=Main:1,p
VW,context=Main:1#setP:1,k=3628
FR,context=Main:1,p
FR,context=Main:1,p
VW,context=Main:1#setP:1,k=3630
FR,context=Main:1,p
FR,context=Main:1,p
VW,context=Main:1#setP:1,k=3632
FR,context=Main:1,p
FR,context=Main:1,p
VW,context=Main:1#setP:1,k=3634
FR,context=Main:1,p
FR,context=Main:1,p
VW,context=Main:1#setP:1,k=3636
FR,context=Main:1,p
FR,context=Main:1,p
VW,context=Main:1#setP:1,k=3638
FR,context=Main:1,p
FR,context=Main:1,p
VW,context=Main:1#setP:1,k=3640
FR,context=Main:1,p
FR,context=Main:1,p
VW,context=Main:1#setP:1,k=3642
FR,context=Main:1,p
FR,context=Main:1,p
VW,context=Main:1#setP:1,k=3644
FR,context=Main:1,p
FR,context=Main:1,p
VW,context=Main:1#setP:1,k=3646
FR,context=Main:1,p
FR,context=Main:1,p
VW,context=Main:1#setP:1,k=3648
FR,context=Main:1,p
FR,context=Main:1,p
VW,context=Main:1#setP:1,k=3650
FR,context=Main:1,p
FR,context=Main:1,p
VW,context=Main:1#setP:1,k=3652
FR,context=Main:1,p
FR,context=Main:1,p
VW,context=Main:1#setP:1,k=3654
FR,context=Main:1,p
FR,context=Main:1,p
VW,context=Main:1#setP:1,k=3656
FR,context=Main:1,p
FR,context=Main:1,p
VW,context=Main:1#setP:1,k=3658
FR,context=Main:1,p
FR,context=Main:1,p
VW,context=Main:1#setP:1,k=3660
FR,context=Main:1,p
FR,context=Main:1,p
VW,context=Main:1#setP:1,k=3662
FR,context=Main:1,p
FR,context=Main:1,p
VW,context=Main:1#setP:1,k=3664
FR,context=Main:1,p
FR,context=Main:1,p
VW,context=Main:1#setP:1,k=3666
FR,context=Main:1,p
FR,context=Main:1,p
VW,context=Main:1#setP:1,k=3668
FR,context=Main:1,p
FR,context=Main:1,p
VW,context=Main:1#setP:1,k=3670
FR,context=Main:1,p
FR,context=Main:1,p
VW,context=Main:1#setP:1,k=3672
FR,context=Main:1,p
FR,context=Main:1,p
VW,context=Main:1#setP:1,k=3674
FR,context=Main:1,p
FR,context=Main:1,p
VW,context=Main:1#setP:1,k=3676
FR,context=Main:1,p
FR,context=Main:1,p
VW,context=Main:1#setP:1,k=3678
FR,context=Main:1,p
FR,context=Main:1,p
VW,context=Main:1#setP:1,k=3680
FR,context=Main:1,p
FR,context=Main:1,p
VW,context=Main:1#setP:1,k=3682
FR,context=Main:1,p
FR,context=Main:1,p
VW,context=Main:1#setP:1,k=3684
FR,context=Main:1,p
FR,context=Main:1,p
VW,context=Main:1#setP:1,k=3686
FR,context=Main:1,p
FR,context=Main:1,p
VW,context=Main:1#setP:1,k=3688
FR,context=Main:1,p
FR,context=Main:1,p
VW,context=Main:1#setP:1,k=3690
FR,context=Main:1,p
FR,context=Main:1,p
VW,context=Main:1#setP:1,k=3692
FR,context=Main:1,p
FR,context=Main:1,p
VW,context=Main:1#setP:1,k=3694
FR,context=Main:1,p
FR,context=Main:1,p
VW,context=Main:1#setP:1,k=3696
FR,context=Main:1,p
FR,context=Main:1,p
VW,context=Main:1#setP:1,k=3698
FR,context=Main:1,p
FR,context=Main:1,p
VW,context=Main:1#setP:1,k=3700
FR,context=Main:1,p
FR,context=Main:1,p
VW,context=Main:1#setP:1,k=3702
FR,context=Main:1,p
FR,context=Main:1,p
VW,context=Main:1#setP:1,k=3704
FR,context=Main:1,p
FR,context=Main:1,p
VW,context=Main:1#setP:1,k=3706
FR,context=Main:1,p
FR,context=Main:1,p
VW,context=Main:1#setP:1,k=3708
FR,context=Main:1,p
FR,context=Main:1,p
VW,context=Main:1#setP:1,k=3710
FR,context=Main:1,p
FR,context=Main:1,p
VW,context=Main:1#setP:1,k=3712
FR,context=Main:1,p
FR,context=Main:1,p
VW,context=Main:1#setP:1,k=3714
FR,context=Main:1,p
FR,context=Main:1,p
VW,context=Main:1#setP:1,k=3716
FR,context=Main:1,p
FR,context=Main:1,p
VW,context=Main:1#setP:1,k=3718
FR,context=Main:1,p
FR,context=Main:1,p
VW,context=Main:1#setP:1,k=3720
FR,context=Main:1,p
FR,context=Main:1,p
VW,context=Main:1#setP:1,k=3722
FR,context=Main:1,p
FR,context=Main:1,p
VW,context=Main:1#setP:1,k=3724
FR,context=Main:1,p
FR,context=Main:1,p
VW,context=Main:1#setP:1,k=3726
FR,context=Main:1,p
FR,context=Main:1,p
VW,context=Main:1#setP:1,k=3728
FR,context=Main:1,p
FR,context=Main:1,p
VW,context=Main:1#setP:1,k=3730
FR,context=Main:1,p
FR,context=Main:1,p
VW,context=Main:1#setP:1,k=3732
FR,context=Main:1,p
FR,context=Main:1,p
VW,context=Main:1#setP:1,k=3734
FR,context=Main:1,p
FR,context=Main:1,p
VW,context=Main:1#setP:1,k=3736
FR,context=Main:1,p
FR,context=Main:1,p
VW,context=Main:1#setP:1,k=3738
FR,context=Main:1,p
FR,context=Main:1,p
VW,context=Main:1#setP:1,k=3740
FR,context=Main:1,p
FR,context=Main:1,p
VW,context=Main:1#setP:1,k=3742
FR,context=Main:1,p
FR,context=Main:1,p
VW,context=Main:1#setP:1,k=3744
FR,context=Main:1,p
FR,context=Main:1,p
VW,context=Main:1#setP:1,k=3746
FR,context=Main:1,p
FR,context=Main:1,p
VW,context=Main:1#setP:1,k=3748
FR,context=Main:1,p
FR,context=Main:1,p
VW,context=Main:1#setP:1,k=3750
FR,context=Main:1,p
FR,context=Main:1,p
VW,context=Main:1#setP:1,k=3752
FR,context=Main:1,p
FR,context=Main:1,p
VW,context=Main:1#setP:1,k=3754
FR,context=Main:1,p
FR,context=Main:1,p
VW,context=Main:1#setP:1,k=3756
FR,context=Main:1,p
FR,context=Main:1,p
VW,context=Main:1#setP:1,k=3758
FR,context=Main:1,p
FR,context=Main:1,p
VW,context=Main:1#setP:1,k=3760
FR,context=Main:1,p
FR,context=Main:1,p
VW,context=Main:1#setP:1,k=3762
FR,context=Main:1,p
FR,context=Main:1,p
VW,context=Main:1#setP:1,k=3764
FR,context=Main:1,p
FR,context=Main:1,p
VW,context=Main:1#setP:1,k=3766
FR,context=Main:1,p
FR,context=Main:1,p
VW,context=Main:1#setP:1,k=3768
FR,context=Main:1,p
FR,context=Main:1,p
VW,context=Main:1#setP:1,k=3770
FR,context=Main:1,p
FR,context=Main:1,p
VW,context=Main:1#setP:1,k=3772
FR,context=Main:1,p
FR,context=Main:1,p
VW,context=Main:1#setP:1,k=3774
FR,context=Main:1,p
FR,context=Main:1,p
VW,context=Main:1#setP:1,k=3776
FR,context=Main:1,p
FR,context=Main:1,p
VW,context=Main:1#setP:1,k=3778
FR,context=Main:1,p
FR,context=Main:1,p
VW,context=Main:1#setP:1,k=3780
FR,context=Main:1,p
FR,context=Main:1,p
VW,context=Main:1#setP:1,k=3782
FR,context=Main:1,p
FR,context=Main:1,p
VW,context=Main:1#setP:1,k=3784
FR,context=Main:1,p
FR,context=Main:1,p
VW,context=Main:1#setP:1,k=3786
FR,context=Main:1,p
FR,context=Main:1,p
VW,context=Main:1#setP:1,k=3788
FR,context=Main:1,p
FR,context=Main:1,p
VW,context=Main:1#setP:1,k=3790
FR,context=Main:1,p
FR,context=Main:1,p
VW,context=Main:1#setP:1,k=3792
FR,context=Main:1,p
FR,context=Main:1,p
VW,context=Main:1#setP:1,k=3794
FR,context=Main:1,p
FR,context=Main:1,p
VW,context=Main:1#setP:1,k=3796
FR,context=Main:1,p
FR,context=Main:1,p
VW,context=Main:1#setP:1,k=3798
FR,context=Main:1,p
FR,context=Main:1,p
VW,context=Main:1#setP:1,k=3800
FR,context=Main:1,p
FR,context=Main:1,p
VW,context=Main:1#setP:1,k=3802
FR,context=Main:1,p
FR,context=Main:1,p
VW,context=Main:1#setP:1,k=3804
FR,context=Main:1,p
FR,context=Main:1,p
VW,context=Main:1#setP:1,k=3806
FR,context=Main:1,p
FR,context=Main:1,p
VW,context=Main:1#setP:1,k=3808
FR,context=Main:1,p
FR,context=Main:1,p
VW,context=Main:1#setP:1,k=3810
FR,context=Main:1,p
FR,context=Main:1,p
VW,context=Main:1#setP:1,k=3812
FR,context=Main:1,p
FR,context=Main:1,p
VW,context=Main:1#setP:1,k=3814
FR,context=Main:1,p
FR,context=Main:1,p
VW,context=Main:1#setP:1,k=3816
FR,context=Main:1,p
FR,context=Main:1,p
VW,context=Main:1#setP:1,k=3818
FR,context=Main:1,p
FR,context=Main:1,p
VW,context=Main:1#setP:1,k=3820
FR,context=Main:1,p
FR,context=Main:1,p
VW,context=Main:1#setP:1,k=3822
FR,context=Main:1,p
FR,context=Main:1,p
VW,context=Main:1#setP:1,k=3824
FR,context=Main:1,p
FR,context=Main:1,p
VW,context=Main:1#setP:1,k=3826
FR,context=Main:1,p
FR,context=Main:1,p
VW,context=Main:1#setP:1,k=3828
FR,context=Main:1,p
FR,context=Main:1,p
VW,context=Main:1#setP:1,k=3830
FR,context=Main:1,p
FR,context=Main:1,p
VW,context=Main:1#setP:1,k=3832
FR,context=Main:1,p
FR,context=Main:1,p
VW,context=Main:1#setP:1,k=3834
FR,context=Main:1,p
FR,context=Main:1,p
VW,context=Main:1#setP:1,k=3836
FR,context=Main:1,p
FR,context=Main:1,p
VW,context=Main:1#setP:1,k=3838
FR,context=Main:1,p
FR,context=Main:1,p
VW,context=Main:1#setP:1,k=3840
FR,context=Main:1,p
FR,context=Main:1,p
VW,context=Main:1#setP:1,k=3842
FR,context=Main:1,p
FR,context=Main:1,p
VW,context=Main:1#setP:1,k=3844
FR,context=Main:1,p
FR,context=Main:1,p
VW,context=Main:1#setP:1,k=3846
FR,context=Main:1,p
FR,context=Main:1,p
VW,context=Main:1#setP:1,k=3848
FR,context=Main:1,p
FR,context=Main:1,p
VW,context=Main:1#setP:1,k=3850
FR,context=Main:1,p
FR,context=Main:1,p
VW,context=Main:1#setP:1,k=3852
FR,context=Main:1,p
FR,context=Main:1,p
VW,context=Main:1#setP:1,k=3854
FR,context=Main:1,p
FR,context=Main:1,p
VW,context=Main:1#setP:1,k=3856
FR,context=Main:1,p
FR,context=Main:1,p
VW,context=Main:1#setP:1,k=3858
FR,context=Main:1,p
FR,context=Main:1,p
VW,context=Main:1#setP:1,k=3860
FR,context=Main:1,p
FR,context=Main:1,p
VW,context=Main:1#setP:1,k=3862
FR,context=Main:1,p
FR,context=Main:1,p
VW,context=Main:1#setP:1,k=3864
FR,context=Main:1,p
FR,context=Main:1,p
VW,context=Main:1#setP:1,k=3866
FR,context=Main:1,p
FR,context=Main:1,p
VW,context=Main:1#setP:1,k=3868
FR,context=Main:1,p
FR,context=Main:1,p
VW,context=Main:1#setP:1,k=3870
FR,context=Main:1,p
FR,context=Main:1,p
VW,context=Main:1#setP:1,k=3872
FR,context=Main:1,p
FR,context=Main:1,p
VW,context=Main:1#setP:1,k=3874
FR,context=Main:1,p
FR,context=Main:1,p
VW,context=Main:1#setP:1,k=3876
FR,context=Main:1,p
FR,context=Main:1,p
VW,context=Main:1#setP:1,k=3878
FR,context=Main:1,p
FR,context=Main:1,p
VW,context=Main:1#setP:1,k=3880
FR,context=Main:1,p
FR,context=Main:1,p
VW,context=Main:1#setP:1,k=3882
FR,context=Main:1,p
FR,context=Main:1,p
VW,context=Main:1#setP:1,k=3884
FR,context=Main:1,p
FR,context=Main:1,p
VW,context=Main:1#setP:1,k=3886
FR,context=Main:1,p
FR,context=Main:1,p
VW,context=Main:1#setP:1,k=3888
FR,context=Main:1,p
FR,context=Main:1,p
VW,context=Main:1#setP:1,k=3890
FR,context=Main:1,p
FR,context=Main:1,p
VW,context=Main:1#setP:1,k=3892
FR,context=Main:1,p
FR,context=Main:1,p
VW,context=Main:1#setP:1,k=3894
FR,context=Main:1,p
FR,context=Main:1,p
VW,context=Main:1#setP:1,k=3896
FR,context=Main:1,p
FR,context=Main:1,p
VW,context=Main:1#setP:1,k=3898
FR,context=Main:1,p
FR,context=Main:1,p
VW,context=Main:1#setP:1,k=3900
FR,context=Main:1,p
FR,context=Main:1,p
VW,context=Main:1#setP:1,k=3902
FR,context=Main:1,p
FR,context=Main:1,p
VW,context=Main:1#setP:1,k=3904
FR,context=Main:1,p
FR,context=Main:1,p
VW,context=Main:1#setP:1,k=3906
FR,context=Main:1,p
FR,context=Main:1,p
VW,context=Main:1#setP:1,k=3908
FR,context=Main:1,p
FR,context=Main:1,p
VW,context=Main:1#setP:1,k=3910
FR,context=Main:1,p
FR,context=Main:1,p
VW,context=Main:1#setP:1,k=3912
FR,context=Main:1,p
FR,context=Main:1,p
VW,context=Main:1#setP:1,k=3914
FR,context=Main:1,p
FR,context=Main:1,p
VW,context=Main:1#setP:1,k=3916
FR,context=Main:1,p
FR,context=Main:1,p
VW,context=Main:1#setP:1,k=3918
FR,context=Main:1,p
FR,context=Main:1,p
VW,context=Main:1#setP:1,k=3920
FR,context=Main:1,p
FR,context=Main:1,p
VW,context=Main:1#setP:1,k=3922
FR,context=Main:1,p
FR,context=Main:1,p
VW,context=Main:1#setP:1,k=3924
FR,context=Main:1,p
FR,context=Main:1,p
VW,context=Main:1#setP:1,k=3926
FR,context=Main:1,p
FR,context=Main:1,p
VW,context=Main:1#setP:1,k=3928
FR,context=Main:1,p
FR,context=Main:1,p
VW,context=Main:1#setP:1,k=3930
FR,context=Main:1,p
FR,context=Main:1,p
VW,context=Main:1#setP:1,k=3932
FR,context=Main:1,p
FR,context=Main:1,p
VW,context=Main:1#setP:1,k=3934
FR,context=Main:1,p
FR,context=Main:1,p
VW,context=Main:1#setP:1,k=3936
FR,context=Main:1,p
FR,context=Main:1,p
VW,context=Main:1#setP:1,k=3938
FR,context=Main:1,p
FR,context=Main:1,p
VW,context=Main:1#setP:1,k=3940
FR,context=Main:1,p
FR,context=Main:1,p
VW,context=Main:1#setP:1,k=3942
FR,context=Main:1,p
FR,context=Main:1,p
VW,context=Main:1#setP:1,k=3944
FR,context=Main:1,p
FR,context=Main:1,p
VW,context=Main:1#setP:1,k=3946
FR,context=Main:1,p
FR,context=Main:1,p
VW,context=Main:1#setP:1,k=3948
FR,context=Main:1,p
FR,context=Main:1,p
VW,context=Main:1#setP:1,k=3950
FR,context=Main:1,p
FR,context=Main:1,p
VW,context=Main:1#setP:1,k=3952
FR,context=Main:1,p
FR,context=Main:1,p
VW,context=Main:1#setP:1,k=3954
FR,context=Main:1,p
FR,context=Main:1,p
VW,context=Main:1#setP:1,k=3956
FR,context=Main:1,p
FR,context=Main:1,p
VW,context=Main:1#setP:1,k=3958
FR,context=Main:1,p
FR,context=Main:1,p
VW,context=Main:1#setP:1,k=3960
FR,context=Main:1,p
FR,context=Main:1,p
VW,context=Main:1#setP:1,k=3962
FR,context=Main:1,p
FR,context=Main:1,p
VW,context=Main:1#setP:1,k=3964
FR,context=Main:1,p
FR,context=Main:1,p
VW,context=Main:1#setP:1,k=3966
FR,context=Main:1,p
FR,context=Main:1,p
VW,context=Main:1#setP:1,k=3968
FR,context=Main:1,p
FR,context=Main:1,p
VW,context=Main:1#setP:1,k=3970
FR,context=Main:1,p
FR,context=Main:1,p
VW,context=Main:1#setP:1,k=3972
FR,context=Main:1,p
FR,context=Main:1,p
VW,context=Main:1#setP:1,k=3974
FR,context=Main:1,p
FR,context=Main:1,p
VW,context=Main:1#setP:1,k=3976
FR,context=Main:1,p
FR,context=Main:1,p
VW,context=Main:1#setP:1,k=3978
FR,context=Main:1,p
FR,context=Main:1,p
VW,context=Main:1#setP:1,k=3980
FR,context=Main:1,p
FR,context=Main:1,p
VW,context=Main:1#setP:1,k=3982
FR,context=Main:1,p
FR,context=Main:1,p
VW,context=Main:1#setP:1,k=3984
FR,context=Main:1,p
FR,context=Main:1,p
VW,context=Main:1#setP:1,k=3986
FR,context=Main:1,p
FR,context=Main:1,p
VW,context=Main:1#setP:1,k=3988
FR,context=Main:1,p
FR,context=Main:1,p
VW,context=Main:1#setP:1,k=3990
FR,context=Main:1,p
FR,context=Main:1,p
VW,context=Main:1#setP:1,k=3992
FR,context=Main:1,p
FR,context=Main:1,p
VW,context=Main:1#setP:1,k=3994
FR,context=Main:1,p
FR,context=Main:1,p
VW,context=Main:1#setP:1,k=3996
FR,context=Main:1,p
FR,context=Main:1,p
VW,context=Main:1#setP:1,k=3998
FR,context=Main:1,p
FR,context=Main:1,p
VW,context=Main:1#setP:1,k=4000
FR,context=Main:1,p
FR,context=Main:1,p
VW,context=Main:1#setP:1,k=4002
FR,context=Main:1,p
FR,context=Main:1,p
VW,context=Main:1#setP:1,k=4004
FR,context=Main:1,p
FR,context=Main:1,p
VW,context=Main:1#setP:1,k=4006
FR,context=Main:1,p
FR,context=Main:1,p
VW,context=Main:1#setP:1,k=4008
FR,context=Main:1,p
FR,context=Main:1,p
VW,context=Main:1#setP:1,k=4010
FR,context=Main:1,p
FR,context=Main:1,p
VW,context=Main:1#setP:1,k=4012
FR,context=Main:1,p
FR,context=Main:1,p
VW,context=Main:1#setP:1,k=4014
FR,context=Main:1,p
FR,context=Main:1,p
VW,context=Main:1#setP:1,k=4016
FR,context=Main:1,p
FR,context=Main:1,p
VW,context=Main:1#setP:1,k=4018
FR,context=Main:1,p
FR,context=Main:1,p
VW,context=Main:1#setP:1,k=4020
FR,context=Main:1,p
FR,context=Main:1,p
VW,context=Main:1#setP:1,k=4022
FR,context=Main:1,p
FR,context=Main:1,p
VW,context=Main:1#setP:1,k=4024
FR,context=Main:1,p
FR,context=Main:1,p
VW,context=Main:1#setP:1,k=4026
FR,context=Main:1,p
FR,context=Main:1,p
VW,context=Main:1#setP:1,k=4028
FR,context=Main:1,p
FR,context=Main:1,p
VW,context=Main:1#setP:1,k=4030
FR,context=Main:1,p
FR,context=Main:1,p
VW,context=Main:1#setP:1,k=4032
FR,context=Main:1,p
FR,context=Main:1,p
VW,context=Main:1#setP:1,k=4034
FR,context=Main:1,p
FR,context=Main:1,p
VW,context=Main:1#setP:1,k=4036
FR,context=Main:1,p
FR,context=Main:1,p
VW,context=Main:1#setP:1,k=4038
FR,context=Main:1,p
FR,context=Main:1,p
VW,context=Main:1#setP:1,k=4040
FR,context=Main:1,p
FR,context=Main:1,p
VW,context=Main:1#setP:1,k=4042
FR,context=Main:1,p
FR,context=Main:1,p
VW,context=Main:1#setP:1,k=4044
FR,context=Main:1,p
FR,context=Main:1,p
VW,context=Main:1#setP:1,k=4046
FR,context=Main:1,p
FR,context=Main:1,p
VW,context=Main:1#setP:1,k=4048
FR,context=Main:1,p
FR,context=Main:1,p
VW,context=Main:1#setP:1,k=4050
FR,context=Main:1,p
FR,context=Main:1,p
VW,context=Main:1#setP:1,k=4052
FR,context=Main:1,p
FR,context=Main:1,p
VW,context=Main:1#setP:1,k=4054
FR,context=Main:1,p
FR,context=Main:1,p
VW,context=Main:1#setP:1,k=4056
FR,context=Main:1,p
FR,context=Main:1,p
VW,context=Main:1#setP:1,k=4058
FR,context=Main:1,p
FR,context=Main:1,p
VW,context=Main:1#setP:1,k=4060
FR,context=Main:1,p
FR,context=Main:1,p
VW,context=Main:1#setP:1,k=4062
FR,context=Main:1,p
FR,context=Main:1,p
VW,context=Main:1#setP:1,k=4064
FR,context=Main:1,p
FR,context=Main:1,p
VW,context=Main:1#setP:1,k=4066
FR,context=Main:1,p
FR,context=Main:1,p
VW,context=Main:1#setP:1,k=4068
FR,context=Main:1,p
FR,context=Main:1,p
VW,context=Main:1#setP:1,k=4070
FR,context=Main:1,p
FR,context=Main:1,p
VW,context=Main:1#setP:1,k=4072
FR,context=Main:1,p
FR,context=Main:1,p
VW,context=Main:1#setP:1,k=4074
FR,context=Main:1,p
FR,context=Main:1,p
VW,context=Main:1#setP:1,k=4076
FR,context=Main:1,p
FR,context=Main:1,p
VW,context=Main:1#setP:1,k=4078
FR,context=Main:1,p
FR,context=Main:1,p
VW,context=Main:1#setP:1,k=4080
FR,context=Main:1,p
FR,context=Main:1,p
VW,context=Main:1#setP:1,k=4082
FR,context=Main:1,p
FR,context=Main:1,p
VW,context=Main:1#setP:1,k=4084
FR,context=Main:1,p
FR,context=Main:1,p
VW,context=Main:1#setP:1,k=4086
FR,context=Main:1,p
FR,context=Main:1,p
VW,context=Main:1#setP:1,k=4088
FR,context=Main:1,p
FR,context=Main:1,p
VW,context=Main:1#setP:1,k=4090
FR,context=Main:1,p
FR,context=Main:1,p
VW,context=Main:1#setP:1,k=4092
FR,context=Main:1,p
FR,context=Main:1,p
VW,context=Main:1#setP:1,k=4094
FR,context=Main:1,p
FR,context=Main:1,p
VW,context=Main:1#setP:1,k=4096
FR,context=Main:1,p
FR,context=Main:1,p
VW,context=Main:1#setP:1,k=4098
FR,context=Main:1,p
FR,context=Main:1,p
VW,context=Main:1#setP:1,k=4100
FR,context=Main:1,p
FR,context=Main:1,p
VW,context=Main:1#setP:1,k=4102
FR,context=Main:1,p
FR,context=Main:1,p
VW,context=Main:1#setP:1,k=4104
FR,context=Main:1,p
FR,context=Main:1,p
VW,context=Main:1#setP:1,k=4106
FR,context=Main:1,p
FR,context=Main:1,p
VW,context=Main:1#setP:1,k=4108
FR,context=Main:1,p
FR,context=Main:1,p
VW,context=Main:1#setP:1,k=4110
FR,context=Main:1,p
FR,context=Main:1,p
VW,context=Main:1#setP:1,k=4112
FR,context=Main:1,p
FR,context=Main:1,p
VW,context=Main:1#setP:1,k=4114
FR,context=Main:1,p
FR,context=Main:1,p
VW,context=Main:1#setP:1,k=4116
FR,context=Main:1,p
FR,context=Main:1,p
VW,context=Main:1#setP:1,k=4118
FR,context=Main:1,p
FR,context=Main:1,p
VW,context=Main:1#setP:1,k=4120
FR,context=Main:1,p
FR,context=Main:1,p
VW,context=Main:1#setP:1,k=4122
FR,context=Main:1,p
FR,context=Main:1,p
VW,context=Main:1#setP:1,k=4124
FR,context=Main:1,p
FR,context=Main:1,p
VW,context=Main:1#setP:1,k=4126
FR,context=Main:1,p
FR,context=Main:1,p
VW,context=Main:1#setP:1,k=4128
FR,context=Main:1,p
FR,context=Main:1,p
VW,context=Main:1#setP:1,k=4130
FR,context=Main:1,p
FR,context=Main:1,p
VW,context=Main:1#setP:1,k=4132
FR,context=Main:1,p
FR,context=Main:1,p
VW,context=Main:1#setP:1,k=4134
FR,context=Main:1,p
FR,context=Main:1,p
VW,context=Main:1#setP:1,k=4136
FR,context=Main:1,p
FR,context=Main:1,p
VW,context=Main:1#setP:1,k=4138
FR,context=Main:1,p
FR,context=Main:1,p
VW,context=Main:1#setP:1,k=4140
FR,context=Main:1,p
FR,context=Main:1,p
VW,context=Main:1#setP:1,k=4142
FR,context=Main:1,p
FR,context=Main:1,p
VW,context=Main:1#setP:1,k=4144
FR,context=Main:1,p
FR,context=Main:1,p
VW,context=Main:1#setP:1,k=4146
FR,context=Main:1,p
FR,context=Main:1,p
VW,context=Main:1#setP:1,k=4148
FR,context=Main:1,p
FR,context=Main:1,p
VW,context=Main:1#setP:1,k=4150
FR,context=Main:1,p
FR,context=Main:1,p
VW,context=Main:1#setP:1,k=4152
FR,context=Main:1,p
FR,context=Main:1,p
VW,context=Main:1#setP:1,k=4154
FR,context=Main:1,p
FR,context=Main:1,p
VW,context=Main:1#setP:1,k=4156
FR,context=Main:1,p
FR,context=Main:1,p
VW,context=Main:1#setP:1,k=4158
FR,context=Main:1,p
FR,context=Main:1,p
VW,context=Main:1#setP:1,k=4160
FR,context=Main:1,p
FR,context=Main:1,p
VW,context=Main:1#setP:1,k=4162
FR,context=Main:1,p
FR,context=Main:1,p
VW,context=Main:1#setP:1,k=4164
FR,context=Main:1,p
FR,context=Main:1,p
VW,context=Main:1#setP:1,k=4166
FR,context=Main:1,p
FR,context=Main:1,p
VW,context=Main:1#setP:1,k=4168
FR,context=Main:1,p
FR,context=Main:1,p
VW,context=Main:1#setP:1,k=4170
FR,context=Main:1,p
FR,context=Main:1,p
VW,context=Main:1#setP:1,k=4172
FR,context=Main:1,p
FR,context=Main:1,p
VW,context=Main:1#setP:1,k=4174
FR,context=Main:1,p
FR,context=Main:1,p
VW,context=Main:1#setP:1,k=4176
FR,context=Main:1,p
FR,context=Main:1,p
VW,context=Main:1#setP:1,k=4178
FR,context=Main:1,p
FR,context=Main:1,p
VW,context=Main:1#setP:1,k=4180
FR,context=Main:1,p
FR,context=Main:1,p
VW,context=Main:1#setP:1,k=4182
FR,context=Main:1,p
FR,context=Main:1,p
VW,context=Main:1#setP:1,k=4184
FR,context=Main:1,p
FR,context=Main:1,p
VW,context=Main:1#setP:1,k=4186
FR,context=Main:1,p
FR,context=Main:1,p
VW,context=Main:1#setP:1,k=4188
FR,context=Main:1,p
FR,context=Main:1,p
VW,context=Main:1#setP:1,k=4190
FR,context=Main:1,p
FR,context=Main:1,p
VW,context=Main:1#setP:1,k=4192
FR,context=Main:1,p
FR,context=Main:1,p
VW,context=Main:1#setP:1,k=4194
FR,context=Main:1,p
FR,context=Main:1,p
VW,context=Main:1#setP:1,k=4196
FR,context=Main:1,p
FR,context=Main:1,p
VW,context=Main:1#setP:1,k=4198
FR,context=Main:1,p
FR,context=Main:1,p
VW,context=Main:1#setP:1,k=4200
FR,context=Main:1,p
FR,context=Main:1,p
VW,context=Main:1#setP:1,k=4202
FR,context=Main:1,p
FR,context=Main:1,p
VW,context=Main:1#setP:1,k=4204
FR,context=Main:1,p
FR,context=Main:1,p
VW,context=Main:1#setP:1,k=4206
FR,context=Main:1,p
FR,context=Main:1,p
VW,context=Main:1#setP:1,k=4208
FR,context=Main:1,p
FR,context=Main:1,p
VW,context=Main:1#setP:1,k=4210
FR,context=Main:1,p
FR,context=Main:1,p
VW,context=Main:1#setP:1,k=4212
FR,context=Main:1,p
FR,context=Main:1,p
VW,context=Main:1#setP:1,k=4214
FR,context=Main:1,p
FR,context=Main:1,p
VW,context=Main:1#setP:1,k=4216
FR,context=Main:1,p
FR,context=Main:1,p
VW,context=Main:1#setP:1,k=4218
FR,context=Main:1,p
FR,context=Main:1,p
VW,context=Main:1#setP:1,k=4220
FR,context=Main:1,p
FR,context=Main:1,p
VW,context=Main:1#setP:1,k=4222
FR,context=Main:1,p
FR,context=Main:1,p
VW,context=Main:1#setP:1,k=4224
FR,context=Main:1,p
FR,context=Main:1,p
VW,context=Main:1#setP:1,k=4226
FR,context=Main:1,p
FR,context=Main:1,p
VW,context=Main:1#setP:1,k=4228
FR,context=Main:1,p
FR,context=Main:1,p
VW,context=Main:1#setP:1,k=4230
FR,context=Main:1,p
FR,context=Main:1,p
VW,context=Main:1#setP:1,k=4232
FR,context=Main:1,p
FR,context=Main:1,p
VW,context=Main:1#setP:1,k=4234
FR,context=Main:1,p
FR,context=Main:1,p
VW,context=Main:1#setP:1,k=4236
FR,context=Main:1,p
FR,context=Main:1,p
VW,context=Main:1#setP:1,k=4238
FR,context=Main:1,p
FR,context=Main:1,p
VW,context=Main:1#setP:1,k=4240
FR,context=Main:1,p
FR,context=Main:1,p
VW,context=Main:1#setP:1,k=4242
FR,context=Main:1,p
FR,context=Main:1,p
VW,context=Main:1#setP:1,k=4244
FR,context=Main:1,p
FR,context=Main:1,p
VW,context=Main:1#setP:1,k=4246
FR,context=Main:1,p
FR,context=Main:1,p
VW,context=Main:1#setP:1,k=4248
FR,context=Main:1,p
FR,context=Main:1,p
VW,context=Main:1#setP:1,k=4250
FR,context=Main:1,p
FR,context=Main:1,p
VW,context=Main:1#setP:1,k=4252
FR,context=Main:1,p
FR,context=Main:1,p
VW,context=Main:1#setP:1,k=4254
FR,context=Main:1,p
FR,context=Main:1,p
VW,context=Main:1#setP:1,k=4256
FR,context=Main:1,p
FR,context=Main:1,p
VW,context=Main:1#setP:1,k=4258
FR,context=Main:1,p
FR,context=Main:1,p
VW,context=Main:1#setP:1,k=4260
FR,context=Main:1,p
FR,context=Main:1,p
VW,context=Main:1#setP:1,k=4262
FR,context=Main:1,p
FR,context=Main:1,p
VW,context=Main:1#setP:1,k=4264
FR,context=Main:1,p
FR,context=Main:1,p
VW,context=Main:1#setP:1,k=4266
FR,context=Main:1,p
FR,context=Main:1,p
VW,context=Main:1#setP:1,k=4268
FR,context=Main:1,p
FR,context=Main:1,p
VW,context=Main:1#setP:1,k=4270
FR,context=Main:1,p
FR,context=Main:1,p
VW,context=Main:1#setP:1,k=4272
FR,context=Main:1,p
FR,context=Main:1,p
VW,context=Main:1#setP:1,k=4274
FR,context=Main:1,p
FR,context=Main:1,p
VW,context=Main:1#setP:1,k=4276
FR,context=Main:1,p
FR,context=Main:1,p
VW,context=Main:1#setP:1,k=4278
FR,context=Main:1,p
FR,context=Main:1,p
VW,context=Main:1#setP:1,k=4280
FR,context=Main:1,p
FR,context=Main:1,p
VW,context=Main:1#setP:1,k=4282
FR,context=Main:1,p
FR,context=Main:1,p
VW,context=Main:1#setP:1,k=4284
FR,context=Main:1,p
FR,context=Main:1,p
VW,context=Main:1#setP:1,k=4286
FR,context=Main:1,p
FR,context=Main:1,p
VW,context=Main:1#setP:1,k=4288
FR,context=Main:1,p
FR,context=Main:1,p
VW,context=Main:1#setP:1,k=4290
FR,context=Main:1,p
FR,context=Main:1,p
VW,context=Main:1#setP:1,k=4292
FR,context=Main:1,p
FR,context=Main:1,p
VW,context=Main:1#setP:1,k=4294
FR,context=Main:1,p
FR,context=Main:1,p
VW,context=Main:1#setP:1,k=4296
FR,context=Main:1,p
FR,context=Main:1,p
VW,context=Main:1#setP:1,k=4298
FR,context=Main:1,p
FR,context=Main:1,p
VW,context=Main:1#setP:1,k=4300
FR,context=Main:1,p
FR,context=Main:1,p
VW,context=Main:1#setP:1,k=4302
FR,context=Main:1,p
FR,context=Main:1,p
VW,context=Main:1#setP:1,k=4304
FR,context=Main:1,p
FR,context=Main:1,p
VW,context=Main:1#setP:1,k=4306
FR,context=Main:1,p
FR,context=Main:1,p
VW,context=Main:1#setP:1,k=4308
FR,context=Main:1,p
FR,context=Main:1,p
VW,context=Main:1#setP:1,k=4310
FR,context=Main:1,p
FR,context=Main:1,p
VW,context=Main:1#setP:1,k=4312
FR,context=Main:1,p
FR,context=Main:1,p
VW,context=Main:1#setP:1,k=4314
FR,context=Main:1,p
FR,context=Main:1,p
VW,context=Main:1#setP:1,k=4316
FR,context=Main:1,p
FR,context=Main:1,p
VW,context=Main:1#setP:1,k=4318
FR,context=Main:1,p
FR,context=Main:1,p
VW,context=Main:1#setP:1,k=4320
FR,context=Main:1,p
FR,context=Main:1,p
VW,context=Main:1#setP:1,k=4322
FR,context=Main:1,p
FR,context=Main:1,p
VW,context=Main:1#setP:1,k=4324
FR,context=Main:1,p
FR,context=Main:1,p
VW,context=Main:1#setP:1,k=4326
FR,context=Main:1,p
FR,context=Main:1,p
VW,context=Main:1#setP:1,k=4328
FR,context=Main:1,p
FR,context=Main:1,p
VW,context=Main:1#setP:1,k=4330
FR,context=Main:1,p
FR,context=Main:1,p
VW,context=Main:1#setP:1,k=4332
FR,context=Main:1,p
FR,context=Main:1,p
VW,context=Main:1#setP:1,k=4334
FR,context=Main:1,p
FR,context=Main:1,p
VW,context=Main:1#setP:1,k=4336
FR,context=Main:1,p
FR,context=Main:1,p
VW,context=Main:1#setP:1,k=4338
FR,context=Main:1,p
FR,context=Main:1,p
VW,context=Main:1#setP:1,k=4340
FR,context=Main:1,p
FR,context=Main:1,p
VW,context=Main:1#setP:1,k=4342
FR,context=Main:1,p
FR,context=Main:1,p
VW,context=Main:1#setP:1,k=4344
FR,context=Main:1,p
FR,context=Main:1,p
VW,context=Main:1#setP:1,k=4346
FR,context=Main:1,p
FR,context=Main:1,p
VW,context=Main:1#setP:1,k=4348
FR,context=Main:1,p
FR,context=Main:1,p
VW,context=Main:1#setP:1,k=4350
FR,context=Main:1,p
FR,context=Main:1,p
VW,context=Main:1#setP:1,k=4352
FR,context=Main:1,p
FR,context=Main:1,p
VW,context=Main:1#setP:1,k=4354
FR,context=Main:1,p
FR,context=Main:1,p
VW,context=Main:1#setP:1,k=4356
FR,context=Main:1,p
FR,context=Main:1,p
VW,context=Main:1#setP:1,k=4358
FR,context=Main:1,p
FR,context=Main:1,p
VW,context=Main:1#setP:1,k=4360
FR,context=Main:1,p
FR,context=Main:1,p
VW,context=Main:1#setP:1,k=4362
FR,context=Main:1,p
FR,context=Main:1,p
VW,context=Main:1#setP:1,k=4364
FR,context=Main:1,p
FR,context=Main:1,p
VW,context=Main:1#setP:1,k=4366
FR,context=Main:1,p
FR,context=Main:1,p
VW,context=Main:1#setP:1,k=4368
FR,context=Main:1,p
FR,context=Main:1,p
VW,context=Main:1#setP:1,k=4370
FR,context=Main:1,p
FR,context=Main:1,p
VW,context=Main:1#setP:1,k=4372
FR,context=Main:1,p
FR,context=Main:1,p
VW,context=Main:1#setP:1,k=4374
FR,context=Main:1,p
FR,context=Main:1,p
VW,context=Main:1#setP:1,k=4376
FR,context=Main:1,p
FR,context=Main:1,p
VW,context=Main:1#setP:1,k=4378
FR,context=Main:1,p
FR,context=Main:1,p
VW,context=Main:1#setP:1,k=4380
FR,context=Main:1,p
FR,context=Main:1,p
VW,context=Main:1#setP:1,k=4382
FR,context=Main:1,p
FR,context=Main:1,p
VW,context=Main:1#setP:1,k=4384
FR,context=Main:1,p
FR,context=Main:1,p
VW,context=Main:1#setP:1,k=4386
FR,context=Main:1,p
FR,context=Main:1,p
VW,context=Main:1#setP:1,k=4388
FR,context=Main:1,p
FR,context=Main:1,p
VW,context=Main:1#setP:1,k=4390
FR,context=Main:1,p
FR,context=Main:1,p
VW,context=Main:1#setP:1,k=4392
FR,context=Main:1,p
FR,context=Main:1,p
VW,context=Main:1#setP:1,k=4394
FR,context=Main:1,p
FR,context=Main:1,p
VW,context=Main:1#setP:1,k=4396
FR,context=Main:1,p
FR,context=Main:1,p
VW,context=Main:1#setP:1,k=4398
FR,context=Main:1,p
FR,context=Main:1,p
VW,context=Main:1#setP:1,k=4400
FR,context=Main:1,p
FR,context=Main:1,p
VW,context=Main:1#setP:1,k=4402
FR,context=Main:1,p
FR,context=Main:1,p
VW,context=Main:1#setP:1,k=4404
FR,context=Main:1,p
FR,context=Main:1,p
VW,context=Main:1#setP:1,k=4406
FR,context=Main:1,p
FR,context=Main:1,p
VW,context=Main:1#setP:1,k=4408
FR,context=Main:1,p
FR,context=Main:1,p
VW,context=Main:1#setP:1,k=4410
FR,context=Main:1,p
FR,context=Main:1,p
VW,context=Main:1#setP:1,k=4412
FR,context=Main:1,p
FR,context=Main:1,p
VW,context=Main:1#setP:1,k=4414
FR,context=Main:1,p
FR,context=Main:1,p
VW,context=Main:1#setP:1,k=4416
FR,context=Main:1,p
FR,context=Main:1,p
VW,context=Main:1#setP:1,k=4418
FR,context=Main:1,p
FR,context=Main:1,p
VW,context=Main:1#setP:1,k=4420
FR,context=Main:1,p
FR,context=Main:1,p
VW,context=Main:1#setP:1,k=4422
FR,context=Main:1,p
FR,context=Main:1,p
VW,context=Main:1#setP:1,k=4424
FR,context=Main:1,p
FR,context=Main:1,p
VW,context=Main:1#setP:1,k=4426
FR,context=Main:1,p
FR,context=Main:1,p
VW,context=Main:1#setP:1,k=4428
FR,context=Main:1,p
FR,context=Main:1,p
VW,context=Main:1#setP:1,k=4430
FR,context=Main:1,p
FR,context=Main:1,p
VW,context=Main:1#setP:1,k=4432
FR,context=Main:1,p
FR,context=Main:1,p
VW,context=Main:1#setP:1,k=4434
FR,context=Main:1,p
FR,context=Main:1,p
VW,context=Main:1#setP:1,k=4436
FR,context=Main:1,p
FR,context=Main:1,p
VW,context=Main:1#setP:1,k=4438
FR,context=Main:1,p
FR,context=Main:1,p
VW,context=Main:1#setP:1,k=4440
FR,context=Main:1,p
FR,context=Main:1,p
VW,context=Main:1#setP:1,k=4442
FR,context=Main:1,p
FR,context=Main:1,p
VW,context=Main:1#setP:1,k=4444
FR,context=Main:1,p
FR,context=Main:1,p
VW,context=Main:1#setP:1,k=4446
FR,context=Main:1,p
FR,context=Main:1,p
VW,context=Main:1#setP:1,k=4448
FR,context=Main:1,p
FR,context=Main:1,p
VW,context=Main:1#setP:1,k=4450
FR,context=Main:1,p
FR,context=Main:1,p
VW,context=Main:1#setP:1,k=4452
FR,context=Main:1,p
FR,context=Main:1,p
VW,context=Main:1#setP:1,k=4454
FR,context=Main:1,p
FR,context=Main:1,p
VW,context=Main:1#setP:1,k=4456
FR,context=Main:1,p
FR,context=Main:1,p
VW,context=Main:1#setP:1,k=4458
FR,context=Main:1,p
FR,context=Main:1,p
VW,context=Main:1#setP:1,k=4460
FR,context=Main:1,p
FR,context=Main:1,p
VW,context=Main:1#setP:1,k=4462
FR,context=Main:1,p
FR,context=Main:1,p
VW,context=Main:1#setP:1,k=4464
FR,context=Main:1,p
FR,context=Main:1,p
VW,context=Main:1#setP:1,k=4466
FR,context=Main:1,p
FR,context=Main:1,p
VW,context=Main:1#setP:1,k=4468
FR,context=Main:1,p
FR,context=Main:1,p
VW,context=Main:1#setP:1,k=4470
FR,context=Main:1,p
FR,context=Main:1,p
VW,context=Main:1#setP:1,k=4472
FR,context=Main:1,p
FR,context=Main:1,p
VW,context=Main:1#setP:1,k=4474
FR,context=Main:1,p
FR,context=Main:1,p
VW,context=Main:1#setP:1,k=4476
FR,context=Main:1,p
FR,context=Main:1,p
VW,context=Main:1#setP:1,k=4478
FR,context=Main:1,p
FR,context=Main:1,p
VW,context=Main:1#setP:1,k=4480
FR,context=Main:1,p
FR,context=Main:1,p
VW,context=Main:1#setP:1,k=4482
FR,context=Main:1,p
FR,context=Main:1,p
VW,context=Main:1#setP:1,k=4484
FR,context=Main:1,p
FR,context=Main:1,p
VW,context=Main:1#setP:1,k=4486
FR,context=Main:1,p
FR,context=Main:1,p
VW,context=Main:1#setP:1,k=4488
FR,context=Main:1,p
FR,context=Main:1,p
VW,context=Main:1#setP:1,k=4490
FR,context=Main:1,p
FR,context=Main:1,p
VW,context=Main:1#setP:1,k=4492
FR,context=Main:1,p
FR,context=Main:1,p
VW,context=Main:1#setP:1,k=4494
FR,context=Main:1,p
FR,context=Main:1,p
VW,context=Main:1#setP:1,k=4496
FR,context=Main:1,p
FR,context=Main:1,p
VW,context=Main:1#setP:1,k=4498
FR,context=Main:1,p
FR,context=Main:1,p
VW,context=Main:1#setP:1,k=4500
FR,context=Main:1,p
FR,context=Main:1,p
VW,context=Main:1#setP:1,k=4502
FR,context=Main:1,p
FR,context=Main:1,p
VW,context=Main:1#setP:1,k=4504
FR,context=Main:1,p
FR,context=Main:1,p
VW,context=Main:1#setP:1,k=4506
FR,context=Main:1,p
FR,context=Main:1,p
VW,context=Main:1#setP:1,k=4508
FR,context=Main:1,p
FR,context=Main:1,p
VW,context=Main:1#setP:1,k=4510
FR,context=Main:1,p
FR,context=Main:1,p
VW,context=Main:1#setP:1,k=4512
FR,context=Main:1,p
FR,context=Main:1,p
VW,context=Main:1#setP:1,k=4514
FR,context=Main:1,p
FR,context=Main:1,p
VW,context=Main:1#setP:1,k=4516
FR,context=Main:1,p
FR,context=Main:1,p
VW,context=Main:1#setP:1,k=4518
FR,context=Main:1,p
FR,context=Main:1,p
VW,context=Main:1#setP:1,k=4520
FR,context=Main:1,p
FR,context=Main:1,p
VW,context=Main:1#setP:1,k=4522
FR,context=Main:1,p
FR,context=Main:1,p
VW,context=Main:1#setP:1,k=4524
FR,context=Main:1,p
FR,context=Main:1,p
VW,context=Main:1#setP:1,k=4526
FR,context=Main:1,p
FR,context=Main:1,p
VW,context=Main:1#setP:1,k=4528
FR,context=Main:1,p
FR,context=Main:1,p
VW,context=Main:1#setP:1,k=4530
FR,context=Main:1,p
FR,context=Main:1,p
VW,context=Main:1#setP:1,k=4532
FR,context=Main:1,p
FR,context=Main:1,p
VW,context=Main:1#setP:1,k=4534
FR,context=Main:1,p
FR,context=Main:1,p
VW,context=Main:1#setP:1,k=4536
FR,context=Main:1,p
FR,context=Main:1,p
VW,context=Main:1#setP:1,k=4538
FR,context=Main:1,p
FR,context=Main:1,p
VW,context=Main:1#setP:1,k=4540
FR,context=Main:1,p
FR,context=Main:1,p
VW,context=Main:1#setP:1,k=4542
FR,context=Main:1,p
FR,context=Main:1,p
VW,context=Main:1#setP:1,k=4544
FR,context=Main:1,p
FR,context=Main:1,p
VW,context=Main:1#setP:1,k=4546
FR,context=Main:1,p
FR,context=Main:1,p
VW,context=Main:1#setP:1,k=4548
FR,context=Main:1,p
FR,context=Main:1,p
VW,context=Main:1#setP:1,k=4550
FR,context=Main:1,p
FR,context=Main:1,p
VW,context=Main:1#setP:1,k=4552
FR,context=Main:1,p
FR,context=Main:1,p
VW,context=Main:1#setP:1,k=4554
FR,context=Main:1,p
FR,context=Main:1,p
VW,context=Main:1#setP:1,k=4556
FR,context=Main:1,p
FR,context=Main:1,p
VW,context=Main:1#setP:1,k=4558
FR,context=Main:1,p
FR,context=Main:1,p
VW,context=Main:1#setP:1,k=4560
FR,context=Main:1,p
FR,context=Main:1,p
VW,context=Main:1#setP:1,k=4562
FR,context=Main:1,p
FR,context=Main:1,p
VW,context=Main:1#setP:1,k=4564
FR,context=Main:1,p
FR,context=Main:1,p
VW,context=Main:1#setP:1,k=4566
FR,context=Main:1,p
FR,context=Main:1,p
VW,context=Main:1#setP:1,k=4568
FR,context=Main:1,p
FR,context=Main:1,p
VW,context=Main:1#setP:1,k=4570
FR,context=Main:1,p
FR,context=Main:1,p
VW,context=Main:1#setP:1,k=4572
FR,context=Main:1,p
FR,context=Main:1,p
VW,context=Main:1#setP:1,k=4574
FR,context=Main:1,p
FR,context=Main:1,p
VW,context=Main:1#setP:1,k=4576
FR,context=Main:1,p
FR,context=Main:1,p
VW,context=Main:1#setP:1,k=4578
FR,context=Main:1,p
FR,context=Main:1,p
VW,context=Main:1#setP:1,k=4580
FR,context=Main:1,p
FR,context=Main:1,p
VW,context=Main:1#setP:1,k=4582
FR,context=Main:1,p
FR,context=Main:1,p
VW,context=Main:1#setP:1,k=4584
FR,context=Main:1,p
FR,context=Main:1,p
VW,context=Main:1#setP:1,k=4586
FR,context=Main:1,p
FR,context=Main:1,p
VW,context=Main:1#setP:1,k=4588
FR,context=Main:1,p
FR,context=Main:1,p
VW,context=Main:1#setP:1,k=4590
FR,context=Main:1,p
FR,context=Main:1,p
VW,context=Main:1#setP:1,k=4592
FR,context=Main:1,p
FR,context=Main:1,p
VW,context=Main:1#setP:1,k=4594
FR,context=Main:1,p
FR,context=Main:1,p
VW,context=Main:1#setP:1,k=4596
FR,context=Main:1,p
FR,context=Main:1,p
VW,context=Main:1#setP:1,k=4598
FR,context=Main:1,p
FR,context=Main:1,p
VW,context=Main:1#setP:1,k=4600
FR,context=Main:1,p
FR,context=Main:1,p
VW,context=Main:1#setP:1,k=4602
FR,context=Main:1,p
FR,context=Main:1,p
VW,context=Main:1#setP:1,k=4604
FR,context=Main:1,p
FR,context=Main:1,p
VW,context=Main:1#setP:1,k=4606
FR,context=Main:1,p
FR,context=Main:1,p
VW,context=Main:1#setP:1,k=4608
FR,context=Main:1,p
FR,context=Main:1,p
VW,context=Main:1#setP:1,k=4610
FR,context=Main:1,p
FR,context=Main:1,p
VW,context=Main:1#setP:1,k=4612
FR,context=Main:1,p
FR,context=Main:1,p
VW,context=Main:1#setP:1,k=4614
FR,context=Main:1,p
FR,context=Main:1,p
VW,context=Main:1#setP:1,k=4616
FR,context=Main:1,p
FR,context=Main:1,p
VW,context=Main:1#setP:1,k=4618
FR,context=Main:1,p
FR,context=Main:1,p
VW,context=Main:1#setP:1,k=4620
FR,context=Main:1,p
FR,context=Main:1,p
VW,context=Main:1#setP:1,k=4622
FR,context=Main:1,p
FR,context=Main:1,p
VW,context=Main:1#setP:1,k=4624
FR,context=Main:1,p
FR,context=Main:1,p
VW,context=Main:1#setP:1,k=4626
FR,context=Main:1,p
FR,context=Main:1,p
VW,context=Main:1#setP:1,k=4628
FR,context=Main:1,p
FR,context=Main:1,p
VW,context=Main:1#setP:1,k=4630
FR,context=Main:1,p
FR,context=Main:1,p
VW,context=Main:1#setP:1,k=4632
FR,context=Main:1,p
FR,context=Main:1,p
VW,context=Main:1#setP:1,k=4634
FR,context=Main:1,p
FR,context=Main:1,p
VW,context=Main:1#setP:1,k=4636
FR,context=Main:1,p
FR,context=Main:1,p
VW,context=Main:1#setP:1,k=4638
FR,context=Main:1,p
FR,context=Main:1,p
VW,context=Main:1#setP:1,k=4640
FR,context=Main:1,p
FR,context=Main:1,p
VW,context=Main:1#setP:1,k=4642
FR,context=Main:1,p
FR,context=Main:1,p
VW,context=Main:1#setP:1,k=4644
FR,context=Main:1,p
FR,context=Main:1,p
VW,context=Main:1#setP:1,k=4646
FR,context=Main:1,p
FR,context=Main:1,p
VW,context=Main:1#setP:1,k=4648
FR,context=Main:1,p
FR,context=Main:1,p
VW,context=Main:1#setP:1,k=4650
FR,context=Main:1,p
FR,context=Main:1,p
VW,context=Main:1#setP:1,k=4652
FR,context=Main:1,p
FR,context=Main:1,p
VW,context=Main:1#setP:1,k=4654
FR,context=Main:1,p
FR,context=Main:1,p
VW,context=Main:1#setP:1,k=4656
FR,context=Main:1,p
FR,context=Main:1,p
VW,context=Main:1#setP:1,k=4658
FR,context=Main:1,p
FR,context=Main:1,p
VW,context=Main:1#setP:1,k=4660
FR,context=Main:1,p
FR,context=Main:1,p
VW,context=Main:1#setP:1,k=4662
FR,context=Main:1,p
FR,context=Main:1,p
VW,context=Main:1#setP:1,k=4664
FR,context=Main:1,p
FR,context=Main:1,p
VW,context=Main:1#setP:1,k=4666
FR,context=Main:1,p
FR,context=Main:1,p
VW,context=Main:1#setP:1,k=4668
FR,context=Main:1,p
FR,context=Main:1,p
VW,context=Main:1#setP:1,k=4670
FR,context=Main:1,p
FR,context=Main:1,p
VW,context=Main:1#setP:1,k=4672
FR,context=Main:1,p
FR,context=Main:1,p
VW,context=Main:1#setP:1,k=4674
FR,context=Main:1,p
FR,context=Main:1,p
VW,context=Main:1#setP:1,k=4676
FR,context=Main:1,p
FR,context=Main:1,p
VW,context=Main:1#setP:1,k=4678
FR,context=Main:1,p
FR,context=Main:1,p
VW,context=Main:1#setP:1,k=4680
FR,context=Main:1,p
FR,context=Main:1,p
VW,context=Main:1#setP:1,k=4682
FR,context=Main:1,p
FR,context=Main:1,p
VW,context=Main:1#setP:1,k=4684
FR,context=Main:1,p
FR,context=Main:1,p
VW,context=Main:1#setP:1,k=4686
FR,context=Main:1,p
FR,context=Main:1,p
VW,context=Main:1#setP:1,k=4688
FR,context=Main:1,p
FR,context=Main:1,p
VW,context=Main:1#setP:1,k=4690
FR,context=Main:1,p
FR,context=Main:1,p
VW,context=Main:1#setP:1,k=4692
FR,context=Main:1,p
FR,context=Main:1,p
VW,context=Main:1#setP:1,k=4694
FR,context=Main:1,p
FR,context=Main:1,p
VW,context=Main:1#setP:1,k=4696
FR,context=Main:1,p
FR,context=Main:1,p
VW,context=Main:1#setP:1,k=4698
FR,context=Main:1,p
FR,context=Main:1,p
VW,context=Main:1#setP:1,k=4700
FR,context=Main:1,p
FR,context=Main:1,p
VW,context=Main:1#setP:1,k=4702
FR,context=Main:1,p
FR,context=Main:1,p
VW,context=Main:1#setP:1,k=4704
FR,context=Main:1,p
FR,context=Main:1,p
VW,context=Main:1#setP:1,k=4706
FR,context=Main:1,p
FR,context=Main:1,p
VW,context=Main:1#setP:1,k=4708
FR,context=Main:1,p
FR,context=Main:1,p
VW,context=Main:1#setP:1,k=4710
FR,context=Main:1,p
FR,context=Main:1,p
VW,context=Main:1#setP:1,k=4712
FR,context=Main:1,p
FR,context=Main:1,p
VW,context=Main:1#setP:1,k=4714
FR,context=Main:1,p
FR,context=Main:1,p
VW,context=Main:1#setP:1,k=4716
FR,context=Main:1,p
FR,context=Main:1,p
VW,context=Main:1#setP:1,k=4718
FR,context=Main:1,p
FR,context=Main:1,p
VW,context=Main:1#setP:1,k=4720
FR,context=Main:1,p
FR,context=Main:1,p
VW,context=Main:1#setP:1,k=4722
FR,context=Main:1,p
FR,context=Main:1,p
VW,context=Main:1#setP:1,k=4724
FR,context=Main:1,p
FR,context=Main:1,p
VW,context=Main:1#setP:1,k=4726
FR,context=Main:1,p
FR,context=Main:1,p
VW,context=Main:1#setP:1,k=4728
FR,context=Main:1,p
FR,context=Main:1,p
VW,context=Main:1#setP:1,k=4730
FR,context=Main:1,p
FR,context=Main:1,p
VW,context=Main:1#setP:1,k=4732
FR,context=Main:1,p
FR,context=Main:1,p
VW,context=Main:1#setP:1,k=4734
FR,context=Main:1,p
FR,context=Main:1,p
VW,context=Main:1#setP:1,k=4736
FR,context=Main:1,p
FR,context=Main:1,p
VW,context=Main:1#setP:1,k=4738
FR,context=Main:1,p
FR,context=Main:1,p
VW,context=Main:1#setP:1,k=4740
FR,context=Main:1,p
FR,context=Main:1,p
VW,context=Main:1#setP:1,k=4742
FR,context=Main:1,p
FR,context=Main:1,p
VW,context=Main:1#setP:1,k=4744
FR,context=Main:1,p
FR,context=Main:1,p
VW,context=Main:1#setP:1,k=4746
FR,context=Main:1,p
FR,context=Main:1,p
VW,context=Main:1#setP:1,k=4748
FR,context=Main:1,p
FR,context=Main:1,p
VW,context=Main:1#setP:1,k=4750
FR,context=Main:1,p
FR,context=Main:1,p
VW,context=Main:1#setP:1,k=4752
FR,context=Main:1,p
FR,context=Main:1,p
VW,context=Main:1#setP:1,k=4754
FR,context=Main:1,p
FR,context=Main:1,p
VW,context=Main:1#setP:1,k=4756
FR,context=Main:1,p
FR,context=Main:1,p
VW,context=Main:1#setP:1,k=4758
FR,context=Main:1,p
FR,context=Main:1,p
VW,context=Main:1#setP:1,k=4760
FR,context=Main:1,p
FR,context=Main:1,p
VW,context=Main:1#setP:1,k=4762
FR,context=Main:1,p
FR,context=Main:1,p
VW,context=Main:1#setP:1,k=4764
FR,context=Main:1,p
FR,context=Main:1,p
VW,context=Main:1#setP:1,k=4766
FR,context=Main:1,p
FR,context=Main:1,p
VW,context=Main:1#setP:1,k=4768
FR,context=Main:1,p
FR,context=Main:1,p
VW,context=Main:1#setP:1,k=4770
FR,context=Main:1,p
FR,context=Main:1,p
VW,context=Main:1#setP:1,k=4772
FR,context=Main:1,p
FR,context=Main:1,p
VW,context=Main:1#setP:1,k=4774
FR,context=Main:1,p
FR,context=Main:1,p
VW,context=Main:1#setP:1,k=4776
FR,context=Main:1,p
FR,context=Main:1,p
VW,context=Main:1#setP:1,k=4778
FR,context=Main:1,p
FR,context=Main:1,p
VW,context=Main:1#setP:1,k=4780
FR,context=Main:1,p
FR,context=Main:1,p
VW,context=Main:1#setP:1,k=4782
FR,context=Main:1,p
FR,context=Main:1,p
VW,context=Main:1#setP:1,k=4784
FR,context=Main:1,p
FR,context=Main:1,p
VW,context=Main:1#setP:1,k=4786
FR,context=Main:1,p
FR,context=Main:1,p
VW,context=Main:1#setP:1,k=4788
FR,context=Main:1,p
FR,context=Main:1,p
VW,context=Main:1#setP:1,k=4790
FR,context=Main:1,p
FR,context=Main:1,p
VW,context=Main:1#setP:1,k=4792
FR,context=Main:1,p
FR,context=Main:1,p
VW,context=Main:1#setP:1,k=4794
FR,context=Main:1,p
FR,context=Main:1,p
VW,context=Main:1#setP:1,k=4796
FR,context=Main:1,p
FR,context=Main:1,p
VW,context=Main:1#setP:1,k=4798
FR,context=Main:1,p
FR,context=Main:1,p
VW,context=Main:1#setP:1,k=4800
FR,context=Main:1,p
FR,context=Main:1,p
VW,context=Main:1#setP:1,k=4802
FR,context=Main:1,p
FR,context=Main:1,p
VW,context=Main:1#setP:1,k=4804
FR,context=Main:1,p
FR,context=Main:1,p
VW,context=Main:1#setP:1,k=4806
FR,context=Main:1,p
FR,context=Main:1,p
VW,context=Main:1#setP:1,k=4808
FR,context=Main:1,p
FR,context=Main:1,p
VW,context=Main:1#setP:1,k=4810
FR,context=Main:1,p
FR,context=Main:1,p
VW,context=Main:1#setP:1,k=4812
FR,context=Main:1,p
FR,context=Main:1,p
VW,context=Main:1#setP:1,k=4814
FR,context=Main:1,p
FR,context=Main:1,p
VW,context=Main:1#setP:1,k=4816
FR,context=Main:1,p
FR,context=Main:1,p
VW,context=Main:1#setP:1,k=4818
FR,context=Main:1,p
FR,context=Main:1,p
VW,context=Main:1#setP:1,k=4820
FR,context=Main:1,p
FR,context=Main:1,p
VW,context=Main:1#setP:1,k=4822
FR,context=Main:1,p
FR,context=Main:1,p
VW,context=Main:1#setP:1,k=4824
FR,context=Main:1,p
FR,context=Main:1,p
VW,context=Main:1#setP:1,k=4826
FR,context=Main:1,p
FR,context=Main:1,p
VW,context=Main:1#setP:1,k=4828
FR,context=Main:1,p
FR,context=Main:1,p
VW,context=Main:1#setP:1,k=4830
FR,context=Main:1,p
FR,context=Main:1,p
VW,context=Main:1#setP:1,k=4832
FR,context=Main:1,p
FR,context=Main:1,p
VW,context=Main:1#setP:1,k=4834
FR,context=Main:1,p
FR,context=Main:1,p
VW,context=Main:1#setP:1,k=4836
FR,context=Main:1,p
FR,context=Main:1,p
VW,context=Main:1#setP:1,k=4838
FR,context=Main:1,p
FR,context=Main:1,p
VW,context=Main:1#setP:1,k=4840
FR,context=Main:1,p
FR,context=Main:1,p
VW,context=Main:1#setP:1,k=4842
FR,context=Main:1,p
FR,context=Main:1,p
VW,context=Main:1#setP:1,k=4844
FR,context=Main:1,p
FR,context=Main:1,p
VW,context=Main:1#setP:1,k=4846
FR,context=Main:1,p
FR,context=Main:1,p
VW,context=Main:1#setP:1,k=4848
FR,context=Main:1,p
FR,context=Main:1,p
VW,context=Main:1#setP:1,k=4850
FR,context=Main:1,p
FR,context=Main:1,p
VW,context=Main:1#setP:1,k=4852
FR,context=Main:1,p
FR,context=Main:1,p
VW,context=Main:1#setP:1,k=4854
FR,context=Main:1,p
FR,context=Main:1,p
VW,context=Main:1#setP:1,k=4856
FR,context=Main:1,p
FR,context=Main:1,p
VW,context=Main:1#setP:1,k=4858
FR,context=Main:1,p
FR,context=Main:1,p
VW,context=Main:1#setP:1,k=4860
FR,context=Main:1,p
FR,context=Main:1,p
VW,context=Main:1#setP:1,k=4862
FR,context=Main:1,p
FR,context=Main:1,p
VW,context=Main:1#setP:1,k=4864
FR,context=Main:1,p
FR,context=Main:1,p
VW,context=Main:1#setP:1,k=4866
FR,context=Main:1,p
FR,context=Main:1,p
VW,context=Main:1#setP:1,k=4868
FR,context=Main:1,p
FR,context=Main:1,p
VW,context=Main:1#setP:1,k=4870
FR,context=Main:1,p
FR,context=Main:1,p
VW,context=Main:1#setP:1,k=4872
FR,context=Main:1,p
FR,context=Main:1,p
VW,context=Main:1#setP:1,k=4874
FR,context=Main:1,p
FR,context=Main:1,p
VW,context=Main:1#setP:1,k=4876
FR,context=Main:1,p
FR,context=Main:1,p
VW,context=Main:1#setP:1,k=4878
FR,context=Main:1,p
FR,context=Main:1,p
VW,context=Main:1#setP:1,k=4880
FR,context=Main:1,p
FR,context=Main:1,p
VW,context=Main:1#setP:1,k=4882
FR,context=Main:1,p
FR,context=Main:1,p
VW,context=Main:1#setP:1,k=4884
FR,context=Main:1,p
FR,context=Main:1,p
VW,context=Main:1#setP:1,k=4886
FR,context=Main:1,p
FR,context=Main:1,p
VW,context=Main:1#setP:1,k=4888
FR,context=Main:1,p
FR,context=Main:1,p
VW,context=Main:1#setP:1,k=4890
FR,context=Main:1,p
FR,context=Main:1,p
VW,context=Main:1#setP:1,k=4892
FR,context=Main:1,p
FR,context=Main:1,p
VW,context=Main:1#setP:1,k=4894
FR,context=Main:1,p
FR,context=Main:1,p
VW,context=Main:1#setP:1,k=4896
FR,context=Main:1,p
FR,context=Main:1,p
VW,context=Main:1#setP:1,k=4898
FR,context=Main:1,p
FR,context=Main:1,p
VW,context=Main:1#setP:1,k=4900
FR,context=Main:1,p
FR,context=Main:1,p
VW,context=Main:1#setP:1,k=4902
FR,context=Main:1,p
FR,context=Main:1,p
VW,context=Main:1#setP:1,k=4904
FR,context=Main:1,p
FR,context=Main:1,p
VW,context=Main:1#setP:1,k=4906
FR,context=Main:1,p
FR,context=Main:1,p
VW,context=Main:1#setP:1,k=4908
FR,context=Main:1,p
FR,context=Main:1,p
VW,context=Main:1#setP:1,k=4910
FR,context=Main:1,p
FR,context=Main:1,p
VW,context=Main:1#setP:1,k=4912
FR,context=Main:1,p
FR,context=Main:1,p
VW,context=Main:1#setP:1,k=4914
FR,context=Main:1,p
FR,context=Main:1,p
VW,context=Main:1#setP:1,k=4916
FR,context=Main:1,p
FR,context=Main:1,p
VW,context=Main:1#setP:1,k=4918
FR,context=Main:1,p
FR,context=Main:1,p
VW,context=Main:1#setP:1,k=4920
FR,context=Main:1,p
FR,context=Main:1,p
VW,context=Main:1#setP:1,k=4922
FR,context=Main:1,p
FR,context=Main:1,p
VW,context=Main:1#setP:1,k=4924
FR,context=Main:1,p
FR,context=Main:1,p
VW,context=Main:1#setP:1,k=4926
FR,context=Main:1,p
FR,context=Main:1,p
VW,context=Main:1#setP:1,k=4928
FR,context=Main:1,p
FR,context=Main:1,p
VW,context=Main:1#setP:1,k=4930
FR,context=Main:1,p
FR,context=Main:1,p
VW,context=Main:1#setP:1,k=4932
FR,context=Main:1,p
FR,context=Main:1,p
VW,context=Main:1#setP:1,k=4934
FR,context=Main:1,p
FR,context=Main:1,p
VW,context=Main:1#setP:1,k=4936
FR,context=Main:1,p
FR,context=Main:1,p
VW,context=Main:1#setP:1,k=4938
FR,context=Main:1,p
FR,context=Main:1,p
VW,context=Main:1#setP:1,k=4940
FR,context=Main:1,p
FR,context=Main:1,p
VW,context=Main:1#setP:1,k=4942
FR,context=Main:1,p
FR,context=Main:1,p
VW,context=Main:1#setP:1,k=4944
FR,context=Main:1,p
FR,context=Main:1,p
VW,context=Main:1#setP:1,k=4946
FR,context=Main:1,p
FR,context=Main:1,p
VW,context=Main:1#setP:1,k=4948
FR,context=Main:1,p
FR,context=Main:1,p
VW,context=Main:1#setP:1,k=4950
FR,context=Main:1,p
FR,context=Main:1,p
VW,context=Main:1#setP:1,k=4952
FR,context=Main:1,p
FR,context=Main:1,p
VW,context=Main:1#setP:1,k=4954
FR,context=Main:1,p
FR,context=Main:1,p
VW,context=Main:1#setP:1,k=4956
FR,context=Main:1,p
FR,context=Main:1,p
VW,context=Main:1#setP:1,k=4958
FR,context=Main:1,p
FR,context=Main:1,p
VW,context=Main:1#setP:1,k=4960
FR,context=Main:1,p
FR,context=Main:1,p
VW,context=Main:1#setP:1,k=4962
FR,context=Main:1,p
FR,context=Main:1,p
VW,context=Main:1#setP:1,k=4964
FR,context=Main:1,p
FR,context=Main:1,p
VW,context=Main:1#setP:1,k=4966
FR,context=Main:1,p
FR,context=Main:1,p
VW,context=Main:1#setP:1,k=4968
FR,context=Main:1,p
FR,context=Main:1,p
VW,context=Main:1#setP:1,k=4970
FR,context=Main:1,p
FR,context=Main:1,p
VW,context=Main:1#setP:1,k=4972
FR,context=Main:1,p
FR,context=Main:1,p
VW,context=Main:1#setP:1,k=4974
FR,context=Main:1,p
FR,context=Main:1,p
VW,context=Main:1#setP:1,k=4976
FR,context=Main:1,p
FR,context=Main:1,p
VW,context=Main:1#setP:1,k=4978
FR,context=Main:1,p
FR,context=Main:1,p
VW,context=Main:1#setP:1,k=4980
FR,context=Main:1,p
FR,context=Main:1,p
VW,context=Main:1#setP:1,k=4982
FR,context=Main:1,p
FR,context=Main:1,p
VW,context=Main:1#setP:1,k=4984
FR,context=Main:1,p
FR,context=Main:1,p
VW,context=Main:1#setP:1,k=4986
FR,context=Main:1,p
FR,context=Main:1,p
VW,context=Main:1#setP:1,k=4988
FR,context=Main:1,p
FR,context=Main:1,p
VW,context=Main:1#setP:1,k=4990
FR,context=Main:1,p
FR,context=Main:1,p
VW,context=Main:1#setP:1,k=4992
FR,context=Main:1,p
FR,context=Main:1,p
VW,context=Main:1#setP:1,k=4994
FR,context=Main:1,p
FR,context=Main:1,p
VW,context=Main:1#setP:1,k=4996
FR,context=Main:1,p
FR,context=Main:1,p
VW,context=Main:1#setP:1,k=4998
FR,context=Main:1,p
FR,context=Main:1,p
VW,context=Main:1#setP:1,k=5000
FR,context=Main:1,p
FR,context=Main:1,p
VW,context=Main:1#setP:1,k=5002
FR,context=Main:1,p
FR,context=Main:1,p
VW,context=Main:1#setP:1,k=5004
FR,context=Main:1,p
FR,context=Main:1,p
VW,context=Main:1#setP:1,k=5006
FR,context=Main:1,p
FR,context=Main:1,p
VW,context=Main:1#setP:1,k=5008
FR,context=Main:1,p
FR,context=Main:1,p
VW,context=Main:1#setP:1,k=5010
FR,context=Main:1,p
FR,context=Main:1,p
VW,context=Main:1#setP:1,k=5012
FR,context=Main:1,p
FR,context=Main:1,p
VW,context=Main:1#setP:1,k=5014
FR,context=Main:1,p
FR,context=Main:1,p
VW,context=Main:1#setP:1,k=5016
FR,context=Main:1,p
FR,context=Main:1,p
VW,context=Main:1#setP:1,k=5018
FR,context=Main:1,p
FR,context=Main:1,p
VW,context=Main:1#setP:1,k=5020
FR,context=Main:1,p
FR,context=Main:1,p
VW,context=Main:1#setP:1,k=5022
FR,context=Main:1,p
FR,context=Main:1,p
VW,context=Main:1#setP:1,k=5024
FR,context=Main:1,p
FR,context=Main:1,p
VW,context=Main:1#setP:1,k=5026
FR,context=Main:1,p
FR,context=Main:1,p
VW,context=Main:1#setP:1,k=5028
FR,context=Main:1,p
FR,context=Main:1,p
VW,context=Main:1#setP:1,k=5030
FR,context=Main:1,p
FR,context=Main:1,p
VW,context=Main:1#setP:1,k=5032
FR,context=Main:1,p
FR,context=Main:1,p
VW,context=Main:1#setP:1,k=5034
FR,context=Main:1,p
FR,context=Main:1,p
VW,context=Main:1#setP:1,k=5036
FR,context=Main:1,p
FR,context=Main:1,p
VW,context=Main:1#setP:1,k=5038
FR,context=Main:1,p
FR,context=Main:1,p
VW,context=Main:1#setP:1,k=5040
FR,context=Main:1,p
FR,context=Main:1,p
VW,context=Main:1#setP:1,k=5042
FR,context=Main:1,p
FR,context=Main:1,p
VW,context=Main:1#setP:1,k=5044
FR,context=Main:1,p
FR,context=Main:1,p
VW,context=Main:1#setP:1,k=5046
FR,context=Main:1,p
FR,context=Main:1,p
VW,context=Main:1#setP:1,k=5048
FR,context=Main:1,p
FR,context=Main:1,p
VW,context=Main:1#setP:1,k=5050
FR,context=Main:1,p
FR,context=Main:1,p
VW,context=Main:1#setP:1,k=5052
FR,context=Main:1,p
FR,context=Main:1,p
VW,context=Main:1#setP:1,k=5054
FR,context=Main:1,p
FR,context=Main:1,p
VW,context=Main:1#setP:1,k=5056
FR,context=Main:1,p
FR,context=Main:1,p
VW,context=Main:1#setP:1,k=5058
FR,context=Main:1,p
FR,context=Main:1,p
VW,context=Main:1#setP:1,k=5060
FR,context=Main:1,p
FR,context=Main:1,p
VW,context=Main:1#setP:1,k=5062
FR,context=Main:1,p
FR,context=Main:1,p
VW,context=Main:1#setP:1,k=5064
FR,context=Main:1,p
FR,context=Main:1,p
VW,context=Main:1#setP:1,k=5066
FR,context=Main:1,p
FR,context=Main:1,p
VW,context=Main:1#setP:1,k=5068
FR,context=Main:1,p
FR,context=Main:1,p
VW,context=Main:1#setP:1,k=5070
FR,context=Main:1,p
FR,context=Main:1,p
VW,context=Main:1#setP:1,k=5072
FR,context=Main:1,p
FR,context=Main:1,p
VW,context=Main:1#setP:1,k=5074
FR,context=Main:1,p
FR,context=Main:1,p
VW,context=Main:1#setP:1,k=5076
FR,context=Main:1,p
FR,context=Main:1,p
VW,context=Main:1#setP:1,k=5078
FR,context=Main:1,p
FR,context=Main:1,p
VW,context=Main:1#setP:1,k=5080
FR,context=Main:1,p
FR,context=Main:1,p
VW,context=Main:1#setP:1,k=5082
FR,context=Main:1,p
FR,context=Main:1,p
VW,context=Main:1#setP:1,k=5084
FR,context=Main:1,p
FR,context=Main:1,p
VW,context=Main:1#setP:1,k=5086
FR,context=Main:1,p
FR,context=Main:1,p
VW,context=Main:1#setP:1,k=5088
FR,context=Main:1,p
FR,context=Main:1,p
VW,context=Main:1#setP:1,k=5090
FR,context=Main:1,p
FR,context=Main:1,p
VW,context=Main:1#setP:1,k=5092
FR,context=Main:1,p
FR,context=Main:1,p
VW,context=Main:1#setP:1,k=5094
FR,context=Main:1,p
FR,context=Main:1,p
VW,context=Main:1#setP:1,k=5096
FR,context=Main:1,p
FR,context=Main:1,p
VW,context=Main:1#setP:1,k=5098
FR,context=Main:1,p
FR,context=Main:1,p
VW,context=Main:1#setP:1,k=5100
FR,context=Main:1,p
FR,context=Main:1,p
VW,context=Main:1#setP:1,k=5102
FR,context=Main:1,p
FR,context=Main:1,p
VW,context=Main:1#setP:1,k=5104
FR,context=Main:1,p
FR,context=Main:1,p
VW,context=Main:1#setP:1,k=5106
FR,context=Main:1,p
FR,context=Main:1,p
VW,context=Main:1#setP:1,k=5108
FR,context=Main:1,p
FR,context=Main:1,p
VW,context=Main:1#setP:1,k=5110
FR,context=Main:1,p
FR,context=Main:1,p
VW,context=Main:1#setP:1,k=5112
FR,context=Main:1,p
FR,context=Main:1,p
VW,context=Main:1#setP:1,k=5114
FR,context=Main:1,p
FR,context=Main:1,p
VW,context=Main:1#setP:1,k=5116
FR,context=Main:1,p
FR,context=Main:1,p
VW,context=Main:1#setP:1,k=5118
FR,context=Main:1,p
FR,context=Main:1,p
VW,context=Main:1#setP:1,k=5120
FR,context=Main:1,p
FR,context=Main:1,p
VW,context=Main:1#setP:1,k=5122
FR,context=Main:1,p
FR,context=Main:1,p
VW,context=Main:1#setP:1,k=5124
FR,context=Main:1,p
FR,context=Main:1,p
VW,context=Main:1#setP:1,k=5126
FR,context=Main:1,p
FR,context=Main:1,p
VW,context=Main:1#setP:1,k=5128
FR,context=Main:1,p
FR,context=Main:1,p
VW,context=Main:1#setP:1,k=5130
FR,context=Main:1,p
FR,context=Main:1,p
VW,context=Main:1#setP:1,k=5132
FR,context=Main:1,p
FR,context=Main:1,p
VW,context=Main:1#setP:1,k=5134
FR,context=Main:1,p
FR,context=Main:1,p
VW,context=Main:1#setP:1,k=5136
FR,context=Main:1,p
FR,context=Main:1,p
VW,context=Main:1#setP:1,k=5138
FR,context=Main:1,p
FR,context=Main:1,p
VW,context=Main:1#setP:1,k=5140
FR,context=Main:1,p
FR,context=Main:1,p
VW,context=Main:1#setP:1,k=5142
FR,context=Main:1,p
FR,context=Main:1,p
VW,context=Main:1#setP:1,k=5144
FR,context=Main:1,p
FR,context=Main:1,p
VW,context=Main:1#setP:1,k=5146
FR,context=Main:1,p
FR,context=Main:1,p
VW,context=Main:1#setP:1,k=5148
FR,context=Main:1,p
FR,context=Main:1,p
VW,context=Main:1#setP:1,k=5150
FR,context=Main:1,p
FR,context=Main:1,p
VW,context=Main:1#setP:1,k=5152
FR,context=Main:1,p
FR,context=Main:1,p
VW,context=Main:1#setP:1,k=5154
FR,context=Main:1,p
FR,context=Main:1,p
VW,context=Main:1#setP:1,k=5156
FR,context=Main:1,p
FR,context=Main:1,p
VW,context=Main:1#setP:1,k=5158
FR,context=Main:1,p
FR,context=Main:1,p
VW,context=Main:1#setP:1,k=5160
FR,context=Main:1,p
FR,context=Main:1,p
VW,context=Main:1#setP:1,k=5162
FR,context=Main:1,p
FR,context=Main:1,p
VW,context=Main:1#setP:1,k=5164
FR,context=Main:1,p
FR,context=Main:1,p
VW,context=Main:1#setP:1,k=5166
FR,context=Main:1,p
FR,context=Main:1,p
VW,context=Main:1#setP:1,k=5168
FR,context=Main:1,p
FR,context=Main:1,p
VW,context=Main:1#setP:1,k=5170
FR,context=Main:1,p
FR,context=Main:1,p
VW,context=Main:1#setP:1,k=5172
FR,context=Main:1,p
FR,context=Main:1,p
VW,context=Main:1#setP:1,k=5174
FR,context=Main:1,p
FR,context=Main:1,p
VW,context=Main:1#setP:1,k=5176
FR,context=Main:1,p
FR,context=Main:1,p
VW,context=Main:1#setP:1,k=5178
FR,context=Main:1,p
FR,context=Main:1,p
VW,context=Main:1#setP:1,k=5180
FR,context=Main:1,p
FR,context=Main:1,p
VW,context=Main:1#setP:1,k=5182
FR,context=Main:1,p
FR,context=Main:1,p
VW,context=Main:1#setP:1,k=5184
FR,context=Main:1,p
FR,context=Main:1,p
VW,context=Main:1#setP:1,k=5186
FR,context=Main:1,p
FR,context=Main:1,p
VW,context=Main:1#setP:1,k=5188
FR,context=Main:1,p
FR,context=Main:1,p
VW,context=Main:1#setP:1,k=5190
FR,context=Main:1,p
FR,context=Main:1,p
VW,context=Main:1#setP:1,k=5192
FR,context=Main:1,p
FR,context=Main:1,p
VW,context=Main:1#setP:1,k=5194
FR,context=Main:1,p
FR,context=Main:1,p
VW,context=Main:1#setP:1,k=5196
FR,context=Main:1,p
FR,context=Main:1,p
VW,context=Main:1#setP:1,k=5198
FR,context=Main:1,p
FR,context=Main:1,p
VW,context=Main:1#setP:1,k=5200
FR,context=Main:1,p
FR,context=Main:1,p
VW,context=Main:1#setP:1,k=5202
FR,context=Main:1,p
FR,context=Main:1,p
VW,context=Main:1#setP:1,k=5204
FR,context=Main:1,p
FR,context=Main:1,p
VW,context=Main:1#setP:1,k=5206
FR,context=Main:1,p
FR,context=Main:1,p
VW,context=Main:1#setP:1,k=5208
FR,context=Main:1,p
FR,context=Main:1,p
VW,context=Main:1#setP:1,k=5210
FR,context=Main:1,p
FR,context=Main:1,p
VW,context=Main:1#setP:1,k=5212
FR,context=Main:1,p
FR,context=Main:1,p
VW,context=Main:1#setP:1,k=5214
FR,context=Main:1,p
FR,context=Main:1,p
VW,context=Main:1#setP:1,k=5216
FR,context=Main:1,p
FR,context=Main:1,p
VW,context=Main:1#setP:1,k=5218
FR,context=Main:1,p
FR,context=Main:1,p
VW,context=Main:1#setP:1,k=5220
FR,context=Main:1,p
FR,context=Main:1,p
VW,context=Main:1#setP:1,k=5222
FR,context=Main:1,p
FR,context=Main:1,p
VW,context=Main:1#setP:1,k=5224
FR,context=Main:1,p
FR,context=Main:1,p
VW,context=Main:1#setP:1,k=5226
FR,context=Main:1,p
FR,context=Main:1,p
VW,context=Main:1#setP:1,k=5228
FR,context=Main:1,p
FR,context=Main:1,p
VW,context=Main:1#setP:1,k=5230
FR,context=Main:1,p
FR,context=Main:1,p
VW,context=Main:1#setP:1,k=5232
FR,context=Main:1,p
FR,context=Main:1,p
VW,context=Main:1#setP:1,k=5234
FR,context=Main:1,p
FR,context=Main:1,p
VW,context=Main:1#setP:1,k=5236
FR,context=Main:1,p
FR,context=Main:1,p
VW,context=Main:1#setP:1,k=5238
FR,context=Main:1,p
FR,context=Main:1,p
VW,context=Main:1#setP:1,k=5240
FR,context=Main:1,p
FR,context=Main:1,p
VW,context=Main:1#setP:1,k=5242
FR,context=Main:1,p
FR,context=Main:1,p
VW,context=Main:1#setP:1,k=5244
FR,context=Main:1,p
FR,context=Main:1,p
VW,context=Main:1#setP:1,k=5246
FR,context=Main:1,p
FR,context=Main:1,p
VW,context=Main:1#setP:1,k=5248
FR,context=Main:1,p
FR,context=Main:1,p
VW,context=Main:1#setP:1,k=5250
FR,context=Main:1,p
FR,context=Main:1,p
VW,context=Main:1#setP:1,k=5252
FR,context=Main:1,p
FR,context=Main:1,p
VW,context=Main:1#setP:1,k=5254
FR,context=Main:1,p
FR,context=Main:1,p
VW,context=Main:1#setP:1,k=5256
FR,context=Main:1,p
FR,context=Main:1,p
VW,context=Main:1#setP:1,k=5258
FR,context=Main:1,p
FR,context=Main:1,p
VW,context=Main:1#setP:1,k=5260
FR,context=Main:1,p
FR,context=Main:1,p
VW,context=Main:1#setP:1,k=5262
FR,context=Main:1,p
FR,context=Main:1,p
VW,context=Main:1#setP:1,k=5264
FR,context=Main:1,p
FR,context=Main:1,p
VW,context=Main:1#setP:1,k=5266
FR,context=Main:1,p
FR,context=Main:1,p
VW,context=Main:1#setP:1,k=5268
FR,context=Main:1,p
FR,context=Main:1,p
VW,context=Main:1#setP:1,k=5270
FR,context=Main:1,p
FR,context=Main:1,p
VW,context=Main:1#setP:1,k=5272
FR,context=Main:1,p
FR,context=Main:1,p
VW,context=Main:1#setP:1,k=5274
FR,context=Main:1,p
FR,context=Main:1,p
VW,context=Main:1#setP:1,k=5276
FR,context=Main:1,p
FR,context=Main:1,p
VW,context=Main:1#setP:1,k=5278
FR,context=Main:1,p
FR,context=Main:1,p
VW,context=Main:1#setP:1,k=5280
FR,context=Main:1,p
FR,context=Main:1,p
VW,context=Main:1#setP:1,k=5282
FR,context=Main:1,p
FR,context=Main:1,p
VW,context=Main:1#setP:1,k=5284
FR,context=Main:1,p
FR,context=Main:1,p
VW,context=Main:1#setP:1,k=5286
FR,context=Main:1,p
FR,context=Main:1,p
VW,context=Main:1#setP:1,k=5288
FR,context=Main:1,p
FR,context=Main:1,p
VW,context=Main:1#setP:1,k=5290
FR,context=Main:1,p
FR,context=Main:1,p
VW,context=Main:1#setP:1,k=5292
FR,context=Main:1,p
FR,context=Main:1,p
VW,context=Main:1#setP:1,k=5294
FR,context=Main:1,p
FR,context=Main:1,p
VW,context=Main:1#setP:1,k=5296
FR,context=Main:1,p
FR,context=Main:1,p
VW,context=Main:1#setP:1,k=5298
FR,context=Main:1,p
FR,context=Main:1,p
VW,context=Main:1#setP:1,k=5300
FR,context=Main:1,p
FR,context=Main:1,p
VW,context=Main:1#setP:1,k=5302
FR,context=Main:1,p
FR,context=Main:1,p
VW,context=Main:1#setP:1,k=5304
FR,context=Main:1,p
FR,context=Main:1,p
VW,context=Main:1#setP:1,k=5306
FR,context=Main:1,p
FR,context=Main:1,p
VW,context=Main:1#setP:1,k=5308
FR,context=Main:1,p
FR,context=Main:1,p
VW,context=Main:1#setP:1,k=5310
FR,context=Main:1,p
FR,context=Main:1,p
VW,context=Main:1#setP:1,k=5312
FR,context=Main:1,p
FR,context=Main:1,p
VW,context=Main:1#setP:1,k=5314
FR,context=Main:1,p
FR,context=Main:1,p
VW,context=Main:1#setP:1,k=5316
FR,context=Main:1,p
FR,context=Main:1,p
VW,context=Main:1#setP:1,k=5318
FR,context=Main:1,p
FR,context=Main:1,p
VW,context=Main:1#setP:1,k=5320
FR,context=Main:1,p
FR,context=Main:1,p
VW,context=Main:1#setP:1,k=5322
FR,context=Main:1,p
FR,context=Main:1,p
VW,context=Main:1#setP:1,k=5324
FR,context=Main:1,p
FR,context=Main:1,p
VW,context=Main:1#setP:1,k=5326
FR,context=Main:1,p
FR,context=Main:1,p
VW,context=Main:1#setP:1,k=5328
FR,context=Main:1,p
FR,context=Main:1,p
VW,context=Main:1#setP:1,k=5330
FR,context=Main:1,p
FR,context=Main:1,p
VW,context=Main:1#setP:1,k=5332
FR,context=Main:1,p
FR,context=Main:1,p
VW,context=Main:1#setP:1,k=5334
FR,context=Main:1,p
FR,context=Main:1,p
VW,context=Main:1#setP:1,k=5336
FR,context=Main:1,p
FR,context=Main:1,p
VW,context=Main:1#setP:1,k=5338
FR,context=Main:1,p
FR,context=Main:1,p
VW,context=Main:1#setP:1,k=5340
FR,context=Main:1,p
FR,context=Main:1,p
VW,context=Main:1#setP:1,k=5342
FR,context=Main:1,p
FR,context=Main:1,p
VW,context=Main:1#setP:1,k=5344
FR,context=Main:1,p
FR,context=Main:1,p
VW,context=Main:1#setP:1,k=5346
FR,context=Main:1,p
FR,context=Main:1,p
VW,context=Main:1#setP:1,k=5348
FR,context=Main:1,p
FR,context=Main:1,p
VW,context=Main:1#setP:1,k=5350
FR,context=Main:1,p
FR,context=Main:1,p
VW,context=Main:1#setP:1,k=5352
FR,context=Main:1,p
FR,context=Main:1,p
VW,context=Main:1#setP:1,k=5354
FR,context=Main:1,p
FR,context=Main:1,p
VW,context=Main:1#setP:1,k=5356
FR,context=Main:1,p
FR,context=Main:1,p
VW,context=Main:1#setP:1,k=5358
FR,context=Main:1,p
FR,context=Main:1,p
VW,context=Main:1#setP:1,k=5360
FR,context=Main:1,p
FR,context=Main:1,p
VW,context=Main:1#setP:1,k=5362
FR,context=Main:1,p
FR,context=Main:1,p
VW,context=Main:1#setP:1,k=5364
FR,context=Main:1,p
FR,context=Main:1,p
VW,context=Main:1#setP:1,k=5366
FR,context=Main:1,p
FR,context=Main:1,p
VW,context=Main:1#setP:1,k=5368
FR,context=Main:1,p
FR,context=Main:1,p
VW,context=Main:1#setP:1,k=5370
FR,context=Main:1,p
FR,context=Main:1,p
VW,context=Main:1#setP:1,k=5372
FR,context=Main:1,p
FR,context=Main:1,p
VW,context=Main:1#setP:1,k=5374
FR,context=Main:1,p
FR,context=Main:1,p
VW,context=Main:1#setP:1,k=5376
FR,context=Main:1,p
FR,context=Main:1,p
VW,context=Main:1#setP:1,k=5378
FR,context=Main:1,p
FR,context=Main:1,p
VW,context=Main:1#setP:1,k=5380
FR,context=Main:1,p
FR,context=Main:1,p
VW,context=Main:1#setP:1,k=5382
FR,context=Main:1,p
FR,context=Main:1,p
VW,context=Main:1#setP:1,k=5384
FR,context=Main:1,p
FR,context=Main:1,p
VW,context=Main:1#setP:1,k=5386
FR,context=Main:1,p
FR,context=Main:1,p
VW,context=Main:1#setP:1,k=5388
FR,context=Main:1,p
FR,context=Main:1,p
VW,context=Main:1#setP:1,k=5390
FR,context=Main:1,p
FR,context=Main:1,p
VW,context=Main:1#setP:1,k=5392
FR,context=Main:1,p
FR,context=Main:1,p
VW,context=Main:1#setP:1,k=5394
FR,context=Main:1,p
FR,context=Main:1,p
VW,context=Main:1#setP:1,k=5396
FR,context=Main:1,p
FR,context=Main:1,p
VW,context=Main:1#setP:1,k=5398
FR,context=Main:1,p
FR,context=Main:1,p
VW,context=Main:1#setP:1,k=5400
FR,context=Main:1,p
FR,context=Main:1,p
VW,context=Main:1#setP:1,k=5402
FR,context=Main:1,p
FR,context=Main:1,p
VW,context=Main:1#setP:1,k=5404
FR,context=Main:1,p
FR,context=Main:1,p
VW,context=Main:1#setP:1,k=5406
FR,context=Main:1,p
FR,context=Main:1,p
VW,context=Main:1#setP:1,k=5408
FR,context=Main:1,p
FR,context=Main:1,p
VW,context=Main:1#setP:1,k=5410
FR,context=Main:1,p
FR,context=Main:1,p
VW,context=Main:1#setP:1,k=5412
FR,context=Main:1,p
FR,context=Main:1,p
VW,context=Main:1#setP:1,k=5414
FR,context=Main:1,p
FR,context=Main:1,p
VW,context=Main:1#setP:1,k=5416
FR,context=Main:1,p
FR,context=Main:1,p
VW,context=Main:1#setP:1,k=5418
FR,context=Main:1,p
FR,context=Main:1,p
VW,context=Main:1#setP:1,k=5420
FR,context=Main:1,p
FR,context=Main:1,p
VW,context=Main:1#setP:1,k=5422
FR,context=Main:1,p
FR,context=Main:1,p
VW,context=Main:1#setP:1,k=5424
FR,context=Main:1,p
FR,context=Main:1,p
VW,context=Main:1#setP:1,k=5426
FR,context=Main:1,p
FR,context=Main:1,p
VW,context=Main:1#setP:1,k=5428
FR,context=Main:1,p
FR,context=Main:1,p
VW,context=Main:1#setP:1,k=5430
FR,context=Main:1,p
FR,context=Main:1,p
VW,context=Main:1#setP:1,k=5432
FR,context=Main:1,p
FR,context=Main:1,p
VW,context=Main:1#setP:1,k=5434
FR,context=Main:1,p
FR,context=Main:1,p
VW,context=Main:1#setP:1,k=5436
FR,context=Main:1,p
FR,context=Main:1,p
VW,context=Main:1#setP:1,k=5438
FR,context=Main:1,p
FR,context=Main:1,p
VW,context=Main:1#setP:1,k=5440
FR,context=Main:1,p
FR,context=Main:1,p
VW,context=Main:1#setP:1,k=5442
FR,context=Main:1,p
FR,context=Main:1,p
VW,context=Main:1#setP:1,k=5444
FR,context=Main:1,p
FR,context=Main:1,p
VW,context=Main:1#setP:1,k=5446
FR,context=Main:1,p
FR,context=Main:1,p
VW,context=Main:1#setP:1,k=5448
FR,context=Main:1,p
FR,context=Main:1,p
VW,context=Main:1#setP:1,k=5450
FR,context=Main:1,p
FR,context=Main:1,p
VW,context=Main:1#setP:1,k=5452
FR,context=Main:1,p
FR,context=Main:1,p
VW,context=Main:1#setP:1,k=5454
FR,context=Main:1,p
FR,context=Main:1,p
VW,context=Main:1#setP:1,k=5456
FR,context=Main:1,p
FR,context=Main:1,p
VW,context=Main:1#setP:1,k=5458
FR,context=Main:1,p
FR,context=Main:1,p
VW,context=Main:1#setP:1,k=5460
FR,context=Main:1,p
FR,context=Main:1,p
VW,context=Main:1#setP:1,k=5462
FR,context=Main:1,p
FR,context=Main:1,p
VW,context=Main:1#setP:1,k=5464
FR,context=Main:1,p
FR,context=Main:1,p
VW,context=Main:1#setP:1,k=5466
FR,context=Main:1,p
FR,context=Main:1,p
VW,context=Main:1#setP:1,k=5468
FR,context=Main:1,p
FR,context=Main:1,p
VW,context=Main:1#setP:1,k=5470
FR,context=Main:1,p
FR,context=Main:1,p
VW,context=Main:1#setP:1,k=5472
FR,context=Main:1,p
FR,context=Main:1,p
VW,context=Main:1#setP:1,k=5474
FR,context=Main:1,p
FR,context=Main:1,p
VW,context=Main:1#setP:1,k=5476
FR,context=Main:1,p
FR,context=Main:1,p
VW,context=Main:1#setP:1,k=5478
FR,context=Main:1,p
FR,context=Main:1,p
VW,context=Main:1#setP:1,k=5480
FR,context=Main:1,p
FR,context=Main:1,p
VW,context=Main:1#setP:1,k=5482
FR,context=Main:1,p
FR,context=Main:1,p
VW,context=Main:1#setP:1,k=5484
FR,context=Main:1,p
FR,context=Main:1,p
VW,context=Main:1#setP:1,k=5486
FR,context=Main:1,p
FR,context=Main:1,p
VW,context=Main:1#setP:1,k=5488
FR,context=Main:1,p
FR,context=Main:1,p
VW,context=Main:1#setP:1,k=5490
FR,context=Main:1,p
FR,context=Main:1,p
VW,context=Main:1#setP:1,k=5492
FR,context=Main:1,p
FR,context=Main:1,p
VW,context=Main:1#setP:1,k=5494
FR,context=Main:1,p
FR,context=Main:1,p
VW,context=Main:1#setP:1,k=5496
FR,context=Main:1,p
FR,context=Main:1,p
VW,context=Main:1#setP:1,k=5498
FR,context=Main:1,p
FR,context=Main:1,p
VW,context=Main:1#setP:1,k=5500
FR,context=Main:1,p
FR,context=Main:1,p
VW,context=Main:1#setP:1,k=5502
FR,context=Main:1,p
FR,context=Main:1,p
VW,context=Main:1#setP:1,k=5504
FR,context=Main:1,p
FR,context=Main:1,p
VW,context=Main:1#setP:1,k=5506
FR,context=Main:1,p
FR,context=Main:1,p
VW,context=Main:1#setP:1,k=5508
FR,context=Main:1,p
FR,context=Main:1,p
VW,context=Main:1#setP:1,k=5510
FR,context=Main:1,p
FR,context=Main:1,p
VW,context=Main:1#setP:1,k=5512
FR,context=Main:1,p
FR,context=Main:1,p
VW,context=Main:1#setP:1,k=5514
FR,context=Main:1,p
FR,context=Main:1,p
VW,context=Main:1#setP:1,k=5516
FR,context=Main:1,p
FR,context=Main:1,p
VW,context=Main:1#setP:1,k=5518
FR,context=Main:1,p
FR,context=Main:1,p
VW,context=Main:1#setP:1,k=5520
FR,context=Main:1,p
FR,context=Main:1,p
VW,context=Main:1#setP:1,k=5522
FR,context=Main:1,p
FR,context=Main:1,p
VW,context=Main:1#setP:1,k=5524
FR,context=Main:1,p
FR,context=Main:1,p
VW,context=Main:1#setP:1,k=5526
FR,context=Main:1,p
FR,context=Main:1,p
VW,context=Main:1#setP:1,k=5528
FR,context=Main:1,p
FR,context=Main:1,p
VW,context=Main:1#setP:1,k=5530
FR,context=Main:1,p
FR,context=Main:1,p
VW,context=Main:1#setP:1,k=5532
FR,context=Main:1,p
FR,context=Main:1,p
VW,context=Main:1#setP:1,k=5534
FR,context=Main:1,p
FR,context=Main:1,p
VW,context=Main:1#setP:1,k=5536
FR,context=Main:1,p
FR,context=Main:1,p
VW,context=Main:1#setP:1,k=5538
FR,context=Main:1,p
FR,context=Main:1,p
VW,context=Main:1#setP:1,k=5540
FR,context=Main:1,p
FR,context=Main:1,p
VW,context=Main:1#setP:1,k=5542
FR,context=Main:1,p
FR,context=Main:1,p
VW,context=Main:1#setP:1,k=5544
FR,context=Main:1,p
FR,context=Main:1,p
VW,context=Main:1#setP:1,k=5546
FR,context=Main:1,p
FR,context=Main:1,p
VW,context=Main:1#setP:1,k=5548
FR,context=Main:1,p
FR,context=Main:1,p
VW,context=Main:1#setP:1,k=5550
FR,context=Main:1,p
FR,context=Main:1,p
VW,context=Main:1#setP:1,k=5552
FR,context=Main:1,p
FR,context=Main:1,p
VW,context=Main:1#setP:1,k=5554
FR,context=Main:1,p
FR,context=Main:1,p
VW,context=Main:1#setP:1,k=5556
FR,context=Main:1,p
FR,context=Main:1,p
VW,context=Main:1#setP:1,k=5558
FR,context=Main:1,p
FR,context=Main:1,p
VW,context=Main:1#setP:1,k=5560
FR,context=Main:1,p
FR,context=Main:1,p
VW,context=Main:1#setP:1,k=5562
FR,context=Main:1,p
FR,context=Main:1,p
VW,context=Main:1#setP:1,k=5564
FR,context=Main:1,p
FR,context=Main:1,p
VW,context=Main:1#setP:1,k=5566
FR,context=Main:1,p
FR,context=Main:1,p
VW,context=Main:1#setP:1,k=5568
FR,context=Main:1,p
FR,context=Main:1,p
VW,context=Main:1#setP:1,k=5570
FR,context=Main:1,p
FR,context=Main:1,p
VW,context=Main:1#setP:1,k=5572
FR,context=Main:1,p
FR,context=Main:1,p
VW,context=Main:1#setP:1,k=5574
FR,context=Main:1,p
FR,context=Main:1,p
VW,context=Main:1#setP:1,k=5576
FR,context=Main:1,p
FR,context=Main:1,p
VW,context=Main:1#setP:1,k=5578
FR,context=Main:1,p
FR,context=Main:1,p
VW,context=Main:1#setP:1,k=5580
FR,context=Main:1,p
FR,context=Main:1,p
VW,context=Main:1#setP:1,k=5582
FR,context=Main:1,p
FR,context=Main:1,p
VW,context=Main:1#setP:1,k=5584
FR,context=Main:1,p
FR,context=Main:1,p
VW,context=Main:1#setP:1,k=5586
FR,context=Main:1,p
FR,context=Main:1,p
VW,context=Main:1#setP:1,k=5588
FR,context=Main:1,p
FR,context=Main:1,p
VW,context=Main:1#setP:1,k=5590
FR,context=Main:1,p
FR,context=Main:1,p
VW,context=Main:1#setP:1,k=5592
FR,context=Main:1,p
FR,context=Main:1,p
VW,context=Main:1#setP:1,k=5594
FR,context=Main:1,p
FR,context=Main:1,p
VW,context=Main:1#setP:1,k=5596
FR,context=Main:1,p
FR,context=Main:1,p
VW,context=Main:1#setP:1,k=5598
FR,context=Main:1,p
FR,context=Main:1,p
VW,context=Main:1#setP:1,k=5600
FR,context=Main:1,p
FR,context=Main:1,p
VW,context=Main:1#setP:1,k=5602
FR,context=Main:1,p
FR,context=Main:1,p
VW,context=Main:1#setP:1,k=5604
FR,context=Main:1,p
FR,context=Main:1,p
VW,context=Main:1#setP:1,k=5606
FR,context=Main:1,p
FR,context=Main:1,p
VW,context=Main:1#setP:1,k=5608
FR,context=Main:1,p
FR,context=Main:1,p
VW,context=Main:1#setP:1,k=5610
FR,context=Main:1,p
FR,context=Main:1,p
VW,context=Main:1#setP:1,k=5612
FR,context=Main:1,p
FR,context=Main:1,p
VW,context=Main:1#setP:1,k=5614
FR,context=Main:1,p
FR,context=Main:1,p
VW,context=Main:1#setP:1,k=5616
FR,context=Main:1,p
FR,context=Main:1,p
VW,context=Main:1#setP:1,k=5618
FR,context=Main:1,p
FR,context=Main:1,p
VW,context=Main:1#setP:1,k=5620
FR,context=Main:1,p
FR,context=Main:1,p
VW,context=Main:1#setP:1,k=5622
FR,context=Main:1,p
FR,context=Main:1,p
VW,context=Main:1#setP:1,k=5624
FR,context=Main:1,p
FR,context=Main:1,p
VW,context=Main:1#setP:1,k=5626
FR,context=Main:1,p
FR,context=Main:1,p
VW,context=Main:1#setP:1,k=5628
FR,context=Main:1,p
FR,context=Main:1,p
VW,context=Main:1#setP:1,k=5630
FR,context=Main:1,p
FR,context=Main:1,p
VW,context=Main:1#setP:1,k=5632
FR,context=Main:1,p
FR,context=Main:1,p
VW,context=Main:1#setP:1,k=5634
FR,context=Main:1,p
FR,context=Main:1,p
VW,context=Main:1#setP:1,k=5636
FR,context=Main:1,p
FR,context=Main:1,p
VW,context=Main:1#setP:1,k=5638
FR,context=Main:1,p
FR,context=Main:1,p
VW,context=Main:1#setP:1,k=5640
FR,context=Main:1,p
FR,context=Main:1,p
VW,context=Main:1#setP:1,k=5642
FR,context=Main:1,p
FR,context=Main:1,p
VW,context=Main:1#setP:1,k=5644
FR,context=Main:1,p
FR,context=Main:1,p
VW,context=Main:1#setP:1,k=5646
FR,context=Main:1,p
FR,context=Main:1,p
VW,context=Main:1#setP:1,k=5648
FR,context=Main:1,p
FR,context=Main:1,p
VW,context=Main:1#setP:1,k=5650
FR,context=Main:1,p
FR,context=Main:1,p
VW,context=Main:1#setP:1,k=5652
FR,context=Main:1,p
FR,context=Main:1,p
VW,context=Main:1#setP:1,k=5654
FR,context=Main:1,p
FR,context=Main:1,p
VW,context=Main:1#setP:1,k=5656
FR,context=Main:1,p
FR,context=Main:1,p
VW,context=Main:1#setP:1,k=5658
FR,context=Main:1,p
FR,context=Main:1,p
VW,context=Main:1#setP:1,k=5660
FR,context=Main:1,p
FR,context=Main:1,p
VW,context=Main:1#setP:1,k=5662
FR,context=Main:1,p
FR,context=Main:1,p
VW,context=Main:1#setP:1,k=5664
FR,context=Main:1,p
FR,context=Main:1,p
VW,context=Main:1#setP:1,k=5666
FR,context=Main:1,p
FR,context=Main:1,p
VW,context=Main:1#setP:1,k=5668
FR,context=Main:1,p
FR,context=Main:1,p
VW,context=Main:1#setP:1,k=5670
FR,context=Main:1,p
FR,context=Main:1,p
VW,context=Main:1#setP:1,k=5672
FR,context=Main:1,p
FR,context=Main:1,p
VW,context=Main:1#setP:1,k=5674
FR,context=Main:1,p
FR,context=Main:1,p
VW,context=Main:1#setP:1,k=5676
FR,context=Main:1,p
FR,context=Main:1,p
VW,context=Main:1#setP:1,k=5678
FR,context=Main:1,p
FR,context=Main:1,p
VW,context=Main:1#setP:1,k=5680
FR,context=Main:1,p
FR,context=Main:1,p
VW,context=Main:1#setP:1,k=5682
FR,context=Main:1,p
FR,context=Main:1,p
VW,context=Main:1#setP:1,k=5684
FR,context=Main:1,p
FR,context=Main:1,p
VW,context=Main:1#setP:1,k=5686
FR,context=Main:1,p
FR,context=Main:1,p
VW,context=Main:1#setP:1,k=5688
FR,context=Main:1,p
FR,context=Main:1,p
VW,context=Main:1#setP:1,k=5690
FR,context=Main:1,p
FR,context=Main:1,p
VW,context=Main:1#setP:1,k=5692
FR,context=Main:1,p
FR,context=Main:1,p
VW,context=Main:1#setP:1,k=5694
FR,context=Main:1,p
FR,context=Main:1,p
VW,context=Main:1#setP:1,k=5696
FR,context=Main:1,p
FR,context=Main:1,p
VW,context=Main:1#setP:1,k=5698
FR,context=Main:1,p
FR,context=Main:1,p
VW,context=Main:1#setP:1,k=5700
FR,context=Main:1,p
FR,context=Main:1,p
VW,context=Main:1#setP:1,k=5702
FR,context=Main:1,p
FR,context=Main:1,p
VW,context=Main:1#setP:1,k=5704
FR,context=Main:1,p
FR,context=Main:1,p
VW,context=Main:1#setP:1,k=5706
FR,context=Main:1,p
FR,context=Main:1,p
VW,context=Main:1#setP:1,k=5708
FR,context=Main:1,p
FR,context=Main:1,p
VW,context=Main:1#setP:1,k=5710
FR,context=Main:1,p
FR,context=Main:1,p
VW,context=Main:1#setP:1,k=5712
FR,context=Main:1,p
FR,context=Main:1,p
VW,context=Main:1#setP:1,k=5714
FR,context=Main:1,p
FR,context=Main:1,p
VW,context=Main:1#setP:1,k=5716
FR,context=Main:1,p
FR,context=Main:1,p
VW,context=Main:1#setP:1,k=5718
FR,context=Main:1,p
FR,context=Main:1,p
VW,context=Main:1#setP:1,k=5720
FR,context=Main:1,p
FR,context=Main:1,p
VW,context=Main:1#setP:1,k=5722
FR,context=Main:1,p
FR,context=Main:1,p
VW,context=Main:1#setP:1,k=5724
FR,context=Main:1,p
FR,context=Main:1,p
VW,context=Main:1#setP:1,k=5726
FR,context=Main:1,p
FR,context=Main:1,p
VW,context=Main:1#setP:1,k=5728
FR,context=Main:1,p
FR,context=Main:1,p
VW,context=Main:1#setP:1,k=5730
FR,context=Main:1,p
FR,context=Main:1,p
VW,context=Main:1#setP:1,k=5732
FR,context=Main:1,p
FR,context=Main:1,p
VW,context=Main:1#setP:1,k=5734
FR,context=Main:1,p
FR,context=Main:1,p
VW,context=Main:1#setP:1,k=5736
FR,context=Main:1,p
FR,context=Main:1,p
VW,context=Main:1#setP:1,k=5738
FR,context=Main:1,p
FR,context=Main:1,p
VW,context=Main:1#setP:1,k=5740
FR,context=Main:1,p
FR,context=Main:1,p
VW,context=Main:1#setP:1,k=5742
FR,context=Main:1,p
FR,context=Main:1,p
VW,context=Main:1#setP:1,k=5744
FR,context=Main:1,p
FR,context=Main:1,p
VW,context=Main:1#setP:1,k=5746
FR,context=Main:1,p
FR,context=Main:1,p
VW,context=Main:1#setP:1,k=5748
FR,context=Main:1,p
FR,context=Main:1,p
VW,context=Main:1#setP:1,k=5750
FR,context=Main:1,p
FR,context=Main:1,p
VW,context=Main:1#setP:1,k=5752
FR,context=Main:1,p
FR,context=Main:1,p
VW,context=Main:1#setP:1,k=5754
FR,context=Main:1,p
FR,context=Main:1,p
VW,context=Main:1#setP:1,k=5756
FR,context=Main:1,p
FR,context=Main:1,p
VW,context=Main:1#setP:1,k=5758
FR,context=Main:1,p
FR,context=Main:1,p
VW,context=Main:1#setP:1,k=5760
FR,context=Main:1,p
FR,context=Main:1,p
VW,context=Main:1#setP:1,k=5762
FR,context=Main:1,p
FR,context=Main:1,p
VW,context=Main:1#setP:1,k=5764
FR,context=Main:1,p
FR,context=Main:1,p
VW,context=Main:1#setP:1,k=5766
FR,context=Main:1,p
FR,context=Main:1,p
VW,context=Main:1#setP:1,k=5768
FR,context=Main:1,p
FR,context=Main:1,p
VW,context=Main:1#setP:1,k=5770
FR,context=Main:1,p
FR,context=Main:1,p
VW,context=Main:1#setP:1,k=5772
FR,context=Main:1,p
FR,context=Main:1,p
VW,context=Main:1#setP:1,k=5774
FR,context=Main:1,p
FR,context=Main:1,p
VW,context=Main:1#setP:1,k=5776
FR,context=Main:1,p
FR,context=Main:1,p
VW,context=Main:1#setP:1,k=5778
FR,context=Main:1,p
FR,context=Main:1,p
VW,context=Main:1#setP:1,k=5780
FR,context=Main:1,p
FR,context=Main:1,p
VW,context=Main:1#setP:1,k=5782
FR,context=Main:1,p
FR,context=Main:1,p
VW,context=Main:1#setP:1,k=5784
FR,context=Main:1,p
FR,context=Main:1,p
VW,context=Main:1#setP:1,k=5786
FR,context=Main:1,p
FR,context=Main:1,p
VW,context=Main:1#setP:1,k=5788
FR,context=Main:1,p
FR,context=Main:1,p
VW,context=Main:1#setP:1,k=5790
FR,context=Main:1,p
FR,context=Main:1,p
VW,context=Main:1#setP:1,k=5792
FR,context=Main:1,p
FR,context=Main:1,p
VW,context=Main:1#setP:1,k=5794
FR,context=Main:1,p
FR,context=Main:1,p
VW,context=Main:1#setP:1,k=5796
FR,context=Main:1,p
FR,context=Main:1,p
VW,context=Main:1#setP:1,k=5798
FR,context=Main:1,p
FR,context=Main:1,p
VW,context=Main:1#setP:1,k=5800
FR,context=Main:1,p
FR,context=Main:1,p
VW,context=Main:1#setP:1,k=5802
FR,context=Main:1,p
FR,context=Main:1,p
VW,context=Main:1#setP:1,k=5804
FR,context=Main:1,p
FR,context=Main:1,p
VW,context=Main:1#setP:1,k=5806
FR,context=Main:1,p
FR,context=Main:1,p
VW,context=Main:1#setP:1,k=5808
FR,context=Main:1,p
FR,context=Main:1,p
VW,context=Main:1#setP:1,k=5810
FR,context=Main:1,p
FR,context=Main:1,p
VW,context=Main:1#setP:1,k=5812
FR,context=Main:1,p
FR,context=Main:1,p
VW,context=Main:1#setP:1,k=5814
FR,context=Main:1,p
FR,context=Main:1,p
VW,context=Main:1#setP:1,k=5816
FR,context=Main:1,p
FR,context=Main:1,p
VW,context=Main:1#setP:1,k=5818
FR,context=Main:1,p
FR,context=Main:1,p
VW,context=Main:1#setP:1,k=5820
FR,context=Main:1,p
FR,context=Main:1,p
VW,context=Main:1#setP:1,k=5822
FR,context=Main:1,p
FR,context=Main:1,p
VW,context=Main:1#setP:1,k=5824
FR,context=Main:1,p
FR,context=Main:1,p
VW,context=Main:1#setP:1,k=5826
FR,context=Main:1,p
FR,context=Main:1,p
VW,context=Main:1#setP:1,k=5828
FR,context=Main:1,p
FR,context=Main:1,p
VW,context=Main:1#setP:1,k=5830
FR,context=Main:1,p
FR,context=Main:1,p
VW,context=Main:1#setP:1,k=5832
FR,context=Main:1,p
FR,context=Main:1,p
VW,context=Main:1#setP:1,k=5834
FR,context=Main:1,p
FR,context=Main:1,p
VW,context=Main:1#setP:1,k=5836
FR,context=Main:1,p
FR,context=Main:1,p
VW,context=Main:1#setP:1,k=5838
FR,context=Main:1,p
FR,context=Main:1,p
VW,context=Main:1#setP:1,k=5840
FR,context=Main:1,p
FR,context=Main:1,p
VW,context=Main:1#setP:1,k=5842
FR,context=Main:1,p
FR,context=Main:1,p
VW,context=Main:1#setP:1,k=5844
FR,context=Main:1,p
FR,context=Main:1,p
VW,context=Main:1#setP:1,k=5846
FR,context=Main:1,p
FR,context=Main:1,p
VW,context=Main:1#setP:1,k=5848
FR,context=Main:1,p
FR,context=Main:1,p
VW,context=Main:1#setP:1,k=5850
FR,context=Main:1,p
FR,context=Main:1,p
VW,context=Main:1#setP:1,k=5852
FR,context=Main:1,p
FR,context=Main:1,p
VW,context=Main:1#setP:1,k=5854
FR,context=Main:1,p
FR,context=Main:1,p
VW,context=Main:1#setP:1,k=5856
FR,context=Main:1,p
FR,context=Main:1,p
VW,context=Main:1#setP:1,k=5858
FR,context=Main:1,p
FR,context=Main:1,p
VW,context=Main:1#setP:1,k=5860
FR,context=Main:1,p
FR,context=Main:1,p
VW,context=Main:1#setP:1,k=5862
FR,context=Main:1,p
FR,context=Main:1,p
VW,context=Main:1#setP:1,k=5864
FR,context=Main:1,p
FR,context=Main:1,p
VW,context=Main:1#setP:1,k=5866
FR,context=Main:1,p
FR,context=Main:1,p
VW,context=Main:1#setP:1,k=5868
FR,context=Main:1,p
FR,context=Main:1,p
VW,context=Main:1#setP:1,k=5870
FR,context=Main:1,p
FR,context=Main:1,p
VW,context=Main:1#setP:1,k=5872
FR,context=Main:1,p
FR,context=Main:1,p
VW,context=Main:1#setP:1,k=5874
FR,context=Main:1,p
FR,context=Main:1,p
VW,context=Main:1#setP:1,k=5876
FR,context=Main:1,p
FR,context=Main:1,p
VW,context=Main:1#setP:1,k=5878
FR,context=Main:1,p
FR,context=Main:1,p
VW,context=Main:1#setP:1,k=5880
FR,context=Main:1,p
FR,context=Main:1,p
VW,context=Main:1#setP:1,k=5882
FR,context=Main:1,p
FR,context=Main:1,p
VW,context=Main:1#setP:1,k=5884
FR,context=Main:1,p
FR,context=Main:1,p
VW,context=Main:1#setP:1,k=5886
FR,context=Main:1,p
FR,context=Main:1,p
VW,context=Main:1#setP:1,k=5888
FR,context=Main:1,p
FR,context=Main:1,p
VW,context=Main:1#setP:1,k=5890
FR,context=Main:1,p
FR,context=Main:1,p
VW,context=Main:1#setP:1,k=5892
FR,context=Main:1,p
FR,context=Main:1,p
VW,context=Main:1#setP:1,k=5894
FR,context=Main:1,p
FR,context=Main:1,p
VW,context=Main:1#setP:1,k=5896
FR,context=Main:1,p
FR,context=Main:1,p
VW,context=Main:1#setP:1,k=5898
FR,context=Main:1,p
FR,context=Main:1,p
VW,context=Main:1#setP:1,k=5900
FR,context=Main:1,p
FR,context=Main:1,p
VW,context=Main:1#setP:1,k=5902
FR,context=Main:1,p
FR,context=Main:1,p
VW,context=Main:1#setP:1,k=5904
FR,context=Main:1,p
FR,context=Main:1,p
VW,context=Main:1#setP:1,k=5906
FR,context=Main:1,p
FR,context=Main:1,p
VW,context=Main:1#setP:1,k=5908
FR,context=Main:1,p
FR,context=Main:1,p
VW,context=Main:1#setP:1,k=5910
FR,context=Main:1,p
FR,context=Main:1,p
VW,context=Main:1#setP:1,k=5912
FR,context=Main:1,p
FR,context=Main:1,p
VW,context=Main:1#setP:1,k=5914
FR,context=Main:1,p
FR,context=Main:1,p
VW,context=Main:1#setP:1,k=5916
FR,context=Main:1,p
FR,context=Main:1,p
VW,context=Main:1#setP:1,k=5918
FR,context=Main:1,p
FR,context=Main:1,p
VW,context=Main:1#setP:1,k=5920
FR,context=Main:1,p
FR,context=Main:1,p
VW,context=Main:1#setP:1,k=5922
FR,context=Main:1,p
FR,context=Main:1,p
VW,context=Main:1#setP:1,k=5924
FR,context=Main:1,p
FR,context=Main:1,p
VW,context=Main:1#setP:1,k=5926
FR,context=Main:1,p
FR,context=Main:1,p
VW,context=Main:1#setP:1,k=5928
FR,context=Main:1,p
FR,context=Main:1,p
VW,context=Main:1#setP:1,k=5930
FR,context=Main:1,p
FR,context=Main:1,p
VW,context=Main:1#setP:1,k=5932
FR,context=Main:1,p
FR,context=Main:1,p
VW,context=Main:1#setP:1,k=5934
FR,context=Main:1,p
FR,context=Main:1,p
VW,context=Main:1#setP:1,k=5936
FR,context=Main:1,p
FR,context=Main:1,p
VW,context=Main:1#setP:1,k=5938
FR,context=Main:1,p
FR,context=Main:1,p
VW,context=Main:1#setP:1,k=5940
FR,context=Main:1,p
FR,context=Main:1,p
VW,context=Main:1#setP:1,k=5942
FR,context=Main:1,p
FR,context=Main:1,p
VW,context=Main:1#setP:1,k=5944
FR,context=Main:1,p
FR,context=Main:1,p
VW,context=Main:1#setP:1,k=5946
FR,context=Main:1,p
FR,context=Main:1,p
VW,context=Main:1#setP:1,k=5948
FR,context=Main:1,p
FR,context=Main:1,p
VW,context=Main:1#setP:1,k=5950
FR,context=Main:1,p
FR,context=Main:1,p
VW,context=Main:1#setP:1,k=5952
FR,context=Main:1,p
FR,context=Main:1,p
VW,context=Main:1#setP:1,k=5954
FR,context=Main:1,p
FR,context=Main:1,p
VW,context=Main:1#setP:1,k=5956
FR,context=Main:1,p
FR,context=Main:1,p
VW,context=Main:1#setP:1,k=5958
FR,context=Main:1,p
FR,context=Main:1,p
VW,context=Main:1#setP:1,k=5960
FR,context=Main:1,p
FR,context=Main:1,p
VW,context=Main:1#setP:1,k=5962
FR,context=Main:1,p
FR,context=Main:1,p
VW,context=Main:1#setP:1,k=5964
FR,context=Main:1,p
FR,context=Main:1,p
VW,context=Main:1#setP:1,k=5966
FR,context=Main:1,p
FR,context=Main:1,p
VW,context=Main:1#setP:1,k=5968
FR,context=Main:1,p
FR,context=Main:1,p
VW,context=Main:1#setP:1,k=5970
FR,context=Main:1,p
FR,context=Main:1,p
VW,context=Main:1#setP:1,k=5972
FR,context=Main:1,p
FR,context=Main:1,p
VW,context=Main:1#setP:1,k=5974
FR,context=Main:1,p
FR,context=Main:1,p
VW,context=Main:1#setP:1,k=5976
FR,context=Main:1,p
FR,context=Main:1,p
VW,context=Main:1#setP:1,k=5978
FR,context=Main:1,p
FR,context=Main:1,p
VW,context=Main:1#setP:1,k=5980
FR,context=Main:1,p
FR,context=Main:1,p
VW,context=Main:1#setP:1,k=5982
FR,context=Main:1,p
FR,context=Main:1,p
VW,context=Main:1#setP:1,k=5984
FR,context=Main:1,p
FR,context=Main:1,p
VW,context=Main:1#setP:1,k=5986
FR,context=Main:1,p
FR,context=Main:1,p
VW,context=Main:1#setP:1,k=5988
FR,context=Main:1,p
FR,context=Main:1,p
VW,context=Main:1#setP:1,k=5990
FR,context=Main:1,p
FR,context=Main:1,p
VW,context=Main:1#setP:1,k=5992
FR,context=Main:1,p
FR,context=Main:1,p
VW,context=Main:1#setP:1,k=5994
FR,context=Main:1,p
FR,context=Main:1,p
VW,context=Main:1#setP:1,k=5996
FR,context=Main:1,p
FR,context=Main:1,p
VW,context=Main:1#setP:1,k=5998
FR,context=Main:1,p
FR,context=Main:1,p
VW,context=Main:1#setP:1,k=6000
FR,context=Main:1,p
FR,context=Main:1,p
VW,context=Main:1#setP:1,k=6002
FR,context=Main:1,p
FR,context=Main:1,p
VW,context=Main:1#setP:1,k=6004
FR,context=Main:1,p
FR,context=Main:1,p
VW,context=Main:1#setP:1,k=6006
FR,context=Main:1,p
FR,context=Main:1,p
VW,context=Main:1#setP:1,k=6008
FR,context=Main:1,p
FR,context=Main:1,p
VW,context=Main:1#setP:1,k=6010
FR,context=Main:1,p
FR,context=Main:1,p
VW,context=Main:1#setP:1,k=6012
FR,context=Main:1,p
FR,context=Main:1,p
VW,context=Main:1#setP:1,k=6014
FR,context=Main:1,p
FR,context=Main:1,p
VW,context=Main:1#setP:1,k=6016
FR,context=Main:1,p
FR,context=Main:1,p
VW,context=Main:1#setP:1,k=6018
FR,context=Main:1,p
FR,context=Main:1,p
VW,context=Main:1#setP:1,k=6020
FR,context=Main:1,p
FR,context=Main:1,p
VW,context=Main:1#setP:1,k=6022
FR,context=Main:1,p
FR,context=Main:1,p
VW,context=Main:1#setP:1,k=6024
FR,context=Main:1,p
FR,context=Main:1,p
VW,context=Main:1#setP:1,k=6026
FR,context=Main:1,p
FR,context=Main:1,p
VW,context=Main:1#setP:1,k=6028
FR,context=Main:1,p
FR,context=Main:1,p
VW,context=Main:1#setP:1,k=6030
FR,context=Main:1,p
FR,context=Main:1,p
VW,context=Main:1#setP:1,k=6032
FR,context=Main:1,p
FR,context=Main:1,p
VW,context=Main:1#setP:1,k=6034
FR,context=Main:1,p
FR,context=Main:1,p
VW,context=Main:1#setP:1,k=6036
FR,context=Main:1,p
FR,context=Main:1,p
VW,context=Main:1#setP:1,k=6038
FR,context=Main:1,p
FR,context=Main:1,p
VW,context=Main:1#setP:1,k=6040
FR,context=Main:1,p
FR,context=Main:1,p
VW,context=Main:1#setP:1,k=6042
FR,context=Main:1,p
FR,context=Main:1,p
VW,context=Main:1#setP:1,k=6044
FR,context=Main:1,p
FR,context=Main:1,p
VW,context=Main:1#setP:1,k=6046
FR,context=Main:1,p
FR,context=Main:1,p
VW,context=Main:1#setP:1,k=6048
FR,context=Main:1,p
FR,context=Main:1,p
VW,context=Main:1#setP:1,k=6050
FR,context=Main:1,p
FR,context=Main:1,p
VW,context=Main:1#setP:1,k=6052
FR,context=Main:1,p
FR,context=Main:1,p
VW,context=Main:1#setP:1,k=6054
FR,context=Main:1,p
FR,context=Main:1,p
VW,context=Main:1#setP:1,k=6056
FR,context=Main:1,p
FR,context=Main:1,p
VW,context=Main:1#setP:1,k=6058
FR,context=Main:1,p
FR,context=Main:1,p
VW,context=Main:1#setP:1,k=6060
FR,context=Main:1,p
FR,context=Main:1,p
VW,context=Main:1#setP:1,k=6062
FR,context=Main:1,p
FR,context=Main:1,p
VW,context=Main:1#setP:1,k=6064
FR,context=Main:1,p
FR,context=Main:1,p
VW,context=Main:1#setP:1,k=6066
FR,context=Main:1,p
FR,context=Main:1,p
VW,context=Main:1#setP:1,k=6068
FR,context=Main:1,p
FR,context=Main:1,p
VW,context=Main:1#setP:1,k=6070
FR,context=Main:1,p
FR,context=Main:1,p
VW,context=Main:1#setP:1,k=6072
FR,context=Main:1,p
FR,context=Main:1,p
VW,context=Main:1#setP:1,k=6074
FR,context=Main:1,p
FR,context=Main:1,p
VW,context=Main:1#setP:1,k=6076
FR,context=Main:1,p
FR,context=Main:1,p
VW,context=Main:1#setP:1,k=6078
FR,context=Main:1,p
FR,context=Main:1,p
VW,context=Main:1#setP:1,k=6080
FR,context=Main:1,p
FR,context=Main:1,p
VW,context=Main:1#setP:1,k=6082
FR,context=Main:1,p
FR,context=Main:1,p
VW,context=Main:1#setP:1,k=6084
FR,context=Main:1,p
FR,context=Main:1,p
VW,context=Main:1#setP:1,k=6086
FR,context=Main:1,p
FR,context=Main:1,p
VW,context=Main:1#setP:1,k=6088
FR,context=Main:1,p
FR,context=Main:1,p
VW,context=Main:1#setP:1,k=6090
FR,context=Main:1,p
FR,context=Main:1,p
VW,context=Main:1#setP:1,k=6092
FR,context=Main:1,p
FR,context=Main:1,p
VW,context=Main:1#setP:1,k=6094
FR,context=Main:1,p
FR,context=Main:1,p
VW,context=Main:1#setP:1,k=6096
FR,context=Main:1,p
FR,context=Main:1,p
VW,context=Main:1#setP:1,k=6098
FR,context=Main:1,p
FR,context=Main:1,p
VW,context=Main:1#setP:1,k=6100
FR,context=Main:1,p
FR,context=Main:1,p
VW,context=Main:1#setP:1,k=6102
FR,context=Main:1,p
FR,context=Main:1,p
VW,context=Main:1#setP:1,k=6104
FR,context=Main:1,p
FR,context=Main:1,p
VW,context=Main:1#setP:1,k=6106
FR,context=Main:1,p
FR,context=Main:1,p
VW,context=Main:1#setP:1,k=6108
FR,context=Main:1,p
FR,context=Main:1,p
VW,context=Main:1#setP:1,k=6110
FR,context=Main:1,p
FR,context=Main:1,p
VW,context=Main:1#setP:1,k=6112
FR,context=Main:1,p
FR,context=Main:1,p
VW,context=Main:1#setP:1,k=6114
FR,context=Main:1,p
FR,context=Main:1,p
VW,context=Main:1#setP:1,k=6116
FR,context=Main:1,p
FR,context=Main:1,p
VW,context=Main:1#setP:1,k=6118
FR,context=Main:1,p
FR,context=Main:1,p
VW,context=Main:1#setP:1,k=6120
FR,context=Main:1,p
FR,context=Main:1,p
VW,context=Main:1#setP:1,k=6122
FR,context=Main:1,p
FR,context=Main:1,p
VW,context=Main:1#setP:1,k=6124
FR,context=Main:1,p
FR,context=Main:1,p
VW,context=Main:1#setP:1,k=6126
FR,context=Main:1,p
FR,context=Main:1,p
VW,context=Main:1#setP:1,k=6128
FR,context=Main:1,p
FR,context=Main:1,p
VW,context=Main:1#setP:1,k=6130
FR,context=Main:1,p
FR,context=Main:1,p
VW,context=Main:1#setP:1,k=6132
FR,context=Main:1,p
FR,context=Main:1,p
VW,context=Main:1#setP:1,k=6134
FR,context=Main:1,p
FR,context=Main:1,p
VW,context=Main:1#setP:1,k=6136
FR,context=Main:1,p
FR,context=Main:1,p
VW,context=Main:1#setP:1,k=6138
FR,context=Main:1,p
FR,context=Main:1,p
VW,context=Main:1#setP:1,k=6140
FR,context=Main:1,p
FR,context=Main:1,p
VW,context=Main:1#setP:1,k=6142
FR,context=Main:1,p
FR,context=Main:1,p
VW,context=Main:1#setP:1,k=6144
FR,context=Main:1,p
FR,context=Main:1,p
VW,context=Main:1#setP:1,k=6146
FR,context=Main:1,p
FR,context=Main:1,p
VW,context=Main:1#setP:1,k=6148
FR,context=Main:1,p
FR,context=Main:1,p
VW,context=Main:1#setP:1,k=6150
FR,context=Main:1,p
FR,context=Main:1,p
VW,context=Main:1#setP:1,k=6152
FR,context=Main:1,p
FR,context=Main:1,p
VW,context=Main:1#setP:1,k=6154
FR,context=Main:1,p
FR,context=Main:1,p
VW,context=Main:1#setP:1,k=6156
FR,context=Main:1,p
FR,context=Main:1,p
VW,context=Main:1#setP:1,k=6158
FR,context=Main:1,p
FR,context=Main:1,p
VW,context=Main:1#setP:1,k=6160
FR,context=Main:1,p
FR,context=Main:1,p
VW,context=Main:1#setP:1,k=6162
FR,context=Main:1,p
FR,context=Main:1,p
VW,context=Main:1#setP:1,k=6164
FR,context=Main:1,p
FR,context=Main:1,p
VW,context=Main:1#setP:1,k=6166
FR,context=Main:1,p
FR,context=Main:1,p
VW,context=Main:1#setP:1,k=6168
FR,context=Main:1,p
FR,context=Main:1,p
VW,context=Main:1#setP:1,k=6170
FR,context=Main:1,p
FR,context=Main:1,p
VW,context=Main:1#setP:1,k=6172
FR,context=Main:1,p
FR,context=Main:1,p
VW,context=Main:1#setP:1,k=6174
FR,context=Main:1,p
FR,context=Main:1,p
VW,context=Main:1#setP:1,k=6176
FR,context=Main:1,p
FR,context=Main:1,p
VW,context=Main:1#setP:1,k=6178
FR,context=Main:1,p
FR,context=Main:1,p
VW,context=Main:1#setP:1,k=6180
FR,context=Main:1,p
FR,context=Main:1,p
VW,context=Main:1#setP:1,k=6182
FR,context=Main:1,p
FR,context=Main:1,p
VW,context=Main:1#setP:1,k=6184
FR,context=Main:1,p
FR,context=Main:1,p
VW,context=Main:1#setP:1,k=6186
FR,context=Main:1,p
FR,context=Main:1,p
VW,context=Main:1#setP:1,k=6188
FR,context=Main:1,p
FR,context=Main:1,p
VW,context=Main:1#setP:1,k=6190
FR,context=Main:1,p
FR,context=Main:1,p
VW,context=Main:1#setP:1,k=6192
FR,context=Main:1,p
FR,context=Main:1,p
VW,context=Main:1#setP:1,k=6194
FR,context=Main:1,p
FR,context=Main:1,p
VW,context=Main:1#setP:1,k=6196
FR,context=Main:1,p
FR,context=Main:1,p
VW,context=Main:1#setP:1,k=6198
FR,context=Main:1,p
FR,context=Main:1,p
VW,context=Main:1#setP:1,k=6200
FR,context=Main:1,p
FR,context=Main:1,p
VW,context=Main:1#setP:1,k=6202
FR,context=Main:1,p
FR,context=Main:1,p
VW,context=Main:1#setP:1,k=6204
FR,context=Main:1,p
FR,context=Main:1,p
VW,context=Main:1#setP:1,k=6206
FR,context=Main:1,p
FR,context=Main:1,p
VW,context=Main:1#setP:1,k=6208
FR,context=Main:1,p
FR,context=Main:1,p
VW,context=Main:1#setP:1,k=6210
FR,context=Main:1,p
FR,context=Main:1,p
VW,context=Main:1#setP:1,k=6212
FR,context=Main:1,p
FR,context=Main:1,p
VW,context=Main:1#setP:1,k=6214
FR,context=Main:1,p
FR,context=Main:1,p
VW,context=Main:1#setP:1,k=6216
FR,context=Main:1,p
FR,context=Main:1,p
VW,context=Main:1#setP:1,k=6218
FR,context=Main:1,p
FR,context=Main:1,p
VW,context=Main:1#setP:1,k=6220
FR,context=Main:1,p
FR,context=Main:1,p
VW,context=Main:1#setP:1,k=6222
FR,context=Main:1,p
FR,context=Main:1,p
VW,context=Main:1#setP:1,k=6224
FR,context=Main:1,p
FR,context=Main:1,p
VW,context=Main:1#setP:1,k=6226
FR,context=Main:1,p
FR,context=Main:1,p
VW,context=Main:1#setP:1,k=6228
FR,context=Main:1,p
FR,context=Main:1,p
VW,context=Main:1#setP:1,k=6230
FR,context=Main:1,p
FR,context=Main:1,p
VW,context=Main:1#setP:1,k=6232
FR,context=Main:1,p
FR,context=Main:1,p
VW,context=Main:1#setP:1,k=6234
FR,context=Main:1,p
FR,context=Main:1,p
VW,context=Main:1#setP:1,k=6236
FR,context=Main:1,p
FR,context=Main:1,p
VW,context=Main:1#setP:1,k=6238
FR,context=Main:1,p
FR,context=Main:1,p
VW,context=Main:1#setP:1,k=6240
FR,context=Main:1,p
FR,context=Main:1,p
VW,context=Main:1#setP:1,k=6242
FR,context=Main:1,p
FR,context=Main:1,p
VW,context=Main:1#setP:1,k=6244
FR,context=Main:1,p
FR,context=Main:1,p
VW,context=Main:1#setP:1,k=6246
FR,context=Main:1,p
FR,context=Main:1,p
VW,context=Main:1#setP:1,k=6248
FR,context=Main:1,p
FR,context=Main:1,p
VW,context=Main:1#setP:1,k=6250
FR,context=Main:1,p
FR,context=Main:1,p
VW,context=Main:1#setP:1,k=6252
FR,context=Main:1,p
FR,context=Main:1,p
VW,context=Main:1#setP:1,k=6254
FR,context=Main:1,p
FR,context=Main:1,p
VW,context=Main:1#setP:1,k=6256
FR,context=Main:1,p
FR,context=Main:1,p
VW,context=Main:1#setP:1,k=6258
FR,context=Main:1,p
FR,context=Main:1,p
VW,context=Main:1#setP:1,k=6260
FR,context=Main:1,p
FR,context=Main:1,p
VW,context=Main:1#setP:1,k=6262
FR,context=Main:1,p
FR,context=Main:1,p
VW,context=Main:1#setP:1,k=6264
FR,context=Main:1,p
FR,context=Main:1,p
VW,context=Main:1#setP:1,k=6266
FR,context=Main:1,p
FR,context=Main:1,p
VW,context=Main:1#setP:1,k=6268
FR,context=Main:1,p
FR,context=Main:1,p
VW,context=Main:1#setP:1,k=6270
FR,context=Main:1,p
FR,context=Main:1,p
VW,context=Main:1#setP:1,k=6272
FR,context=Main:1,p
FR,context=Main:1,p
VW,context=Main:1#setP:1,k=6274
FR,context=Main:1,p
FR,context=Main:1,p
VW,context=Main:1#setP:1,k=6276
FR,context=Main:1,p
FR,context=Main:1,p
VW,context=Main:1#setP:1,k=6278
FR,context=Main:1,p
FR,context=Main:1,p
VW,context=Main:1#setP:1,k=6280
FR,context=Main:1,p
FR,context=Main:1,p
VW,context=Main:1#setP:1,k=6282
FR,context=Main:1,p
FR,context=Main:1,p
VW,context=Main:1#setP:1,k=6284
FR,context=Main:1,p
FR,context=Main:1,p
VW,context=Main:1#setP:1,k=6286
FR,context=Main:1,p
FR,context=Main:1,p
VW,context=Main:1#setP:1,k=6288
FR,context=Main:1,p
FR,context=Main:1,p
VW,context=Main:1#setP:1,k=6290
FR,context=Main:1,p
FR,context=Main:1,p
VW,context=Main:1#setP:1,k=6292
FR,context=Main:1,p
FR,context=Main:1,p
VW,context=Main:1#setP:1,k=6294
FR,context=Main:1,p
FR,context=Main:1,p
VW,context=Main:1#setP:1,k=6296
FR,context=Main:1,p
FR,context=Main:1,p
VW,context=Main:1#setP:1,k=6298
FR,context=Main:1,p
FR,context=Main:1,p
VW,context=Main:1#setP:1,k=6300
FR,context=Main:1,p
FR,context=Main:1,p
VW,context=Main:1#setP:1,k=6302
FR,context=Main:1,p
FR,context=Main:1,p
VW,context=Main:1#setP:1,k=6304
FR,context=Main:1,p
FR,context=Main:1,p
VW,context=Main:1#setP:1,k=6306
FR,context=Main:1,p
FR,context=Main:1,p
VW,context=Main:1#setP:1,k=6308
FR,context=Main:1,p
FR,context=Main:1,p
VW,context=Main:1#setP:1,k=6310
FR,context=Main:1,p
FR,context=Main:1,p
VW,context=Main:1#setP:1,k=6312
FR,context=Main:1,p
FR,context=Main:1,p
VW,context=Main:1#setP:1,k=6314
FR,context=Main:1,p
FR,context=Main:1,p
VW,context=Main:1#setP:1,k=6316
FR,context=Main:1,p
FR,context=Main:1,p
VW,context=Main:1#setP:1,k=6318
FR,context=Main:1,p
FR,context=Main:1,p
VW,context=Main:1#setP:1,k=6320
FR,context=Main:1,p
FR,context=Main:1,p
VW,context=Main:1#setP:1,k=6322
FR,context=Main:1,p
FR,context=Main:1,p
VW,context=Main:1#setP:1,k=6324
FR,context=Main:1,p
FR,context=Main:1,p
VW,context=Main:1#setP:1,k=6326
FR,context=Main:1,p
FR,context=Main:1,p
VW,context=Main:1#setP:1,k=6328
FR,context=Main:1,p
FR,context=Main:1,p
VW,context=Main:1#setP:1,k=6330
FR,context=Main:1,p
FR,context=Main:1,p
VW,context=Main:1#setP:1,k=6332
FR,context=Main:1,p
FR,context=Main:1,p
VW,context=Main:1#setP:1,k=6334
FR,context=Main:1,p
FR,context=Main:1,p
VW,context=Main:1#setP:1,k=6336
FR,context=Main:1,p
FR,context=Main:1,p
VW,context=Main:1#setP:1,k=6338
FR,context=Main:1,p
FR,context=Main:1,p
VW,context=Main:1#setP:1,k=6340
FR,context=Main:1,p
FR,context=Main:1,p
VW,context=Main:1#setP:1,k=6342
FR,context=Main:1,p
FR,context=Main:1,p
VW,context=Main:1#setP:1,k=6344
FR,context=Main:1,p
FR,context=Main:1,p
VW,context=Main:1#setP:1,k=6346
FR,context=Main:1,p
FR,context=Main:1,p
VW,context=Main:1#setP:1,k=6348
FR,context=Main:1,p
FR,context=Main:1,p
VW,context=Main:1#setP:1,k=6350
FR,context=Main:1,p
FR,context=Main:1,p
VW,context=Main:1#setP:1,k=6352
FR,context=Main:1,p
FR,context=Main:1,p
VW,context=Main:1#setP:1,k=6354
FR,context=Main:1,p
FR,context=Main:1,p
VW,context=Main:1#setP:1,k=6356
FR,context=Main:1,p
FR,context=Main:1,p
VW,context=Main:1#setP:1,k=6358
FR,context=Main:1,p
FR,context=Main:1,p
VW,context=Main:1#setP:1,k=6360
FR,context=Main:1,p
FR,context=Main:1,p
VW,context=Main:1#setP:1,k=6362
FR,context=Main:1,p
FR,context=Main:1,p
VW,context=Main:1#setP:1,k=6364
FR,context=Main:1,p
FR,context=Main:1,p
VW,context=Main:1#setP:1,k=6366
FR,context=Main:1,p
FR,context=Main:1,p
VW,context=Main:1#setP:1,k=6368
FR,context=Main:1,p
FR,context=Main:1,p
VW,context=Main:1#setP:1,k=6370
FR,context=Main:1,p
FR,context=Main:1,p
VW,context=Main:1#setP:1,k=6372
FR,context=Main:1,p
FR,context=Main:1,p
VW,context=Main:1#setP:1,k=6374
FR,context=Main:1,p
FR,context=Main:1,p
VW,context=Main:1#setP:1,k=6376
FR,context=Main:1,p
FR,context=Main:1,p
VW,context=Main:1#setP:1,k=6378
FR,context=Main:1,p
FR,context=Main:1,p
VW,context=Main:1#setP:1,k=6380
FR,context=Main:1,p
FR,context=Main:1,p
VW,context=Main:1#setP:1,k=6382
FR,context=Main:1,p
FR,context=Main:1,p
VW,context=Main:1#setP:1,k=6384
FR,context=Main:1,p
FR,context=Main:1,p
VW,context=Main:1#setP:1,k=6386
FR,context=Main:1,p
FR,context=Main:1,p
VW,context=Main:1#setP:1,k=6388
FR,context=Main:1,p
FR,context=Main:1,p
VW,context=Main:1#setP:1,k=6390
FR,context=Main:1,p
FR,context=Main:1,p
VW,context=Main:1#setP:1,k=6392
FR,context=Main:1,p
FR,context=Main:1,p
VW,context=Main:1#setP:1,k=6394
FR,context=Main:1,p
FR,context=Main:1,p
VW,context=Main:1#setP:1,k=6396
FR,context=Main:1,p
FR,context=Main:1,p
VW,context=Main:1#setP:1,k=6398
FR,context=Main:1,p
FR,context=Main:1,p
VW,context=Main:1#setP:1,k=6400
FR,context=Main:1,p
FR,context=Main:1,p
VW,context=Main:1#setP:1,k=6402
FR,context=Main:1,p
FR,context=Main:1,p
VW,context=Main:1#setP:1,k=6404
FR,context=Main:1,p
FR,context=Main:1,p
VW,context=Main:1#setP:1,k=6406
FR,context=Main:1,p
FR,context=Main:1,p
VW,context=Main:1#setP:1,k=6408
FR,context=Main:1,p
FR,context=Main:1,p
VW,context=Main:1#setP:1,k=6410
FR,context=Main:1,p
FR,context=Main:1,p
VW,context=Main:1#setP:1,k=6412
FR,context=Main:1,p
FR,context=Main:1,p
VW,context=Main:1#setP:1,k=6414
FR,context=Main:1,p
FR,context=Main:1,p
VW,context=Main:1#setP:1,k=6416
FR,context=Main:1,p
FR,context=Main:1,p
VW,context=Main:1#setP:1,k=6418
FR,context=Main:1,p
FR,context=Main:1,p
VW,context=Main:1#setP:1,k=6420
FR,context=Main:1,p
FR,context=Main:1,p
VW,context=Main:1#setP:1,k=6422
FR,context=Main:1,p
FR,context=Main:1,p
VW,context=Main:1#setP:1,k=6424
FR,context=Main:1,p
FR,context=Main:1,p
VW,context=Main:1#setP:1,k=6426
FR,context=Main:1,p
FR,context=Main:1,p
VW,context=Main:1#setP:1,k=6428
FR,context=Main:1,p
FR,context=Main:1,p
VW,context=Main:1#setP:1,k=6430
FR,context=Main:1,p
FR,context=Main:1,p
VW,context=Main:1#setP:1,k=6432
FR,context=Main:1,p
FR,context=Main:1,p
VW,context=Main:1#setP:1,k=6434
FR,context=Main:1,p
FR,context=Main:1,p
VW,context=Main:1#setP:1,k=6436
FR,context=Main:1,p
FR,context=Main:1,p
VW,context=Main:1#setP:1,k=6438
FR,context=Main:1,p
FR,context=Main:1,p
VW,context=Main:1#setP:1,k=6440
FR,context=Main:1,p
FR,context=Main:1,p
VW,context=Main:1#setP:1,k=6442
FR,context=Main:1,p
FR,context=Main:1,p
VW,context=Main:1#setP:1,k=6444
FR,context=Main:1,p
FR,context=Main:1,p
VW,context=Main:1#setP:1,k=6446
FR,context=Main:1,p
FR,context=Main:1,p
VW,context=Main:1#setP:1,k=6448
FR,context=Main:1,p
FR,context=Main:1,p
VW,context=Main:1#setP:1,k=6450
FR,context=Main:1,p
FR,context=Main:1,p
VW,context=Main:1#setP:1,k=6452
FR,context=Main:1,p
FR,context=Main:1,p
VW,context=Main:1#setP:1,k=6454
FR,context=Main:1,p
FR,context=Main:1,p
VW,context=Main:1#setP:1,k=6456
FR,context=Main:1,p
FR,context=Main:1,p
VW,context=Main:1#setP:1,k=6458
FR,context=Main:1,p
FR,context=Main:1,p
VW,context=Main:1#setP:1,k=6460
FR,context=Main:1,p
FR,context=Main:1,p
VW,context=Main:1#setP:1,k=6462
FR,context=Main:1,p
FR,context=Main:1,p
VW,context=Main:1#setP:1,k=6464
FR,context=Main:1,p
FR,context=Main:1,p
VW,context=Main:1#setP:1,k=6466
FR,context=Main:1,p
FR,context=Main:1,p
VW,context=Main:1#setP:1,k=6468
FR,context=Main:1,p
FR,context=Main:1,p
VW,context=Main:1#setP:1,k=6470
FR,context=Main:1,p
FR,context=Main:1,p
VW,context=Main:1#setP:1,k=6472
FR,context=Main:1,p
FR,context=Main:1,p
VW,context=Main:1#setP:1,k=6474
FR,context=Main:1,p
FR,context=Main:1,p
VW,context=Main:1#setP:1,k=6476
FR,context=Main:1,p
FR,context=Main:1,p
VW,context=Main:1#setP:1,k=6478
FR,context=Main:1,p
FR,context=Main:1,p
VW,context=Main:1#setP:1,k=6480
FR,context=Main:1,p
FR,context=Main:1,p
VW,context=Main:1#setP:1,k=6482
FR,context=Main:1,p
FR,context=Main:1,p
VW,context=Main:1#setP:1,k=6484
FR,context=Main:1,p
FR,context=Main:1,p
VW,context=Main:1#setP:1,k=6486
FR,context=Main:1,p
FR,context=Main:1,p
VW,context=Main:1#setP:1,k=6488
FR,context=Main:1,p
FR,context=Main:1,p
VW,context=Main:1#setP:1,k=6490
FR,context=Main:1,p
FR,context=Main:1,p
VW,context=Main:1#setP:1,k=6492
FR,context=Main:1,p
FR,context=Main:1,p
VW,context=Main:1#setP:1,k=6494
FR,context=Main:1,p
FR,context=Main:1,p
VW,context=Main:1#setP:1,k=6496
FR,context=Main:1,p
FR,context=Main:1,p
VW,context=Main:1#setP:1,k=6498
FR,context=Main:1,p
FR,context=Main:1,p
VW,context=Main:1#setP:1,k=6500
FR,context=Main:1,p
FR,context=Main:1,p
VW,context=Main:1#setP:1,k=6502
FR,context=Main:1,p
FR,context=Main:1,p
VW,context=Main:1#setP:1,k=6504
FR,context=Main:1,p
FR,context=Main:1,p
VW,context=Main:1#setP:1,k=6506
FR,context=Main:1,p
FR,context=Main:1,p
VW,context=Main:1#setP:1,k=6508
FR,context=Main:1,p
FR,context=Main:1,p
VW,context=Main:1#setP:1,k=6510
FR,context=Main:1,p
FR,context=Main:1,p
VW,context=Main:1#setP:1,k=6512
FR,context=Main:1,p
FR,context=Main:1,p
VW,context=Main:1#setP:1,k=6514
FR,context=Main:1,p
FR,context=Main:1,p
VW,context=Main:1#setP:1,k=6516
FR,context=Main:1,p
FR,context=Main:1,p
VW,context=Main:1#setP:1,k=6518
FR,context=Main:1,p
FR,context=Main:1,p
VW,context=Main:1#setP:1,k=6520
FR,context=Main:1,p
FR,context=Main:1,p
VW,context=Main:1#setP:1,k=6522
FR,context=Main:1,p
FR,context=Main:1,p
VW,context=Main:1#setP:1,k=6524
FR,context=Main:1,p
FR,context=Main:1,p
VW,context=Main:1#setP:1,k=6526
FR,context=Main:1,p
FR,context=Main:1,p
VW,context=Main:1#setP:1,k=6528
FR,context=Main:1,p
FR,context=Main:1,p
VW,context=Main:1#setP:1,k=6530
FR,context=Main:1,p
FR,context=Main:1,p
VW,context=Main:1#setP:1,k=6532
FR,context=Main:1,p
FR,context=Main:1,p
VW,context=Main:1#setP:1,k=6534
FR,context=Main:1,p
FR,context=Main:1,p
VW,context=Main:1#setP:1,k=6536
FR,context=Main:1,p
FR,context=Main:1,p
VW,context=Main:1#setP:1,k=6538
FR,context=Main:1,p
FR,context=Main:1,p
VW,context=Main:1#setP:1,k=6540
FR,context=Main:1,p
FR,context=Main:1,p
VW,context=Main:1#setP:1,k=6542
FR,context=Main:1,p
FR,context=Main:1,p
VW,context=Main:1#setP:1,k=6544
FR,context=Main:1,p
FR,context=Main:1,p
VW,context=Main:1#setP:1,k=6546
FR,context=Main:1,p
FR,context=Main:1,p
VW,context=Main:1#setP:1,k=6548
FR,context=Main:1,p
FR,context=Main:1,p
VW,context=Main:1#setP:1,k=6550
FR,context=Main:1,p
FR,context=Main:1,p
VW,context=Main:1#setP:1,k=6552
FR,context=Main:1,p
FR,context=Main:1,p
VW,context=Main:1#setP:1,k=6554
FR,context=Main:1,p
FR,context=Main:1,p
VW,context=Main:1#setP:1,k=6556
FR,context=Main:1,p
FR,context=Main:1,p
VW,context=Main:1#setP:1,k=6558
FR,context=Main:1,p
FR,context=Main:1,p
VW,context=Main:1#setP:1,k=6560
FR,context=Main:1,p
FR,context=Main:1,p
VW,context=Main:1#setP:1,k=6562
FR,context=Main:1,p
FR,context=Main:1,p
VW,context=Main:1#setP:1,k=6564
FR,context=Main:1,p
FR,context=Main:1,p
VW,context=Main:1#setP:1,k=6566
FR,context=Main:1,p
FR,context=Main:1,p
VW,context=Main:1#setP:1,k=6568
FR,context=Main:1,p
FR,context=Main:1,p
VW,context=Main:1#setP:1,k=6570
FR,context=Main:1,p
FR,context=Main:1,p
VW,context=Main:1#setP:1,k=6572
FR,context=Main:1,p
FR,context=Main:1,p
VW,context=Main:1#setP:1,k=6574
FR,context=Main:1,p
FR,context=Main:1,p
VW,context=Main:1#setP:1,k=6576
FR,context=Main:1,p
FR,context=Main:1,p
VW,context=Main:1#setP:1,k=6578
FR,context=Main:1,p
FR,context=Main:1,p
VW,context=Main:1#setP:1,k=6580
FR,context=Main:1,p
FR,context=Main:1,p
VW,context=Main:1#setP:1,k=6582
FR,context=Main:1,p
FR,context=Main:1,p
VW,context=Main:1#setP:1,k=6584
FR,context=Main:1,p
FR,context=Main:1,p
VW,context=Main:1#setP:1,k=6586
FR,context=Main:1,p
FR,context=Main:1,p
VW,context=Main:1#setP:1,k=6588
FR,context=Main:1,p
FR,context=Main:1,p
VW,context=Main:1#setP:1,k=6590
FR,context=Main:1,p
FR,context=Main:1,p
VW,context=Main:1#setP:1,k=6592
FR,context=Main:1,p
FR,context=Main:1,p
VW,context=Main:1#setP:1,k=6594
FR,context=Main:1,p
FR,context=Main:1,p
VW,context=Main:1#setP:1,k=6596
FR,context=Main:1,p
FR,context=Main:1,p
VW,context=Main:1#setP:1,k=6598
FR,context=Main:1,p
FR,context=Main:1,p
VW,context=Main:1#setP:1,k=6600
FR,context=Main:1,p
FR,context=Main:1,p
VW,context=Main:1#setP:1,k=6602
FR,context=Main:1,p
FR,context=Main:1,p
VW,context=Main:1#setP:1,k=6604
FR,context=Main:1,p
FR,context=Main:1,p
VW,context=Main:1#setP:1,k=6606
FR,context=Main:1,p
FR,context=Main:1,p
VW,context=Main:1#setP:1,k=6608
FR,context=Main:1,p
FR,context=Main:1,p
VW,context=Main:1#setP:1,k=6610
FR,context=Main:1,p
FR,context=Main:1,p
VW,context=Main:1#setP:1,k=6612
FR,context=Main:1,p
FR,context=Main:1,p
VW,context=Main:1#setP:1,k=6614
FR,context=Main:1,p
FR,context=Main:1,p
VW,context=Main:1#setP:1,k=6616
FR,context=Main:1,p
FR,context=Main:1,p
VW,context=Main:1#setP:1,k=6618
FR,context=Main:1,p
FR,context=Main:1,p
VW,context=Main:1#setP:1,k=6620
FR,context=Main:1,p
FR,context=Main:1,p
VW,context=Main:1#setP:1,k=6622
FR,context=Main:1,p
FR,context=Main:1,p
VW,context=Main:1#setP:1,k=6624
FR,context=Main:1,p
FR,context=Main:1,p
VW,context=Main:1#setP:1,k=6626
FR,context=Main:1,p
FR,context=Main:1,p
VW,context=Main:1#setP:1,k=6628
FR,context=Main:1,p
FR,context=Main:1,p
VW,context=Main:1#setP:1,k=6630
FR,context=Main:1,p
FR,context=Main:1,p
VW,context=Main:1#setP:1,k=6632
FR,context=Main:1,p
FR,context=Main:1,p
VW,context=Main:1#setP:1,k=6634
FR,context=Main:1,p
FR,context=Main:1,p
VW,context=Main:1#setP:1,k=6636
FR,context=Main:1,p
FR,context=Main:1,p
VW,context=Main:1#setP:1,k=6638
FR,context=Main:1,p
FR,context=Main:1,p
VW,context=Main:1#setP:1,k=6640
FR,context=Main:1,p
FR,context=Main:1,p
VW,context=Main:1#setP:1,k=6642
FR,context=Main:1,p
FR,context=Main:1,p
VW,context=Main:1#setP:1,k=6644
FR,context=Main:1,p
FR,context=Main:1,p
VW,context=Main:1#setP:1,k=6646
FR,context=Main:1,p
FR,context=Main:1,p
VW,context=Main:1#setP:1,k=6648
FR,context=Main:1,p
FR,context=Main:1,p
VW,context=Main:1#setP:1,k=6650
FR,context=Main:1,p
FR,context=Main:1,p
VW,context=Main:1#setP:1,k=6652
FR,context=Main:1,p
FR,context=Main:1,p
VW,context=Main:1#setP:1,k=6654
FR,context=Main:1,p
FR,context=Main:1,p
VW,context=Main:1#setP:1,k=6656
FR,context=Main:1,p
FR,context=Main:1,p
VW,context=Main:1#setP:1,k=6658
FR,context=Main:1,p
FR,context=Main:1,p
VW,context=Main:1#setP:1,k=6660
FR,context=Main:1,p
FR,context=Main:1,p
VW,context=Main:1#setP:1,k=6662
FR,context=Main:1,p
FR,context=Main:1,p
VW,context=Main:1#setP:1,k=6664
FR,context=Main:1,p
FR,context=Main:1,p
VW,context=Main:1#setP:1,k=6666
FR,context=Main:1,p
FR,context=Main:1,p
VW,context=Main:1#setP:1,k=6668
FR,context=Main:1,p
FR,context=Main:1,p
VW,context=Main:1#setP:1,k=6670
FR,context=Main:1,p
FR,context=Main:1,p
VW,context=Main:1#setP:1,k=6672
FR,context=Main:1,p
FR,context=Main:1,p
VW,context=Main:1#setP:1,k=6674
FR,context=Main:1,p
FR,context=Main:1,p
VW,context=Main:1#setP:1,k=6676
FR,context=Main:1,p
FR,context=Main:1,p
VW,context=Main:1#setP:1,k=6678
FR,context=Main:1,p
FR,context=Main:1,p
VW,context=Main:1#setP:1,k=6680
FR,context=Main:1,p
FR,context=Main:1,p
VW,context=Main:1#setP:1,k=6682
FR,context=Main:1,p
FR,context=Main:1,p
VW,context=Main:1#setP:1,k=6684
FR,context=Main:1,p
FR,context=Main:1,p
VW,context=Main:1#setP:1,k=6686
FR,context=Main:1,p
FR,context=Main:1,p
VW,context=Main:1#setP:1,k=6688
FR,context=Main:1,p
FR,context=Main:1,p
VW,context=Main:1#setP:1,k=6690
FR,context=Main:1,p
FR,context=Main:1,p
VW,context=Main:1#setP:1,k=6692
FR,context=Main:1,p
FR,context=Main:1,p
VW,context=Main:1#setP:1,k=6694
FR,context=Main:1,p
FR,context=Main:1,p
VW,context=Main:1#setP:1,k=6696
FR,context=Main:1,p
FR,context=Main:1,p
VW,context=Main:1#setP:1,k=6698
FR,context=Main:1,p
FR,context=Main:1,p
VW,context=Main:1#setP:1,k=6700
FR,context=Main:1,p
FR,context=Main:1,p
VW,context=Main:1#setP:1,k=6702
FR,context=Main:1,p
FR,context=Main:1,p
VW,context=Main:1#setP:1,k=6704
FR,context=Main:1,p
FR,context=Main:1,p
VW,context=Main:1#setP:1,k=6706
FR,context=Main:1,p
FR,context=Main:1,p
VW,context=Main:1#setP:1,k=6708
FR,context=Main:1,p
FR,context=Main:1,p
VW,context=Main:1#setP:1,k=6710
FR,context=Main:1,p
FR,context=Main:1,p
VW,context=Main:1#setP:1,k=6712
FR,context=Main:1,p
FR,context=Main:1,p
VW,context=Main:1#setP:1,k=6714
FR,context=Main:1,p
FR,context=Main:1,p
VW,context=Main:1#setP:1,k=6716
FR,context=Main:1,p
FR,context=Main:1,p
VW,context=Main:1#setP:1,k=6718
FR,context=Main:1,p
FR,context=Main:1,p
VW,context=Main:1#setP:1,k=6720
FR,context=Main:1,p
FR,context=Main:1,p
VW,context=Main:1#setP:1,k=6722
FR,context=Main:1,p
FR,context=Main:1,p
VW,context=Main:1#setP:1,k=6724
FR,context=Main:1,p
FR,context=Main:1,p
VW,context=Main:1#setP:1,k=6726
FR,context=Main:1,p
FR,context=Main:1,p
VW,context=Main:1#setP:1,k=6728
FR,context=Main:1,p
FR,context=Main:1,p
VW,context=Main:1#setP:1,k=6730
FR,context=Main:1,p
FR,context=Main:1,p
VW,context=Main:1#setP:1,k=6732
FR,context=Main:1,p
FR,context=Main:1,p
VW,context=Main:1#setP:1,k=6734
FR,context=Main:1,p
FR,context=Main:1,p
VW,context=Main:1#setP:1,k=6736
FR,context=Main:1,p
FR,context=Main:1,p
VW,context=Main:1#setP:1,k=6738
FR,context=Main:1,p
FR,context=Main:1,p
VW,context=Main:1#setP:1,k=6740
FR,context=Main:1,p
FR,context=Main:1,p
VW,context=Main:1#setP:1,k=6742
FR,context=Main:1,p
FR,context=Main:1,p
VW,context=Main:1#setP:1,k=6744
FR,context=Main:1,p
FR,context=Main:1,p
VW,context=Main:1#setP:1,k=6746
FR,context=Main:1,p
FR,context=Main:1,p
VW,context=Main:1#setP:1,k=6748
FR,context=Main:1,p
FR,context=Main:1,p
VW,context=Main:1#setP:1,k=6750
FR,context=Main:1,p
FR,context=Main:1,p
VW,context=Main:1#setP:1,k=6752
FR,context=Main:1,p
FR,context=Main:1,p
VW,context=Main:1#setP:1,k=6754
FR,context=Main:1,p
FR,context=Main:1,p
VW,context=Main:1#setP:1,k=6756
FR,context=Main:1,p
FR,context=Main:1,p
VW,context=Main:1#setP:1,k=6758
FR,context=Main:1,p
FR,context=Main:1,p
VW,context=Main:1#setP:1,k=6760
FR,context=Main:1,p
FR,context=Main:1,p
VW,context=Main:1#setP:1,k=6762
FR,context=Main:1,p
FR,context=Main:1,p
VW,context=Main:1#setP:1,k=6764
FR,context=Main:1,p
FR,context=Main:1,p
VW,context=Main:1#setP:1,k=6766
FR,context=Main:1,p
FR,context=Main:1,p
VW,context=Main:1#setP:1,k=6768
FR,context=Main:1,p
FR,context=Main:1,p
VW,context=Main:1#setP:1,k=6770
FR,context=Main:1,p
FR,context=Main:1,p
VW,context=Main:1#setP:1,k=6772
FR,context=Main:1,p
FR,context=Main:1,p
VW,context=Main:1#setP:1,k=6774
FR,context=Main:1,p
FR,context=Main:1,p
VW,context=Main:1#setP:1,k=6776
FR,context=Main:1,p
FR,context=Main:1,p
VW,context=Main:1#setP:1,k=6778
FR,context=Main:1,p
FR,context=Main:1,p
VW,context=Main:1#setP:1,k=6780
FR,context=Main:1,p
FR,context=Main:1,p
VW,context=Main:1#setP:1,k=6782
FR,context=Main:1,p
FR,context=Main:1,p
VW,context=Main:1#setP:1,k=6784
FR,context=Main:1,p
FR,context=Main:1,p
VW,context=Main:1#setP:1,k=6786
FR,context=Main:1,p
FR,context=Main:1,p
VW,context=Main:1#setP:1,k=6788
FR,context=Main:1,p
FR,context=Main:1,p
VW,context=Main:1#setP:1,k=6790
FR,context=Main:1,p
FR,context=Main:1,p
VW,context=Main:1#setP:1,k=6792
FR,context=Main:1,p
FR,context=Main:1,p
VW,context=Main:1#setP:1,k=6794
FR,context=Main:1,p
FR,context=Main:1,p
VW,context=Main:1#setP:1,k=6796
FR,context=Main:1,p
FR,context=Main:1,p
VW,context=Main:1#setP:1,k=6798
FR,context=Main:1,p
FR,context=Main:1,p
VW,context=Main:1#setP:1,k=6800
FR,context=Main:1,p
FR,context=Main:1,p
VW,context=Main:1#setP:1,k=6802
FR,context=Main:1,p
FR,context=Main:1,p
VW,context=Main:1#setP:1,k=6804
FR,context=Main:1,p
FR,context=Main:1,p
VW,context=Main:1#setP:1,k=6806
FR,context=Main:1,p
FR,context=Main:1,p
VW,context=Main:1#setP:1,k=6808
FR,context=Main:1,p
FR,context=Main:1,p
VW,context=Main:1#setP:1,k=6810
FR,context=Main:1,p
FR,context=Main:1,p
VW,context=Main:1#setP:1,k=6812
FR,context=Main:1,p
FR,context=Main:1,p
VW,context=Main:1#setP:1,k=6814
FR,context=Main:1,p
FR,context=Main:1,p
VW,context=Main:1#setP:1,k=6816
FR,context=Main:1,p
FR,context=Main:1,p
VW,context=Main:1#setP:1,k=6818
FR,context=Main:1,p
FR,context=Main:1,p
VW,context=Main:1#setP:1,k=6820
FR,context=Main:1,p
FR,context=Main:1,p
VW,context=Main:1#setP:1,k=6822
FR,context=Main:1,p
FR,context=Main:1,p
VW,context=Main:1#setP:1,k=6824
FR,context=Main:1,p
FR,context=Main:1,p
VW,context=Main:1#setP:1,k=6826
FR,context=Main:1,p
FR,context=Main:1,p
VW,context=Main:1#setP:1,k=6828
FR,context=Main:1,p
FR,context=Main:1,p
VW,context=Main:1#setP:1,k=6830
FR,context=Main:1,p
FR,context=Main:1,p
VW,context=Main:1#setP:1,k=6832
FR,context=Main:1,p
FR,context=Main:1,p
VW,context=Main:1#setP:1,k=6834
FR,context=Main:1,p
FR,context=Main:1,p
VW,context=Main:1#setP:1,k=6836
FR,context=Main:1,p
FR,context=Main:1,p
VW,context=Main:1#setP:1,k=6838
FR,context=Main:1,p
FR,context=Main:1,p
VW,context=Main:1#setP:1,k=6840
FR,context=Main:1,p
FR,context=Main:1,p
VW,context=Main:1#setP:1,k=6842
FR,context=Main:1,p
FR,context=Main:1,p
VW,context=Main:1#setP:1,k=6844
FR,context=Main:1,p
FR,context=Main:1,p
VW,context=Main:1#setP:1,k=6846
FR,context=Main:1,p
FR,context=Main:1,p
VW,context=Main:1#setP:1,k=6848
FR,context=Main:1,p
FR,context=Main:1,p
VW,context=Main:1#setP:1,k=6850
FR,context=Main:1,p
FR,context=Main:1,p
VW,context=Main:1#setP:1,k=6852
FR,context=Main:1,p
FR,context=Main:1,p
VW,context=Main:1#setP:1,k=6854
FR,context=Main:1,p
FR,context=Main:1,p
VW,context=Main:1#setP:1,k=6856
FR,context=Main:1,p
FR,context=Main:1,p
VW,context=Main:1#setP:1,k=6858
FR,context=Main:1,p
FR,context=Main:1,p
VW,context=Main:1#setP:1,k=6860
FR,context=Main:1,p
FR,context=Main:1,p
VW,context=Main:1#setP:1,k=6862
FR,context=Main:1,p
FR,context=Main:1,p
VW,context=Main:1#setP:1,k=6864
FR,context=Main:1,p
FR,context=Main:1,p
VW,context=Main:1#setP:1,k=6866
FR,context=Main:1,p
FR,context=Main:1,p
VW,context=Main:1#setP:1,k=6868
FR,context=Main:1,p
FR,context=Main:1,p
VW,context=Main:1#setP:1,k=6870
FR,context=Main:1,p
FR,context=Main:1,p
VW,context=Main:1#setP:1,k=6872
FR,context=Main:1,p
FR,context=Main:1,p
VW,context=Main:1#setP:1,k=6874
FR,context=Main:1,p
FR,context=Main:1,p
VW,context=Main:1#setP:1,k=6876
FR,context=Main:1,p
FR,context=Main:1,p
VW,context=Main:1#setP:1,k=6878
FR,context=Main:1,p
FR,context=Main:1,p
VW,context=Main:1#setP:1,k=6880
FR,context=Main:1,p
FR,context=Main:1,p
VW,context=Main:1#setP:1,k=6882
FR,context=Main:1,p
FR,context=Main:1,p
VW,context=Main:1#setP:1,k=6884
FR,context=Main:1,p
FR,context=Main:1,p
VW,context=Main:1#setP:1,k=6886
FR,context=Main:1,p
FR,context=Main:1,p
VW,context=Main:1#setP:1,k=6888
FR,context=Main:1,p
FR,context=Main:1,p
VW,context=Main:1#setP:1,k=6890
FR,context=Main:1,p
FR,context=Main:1,p
VW,context=Main:1#setP:1,k=6892
FR,context=Main:1,p
FR,context=Main:1,p
VW,context=Main:1#setP:1,k=6894
FR,context=Main:1,p
FR,context=Main:1,p
VW,context=Main:1#setP:1,k=6896
FR,context=Main:1,p
FR,context=Main:1,p
VW,context=Main:1#setP:1,k=6898
FR,context=Main:1,p
FR,context=Main:1,p
VW,context=Main:1#setP:1,k=6900
FR,context=Main:1,p
FR,context=Main:1,p
VW,context=Main:1#setP:1,k=6902
FR,context=Main:1,p
FR,context=Main:1,p
VW,context=Main:1#setP:1,k=6904
FR,context=Main:1,p
FR,context=Main:1,p
VW,context=Main:1#setP:1,k=6906
FR,context=Main:1,p
FR,context=Main:1,p
VW,context=Main:1#setP:1,k=6908
FR,context=Main:1,p
FR,context=Main:1,p
VW,context=Main:1#setP:1,k=6910
FR,context=Main:1,p
FR,context=Main:1,p
VW,context=Main:1#setP:1,k=6912
FR,context=Main:1,p
FR,context=Main:1,p
VW,context=Main:1#setP:1,k=6914
FR,context=Main:1,p
FR,context=Main:1,p
VW,context=Main:1#setP:1,k=6916
FR,context=Main:1,p
FR,context=Main:1,p
VW,context=Main:1#setP:1,k=6918
FR,context=Main:1,p
FR,context=Main:1,p
VW,context=Main:1#setP:1,k=6920
FR,context=Main:1,p
FR,context=Main:1,p
VW,context=Main:1#setP:1,k=6922
FR,context=Main:1,p
FR,context=Main:1,p
VW,context=Main:1#setP:1,k=6924
FR,context=Main:1,p
FR,context=Main:1,p
VW,context=Main:1#setP:1,k=6926
FR,context=Main:1,p
FR,context=Main:1,p
VW,context=Main:1#setP:1,k=6928
FR,context=Main:1,p
FR,context=Main:1,p
VW,context=Main:1#setP:1,k=6930
FR,context=Main:1,p
FR,context=Main:1,p
VW,context=Main:1#setP:1,k=6932
FR,context=Main:1,p
FR,context=Main:1,p
VW,context=Main:1#setP:1,k=6934
FR,context=Main:1,p
FR,context=Main:1,p
VW,context=Main:1#setP:1,k=6936
FR,context=Main:1,p
FR,context=Main:1,p
VW,context=Main:1#setP:1,k=6938
FR,context=Main:1,p
FR,context=Main:1,p
VW,context=Main:1#setP:1,k=6940
FR,context=Main:1,p
FR,context=Main:1,p
VW,context=Main:1#setP:1,k=6942
FR,context=Main:1,p
FR,context=Main:1,p
VW,context=Main:1#setP:1,k=6944
FR,context=Main:1,p
FR,context=Main:1,p
VW,context=Main:1#setP:1,k=6946
FR,context=Main:1,p
FR,context=Main:1,p
VW,context=Main:1#setP:1,k=6948
FR,context=Main:1,p
FR,context=Main:1,p
VW,context=Main:1#setP:1,k=6950
FR,context=Main:1,p
FR,context=Main:1,p
VW,context=Main:1#setP:1,k=6952
FR,context=Main:1,p
FR,context=Main:1,p
VW,context=Main:1#setP:1,k=6954
FR,context=Main:1,p
FR,context=Main:1,p
VW,context=Main:1#setP:1,k=6956
FR,context=Main:1,p
FR,context=Main:1,p
VW,context=Main:1#setP:1,k=6958
FR,context=Main:1,p
FR,context=Main:1,p
VW,context=Main:1#setP:1,k=6960
FR,context=Main:1,p
FR,context=Main:1,p
VW,context=Main:1#setP:1,k=6962
FR,context=Main:1,p
FR,context=Main:1,p
VW,context=Main:1#setP:1,k=6964
FR,context=Main:1,p
FR,context=Main:1,p
VW,context=Main:1#setP:1,k=6966
FR,context=Main:1,p
FR,context=Main:1,p
VW,context=Main:1#setP:1,k=6968
FR,context=Main:1,p
FR,context=Main:1,p
VW,context=Main:1#setP:1,k=6970
FR,context=Main:1,p
FR,context=Main:1,p
VW,context=Main:1#setP:1,k=6972
FR,context=Main:1,p
FR,context=Main:1,p
VW,context=Main:1#setP:1,k=6974
FR,context=Main:1,p
FR,context=Main:1,p
VW,context=Main:1#setP:1,k=6976
FR,context=Main:1,p
FR,context=Main:1,p
VW,context=Main:1#setP:1,k=6978
FR,context=Main:1,p
FR,context=Main:1,p
VW,context=Main:1#setP:1,k=6980
FR,context=Main:1,p
FR,context=Main:1,p
VW,context=Main:1#setP:1,k=6982
FR,context=Main:1,p
FR,context=Main:1,p
VW,context=Main:1#setP:1,k=6984
FR,context=Main:1,p
FR,context=Main:1,p
VW,context=Main:1#setP:1,k=6986
FR,context=Main:1,p
FR,context=Main:1,p
VW,context=Main:1#setP:1,k=6988
FR,context=Main:1,p
FR,context=Main:1,p
VW,context=Main:1#setP:1,k=6990
FR,context=Main:1,p
FR,context=Main:1,p
VW,context=Main:1#setP:1,k=6992
FR,context=Main:1,p
FR,context=Main:1,p
VW,context=Main:1#setP:1,k=6994
FR,context=Main:1,p
FR,context=Main:1,p
VW,context=Main:1#setP:1,k=6996
FR,context=Main:1,p
FR,context=Main:1,p
VW,context=Main:1#setP:1,k=6998
FR,context=Main:1,p
FR,context=Main:1,p
VW,context=Main:1#setP:1,k=7000
FR,context=Main:1,p
FR,context=Main:1,p
VW,context=Main:1#setP:1,k=7002
FR,context=Main:1,p
FR,context=Main:1,p
VW,context=Main:1#setP:1,k=7004
FR,context=Main:1,p
FR,context=Main:1,p
VW,context=Main:1#setP:1,k=7006
FR,context=Main:1,p
FR,context=Main:1,p
VW,context=Main:1#setP:1,k=7008
FR,context=Main:1,p
FR,context=Main:1,p
VW,context=Main:1#setP:1,k=7010
FR,context=Main:1,p
FR,context=Main:1,p
VW,context=Main:1#setP:1,k=7012
FR,context=Main:1,p
FR,context=Main:1,p
VW,context=Main:1#setP:1,k=7014
FR,context=Main:1,p
FR,context=Main:1,p
VW,context=Main:1#setP:1,k=7016
FR,context=Main:1,p
FR,context=Main:1,p
VW,context=Main:1#setP:1,k=7018
FR,context=Main:1,p
FR,context=Main:1,p
VW,context=Main:1#setP:1,k=7020
FR,context=Main:1,p
FR,context=Main:1,p
VW,context=Main:1#setP:1,k=7022
FR,context=Main:1,p
FR,context=Main:1,p
VW,context=Main:1#setP:1,k=7024
FR,context=Main:1,p
FR,context=Main:1,p
VW,context=Main:1#setP:1,k=7026
FR,context=Main:1,p
FR,context=Main:1,p
VW,context=Main:1#setP:1,k=7028
FR,context=Main:1,p
FR,context=Main:1,p
VW,context=Main:1#setP:1,k=7030
FR,context=Main:1,p
FR,context=Main:1,p
VW,context=Main:1#setP:1,k=7032
FR,context=Main:1,p
FR,context=Main:1,p
VW,context=Main:1#setP:1,k=7034
FR,context=Main:1,p
FR,context=Main:1,p
VW,context=Main:1#setP:1,k=7036
FR,context=Main:1,p
FR,context=Main:1,p
VW,context=Main:1#setP:1,k=7038
FR,context=Main:1,p
FR,context=Main:1,p
VW,context=Main:1#setP:1,k=7040
FR,context=Main:1,p
FR,context=Main:1,p
VW,context=Main:1#setP:1,k=7042
FR,context=Main:1,p
FR,context=Main:1,p
VW,context=Main:1#setP:1,k=7044
FR,context=Main:1,p
FR,context=Main:1,p
VW,context=Main:1#setP:1,k=7046
FR,context=Main:1,p
FR,context=Main:1,p
VW,context=Main:1#setP:1,k=7048
FR,context=Main:1,p
FR,context=Main:1,p
VW,context=Main:1#setP:1,k=7050
FR,context=Main:1,p
FR,context=Main:1,p
VW,context=Main:1#setP:1,k=7052
FR,context=Main:1,p
FR,context=Main:1,p
VW,context=Main:1#setP:1,k=7054
FR,context=Main:1,p
FR,context=Main:1,p
VW,context=Main:1#setP:1,k=7056
FR,context=Main:1,p
FR,context=Main:1,p
VW,context=Main:1#setP:1,k=7058
FR,context=Main:1,p
FR,context=Main:1,p
VW,context=Main:1#setP:1,k=7060
FR,context=Main:1,p
FR,context=Main:1,p
VW,context=Main:1#setP:1,k=7062
FR,context=Main:1,p
FR,context=Main:1,p
VW,context=Main:1#setP:1,k=7064
FR,context=Main:1,p
FR,context=Main:1,p
VW,context=Main:1#setP:1,k=7066
FR,context=Main:1,p
FR,context=Main:1,p
VW,context=Main:1#setP:1,k=7068
FR,context=Main:1,p
FR,context=Main:1,p
VW,context=Main:1#setP:1,k=7070
FR,context=Main:1,p
FR,context=Main:1,p
VW,context=Main:1#setP:1,k=7072
FR,context=Main:1,p
FR,context=Main:1,p
VW,context=Main:1#setP:1,k=7074
FR,context=Main:1,p
FR,context=Main:1,p
VW,context=Main:1#setP:1,k=7076
FR,context=Main:1,p
FR,context=Main:1,p
VW,context=Main:1#setP:1,k=7078
FR,context=Main:1,p
FR,context=Main:1,p
VW,context=Main:1#setP:1,k=7080
FR,context=Main:1,p
FR,context=Main:1,p
VW,context=Main:1#setP:1,k=7082
FR,context=Main:1,p
FR,context=Main:1,p
VW,context=Main:1#setP:1,k=7084
FR,context=Main:1,p
FR,context=Main:1,p
VW,context=Main:1#setP:1,k=7086
FR,context=Main:1,p
FR,context=Main:1,p
VW,context=Main:1#setP:1,k=7088
FR,context=Main:1,p
FR,context=Main:1,p
VW,context=Main:1#setP:1,k=7090
FR,context=Main:1,p
FR,context=Main:1,p
VW,context=Main:1#setP:1,k=7092
FR,context=Main:1,p
FR,context=Main:1,p
VW,context=Main:1#setP:1,k=7094
FR,context=Main:1,p
FR,context=Main:1,p
VW,context=Main:1#setP:1,k=7096
FR,context=Main:1,p
FR,context=Main:1,p
VW,context=Main:1#setP:1,k=7098
FR,context=Main:1,p
FR,context=Main:1,p
VW,context=Main:1#setP:1,k=7100
FR,context=Main:1,p
FR,context=Main:1,p
VW,context=Main:1#setP:1,k=7102
FR,context=Main:1,p
FR,context=Main:1,p
VW,context=Main:1#setP:1,k=7104
FR,context=Main:1,p
FR,context=Main:1,p
VW,context=Main:1#setP:1,k=7106
FR,context=Main:1,p
FR,context=Main:1,p
VW,context=Main:1#setP:1,k=7108
FR,context=Main:1,p
FR,context=Main:1,p
VW,context=Main:1#setP:1,k=7110
FR,context=Main:1,p
FR,context=Main:1,p
VW,context=Main:1#setP:1,k=7112
FR,context=Main:1,p
FR,context=Main:1,p
VW,context=Main:1#setP:1,k=7114
FR,context=Main:1,p
FR,context=Main:1,p
VW,context=Main:1#setP:1,k=7116
FR,context=Main:1,p
FR,context=Main:1,p
VW,context=Main:1#setP:1,k=7118
FR,context=Main:1,p
FR,context=Main:1,p
VW,context=Main:1#setP:1,k=7120
FR,context=Main:1,p
FR,context=Main:1,p
VW,context=Main:1#setP:1,k=7122
FR,context=Main:1,p
FR,context=Main:1,p
VW,context=Main:1#setP:1,k=7124
FR,context=Main:1,p
FR,context=Main:1,p
VW,context=Main:1#setP:1,k=7126
FR,context=Main:1,p
FR,context=Main:1,p
VW,context=Main:1#setP:1,k=7128
FR,context=Main:1,p
FR,context=Main:1,p
VW,context=Main:1#setP:1,k=7130
FR,context=Main:1,p
FR,context=Main:1,p
VW,context=Main:1#setP:1,k=7132
FR,context=Main:1,p
FR,context=Main:1,p
VW,context=Main:1#setP:1,k=7134
FR,context=Main:1,p
FR,context=Main:1,p
VW,context=Main:1#setP:1,k=7136
FR,context=Main:1,p
FR,context=Main:1,p
VW,context=Main:1#setP:1,k=7138
FR,context=Main:1,p
FR,context=Main:1,p
VW,context=Main:1#setP:1,k=7140
FR,context=Main:1,p
FR,context=Main:1,p
VW,context=Main:1#setP:1,k=7142
FR,context=Main:1,p
FR,context=Main:1,p
VW,context=Main:1#setP:1,k=7144
FR,context=Main:1,p
FR,context=Main:1,p
VW,context=Main:1#setP:1,k=7146
FR,context=Main:1,p
FR,context=Main:1,p
VW,context=Main:1#setP:1,k=7148
FR,context=Main:1,p
FR,context=Main:1,p
VW,context=Main:1#setP:1,k=7150
FR,context=Main:1,p
FR,context=Main:1,p
VW,context=Main:1#setP:1,k=7152
FR,context=Main:1,p
FR,context=Main:1,p
VW,context=Main:1#setP:1,k=7154
FR,context=Main:1,p
FR,context=Main:1,p
VW,context=Main:1#setP:1,k=7156
FR,context=Main:1,p
FR,context=Main:1,p
VW,context=Main:1#setP:1,k=7158
FR,context=Main:1,p
FR,context=Main:1,p
VW,context=Main:1#setP:1,k=7160
FR,context=Main:1,p
FR,context=Main:1,p
VW,context=Main:1#setP:1,k=7162
FR,context=Main:1,p
FR,context=Main:1,p
VW,context=Main:1#setP:1,k=7164
FR,context=Main:1,p
FR,context=Main:1,p
VW,context=Main:1#setP:1,k=7166
FR,context=Main:1,p
FR,context=Main:1,p
VW,context=Main:1#setP:1,k=7168
FR,context=Main:1,p
FR,context=Main:1,p
VW,context=Main:1#setP:1,k=7170
FR,context=Main:1,p
FR,context=Main:1,p
VW,context=Main:1#setP:1,k=7172
FR,context=Main:1,p
FR,context=Main:1,p
VW,context=Main:1#setP:1,k=7174
FR,context=Main:1,p
FR,context=Main:1,p
VW,context=Main:1#setP:1,k=7176
FR,context=Main:1,p
FR,context=Main:1,p
VW,context=Main:1#setP:1,k=7178
FR,context=Main:1,p
FR,context=Main:1,p
VW,context=Main:1#setP:1,k=7180
FR,context=Main:1,p
FR,context=Main:1,p
VW,context=Main:1#setP:1,k=7182
FR,context=Main:1,p
FR,context=Main:1,p
VW,context=Main:1#setP:1,k=7184
FR,context=Main:1,p
FR,context=Main:1,p
VW,context=Main:1#setP:1,k=7186
FR,context=Main:1,p
FR,context=Main:1,p
VW,context=Main:1#setP:1,k=7188
FR,context=Main:1,p
FR,context=Main:1,p
VW,context=Main:1#setP:1,k=7190
FR,context=Main:1,p
FR,context=Main:1,p
VW,context=Main:1#setP:1,k=7192
FR,context=Main:1,p
FR,context=Main:1,p
VW,context=Main:1#setP:1,k=7194
FR,context=Main:1,p
FR,context=Main:1,p
VW,context=Main:1#setP:1,k=7196
FR,context=Main:1,p
FR,context=Main:1,p
VW,context=Main:1#setP:1,k=7198
FR,context=Main:1,p
FR,context=Main:1,p
VW,context=Main:1#setP:1,k=7200
FR,context=Main:1,p
FR,context=Main:1,p
VW,context=Main:1#setP:1,k=7202
FR,context=Main:1,p
FR,context=Main:1,p
VW,context=Main:1#setP:1,k=7204
FR,context=Main:1,p
FR,context=Main:1,p
VW,context=Main:1#setP:1,k=7206
FR,context=Main:1,p
FR,context=Main:1,p
VW,context=Main:1#setP:1,k=7208
FR,context=Main:1,p
FR,context=Main:1,p
VW,context=Main:1#setP:1,k=7210
FR,context=Main:1,p
FR,context=Main:1,p
VW,context=Main:1#setP:1,k=7212
FR,context=Main:1,p
FR,context=Main:1,p
VW,context=Main:1#setP:1,k=7214
FR,context=Main:1,p
FR,context=Main:1,p
VW,context=Main:1#setP:1,k=7216
FR,context=Main:1,p
FR,context=Main:1,p
VW,context=Main:1#setP:1,k=7218
FR,context=Main:1,p
FR,context=Main:1,p
VW,context=Main:1#setP:1,k=7220
FR,context=Main:1,p
FR,context=Main:1,p
VW,context=Main:1#setP:1,k=7222
FR,context=Main:1,p
FR,context=Main:1,p
VW,context=Main:1#setP:1,k=7224
FR,context=Main:1,p
FR,context=Main:1,p
VW,context=Main:1#setP:1,k=7226
FR,context=Main:1,p
FR,context=Main:1,p
VW,context=Main:1#setP:1,k=7228
FR,context=Main:1,p
FR,context=Main:1,p
VW,context=Main:1#setP:1,k=7230
FR,context=Main:1,p
FR,context=Main:1,p
VW,context=Main:1#setP:1,k=7232
FR,context=Main:1,p
FR,context=Main:1,p
VW,context=Main:1#setP:1,k=7234
FR,context=Main:1,p
FR,context=Main:1,p
VW,context=Main:1#setP:1,k=7236
FR,context=Main:1,p
FR,context=Main:1,p
VW,context=Main:1#setP:1,k=7238
FR,context=Main:1,p
FR,context=Main:1,p
VW,context=Main:1#setP:1,k=7240
FR,context=Main:1,p
FR,context=Main:1,p
VW,context=Main:1#setP:1,k=7242
FR,context=Main:1,p
FR,context=Main:1,p
VW,context=Main:1#setP:1,k=7244
FR,context=Main:1,p
FR,context=Main:1,p
VW,context=Main:1#setP:1,k=7246
FR,context=Main:1,p
FR,context=Main:1,p
VW,context=Main:1#setP:1,k=7248
FR,context=Main:1,p
FR,context=Main:1,p
VW,context=Main:1#setP:1,k=7250
FR,context=Main:1,p
FR,context=Main:1,p
VW,context=Main:1#setP:1,k=7252
FR,context=Main:1,p
FR,context=Main:1,p
VW,context=Main:1#setP:1,k=7254
FR,context=Main:1,p
FR,context=Main:1,p
VW,context=Main:1#setP:1,k=7256
FR,context=Main:1,p
FR,context=Main:1,p
VW,context=Main:1#setP:1,k=7258
FR,context=Main:1,p
FR,context=Main:1,p
VW,context=Main:1#setP:1,k=7260
FR,context=Main:1,p
FR,context=Main:1,p
VW,context=Main:1#setP:1,k=7262
FR,context=Main:1,p
FR,context=Main:1,p
VW,context=Main:1#setP:1,k=7264
FR,context=Main:1,p
FR,context=Main:1,p
VW,context=Main:1#setP:1,k=7266
FR,context=Main:1,p
FR,context=Main:1,p
VW,context=Main:1#setP:1,k=7268
FR,context=Main:1,p
FR,context=Main:1,p
VW,context=Main:1#setP:1,k=7270
FR,context=Main:1,p
FR,context=Main:1,p
VW,context=Main:1#setP:1,k=7272
FR,context=Main:1,p
FR,context=Main:1,p
VW,context=Main:1#setP:1,k=7274
FR,context=Main:1,p
FR,context=Main:1,p
VW,context=Main:1#setP:1,k=7276
FR,context=Main:1,p
FR,context=Main:1,p
VW,context=Main:1#setP:1,k=7278
FR,context=Main:1,p
FR,context=Main:1,p
VW,context=Main:1#setP:1,k=7280
FR,context=Main:1,p
FR,context=Main:1,p
VW,context=Main:1#setP:1,k=7282
FR,context=Main:1,p
FR,context=Main:1,p
VW,context=Main:1#setP:1,k=7284
FR,context=Main:1,p
FR,context=Main:1,p
VW,context=Main:1#setP:1,k=7286
FR,context=Main:1,p
FR,context=Main:1,p
VW,context=Main:1#setP:1,k=7288
FR,context=Main:1,p
FR,context=Main:1,p
VW,context=Main:1#setP:1,k=7290
FR,context=Main:1,p
FR,context=Main:1,p
VW,context=Main:1#setP:1,k=7292
FR,context=Main:1,p
FR,context=Main:1,p
VW,context=Main:1#setP:1,k=7294
FR,context=Main:1,p
FR,context=Main:1,p
VW,context=Main:1#setP:1,k=7296
FR,context=Main:1,p
FR,context=Main:1,p
VW,context=Main:1#setP:1,k=7298
FR,context=Main:1,p
FR,context=Main:1,p
VW,context=Main:1#setP:1,k=7300
FR,context=Main:1,p
FR,context=Main:1,p
VW,context=Main:1#setP:1,k=7302
FR,context=Main:1,p
FR,context=Main:1,p
VW,context=Main:1#setP:1,k=7304
FR,context=Main:1,p
FR,context=Main:1,p
VW,context=Main:1#setP:1,k=7306
FR,context=Main:1,p
FR,context=Main:1,p
VW,context=Main:1#setP:1,k=7308
FR,context=Main:1,p
FR,context=Main:1,p
VW,context=Main:1#setP:1,k=7310
FR,context=Main:1,p
FR,context=Main:1,p
VW,context=Main:1#setP:1,k=7312
FR,context=Main:1,p
FR,context=Main:1,p
VW,context=Main:1#setP:1,k=7314
FR,context=Main:1,p
FR,context=Main:1,p
VW,context=Main:1#setP:1,k=7316
FR,context=Main:1,p
FR,context=Main:1,p
VW,context=Main:1#setP:1,k=7318
FR,context=Main:1,p
FR,context=Main:1,p
VW,context=Main:1#setP:1,k=7320
FR,context=Main:1,p
FR,context=Main:1,p
VW,context=Main:1#setP:1,k=7322
FR,context=Main:1,p
FR,context=Main:1,p
VW,context=Main:1#setP:1,k=7324
FR,context=Main:1,p
FR,context=Main:1,p
VW,context=Main:1#setP:1,k=7326
FR,context=Main:1,p
FR,context=Main:1,p
VW,context=Main:1#setP:1,k=7328
FR,context=Main:1,p
FR,context=Main:1,p
VW,context=Main:1#setP:1,k=7330
FR,context=Main:1,p
FR,context=Main:1,p
VW,context=Main:1#setP:1,k=7332
FR,context=Main:1,p
FR,context=Main:1,p
VW,context=Main:1#setP:1,k=7334
FR,context=Main:1,p
FR,context=Main:1,p
VW,context=Main:1#setP:1,k=7336
FR,context=Main:1,p
FR,context=Main:1,p
VW,context=Main:1#setP:1,k=7338
FR,context=Main:1,p
FR,context=Main:1,p
VW,context=Main:1#setP:1,k=7340
FR,context=Main:1,p
FR,context=Main:1,p
VW,context=Main:1#setP:1,k=7342
FR,context=Main:1,p
FR,context=Main:1,p
VW,context=Main:1#setP:1,k=7344
FR,context=Main:1,p
FR,context=Main:1,p
VW,context=Main:1#setP:1,k=7346
FR,context=Main:1,p
FR,context=Main:1,p
VW,context=Main:1#setP:1,k=7348
FR,context=Main:1,p
FR,context=Main:1,p
VW,context=Main:1#setP:1,k=7350
FR,context=Main:1,p
FR,context=Main:1,p
VW,context=Main:1#setP:1,k=7352
FR,context=Main:1,p
FR,context=Main:1,p
VW,context=Main:1#setP:1,k=7354
FR,context=Main:1,p
FR,context=Main:1,p
VW,context=Main:1#setP:1,k=7356
FR,context=Main:1,p
FR,context=Main:1,p
VW,context=Main:1#setP:1,k=7358
FR,context=Main:1,p
FR,context=Main:1,p
VW,context=Main:1#setP:1,k=7360
FR,context=Main:1,p
FR,context=Main:1,p
VW,context=Main:1#setP:1,k=7362
FR,context=Main:1,p
FR,context=Main:1,p
VW,context=Main:1#setP:1,k=7364
FR,context=Main:1,p
FR,context=Main:1,p
VW,context=Main:1#setP:1,k=7366
FR,context=Main:1,p
FR,context=Main:1,p
VW,context=Main:1#setP:1,k=7368
FR,context=Main:1,p
FR,context=Main:1,p
VW,context=Main:1#setP:1,k=7370
FR,context=Main:1,p
FR,context=Main:1,p
VW,context=Main:1#setP:1,k=7372
FR,context=Main:1,p
FR,context=Main:1,p
VW,context=Main:1#setP:1,k=7374
FR,context=Main:1,p
FR,context=Main:1,p
VW,context=Main:1#setP:1,k=7376
FR,context=Main:1,p
FR,context=Main:1,p
VW,context=Main:1#setP:1,k=7378
FR,context=Main:1,p
FR,context=Main:1,p
VW,context=Main:1#setP:1,k=7380
FR,context=Main:1,p
FR,context=Main:1,p
VW,context=Main:1#setP:1,k=7382
FR,context=Main:1,p
FR,context=Main:1,p
VW,context=Main:1#setP:1,k=7384
FR,context=Main:1,p
FR,context=Main:1,p
VW,context=Main:1#setP:1,k=7386
FR,context=Main:1,p
FR,context=Main:1,p
VW,context=Main:1#setP:1,k=7388
FR,context=Main:1,p
FR,context=Main:1,p
VW,context=Main:1#setP:1,k=7390
FR,context=Main:1,p
FR,context=Main:1,p
VW,context=Main:1#setP:1,k=7392
FR,context=Main:1,p
FR,context=Main:1,p
VW,context=Main:1#setP:1,k=7394
FR,context=Main:1,p
FR,context=Main:1,p
VW,context=Main:1#setP:1,k=7396
FR,context=Main:1,p
FR,context=Main:1,p
VW,context=Main:1#setP:1,k=7398
FR,context=Main:1,p
FR,context=Main:1,p
VW,context=Main:1#setP:1,k=7400
FR,context=Main:1,p
FR,context=Main:1,p
VW,context=Main:1#setP:1,k=7402
FR,context=Main:1,p
FR,context=Main:1,p
VW,context=Main:1#setP:1,k=7404
FR,context=Main:1,p
FR,context=Main:1,p
VW,context=Main:1#setP:1,k=7406
FR,context=Main:1,p
FR,context=Main:1,p
VW,context=Main:1#setP:1,k=7408
FR,context=Main:1,p
FR,context=Main:1,p
VW,context=Main:1#setP:1,k=7410
FR,context=Main:1,p
FR,context=Main:1,p
VW,context=Main:1#setP:1,k=7412
FR,context=Main:1,p
FR,context=Main:1,p
VW,context=Main:1#setP:1,k=7414
FR,context=Main:1,p
FR,context=Main:1,p
VW,context=Main:1#setP:1,k=7416
FR,context=Main:1,p
FR,context=Main:1,p
VW,context=Main:1#setP:1,k=7418
FR,context=Main:1,p
FR,context=Main:1,p
VW,context=Main:1#setP:1,k=7420
FR,context=Main:1,p
FR,context=Main:1,p
VW,context=Main:1#setP:1,k=7422
FR,context=Main:1,p
FR,context=Main:1,p
VW,context=Main:1#setP:1,k=7424
FR,context=Main:1,p
FR,context=Main:1,p
VW,context=Main:1#setP:1,k=7426
FR,context=Main:1,p
FR,context=Main:1,p
VW,context=Main:1#setP:1,k=7428
FR,context=Main:1,p
FR,context=Main:1,p
VW,context=Main:1#setP:1,k=7430
FR,context=Main:1,p
FR,context=Main:1,p
VW,context=Main:1#setP:1,k=7432
FR,context=Main:1,p
FR,context=Main:1,p
VW,context=Main:1#setP:1,k=7434
FR,context=Main:1,p
FR,context=Main:1,p
VW,context=Main:1#setP:1,k=7436
FR,context=Main:1,p
FR,context=Main:1,p
VW,context=Main:1#setP:1,k=7438
FR,context=Main:1,p
FR,context=Main:1,p
VW,context=Main:1#setP:1,k=7440
FR,context=Main:1,p
FR,context=Main:1,p
VW,context=Main:1#setP:1,k=7442
FR,context=Main:1,p
FR,context=Main:1,p
VW,context=Main:1#setP:1,k=7444
FR,context=Main:1,p
FR,context=Main:1,p
VW,context=Main:1#setP:1,k=7446
FR,context=Main:1,p
FR,context=Main:1,p
VW,context=Main:1#setP:1,k=7448
FR,context=Main:1,p
FR,context=Main:1,p
VW,context=Main:1#setP:1,k=7450
FR,context=Main:1,p
FR,context=Main:1,p
VW,context=Main:1#setP:1,k=7452
FR,context=Main:1,p
FR,context=Main:1,p
VW,context=Main:1#setP:1,k=7454
FR,context=Main:1,p
FR,context=Main:1,p
VW,context=Main:1#setP:1,k=7456
FR,context=Main:1,p
FR,context=Main:1,p
VW,context=Main:1#setP:1,k=7458
FR,context=Main:1,p
FR,context=Main:1,p
VW,context=Main:1#setP:1,k=7460
FR,context=Main:1,p
FR,context=Main:1,p
VW,context=Main:1#setP:1,k=7462
FR,context=Main:1,p
FR,context=Main:1,p
VW,context=Main:1#setP:1,k=7464
FR,context=Main:1,p
FR,context=Main:1,p
VW,context=Main:1#setP:1,k=7466
FR,context=Main:1,p
FR,context=Main:1,p
VW,context=Main:1#setP:1,k=7468
FR,context=Main:1,p
FR,context=Main:1,p
VW,context=Main:1#setP:1,k=7470
FR,context=Main:1,p
FR,context=Main:1,p
VW,context=Main:1#setP:1,k=7472
FR,context=Main:1,p
FR,context=Main:1,p
VW,context=Main:1#setP:1,k=7474
FR,context=Main:1,p
FR,context=Main:1,p
VW,context=Main:1#setP:1,k=7476
FR,context=Main:1,p
FR,context=Main:1,p
VW,context=Main:1#setP:1,k=7478
FR,context=Main:1,p
FR,context=Main:1,p
VW,context=Main:1#setP:1,k=7480
FR,context=Main:1,p
FR,context=Main:1,p
VW,context=Main:1#setP:1,k=7482
FR,context=Main:1,p
FR,context=Main:1,p
VW,context=Main:1#setP:1,k=7484
FR,context=Main:1,p
FR,context=Main:1,p
VW,context=Main:1#setP:1,k=7486
FR,context=Main:1,p
FR,context=Main:1,p
VW,context=Main:1#setP:1,k=7488
FR,context=Main:1,p
FR,context=Main:1,p
VW,context=Main:1#setP:1,k=7490
FR,context=Main:1,p
FR,context=Main:1,p
VW,context=Main:1#setP:1,k=7492
FR,context=Main:1,p
FR,context=Main:1,p
VW,context=Main:1#setP:1,k=7494
FR,context=Main:1,p
FR,context=Main:1,p
VW,context=Main:1#setP:1,k=7496
FR,context=Main:1,p
FR,context=Main:1,p
VW,context=Main:1#setP:1,k=7498
FR,context=Main:1,p
FR,context=Main:1,p
VW,context=Main:1#setP:1,k=7500
FR,context=Main:1,p
FR,context=Main:1,p
VW,context=Main:1#setP:1,k=7502
FR,context=Main:1,p
FR,context=Main:1,p
VW,context=Main:1#setP:1,k=7504
FR,context=Main:1,p
FR,context=Main:1,p
VW,context=Main:1#setP:1,k=7506
FR,context=Main:1,p
FR,context=Main:1,p
VW,context=Main:1#setP:1,k=7508
FR,context=Main:1,p
FR,context=Main:1,p
VW,context=Main:1#setP:1,k=7510
FR,context=Main:1,p
FR,context=Main:1,p
VW,context=Main:1#setP:1,k=7512
FR,context=Main:1,p
FR,context=Main:1,p
VW,context=Main:1#setP:1,k=7514
FR,context=Main:1,p
FR,context=Main:1,p
VW,context=Main:1#setP:1,k=7516
FR,context=Main:1,p
FR,context=Main:1,p
VW,context=Main:1#setP:1,k=7518
FR,context=Main:1,p
FR,context=Main:1,p
VW,context=Main:1#setP:1,k=7520
FR,context=Main:1,p
FR,context=Main:1,p
VW,context=Main:1#setP:1,k=7522
FR,context=Main:1,p
FR,context=Main:1,p
VW,context=Main:1#setP:1,k=7524
FR,context=Main:1,p
FR,context=Main:1,p
VW,context=Main:1#setP:1,k=7526
FR,context=Main:1,p
FR,context=Main:1,p
VW,context=Main:1#setP:1,k=7528
FR,context=Main:1,p
FR,context=Main:1,p
VW,context=Main:1#setP:1,k=7530
FR,context=Main:1,p
FR,context=Main:1,p
VW,context=Main:1#setP:1,k=7532
FR,context=Main:1,p
FR,context=Main:1,p
VW,context=Main:1#setP:1,k=7534
FR,context=Main:1,p
FR,context=Main:1,p
VW,context=Main:1#setP:1,k=7536
FR,context=Main:1,p
FR,context=Main:1,p
VW,context=Main:1#setP:1,k=7538
FR,context=Main:1,p
FR,context=Main:1,p
VW,context=Main:1#setP:1,k=7540
FR,context=Main:1,p
FR,context=Main:1,p
VW,context=Main:1#setP:1,k=7542
FR,context=Main:1,p
FR,context=Main:1,p
VW,context=Main:1#setP:1,k=7544
FR,context=Main:1,p
FR,context=Main:1,p
VW,context=Main:1#setP:1,k=7546
FR,context=Main:1,p
FR,context=Main:1,p
VW,context=Main:1#setP:1,k=7548
FR,context=Main:1,p
FR,context=Main:1,p
VW,context=Main:1#setP:1,k=7550
FR,context=Main:1,p
FR,context=Main:1,p
VW,context=Main:1#setP:1,k=7552
FR,context=Main:1,p
FR,context=Main:1,p
VW,context=Main:1#setP:1,k=7554
FR,context=Main:1,p
FR,context=Main:1,p
VW,context=Main:1#setP:1,k=7556
FR,context=Main:1,p
FR,context=Main:1,p
VW,context=Main:1#setP:1,k=7558
FR,context=Main:1,p
FR,context=Main:1,p
VW,context=Main:1#setP:1,k=7560
FR,context=Main:1,p
FR,context=Main:1,p
VW,context=Main:1#setP:1,k=7562
FR,context=Main:1,p
FR,context=Main:1,p
VW,context=Main:1#setP:1,k=7564
FR,context=Main:1,p
FR,context=Main:1,p
VW,context=Main:1#setP:1,k=7566
FR,context=Main:1,p
FR,context=Main:1,p
VW,context=Main:1#setP:1,k=7568
FR,context=Main:1,p
FR,context=Main:1,p
VW,context=Main:1#setP:1,k=7570
FR,context=Main:1,p
FR,context=Main:1,p
VW,context=Main:1#setP:1,k=7572
FR,context=Main:1,p
FR,context=Main:1,p
VW,context=Main:1#setP:1,k=7574
FR,context=Main:1,p
FR,context=Main:1,p
VW,context=Main:1#setP:1,k=7576
FR,context=Main:1,p
FR,context=Main:1,p
VW,context=Main:1#setP:1,k=7578
FR,context=Main:1,p
FR,context=Main:1,p
VW,context=Main:1#setP:1,k=7580
FR,context=Main:1,p
FR,context=Main:1,p
VW,context=Main:1#setP:1,k=7582
FR,context=Main:1,p
FR,context=Main:1,p
VW,context=Main:1#setP:1,k=7584
FR,context=Main:1,p
FR,context=Main:1,p
VW,context=Main:1#setP:1,k=7586
FR,context=Main:1,p
FR,context=Main:1,p
VW,context=Main:1#setP:1,k=7588
FR,context=Main:1,p
FR,context=Main:1,p
VW,context=Main:1#setP:1,k=7590
FR,context=Main:1,p
FR,context=Main:1,p
VW,context=Main:1#setP:1,k=7592
FR,context=Main:1,p
FR,context=Main:1,p
VW,context=Main:1#setP:1,k=7594
FR,context=Main:1,p
FR,context=Main:1,p
VW,context=Main:1#setP:1,k=7596
FR,context=Main:1,p
FR,context=Main:1,p
VW,context=Main:1#setP:1,k=7598
FR,context=Main:1,p
FR,context=Main:1,p
VW,context=Main:1#setP:1,k=7600
FR,context=Main:1,p
FR,context=Main:1,p
VW,context=Main:1#setP:1,k=7602
FR,context=Main:1,p
FR,context=Main:1,p
VW,context=Main:1#setP:1,k=7604
FR,context=Main:1,p
FR,context=Main:1,p
VW,context=Main:1#setP:1,k=7606
FR,context=Main:1,p
FR,context=Main:1,p
VW,context=Main:1#setP:1,k=7608
FR,context=Main:1,p
FR,context=Main:1,p
VW,context=Main:1#setP:1,k=7610
FR,context=Main:1,p
FR,context=Main:1,p
VW,context=Main:1#setP:1,k=7612
FR,context=Main:1,p
FR,context=Main:1,p
VW,context=Main:1#setP:1,k=7614
FR,context=Main:1,p
FR,context=Main:1,p
VW,context=Main:1#setP:1,k=7616
FR,context=Main:1,p
FR,context=Main:1,p
VW,context=Main:1#setP:1,k=7618
FR,context=Main:1,p
FR,context=Main:1,p
VW,context=Main:1#setP:1,k=7620
FR,context=Main:1,p
FR,context=Main:1,p
VW,context=Main:1#setP:1,k=7622
FR,context=Main:1,p
FR,context=Main:1,p
VW,context=Main:1#setP:1,k=7624
FR,context=Main:1,p
FR,context=Main:1,p
VW,context=Main:1#setP:1,k=7626
FR,context=Main:1,p
FR,context=Main:1,p
VW,context=Main:1#setP:1,k=7628
FR,context=Main:1,p
FR,context=Main:1,p
VW,context=Main:1#setP:1,k=7630
FR,context=Main:1,p
FR,context=Main:1,p
VW,context=Main:1#setP:1,k=7632
FR,context=Main:1,p
FR,context=Main:1,p
VW,context=Main:1#setP:1,k=7634
FR,context=Main:1,p
FR,context=Main:1,p
VW,context=Main:1#setP:1,k=7636
FR,context=Main:1,p
FR,context=Main:1,p
VW,context=Main:1#setP:1,k=7638
FR,context=Main:1,p
FR,context=Main:1,p
VW,context=Main:1#setP:1,k=7640
FR,context=Main:1,p
FR,context=Main:1,p
VW,context=Main:1#setP:1,k=7642
FR,context=Main:1,p
FR,context=Main:1,p
VW,context=Main:1#setP:1,k=7644
FR,context=Main:1,p
FR,context=Main:1,p
VW,context=Main:1#setP:1,k=7646
FR,context=Main:1,p
FR,context=Main:1,p
VW,context=Main:1#setP:1,k=7648
FR,context=Main:1,p
FR,context=Main:1,p
VW,context=Main:1#setP:1,k=7650
FR,context=Main:1,p
FR,context=Main:1,p
VW,context=Main:1#setP:1,k=7652
FR,context=Main:1,p
FR,context=Main:1,p
VW,context=Main:1#setP:1,k=7654
FR,context=Main:1,p
FR,context=Main:1,p
VW,context=Main:1#setP:1,k=7656
FR,context=Main:1,p
FR,context=Main:1,p
VW,context=Main:1#setP:1,k=7658
FR,context=Main:1,p
FR,context=Main:1,p
VW,context=Main:1#setP:1,k=7660
FR,context=Main:1,p
FR,context=Main:1,p
VW,context=Main:1#setP:1,k=7662
FR,context=Main:1,p
FR,context=Main:1,p
VW,context=Main:1#setP:1,k=7664
FR,context=Main:1,p
FR,context=Main:1,p
VW,context=Main:1#setP:1,k=7666
FR,context=Main:1,p
FR,context=Main:1,p
VW,context=Main:1#setP:1,k=7668
FR,context=Main:1,p
FR,context=Main:1,p
VW,context=Main:1#setP:1,k=7670
FR,context=Main:1,p
FR,context=Main:1,p
VW,context=Main:1#setP:1,k=7672
FR,context=Main:1,p
FR,context=Main:1,p
VW,context=Main:1#setP:1,k=7674
FR,context=Main:1,p
FR,context=Main:1,p
VW,context=Main:1#setP:1,k=7676
FR,context=Main:1,p
FR,context=Main:1,p
VW,context=Main:1#setP:1,k=7678
FR,context=Main:1,p
FR,context=Main:1,p
VW,context=Main:1#setP:1,k=7680
FR,context=Main:1,p
FR,context=Main:1,p
VW,context=Main:1#setP:1,k=7682
FR,context=Main:1,p
FR,context=Main:1,p
VW,context=Main:1#setP:1,k=7684
FR,context=Main:1,p
FR,context=Main:1,p
VW,context=Main:1#setP:1,k=7686
FR,context=Main:1,p
FR,context=Main:1,p
VW,context=Main:1#setP:1,k=7688
FR,context=Main:1,p
FR,context=Main:1,p
VW,context=Main:1#setP:1,k=7690
FR,context=Main:1,p
FR,context=Main:1,p
VW,context=Main:1#setP:1,k=7692
FR,context=Main:1,p
FR,context=Main:1,p
VW,context=Main:1#setP:1,k=7694
FR,context=Main:1,p
FR,context=Main:1,p
VW,context=Main:1#setP:1,k=7696
FR,context=Main:1,p
FR,context=Main:1,p
VW,context=Main:1#setP:1,k=7698
FR,context=Main:1,p
FR,context=Main:1,p
VW,context=Main:1#setP:1,k=7700
FR,context=Main:1,p
FR,context=Main:1,p
VW,context=Main:1#setP:1,k=7702
FR,context=Main:1,p
FR,context=Main:1,p
VW,context=Main:1#setP:1,k=7704
FR,context=Main:1,p
FR,context=Main:1,p
VW,context=Main:1#setP:1,k=7706
FR,context=Main:1,p
FR,context=Main:1,p
VW,context=Main:1#setP:1,k=7708
FR,context=Main:1,p
FR,context=Main:1,p
VW,context=Main:1#setP:1,k=7710
FR,context=Main:1,p
FR,context=Main:1,p
VW,context=Main:1#setP:1,k=7712
FR,context=Main:1,p
FR,context=Main:1,p
VW,context=Main:1#setP:1,k=7714
FR,context=Main:1,p
FR,context=Main:1,p
VW,context=Main:1#setP:1,k=7716
FR,context=Main:1,p
FR,context=Main:1,p
VW,context=Main:1#setP:1,k=7718
FR,context=Main:1,p
FR,context=Main:1,p
VW,context=Main:1#setP:1,k=7720
FR,context=Main:1,p
FR,context=Main:1,p
VW,context=Main:1#setP:1,k=7722
FR,context=Main:1,p
FR,context=Main:1,p
VW,context=Main:1#setP:1,k=7724
FR,context=Main:1,p
FR,context=Main:1,p
VW,context=Main:1#setP:1,k=7726
FR,context=Main:1,p
FR,context=Main:1,p
VW,context=Main:1#setP:1,k=7728
FR,context=Main:1,p
FR,context=Main:1,p
VW,context=Main:1#setP:1,k=7730
FR,context=Main:1,p
FR,context=Main:1,p
VW,context=Main:1#setP:1,k=7732
FR,context=Main:1,p
FR,context=Main:1,p
VW,context=Main:1#setP:1,k=7734
FR,context=Main:1,p
FR,context=Main:1,p
VW,context=Main:1#setP:1,k=7736
FR,context=Main:1,p
FR,context=Main:1,p
VW,context=Main:1#setP:1,k=7738
FR,context=Main:1,p
FR,context=Main:1,p
VW,context=Main:1#setP:1,k=7740
FR,context=Main:1,p
FR,context=Main:1,p
VW,context=Main:1#setP:1,k=7742
FR,context=Main:1,p
FR,context=Main:1,p
VW,context=Main:1#setP:1,k=7744
FR,context=Main:1,p
FR,context=Main:1,p
VW,context=Main:1#setP:1,k=7746
FR,context=Main:1,p
FR,context=Main:1,p
VW,context=Main:1#setP:1,k=7748
FR,context=Main:1,p
FR,context=Main:1,p
VW,context=Main:1#setP:1,k=7750
FR,context=Main:1,p
FR,context=Main:1,p
VW,context=Main:1#setP:1,k=7752
FR,context=Main:1,p
FR,context=Main:1,p
VW,context=Main:1#setP:1,k=7754
FR,context=Main:1,p
FR,context=Main:1,p
VW,context=Main:1#setP:1,k=7756
FR,context=Main:1,p
FR,context=Main:1,p
VW,context=Main:1#setP:1,k=7758
FR,context=Main:1,p
FR,context=Main:1,p
VW,context=Main:1#setP:1,k=7760
FR,context=Main:1,p
FR,context=Main:1,p
VW,context=Main:1#setP:1,k=7762
FR,context=Main:1,p
FR,context=Main:1,p
VW,context=Main:1#setP:1,k=7764
FR,context=Main:1,p
FR,context=Main:1,p
VW,context=Main:1#setP:1,k=7766
FR,context=Main:1,p
FR,context=Main:1,p
VW,context=Main:1#setP:1,k=7768
FR,context=Main:1,p
FR,context=Main:1,p
VW,context=Main:1#setP:1,k=7770
FR,context=Main:1,p
FR,context=Main:1,p
VW,context=Main:1#setP:1,k=7772
FR,context=Main:1,p
FR,context=Main:1,p
VW,context=Main:1#setP:1,k=7774
FR,context=Main:1,p
FR,context=Main:1,p
VW,context=Main:1#setP:1,k=7776
FR,context=Main:1,p
FR,context=Main:1,p
VW,context=Main:1#setP:1,k=7778
FR,context=Main:1,p
FR,context=Main:1,p
VW,context=Main:1#setP:1,k=7780
FR,context=Main:1,p
FR,context=Main:1,p
VW,context=Main:1#setP:1,k=7782
FR,context=Main:1,p
FR,context=Main:1,p
VW,context=Main:1#setP:1,k=7784
FR,context=Main:1,p
FR,context=Main:1,p
VW,context=Main:1#setP:1,k=7786
FR,context=Main:1,p
FR,context=Main:1,p
VW,context=Main:1#setP:1,k=7788
FR,context=Main:1,p
FR,context=Main:1,p
VW,context=Main:1#setP:1,k=7790
FR,context=Main:1,p
FR,context=Main:1,p
VW,context=Main:1#setP:1,k=7792
FR,context=Main:1,p
FR,context=Main:1,p
VW,context=Main:1#setP:1,k=7794
FR,context=Main:1,p
FR,context=Main:1,p
VW,context=Main:1#setP:1,k=7796
FR,context=Main:1,p
FR,context=Main:1,p
VW,context=Main:1#setP:1,k=7798
FR,context=Main:1,p
FR,context=Main:1,p
VW,context=Main:1#setP:1,k=7800
FR,context=Main:1,p
FR,context=Main:1,p
VW,context=Main:1#setP:1,k=7802
FR,context=Main:1,p
FR,context=Main:1,p
VW,context=Main:1#setP:1,k=7804
FR,context=Main:1,p
FR,context=Main:1,p
VW,context=Main:1#setP:1,k=7806
FR,context=Main:1,p
FR,context=Main:1,p
VW,context=Main:1#setP:1,k=7808
FR,context=Main:1,p
FR,context=Main:1,p
VW,context=Main:1#setP:1,k=7810
FR,context=Main:1,p
FR,context=Main:1,p
VW,context=Main:1#setP:1,k=7812
FR,context=Main:1,p
FR,context=Main:1,p
VW,context=Main:1#setP:1,k=7814
FR,context=Main:1,p
FR,context=Main:1,p
VW,context=Main:1#setP:1,k=7816
FR,context=Main:1,p
FR,context=Main:1,p
VW,context=Main:1#setP:1,k=7818
FR,context=Main:1,p
FR,context=Main:1,p
VW,context=Main:1#setP:1,k=7820
FR,context=Main:1,p
FR,context=Main:1,p
VW,context=Main:1#setP:1,k=7822
FR,context=Main:1,p
FR,context=Main:1,p
VW,context=Main:1#setP:1,k=7824
FR,context=Main:1,p
FR,context=Main:1,p
VW,context=Main:1#setP:1,k=7826
FR,context=Main:1,p
FR,context=Main:1,p
VW,context=Main:1#setP:1,k=7828
FR,context=Main:1,p
FR,context=Main:1,p
VW,context=Main:1#setP:1,k=7830
FR,context=Main:1,p
FR,context=Main:1,p
VW,context=Main:1#setP:1,k=7832
FR,context=Main:1,p
FR,context=Main:1,p
VW,context=Main:1#setP:1,k=7834
FR,context=Main:1,p
FR,context=Main:1,p
VW,context=Main:1#setP:1,k=7836
FR,context=Main:1,p
FR,context=Main:1,p
VW,context=Main:1#setP:1,k=7838
FR,context=Main:1,p
FR,context=Main:1,p
VW,context=Main:1#setP:1,k=7840
FR,context=Main:1,p
FR,context=Main:1,p
VW,context=Main:1#setP:1,k=7842
FR,context=Main:1,p
FR,context=Main:1,p
VW,context=Main:1#setP:1,k=7844
FR,context=Main:1,p
FR,context=Main:1,p
VW,context=Main:1#setP:1,k=7846
FR,context=Main:1,p
FR,context=Main:1,p
VW,context=Main:1#setP:1,k=7848
FR,context=Main:1,p
FR,context=Main:1,p
VW,context=Main:1#setP:1,k=7850
FR,context=Main:1,p
FR,context=Main:1,p
VW,context=Main:1#setP:1,k=7852
FR,context=Main:1,p
FR,context=Main:1,p
VW,context=Main:1#setP:1,k=7854
FR,context=Main:1,p
FR,context=Main:1,p
VW,context=Main:1#setP:1,k=7856
FR,context=Main:1,p
FR,context=Main:1,p
VW,context=Main:1#setP:1,k=7858
FR,context=Main:1,p
FR,context=Main:1,p
VW,context=Main:1#setP:1,k=7860
FR,context=Main:1,p
FR,context=Main:1,p
VW,context=Main:1#setP:1,k=7862
FR,context=Main:1,p
FR,context=Main:1,p
VW,context=Main:1#setP:1,k=7864
FR,context=Main:1,p
FR,context=Main:1,p
VW,context=Main:1#setP:1,k=7866
FR,context=Main:1,p
FR,context=Main:1,p
VW,context=Main:1#setP:1,k=7868
FR,context=Main:1,p
FR,context=Main:1,p
VW,context=Main:1#setP:1,k=7870
FR,context=Main:1,p
FR,context=Main:1,p
VW,context=Main:1#setP:1,k=7872
FR,context=Main:1,p
FR,context=Main:1,p
VW,context=Main:1#setP:1,k=7874
FR,context=Main:1,p
FR,context=Main:1,p
VW,context=Main:1#setP:1,k=7876
FR,context=Main:1,p
FR,context=Main:1,p
VW,context=Main:1#setP:1,k=7878
FR,context=Main:1,p
FR,context=Main:1,p
VW,context=Main:1#setP:1,k=7880
FR,context=Main:1,p
FR,context=Main:1,p
VW,context=Main:1#setP:1,k=7882
FR,context=Main:1,p
FR,context=Main:1,p
VW,context=Main:1#setP:1,k=7884
FR,context=Main:1,p
FR,context=Main:1,p
VW,context=Main:1#setP:1,k=7886
FR,context=Main:1,p
FR,context=Main:1,p
VW,context=Main:1#setP:1,k=7888
FR,context=Main:1,p
FR,context=Main:1,p
VW,context=Main:1#setP:1,k=7890
FR,context=Main:1,p
FR,context=Main:1,p
VW,context=Main:1#setP:1,k=7892
FR,context=Main:1,p
FR,context=Main:1,p
VW,context=Main:1#setP:1,k=7894
FR,context=Main:1,p
FR,context=Main:1,p
VW,context=Main:1#setP:1,k=7896
FR,context=Main:1,p
FR,context=Main:1,p
VW,context=Main:1#setP:1,k=7898
FR,context=Main:1,p
FR,context=Main:1,p
VW,context=Main:1#setP:1,k=7900
FR,context=Main:1,p
FR,context=Main:1,p
VW,context=Main:1#setP:1,k=7902
FR,context=Main:1,p
FR,context=Main:1,p
VW,context=Main:1#setP:1,k=7904
FR,context=Main:1,p
FR,context=Main:1,p
VW,context=Main:1#setP:1,k=7906
FR,context=Main:1,p
FR,context=Main:1,p
VW,context=Main:1#setP:1,k=7908
FR,context=Main:1,p
FR,context=Main:1,p
VW,context=Main:1#setP:1,k=7910
FR,context=Main:1,p
FR,context=Main:1,p
VW,context=Main:1#setP:1,k=7912
FR,context=Main:1,p
FR,context=Main:1,p
VW,context=Main:1#setP:1,k=7914
FR,context=Main:1,p
FR,context=Main:1,p
VW,context=Main:1#setP:1,k=7916
FR,context=Main:1,p
FR,context=Main:1,p
VW,context=Main:1#setP:1,k=7918
FR,context=Main:1,p
FR,context=Main:1,p
VW,context=Main:1#setP:1,k=7920
FR,context=Main:1,p
FR,context=Main:1,p
VW,context=Main:1#setP:1,k=7922
FR,context=Main:1,p
FR,context=Main:1,p
VW,context=Main:1#setP:1,k=7924
FR,context=Main:1,p
FR,context=Main:1,p
VW,context=Main:1#setP:1,k=7926
FR,context=Main:1,p
FR,context=Main:1,p
VW,context=Main:1#setP:1,k=7928
FR,context=Main:1,p
FR,context=Main:1,p
VW,context=Main:1#setP:1,k=7930
FR,context=Main:1,p
FR,context=Main:1,p
VW,context=Main:1#setP:1,k=7932
FR,context=Main:1,p
FR,context=Main:1,p
VW,context=Main:1#setP:1,k=7934
FR,context=Main:1,p
FR,context=Main:1,p
VW,context=Main:1#setP:1,k=7936
FR,context=Main:1,p
FR,context=Main:1,p
VW,context=Main:1#setP:1,k=7938
FR,context=Main:1,p
FR,context=Main:1,p
VW,context=Main:1#setP:1,k=7940
FR,context=Main:1,p
FR,context=Main:1,p
VW,context=Main:1#setP:1,k=7942
FR,context=Main:1,p
FR,context=Main:1,p
VW,context=Main:1#setP:1,k=7944
FR,context=Main:1,p
FR,context=Main:1,p
VW,context=Main:1#setP:1,k=7946
FR,context=Main:1,p
FR,context=Main:1,p
VW,context=Main:1#setP:1,k=7948
FR,context=Main:1,p
FR,context=Main:1,p
VW,context=Main:1#setP:1,k=7950
FR,context=Main:1,p
FR,context=Main:1,p
VW,context=Main:1#setP:1,k=7952
FR,context=Main:1,p
FR,context=Main:1,p
VW,context=Main:1#setP:1,k=7954
FR,context=Main:1,p
FR,context=Main:1,p
VW,context=Main:1#setP:1,k=7956
FR,context=Main:1,p
FR,context=Main:1,p
VW,context=Main:1#setP:1,k=7958
FR,context=Main:1,p
FR,context=Main:1,p
VW,context=Main:1#setP:1,k=7960
FR,context=Main:1,p
FR,context=Main:1,p
VW,context=Main:1#setP:1,k=7962
FR,context=Main:1,p
FR,context=Main:1,p
VW,context=Main:1#setP:1,k=7964
FR,context=Main:1,p
FR,context=Main:1,p
VW,context=Main:1#setP:1,k=7966
FR,context=Main:1,p
FR,context=Main:1,p
VW,context=Main:1#setP:1,k=7968
FR,context=Main:1,p
FR,context=Main:1,p
VW,context=Main:1#setP:1,k=7970
FR,context=Main:1,p
FR,context=Main:1,p
VW,context=Main:1#setP:1,k=7972
FR,context=Main:1,p
FR,context=Main:1,p
VW,context=Main:1#setP:1,k=7974
FR,context=Main:1,p
FR,context=Main:1,p
VW,context=Main:1#setP:1,k=7976
FR,context=Main:1,p
FR,context=Main:1,p
VW,context=Main:1#setP:1,k=7978
FR,context=Main:1,p
FR,context=Main:1,p
VW,context=Main:1#setP:1,k=7980
FR,context=Main:1,p
FR,context=Main:1,p
VW,context=Main:1#setP:1,k=7982
FR,context=Main:1,p
FR,context=Main:1,p
VW,context=Main:1#setP:1,k=7984
FR,context=Main:1,p
FR,context=Main:1,p
VW,context=Main:1#setP:1,k=7986
FR,context=Main:1,p
FR,context=Main:1,p
VW,context=Main:1#setP:1,k=7988
FR,context=Main:1,p
FR,context=Main:1,p
VW,context=Main:1#setP:1,k=7990
FR,context=Main:1,p
FR,context=Main:1,p
VW,context=Main:1#setP:1,k=7992
FR,context=Main:1,p
FR,context=Main:1,p
VW,context=Main:1#setP:1,k=7994
FR,context=Main:1,p
FR,context=Main:1,p
VW,context=Main:1#setP:1,k=7996
FR,context=Main:1,p
FR,context=Main:1,p
VW,context=Main:1#setP:1,k=7998
FR,context=Main:1,p
FR,context=Main:1,p
VW,context=Main:1#setP:1,k=8000
FR,context=Main:1,p
FR,context=Main:1,p
VW,context=Main:1#setP:1,k=8002
FR,context=Main:1,p
FR,context=Main:1,p
VW,context=Main:1#setP:1,k=8004
FR,context=Main:1,p
FR,context=Main:1,p
VW,context=Main:1#setP:1,k=8006
FR,context=Main:1,p
FR,context=Main:1,p
VW,context=Main:1#setP:1,k=8008
FR,context=Main:1,p
FR,context=Main:1,p
VW,context=Main:1#setP:1,k=8010
FR,context=Main:1,p
FR,context=Main:1,p
VW,context=Main:1#setP:1,k=8012
FR,context=Main:1,p
FR,context=Main:1,p
VW,context=Main:1#setP:1,k=8014
FR,context=Main:1,p
FR,context=Main:1,p
VW,context=Main:1#setP:1,k=8016
FR,context=Main:1,p
FR,context=Main:1,p
VW,context=Main:1#setP:1,k=8018
FR,context=Main:1,p
FR,context=Main:1,p
VW,context=Main:1#setP:1,k=8020
FR,context=Main:1,p
FR,context=Main:1,p
VW,context=Main:1#setP:1,k=8022
FR,context=Main:1,p
FR,context=Main:1,p
VW,context=Main:1#setP:1,k=8024
FR,context=Main:1,p
FR,context=Main:1,p
VW,context=Main:1#setP:1,k=8026
FR,context=Main:1,p
FR,context=Main:1,p
VW,context=Main:1#setP:1,k=8028
FR,context=Main:1,p
FR,context=Main:1,p
VW,context=Main:1#setP:1,k=8030
FR,context=Main:1,p
FR,context=Main:1,p
VW,context=Main:1#setP:1,k=8032
FR,context=Main:1,p
FR,context=Main:1,p
VW,context=Main:1#setP:1,k=8034
FR,context=Main:1,p
FR,context=Main:1,p
VW,context=Main:1#setP:1,k=8036
FR,context=Main:1,p
FR,context=Main:1,p
VW,context=Main:1#setP:1,k=8038
FR,context=Main:1,p
FR,context=Main:1,p
VW,context=Main:1#setP:1,k=8040
FR,context=Main:1,p
FR,context=Main:1,p
VW,context=Main:1#setP:1,k=8042
FR,context=Main:1,p
FR,context=Main:1,p
VW,context=Main:1#setP:1,k=8044
FR,context=Main:1,p
FR,context=Main:1,p
VW,context=Main:1#setP:1,k=8046
FR,context=Main:1,p
FR,context=Main:1,p
VW,context=Main:1#setP:1,k=8048
FR,context=Main:1,p
FR,context=Main:1,p
VW,context=Main:1#setP:1,k=8050
FR,context=Main:1,p
FR,context=Main:1,p
VW,context=Main:1#setP:1,k=8052
FR,context=Main:1,p
FR,context=Main:1,p
VW,context=Main:1#setP:1,k=8054
FR,context=Main:1,p
FR,context=Main:1,p
VW,context=Main:1#setP:1,k=8056
FR,context=Main:1,p
FR,context=Main:1,p
VW,context=Main:1#setP:1,k=8058
FR,context=Main:1,p
FR,context=Main:1,p
VW,context=Main:1#setP:1,k=8060
FR,context=Main:1,p
FR,context=Main:1,p
VW,context=Main:1#setP:1,k=8062
FR,context=Main:1,p
FR,context=Main:1,p
VW,context=Main:1#setP:1,k=8064
FR,context=Main:1,p
FR,context=Main:1,p
VW,context=Main:1#setP:1,k=8066
FR,context=Main:1,p
FR,context=Main:1,p
VW,context=Main:1#setP:1,k=8068
FR,context=Main:1,p
FR,context=Main:1,p
VW,context=Main:1#setP:1,k=8070
FR,context=Main:1,p
FR,context=Main:1,p
VW,context=Main:1#setP:1,k=8072
FR,context=Main:1,p
FR,context=Main:1,p
VW,context=Main:1#setP:1,k=8074
FR,context=Main:1,p
FR,context=Main:1,p
VW,context=Main:1#setP:1,k=8076
FR,context=Main:1,p
FR,context=Main:1,p
VW,context=Main:1#setP:1,k=8078
FR,context=Main:1,p
FR,context=Main:1,p
VW,context=Main:1#setP:1,k=8080
FR,context=Main:1,p
FR,context=Main:1,p
VW,context=Main:1#setP:1,k=8082
FR,context=Main:1,p
FR,context=Main:1,p
VW,context=Main:1#setP:1,k=8084
FR,context=Main:1,p
FR,context=Main:1,p
VW,context=Main:1#setP:1,k=8086
FR,context=Main:1,p
FR,context=Main:1,p
VW,context=Main:1#setP:1,k=8088
FR,context=Main:1,p
FR,context=Main:1,p
VW,context=Main:1#setP:1,k=8090
FR,context=Main:1,p
FR,context=Main:1,p
VW,context=Main:1#setP:1,k=8092
FR,context=Main:1,p
FR,context=Main:1,p
VW,context=Main:1#setP:1,k=8094
FR,context=Main:1,p
FR,context=Main:1,p
VW,context=Main:1#setP:1,k=8096
FR,context=Main:1,p
FR,context=Main:1,p
VW,context=Main:1#setP:1,k=8098
FR,context=Main:1,p
FR,context=Main:1,p
VW,context=Main:1#setP:1,k=8100
FR,context=Main:1,p
FR,context=Main:1,p
VW,context=Main:1#setP:1,k=8102
FR,context=Main:1,p
FR,context=Main:1,p
VW,context=Main:1#setP:1,k=8104
FR,context=Main:1,p
FR,context=Main:1,p
VW,context=Main:1#setP:1,k=8106
FR,context=Main:1,p
FR,context=Main:1,p
VW,context=Main:1#setP:1,k=8108
FR,context=Main:1,p
FR,context=Main:1,p
VW,context=Main:1#setP:1,k=8110
FR,context=Main:1,p
FR,context=Main:1,p
VW,context=Main:1#setP:1,k=8112
FR,context=Main:1,p
FR,context=Main:1,p
VW,context=Main:1#setP:1,k=8114
FR,context=Main:1,p
FR,context=Main:1,p
VW,context=Main:1#setP:1,k=8116
FR,context=Main:1,p
FR,context=Main:1,p
VW,context=Main:1#setP:1,k=8118
FR,context=Main:1,p
FR,context=Main:1,p
VW,context=Main:1#setP:1,k=8120
FR,context=Main:1,p
FR,context=Main:1,p
VW,context=Main:1#setP:1,k=8122
FR,context=Main:1,p
FR,context=Main:1,p
VW,context=Main:1#setP:1,k=8124
FR,context=Main:1,p
FR,context=Main:1,p
VW,context=Main:1#setP:1,k=8126
FR,context=Main:1,p
FR,context=Main:1,p
VW,context=Main:1#setP:1,k=8128
FR,context=Main:1,p
FR,context=Main:1,p
VW,context=Main:1#setP:1,k=8130
FR,context=Main:1,p
FR,context=Main:1,p
VW,context=Main:1#setP:1,k=8132
FR,context=Main:1,p
FR,context=Main:1,p
VW,context=Main:1#setP:1,k=8134
FR,context=Main:1,p
FR,context=Main:1,p
VW,context=Main:1#setP:1,k=8136
FR,context=Main:1,p
FR,context=Main:1,p
VW,context=Main:1#setP:1,k=8138
FR,context=Main:1,p
FR,context=Main:1,p
VW,context=Main:1#setP:1,k=8140
FR,context=Main:1,p
FR,context=Main:1,p
VW,context=Main:1#setP:1,k=8142
FR,context=Main:1,p
FR,context=Main:1,p
VW,context=Main:1#setP:1,k=8144
FR,context=Main:1,p
FR,context=Main:1,p
VW,context=Main:1#setP:1,k=8146
FR,context=Main:1,p
FR,context=Main:1,p
VW,context=Main:1#setP:1,k=8148
FR,context=Main:1,p
FR,context=Main:1,p
VW,context=Main:1#setP:1,k=8150
FR,context=Main:1,p
FR,context=Main:1,p
VW,context=Main:1#setP:1,k=8152
FR,context=Main:1,p
FR,context=Main:1,p
VW,context=Main:1#setP:1,k=8154
FR,context=Main:1,p
FR,context=Main:1,p
VW,context=Main:1#setP:1,k=8156
FR,context=Main:1,p
FR,context=Main:1,p
VW,context=Main:1#setP:1,k=8158
FR,context=Main:1,p
FR,context=Main:1,p
VW,context=Main:1#setP:1,k=8160
FR,context=Main:1,p
FR,context=Main:1,p
VW,context=Main:1#setP:1,k=8162
FR,context=Main:1,p
FR,context=Main:1,p
VW,context=Main:1#setP:1,k=8164
FR,context=Main:1,p
FR,context=Main:1,p
VW,context=Main:1#setP:1,k=8166
FR,context=Main:1,p
FR,context=Main:1,p
VW,context=Main:1#setP:1,k=8168
FR,context=Main:1,p
FR,context=Main:1,p
VW,context=Main:1#setP:1,k=8170
FR,context=Main:1,p
FR,context=Main:1,p
VW,context=Main:1#setP:1,k=8172
FR,context=Main:1,p
FR,context=Main:1,p
VW,context=Main:1#setP:1,k=8174
FR,context=Main:1,p
FR,context=Main:1,p
VW,context=Main:1#setP:1,k=8176
FR,context=Main:1,p
FR,context=Main:1,p
VW,context=Main:1#setP:1,k=8178
FR,context=Main:1,p
FR,context=Main:1,p
VW,context=Main:1#setP:1,k=8180
FR,context=Main:1,p
FR,context=Main:1,p
VW,context=Main:1#setP:1,k=8182
FR,context=Main:1,p
FR,context=Main:1,p
VW,context=Main:1#setP:1,k=8184
FR,context=Main:1,p
FR,context=Main:1,p
VW,context=Main:1#setP:1,k=8186
FR,context=Main:1,p
FR,context=Main:1,p
VW,context=Main:1#setP:1,k=8188
FR,context=Main:1,p
FR,context=Main:1,p
VW,context=Main:1#setP:1,k=8190
FR,context=Main:1,p
FR,context=Main:1,p
VW,context=Main:1#setP:1,k=8192
FR,context=Main:1,p
FR,context=Main:1,p
VW,context=Main:1#setP:1,k=8194
FR,context=Main:1,p
FR,context=Main:1,p
VW,context=Main:1#setP:1,k=8196
FR,context=Main:1,p
FR,context=Main:1,p
VW,context=Main:1#setP:1,k=8198
FR,context=Main:1,p
FR,context=Main:1,p
VW,context=Main:1#setP:1,k=8200
FR,context=Main:1,p
FR,context=Main:1,p
VW,context=Main:1#setP:1,k=8202
FR,context=Main:1,p
FR,context=Main:1,p
VW,context=Main:1#setP:1,k=8204
FR,context=Main:1,p
FR,context=Main:1,p
VW,context=Main:1#setP:1,k=8206
FR,context=Main:1,p
FR,context=Main:1,p
VW,context=Main:1#setP:1,k=8208
FR,context=Main:1,p
FR,context=Main:1,p
VW,context=Main:1#setP:1,k=8210
FR,context=Main:1,p
FR,context=Main:1,p
VW,context=Main:1#setP:1,k=8212
FR,context=Main:1,p
FR,context=Main:1,p
VW,context=Main:1#setP:1,k=8214
FR,context=Main:1,p
FR,context=Main:1,p
VW,context=Main:1#setP:1,k=8216
FR,context=Main:1,p
FR,context=Main:1,p
VW,context=Main:1#setP:1,k=8218
FR,context=Main:1,p
FR,context=Main:1,p
VW,context=Main:1#setP:1,k=8220
FR,context=Main:1,p
FR,context=Main:1,p
VW,context=Main:1#setP:1,k=8222
FR,context=Main:1,p
FR,context=Main:1,p
VW,context=Main:1#setP:1,k=8224
FR,context=Main:1,p
FR,context=Main:1,p
VW,context=Main:1#setP:1,k=8226
FR,context=Main:1,p
FR,context=Main:1,p
VW,context=Main:1#setP:1,k=8228
FR,context=Main:1,p
FR,context=Main:1,p
VW,context=Main:1#setP:1,k=8230
FR,context=Main:1,p
FR,context=Main:1,p
VW,context=Main:1#setP:1,k=8232
FR,context=Main:1,p
FR,context=Main:1,p
VW,context=Main:1#setP:1,k=8234
FR,context=Main:1,p
FR,context=Main:1,p
VW,context=Main:1#setP:1,k=8236
FR,context=Main:1,p
FR,context=Main:1,p
VW,context=Main:1#setP:1,k=8238
FR,context=Main:1,p
FR,context=Main:1,p
VW,context=Main:1#setP:1,k=8240
FR,context=Main:1,p
FR,context=Main:1,p
VW,context=Main:1#setP:1,k=8242
FR,context=Main:1,p
FR,context=Main:1,p
VW,context=Main:1#setP:1,k=8244
FR,context=Main:1,p
FR,context=Main:1,p
VW,context=Main:1#setP:1,k=8246
FR,context=Main:1,p
FR,context=Main:1,p
VW,context=Main:1#setP:1,k=8248
FR,context=Main:1,p
FR,context=Main:1,p
VW,context=Main:1#setP:1,k=8250
FR,context=Main:1,p
FR,context=Main:1,p
VW,context=Main:1#setP:1,k=8252
FR,context=Main:1,p
FR,context=Main:1,p
VW,context=Main:1#setP:1,k=8254
FR,context=Main:1,p
FR,context=Main:1,p
VW,context=Main:1#setP:1,k=8256
FR,context=Main:1,p
FR,context=Main:1,p
VW,context=Main:1#setP:1,k=8258
FR,context=Main:1,p
FR,context=Main:1,p
VW,context=Main:1#setP:1,k=8260
FR,context=Main:1,p
FR,context=Main:1,p
VW,context=Main:1#setP:1,k=8262
FR,context=Main:1,p
FR,context=Main:1,p
VW,context=Main:1#setP:1,k=8264
FR,context=Main:1,p
FR,context=Main:1,p
VW,context=Main:1#setP:1,k=8266
FR,context=Main:1,p
FR,context=Main:1,p
VW,context=Main:1#setP:1,k=8268
FR,context=Main:1,p
FR,context=Main:1,p
VW,context=Main:1#setP:1,k=8270
FR,context=Main:1,p
FR,context=Main:1,p
VW,context=Main:1#setP:1,k=8272
FR,context=Main:1,p
FR,context=Main:1,p
VW,context=Main:1#setP:1,k=8274
FR,context=Main:1,p
FR,context=Main:1,p
VW,context=Main:1#setP:1,k=8276
FR,context=Main:1,p
FR,context=Main:1,p
VW,context=Main:1#setP:1,k=8278
FR,context=Main:1,p
FR,context=Main:1,p
VW,context=Main:1#setP:1,k=8280
FR,context=Main:1,p
FR,context=Main:1,p
VW,context=Main:1#setP:1,k=8282
FR,context=Main:1,p
FR,context=Main:1,p
VW,context=Main:1#setP:1,k=8284
FR,context=Main:1,p
FR,context=Main:1,p
VW,context=Main:1#setP:1,k=8286
FR,context=Main:1,p
FR,context=Main:1,p
VW,context=Main:1#setP:1,k=8288
FR,context=Main:1,p
FR,context=Main:1,p
VW,context=Main:1#setP:1,k=8290
FR,context=Main:1,p
FR,context=Main:1,p
VW,context=Main:1#setP:1,k=8292
FR,context=Main:1,p
FR,context=Main:1,p
VW,context=Main:1#setP:1,k=8294
FR,context=Main:1,p
FR,context=Main:1,p
VW,context=Main:1#setP:1,k=8296
FR,context=Main:1,p
FR,context=Main:1,p
VW,context=Main:1#setP:1,k=8298
FR,context=Main:1,p
FR,context=Main:1,p
VW,context=Main:1#setP:1,k=8300
FR,context=Main:1,p
FR,context=Main:1,p
VW,context=Main:1#setP:1,k=8302
FR,context=Main:1,p
FR,context=Main:1,p
VW,context=Main:1#setP:1,k=8304
FR,context=Main:1,p
FR,context=Main:1,p
VW,context=Main:1#setP:1,k=8306
FR,context=Main:1,p
FR,context=Main:1,p
VW,context=Main:1#setP:1,k=8308
FR,context=Main:1,p
FR,context=Main:1,p
VW,context=Main:1#setP:1,k=8310
FR,context=Main:1,p
FR,context=Main:1,p
VW,context=Main:1#setP:1,k=8312
FR,context=Main:1,p
FR,context=Main:1,p
VW,context=Main:1#setP:1,k=8314
FR,context=Main:1,p
FR,context=Main:1,p
VW,context=Main:1#setP:1,k=8316
FR,context=Main:1,p
FR,context=Main:1,p
VW,context=Main:1#setP:1,k=8318
FR,context=Main:1,p
FR,context=Main:1,p
VW,context=Main:1#setP:1,k=8320
FR,context=Main:1,p
FR,context=Main:1,p
VW,context=Main:1#setP:1,k=8322
FR,context=Main:1,p
FR,context=Main:1,p
VW,context=Main:1#setP:1,k=8324
FR,context=Main:1,p
FR,context=Main:1,p
VW,context=Main:1#setP:1,k=8326
FR,context=Main:1,p
FR,context=Main:1,p
VW,context=Main:1#setP:1,k=8328
FR,context=Main:1,p
FR,context=Main:1,p
VW,context=Main:1#setP:1,k=8330
FR,context=Main:1,p
FR,context=Main:1,p
VW,context=Main:1#setP:1,k=8332
FR,context=Main:1,p
FR,context=Main:1,p
VW,context=Main:1#setP:1,k=8334
FR,context=Main:1,p
FR,context=Main:1,p
VW,context=Main:1#setP:1,k=8336
FR,context=Main:1,p
FR,context=Main:1,p
VW,context=Main:1#setP:1,k=8338
FR,context=Main:1,p
FR,context=Main:1,p
VW,context=Main:1#setP:1,k=8340
FR,context=Main:1,p
FR,context=Main:1,p
VW,context=Main:1#setP:1,k=8342
FR,context=Main:1,p
FR,context=Main:1,p
VW,context=Main:1#setP:1,k=8344
FR,context=Main:1,p
FR,context=Main:1,p
VW,context=Main:1#setP:1,k=8346
FR,context=Main:1,p
FR,context=Main:1,p
VW,context=Main:1#setP:1,k=8348
FR,context=Main:1,p
FR,context=Main:1,p
VW,context=Main:1#setP:1,k=8350
FR,context=Main:1,p
FR,context=Main:1,p
VW,context=Main:1#setP:1,k=8352
FR,context=Main:1,p
FR,context=Main:1,p
VW,context=Main:1#setP:1,k=8354
FR,context=Main:1,p
FR,context=Main:1,p
VW,context=Main:1#setP:1,k=8356
FR,context=Main:1,p
FR,context=Main:1,p
VW,context=Main:1#setP:1,k=8358
FR,context=Main:1,p
FR,context=Main:1,p
VW,context=Main:1#setP:1,k=8360
FR,context=Main:1,p
FR,context=Main:1,p
VW,context=Main:1#setP:1,k=8362
FR,context=Main:1,p
FR,context=Main:1,p
VW,context=Main:1#setP:1,k=8364
FR,context=Main:1,p
FR,context=Main:1,p
VW,context=Main:1#setP:1,k=8366
FR,context=Main:1,p
FR,context=Main:1,p
VW,context=Main:1#setP:1,k=8368
FR,context=Main:1,p
FR,context=Main:1,p
VW,context=Main:1#setP:1,k=8370
FR,context=Main:1,p
FR,context=Main:1,p
VW,context=Main:1#setP:1,k=8372
FR,context=Main:1,p
FR,context=Main:1,p
VW,context=Main:1#setP:1,k=8374
FR,context=Main:1,p
FR,context=Main:1,p
VW,context=Main:1#setP:1,k=8376
FR,context=Main:1,p
FR,context=Main:1,p
VW,context=Main:1#setP:1,k=8378
FR,context=Main:1,p
FR,context=Main:1,p
VW,context=Main:1#setP:1,k=8380
FR,context=Main:1,p
FR,context=Main:1,p
VW,context=Main:1#setP:1,k=8382
FR,context=Main:1,p
FR,context=Main:1,p
VW,context=Main:1#setP:1,k=8384
FR,context=Main:1,p
FR,context=Main:1,p
VW,context=Main:1#setP:1,k=8386
FR,context=Main:1,p
FR,context=Main:1,p
VW,context=Main:1#setP:1,k=8388
FR,context=Main:1,p
FR,context=Main:1,p
VW,context=Main:1#setP:1,k=8390
FR,context=Main:1,p
FR,context=Main:1,p
VW,context=Main:1#setP:1,k=8392
FR,context=Main:1,p
FR,context=Main:1,p
VW,context=Main:1#setP:1,k=8394
FR,context=Main:1,p
FR,context=Main:1,p
VW,context=Main:1#setP:1,k=8396
FR,context=Main:1,p
FR,context=Main:1,p
VW,context=Main:1#setP:1,k=8398
FR,context=Main:1,p
FR,context=Main:1,p
VW,context=Main:1#setP:1,k=8400
FR,context=Main:1,p
FR,context=Main:1,p
VW,context=Main:1#setP:1,k=8402
FR,context=Main:1,p
FR,context=Main:1,p
VW,context=Main:1#setP:1,k=8404
FR,context=Main:1,p
FR,context=Main:1,p
VW,context=Main:1#setP:1,k=8406
FR,context=Main:1,p
FR,context=Main:1,p
VW,context=Main:1#setP:1,k=8408
FR,context=Main:1,p
FR,context=Main:1,p
VW,context=Main:1#setP:1,k=8410
FR,context=Main:1,p
FR,context=Main:1,p
VW,context=Main:1#setP:1,k=8412
FR,context=Main:1,p
FR,context=Main:1,p
VW,context=Main:1#setP:1,k=8414
FR,context=Main:1,p
FR,context=Main:1,p
VW,context=Main:1#setP:1,k=8416
FR,context=Main:1,p
FR,context=Main:1,p
VW,context=Main:1#setP:1,k=8418
FR,context=Main:1,p
FR,context=Main:1,p
VW,context=Main:1#setP:1,k=8420
FR,context=Main:1,p
FR,context=Main:1,p
VW,context=Main:1#setP:1,k=8422
FR,context=Main:1,p
FR,context=Main:1,p
VW,context=Main:1#setP:1,k=8424
FR,context=Main:1,p
FR,context=Main:1,p
VW,context=Main:1#setP:1,k=8426
FR,context=Main:1,p
FR,context=Main:1,p
VW,context=Main:1#setP:1,k=8428
FR,context=Main:1,p
FR,context=Main:1,p
VW,context=Main:1#setP:1,k=8430
FR,context=Main:1,p
FR,context=Main:1,p
VW,context=Main:1#setP:1,k=8432
FR,context=Main:1,p
FR,context=Main:1,p
VW,context=Main:1#setP:1,k=8434
FR,context=Main:1,p
FR,context=Main:1,p
VW,context=Main:1#setP:1,k=8436
FR,context=Main:1,p
FR,context=Main:1,p
VW,context=Main:1#setP:1,k=8438
FR,context=Main:1,p
FR,context=Main:1,p
VW,context=Main:1#setP:1,k=8440
FR,context=Main:1,p
FR,context=Main:1,p
VW,context=Main:1#setP:1,k=8442
FR,context=Main:1,p
FR,context=Main:1,p
VW,context=Main:1#setP:1,k=8444
FR,context=Main:1,p
FR,context=Main:1,p
VW,context=Main:1#setP:1,k=8446
FR,context=Main:1,p
FR,context=Main:1,p
VW,context=Main:1#setP:1,k=8448
FR,context=Main:1,p
FR,context=Main:1,p
VW,context=Main:1#setP:1,k=8450
FR,context=Main:1,p
FR,context=Main:1,p
VW,context=Main:1#setP:1,k=8452
FR,context=Main:1,p
FR,context=Main:1,p
VW,context=Main:1#setP:1,k=8454
FR,context=Main:1,p
FR,context=Main:1,p
VW,context=Main:1#setP:1,k=8456
FR,context=Main:1,p
FR,context=Main:1,p
VW,context=Main:1#setP:1,k=8458
FR,context=Main:1,p
FR,context=Main:1,p
VW,context=Main:1#setP:1,k=8460
FR,context=Main:1,p
FR,context=Main:1,p
VW,context=Main:1#setP:1,k=8462
FR,context=Main:1,p
FR,context=Main:1,p
VW,context=Main:1#setP:1,k=8464
FR,context=Main:1,p
FR,context=Main:1,p
VW,context=Main:1#setP:1,k=8466
FR,context=Main:1,p
FR,context=Main:1,p
VW,context=Main:1#setP:1,k=8468
FR,context=Main:1,p
FR,context=Main:1,p
VW,context=Main:1#setP:1,k=8470
FR,context=Main:1,p
FR,context=Main:1,p
VW,context=Main:1#setP:1,k=8472
FR,context=Main:1,p
FR,context=Main:1,p
VW,context=Main:1#setP:1,k=8474
FR,context=Main:1,p
FR,context=Main:1,p
VW,context=Main:1#setP:1,k=8476
FR,context=Main:1,p
FR,context=Main:1,p
VW,context=Main:1#setP:1,k=8478
FR,context=Main:1,p
FR,context=Main:1,p
VW,context=Main:1#setP:1,k=8480
FR,context=Main:1,p
FR,context=Main:1,p
VW,context=Main:1#setP:1,k=8482
FR,context=Main:1,p
FR,context=Main:1,p
VW,context=Main:1#setP:1,k=8484
FR,context=Main:1,p
FR,context=Main:1,p
VW,context=Main:1#setP:1,k=8486
FR,context=Main:1,p
FR,context=Main:1,p
VW,context=Main:1#setP:1,k=8488
FR,context=Main:1,p
FR,context=Main:1,p
VW,context=Main:1#setP:1,k=8490
FR,context=Main:1,p
FR,context=Main:1,p
VW,context=Main:1#setP:1,k=8492
FR,context=Main:1,p
FR,context=Main:1,p
VW,context=Main:1#setP:1,k=8494
FR,context=Main:1,p
FR,context=Main:1,p
VW,context=Main:1#setP:1,k=8496
FR,context=Main:1,p
FR,context=Main:1,p
VW,context=Main:1#setP:1,k=8498
FR,context=Main:1,p
FR,context=Main:1,p
VW,context=Main:1#setP:1,k=8500
FR,context=Main:1,p
FR,context=Main:1,p
VW,context=Main:1#setP:1,k=8502
FR,context=Main:1,p
FR,context=Main:1,p
VW,context=Main:1#setP:1,k=8504
FR,context=Main:1,p
FR,context=Main:1,p
VW,context=Main:1#setP:1,k=8506
FR,context=Main:1,p
FR,context=Main:1,p
VW,context=Main:1#setP:1,k=8508
FR,context=Main:1,p
FR,context=Main:1,p
VW,context=Main:1#setP:1,k=8510
FR,context=Main:1,p
FR,context=Main:1,p
VW,context=Main:1#setP:1,k=8512
FR,context=Main:1,p
FR,context=Main:1,p
VW,context=Main:1#setP:1,k=8514
FR,context=Main:1,p
FR,context=Main:1,p
VW,context=Main:1#setP:1,k=8516
FR,context=Main:1,p
FR,context=Main:1,p
VW,context=Main:1#setP:1,k=8518
FR,context=Main:1,p
FR,context=Main:1,p
VW,context=Main:1#setP:1,k=8520
FR,context=Main:1,p
FR,context=Main:1,p
VW,context=Main:1#setP:1,k=8522
FR,context=Main:1,p
FR,context=Main:1,p
VW,context=Main:1#setP:1,k=8524
FR,context=Main:1,p
FR,context=Main:1,p
VW,context=Main:1#setP:1,k=8526
FR,context=Main:1,p
FR,context=Main:1,p
VW,context=Main:1#setP:1,k=8528
FR,context=Main:1,p
FR,context=Main:1,p
VW,context=Main:1#setP:1,k=8530
FR,context=Main:1,p
FR,context=Main:1,p
VW,context=Main:1#setP:1,k=8532
FR,context=Main:1,p
FR,context=Main:1,p
VW,context=Main:1#setP:1,k=8534
FR,context=Main:1,p
FR,context=Main:1,p
VW,context=Main:1#setP:1,k=8536
FR,context=Main:1,p
FR,context=Main:1,p
VW,context=Main:1#setP:1,k=8538
FR,context=Main:1,p
FR,context=Main:1,p
VW,context=Main:1#setP:1,k=8540
FR,context=Main:1,p
FR,context=Main:1,p
VW,context=Main:1#setP:1,k=8542
FR,context=Main:1,p
FR,context=Main:1,p
VW,context=Main:1#setP:1,k=8544
FR,context=Main:1,p
FR,context=Main:1,p
VW,context=Main:1#setP:1,k=8546
FR,context=Main:1,p
FR,context=Main:1,p
VW,context=Main:1#setP:1,k=8548
FR,context=Main:1,p
FR,context=Main:1,p
VW,context=Main:1#setP:1,k=8550
FR,context=Main:1,p
FR,context=Main:1,p
VW,context=Main:1#setP:1,k=8552
FR,context=Main:1,p
FR,context=Main:1,p
VW,context=Main:1#setP:1,k=8554
FR,context=Main:1,p
FR,context=Main:1,p
VW,context=Main:1#setP:1,k=8556
FR,context=Main:1,p
FR,context=Main:1,p
VW,context=Main:1#setP:1,k=8558
FR,context=Main:1,p
FR,context=Main:1,p
VW,context=Main:1#setP:1,k=8560
FR,context=Main:1,p
FR,context=Main:1,p
VW,context=Main:1#setP:1,k=8562
FR,context=Main:1,p
FR,context=Main:1,p
VW,context=Main:1#setP:1,k=8564
FR,context=Main:1,p
FR,context=Main:1,p
VW,context=Main:1#setP:1,k=8566
FR,context=Main:1,p
FR,context=Main:1,p
VW,context=Main:1#setP:1,k=8568
FR,context=Main:1,p
FR,context=Main:1,p
VW,context=Main:1#setP:1,k=8570
FR,context=Main:1,p
FR,context=Main:1,p
VW,context=Main:1#setP:1,k=8572
FR,context=Main:1,p
FR,context=Main:1,p
VW,context=Main:1#setP:1,k=8574
FR,context=Main:1,p
FR,context=Main:1,p
VW,context=Main:1#setP:1,k=8576
FR,context=Main:1,p
FR,context=Main:1,p
VW,context=Main:1#setP:1,k=8578
FR,context=Main:1,p
FR,context=Main:1,p
VW,context=Main:1#setP:1,k=8580
FR,context=Main:1,p
FR,context=Main:1,p
VW,context=Main:1#setP:1,k=8582
FR,context=Main:1,p
FR,context=Main:1,p
VW,context=Main:1#setP:1,k=8584
FR,context=Main:1,p
FR,context=Main:1,p
VW,context=Main:1#setP:1,k=8586
FR,context=Main:1,p
FR,context=Main:1,p
VW,context=Main:1#setP:1,k=8588
FR,context=Main:1,p
FR,context=Main:1,p
VW,context=Main:1#setP:1,k=8590
FR,context=Main:1,p
FR,context=Main:1,p
VW,context=Main:1#setP:1,k=8592
FR,context=Main:1,p
FR,context=Main:1,p
VW,context=Main:1#setP:1,k=8594
FR,context=Main:1,p
FR,context=Main:1,p
VW,context=Main:1#setP:1,k=8596
FR,context=Main:1,p
FR,context=Main:1,p
VW,context=Main:1#setP:1,k=8598
FR,context=Main:1,p
FR,context=Main:1,p
VW,context=Main:1#setP:1,k=8600
FR,context=Main:1,p
FR,context=Main:1,p
VW,context=Main:1#setP:1,k=8602
FR,context=Main:1,p
FR,context=Main:1,p
VW,context=Main:1#setP:1,k=8604
FR,context=Main:1,p
FR,context=Main:1,p
VW,context=Main:1#setP:1,k=8606
FR,context=Main:1,p
FR,context=Main:1,p
VW,context=Main:1#setP:1,k=8608
FR,context=Main:1,p
FR,context=Main:1,p
VW,context=Main:1#setP:1,k=8610
FR,context=Main:1,p
FR,context=Main:1,p
VW,context=Main:1#setP:1,k=8612
FR,context=Main:1,p
FR,context=Main:1,p
VW,context=Main:1#setP:1,k=8614
FR,context=Main:1,p
FR,context=Main:1,p
VW,context=Main:1#setP:1,k=8616
FR,context=Main:1,p
FR,context=Main:1,p
VW,context=Main:1#setP:1,k=8618
FR,context=Main:1,p
FR,context=Main:1,p
VW,context=Main:1#setP:1,k=8620
FR,context=Main:1,p
FR,context=Main:1,p
VW,context=Main:1#setP:1,k=8622
FR,context=Main:1,p
FR,context=Main:1,p
VW,context=Main:1#setP:1,k=8624
FR,context=Main:1,p
FR,context=Main:1,p
VW,context=Main:1#setP:1,k=8626
FR,context=Main:1,p
FR,context=Main:1,p
VW,context=Main:1#setP:1,k=8628
FR,context=Main:1,p
FR,context=Main:1,p
VW,context=Main:1#setP:1,k=8630
FR,context=Main:1,p
FR,context=Main:1,p
VW,context=Main:1#setP:1,k=8632
FR,context=Main:1,p
FR,context=Main:1,p
VW,context=Main:1#setP:1,k=8634
FR,context=Main:1,p
FR,context=Main:1,p
VW,context=Main:1#setP:1,k=8636
FR,context=Main:1,p
FR,context=Main:1,p
VW,context=Main:1#setP:1,k=8638
FR,context=Main:1,p
FR,context=Main:1,p
VW,context=Main:1#setP:1,k=8640
FR,context=Main:1,p
FR,context=Main:1,p
VW,context=Main:1#setP:1,k=8642
FR,context=Main:1,p
FR,context=Main:1,p
VW,context=Main:1#setP:1,k=8644
FR,context=Main:1,p
FR,context=Main:1,p
VW,context=Main:1#setP:1,k=8646
FR,context=Main:1,p
FR,context=Main:1,p
VW,context=Main:1#setP:1,k=8648
FR,context=Main:1,p
FR,context=Main:1,p
VW,context=Main:1#setP:1,k=8650
FR,context=Main:1,p
FR,context=Main:1,p
VW,context=Main:1#setP:1,k=8652
FR,context=Main:1,p
FR,context=Main:1,p
VW,context=Main:1#setP:1,k=8654
FR,context=Main:1,p
FR,context=Main:1,p
VW,context=Main:1#setP:1,k=8656
FR,context=Main:1,p
FR,context=Main:1,p
VW,context=Main:1#setP:1,k=8658
FR,context=Main:1,p
FR,context=Main:1,p
VW,context=Main:1#setP:1,k=8660
FR,context=Main:1,p
FR,context=Main:1,p
VW,context=Main:1#setP:1,k=8662
FR,context=Main:1,p
FR,context=Main:1,p
VW,context=Main:1#setP:1,k=8664
FR,context=Main:1,p
FR,context=Main:1,p
VW,context=Main:1#setP:1,k=8666
FR,context=Main:1,p
FR,context=Main:1,p
VW,context=Main:1#setP:1,k=8668
FR,context=Main:1,p
FR,context=Main:1,p
VW,context=Main:1#setP:1,k=8670
FR,context=Main:1,p
FR,context=Main:1,p
VW,context=Main:1#setP:1,k=8672
FR,context=Main:1,p
FR,context=Main:1,p
VW,context=Main:1#setP:1,k=8674
FR,context=Main:1,p
FR,context=Main:1,p
VW,context=Main:1#setP:1,k=8676
FR,context=Main:1,p
FR,context=Main:1,p
VW,context=Main:1#setP:1,k=8678
FR,context=Main:1,p
FR,context=Main:1,p
VW,context=Main:1#setP:1,k=8680
FR,context=Main:1,p
FR,context=Main:1,p
VW,context=Main:1#setP:1,k=8682
FR,context=Main:1,p
FR,context=Main:1,p
VW,context=Main:1#setP:1,k=8684
FR,context=Main:1,p
FR,context=Main:1,p
VW,context=Main:1#setP:1,k=8686
FR,context=Main:1,p
FR,context=Main:1,p
VW,context=Main:1#setP:1,k=8688
FR,context=Main:1,p
FR,context=Main:1,p
VW,context=Main:1#setP:1,k=8690
FR,context=Main:1,p
FR,context=Main:1,p
VW,context=Main:1#setP:1,k=8692
FR,context=Main:1,p
FR,context=Main:1,p
VW,context=Main:1#setP:1,k=8694
FR,context=Main:1,p
FR,context=Main:1,p
VW,context=Main:1#setP:1,k=8696
FR,context=Main:1,p
FR,context=Main:1,p
VW,context=Main:1#setP:1,k=8698
FR,context=Main:1,p
FR,context=Main:1,p
VW,context=Main:1#setP:1,k=8700
FR,context=Main:1,p
FR,context=Main:1,p
VW,context=Main:1#setP:1,k=8702
FR,context=Main:1,p
FR,context=Main:1,p
VW,context=Main:1#setP:1,k=8704
FR,context=Main:1,p
FR,context=Main:1,p
VW,context=Main:1#setP:1,k=8706
FR,context=Main:1,p
FR,context=Main:1,p
VW,context=Main:1#setP:1,k=8708
FR,context=Main:1,p
FR,context=Main:1,p
VW,context=Main:1#setP:1,k=8710
FR,context=Main:1,p
FR,context=Main:1,p
VW,context=Main:1#setP:1,k=8712
FR,context=Main:1,p
FR,context=Main:1,p
VW,context=Main:1#setP:1,k=8714
FR,context=Main:1,p
FR,context=Main:1,p
VW,context=Main:1#setP:1,k=8716
FR,context=Main:1,p
FR,context=Main:1,p
VW,context=Main:1#setP:1,k=8718
FR,context=Main:1,p
FR,context=Main:1,p
VW,context=Main:1#setP:1,k=8720
FR,context=Main:1,p
FR,context=Main:1,p
VW,context=Main:1#setP:1,k=8722
FR,context=Main:1,p
FR,context=Main:1,p
VW,context=Main:1#setP:1,k=8724
FR,context=Main:1,p
FR,context=Main:1,p
VW,context=Main:1#setP:1,k=8726
FR,context=Main:1,p
FR,context=Main:1,p
VW,context=Main:1#setP:1,k=8728
FR,context=Main:1,p
FR,context=Main:1,p
VW,context=Main:1#setP:1,k=8730
FR,context=Main:1,p
FR,context=Main:1,p
VW,context=Main:1#setP:1,k=8732
FR,context=Main:1,p
FR,context=Main:1,p
VW,context=Main:1#setP:1,k=8734
FR,context=Main:1,p
FR,context=Main:1,p
VW,context=Main:1#setP:1,k=8736
FR,context=Main:1,p
FR,context=Main:1,p
VW,context=Main:1#setP:1,k=8738
FR,context=Main:1,p
FR,context=Main:1,p
VW,context=Main:1#setP:1,k=8740
FR,context=Main:1,p
FR,context=Main:1,p
VW,context=Main:1#setP:1,k=8742
FR,context=Main:1,p
FR,context=Main:1,p
VW,context=Main:1#setP:1,k=8744
FR,context=Main:1,p
FR,context=Main:1,p
VW,context=Main:1#setP:1,k=8746
FR,context=Main:1,p
FR,context=Main:1,p
VW,context=Main:1#setP:1,k=8748
FR,context=Main:1,p
FR,context=Main:1,p
VW,context=Main:1#setP:1,k=8750
FR,context=Main:1,p
FR,context=Main:1,p
VW,context=Main:1#setP:1,k=8752
FR,context=Main:1,p
FR,context=Main:1,p
VW,context=Main:1#setP:1,k=8754
FR,context=Main:1,p
FR,context=Main:1,p
VW,context=Main:1#setP:1,k=8756
FR,context=Main:1,p
FR,context=Main:1,p
VW,context=Main:1#setP:1,k=8758
FR,context=Main:1,p
FR,context=Main:1,p
VW,context=Main:1#setP:1,k=8760
FR,context=Main:1,p
FR,context=Main:1,p
VW,context=Main:1#setP:1,k=8762
FR,context=Main:1,p
FR,context=Main:1,p
VW,context=Main:1#setP:1,k=8764
FR,context=Main:1,p
FR,context=Main:1,p
VW,context=Main:1#setP:1,k=8766
FR,context=Main:1,p
FR,context=Main:1,p
VW,context=Main:1#setP:1,k=8768
FR,context=Main:1,p
FR,context=Main:1,p
VW,context=Main:1#setP:1,k=8770
FR,context=Main:1,p
FR,context=Main:1,p
VW,context=Main:1#setP:1,k=8772
FR,context=Main:1,p
FR,context=Main:1,p
VW,context=Main:1#setP:1,k=8774
FR,context=Main:1,p
FR,context=Main:1,p
VW,context=Main:1#setP:1,k=8776
FR,context=Main:1,p
FR,context=Main:1,p
VW,context=Main:1#setP:1,k=8778
FR,context=Main:1,p
FR,context=Main:1,p
VW,context=Main:1#setP:1,k=8780
FR,context=Main:1,p
FR,context=Main:1,p
VW,context=Main:1#setP:1,k=8782
FR,context=Main:1,p
FR,context=Main:1,p
VW,context=Main:1#setP:1,k=8784
FR,context=Main:1,p
FR,context=Main:1,p
VW,context=Main:1#setP:1,k=8786
FR,context=Main:1,p
FR,context=Main:1,p
VW,context=Main:1#setP:1,k=8788
FR,context=Main:1,p
FR,context=Main:1,p
VW,context=Main:1#setP:1,k=8790
FR,context=Main:1,p
FR,context=Main:1,p
VW,context=Main:1#setP:1,k=8792
FR,context=Main:1,p
FR,context=Main:1,p
VW,context=Main:1#setP:1,k=8794
FR,context=Main:1,p
FR,context=Main:1,p
VW,context=Main:1#setP:1,k=8796
FR,context=Main:1,p
FR,context=Main:1,p
VW,context=Main:1#setP:1,k=8798
FR,context=Main:1,p
FR,context=Main:1,p
VW,context=Main:1#setP:1,k=8800
FR,context=Main:1,p
FR,context=Main:1,p
VW,context=Main:1#setP:1,k=8802
FR,context=Main:1,p
FR,context=Main:1,p
VW,context=Main:1#setP:1,k=8804
FR,context=Main:1,p
FR,context=Main:1,p
VW,context=Main:1#setP:1,k=8806
FR,context=Main:1,p
FR,context=Main:1,p
VW,context=Main:1#setP:1,k=8808
FR,context=Main:1,p
FR,context=Main:1,p
VW,context=Main:1#setP:1,k=8810
FR,context=Main:1,p
FR,context=Main:1,p
VW,context=Main:1#setP:1,k=8812
FR,context=Main:1,p
FR,context=Main:1,p
VW,context=Main:1#setP:1,k=8814
FR,context=Main:1,p
FR,context=Main:1,p
VW,context=Main:1#setP:1,k=8816
FR,context=Main:1,p
FR,context=Main:1,p
VW,context=Main:1#setP:1,k=8818
FR,context=Main:1,p
FR,context=Main:1,p
VW,context=Main:1#setP:1,k=8820
FR,context=Main:1,p
FR,context=Main:1,p
VW,context=Main:1#setP:1,k=8822
FR,context=Main:1,p
FR,context=Main:1,p
VW,context=Main:1#setP:1,k=8824
FR,context=Main:1,p
FR,context=Main:1,p
VW,context=Main:1#setP:1,k=8826
FR,context=Main:1,p
FR,context=Main:1,p
VW,context=Main:1#setP:1,k=8828
FR,context=Main:1,p
FR,context=Main:1,p
VW,context=Main:1#setP:1,k=8830
FR,context=Main:1,p
FR,context=Main:1,p
VW,context=Main:1#setP:1,k=8832
FR,context=Main:1,p
FR,context=Main:1,p
VW,context=Main:1#setP:1,k=8834
FR,context=Main:1,p
FR,context=Main:1,p
VW,context=Main:1#setP:1,k=8836
FR,context=Main:1,p
FR,context=Main:1,p
VW,context=Main:1#setP:1,k=8838
FR,context=Main:1,p
FR,context=Main:1,p
VW,context=Main:1#setP:1,k=8840
FR,context=Main:1,p
FR,context=Main:1,p
VW,context=Main:1#setP:1,k=8842
FR,context=Main:1,p
FR,context=Main:1,p
VW,context=Main:1#setP:1,k=8844
FR,context=Main:1,p
FR,context=Main:1,p
VW,context=Main:1#setP:1,k=8846
FR,context=Main:1,p
FR,context=Main:1,p
VW,context=Main:1#setP:1,k=8848
FR,context=Main:1,p
FR,context=Main:1,p
VW,context=Main:1#setP:1,k=8850
FR,context=Main:1,p
FR,context=Main:1,p
VW,context=Main:1#setP:1,k=8852
FR,context=Main:1,p
FR,context=Main:1,p
VW,context=Main:1#setP:1,k=8854
FR,context=Main:1,p
FR,context=Main:1,p
VW,context=Main:1#setP:1,k=8856
FR,context=Main:1,p
FR,context=Main:1,p
VW,context=Main:1#setP:1,k=8858
FR,context=Main:1,p
FR,context=Main:1,p
VW,context=Main:1#setP:1,k=8860
FR,context=Main:1,p
FR,context=Main:1,p
VW,context=Main:1#setP:1,k=8862
FR,context=Main:1,p
FR,context=Main:1,p
VW,context=Main:1#setP:1,k=8864
FR,context=Main:1,p
FR,context=Main:1,p
VW,context=Main:1#setP:1,k=8866
FR,context=Main:1,p
FR,context=Main:1,p
VW,context=Main:1#setP:1,k=8868
FR,context=Main:1,p
FR,context=Main:1,p
VW,context=Main:1#setP:1,k=8870
FR,context=Main:1,p
FR,context=Main:1,p
VW,context=Main:1#setP:1,k=8872
FR,context=Main:1,p
FR,context=Main:1,p
VW,context=Main:1#setP:1,k=8874
FR,context=Main:1,p
FR,context=Main:1,p
VW,context=Main:1#setP:1,k=8876
FR,context=Main:1,p
FR,context=Main:1,p
VW,context=Main:1#setP:1,k=8878
FR,context=Main:1,p
FR,context=Main:1,p
VW,context=Main:1#setP:1,k=8880
FR,context=Main:1,p
FR,context=Main:1,p
VW,context=Main:1#setP:1,k=8882
FR,context=Main:1,p
FR,context=Main:1,p
VW,context=Main:1#setP:1,k=8884
FR,context=Main:1,p
FR,context=Main:1,p
VW,context=Main:1#setP:1,k=8886
FR,context=Main:1,p
FR,context=Main:1,p
VW,context=Main:1#setP:1,k=8888
FR,context=Main:1,p
FR,context=Main:1,p
VW,context=Main:1#setP:1,k=8890
FR,context=Main:1,p
FR,context=Main:1,p
VW,context=Main:1#setP:1,k=8892
FR,context=Main:1,p
FR,context=Main:1,p
VW,context=Main:1#setP:1,k=8894
FR,context=Main:1,p
FR,context=Main:1,p
VW,context=Main:1#setP:1,k=8896
FR,context=Main:1,p
FR,context=Main:1,p
VW,context=Main:1#setP:1,k=8898
FR,context=Main:1,p
FR,context=Main:1,p
VW,context=Main:1#setP:1,k=8900
FR,context=Main:1,p
FR,context=Main:1,p
VW,context=Main:1#setP:1,k=8902
FR,context=Main:1,p
FR,context=Main:1,p
VW,context=Main:1#setP:1,k=8904
FR,context=Main:1,p
FR,context=Main:1,p
VW,context=Main:1#setP:1,k=8906
FR,context=Main:1,p
FR,context=Main:1,p
VW,context=Main:1#setP:1,k=8908
FR,context=Main:1,p
FR,context=Main:1,p
VW,context=Main:1#setP:1,k=8910
FR,context=Main:1,p
FR,context=Main:1,p
VW,context=Main:1#setP:1,k=8912
FR,context=Main:1,p
FR,context=Main:1,p
VW,context=Main:1#setP:1,k=8914
FR,context=Main:1,p
FR,context=Main:1,p
VW,context=Main:1#setP:1,k=8916
FR,context=Main:1,p
FR,context=Main:1,p
VW,context=Main:1#setP:1,k=8918
FR,context=Main:1,p
FR,context=Main:1,p
VW,context=Main:1#setP:1,k=8920
FR,context=Main:1,p
FR,context=Main:1,p
VW,context=Main:1#setP:1,k=8922
FR,context=Main:1,p
FR,context=Main:1,p
VW,context=Main:1#setP:1,k=8924
FR,context=Main:1,p
FR,context=Main:1,p
VW,context=Main:1#setP:1,k=8926
FR,context=Main:1,p
FR,context=Main:1,p
VW,context=Main:1#setP:1,k=8928
FR,context=Main:1,p
FR,context=Main:1,p
VW,context=Main:1#setP:1,k=8930
FR,context=Main:1,p
FR,context=Main:1,p
VW,context=Main:1#setP:1,k=8932
FR,context=Main:1,p
FR,context=Main:1,p
VW,context=Main:1#setP:1,k=8934
FR,context=Main:1,p
FR,context=Main:1,p
VW,context=Main:1#setP:1,k=8936
FR,context=Main:1,p
FR,context=Main:1,p
VW,context=Main:1#setP:1,k=8938
FR,context=Main:1,p
FR,context=Main:1,p
VW,context=Main:1#setP:1,k=8940
FR,context=Main:1,p
FR,context=Main:1,p
VW,context=Main:1#setP:1,k=8942
FR,context=Main:1,p
FR,context=Main:1,p
VW,context=Main:1#setP:1,k=8944
FR,context=Main:1,p
FR,context=Main:1,p
VW,context=Main:1#setP:1,k=8946
FR,context=Main:1,p
FR,context=Main:1,p
VW,context=Main:1#setP:1,k=8948
FR,context=Main:1,p
FR,context=Main:1,p
VW,context=Main:1#setP:1,k=8950
FR,context=Main:1,p
FR,context=Main:1,p
VW,context=Main:1#setP:1,k=8952
FR,context=Main:1,p
FR,context=Main:1,p
VW,context=Main:1#setP:1,k=8954
FR,context=Main:1,p
FR,context=Main:1,p
VW,context=Main:1#setP:1,k=8956
FR,context=Main:1,p
FR,context=Main:1,p
VW,context=Main:1#setP:1,k=8958
FR,context=Main:1,p
FR,context=Main:1,p
VW,context=Main:1#setP:1,k=8960
FR,context=Main:1,p
FR,context=Main:1,p
VW,context=Main:1#setP:1,k=8962
FR,context=Main:1,p
FR,context=Main:1,p
VW,context=Main:1#setP:1,k=8964
FR,context=Main:1,p
FR,context=Main:1,p
VW,context=Main:1#setP:1,k=8966
FR,context=Main:1,p
FR,context=Main:1,p
VW,context=Main:1#setP:1,k=8968
FR,context=Main:1,p
FR,context=Main:1,p
VW,context=Main:1#setP:1,k=8970
FR,context=Main:1,p
FR,context=Main:1,p
VW,context=Main:1#setP:1,k=8972
FR,context=Main:1,p
FR,context=Main:1,p
VW,context=Main:1#setP:1,k=8974
FR,context=Main:1,p
FR,context=Main:1,p
VW,context=Main:1#setP:1,k=8976
FR,context=Main:1,p
FR,context=Main:1,p
VW,context=Main:1#setP:1,k=8978
FR,context=Main:1,p
FR,context=Main:1,p
VW,context=Main:1#setP:1,k=8980
FR,context=Main:1,p
FR,context=Main:1,p
VW,context=Main:1#setP:1,k=8982
FR,context=Main:1,p
FR,context=Main:1,p
VW,context=Main:1#setP:1,k=8984
FR,context=Main:1,p
FR,context=Main:1,p
VW,context=Main:1#setP:1,k=8986
FR,context=Main:1,p
FR,context=Main:1,p
VW,context=Main:1#setP:1,k=8988
FR,context=Main:1,p
FR,context=Main:1,p
VW,context=Main:1#setP:1,k=8990
FR,context=Main:1,p
FR,context=Main:1,p
VW,context=Main:1#setP:1,k=8992
FR,context=Main:1,p
FR,context=Main:1,p
VW,context=Main:1#setP:1,k=8994
FR,context=Main:1,p
FR,context=Main:1,p
VW,context=Main:1#setP:1,k=8996
FR,context=Main:1,p
FR,context=Main:1,p
VW,context=Main:1#setP:1,k=8998
FR,context=Main:1,p
FR,context=Main:1,p
VW,context=Main:1#setP:1,k=9000
FR,context=Main:1,p
FR,context=Main:1,p
VW,context=Main:1#setP:1,k=9002
FR,context=Main:1,p
FR,context=Main:1,p
VW,context=Main:1#setP:1,k=9004
FR,context=Main:1,p
FR,context=Main:1,p
VW,context=Main:1#setP:1,k=9006
FR,context=Main:1,p
FR,context=Main:1,p
VW,context=Main:1#setP:1,k=9008
FR,context=Main:1,p
FR,context=Main:1,p
VW,context=Main:1#setP:1,k=9010
FR,context=Main:1,p
FR,context=Main:1,p
VW,context=Main:1#setP:1,k=9012
FR,context=Main:1,p
FR,context=Main:1,p
VW,context=Main:1#setP:1,k=9014
FR,context=Main:1,p
FR,context=Main:1,p
VW,context=Main:1#setP:1,k=9016
FR,context=Main:1,p
FR,context=Main:1,p
VW,context=Main:1#setP:1,k=9018
FR,context=Main:1,p
FR,context=Main:1,p
VW,context=Main:1#setP:1,k=9020
FR,context=Main:1,p
FR,context=Main:1,p
VW,context=Main:1#setP:1,k=9022
FR,context=Main:1,p
FR,context=Main:1,p
VW,context=Main:1#setP:1,k=9024
FR,context=Main:1,p
FR,context=Main:1,p
VW,context=Main:1#setP:1,k=9026
FR,context=Main:1,p
FR,context=Main:1,p
VW,context=Main:1#setP:1,k=9028
FR,context=Main:1,p
FR,context=Main:1,p
VW,context=Main:1#setP:1,k=9030
FR,context=Main:1,p
FR,context=Main:1,p
VW,context=Main:1#setP:1,k=9032
FR,context=Main:1,p
FR,context=Main:1,p
VW,context=Main:1#setP:1,k=9034
FR,context=Main:1,p
FR,context=Main:1,p
VW,context=Main:1#setP:1,k=9036
FR,context=Main:1,p
FR,context=Main:1,p
VW,context=Main:1#setP:1,k=9038
FR,context=Main:1,p
FR,context=Main:1,p
VW,context=Main:1#setP:1,k=9040
FR,context=Main:1,p
FR,context=Main:1,p
VW,context=Main:1#setP:1,k=9042
FR,context=Main:1,p
FR,context=Main:1,p
VW,context=Main:1#setP:1,k=9044
FR,context=Main:1,p
FR,context=Main:1,p
VW,context=Main:1#setP:1,k=9046
FR,context=Main:1,p
FR,context=Main:1,p
VW,context=Main:1#setP:1,k=9048
FR,context=Main:1,p
FR,context=Main:1,p
VW,context=Main:1#setP:1,k=9050
FR,context=Main:1,p
FR,context=Main:1,p
VW,context=Main:1#setP:1,k=9052
FR,context=Main:1,p
FR,context=Main:1,p
VW,context=Main:1#setP:1,k=9054
FR,context=Main:1,p
FR,context=Main:1,p
VW,context=Main:1#setP:1,k=9056
FR,context=Main:1,p
FR,context=Main:1,p
VW,context=Main:1#setP:1,k=9058
FR,context=Main:1,p
FR,context=Main:1,p
VW,context=Main:1#setP:1,k=9060
FR,context=Main:1,p
FR,context=Main:1,p
VW,context=Main:1#setP:1,k=9062
FR,context=Main:1,p
FR,context=Main:1,p
VW,context=Main:1#setP:1,k=9064
FR,context=Main:1,p
FR,context=Main:1,p
VW,context=Main:1#setP:1,k=9066
FR,context=Main:1,p
FR,context=Main:1,p
VW,context=Main:1#setP:1,k=9068
FR,context=Main:1,p
FR,context=Main:1,p
VW,context=Main:1#setP:1,k=9070
FR,context=Main:1,p
FR,context=Main:1,p
VW,context=Main:1#setP:1,k=9072
FR,context=Main:1,p
FR,context=Main:1,p
VW,context=Main:1#setP:1,k=9074
FR,context=Main:1,p
FR,context=Main:1,p
VW,context=Main:1#setP:1,k=9076
FR,context=Main:1,p
FR,context=Main:1,p
VW,context=Main:1#setP:1,k=9078
FR,context=Main:1,p
FR,context=Main:1,p
VW,context=Main:1#setP:1,k=9080
FR,context=Main:1,p
FR,context=Main:1,p
VW,context=Main:1#setP:1,k=9082
FR,context=Main:1,p
FR,context=Main:1,p
VW,context=Main:1#setP:1,k=9084
FR,context=Main:1,p
FR,context=Main:1,p
VW,context=Main:1#setP:1,k=9086
FR,context=Main:1,p
FR,context=Main:1,p
VW,context=Main:1#setP:1,k=9088
FR,context=Main:1,p
FR,context=Main:1,p
VW,context=Main:1#setP:1,k=9090
FR,context=Main:1,p
FR,context=Main:1,p
VW,context=Main:1#setP:1,k=9092
FR,context=Main:1,p
FR,context=Main:1,p
VW,context=Main:1#setP:1,k=9094
FR,context=Main:1,p
FR,context=Main:1,p
VW,context=Main:1#setP:1,k=9096
FR,context=Main:1,p
FR,context=Main:1,p
VW,context=Main:1#setP:1,k=9098
FR,context=Main:1,p
FR,context=Main:1,p
VW,context=Main:1#setP:1,k=9100
FR,context=Main:1,p
FR,context=Main:1,p
VW,context=Main:1#setP:1,k=9102
FR,context=Main:1,p
FR,context=Main:1,p
VW,context=Main:1#setP:1,k=9104
FR,context=Main:1,p
FR,context=Main:1,p
VW,context=Main:1#setP:1,k=9106
FR,context=Main:1,p
FR,context=Main:1,p
VW,context=Main:1#setP:1,k=9108
FR,context=Main:1,p
FR,context=Main:1,p
VW,context=Main:1#setP:1,k=9110
FR,context=Main:1,p
FR,context=Main:1,p
VW,context=Main:1#setP:1,k=9112
FR,context=Main:1,p
FR,context=Main:1,p
VW,context=Main:1#setP:1,k=9114
FR,context=Main:1,p
FR,context=Main:1,p
VW,context=Main:1#setP:1,k=9116
FR,context=Main:1,p
FR,context=Main:1,p
VW,context=Main:1#setP:1,k=9118
FR,context=Main:1,p
FR,context=Main:1,p
VW,context=Main:1#setP:1,k=9120
FR,context=Main:1,p
FR,context=Main:1,p
VW,context=Main:1#setP:1,k=9122
FR,context=Main:1,p
FR,context=Main:1,p
VW,context=Main:1#setP:1,k=9124
FR,context=Main:1,p
FR,context=Main:1,p
VW,context=Main:1#setP:1,k=9126
FR,context=Main:1,p
FR,context=Main:1,p
VW,context=Main:1#setP:1,k=9128
FR,context=Main:1,p
FR,context=Main:1,p
VW,context=Main:1#setP:1,k=9130
FR,context=Main:1,p
FR,context=Main:1,p
VW,context=Main:1#setP:1,k=9132
FR,context=Main:1,p
FR,context=Main:1,p
VW,context=Main:1#setP:1,k=9134
FR,context=Main:1,p
FR,context=Main:1,p
VW,context=Main:1#setP:1,k=9136
FR,context=Main:1,p
FR,context=Main:1,p
VW,context=Main:1#setP:1,k=9138
FR,context=Main:1,p
FR,context=Main:1,p
VW,context=Main:1#setP:1,k=9140
FR,context=Main:1,p
FR,context=Main:1,p
VW,context=Main:1#setP:1,k=9142
FR,context=Main:1,p
FR,context=Main:1,p
VW,context=Main:1#setP:1,k=9144
FR,context=Main:1,p
FR,context=Main:1,p
VW,context=Main:1#setP:1,k=9146
FR,context=Main:1,p
FR,context=Main:1,p
VW,context=Main:1#setP:1,k=9148
FR,context=Main:1,p
FR,context=Main:1,p
VW,context=Main:1#setP:1,k=9150
FR,context=Main:1,p
FR,context=Main:1,p
VW,context=Main:1#setP:1,k=9152
FR,context=Main:1,p
FR,context=Main:1,p
VW,context=Main:1#setP:1,k=9154
FR,context=Main:1,p
FR,context=Main:1,p
VW,context=Main:1#setP:1,k=9156
FR,context=Main:1,p
FR,context=Main:1,p
VW,context=Main:1#setP:1,k=9158
FR,context=Main:1,p
FR,context=Main:1,p
VW,context=Main:1#setP:1,k=9160
FR,context=Main:1,p
FR,context=Main:1,p
VW,context=Main:1#setP:1,k=9162
FR,context=Main:1,p
FR,context=Main:1,p
VW,context=Main:1#setP:1,k=9164
FR,context=Main:1,p
FR,context=Main:1,p
VW,context=Main:1#setP:1,k=9166
FR,context=Main:1,p
FR,context=Main:1,p
VW,context=Main:1#setP:1,k=9168
FR,context=Main:1,p
FR,context=Main:1,p
VW,context=Main:1#setP:1,k=9170
FR,context=Main:1,p
FR,context=Main:1,p
VW,context=Main:1#setP:1,k=9172
FR,context=Main:1,p
FR,context=Main:1,p
VW,context=Main:1#setP:1,k=9174
FR,context=Main:1,p
FR,context=Main:1,p
VW,context=Main:1#setP:1,k=9176
FR,context=Main:1,p
FR,context=Main:1,p
VW,context=Main:1#setP:1,k=9178
FR,context=Main:1,p
FR,context=Main:1,p
VW,context=Main:1#setP:1,k=9180
FR,context=Main:1,p
FR,context=Main:1,p
VW,context=Main:1#setP:1,k=9182
FR,context=Main:1,p
FR,context=Main:1,p
VW,context=Main:1#setP:1,k=9184
FR,context=Main:1,p
FR,context=Main:1,p
VW,context=Main:1#setP:1,k=9186
FR,context=Main:1,p
FR,context=Main:1,p
VW,context=Main:1#setP:1,k=9188
FR,context=Main:1,p
FR,context=Main:1,p
VW,context=Main:1#setP:1,k=9190
FR,context=Main:1,p
FR,context=Main:1,p
VW,context=Main:1#setP:1,k=9192
FR,context=Main:1,p
FR,context=Main:1,p
VW,context=Main:1#setP:1,k=9194
FR,context=Main:1,p
FR,context=Main:1,p
VW,context=Main:1#setP:1,k=9196
FR,context=Main:1,p
FR,context=Main:1,p
VW,context=Main:1#setP:1,k=9198
FR,context=Main:1,p
FR,context=Main:1,p
VW,context=Main:1#setP:1,k=9200
FR,context=Main:1,p
FR,context=Main:1,p
VW,context=Main:1#setP:1,k=9202
FR,context=Main:1,p
FR,context=Main:1,p
VW,context=Main:1#setP:1,k=9204
FR,context=Main:1,p
FR,context=Main:1,p
VW,context=Main:1#setP:1,k=9206
FR,context=Main:1,p
FR,context=Main:1,p
VW,context=Main:1#setP:1,k=9208
FR,context=Main:1,p
FR,context=Main:1,p
VW,context=Main:1#setP:1,k=9210
FR,context=Main:1,p
FR,context=Main:1,p
VW,context=Main:1#setP:1,k=9212
FR,context=Main:1,p
FR,context=Main:1,p
VW,context=Main:1#setP:1,k=9214
FR,context=Main:1,p
FR,context=Main:1,p
VW,context=Main:1#setP:1,k=9216
FR,context=Main:1,p
FR,context=Main:1,p
VW,context=Main:1#setP:1,k=9218
FR,context=Main:1,p
FR,context=Main:1,p
VW,context=Main:1#setP:1,k=9220
FR,context=Main:1,p
FR,context=Main:1,p
VW,context=Main:1#setP:1,k=9222
FR,context=Main:1,p
FR,context=Main:1,p
VW,context=Main:1#setP:1,k=9224
FR,context=Main:1,p
FR,context=Main:1,p
VW,context=Main:1#setP:1,k=9226
FR,context=Main:1,p
FR,context=Main:1,p
VW,context=Main:1#setP:1,k=9228
FR,context=Main:1,p
FR,context=Main:1,p
VW,context=Main:1#setP:1,k=9230
FR,context=Main:1,p
FR,context=Main:1,p
VW,context=Main:1#setP:1,k=9232
FR,context=Main:1,p
FR,context=Main:1,p
VW,context=Main:1#setP:1,k=9234
FR,context=Main:1,p
FR,context=Main:1,p
VW,context=Main:1#setP:1,k=9236
FR,context=Main:1,p
FR,context=Main:1,p
VW,context=Main:1#setP:1,k=9238
FR,context=Main:1,p
FR,context=Main:1,p
VW,context=Main:1#setP:1,k=9240
FR,context=Main:1,p
FR,context=Main:1,p
VW,context=Main:1#setP:1,k=9242
FR,context=Main:1,p
FR,context=Main:1,p
VW,context=Main:1#setP:1,k=9244
FR,context=Main:1,p
FR,context=Main:1,p
VW,context=Main:1#setP:1,k=9246
FR,context=Main:1,p
FR,context=Main:1,p
VW,context=Main:1#setP:1,k=9248
FR,context=Main:1,p
FR,context=Main:1,p
VW,context=Main:1#setP:1,k=9250
FR,context=Main:1,p
